scope,variant,condition,severity,seed,probe,global_coupling,input_peak_per_ms,dt_ms,b_signature,network,network_response,transfer,segment_transfer_1,segment_transfer_2,segment_transfer_3,segment_transfer_4,segment_transfer_5,segment_locked_transfer_1,segment_locked_transfer_2,segment_locked_transfer_3,segment_locked_transfer_4,segment_locked_transfer_5,target_response_coverage,transfer_first_half,transfer_second_half,transfer_split_abs_log2,transfer_nonstationary_flag,transfer_log2_slope_per_s,locked_transfer_segment_median,evoked_fc_z,evoked_fc_first_half_z,evoked_fc_second_half_z,evoked_fc_split_abs_z,fc_valid_fraction,relative_latency_raw_ms,relative_latency_ms,latency_valid_fraction,median_pulse_tail_energy_fraction,median_target_fit_r_squared,median_target_snr_db,median_target_phase_consistency,target_frequency_qa_valid_fraction,a1_snr_db_min,a1_phase_consistency_min
dt_reference_0.25ms,dt_0.25ms_severity_0.0,Baseline,0.0,11,pulse,60.0,0.02,0.25,512a8299eaef29ce,semantic_expanded,0.00010809307366962479,0.0029809164700321166,,,,,,,,,,,1.0,,,,False,,,,,,,,324.0,324.0,1.0,4.4688119273762456e-08,,,,,,
dt_reference_0.25ms,dt_0.25ms_severity_0.0,Baseline,0.0,11,pulse,60.0,0.02,0.25,512a8299eaef29ce,episodic_expanded,0.00015462681140823186,0.00428340954817122,,,,,,,,,,,1.0,,,,False,,,,,,,,267.0,267.0,1.0,3.0520701782427084e-08,,,,,,
dt_reference_0.25ms,dt_0.25ms_severity_0.0,Baseline,0.0,11,pulse,60.0,0.02,0.25,512a8299eaef29ce,semantic_anatomical_core,9.987166269730908e-05,0.0027629420986806374,,,,,,,,,,,1.0,,,,False,,,,,,,,326.0,326.0,1.0,5.1339090849636504e-08,,,,,,
dt_reference_0.25ms,dt_0.25ms_severity_0.0,Baseline,0.0,11,pulse,60.0,0.02,0.25,512a8299eaef29ce,episodic_anatomical_core,0.00015889255362610123,0.004395359269542462,,,,,,,,,,,1.0,,,,False,,,,,,,,252.0,252.0,1.0,2.87954204805272e-08,,,,,,
dt_reference_0.25ms,dt_0.25ms_severity_0.0,Baseline,0.0,11,pulse,60.0,0.02,0.25,512a8299eaef29ce,semantic_platel_peaks,0.00011848507815612379,0.0032845402335102097,,,,,,,,,,,1.0,,,,False,,,,,,,,325.0,325.0,1.0,3.8667377822928946e-08,,,,,,
dt_reference_0.25ms,dt_0.25ms_severity_0.0,Baseline,0.0,11,pulse,60.0,0.02,0.25,512a8299eaef29ce,episodic_platel_peaks,0.0001477043518648876,0.004077716803144763,,,,,,,,,,,1.0,,,,False,,,,,,,,295.0,295.0,1.0,4.2360759690093436e-08,,,,,,
dt_reference_0.25ms,dt_0.25ms_severity_0.0,Baseline,0.0,11,pulse,60.0,0.02,0.25,512a8299eaef29ce,semantic_expanded_left,0.00011151952071370538,0.0030920297984403963,,,,,,,,,,,1.0,,,,False,,,,,,,,324.0,324.0,1.0,4.4688119273762456e-08,,,,,,
dt_reference_0.25ms,dt_0.25ms_severity_0.0,Baseline,0.0,11,pulse,60.0,0.02,0.25,512a8299eaef29ce,episodic_expanded_left,0.00015609262958375856,0.004327879629513016,,,,,,,,,,,1.0,,,,False,,,,,,,,262.0,262.0,1.0,3.030747988131163e-08,,,,,,
dt_reference_0.25ms,dt_0.25ms_severity_0.0,Baseline,0.0,11,pulse,60.0,0.02,0.25,512a8299eaef29ce,semantic_expanded_right,0.0001040955521181974,0.002873796043553887,,,,,,,,,,,1.0,,,,False,,,,,,,,324.0,324.0,1.0,4.492457209364785e-08,,,,,,
dt_reference_0.25ms,dt_0.25ms_severity_0.0,Baseline,0.0,11,pulse,60.0,0.02,0.25,512a8299eaef29ce,episodic_expanded_right,0.00015356076182603063,0.004239396408404481,,,,,,,,,,,1.0,,,,False,,,,,,,,272.0,272.0,1.0,3.0520701782427084e-08,,,,,,
dt_reference_0.25ms,dt_0.25ms_severity_0.0,Baseline,0.0,11,pulse,60.0,0.02,0.25,512a8299eaef29ce,shared_auditory_relay,0.00023191281371006496,0.006416196758769801,,,,,,,,,,,1.0,,,,False,,,,,,,,220.0,220.0,1.0,1.2715924535936654e-08,,,,,,
dt_reference_0.25ms,dt_0.25ms_severity_0.0,Baseline,0.0,11,pulse,60.0,0.02,0.25,512a8299eaef29ce,anterior_temporal_context,0.0001394420188209644,0.00385739899861945,,,,,,,,,,,1.0,,,,False,,,,,,,,284.0,284.0,1.0,3.64680574119495e-08,,,,,,
dt_reference_0.25ms,dt_0.25ms_severity_0.0,Baseline,0.0,11,pulse,60.0,0.02,0.25,512a8299eaef29ce,hippocampal_context,0.00016137952008565365,0.004461319195412396,,,,,,,,,,,1.0,,,,False,,,,,,,,274.0,274.0,1.0,3.824211691462051e-08,,,,,,
dt_reference_0.25ms,dt_0.25ms_severity_0.0,Baseline,0.0,11,pulse,60.0,0.02,0.25,512a8299eaef29ce,angular_parietal_context,0.0001561090976333983,0.004319010349337067,,,,,,,,,,,1.0,,,,False,,,,,,,,297.0,297.0,1.0,3.9794531517892355e-08,,,,,,
dt_reference_0.25ms,dt_0.25ms_severity_0.0,Baseline,0.0,11,2Hz,60.0,0.02,0.25,512a8299eaef29ce,semantic_expanded,1.2180360426651883e-05,0.000279737746561852,0.0002808626989345241,0.00028030615924181756,0.00028031126820755376,0.0002803099881965242,0.00028030998819050476,0.00027974614396317075,0.00027961328584743774,0.0002796184716008695,0.00027961723563335106,0.000279617235628918,1.0,0.00027992769045216367,0.0002797115502438518,0.0011143765465208603,False,-0.00028320286307925713,0.00027961723563335106,2.137270313126763,2.1273567883966784,2.143860079778326,0.01650329138164741,1.0,,,,,0.9994998243166026,31.599946588308327,0.999998078256415,1.0,31.54018645947388,0.9999999999997079
dt_reference_0.25ms,dt_0.25ms_severity_0.0,Baseline,0.0,11,2Hz,60.0,0.02,0.25,512a8299eaef29ce,episodic_expanded,2.4011412068654163e-05,0.0005529322919994382,0.00055449617242376,0.0005541155216111258,0.0005541230327769693,0.0005541210688172097,0.0005541210688027112,0.0005529759821430028,0.0005528341335248848,0.0005528416230286316,0.0005528396844612552,0.0005528396844502397,1.0,0.0005531561492354618,0.000553012980635357,0.0003734485531336771,False,-9.690582048120789e-05,0.0005528396844612552,2.2222876856990816,2.2184252028973916,2.222374748785814,0.0039495458884224455,1.0,,,,,0.9998359769652965,31.585390857395026,0.9999995615745874,1.0,31.54018645947388,0.9999999999997079
dt_reference_0.25ms,dt_0.25ms_severity_0.0,Baseline,0.0,11,2Hz,60.0,0.02,0.25,512a8299eaef29ce,semantic_anatomical_core,1.0748819227686076e-05,0.0002471845567105981,0.00024826273186258157,0.0002476734213544658,0.00024767777065498424,0.00024767677014859925,0.00024767677013519846,0.0002471846082091783,0.00024705531212430116,0.0002470597516706861,0.0002470587967239937,0.0002470587967121141,1.0,0.0002473720887692243,0.00024714300553603324,0.0013366518916124108,False,-0.0003399390248300272,0.0002470587967239937,2.124221902734634,2.1129103140666197,2.132357823778807,0.019447509712187117,1.0,,,,,0.9994797645908816,31.60402164498354,0.9999978899518143,1.0,31.54018645947388,0.9999999999997079
dt_reference_0.25ms,dt_0.25ms_severity_0.0,Baseline,0.0,11,2Hz,60.0,0.02,0.25,512a8299eaef29ce,episodic_anatomical_core,2.5144486094659748e-05,0.0005778759221357018,0.0005794737555516884,0.0005791160661245705,0.0005791236091455877,0.0005791216106248025,0.0005791216106135708,0.0005779224284720142,0.0005777810560487692,0.0005777885607796257,0.0005777865863962604,0.0005777865863884447,1.0,0.0005781019055793141,0.0005779670606688111,0.0003365544621192326,False,-8.70082929084859e-05,0.0005777865863962604,2.2247736936327005,2.2211651798383407,2.2246022087441206,0.003437028905779904,1.0,,,,,0.9998397136028241,31.585180139834154,0.9999996385833131,1.0,31.54018645947388,0.9999999999997079
dt_reference_0.25ms,dt_0.25ms_severity_0.0,Baseline,0.0,11,2Hz,60.0,0.02,0.25,512a8299eaef29ce,semantic_platel_peaks,1.336450672242884e-05,0.000307029058010796,0.000308216270330659,0.0003076671804589944,0.00030767353017735076,0.00030767182521012054,0.00030767182519315277,0.00030704295489427546,0.00030690446512931797,0.000306910858122169,0.00030690919460195837,0.00030690919458691246,1.0,0.0003072253141034913,0.0003070130574816643,0.0009970773629928136,False,-0.00025397959166229,0.00030690919460195837,2.1501735255772534,2.1420517288278518,2.154667452725181,0.012615723897329012,1.0,,,,,0.9994998243166026,31.608096701658756,0.99999790134089,1.0,31.54018645947388,0.9999999999997079
dt_reference_0.25ms,dt_0.25ms_severity_0.0,Baseline,0.0,11,2Hz,60.0,0.02,0.25,512a8299eaef29ce,episodic_platel_peaks,2.2530170129336413e-05,0.0005189894043888787,0.0005205488123048013,0.0005200737573153784,0.0005200810536686612,0.0005200794890323447,0.0005200794889949478,0.0005190207822591167,0.0005188769956435888,0.0005188843319843214,0.0005188827997214453,0.0005188827996878897,1.0,0.0005192195507645185,0.000519044663362148,0.00048602116314377854,False,-0.00012933609601484264,0.0005188827997214453,2.2247953316771034,2.220079019501247,2.2257491532826386,0.005670133781391584,1.0,,,,,0.999682388182739,31.585893602485147,0.9999992211638888,1.0,31.54018645947388,0.9999999999997079
dt_reference_0.25ms,dt_0.25ms_severity_0.0,Baseline,0.0,11,2Hz,60.0,0.02,0.25,512a8299eaef29ce,semantic_expanded_left,1.2354627847435126e-05,0.000283634018482424,0.00028482675678761035,0.00028419931155319455,0.00028420548869938667,0.000284203794766198,0.00028420379476085214,0.0002836335845826896,0.0002834951436343744,0.0002835014845478503,0.0002834998506497508,0.00028349985064568474,1.0,0.0002838390443418645,0.0002835956888494362,0.0012374560917341945,False,-0.0003147483237335713,0.0002834998506497508,2.10924304017909,2.0968928468003734,2.1186159698486593,0.02172312304828594,1.0,,,,,0.9994998243166026,31.599946588308327,0.999998078256415,1.0,31.54018645947388,0.9999999999997079
dt_reference_0.25ms,dt_0.25ms_severity_0.0,Baseline,0.0,11,2Hz,60.0,0.02,0.25,512a8299eaef29ce,episodic_expanded_left,2.4258942466224147e-05,0.0005569298744403329,0.0005585007439610269,0.0005581236896770991,0.0005581320460457472,0.000558129633737295,0.0005581296337228711,0.0005569764119990468,0.0005568320506130374,0.0005568403779158157,0.0005568379911523354,0.0005568379911416061,1.0,0.0005571545718936056,0.0005570126044502856,0.00036765708396836467,False,-9.512722367555071e-05,0.0005568379911523354,2.220876744342731,2.2171098174338737,2.2208674428344772,0.003757625400603537,1.0,,,,,0.9998372857378471,31.585384383904685,0.9999996015546886,1.0,31.54018645947388,0.9999999999997079
dt_reference_0.25ms,dt_0.25ms_severity_0.0,Baseline,0.0,11,2Hz,60.0,0.02,0.25,512a8299eaef29ce,semantic_expanded_right,1.1977048435738097e-05,0.00027589499761063467,0.00027695381059865583,0.00027646633793549036,0.0002764704068303123,0.00027646952971678183,0.0002764695297101077,0.0002759119840388582,0.00027578458177482824,0.0002757886428182343,0.0002757877941876988,0.00027578779418291,1.0,0.0002760702357336853,0.00027588060896566185,0.0009912970013106403,False,-0.00025165740242538703,0.0002757877941876988,2.1652975860744363,2.157820729992984,2.1691041897079923,0.011283459715008437,1.0,,,,,0.9995021703416558,31.60187503291646,0.9999982428118049,1.0,31.54018645947388,0.9999999999997079
dt_reference_0.25ms,dt_0.25ms_severity_0.0,Baseline,0.0,11,2Hz,60.0,0.02,0.25,512a8299eaef29ce,episodic_expanded_right,2.3831389961330537e-05,0.0005489634037732107,0.0005505203145334676,0.0005501361382241444,0.0005501428158969727,0.0005501412939698015,0.0005501412939552297,0.0005490042849921303,0.0005488649204975463,0.0005488715838044668,0.0005488700871194831,0.0005488700871081859,1.0,0.0005491864212781414,0.0005490420760819547,0.0003792400222986754,False,-9.868441728722033e-05,0.0005488700871194831,2.223698627055432,2.2197405883609096,2.223882054737151,0.004141466376241354,1.0,,,,,0.999782344802685,31.585390857395026,0.9999995615745874,1.0,31.54018645947388,0.9999999999997079
dt_reference_0.25ms,dt_0.25ms_severity_0.0,Baseline,0.0,11,2Hz,60.0,0.02,0.25,512a8299eaef29ce,shared_auditory_relay,4.2560401641813855e-05,0.0009786284351760088,0.0009809822926234878,0.0009807105193160317,0.00098071904710163,0.000980716850486236,0.0009807168504754654,0.0009786835484267016,0.0009785372756620412,0.000978545708449622,0.0009785435420238432,0.0009785435420163766,1.0,0.0009789381386233777,0.0009788361276970134,0.00015034486891268265,False,-3.857721685198712e-05,0.0009785435420238432,2.261119671649433,2.2585826297288705,2.259855143371513,0.0012725136426423589,1.0,,,,,0.9999399365548944,31.577444606114888,0.9999998874739723,1.0,31.54018645947388,0.9999999999997079
dt_reference_0.25ms,dt_0.25ms_severity_0.0,Baseline,0.0,11,2Hz,60.0,0.02,0.25,512a8299eaef29ce,anterior_temporal_context,1.862022552974292e-05,0.00042789906567672413,0.0004292991090437325,0.00042879895035889475,0.00042880695092148945,0.0004288049285117617,0.0004288049284946765,0.00042792501542858376,0.00042778074184858343,0.00042778885835610605,0.00042778687489544286,0.0004277868748812844,1.0,0.00042811514077617714,0.0004279249488212608,0.0006410657585410298,False,-0.00016516343812158498,0.00042778687489544286,2.1769347700996295,2.170385772761201,2.1798410434232727,0.009455270662071857,1.0,,,,,0.999758480037014,31.58821272787727,0.999999203207848,1.0,31.54018645947388,0.9999999999997079
dt_reference_0.25ms,dt_0.25ms_severity_0.0,Baseline,0.0,11,2Hz,60.0,0.02,0.25,512a8299eaef29ce,hippocampal_context,2.6503951999694625e-05,0.0006068648544593449,0.0006085772372400955,0.0006081231957367002,0.0006081313377363705,0.0006081289690931855,0.0006081289690605164,0.0006068933771529246,0.0006067595800286548,0.0006067677039755259,0.0006067653605787654,0.0006067653605487931,1.0,0.0006071089384709912,0.0006069489504217425,0.0003802355203990734,False,-0.00010562092221126918,0.0006067653605787654,2.252664464495048,2.248783165630658,2.2527670736676537,0.003983908036995665,1.0,,,,,0.9997825926144348,31.578509655882,0.9999990480485117,1.0,31.54018645947388,0.9999999999997079
dt_reference_0.25ms,dt_0.25ms_severity_0.0,Baseline,0.0,11,2Hz,60.0,0.02,0.25,512a8299eaef29ce,angular_parietal_context,2.289854181618512e-05,0.000526578307120687,0.0005281810360689131,0.0005276828849101228,0.0005276921639795264,0.0005276897095305128,0.0005276897094974857,0.0005266076150881047,0.0005264620527945877,0.0005264714283306888,0.0005264690103389508,0.000526469010308664,1.0,0.0005268151374461004,0.0005266339970077166,0.0004961424452103673,False,-0.00013333245863398347,0.0005264690103389508,2.2210630388722405,2.2164539466732966,2.221914009846766,0.005460063173469365,1.0,,,,,0.9996915748326101,31.58419237556052,0.9999992888560738,1.0,31.54018645947388,0.9999999999997079
dt_reference_0.25ms,dt_0.25ms_severity_0.0,Baseline,0.0,11,5Hz,60.0,0.02,0.25,512a8299eaef29ce,semantic_expanded,2.250762943018092e-05,0.000387202223342482,0.00038799954134210307,0.00038769297197251737,0.0003877034426157966,0.0003877020265960811,0.00038770202659120653,0.00038697620148389926,0.000386864676968431,0.00038687823212659285,0.00038687645302225076,0.0003868764530163152,1.0,0.0003873287287533898,0.00038721463822545256,0.00042501904238101277,False,-0.00010898236682512775,0.00038687645302225076,1.2894886541339288,1.2892816864689893,1.28956651591299,0.00028482944400076704,1.0,,,,,0.9984962366586945,31.91681915764971,0.9999986706591021,1.0,31.883053483334017,0.999999999997939
dt_reference_0.25ms,dt_0.25ms_severity_0.0,Baseline,0.0,11,5Hz,60.0,0.02,0.25,512a8299eaef29ce,episodic_expanded,4.3849984328956824e-05,0.0007565617163056048,0.0007577352467142552,0.0007575404768040935,0.0007575518629896228,0.0007575503312966738,0.00075755033129649,0.0007562208803766944,0.0007561366159038867,0.0007561506481210785,0.0007561488833218948,0.0007561488833218216,1.0,0.0007567230981001917,0.000756655421818335,0.0001290308207768571,False,-3.4273028619224986e-05,0.0007561488833218948,1.3865133597095995,1.3865092481558738,1.3863530742816224,0.0001561738742514862,1.0,,,,,0.9989145589085711,31.908821782506323,0.9999993731215738,1.0,31.883053483334017,0.999999999997939
dt_reference_0.25ms,dt_0.25ms_severity_0.0,Baseline,0.0,11,5Hz,60.0,0.02,0.25,512a8299eaef29ce,semantic_anatomical_core,1.9900931717365264e-05,0.0003428590105069366,0.00034360668311317864,0.0003432879736477562,0.00034329804057321733,0.00034329675217043687,0.0003432967521639728,0.00034264325681598217,0.00034253622529180334,0.0003425494363277051,0.000342547785396361,0.00034254778538843366,1.0,0.0003429806284388072,0.0003428614778417956,0.0005012756597553516,False,-0.0001283442609594232,0.000342547785396361,1.275988627422407,1.275731951906551,1.2761216937006903,0.00038974179413919785,1.0,,,,,0.9984656524569377,31.919892343311183,0.999998543492261,1.0,31.883053483334017,0.999999999997939
dt_reference_0.25ms,dt_0.25ms_severity_0.0,Baseline,0.0,11,5Hz,60.0,0.02,0.25,512a8299eaef29ce,episodic_anatomical_core,4.5861359919737995e-05,0.0007896756310740857,0.0007908870052355716,0.0007906961947908157,0.0007907074767822009,0.0007907059534198196,0.0007907059534206145,0.0007893399862872729,0.0007892473772364321,0.0007892611862543305,0.0007892594426436066,0.0007892594426446441,1.0,0.0007898414222289441,0.0007897750961751295,0.00012115379633147451,False,-3.2140045026629595e-05,0.0007892594426446441,1.3895191524048867,1.3895164032877911,1.3893558405445439,0.00016056274324727227,1.0,,,,,0.9989395606379965,31.90902422205574,0.9999994505892389,1.0,31.883053483334017,0.999999999997939
dt_reference_0.25ms,dt_0.25ms_severity_0.0,Baseline,0.0,11,5Hz,60.0,0.02,0.25,512a8299eaef29ce,semantic_platel_peaks,2.4708074271608426e-05,0.00042533258578228645,0.000426183404452244,0.00042588092896546375,0.0004258919412943645,0.0004258903280923156,0.00042589032809458254,0.00042507883906819184,0.0004249694561484305,0.00042498351185903436,0.0004249815469433432,0.00042498154694567587,1.0,0.00042546517503109485,0.00042535310085467607,0.0003800784822070129,False,-9.765290585797005e-05,0.00042498154694567587,1.3004591286086833,1.3003187780220045,1.3004652193441997,0.0001464413221952121,1.0,,,,,0.9985045878660566,31.913267513758306,0.9999990525439412,1.0,31.883053483334017,0.999999999997939
dt_reference_0.25ms,dt_0.25ms_severity_0.0,Baseline,0.0,11,5Hz,60.0,0.02,0.25,512a8299eaef29ce,episodic_platel_peaks,4.134121375536513e-05,0.0007135045557102882,0.0007146126407866485,0.0007144233082690847,0.000714435883406385,0.0007144344226311478,0.0007144344226261984,0.00071309420110533,0.0007130676438703662,0.0007130834604846949,0.0007130816864999269,0.0007130816864945061,1.0,0.0007136562402121917,0.0007135930345367253,0.0001277793812537604,False,-3.4861843829858687e-05,0.0007130816864999269,1.3905272985277395,1.3905228930887605,1.3903705265776547,0.0001523665111058392,1.0,,,,,0.9987006295199151,31.899981562326275,0.9999989761771839,1.0,31.883053483334017,0.999999999997939
dt_reference_0.25ms,dt_0.25ms_severity_0.0,Baseline,0.0,11,5Hz,60.0,0.02,0.25,512a8299eaef29ce,semantic_expanded_left,2.2862829248525454e-05,0.00039319044078513384,0.0003940167157337676,0.0003936853935010146,0.00039369648307091315,0.00039369470280071513,0.00039369470279964236,0.0003929411094134104,0.0003928320769970563,0.00039284678602898265,0.0003928445061911502,0.00039284450618881384,1.0,0.00039332301752320733,0.00039319916564383833,0.00045435589096235883,False,-0.00011624775579068825,0.0003928445061911502,1.2614687101286644,1.2611858756348162,1.26163445148101,0.00044857584619384383,1.0,,,,,0.9985045878660566,31.91681915764971,0.99999841632542,1.0,31.883053483334017,0.999999999997939
dt_reference_0.25ms,dt_0.25ms_severity_0.0,Baseline,0.0,11,5Hz,60.0,0.02,0.25,512a8299eaef29ce,episodic_expanded_left,4.4332533169058255e-05,0.0007624221861774963,0.0007636043905143951,0.0007634105182050227,0.0007634218991934326,0.0007634201182961271,0.0007634201182972886,0.0007620766852360197,0.000761989784699303,0.0007620038693796021,0.0007620018631128695,0.0007620018631141521,1.0,0.0007625847571907244,0.0007625171029159486,0.00012799733490732274,False,-3.391206000422642e-05,0.0007620018631141521,1.384611479913472,1.3846111267347765,1.3844471077010145,0.00016401903376195293,1.0,,,,,0.9989212140322687,31.908770752056324,0.999999393857585,1.0,31.883053483334017,0.999999999997939
dt_reference_0.25ms,dt_0.25ms_severity_0.0,Baseline,0.0,11,5Hz,60.0,0.02,0.25,512a8299eaef29ce,semantic_expanded_right,2.20932296421123e-05,0.0003813052053401541,0.0003820742574368412,0.00038179176316455247,0.0003818016311541841,0.0003818005687081735,0.00038180056869961313,0.00038110184179623706,0.0003809879260114749,0.0003810003589601863,0.0003809990659007712,0.0003809990658913455,1.0,0.00038142579364520664,0.00038132119586408266,0.0003956821937996271,False,-0.00010171697785956725,0.0003809990659007712,1.3175085981391932,1.3173774973031624,1.3174985803449701,0.00012108304180769025,1.0,,,,,0.9984656524569377,31.918116521365484,0.9999988101036983,1.0,31.883053483334017,0.999999999997939
dt_reference_0.25ms,dt_0.25ms_severity_0.0,Baseline,0.0,11,5Hz,60.0,0.02,0.25,512a8299eaef29ce,episodic_expanded_right,4.349903971797396e-05,0.0007507462937942728,0.0007519112137717468,0.000751715571519614,0.0007517269621494577,0.000751725675933908,0.000751725675932399,0.0007504100715803833,0.0007503284077964431,0.0007503423875254571,0.00075034086060267,0.0007503408606012612,1.0,0.0007509064950469967,0.0007508388010940019,0.00013006430664501013,False,-3.4633997234401195e-05,0.00075034086060267,1.388415239505727,1.3884073695769712,1.3882590408622302,0.0001483287147410195,1.0,,,,,0.9988611362654165,31.90922666160516,0.9999993731215738,1.0,31.883053483334017,0.999999999997939
dt_reference_0.25ms,dt_0.25ms_severity_0.0,Baseline,0.0,11,5Hz,60.0,0.02,0.25,512a8299eaef29ce,shared_auditory_relay,7.689674217261845e-05,0.001324652678713104,0.0013264924765878556,0.0013263256302170287,0.0013263387838255251,0.0013263370554778835,0.0013263370554805602,0.0013242301604649328,0.0013241121256227263,0.0013241277226275457,0.0013241257400833293,0.0013241257400860554,1.0,0.0013248939471306198,0.0013248382434727665,6.06577458966723e-05,False,-1.628322939151161e-05,0.0013241257400860554,1.4361625409627736,1.4361489596682104,1.4359939993772366,0.0001549602909738379,1.0,,,,,0.9992273909861099,31.903859640942823,0.9999998179160416,1.0,31.883053483334017,0.999999999997939
dt_reference_0.25ms,dt_0.25ms_severity_0.0,Baseline,0.0,11,5Hz,60.0,0.02,0.25,512a8299eaef29ce,anterior_temporal_context,3.425362122849724e-05,0.0005897431640636514,0.0005907581643777793,0.0005905046029298122,0.0005905169066705072,0.0005905151472169291,0.000590515147216402,0.0005894175947894527,0.0005893297406058528,0.0005893453100808397,0.000589343163828399,0.0005893431638278446,1.0,0.0005898906673983934,0.0005897997104979631,0.0002224703564667736,False,-5.807156172528139e-05,0.000589343163828399,1.3343305939595664,1.3342549593689923,1.3342621435148743,7.184145881966586e-06,1.0,,,,,0.9987402653880214,31.907686928078334,0.9999990604477886,1.0,31.883053483334017,0.999999999997939
dt_reference_0.25ms,dt_0.25ms_severity_0.0,Baseline,0.0,11,5Hz,60.0,0.02,0.25,512a8299eaef29ce,hippocampal_context,4.874217437187862e-05,0.0008366140883807426,0.0008377909656934259,0.0008376934935169282,0.0008377055637106714,0.0008377037451851373,0.0008377037451849223,0.0008360619093666934,0.000836128194192216,0.0008361433648567207,0.0008361412602117459,0.000836141260211575,1.0,0.0008367648401306142,0.0008367391834820958,4.4236188337706326e-05,False,-1.4137573667216687e-05,0.000836141260211575,1.426167316613724,1.426204052560004,1.4259610781474923,0.00024297441251164287,1.0,,,,,0.9987932330206758,31.89473780083629,0.9999990622027508,1.0,31.883053483334017,0.999999999997939
dt_reference_0.25ms,dt_0.25ms_severity_0.0,Baseline,0.0,11,5Hz,60.0,0.02,0.25,512a8299eaef29ce,angular_parietal_context,4.222136538843048e-05,0.0007273942824837899,0.0007285105604353053,0.0007283430725610825,0.0007283561885451176,0.000728354240241431,0.0007283542402440847,0.0007269118537064303,0.0007269207595092919,0.0007269374475198082,0.0007269351038729306,0.0007269351038758411,1.0,0.0007275446839989728,0.0007274906792178014,0.00010709352086647991,False,-2.9853924765710362e-05,0.0007269351038729306,1.3861436241659804,1.3861597167636752,1.3859692436503184,0.00019047311335684824,1.0,,,,,0.998635056451149,31.899876097321545,0.9999989208810095,1.0,31.883053483334017,0.999999999997939
dt_reference_0.25ms,dt_0.25ms_severity_0.0,Baseline,0.0,23,pulse,60.0,0.02,0.25,512a8299eaef29ce,semantic_expanded,0.00010808782101381493,0.0029807933233187214,,,,,,,,,,,1.0,,,,False,,,,,,,,324.0,324.0,1.0,4.567059941874296e-08,,,,,,
dt_reference_0.25ms,dt_0.25ms_severity_0.0,Baseline,0.0,23,pulse,60.0,0.02,0.25,512a8299eaef29ce,episodic_expanded,0.0001546189967085302,0.0042832236382995,,,,,,,,,,,1.0,,,,False,,,,,,,,267.0,267.0,1.0,3.120035021919128e-08,,,,,,
dt_reference_0.25ms,dt_0.25ms_severity_0.0,Baseline,0.0,23,pulse,60.0,0.02,0.25,512a8299eaef29ce,semantic_anatomical_core,9.986672247894472e-05,0.0027628252616403036,,,,,,,,,,,1.0,,,,False,,,,,,,,326.0,326.0,1.0,5.2578410967315796e-08,,,,,,
dt_reference_0.25ms,dt_0.25ms_severity_0.0,Baseline,0.0,23,pulse,60.0,0.02,0.25,512a8299eaef29ce,episodic_anatomical_core,0.00015888453240306768,0.004395168814172206,,,,,,,,,,,1.0,,,,False,,,,,,,,252.0,252.0,1.0,2.941321350122976e-08,,,,,,
dt_reference_0.25ms,dt_0.25ms_severity_0.0,Baseline,0.0,23,pulse,60.0,0.02,0.25,512a8299eaef29ce,semantic_platel_peaks,0.00011847942123333257,0.0032844065241281733,,,,,,,,,,,1.0,,,,False,,,,,,,,325.0,325.0,1.0,3.973601850769653e-08,,,,,,
dt_reference_0.25ms,dt_0.25ms_severity_0.0,Baseline,0.0,23,pulse,60.0,0.02,0.25,512a8299eaef29ce,episodic_platel_peaks,0.0001476967670535456,0.004077535978169994,,,,,,,,,,,1.0,,,,False,,,,,,,,295.0,295.0,1.0,4.3233578759254956e-08,,,,,,
dt_reference_0.25ms,dt_0.25ms_severity_0.0,Baseline,0.0,23,pulse,60.0,0.02,0.25,512a8299eaef29ce,semantic_expanded_left,0.00011151398752428377,0.003091898961549933,,,,,,,,,,,1.0,,,,False,,,,,,,,324.0,324.0,1.0,4.567059941874296e-08,,,,,,
dt_reference_0.25ms,dt_0.25ms_severity_0.0,Baseline,0.0,23,pulse,60.0,0.02,0.25,512a8299eaef29ce,episodic_expanded_left,0.00015608471975602357,0.004327691921359812,,,,,,,,,,,1.0,,,,False,,,,,,,,262.0,262.0,1.0,3.095304787409501e-08,,,,,,
dt_reference_0.25ms,dt_0.25ms_severity_0.0,Baseline,0.0,23,pulse,60.0,0.02,0.25,512a8299eaef29ce,semantic_expanded_right,0.00010409062675160125,0.0028736802032778763,,,,,,,,,,,1.0,,,,False,,,,,,,,324.0,324.0,1.0,4.571626951375921e-08,,,,,,
dt_reference_0.25ms,dt_0.25ms_severity_0.0,Baseline,0.0,23,pulse,60.0,0.02,0.25,512a8299eaef29ce,episodic_expanded_right,0.0001535530163103532,0.004239212279677032,,,,,,,,,,,1.0,,,,False,,,,,,,,272.0,272.0,1.0,3.120035021919128e-08,,,,,,
dt_reference_0.25ms,dt_0.25ms_severity_0.0,Baseline,0.0,23,pulse,60.0,0.02,0.25,512a8299eaef29ce,shared_auditory_relay,0.00023190119052535823,0.006415921157194488,,,,,,,,,,,1.0,,,,False,,,,,,,,220.0,220.0,1.0,1.2987816359007281e-08,,,,,,
dt_reference_0.25ms,dt_0.25ms_severity_0.0,Baseline,0.0,23,pulse,60.0,0.02,0.25,512a8299eaef29ce,anterior_temporal_context,0.00013943560881022867,0.003857249310692916,,,,,,,,,,,1.0,,,,False,,,,,,,,284.0,284.0,1.0,3.720632530840771e-08,,,,,,
dt_reference_0.25ms,dt_0.25ms_severity_0.0,Baseline,0.0,23,pulse,60.0,0.02,0.25,512a8299eaef29ce,hippocampal_context,0.0001613717967630377,0.004461138121327924,,,,,,,,,,,1.0,,,,False,,,,,,,,274.0,274.0,1.0,3.903158909076578e-08,,,,,,
dt_reference_0.25ms,dt_0.25ms_severity_0.0,Baseline,0.0,23,pulse,60.0,0.02,0.25,512a8299eaef29ce,angular_parietal_context,0.00015610161923576476,0.004318834355853827,,,,,,,,,,,1.0,,,,False,,,,,,,,297.0,297.0,1.0,4.054153820180402e-08,,,,,,
dt_reference_0.25ms,dt_0.25ms_severity_0.0,Baseline,0.0,23,2Hz,60.0,0.02,0.25,512a8299eaef29ce,semantic_expanded,1.2180340984215348e-05,0.0002797373026969655,0.00028085996867984234,0.0002803061474522518,0.0002803112392043492,0.00028030998819271653,0.0002803099881890259,0.0002797459473331618,0.0002796132711869863,0.0002796184440700769,0.000279617235629594,0.00027961723562743235,1.0,0.00027992676406140643,0.0002797115500497331,0.00110960309488334,False,-0.0002817973861612089,0.000279617235629594,2.137309130197238,2.1274303488459694,2.143860091940618,0.016429743094648508,1.0,,,,,0.9995019134384088,31.5999690356622,0.9999981163443334,1.0,31.54018637153945,0.9999999999997342
dt_reference_0.25ms,dt_0.25ms_severity_0.0,Baseline,0.0,23,2Hz,60.0,0.02,0.25,512a8299eaef29ce,episodic_expanded,2.4011405280711447e-05,0.0005529321304441652,0.0005544948156991815,0.0005541156090311824,0.0005541229786151096,0.0005541210688162761,0.0005541210688030636,0.0005529761915349579,0.0005528342007694343,0.0005528415713399649,0.000552839684460336,0.0005528396844505922,1.0,0.0005531558098206399,0.0005530129804897027,0.00037256369983786503,False,-9.656420613124439e-05,0.000552839684460336,2.222297628289066,2.21844492848496,2.222374751526475,0.003929823041515235,1.0,,,,,0.9998369917722411,31.58533592182808,0.9999995650276288,1.0,31.54018637153945,0.9999999999997342
dt_reference_0.25ms,dt_0.25ms_severity_0.0,Baseline,0.0,23,2Hz,60.0,0.02,0.25,512a8299eaef29ce,semantic_anatomical_core,1.0748796898449121e-05,0.0002471840434982679,0.0002482596892421435,0.00024767337973456135,0.0002476777496988869,0.0002476767701427614,0.00024767677013344785,0.00024718438200987687,0.00024705527136899,0.000247059731924025,0.00024705879671821655,0.00024705879671035473,1.0,0.0002473710189902501,0.0002471430053515296,0.0013304139132833438,False,-0.00033815877880494227,0.00024705879671821655,2.124269272439984,2.112999629735379,2.132357837934417,0.019358208199037996,1.0,,,,,0.9994826382253866,31.604059963951677,0.999997906348428,1.0,31.54018637153945,0.9999999999997342
dt_reference_0.25ms,dt_0.25ms_severity_0.0,Baseline,0.0,23,2Hz,60.0,0.02,0.25,512a8299eaef29ce,episodic_anatomical_core,2.5144480596454545e-05,0.000577875793279174,0.0005794726071246598,0.0005791161456584311,0.000579123555333851,0.0005791216106238355,0.0005791216106139772,0.0005779227053754341,0.0005777811150736422,0.0005777885093929684,0.00057778658639531,0.0005777865863888512,1.0,0.0005781016347574656,0.0005779670605182106,0.0003358789824079161,False,-8.673227962763264e-05,0.00057778658639531,2.2247822598714775,2.221182196909421,2.224602211593139,0.003420014683717998,1.0,,,,,0.9998407150150881,31.58517348860996,0.9999996430041895,1.0,31.54018637153945,0.9999999999997342
dt_reference_0.25ms,dt_0.25ms_severity_0.0,Baseline,0.0,23,2Hz,60.0,0.02,0.25,512a8299eaef29ce,semantic_platel_peaks,1.3364492129204283e-05,0.00030702868985493033,0.00030821388261831627,0.0003076672178811462,0.0003076734909709113,0.00030767182520594663,0.00030767182519315337,0.00030704282070577005,0.00030690449544271457,0.00030691082079847674,0.00030690919459782696,0.00030690919458691246,1.0,0.0003072245470281882,0.0003070130572682609,0.0009934762631559654,False,-0.00025287072465518534,0.00030690919459782696,2.150200451021097,2.14210421365397,2.1546674622586464,0.012563248604676502,1.0,,,,,0.9995019134384088,31.60815089224116,0.9999979201865021,1.0,31.54018637153945,0.9999999999997342
dt_reference_0.25ms,dt_0.25ms_severity_0.0,Baseline,0.0,23,2Hz,60.0,0.02,0.25,512a8299eaef29ce,episodic_platel_peaks,2.2530159625960493e-05,0.000518989162650419,0.0005205467885688937,0.0005200738555533653,0.0005200810086201578,0.0005200794890295159,0.0005200794889956629,0.0005190208842750274,0.0005188770732851969,0.0005188842892627443,0.0005188827997186636,0.0005188827996886081,1.0,0.0005192190364251344,0.0005190446632592661,0.0004845923133094826,False,-0.0001287888447476071,0.0005188827997186636,2.224809767521123,2.2201075675118873,2.2257491549824753,0.005641587470587961,1.0,,,,,0.9996841341944926,31.585760343126953,0.999999227231005,1.0,31.54018637153945,0.9999999999997342
dt_reference_0.25ms,dt_0.25ms_severity_0.0,Baseline,0.0,23,2Hz,60.0,0.02,0.25,512a8299eaef29ce,semantic_expanded_left,1.2354607030423863e-05,0.00028363354072135754,0.0002848238446258584,0.00028419933982827994,0.00028420545025405013,0.00028420379476111317,0.0002842037947608532,0.00028363342682541126,0.0002834951702465446,0.00028350144776006803,0.00028349985064473097,0.00028349985064568626,1.0,0.00028383805026956435,0.00028359568861055235,0.00123240463463038,False,-0.00031328043568237265,0.00028349985064568626,2.1092925932705002,2.096985034108816,2.1186159866124963,0.021630952503680412,1.0,,,,,0.9995019134384088,31.5999690356622,0.9999981163443334,1.0,31.54018637153945,0.9999999999997342
dt_reference_0.25ms,dt_0.25ms_severity_0.0,Baseline,0.0,23,2Hz,60.0,0.02,0.25,512a8299eaef29ce,episodic_expanded_left,2.4258933749409608e-05,0.0005569296746165973,0.0005584992161713167,0.0005581238253459324,0.0005581319718290074,0.000558129633737878,0.0005581296337230427,0.0005569764959835243,0.0005568321653345072,0.0005568403068965266,0.000556837991152916,0.0005568379911417777,1.0,0.000557154156658784,0.0005570126042875631,0.00036658229673210374,False,-9.475010549540031e-05,0.000556837991152916,2.220886792596748,2.2171297676255617,2.2208674456362134,0.0037376780106517238,1.0,,,,,0.9998383434196343,31.585382611612246,0.9999996065673658,1.0,31.54018637153945,0.9999999999997342
dt_reference_0.25ms,dt_0.25ms_severity_0.0,Baseline,0.0,23,2Hz,60.0,0.02,0.25,512a8299eaef29ce,semantic_expanded_right,1.1977030596972085e-05,0.0002758945868008247,0.0002769512577518256,0.0002764662871736384,0.0002764703870177029,0.00027646952971421677,0.0002764695297071895,0.00027591174963132635,0.0002757845269670518,0.00027578862429775353,0.0002757877941851714,0.0002757877941799775,1.0,0.0002760693753479211,0.00027588060881512645,0.0009868015551418097,False,-0.00025031433664084445,0.0002757877941851714,2.1653256671239753,2.157875663583123,2.1691041972687395,0.011228533685616604,1.0,,,,,0.9995055273476043,31.6019552011541,0.9999982480060641,1.0,31.54018637153945,0.9999999999997342
dt_reference_0.25ms,dt_0.25ms_severity_0.0,Baseline,0.0,23,2Hz,60.0,0.02,0.25,512a8299eaef29ce,episodic_expanded_right,2.3831384576203696e-05,0.000548963279947325,0.0005505191264994652,0.0005501361780814287,0.000550142781505718,0.000550141293967373,0.0005501412939557604,0.0005490046179858041,0.0005488649409410103,0.000548871551172454,0.0005488700871170856,0.0005488700871087163,1.0,0.0005491861566164694,0.0005490420759531324,0.00037854510294378055,False,-9.837830676726612e-05,0.0005488700871170856,2.2237084639813838,2.2197600893443576,2.223882057416737,0.00412196807237919,1.0,,,,,0.9997836258042065,31.58533592182808,0.9999995650276288,1.0,31.54018637153945,0.9999999999997342
dt_reference_0.25ms,dt_0.25ms_severity_0.0,Baseline,0.0,23,2Hz,60.0,0.02,0.25,512a8299eaef29ce,shared_auditory_relay,4.256039725826356e-05,0.0009786283340548038,0.0009809812127037757,0.0009807106705668033,0.0009807189826453312,0.0009807168504862838,0.0009807168504754671,0.0009786833187355882,0.0009785374002866836,0.000978545646603202,0.0009785435420238988,0.0009785435420163792,1.0,0.0009789379345411635,0.0009788361274804828,0.00015004442499576826,False,-3.842952192183447e-05,0.0009785435420238988,2.2611227172748105,2.2585887062651815,2.259855145858945,0.0012664395937633799,1.0,,,,,0.9999402809856599,31.5774122701876,0.9999998888433239,1.0,31.54018637153945,0.9999999999997342
dt_reference_0.25ms,dt_0.25ms_severity_0.0,Baseline,0.0,23,2Hz,60.0,0.02,0.25,512a8299eaef29ce,anterior_temporal_context,1.862021121728622e-05,0.00042789872771257863,0.0004292966802785548,0.0004287990647052518,0.0004288069086580807,0.00042880492851530975,0.00042880492849814954,0.0004279246918824989,0.00042778083940847356,0.0004277888182769871,0.0004277868748990045,0.0004277868748847685,1.0,0.00042811444308841145,0.0004279249486481091,0.0006387152189596447,False,-0.00016436646341650986,0.0004277868748990045,2.1769568598112903,2.170428635261787,2.1798410486765865,0.009412413414799481,1.0,,,,,0.9997599636588561,31.58824129676693,0.9999992179318133,1.0,31.54018637153945,0.9999999999997342
dt_reference_0.25ms,dt_0.25ms_severity_0.0,Baseline,0.0,23,2Hz,60.0,0.02,0.25,512a8299eaef29ce,hippocampal_context,2.6503945853585796e-05,0.0006068647073581967,0.0006085754337248647,0.0006081233395431465,0.0006081312992481699,0.000608128969090583,0.000608128969060518,0.0006068938783335101,0.0006067596993398997,0.0006067676686352372,0.0006067653605762044,0.0006067653605487947,1.0,0.0006071085941368611,0.0006069489503967728,0.00037941732580758935,False,-0.0001052104381439989,0.0006067653605762044,2.2526752661793648,2.2488045068092943,2.252767073523085,0.003962566713790583,1.0,,,,,0.9997840872410375,31.57847048851042,0.9999990616750076,1.0,31.54018637153945,0.9999999999997342
dt_reference_0.25ms,dt_0.25ms_severity_0.0,Baseline,0.0,23,2Hz,60.0,0.02,0.25,512a8299eaef29ce,angular_parietal_context,2.2898530741587476e-05,0.0005265780530239277,0.0005281788364210928,0.0005276831023342583,0.0005276920880221451,0.0005276897095320173,0.0005276897094974866,0.0005266076457014926,0.0005264622439317043,0.0005264713554621262,0.000526469010340469,0.0005264690103086654,1.0,0.0005268146044831365,0.0005266339969371465,0.0004946831067952517,False,-0.00013276135855599946,0.000526469010340469,2.2210766155337103,2.216480846037638,2.2219140106131134,0.005433164575475491,1.0,,,,,0.999693476713369,31.58408306733703,0.9999993000929395,1.0,31.54018637153945,0.9999999999997342
dt_reference_0.25ms,dt_0.25ms_severity_0.0,Baseline,0.0,23,5Hz,60.0,0.02,0.25,512a8299eaef29ce,semantic_expanded,2.2507600487752272e-05,0.0003872017352534672,0.0003879967280667402,0.0003876933309922347,0.00038770342079770477,0.0003877020265860234,0.0003877020265869504,0.0003869755094188164,0.00038686508028987405,0.00038687818187164427,0.00038687645301134445,0.0003868764530125739,1.0,0.0003873277559562664,0.0003872146389168558,0.00042139305488813917,False,-0.00010800310869001351,0.0003868764530125739,1.289491232323879,1.2892868448735424,1.2895665263966802,0.00027968152313784245,1.0,,,,,0.9984979378508971,31.91684774130838,0.9999986763728367,1.0,31.8830535716053,0.9999999999978588
dt_reference_0.25ms,dt_0.25ms_severity_0.0,Baseline,0.0,23,5Hz,60.0,0.02,0.25,512a8299eaef29ce,episodic_expanded,4.384995094251051e-05,0.0007565611437850807,0.0007577315706805101,0.0007575412664013308,0.0007575517879206566,0.0007575503312971332,0.0007575503312974279,0.0007562184846343381,0.0007561374859897767,0.0007561505424154281,0.0007561488833219747,0.0007561488833223569,1.0,0.0007567219566162711,0.0007566554223877729,0.0001268534906063323,False,-3.3648313051593e-05,0.0007561488833223569,1.3865133817914268,1.386509307709002,1.386353076233625,0.00015623147537713322,1.0,,,,,0.9989152075898041,31.908867800229427,0.9999993782176102,1.0,31.8830535716053,0.9999999999978588
dt_reference_0.25ms,dt_0.25ms_severity_0.0,Baseline,0.0,23,5Hz,60.0,0.02,0.25,512a8299eaef29ce,semantic_anatomical_core,1.9900906442312017e-05,0.00034285857558885287,0.00034360421290822454,0.00034328826616832704,0.00034329802575485817,0.00034329675215814354,0.00034329675215948453,0.0003426430544569537,0.0003425365490957955,0.00034254939517719743,0.0003425477853829713,0.00034254778538451926,1.0,0.0003429797622342752,0.0003428614785991386,0.0004976289128207108,False,-0.00012736856832757938,0.00034254778538451926,1.275991801413956,1.2757382977731715,1.27612170642327,0.00038340865009844904,1.0,,,,,0.9984675528423956,31.919892065875175,0.9999985523075372,1.0,31.8830535716053,0.9999999999978588
dt_reference_0.25ms,dt_0.25ms_severity_0.0,Baseline,0.0,23,5Hz,60.0,0.02,0.25,512a8299eaef29ce,episodic_anatomical_core,4.5861325520142004e-05,0.0007896750398697033,0.0007908832524885818,0.0007906969702425261,0.0007907073987355717,0.0007907059534213906,0.0007907059534218064,0.0007893374067805371,0.0007892482314907323,0.0007892610781578152,0.0007892594426447997,0.0007892594426453282,1.0,0.0007898402435193235,0.0007897750966491497,0.00011899994155846107,False,-3.1526230378453594e-05,0.0007892594426453282,1.389519100112123,1.3895163139667472,1.3893558419761656,0.0001604719905816676,1.0,,,,,0.9989401992945954,31.909005400553532,0.9999994557074772,1.0,31.8830535716053,0.9999999999978588
dt_reference_0.25ms,dt_0.25ms_severity_0.0,Baseline,0.0,23,5Hz,60.0,0.02,0.25,512a8299eaef29ce,semantic_platel_peaks,2.470803923319252e-05,0.000425331983704853,0.00042617989026769984,0.00042588140852544885,0.00042589190433570855,0.00042589032809181663,0.0004258903280930426,0.00042507743710467266,0.00042497000305488647,0.00042498344188746903,0.0004249815469424758,0.00042498154694419816,1.0,0.00042546397377550793,0.00042535310137404436,0.0003760034191608959,False,-9.654452388403457e-05,0.00042498154694419816,1.3004609579354542,1.3003224522563122,1.3004652270171049,0.00014277476079271878,1.0,,,,,0.9985067046797058,31.913172393076287,0.9999990594424849,1.0,31.8830535716053,0.9999999999978588
dt_reference_0.25ms,dt_0.25ms_severity_0.0,Baseline,0.0,23,5Hz,60.0,0.02,0.25,512a8299eaef29ce,episodic_platel_peaks,4.134118368116595e-05,0.0007135040373213262,0.0007146090711711736,0.000714424228911986,0.0007144358397141701,0.0007144344226315882,0.0007144344226313699,0.0007130923524853654,0.0007130686455398553,0.0007130833902415363,0.0007130816864992428,0.000713081686498987,1.0,0.00071365520808517,0.000713593035285768,0.0001256913642722516,False,-3.4234145985312385e-05,0.0007130816864992428,1.3905275770329104,1.3905234689619517,1.3903705310185712,0.00015293794338044897,1.0,,,,,0.998701786084683,31.899938424259766,0.9999989851339067,1.0,31.8830535716053,0.9999999999978588
dt_reference_0.25ms,dt_0.25ms_severity_0.0,Baseline,0.0,23,5Hz,60.0,0.02,0.25,512a8299eaef29ce,semantic_expanded_left,2.286279444166842e-05,0.0003931898424685018,0.00039401336553451343,0.0003936857337368265,0.00039369645626058695,0.00039369470279371265,0.00039369470279641524,0.0003929402935777422,0.00039283246849078346,0.0003928467232442367,0.0003928445061831014,0.00039284450618560417,1.0,0.00039332182307478365,0.00039319916612115996,0.0004499729380111415,False,-0.0001150834163612835,0.00039284450618560417,1.2614726114483745,1.261193652016288,1.261634461457081,0.00044080944079283313,1.0,,,,,0.9985067046797058,31.91684774130838,0.9999984282422378,1.0,31.8830535716053,0.9999999999978588
dt_reference_0.25ms,dt_0.25ms_severity_0.0,Baseline,0.0,23,5Hz,60.0,0.02,0.25,512a8299eaef29ce,episodic_expanded_left,4.433250072213924e-05,0.0007624216287141074,0.000763600814640849,0.0007634113064268095,0.0007634217914757514,0.000763420118297968,0.000763420118297496,0.0007620743902619931,0.0007619906630509683,0.0007620037223647878,0.000762001863114837,0.0007620018631143531,1.0,0.0007625836444744724,0.0007625171036891589,0.0001258907795634414,False,-3.331093946794539e-05,0.000762001863114837,1.3846115524028075,1.3846112841925535,1.3844471086204648,0.00016417557208869837,1.0,,,,,0.9989218525104906,31.908812952224466,0.9999993996069376,1.0,31.8830535716053,0.9999999999978588
dt_reference_0.25ms,dt_0.25ms_severity_0.0,Baseline,0.0,23,5Hz,60.0,0.02,0.25,512a8299eaef29ce,semantic_expanded_right,2.2093207541516765e-05,0.00038130482426006857,0.0003820719654681598,0.00038179214031751563,0.00038180161418255125,0.0003818005686951552,0.00038180056869436,0.000381101269932056,0.000380988340710951,0.0003810003208687951,0.0003809990658870956,0.00038099906588709025,1.0,0.0003814250360209296,0.00038132119676294036,0.0003928131717657609,False,-0.0001009228010190988,0.0003809990658870956,1.3175098531993834,1.317380037730797,1.3174985913362798,0.00011855360548285176,1.0,,,,,0.9984675528423956,31.918054391759128,0.9999988173983132,1.0,31.8830535716053,0.9999999999978588
dt_reference_0.25ms,dt_0.25ms_severity_0.0,Baseline,0.0,23,5Hz,60.0,0.02,0.25,512a8299eaef29ce,episodic_expanded_right,4.3499005648235085e-05,0.0007507457064810294,0.000751907439328756,0.0007517163624245467,0.0007517269192334974,0.0007517256759330072,0.0007517256759340575,0.0007504075767538297,0.0007503292696917156,0.0007503423225030264,0.0007503408606008919,0.0007503408606021262,1.0,0.0007509053253034017,0.0007508388014627545,0.00012781620164807524,False,-3.398568663453006e-05,0.0007503408606021262,1.388415211180046,1.3884073312254506,1.388259043846785,0.00014828737866556807,1.0,,,,,0.9988620416263203,31.909143000877638,0.9999993782176102,1.0,31.8830535716053,0.9999999999978588
dt_reference_0.25ms,dt_0.25ms_severity_0.0,Baseline,0.0,23,5Hz,60.0,0.02,0.25,512a8299eaef29ce,shared_auditory_relay,7.689670916785328e-05,0.0013246521104781474,0.0013264887310766897,0.0013263264903948012,0.001326338707932126,0.0013263370554776421,0.0013263370554806827,0.0013242270278928344,0.0013241130495895742,0.0013241276205080699,0.0013241257400830775,0.001324125740086301,1.0,0.0013248928146355212,0.0013248382442136465,5.942374926380676e-05,False,-1.592264890231121e-05,0.001324125740086301,1.4361621638922362,1.4361482149000742,1.4359940003281317,0.00015421457194242372,1.0,,,,,0.9992275859974845,31.903873571574554,0.999999819421415,1.0,31.8830535716053,0.9999999999978588
dt_reference_0.25ms,dt_0.25ms_severity_0.0,Baseline,0.0,23,5Hz,60.0,0.02,0.25,512a8299eaef29ce,anterior_temporal_context,3.425357930743168e-05,0.0005897424395635537,0.0005907537509360686,0.0005905053189972605,0.0005905168651457429,0.0005905151472171751,0.0005905151472169947,0.0005894152072215817,0.000589330548203207,0.0005893452352209324,0.0005893431638283523,0.0005893431638284905,1.0,0.0005898892203413617,0.0005897997111660126,0.00021892965202776658,False,-5.708122072336508e-05,0.0005893431638284905,1.334331486550274,1.3342567552415106,1.3342621476411425,5.39239963193161e-06,1.0,,,,,0.9987412966108797,31.907788322189134,0.9999990684224046,1.0,31.8830535716053,0.9999999999978588
dt_reference_0.25ms,dt_0.25ms_severity_0.0,Baseline,0.0,23,5Hz,60.0,0.02,0.25,512a8299eaef29ce,hippocampal_context,4.874213363144348e-05,0.0008366133885200493,0.0008377864785474055,0.0008376944204909502,0.0008377054585034657,0.0008377037451846567,0.0008377037451847802,0.0008360594326526028,0.0008361292093565755,0.000836143216001455,0.0008361412602113017,0.0008361412602114295,1.0,0.0008367634405449834,0.0008367391845437714,4.182128206831032e-05,False,-1.3444697701103792e-05,0.0008361412602113017,1.4261672480601697,1.426203916468822,1.42596108237109,0.00024283409773206976,1.0,,,,,0.998794217866092,31.89478513394809,0.9999990704785817,1.0,31.8830535716053,0.9999999999978588
dt_reference_0.25ms,dt_0.25ms_severity_0.0,Baseline,0.0,23,5Hz,60.0,0.02,0.25,512a8299eaef29ce,angular_parietal_context,4.222131287262198e-05,0.0007273933779402609,0.0007285049146941033,0.0007283441069863094,0.0007283561103244516,0.0007283542402486325,0.0007283542402484422,0.0007269082352912325,0.0007269219153862908,0.0007269373270656436,0.0007269351038802349,0.0007269351038799682,1.0,0.0007275428762695262,0.0007274906800225203,0.0001035072578432032,False,-2.8838321815172208e-05,0.0007269351038799682,1.3861437572228024,1.3861599899714854,1.3859692466641826,0.00019074330730273203,1.0,,,,,0.9986364292907579,31.899913234363606,0.999998931572907,1.0,31.8830535716053,0.9999999999978588
dt_reference_0.25ms,dt_0.25ms_severity_0.0,Baseline,0.0,37,pulse,60.0,0.02,0.25,512a8299eaef29ce,semantic_expanded,0.00010809165939326508,0.00298088409149313,,,,,,,,,,,1.0,,,,False,,,,,,,,324.0,324.0,1.0,4.529296924603759e-08,,,,,,
dt_reference_0.25ms,dt_0.25ms_severity_0.0,Baseline,0.0,37,pulse,60.0,0.02,0.25,512a8299eaef29ce,episodic_expanded,0.0001546248773465088,0.004283365912836299,,,,,,,,,,,1.0,,,,False,,,,,,,,267.0,267.0,1.0,3.097211217608357e-08,,,,,,
dt_reference_0.25ms,dt_0.25ms_severity_0.0,Baseline,0.0,37,pulse,60.0,0.02,0.25,512a8299eaef29ce,semantic_anatomical_core,9.987018416078556e-05,0.002762907524356856,,,,,,,,,,,1.0,,,,False,,,,,,,,326.0,326.0,1.0,5.204863349930284e-08,,,,,,
dt_reference_0.25ms,dt_0.25ms_severity_0.0,Baseline,0.0,37,pulse,60.0,0.02,0.25,512a8299eaef29ce,episodic_anatomical_core,0.00015889062257898082,0.0043953159058994756,,,,,,,,,,,1.0,,,,False,,,,,,,,252.0,252.0,1.0,2.925308485834575e-08,,,,,,
dt_reference_0.25ms,dt_0.25ms_severity_0.0,Baseline,0.0,37,pulse,60.0,0.02,0.25,512a8299eaef29ce,semantic_platel_peaks,0.0001184837850103546,0.0032845108335260217,,,,,,,,,,,1.0,,,,False,,,,,,,,325.0,325.0,1.0,3.9262219267198e-08,,,,,,
dt_reference_0.25ms,dt_0.25ms_severity_0.0,Baseline,0.0,37,pulse,60.0,0.02,0.25,512a8299eaef29ce,episodic_platel_peaks,0.00014770217118921056,0.004077665660861317,,,,,,,,,,,1.0,,,,False,,,,,,,,295.0,295.0,1.0,4.2943273360297747e-08,,,,,,
dt_reference_0.25ms,dt_0.25ms_severity_0.0,Baseline,0.0,37,pulse,60.0,0.02,0.25,512a8299eaef29ce,semantic_expanded_left,0.00011151812176919897,0.0030919982980249,,,,,,,,,,,1.0,,,,False,,,,,,,,324.0,324.0,1.0,4.529296924603759e-08,,,,,,
dt_reference_0.25ms,dt_0.25ms_severity_0.0,Baseline,0.0,37,pulse,60.0,0.02,0.25,512a8299eaef29ce,episodic_expanded_left,0.00015609071494942877,0.0043278367435204195,,,,,,,,,,,1.0,,,,False,,,,,,,,262.0,262.0,1.0,3.081411273530166e-08,,,,,,
dt_reference_0.25ms,dt_0.25ms_severity_0.0,Baseline,0.0,37,pulse,60.0,0.02,0.25,512a8299eaef29ce,semantic_expanded_right,0.00010409411995467554,0.0028737628906823106,,,,,,,,,,,1.0,,,,False,,,,,,,,324.0,324.0,1.0,4.5376075379354025e-08,,,,,,
dt_reference_0.25ms,dt_0.25ms_severity_0.0,Baseline,0.0,37,pulse,60.0,0.02,0.25,512a8299eaef29ce,episodic_expanded_right,0.0001535588136352943,0.004239352043654877,,,,,,,,,,,1.0,,,,False,,,,,,,,272.0,272.0,1.0,3.097211217608357e-08,,,,,,
dt_reference_0.25ms,dt_0.25ms_severity_0.0,Baseline,0.0,37,pulse,60.0,0.02,0.25,512a8299eaef29ce,shared_auditory_relay,0.00023190936152318824,0.00641611596349586,,,,,,,,,,,1.0,,,,False,,,,,,,,220.0,220.0,1.0,1.2912261555956964e-08,,,,,,
dt_reference_0.25ms,dt_0.25ms_severity_0.0,Baseline,0.0,37,pulse,60.0,0.02,0.25,512a8299eaef29ce,anterior_temporal_context,0.00013944051738276072,0.0038573661905919173,,,,,,,,,,,1.0,,,,False,,,,,,,,284.0,284.0,1.0,3.6967202449242725e-08,,,,,,
dt_reference_0.25ms,dt_0.25ms_severity_0.0,Baseline,0.0,37,pulse,60.0,0.02,0.25,512a8299eaef29ce,hippocampal_context,0.00016137745277846303,0.004461272195906105,,,,,,,,,,,1.0,,,,False,,,,,,,,274.0,274.0,1.0,3.8798679111784e-08,,,,,,
dt_reference_0.25ms,dt_0.25ms_severity_0.0,Baseline,0.0,37,pulse,60.0,0.02,0.25,512a8299eaef29ce,angular_parietal_context,0.00015610719809571754,0.004318967678616902,,,,,,,,,,,1.0,,,,False,,,,,,,,297.0,297.0,1.0,4.036182632485439e-08,,,,,,
dt_reference_0.25ms,dt_0.25ms_severity_0.0,Baseline,0.0,37,2Hz,60.0,0.02,0.25,512a8299eaef29ce,semantic_expanded,1.2180365174313223e-05,0.0002797378552446532,0.00028086298334972467,0.00028030621457182165,0.00028031126177315816,0.00028030998819293364,0.0002803099881890946,0.00027974495965479905,0.00027961333962778646,0.00027961846551288576,0.0002796172356297907,0.0002796172356275019,1.0,0.00027992788461472155,0.0002797115501516287,0.001115377699405838,False,-0.00028336319772979127,0.0002796172356297907,2.137238604314761,2.1272958169361083,2.143860086004134,0.016564269068025883,1.0,,,,,0.9994982809527451,31.599970116173466,0.9999980853246372,1.0,31.540186420903883,0.999999999999718
dt_reference_0.25ms,dt_0.25ms_severity_0.0,Baseline,0.0,37,2Hz,60.0,0.02,0.25,512a8299eaef29ce,episodic_expanded,2.401141539727947e-05,0.0005529323639535417,0.0005544963748869262,0.0005541155922862485,0.0005541230126426548,0.0005541210688165552,0.0005541210688039937,0.0005529752900889283,0.0005528341968265015,0.0005528416036743826,0.0005528396844606179,0.0005528396844515321,1.0,0.0005531562848393472,0.0005530129805723256,0.00037380238810021034,False,-9.696769782765458e-05,0.0005528396844606179,2.222279080694581,2.2184080323271727,2.222374750004274,0.003966717677101439,1.0,,,,,0.999835451800049,31.585309942185376,0.9999995595805357,1.0,31.540186420903883,0.999999999999718
dt_reference_0.25ms,dt_0.25ms_severity_0.0,Baseline,0.0,37,2Hz,60.0,0.02,0.25,512a8299eaef29ce,semantic_anatomical_core,1.074882582679841e-05,0.00024718470854124316,0.00024826322309359246,0.0002476734672086149,0.00024767776857375956,0.00024767677014401443,0.00024767677013354554,0.0002471834062054812,0.0002470553578393763,0.00024705974977910707,0.00024705879671943216,0.00024705879671045345,1.0,0.00024737236525050697,0.00024714300543991107,0.0013382649141568215,False,-0.00034023784415690986,0.00024705879671943216,2.1241839541807632,2.1128377097570237,2.1323578313609035,0.019520121603879836,1.0,,,,,0.9994782011105172,31.60404838146187,0.9999978882627015,1.0,31.540186420903883,0.999999999999718
dt_reference_0.25ms,dt_0.25ms_severity_0.0,Baseline,0.0,37,2Hz,60.0,0.02,0.25,512a8299eaef29ce,episodic_anatomical_core,2.514448985579248e-05,0.0005778760072198911,0.0005794740480580625,0.0005791161301840938,0.0005791235899409264,0.0005791216106238391,0.0005791216106140184,0.0005779219074537414,0.0005777811128058997,0.0005777885423282653,0.000577786586395312,0.0005777865863888921,1.0,0.0005781020693498326,0.0005779670606037973,0.00033696332549739306,False,-8.708909642205498e-05,0.000577786586395312,2.2247661385334028,2.2211500983895434,2.22460220996381,0.003452111574266503,1.0,,,,,0.9998392251766187,31.585131947687156,0.9999996382062417,1.0,31.540186420903883,0.999999999999718
dt_reference_0.25ms,dt_0.25ms_severity_0.0,Baseline,0.0,37,2Hz,60.0,0.02,0.25,512a8299eaef29ce,semantic_platel_peaks,1.3364509420838347e-05,0.0003070291434538407,0.0003082164485991326,0.0003076672498054082,0.0003076735202986223,0.00030767182520498803,0.00030767182519315277,0.00030704172402818065,0.00030690453136831,0.00030691084878998803,0.000306909194596862,0.00030690919458691246,1.0,0.000307225466048719,0.00030701305739575625,0.0009977912839719658,False,-0.000254079295292442,0.000306909194596862,2.1501477158229827,2.142000950733162,2.15466745705813,0.012666506324968019,1.0,,,,,0.9994982809527451,31.60812664675027,0.9999979007493746,1.0,31.540186420903883,0.999999999999718
dt_reference_0.25ms,dt_0.25ms_severity_0.0,Baseline,0.0,37,2Hz,60.0,0.02,0.25,512a8299eaef29ce,episodic_platel_peaks,2.2530172447750022e-05,0.0005189894579140659,0.0005205487498399836,0.0005200738596228186,0.0005200810361017591,0.0005200794890323345,0.0005200794890003661,0.0005190194423403352,0.0005188770888244229,0.0005188843151837341,0.0005188827997215035,0.0005188827996933601,1.0,0.0005192196405727543,0.0005190446633277018,0.00048627079857636494,False,-0.00012933297260309118,0.0005188827997215035,2.2247826942062385,2.2200538202956825,2.225749154065039,0.005695333769356381,1.0,,,,,0.9996813113572875,31.58573365189838,0.9999992195038003,1.0,31.540186420903883,0.999999999999718
dt_reference_0.25ms,dt_0.25ms_severity_0.0,Baseline,0.0,37,2Hz,60.0,0.02,0.25,512a8299eaef29ce,semantic_expanded_left,1.235463285821237e-05,0.00028363413364798087,0.0002848270793454178,0.00028419938972521023,0.00028420548343702446,0.0002842037947630659,0.0002842037947609935,0.0002836324392028771,0.00028349522061952214,0.0002835014796005086,0.00028349985064665066,0.00028349985064582726,1.0,0.00028383925171029,0.00028359568873480295,0.0012385106852387303,False,-0.00031493154669588465,0.00028349985064665066,2.1092048327695463,2.0968207089119573,2.1186159789545447,0.02179527004258741,1.0,,,,,0.9994982809527451,31.599970116173466,0.9999980853246372,1.0,31.540186420903883,0.999999999999718
dt_reference_0.25ms,dt_0.25ms_severity_0.0,Baseline,0.0,37,2Hz,60.0,0.02,0.25,512a8299eaef29ce,episodic_expanded_left,2.425894417774726e-05,0.0005569299139873962,0.0005585008562234318,0.0005581237713691008,0.0005581320175283344,0.0005581296337355278,0.0005581296337234169,0.0005569757251865931,0.0005568321255251015,0.0005568403504372791,0.0005568379911505732,0.0005568379911421501,1.0,0.0005571546454093612,0.0005570126043685548,0.0003678476572076653,False,-9.516678119059208e-05,0.0005568379911505732,2.2208689486349797,2.2170942622199883,2.220867444240162,0.0037731820201738486,1.0,,,,,0.9998367662092287,31.585339179347915,0.9999996014186077,1.0,31.540186420903883,0.999999999999718
dt_reference_0.25ms,dt_0.25ms_severity_0.0,Baseline,0.0,37,2Hz,60.0,0.02,0.25,512a8299eaef29ce,semantic_expanded_right,1.1977052876430885e-05,0.0002758950999670544,0.00027695405787046975,0.00027646637103462604,0.00027647039925699,0.0002764695297127459,0.000276469529707189,0.00027591076208419575,0.0002757846129714262,0.0002757886356217831,0.00027578779418369244,0.0002757877941799775,1.0,0.0002760704170149567,0.0002758806088952566,0.000992244713576027,False,-0.0002517948487638755,0.00027578779418369244,2.1652723758599755,2.1577709249602592,2.1691041930537236,0.011333268093464355,1.0,,,,,0.9995003439591719,31.601897163776453,0.9999982360795006,1.0,31.540186420903883,0.999999999999718
dt_reference_0.25ms,dt_0.25ms_severity_0.0,Baseline,0.0,37,2Hz,60.0,0.02,0.25,512a8299eaef29ce,episodic_expanded_right,2.3831394466030166e-05,0.0005489635076670896,0.00055052060589812,0.0005501361980364106,0.0005501428040267985,0.0005501412939702436,0.0005501412939572395,0.0005490035878071606,0.0005488649723515734,0.0005488715724592392,0.000548870087119955,0.0005488700871102153,1.0,0.0005491866180752268,0.0005490420760373588,0.00037975711899354244,False,-9.876861446427299e-05,0.000548870087119955,2.2236892127541825,2.219721802434357,2.2238820557683856,0.004160253334028585,1.0,,,,,0.9997816352100662,31.585309942185376,0.9999995595805357,1.0,31.540186420903883,0.999999999999718
dt_reference_0.25ms,dt_0.25ms_severity_0.0,Baseline,0.0,37,2Hz,60.0,0.02,0.25,512a8299eaef29ce,shared_auditory_relay,4.256039984746578e-05,0.0009786283952512378,0.000980981935189385,0.0009807105997897663,0.0009807190259294033,0.0009807168504860156,0.0009807168504761005,0.00097868277480783,0.0009785373469999837,0.000978545688186031,0.000978543542023613,0.0009785435420170162,1.0,0.0009789380563279785,0.0009788361276257694,0.00015022369233333167,False,-3.853056935909649e-05,0.000978543542023613,2.261116926740658,2.2585771390324254,2.259855144191925,0.0012780051594996067,1.0,,,,,0.9999397833543064,31.577404461537775,0.999999887299551,1.0,31.540186420903883,0.999999999999718
dt_reference_0.25ms,dt_0.25ms_severity_0.0,Baseline,0.0,37,2Hz,60.0,0.02,0.25,512a8299eaef29ce,anterior_temporal_context,1.862022401396162e-05,0.00042789903064759056,0.00042929868527077767,0.0004287990348479471,0.00042880693705617284,0.0004288049285117339,0.0004288049284944815,0.0004279237527351323,0.0004277808190202616,0.00042778884522055703,0.00042778687489542996,0.0004277868748810914,1.0,0.0004281150620410208,0.00042792494875637006,0.0006408006495549379,False,-0.00016503523890607497,0.00042778687489542996,2.176920710341382,2.170358179207885,2.1798410454246815,0.009482866216796282,1.0,,,,,0.9997580525980126,31.58819483368905,0.9999992043770256,1.0,31.540186420903883,0.999999999999718
dt_reference_0.25ms,dt_0.25ms_severity_0.0,Baseline,0.0,37,2Hz,60.0,0.02,0.25,512a8299eaef29ce,hippocampal_context,2.6503951368630096e-05,0.0006068648417749408,0.0006085767531424897,0.0006081233285368036,0.0006081313231274673,0.0006081289690931864,0.000608128969060518,0.0006068921117562578,0.0006067597024314401,0.0006067676903338472,0.0006067653605787665,0.0006067653605487947,1.0,0.0006071088940014102,0.0006069489504160887,0.0003801298591518084,False,-0.00010552191440735826,0.0006067653605787665,2.2526551611090566,2.2487645643582144,2.2527670735309773,0.0040025091727629025,1.0,,,,,0.9997821119924005,31.57841958322184,0.9999990512709844,1.0,31.540186420903883,0.999999999999718
dt_reference_0.25ms,dt_0.25ms_severity_0.0,Baseline,0.0,37,2Hz,60.0,0.02,0.25,512a8299eaef29ce,angular_parietal_context,2.289854379371757e-05,0.0005265783528937612,0.0005281809805798682,0.0005276830227619489,0.0005276921336599083,0.0005276897095313982,0.0005276897094986986,0.0005266064106700485,0.0005264621805431489,0.0005264713990836231,0.0005264690103398383,0.0005264690103098653,1.0,0.0005268152219950148,0.0005266339969996461,0.0004963740063946183,False,-0.00013333614615156366,0.0005264690103398383,2.221050703809924,2.216429393287547,2.2219140100084687,0.005484616720921487,1.0,,,,,0.9996905831070286,31.584069230920754,0.9999992888967105,1.0,31.540186420903883,0.999999999999718
dt_reference_0.25ms,dt_0.25ms_severity_0.0,Baseline,0.0,37,5Hz,60.0,0.02,0.25,512a8299eaef29ce,semantic_expanded,2.2507631392802584e-05,0.0003872022637361043,0.0003879995686160314,0.0003876931084728971,0.0003877034399912004,0.00038770202658783775,0.00038770202658822204,0.00038697704411475047,0.0003868648437589076,0.0003868782160386789,0.00038687645301331645,0.00038687645301383426,1.0,0.00038732880607054705,0.00038721463913918324,0.0004253036235052592,False,-0.00010901790817481328,0.00038687645301383426,1.2894887857635704,1.2892819070157604,1.2895665258467157,0.0002846188309553188,1.0,,,,,0.9984967847253605,31.916789093366834,0.9999986783227673,1.0,31.883053475929778,0.9999999999979144
dt_reference_0.25ms,dt_0.25ms_severity_0.0,Baseline,0.0,37,5Hz,60.0,0.02,0.25,512a8299eaef29ce,episodic_expanded,4.384998698478862e-05,0.000756561763631111,0.0007577351154563183,0.0007575408108422265,0.000757551827151545,0.0007575503312979743,0.0007575503312982852,0.0007562210883205921,0.0007561369940266168,0.0007561505980368204,0.0007561488833229412,0.0007561488833233475,1.0,0.0007567231898642357,0.0007566554225425999,0.0001292043882766764,False,-3.427984508421744e-05,0.0007561488833233475,1.386512802413994,1.3865081228834994,1.3863530761722749,0.00015504671122457125,1.0,,,,,0.9989147835996229,31.908851199025754,0.9999993753587655,1.0,31.883053475929778,0.9999999999979144
dt_reference_0.25ms,dt_0.25ms_severity_0.0,Baseline,0.0,37,5Hz,60.0,0.02,0.25,512a8299eaef29ce,semantic_anatomical_core,1.9900935249842414e-05,0.00034285907159466595,0.0003436068513444437,0.0003432880724536491,0.0003432980460966287,0.00034329675215891495,0.0003432967521595001,0.00034264431735943053,0.0003425363493863304,0.0003425494294203356,0.00034254778538388646,0.0003425477853845351,1.0,0.000342980747128501,0.00034286147880512773,0.0005017708560188475,False,-0.00012843566217242143,0.0003425477853845351,1.2759889830422328,1.275732612626001,1.2761217057525642,0.0003890931265633224,1.0,,,,,0.9984663274439034,31.919896594008428,0.9999985528492576,1.0,31.883053475929778,0.9999999999979144
dt_reference_0.25ms,dt_0.25ms_severity_0.0,Baseline,0.0,37,5Hz,60.0,0.02,0.25,512a8299eaef29ce,episodic_anatomical_core,4.5861361513353345e-05,0.0007896756597170348,0.0007908867881628628,0.0007906965249852468,0.0007907074383423624,0.000790705953422383,0.0007907059534229602,0.0007893400753932298,0.0007892477499040406,0.0007892611339358135,0.0007892594426459591,0.0007892594426466581,1.0,0.0007898414769177383,0.0007897750968125802,0.00012125252440890555,False,-3.21305705210051e-05,0.0007892594426466581,1.3895186510135589,1.389515391829663,1.3893558418928815,0.00015954993678146678,1.0,,,,,0.9989397510375089,31.90904576757176,0.9999994527319576,1.0,31.883053475929778,0.9999999999979144
dt_reference_0.25ms,dt_0.25ms_severity_0.0,Baseline,0.0,37,5Hz,60.0,0.02,0.25,512a8299eaef29ce,semantic_platel_peaks,2.4708074082011374e-05,0.00042533260215632486,0.00042618324550576416,0.00042588113458655726,0.00042589192528301066,0.0004258903280939251,0.00042589032809602296,0.00042507941368773476,0.00042496970173434005,0.0004249834803483188,0.000424981546944727,0.0004249815469471503,1.0,0.0004254652044293225,0.0004253531016262857,0.00038017555051588414,False,-9.763392693802332e-05,0.0004249815469471503,1.3004587136832533,1.3003179201759294,1.3004652265485122,0.00014730637258275614,1.0,,,,,0.9985056458403753,31.91328545842184,0.9999990589861901,1.0,31.883053475929778,0.9999999999979144
dt_reference_0.25ms,dt_0.25ms_severity_0.0,Baseline,0.0,37,5Hz,60.0,0.02,0.25,512a8299eaef29ce,episodic_platel_peaks,4.134122044450991e-05,0.0007135046713429493,0.0007146127847359279,0.0007144236809645799,0.0007144358686130343,0.0007144344226323927,0.0007144344226313699,0.0007130947949806906,0.000713068061245997,0.0007130834330200845,0.0007130816865000294,0.0007130816864989863,1.0,0.0007136564680933136,0.0007135930353741264,0.00012823836230382846,False,-3.4928534600453534e-05,0.0007130816865000294,1.390526355087823,1.3905209899878161,1.3903705310587267,0.000150458929089492,1.0,,,,,0.9987009586028722,31.900014726469863,0.9999989797705279,1.0,31.883053475929778,0.9999999999979144
dt_reference_0.25ms,dt_0.25ms_severity_0.0,Baseline,0.0,37,5Hz,60.0,0.02,0.25,512a8299eaef29ce,semantic_expanded_left,2.2862827522415286e-05,0.00039319041120195066,0.00039401639732520585,0.0003936855257555566,0.00039369647770220014,0.0003936947027976153,0.0003936947027989979,0.0003929419015798314,0.0003928322430818634,0.00039284676404807435,0.00039284450618727303,0.0003928445061881631,1.0,0.0003933229544989836,0.0003931991663973535,0.00045412195556253387,False,-0.00011615540394451785,0.0003928445061881631,1.2614700630744087,1.261188521459155,1.2616344608375454,0.0004459393783904364,1.0,,,,,0.9985056458403753,31.916789093366834,0.9999984273757478,1.0,31.883053475929778,0.9999999999979144
dt_reference_0.25ms,dt_0.25ms_severity_0.0,Baseline,0.0,37,5Hz,60.0,0.02,0.25,512a8299eaef29ce,episodic_expanded_left,4.433253644594149e-05,0.0007624222427307074,0.0007636043078309824,0.0007634108600826707,0.0007634218452620118,0.0007634201182973923,0.0007634201182973103,0.0007620769845907172,0.0007619901781487788,0.0007620037972199468,0.0007620018631142698,0.000762001863114173,1.0,0.0007625848662984673,0.0007625171038649808,0.00012820195465792808,False,-3.392874236860521e-05,0.0007620018631142698,1.3846111640847591,1.3846104824185272,1.3844471085936427,0.00016337382488451624,1.0,,,,,0.9989214262437195,31.908821945242046,0.9999993965694247,1.0,31.883053475929778,0.9999999999979144
dt_reference_0.25ms,dt_0.25ms_severity_0.0,Baseline,0.0,37,5Hz,60.0,0.02,0.25,512a8299eaef29ce,semantic_expanded_right,2.2093235908254435e-05,0.0003813053135859884,0.00038207461990972277,0.00038179190375087365,0.0003818016311914039,0.0003818005686949443,0.00038180056869436,0.0003811027331768675,0.00038098809344785597,0.00038100034859127514,0.0003809990658869339,0.00038099906588709025,1.0,0.00038142600704079463,0.00038132119693297763,0.00039648529144795894,False,-0.00010188041240493107,0.00038099906588709025,1.3175075084527321,1.3173752925723659,1.3174985908558858,0.00012329828351997918,1.0,,,,,0.9984663274439034,31.918144776535932,0.9999988179267123,1.0,31.883053475929778,0.9999999999979144
dt_reference_0.25ms,dt_0.25ms_severity_0.0,Baseline,0.0,37,5Hz,60.0,0.02,0.25,512a8299eaef29ce,episodic_expanded_right,4.349904192213201e-05,0.0007507463320305932,0.0007519110346908707,0.0007517158978185778,0.0007517269441296672,0.0007517256759352439,0.000751725675935941,0.0007504101895006194,0.0007503287708046735,0.0007503423591817158,0.0007503408606033678,0.0007503408606042701,1.0,0.0007509065697275227,0.0007508388015968985,0.00013020682189558255,False,-3.4630947799652034e-05,0.0007503408606042701,1.388414440743229,1.3884057633484714,1.3882590437509068,0.00014671959756462627,1.0,,,,,0.9988613628195583,31.909240336117772,0.9999993753587655,1.0,31.883053475929778,0.9999999999979144
dt_reference_0.25ms,dt_0.25ms_severity_0.0,Baseline,0.0,37,5Hz,60.0,0.02,0.25,512a8299eaef29ce,shared_auditory_relay,7.68967433179604e-05,0.0013246526988987008,0.0013264921676985778,0.0013263260014752009,0.0013263387397752303,0.0013263370554772876,0.0013263370554802208,0.001324230044286876,0.001324112530809501,0.0013241276663600772,0.0013241257400827175,0.0013241257400857848,1.0,0.0013248939836972584,0.0013248382444780965,6.0696469043069375e-05,False,-1.626982619828965e-05,0.0013241257400857848,1.436162155236206,1.436148181159749,1.4359940002254428,0.00015418093430619173,1.0,,,,,0.9992274500057776,31.903869449356446,0.999999818544612,1.0,31.883053475929778,0.9999999999979144
dt_reference_0.25ms,dt_0.25ms_severity_0.0,Baseline,0.0,37,5Hz,60.0,0.02,0.25,512a8299eaef29ce,anterior_temporal_context,3.425361618428845e-05,0.0005897430778982217,0.0005907573654837749,0.0005905049219024458,0.0005905168832903302,0.0005905151472172339,0.0005905151472166313,0.0005894174459597899,0.0005893301084816893,0.0005893452708457754,0.0005893431638283931,0.0005893431638280362,1.0,0.000589890491846953,0.000589799711352628,0.00022203891983737806,False,-5.7915427972332625e-05,0.0005893431638283931,1.3343301823118434,1.3342541204086555,1.3342621474725904,8.027063934878953e-06,1.0,,,,,0.9987405719165847,31.907704826193903,0.9999990664442336,1.0,31.883053475929778,0.9999999999979144
dt_reference_0.25ms,dt_0.25ms_severity_0.0,Baseline,0.0,37,5Hz,60.0,0.02,0.25,512a8299eaef29ce,hippocampal_context,4.874217417997718e-05,0.0008366140932013551,0.0008377905682149045,0.0008376938863624356,0.0008377055125125688,0.000837703745184365,0.0008377037451847802,0.0008360620377593037,0.0008361286378654686,0.000836143293121833,0.0008361412602110002,0.0008361412602114295,1.0,0.0008367648475507294,0.000836739184557868,4.424712678086646e-05,False,-1.4102955410777441e-05,0.0008361412602110002,1.4261663668295554,1.4262021439686432,1.4259610824850257,0.00024106148361746627,1.0,,,,,0.9987935039656577,31.89476785069135,0.9999990664444391,1.0,31.883053475929778,0.9999999999979144
dt_reference_0.25ms,dt_0.25ms_severity_0.0,Baseline,0.0,37,5Hz,60.0,0.02,0.25,512a8299eaef29ce,angular_parietal_context,4.2221360940032746e-05,0.0007273942058156743,0.000728509680274171,0.0007283435121325432,0.0007283561486773357,0.0007283542402486337,0.0007283542402484422,0.0007269115029861612,0.0007269212649475221,0.0007269373875761286,0.0007269351038802355,0.0007269351038799682,1.0,0.0007275445270692536,0.0007274906801073393,0.0001067805707696095,False,-2.9723156619798632e-05,0.0007269351038799682,1.386142899600869,1.386158252555277,1.385969246865669,0.00018900568960789066,1.0,,,,,0.9986353957128685,31.899904040639697,0.9999989258728903,1.0,31.883053475929778,0.9999999999979144
dt_reference_0.25ms,dt_0.25ms_severity_0.0,Baseline,0.0,53,pulse,60.0,0.02,0.25,512a8299eaef29ce,semantic_expanded,0.00010809678240800373,0.0029810002063979054,,,,,,,,,,,1.0,,,,False,,,,,,,,324.0,324.0,1.0,4.4486531212101205e-08,,,,,,
dt_reference_0.25ms,dt_0.25ms_severity_0.0,Baseline,0.0,53,pulse,60.0,0.02,0.25,512a8299eaef29ce,episodic_expanded,0.000154632204992968,0.004283532652366847,,,,,,,,,,,1.0,,,,False,,,,,,,,267.0,267.0,1.0,3.0281809470446706e-08,,,,,,
dt_reference_0.25ms,dt_0.25ms_severity_0.0,Baseline,0.0,53,pulse,60.0,0.02,0.25,512a8299eaef29ce,semantic_anatomical_core,9.987494173888152e-05,0.0027630157162747177,,,,,,,,,,,1.0,,,,False,,,,,,,,326.0,326.0,1.0,5.092535184983e-08,,,,,,
dt_reference_0.25ms,dt_0.25ms_severity_0.0,Baseline,0.0,53,pulse,60.0,0.02,0.25,512a8299eaef29ce,episodic_anatomical_core,0.00015889817963240155,0.004395487675812294,,,,,,,,,,,1.0,,,,False,,,,,,,,252.0,252.0,1.0,2.868313768089832e-08,,,,,,
dt_reference_0.25ms,dt_0.25ms_severity_0.0,Baseline,0.0,53,pulse,60.0,0.02,0.25,512a8299eaef29ce,semantic_platel_peaks,0.00011848937642733495,0.0032846385214445792,,,,,,,,,,,1.0,,,,False,,,,,,,,325.0,325.0,1.0,3.857383972632393e-08,,,,,,
dt_reference_0.25ms,dt_0.25ms_severity_0.0,Baseline,0.0,53,pulse,60.0,0.02,0.25,512a8299eaef29ce,episodic_platel_peaks,0.0001477092264774054,0.00407782648600995,,,,,,,,,,,1.0,,,,False,,,,,,,,295.0,295.0,1.0,4.214481328981027e-08,,,,,,
dt_reference_0.25ms,dt_0.25ms_severity_0.0,Baseline,0.0,53,pulse,60.0,0.02,0.25,512a8299eaef29ce,semantic_expanded_left,0.00011152337270367282,0.0030921171894787484,,,,,,,,,,,1.0,,,,False,,,,,,,,324.0,324.0,1.0,4.4486531212101205e-08,,,,,,
dt_reference_0.25ms,dt_0.25ms_severity_0.0,Baseline,0.0,53,pulse,60.0,0.02,0.25,512a8299eaef29ce,episodic_expanded_left,0.00015609813354012717,0.004328005065337129,,,,,,,,,,,1.0,,,,False,,,,,,,,262.0,262.0,1.0,3.0199260593358353e-08,,,,,,
dt_reference_0.25ms,dt_0.25ms_severity_0.0,Baseline,0.0,53,pulse,60.0,0.02,0.25,512a8299eaef29ce,semantic_expanded_right,0.00010409909372972315,0.002873876275058765,,,,,,,,,,,1.0,,,,False,,,,,,,,324.0,324.0,1.0,4.455907559736709e-08,,,,,,
dt_reference_0.25ms,dt_0.25ms_severity_0.0,Baseline,0.0,53,pulse,60.0,0.02,0.25,512a8299eaef29ce,episodic_expanded_right,0.00015356607514048853,0.0042395172156444024,,,,,,,,,,,1.0,,,,False,,,,,,,,272.0,272.0,1.0,3.0281809470446706e-08,,,,,,
dt_reference_0.25ms,dt_0.25ms_severity_0.0,Baseline,0.0,53,pulse,60.0,0.02,0.25,512a8299eaef29ce,shared_auditory_relay,0.00023192160777377573,0.006416400320448245,,,,,,,,,,,1.0,,,,False,,,,,,,,220.0,220.0,1.0,1.2681050633118977e-08,,,,,,
dt_reference_0.25ms,dt_0.25ms_severity_0.0,Baseline,0.0,53,pulse,60.0,0.02,0.25,512a8299eaef29ce,anterior_temporal_context,0.00013944726422620128,0.003857520197714626,,,,,,,,,,,1.0,,,,False,,,,,,,,284.0,284.0,1.0,3.6291571233919726e-08,,,,,,
dt_reference_0.25ms,dt_0.25ms_severity_0.0,Baseline,0.0,53,pulse,60.0,0.02,0.25,512a8299eaef29ce,hippocampal_context,0.00016138539040700306,0.004461453737727399,,,,,,,,,,,1.0,,,,False,,,,,,,,274.0,274.0,1.0,3.80278744681775e-08,,,,,,
dt_reference_0.25ms,dt_0.25ms_severity_0.0,Baseline,0.0,53,pulse,60.0,0.02,0.25,512a8299eaef29ce,angular_parietal_context,0.00015611479509677114,0.004319141240886706,,,,,,,,,,,1.0,,,,False,,,,,,,,297.0,297.0,1.0,3.9618208229186315e-08,,,,,,
dt_reference_0.25ms,dt_0.25ms_severity_0.0,Baseline,0.0,53,2Hz,60.0,0.02,0.25,512a8299eaef29ce,semantic_expanded,1.2180393359928426e-05,0.00027973850354784114,0.000280866470926764,0.00028030629255815047,0.00028031122596216813,0.0002803099882031437,0.0002803099881892031,0.00027974630314559303,0.00027961341600662846,0.0002796184290378442,0.000279617235639682,0.00027961723562760474,1.0,0.00027992918481777154,0.000279711550448439,0.0011220771520193574,False,-0.00028517469963702525,0.000279617235639682,2.137200025916854,2.127222400303956,2.1438601015922605,0.01663770128830455,1.0,,,,,0.9994958143071558,31.600087718166744,0.9999980607336929,1.0,31.540186508430224,0.9999999999996891
dt_reference_0.25ms,dt_0.25ms_severity_0.0,Baseline,0.0,53,2Hz,60.0,0.02,0.25,512a8299eaef29ce,episodic_expanded,2.401142981907749e-05,0.0005529326971510353,0.0005544982671697373,0.0005541156040547144,0.0005541229723502368,0.0005541210688235935,0.0005541210688040119,0.0005529759222662986,0.0005528342233113835,0.0005528415614589786,0.0005528396844674264,0.0005528396844515562,1.0,0.0005531569335177134,0.0005530129811489989,0.00037549271027414663,False,-9.746156440151311e-05,0.0005528396844674264,2.2222680387847453,2.218385973522648,2.222374757544779,0.00398878402213132,1.0,,,,,0.9998346458951975,31.585596062364868,0.999999555932924,1.0,31.540186508430224,0.9999999999996891
dt_reference_0.25ms,dt_0.25ms_severity_0.0,Baseline,0.0,53,2Hz,60.0,0.02,0.25,512a8299eaef29ce,semantic_anatomical_core,1.0748854796701191e-05,0.00024718537465329675,0.0002482667460190623,0.00024767357693729407,0.0002476777449799842,0.0002476767701518849,0.00024767677013363525,0.0002471847505642314,0.00024705546195385406,0.00024705972592769073,0.0002470587967270684,0.0002470587967105355,1.0,0.0002473737040805255,0.0002471430055456762,0.0013460724373256475,False,-0.00034231701082863,0.0002470587967270684,2.1241402606394653,2.112755256720674,2.1323578466263555,0.019602589905681533,1.0,,,,,0.9994753176322907,31.60417011110728,0.9999978645037422,1.0,31.540186508430224,0.9999999999996891
dt_reference_0.25ms,dt_0.25ms_severity_0.0,Baseline,0.0,53,2Hz,60.0,0.02,0.25,512a8299eaef29ce,episodic_anatomical_core,2.5144502823072572e-05,0.0005778763070161196,0.0005794757446191662,0.0005791161542662263,0.0005791235491798415,0.0005791216106311899,0.000579121610614093,0.0005779224004252184,0.0005777811519236695,0.0005777884996317766,0.0005777865864023857,0.0005777865863889743,1.0,0.0005781026498736131,0.0005779670611524643,0.00033841069380708154,False,-8.751448106627536e-05,0.0005777865864023857,2.224755900396202,2.2211296200297075,2.224602218613546,0.0034725985838384155,1.0,,,,,0.9998384687209689,31.585338350185864,0.9999996359378542,1.0,31.540186508430224,0.9999999999996891
dt_reference_0.25ms,dt_0.25ms_severity_0.0,Baseline,0.0,53,2Hz,60.0,0.02,0.25,512a8299eaef29ce,semantic_platel_peaks,1.3364536465887775e-05,0.00030702977795697293,0.00030821992449768,0.0003076672864149381,0.0003076734749894797,0.00030767182521743754,0.00030767182519316865,0.0003070430863510476,0.0003069045707358833,0.0003069108019886418,0.00030690919460911003,0.00030690919458692883,1.0,0.0003072267349314557,0.0003070130580702252,0.0010037466279371279,False,-0.0002557148600573989,0.00030690919460911003,2.150117591160204,2.1419418517933004,2.1546674745635848,0.012725622770284328,1.0,,,,,0.9994958143071558,31.60825250404782,0.999997876107948,1.0,31.540186508430224,0.9999999999996891
dt_reference_0.25ms,dt_0.25ms_severity_0.0,Baseline,0.0,53,2Hz,60.0,0.02,0.25,512a8299eaef29ce,episodic_platel_peaks,2.2530192257720367e-05,0.0005189899140787712,0.0005205514361993492,0.0005200737966431971,0.0005200809949436726,0.0005200794890356447,0.0005200794890016069,0.0005190205790364035,0.0005188770411017233,0.0005188842723162666,0.0005188827997248982,0.0005188827996946136,1.0,0.0005192205399572864,0.000519044664106314,0.0004887676471174073,False,-0.00013006875603833735,0.0005188827997248982,2.224768011354952,2.2200245973992905,2.2257491547408224,0.005724557341531877,1.0,,,,,0.9996797619865982,31.586138879087343,0.9999992118183356,1.0,31.540186508430224,0.9999999999996891
dt_reference_0.25ms,dt_0.25ms_severity_0.0,Baseline,0.0,53,2Hz,60.0,0.02,0.25,512a8299eaef29ce,semantic_expanded_left,1.235466096590269e-05,0.0002836347787740275,0.0002848306572123327,0.0002841994407281327,0.00028420542848873657,0.00028420379477617176,0.000284203794760736,0.00028363350041743046,0.0002834952692734167,0.00028350142413424993,0.0002834998506595518,0.0002834998506455684,1.0,0.00028384055100662243,0.0002835956888693189,0.0012451140349927206,False,-0.00031675672477602393,0.0002834998506595518,2.109153067874215,2.0967238666624737,2.1186160054142307,0.021892138751756995,1.0,,,,,0.9994958143071558,31.600087718166744,0.9999980607336929,1.0,31.540186508430224,0.9999999999996891
dt_reference_0.25ms,dt_0.25ms_severity_0.0,Baseline,0.0,53,2Hz,60.0,0.02,0.25,512a8299eaef29ce,episodic_expanded_left,2.425895920080833e-05,0.0005569302585638938,0.000558502794822606,0.0005581237986489132,0.0005581319693422484,0.0005581296337421967,0.0005581296337230377,0.0005569765043320036,0.0005568321681622441,0.0005568402999693461,0.0005568379911569575,0.0005568379911417797,1.0,0.0005571553167817662,0.0005570126046569324,0.0003695853595077544,False,-9.567107581851531e-05,0.0005568379911569575,2.2208597288902014,2.2170758166268847,2.220867454400654,0.0037916377737694518,1.0,,,,,0.999835996159689,31.58549899460518,0.9999995960154529,1.0,31.540186508430224,0.9999999999996891
dt_reference_0.25ms,dt_0.25ms_severity_0.0,Baseline,0.0,53,2Hz,60.0,0.02,0.25,512a8299eaef29ce,semantic_expanded_right,1.197708115295846e-05,0.000275895751238357,0.00027695745697784135,0.0002764664752555148,0.00027647038206917183,0.0002764695297201371,0.0002764695297076541,0.0002759123799144029,0.00027578471630682435,0.0002757886176281338,0.00027578779419065285,0.0002757877941804326,1.0,0.00027607171785300633,0.0002758806093498904,0.0009990402690461901,False,-0.0002535926744981154,0.00027578779419065285,2.1652469839594928,2.157720933945438,2.1691041977702903,0.011383263824852108,1.0,,,,,0.9994975041338878,31.602079439709698,0.9999982201976401,1.0,31.540186508430224,0.9999999999996891
dt_reference_0.25ms,dt_0.25ms_severity_0.0,Baseline,0.0,53,2Hz,60.0,0.02,0.25,512a8299eaef29ce,episodic_expanded_right,2.3831408450545968e-05,0.0005489638296311806,0.0005505224524290892,0.0005501361945149137,0.0005501427715171351,0.0005501412939776463,0.0005501412939576489,0.0005490040750875054,0.000548864982913937,0.0005488715383804416,0.0005488700871271802,0.0005488700871106287,1.0,0.0005491872443507008,0.000549042076898173,0.0003814000610401482,False,-9.925205298451091e-05,0.0005488700871271802,2.223676348679289,2.219696130418411,2.223882060688904,0.004185930270492744,1.0,,,,,0.9997801041456923,31.585596062364868,0.999999555932924,1.0,31.540186508430224,0.9999999999996891
dt_reference_0.25ms,dt_0.25ms_severity_0.0,Baseline,0.0,53,2Hz,60.0,0.02,0.25,512a8299eaef29ce,shared_auditory_relay,4.256040687551085e-05,0.0009786285554398465,0.0009809829815309182,0.0009807105859939388,0.000980718955203848,0.0009807168504920303,0.0009807168504761727,0.000978683142673634,0.0009785373534217914,0.0009785456153264909,0.0009785435420294239,0.0009785435420170893,1.0,0.0009789383476507456,0.0009788361279814263,0.00015065250055899896,False,-3.868343579807032e-05,0.0009785435420294239,2.26111303754303,2.2585693025622335,2.259855149329196,0.0012858467669625284,1.0,,,,,0.9999395255165284,31.57752900486028,0.9999998860331443,1.0,31.540186508430224,0.9999999999996891
dt_reference_0.25ms,dt_0.25ms_severity_0.0,Baseline,0.0,53,2Hz,60.0,0.02,0.25,512a8299eaef29ce,anterior_temporal_context,1.8620249879702706e-05,0.00042789962876138045,0.0004293020476054612,0.0004287990084688476,0.00042880687658180817,0.0004288049285240728,0.0004288049284963123,0.0004279248784445861,0.00042778080562234406,0.0004277887829682168,0.00042778687490737337,0.00042778687488291285,1.0,0.00042811624375262494,0.0004279249500227893,0.0006447785970756096,False,-0.00016616073556319222,0.00042778687490737337,2.17689013916986,2.1702985317206043,2.1798410483392816,0.009542516618677332,1.0,,,,,0.9997565673088564,31.58836325913099,0.9999992018816799,1.0,31.540186508430224,0.9999999999996891
dt_reference_0.25ms,dt_0.25ms_severity_0.0,Baseline,0.0,53,2Hz,60.0,0.02,0.25,512a8299eaef29ce,hippocampal_context,2.6503971603365227e-05,0.0006068653079255088,0.0006085796307662716,0.0006081232710286746,0.0006081313154432761,0.000608128969101578,0.0006081289690601307,0.0006068929796872775,0.0006067596658427498,0.0006067676799152038,0.0006067653605870081,0.0006067653605484056,1.0,0.0006071098212657782,0.0006069489525351519,0.0003823283127230226,False,-0.00010619726126313012,0.0006067653605870081,2.2526424195988524,2.248739176370006,2.2527670766428716,0.00402790027286537,1.0,,,,,0.9997808333489895,31.578664932307618,0.9999990455644787,1.0,31.540186508430224,0.9999999999996891
dt_reference_0.25ms,dt_0.25ms_severity_0.0,Baseline,0.0,53,2Hz,60.0,0.02,0.25,512a8299eaef29ce,angular_parietal_context,2.2898561844668903e-05,0.0005265787679720692,0.0005281836445291151,0.0005276829072021316,0.0005276920587897898,0.0005276897095327372,0.0005276897094986954,0.0005266072315162303,0.0005264620862150517,0.0005264713215058555,0.0005264690103411869,0.0005264690103098625,1.0,0.0005268160381606706,0.0005266339979079993,0.0004986066038127627,False,-0.0001340479889462287,0.0005264690103411869,2.2210358691966423,2.216399847518265,2.2219140130904496,0.005514165572184648,1.0,,,,,0.9996890567503869,31.58441379773618,0.9999992846594858,1.0,31.540186508430224,0.9999999999996891
dt_reference_0.25ms,dt_0.25ms_severity_0.0,Baseline,0.0,53,5Hz,60.0,0.02,0.25,512a8299eaef29ce,semantic_expanded,2.250763531746392e-05,0.00038720232124191887,0.0003880002595636831,0.00038769279605889624,0.00038770337174168885,0.00038770202658861116,0.0003877020265884197,0.0003869768763203354,0.0003868645064495573,0.0003868781560187076,0.00038687645301394355,0.0003868764530139229,1.0,0.00038732891812082995,0.0003872146391078783,0.00042572109707870364,False,-0.00010921669389176714,0.00038687645301394355,1.2894875652357403,1.2892794515653492,1.289566526283255,0.00028707471790578865,1.0,,,,,0.9984961511410104,31.91685236716255,0.9999986724443249,1.0,31.8830533371289,0.999999999998006
dt_reference_0.25ms,dt_0.25ms_severity_0.0,Baseline,0.0,53,5Hz,60.0,0.02,0.25,512a8299eaef29ce,episodic_expanded,4.384999703823178e-05,0.0007565619420957151,0.0007577367942883835,0.0007575401480215206,0.0007575517645901458,0.0007575503312949896,0.0007575503312957606,0.0007562225189905172,0.0007561362733815197,0.0007561505473480413,0.000756148883320152,0.0007561488833210412,1.0,0.0007567235419040188,0.0007566554225316537,0.00012987557389833383,False,-3.453637257671005e-05,0.0007561488833210412,1.386513253261667,1.386509004454902,1.3863530769669683,0.0001559274879336936,1.0,,,,,0.9989146232737857,31.908903470783038,0.9999993725072341,1.0,31.8830533371289,0.999999999998006
dt_reference_0.25ms,dt_0.25ms_severity_0.0,Baseline,0.0,53,5Hz,60.0,0.02,0.25,512a8299eaef29ce,semantic_anatomical_core,1.990093705499877e-05,0.00034285910239690415,0.00034360730433783006,0.0003432878532950007,0.0003432979805363306,0.0003432967521609554,0.00034329675216065054,0.0003426438309141571,0.0003425361149689627,0.0003425493702494402,0.0003425477853857864,0.00034254778538555126,1.0,0.0003429808060917096,0.0003428614788034812,0.0005020188824702179,False,-0.00012857980695413218,0.0003425477853857864,1.275987450695422,1.275729538251761,1.2761217061494465,0.0003921678976854803,1.0,,,,,0.9984655573521339,31.91991625961893,0.9999985445889563,1.0,31.8830533371289,0.999999999998006
dt_reference_0.25ms,dt_0.25ms_severity_0.0,Baseline,0.0,53,5Hz,60.0,0.02,0.25,512a8299eaef29ce,episodic_anatomical_core,4.586137281749955e-05,0.0007896758550857644,0.0007908885401586744,0.0007906958728216682,0.0007907073759229657,0.0007907059534188068,0.0007907059534196377,0.0007893416264578737,0.0007892470421265914,0.0007892610834288557,0.0007892594426426483,0.0007892594426436228,1.0,0.0007898418626534389,0.0007897750967912712,0.0001219571336348741,False,-3.239066467113361e-05,0.0007892594426436228,1.3895191343784554,1.389516338656041,1.3893558427867596,0.00016049586928135184,1.0,,,,,0.9989396125732926,31.90911464504182,0.9999994501799205,1.0,31.8830533371289,0.999999999998006
dt_reference_0.25ms,dt_0.25ms_severity_0.0,Baseline,0.0,53,5Hz,60.0,0.02,0.25,512a8299eaef29ce,semantic_platel_peaks,2.4708080508104403e-05,0.0004253326931844787,0.00042618428885242367,0.00042588065461196376,0.0004258918552325163,0.00042589032809180606,0.0004258903280945818,0.0004250796575627963,0.0004249691793536129,0.00042498342280587444,0.0004249815469424996,0.0004249815469456744,1.0,0.00042546538348851794,0.0004253531015851176,0.00038078285556655193,False,-9.790581902828777e-05,0.0004249815469456744,1.300458010187954,1.3003164910804346,1.3004652269131998,0.00014873583276520108,1.0,,,,,0.9985047698958939,31.913366330807882,0.9999990509096499,1.0,31.8830533371289,0.999999999998006
dt_reference_0.25ms,dt_0.25ms_severity_0.0,Baseline,0.0,53,5Hz,60.0,0.02,0.25,512a8299eaef29ce,episodic_platel_peaks,4.134122551230417e-05,0.0007135047587105893,0.0007146141071939871,0.0007144229247056271,0.0007144358155864811,0.0007144344226253246,0.0007144344226262885,0.0007130956859165476,0.0007130672405685213,0.0007130833886771134,0.0007130816864935028,0.0007130816864945061,1.0,0.0007136566392627587,0.0007135930354323724,0.0001285842727695988,False,-3.511916149312455e-05,0.0007130816864945061,1.3905264534031865,1.3905211710443048,1.3903705308823862,0.00015064016191868035,1.0,,,,,0.9987006120254329,31.900067448614976,0.9999989753558434,1.0,31.8830533371289,0.999999999998006
dt_reference_0.25ms,dt_0.25ms_severity_0.0,Baseline,0.0,53,5Hz,60.0,0.02,0.25,512a8299eaef29ce,semantic_expanded_left,2.2862837159789728e-05,0.00039319057681219265,0.000394017664159987,0.00039368520950280834,0.0003936963899731598,0.0003936947027986521,0.0003936947027994018,0.00039294208624009164,0.0003928319024716297,0.00039284668738926495,0.0003928445061881345,0.00039284450618834595,1.0,0.00039332328382244634,0.00039319916633631733,0.0004553301261169608,False,-0.0001165613088866202,0.00039284450618834595,1.2614682654810903,1.2611849294669824,1.261634461799062,0.0004495323320796718,1.0,,,,,0.9985047698958939,31.91685236716255,0.9999984167335877,1.0,31.8830533371289,0.999999999998006
dt_reference_0.25ms,dt_0.25ms_severity_0.0,Baseline,0.0,53,5Hz,60.0,0.02,0.25,512a8299eaef29ce,episodic_expanded_left,4.433254895865534e-05,0.0007624224576670512,0.000763606168816767,0.0007634102124066709,0.0007634217675848747,0.0007634201182976175,0.0007634201182972886,0.000762078563961525,0.0007619894709087674,0.0007620037354379107,0.0007620018631144532,0.0007620018631141513,1.0,0.0007625852905113042,0.0007625171037991282,0.00012900462545116663,False,-3.4219143231251084e-05,0.0007620018631144532,1.3846118357616386,1.3846118023686693,1.384447109982991,0.00016469238567839994,1.0,,,,,0.9989212661722855,31.90888140732033,0.9999993931082656,1.0,31.8830533371289,0.999999999998006
dt_reference_0.25ms,dt_0.25ms_severity_0.0,Baseline,0.0,53,5Hz,60.0,0.02,0.25,512a8299eaef29ce,semantic_expanded_right,2.2093233168083803e-05,0.0003813052662417752,0.0003820747522637931,0.0003817915951320307,0.00038180158184869734,0.00038180056869546177,0.00038180056869435795,0.00038110222358606,0.000380987759417702,0.0003810003047222476,0.0003809990658873332,0.0003809990658870882,1.0,0.00038142590836391036,0.00038132119693051275,0.00039611206804346063,False,-0.0001018720788965588,0.0003809990658873332,1.3175068649903905,1.3173739736637158,1.317498590767448,0.00012461710373212753,1.0,,,,,0.9984655573521339,31.918173241441593,0.9999988112227851,1.0,31.8830533371289,0.999999999998006
dt_reference_0.25ms,dt_0.25ms_severity_0.0,Baseline,0.0,53,5Hz,60.0,0.02,0.25,512a8299eaef29ce,episodic_expanded_right,4.349905018701465e-05,0.0007507464745714512,0.0007519125340594404,0.0007517152201243624,0.0007517268964561468,0.000751725675929098,0.0007517256759309515,0.000750411473661704,0.0007503280370021638,0.0007503423194194171,0.0007503408605976518,0.0007503408605997131,1.0,0.0007509068506787234,0.0007508388016400189,0.00013074652234470774,False,-3.485360192216902e-05,0.0007503408605997131,1.3884146707616958,1.3884062065411344,1.3882590439509457,0.0001471625901887652,1.0,,,,,0.998861160523606,31.90932607077889,0.9999993725072341,1.0,31.8830533371289,0.999999999998006
dt_reference_0.25ms,dt_0.25ms_severity_0.0,Baseline,0.0,53,5Hz,60.0,0.02,0.25,512a8299eaef29ce,shared_auditory_relay,7.689675342305244e-05,0.0013246528711344033,0.0013264939151973085,0.0013263252596987598,0.0013263386719557946,0.001326337055478296,0.0013263370554804034,0.0013242317118760583,0.0013241117467510267,0.0013241276082537753,0.0013241257400837137,0.001324125740085993,1.0,0.0013248943233144124,0.001324838244256951,6.106652354242332e-05,False,-1.641954131672563e-05,0.001324125740085993,1.4361622511009806,1.4361483612578327,1.4359940007518692,0.00015436050596351336,1.0,,,,,0.9992274315773215,31.903907657839543,0.9999998179715295,1.0,31.8830533371289,0.999999999998006
dt_reference_0.25ms,dt_0.25ms_severity_0.0,Baseline,0.0,53,5Hz,60.0,0.02,0.25,512a8299eaef29ce,anterior_temporal_context,3.425363263899308e-05,0.0005897433599151667,0.0005907596274957894,0.0005905042117322424,0.0005905168076274188,0.0005905151472164603,0.0005905151472170906,0.0005894191178814703,0.0005893293342433625,0.0005893452060457044,0.0005893431638275222,0.0005893431638283842,1.0,0.0005898910513477247,0.0005897997113498034,0.00022340729700714442,False,-5.8381082486391736e-05,0.0005893431638283842,1.3343299232566916,1.3342535749296642,1.3342621475278267,8.572598162448486e-06,1.0,,,,,0.9987402938832783,31.907732394901146,0.9999990613433385,1.0,31.8830533371289,0.999999999998006
dt_reference_0.25ms,dt_0.25ms_severity_0.0,Baseline,0.0,53,5Hz,60.0,0.02,0.25,512a8299eaef29ce,hippocampal_context,4.874218776817712e-05,0.0008366143330574029,0.0008377928831238231,0.0008376929430783233,0.0008377054464663709,0.0008377037451862147,0.0008377037451847787,0.0008360639469877865,0.0008361276217966172,0.0008361432417628399,0.0008361412602128272,0.000836141260211428,1.0,0.0008367653227418139,0.0008367391847540264,4.5066081619743074e-05,False,-1.4420360165701141e-05,0.000836141260211428,1.4261669316229661,1.426203258888582,1.4259610824693663,0.00024217641921575606,1.0,,,,,0.9987932797556249,31.89479225793501,0.9999990623926869,1.0,31.8830533371289,0.999999999998006
dt_reference_0.25ms,dt_0.25ms_severity_0.0,Baseline,0.0,53,5Hz,60.0,0.02,0.25,512a8299eaef29ce,angular_parietal_context,4.222138128923925e-05,0.0007273945566481784,0.0007285125642136394,0.0007283425463379779,0.0007283560853410307,0.0007283542402476349,0.0007283542402471794,0.0007269139221214952,0.0007269202055180445,0.0007269373419122098,0.0007269351038792541,0.0007269351038787699,1.0,0.0007275452240864621,0.000727490680160416,0.00010816262529938687,False,-3.019862134596707e-05,0.0007269351038787699,1.386143047181183,1.3861585291541556,1.3859692468647054,0.00018928228945025438,1.0,,,,,0.9986351128860697,31.89994671246204,0.9999989223424889,1.0,31.8830533371289,0.999999999998006
dt_reference_0.25ms,dt_0.25ms_severity_0.0,Baseline,0.0,71,pulse,60.0,0.02,0.25,512a8299eaef29ce,semantic_expanded,0.00010809269785837289,0.002980904422877347,,,,,,,,,,,1.0,,,,False,,,,,,,,324.0,324.0,1.0,4.6014365267248045e-08,,,,,,
dt_reference_0.25ms,dt_0.25ms_severity_0.0,Baseline,0.0,71,pulse,60.0,0.02,0.25,512a8299eaef29ce,episodic_expanded,0.0001546266370433884,0.0042834043638271925,,,,,,,,,,,1.0,,,,False,,,,,,,,267.0,267.0,1.0,3.120897360860917e-08,,,,,,
dt_reference_0.25ms,dt_0.25ms_severity_0.0,Baseline,0.0,71,pulse,60.0,0.02,0.25,512a8299eaef29ce,semantic_anatomical_core,9.987105839364507e-05,0.0027629244661061146,,,,,,,,,,,1.0,,,,False,,,,,,,,326.0,326.0,1.0,5.232493413065986e-08,,,,,,
dt_reference_0.25ms,dt_0.25ms_severity_0.0,Baseline,0.0,71,pulse,60.0,0.02,0.25,512a8299eaef29ce,episodic_anatomical_core,0.00015889252128419191,0.004395357050325526,,,,,,,,,,,1.0,,,,False,,,,,,,,252.0,252.0,1.0,2.9540312091328448e-08,,,,,,
dt_reference_0.25ms,dt_0.25ms_severity_0.0,Baseline,0.0,71,pulse,60.0,0.02,0.25,512a8299eaef29ce,semantic_platel_peaks,0.00011848504291228684,0.0032845356192353894,,,,,,,,,,,1.0,,,,False,,,,,,,,325.0,325.0,1.0,3.999198320579676e-08,,,,,,
dt_reference_0.25ms,dt_0.25ms_severity_0.0,Baseline,0.0,71,pulse,60.0,0.02,0.25,512a8299eaef29ce,episodic_platel_peaks,0.00014770355033090005,0.004077693362667413,,,,,,,,,,,1.0,,,,False,,,,,,,,295.0,295.0,1.0,4.319641686102464e-08,,,,,,
dt_reference_0.25ms,dt_0.25ms_severity_0.0,Baseline,0.0,71,pulse,60.0,0.02,0.25,512a8299eaef29ce,semantic_expanded_left,0.00011151935461860088,0.0030920242317091814,,,,,,,,,,,1.0,,,,False,,,,,,,,324.0,324.0,1.0,4.6014365267248045e-08,,,,,,
dt_reference_0.25ms,dt_0.25ms_severity_0.0,Baseline,0.0,71,pulse,60.0,0.02,0.25,512a8299eaef29ce,episodic_expanded_left,0.00015609273339766777,0.00432788116206339,,,,,,,,,,,1.0,,,,False,,,,,,,,262.0,262.0,1.0,3.114230430223692e-08,,,,,,
dt_reference_0.25ms,dt_0.25ms_severity_0.0,Baseline,0.0,71,pulse,60.0,0.02,0.25,512a8299eaef29ce,semantic_expanded_right,0.0001040949316381069,0.0028737779889318397,,,,,,,,,,,1.0,,,,False,,,,,,,,324.0,324.0,1.0,4.564896048152893e-08,,,,,,
dt_reference_0.25ms,dt_0.25ms_severity_0.0,Baseline,0.0,71,pulse,60.0,0.02,0.25,512a8299eaef29ce,episodic_expanded_right,0.00015356038514936706,0.004239384645050261,,,,,,,,,,,1.0,,,,False,,,,,,,,272.0,272.0,1.0,3.120897360860917e-08,,,,,,
dt_reference_0.25ms,dt_0.25ms_severity_0.0,Baseline,0.0,71,pulse,60.0,0.02,0.25,512a8299eaef29ce,shared_auditory_relay,0.00023191261047074958,0.006416189082185384,,,,,,,,,,,1.0,,,,False,,,,,,,,220.0,220.0,1.0,1.307680825940842e-08,,,,,,
dt_reference_0.25ms,dt_0.25ms_severity_0.0,Baseline,0.0,71,pulse,60.0,0.02,0.25,512a8299eaef29ce,anterior_temporal_context,0.00013944227096442604,0.0038574046156740313,,,,,,,,,,,1.0,,,,False,,,,,,,,284.0,284.0,1.0,3.7554554170702316e-08,,,,,,
dt_reference_0.25ms,dt_0.25ms_severity_0.0,Baseline,0.0,71,pulse,60.0,0.02,0.25,512a8299eaef29ce,hippocampal_context,0.0001613797081388902,0.004461322855071651,,,,,,,,,,,1.0,,,,False,,,,,,,,274.0,274.0,1.0,3.906053965251905e-08,,,,,,
dt_reference_0.25ms,dt_0.25ms_severity_0.0,Baseline,0.0,71,pulse,60.0,0.02,0.25,512a8299eaef29ce,angular_parietal_context,0.0001561091390572315,0.004319010100737434,,,,,,,,,,,1.0,,,,False,,,,,,,,297.0,297.0,1.0,4.076892455932866e-08,,,,,,
dt_reference_0.25ms,dt_0.25ms_severity_0.0,Baseline,0.0,71,2Hz,60.0,0.02,0.25,512a8299eaef29ce,semantic_expanded,1.2180384731824078e-05,0.00027973830585431293,0.0002808652602690084,0.000280306260636168,0.0002803112235979859,0.0002803099881935322,0.00028030998818918723,0.0002797459727144356,0.0002796133846531866,0.0002796184278829164,0.00027961723563040014,0.00027961723562758533,1.0,0.00027992878305301634,0.0002797115500893995,0.0011200083929196443,False,-0.00028454462101237257,0.00027961723563040014,2.1372140672187947,2.1272489478025784,2.14386008847223,0.016611140669651636,1.0,,,,,0.9994969920707161,31.600007261615907,0.9999980814622264,1.0,31.54018641655579,0.9999999999997142
dt_reference_0.25ms,dt_0.25ms_severity_0.0,Baseline,0.0,71,2Hz,60.0,0.02,0.25,512a8299eaef29ce,episodic_expanded,2.401142910317815e-05,0.0005529326765157404,0.0005544979562823472,0.000554115657955443,0.0005541229780981249,0.0005541210688165556,0.0005541210688029799,0.0005529762388240673,0.0005528342655468041,0.0005528415691789646,0.000552839684460615,0.0005528396844505083,1.0,0.0005531569090524925,0.0005530129805179722,0.0003754305484618275,False,-9.738769559612948e-05,0.000552839684460615,2.2222720409607444,2.2183940116068905,2.2223747511131258,0.003980739506235231,1.0,,,,,0.999835133344233,31.58533921594996,0.9999995584529104,1.0,31.54018641655579,0.9999999999997142
dt_reference_0.25ms,dt_0.25ms_severity_0.0,Baseline,0.0,71,2Hz,60.0,0.02,0.25,512a8299eaef29ce,semantic_anatomical_core,1.074884624443388e-05,0.00024718517804725996,0.00024826560422462716,0.0002476734998866548,0.0002476777327015015,0.0002476767701435784,0.0002476767701336392,0.00024718445025384393,0.000247055388269084,0.0002470597146454833,0.0002470587967190227,0.0002470587967105364,1.0,0.00024737330088852135,0.0002471430053907933,0.0013437219048640081,False,-0.00034163106621729614,0.0002470587967190227,2.124155574667218,2.1127838539129655,2.132357833556366,0.019573979643400463,1.0,,,,,0.9994769657117706,31.604085478241046,0.9999978876023814,1.0,31.54018641655579,0.9999999999997142
dt_reference_0.25ms,dt_0.25ms_severity_0.0,Baseline,0.0,71,2Hz,60.0,0.02,0.25,512a8299eaef29ce,episodic_anatomical_core,2.5144502503994072e-05,0.0005778762983598224,0.0005794755193100577,0.0005791162012149827,0.0005791235556337772,0.0005791216106241204,0.0005791216106138898,0.0005779227948576841,0.000577781187156062,0.0005777885080459975,0.0005777865863955958,0.0005777865863887633,1.0,0.0005781026512310418,0.0005779670605475591,0.0003384155913004708,False,-8.746423571812656e-05,0.0005777865863955958,2.2247596915096475,2.2211372489729584,2.2246022111621495,0.003464962189191123,1.0,,,,,0.9998389359787783,31.585164078046326,0.9999996392604271,1.0,31.54018641655579,0.9999999999997142
dt_reference_0.25ms,dt_0.25ms_severity_0.0,Baseline,0.0,71,2Hz,60.0,0.02,0.25,512a8299eaef29ce,semantic_platel_peaks,1.3364528480998315e-05,0.0003070296106238865,0.0003082188009211812,0.0003076673116320844,0.00030767347913629716,0.0003076718252062385,0.00030767182519315337,0.00030704277452543754,0.00030690459367870395,0.00030691080783964997,0.0003069091945981285,0.00030690919458691246,1.0,0.0003072263999171374,0.0003070130573081838,0.001002177026252575,False,-0.0002551948579564645,0.0003069091945981285,2.1501268770981654,2.1419601368642525,2.154667460053335,0.012707323189082409,1.0,,,,,0.9994969920707161,31.60816369486618,0.9999978895790597,1.0,31.54018641655579,0.9999999999997142
dt_reference_0.25ms,dt_0.25ms_severity_0.0,Baseline,0.0,71,2Hz,60.0,0.02,0.25,512a8299eaef29ce,episodic_platel_peaks,2.2530190965944504e-05,0.0005189898844458579,0.0005205509677017894,0.0005200738539447456,0.0005200810002684678,0.0005200794890297006,0.0005200794889956629,0.0005190207327569152,0.0005188770855428396,0.000518884279471344,0.0005188827997188452,0.0005188827996886081,1.0,0.0005192204893013319,0.0005190446632812924,0.0004886291887272112,False,-0.00012994686332943318,0.0005188827997188452,2.2247724681081706,2.2200334816858858,2.225749154477818,0.0057156727919323025,1.0,,,,,0.9996805444570149,31.585816512638907,0.9999992206891821,1.0,31.54018641655579,0.9999999999997142
dt_reference_0.25ms,dt_0.25ms_severity_0.0,Baseline,0.0,71,2Hz,60.0,0.02,0.25,512a8299eaef29ce,semantic_expanded_left,1.2354652056410642e-05,0.00028363457436422583,0.00028482937776812104,0.000284199444875782,0.0002842054289115688,0.000284203794761982,0.0002842037947608532,0.0002836332557180265,0.0002834952746409226,0.00028350142588995456,0.00028349985064561524,0.00028349985064568626,1.0,0.0002838401386641785,0.0002835956886594792,0.0012430192608918107,False,-0.00031610972864442037,0.00028349985064568626,2.109173589804762,2.0967620968792056,2.1186159813692718,0.0218538844900662,1.0,,,,,0.9994969920707161,31.600007261615907,0.9999980814622264,1.0,31.54018641655579,0.9999999999997142
dt_reference_0.25ms,dt_0.25ms_severity_0.0,Baseline,0.0,71,2Hz,60.0,0.02,0.25,512a8299eaef29ce,episodic_expanded_left,2.4258957009714304e-05,0.000556930208520125,0.0005585022971006405,0.0005581238992802467,0.0005581319762750126,0.0005581296337381615,0.0005581296337228741,0.0005569766306357935,0.0005568322565168418,0.0005568403092814408,0.0005568379911531973,0.000556837991141609,1.0,0.0005571552354962548,0.0005570126043130316,0.0003693757699406037,False,-9.555551350803881e-05,0.0005568379911531973,2.220863344268538,2.217083100578953,2.2208674455525736,0.00378434497362079,1.0,,,,,0.9998364587980451,31.585377925558838,0.9999996013173545,1.0,31.54018641655579,0.9999999999997142
dt_reference_0.25ms,dt_0.25ms_severity_0.0,Baseline,0.0,71,2Hz,60.0,0.02,0.25,512a8299eaef29ce,semantic_expanded_right,1.1977072853139756e-05,0.00027589556011515317,0.00027695631343968374,0.00027646640825133666,0.0002764703769942714,0.00027646952971498146,0.00027646952970750773,0.0002759119661473892,0.00027578464923705973,0.0002757886136419746,0.00027578779418590134,0.0002757877941802803,1.0,0.0002760713264527169,0.00027588060884577745,0.0009969975249498814,False,-0.00025297951338068005,0.00027578779418590134,2.1652545446328273,2.1577357987259513,2.1691041955751884,0.011368396849237072,1.0,,,,,0.9994991175175997,31.60193294498089,0.9999982389493088,1.0,31.54018641655579,0.9999999999997142
dt_reference_0.25ms,dt_0.25ms_severity_0.0,Baseline,0.0,71,2Hz,60.0,0.02,0.25,512a8299eaef29ce,episodic_expanded_right,2.383140880751549e-05,0.0005489638379847599,0.0005505223257226729,0.0005501362023510477,0.0005501427760968114,0.0005501412939676486,0.0005501412939557604,0.0005490045791597363,0.0005488649796878835,0.0005488715445307055,0.000548870087117362,0.0005488700871087163,1.0,0.0005491872758944291,0.0005490420759841619,0.00038148532698044986,False,-9.92198776844866e-05,0.000548870087117362,2.223680737652951,2.2197049226348278,2.2238820566736774,0.0041771340388496725,1.0,,,,,0.9997809926284232,31.58533921594996,0.9999995584529104,1.0,31.54018641655579,0.9999999999997142
dt_reference_0.25ms,dt_0.25ms_severity_0.0,Baseline,0.0,71,2Hz,60.0,0.02,0.25,512a8299eaef29ce,shared_auditory_relay,4.256040950173338e-05,0.0009786286174059307,0.00098098297669536,0.0009807106783351178,0.0009807189776651043,0.0009807168504864694,0.0009807168504761014,0.0009786834972989732,0.0009785374288168156,0.0009785456399082168,0.0009785435420240649,0.0009785435420170162,1.0,0.0009789384913009218,0.000978836127512223,0.0001508648942914024,False,-3.868951709202762e-05,0.0009785435420240649,2.2611143190634966,2.258571908502322,2.259855145728962,0.0012832372266400327,1.0,,,,,0.9999396997068791,31.577427671031877,0.9999998871767924,1.0,31.54018641655579,0.9999999999997142
dt_reference_0.25ms,dt_0.25ms_severity_0.0,Baseline,0.0,71,2Hz,60.0,0.02,0.25,512a8299eaef29ce,anterior_temporal_context,1.8620242311070834e-05,0.00042789945425002386,0.0004293007757802043,0.00042879911914789885,0.00042880689647713466,0.00042880492851274046,0.00042880492849467765,0.0004279247971354775,0.0004277809070432074,0.000427788804662994,0.0004277868748964205,0.0004277868748812859,1.0,0.00042811590510043673,0.0004279249486727386,0.0006436419351274767,False,-0.00016575195194246106,0.0004277868748964205,2.1769063938828763,2.170330163447848,2.179841047847843,0.009510884399995145,1.0,,,,,0.999757317322683,31.588212123987066,0.9999992056434572,1.0,31.54018641655579,0.9999999999997142
dt_reference_0.25ms,dt_0.25ms_severity_0.0,Baseline,0.0,71,2Hz,60.0,0.02,0.25,512a8299eaef29ce,hippocampal_context,2.6503967001180502e-05,0.0006068652069247324,0.000608578660849044,0.0006081234210506699,0.0006081313056134903,0.0006081289690914846,0.0006081289690605186,0.0006068931022819475,0.0006067597996463855,0.0006067676726855095,0.0006067653605770625,0.0006067653605487942,1.0,0.0006071096335501457,0.0006069489503916327,0.0003818873328862127,False,-0.00010598512962012308,0.0006067653605770625,2.2526479420838035,2.2487502214625286,2.252767073569858,0.004016852107329605,1.0,,,,,0.9997815355705668,31.578469164682147,0.9999990527119346,1.0,31.54018641655579,0.9999999999997142
dt_reference_0.25ms,dt_0.25ms_severity_0.0,Baseline,0.0,71,2Hz,60.0,0.02,0.25,512a8299eaef29ce,angular_parietal_context,2.2898563327774232e-05,0.0005265788021507164,0.0005281832653362581,0.0005276830996848202,0.0005276920854003026,0.0005276897095322394,0.0005276897094974866,0.0005266077406536916,0.0005264622624876812,0.0005264713506703401,0.0005264690103407015,0.0005264690103086654,1.0,0.0005268161201019779,0.000526633996943121,0.0004988336447644841,False,-0.00013397072810921175,0.0005264690103407015,2.2210413131627003,2.216410727419893,2.2219140107776187,0.005503283357725763,1.0,,,,,0.9996898720113729,31.58413387901411,0.9999992906800509,1.0,31.54018641655579,0.9999999999997142
dt_reference_0.25ms,dt_0.25ms_severity_0.0,Baseline,0.0,71,5Hz,60.0,0.02,0.25,512a8299eaef29ce,semantic_expanded,2.250764552755059e-05,0.00038720250116219937,0.00038800087243588834,0.0003876930357929885,0.000387703399775127,0.00038770202658634675,0.00038770202658777026,0.00038697746713736155,0.0003868647781102493,0.0003868781741359937,0.00038687645301172517,0.0003868764530133003,1.0,0.0003873292797389235,0.0003872146390711464,0.0004270681625079591,False,-0.00010948918294886313,0.0003868764530133003,1.2894880332885679,1.2892804024208782,1.2895665261356544,0.0002861237147762097,1.0,,,,,0.9984961611464367,31.916837711349977,0.9999986733323747,1.0,31.88305338252686,0.9999999999979323
dt_reference_0.25ms,dt_0.25ms_severity_0.0,Baseline,0.0,71,5Hz,60.0,0.02,0.25,512a8299eaef29ce,episodic_expanded,4.384999930226428e-05,0.0007565619718086909,0.0007577363973753981,0.0007575406322395452,0.000757551792747611,0.0007575503312961025,0.0007575503312960096,0.0007562219258506683,0.0007561368177880315,0.0007561505627067236,0.0007561488833212588,0.0007561488833212622,1.0,0.000756723605825115,0.0007566554225431282,0.0001299974177210126,False,-3.450691040978171e-05,0.0007561488833212622,1.3865130314553462,1.3865085784469615,1.3863530768548231,0.0001555015921383962,1.0,,,,,0.9989145946875218,31.908801541348947,0.9999993744826045,1.0,31.88305338252686,0.9999999999979323
dt_reference_0.25ms,dt_0.25ms_severity_0.0,Baseline,0.0,71,5Hz,60.0,0.02,0.25,512a8299eaef29ce,semantic_anatomical_core,1.9900949501077328e-05,0.00034285931698936314,0.00034360817073868813,0.00034328802151343407,0.00034329800389188374,0.0003432967521587357,0.00034329675216065054,0.0003426446923310661,0.00034253630806377355,0.00034254938525336403,0.00034254778538357427,0.00034254778538555126,1.0,0.0003429812364635905,0.00034286147873101406,0.0005038294781713137,False,-0.00012897892800571855,0.00034254778538555126,1.2759879407283106,1.2757305295166477,1.2761217060181806,0.0003911765015329749,1.0,,,,,0.9984657046513397,31.919939620051693,0.999998546669778,1.0,31.88305338252686,0.9999999999979323
dt_reference_0.25ms,dt_0.25ms_severity_0.0,Baseline,0.0,71,5Hz,60.0,0.02,0.25,512a8299eaef29ce,episodic_anatomical_core,4.5861374658268805e-05,0.0007896758847882846,0.0007908881551448193,0.000790696345973019,0.0007907074046993347,0.0007907059534202564,0.0007907059534198849,0.0007893410263524757,0.0007892475725918384,0.0007892610994500622,0.0007892594426440678,0.00078925944264384,1.0,0.0007898419266874594,0.0007897750968014762,0.00012207407708962644,False,-3.2363597709217375e-05,0.0007892594426440678,1.389518870058149,1.389515827443432,1.3893558426759403,0.00015998476749179424,1.0,,,,,0.9989395371289607,31.909009594138507,0.9999994518855253,1.0,31.88305338252686,0.9999999999979323
dt_reference_0.25ms,dt_0.25ms_severity_0.0,Baseline,0.0,71,5Hz,60.0,0.02,0.25,512a8299eaef29ce,semantic_platel_peaks,2.470808761352736e-05,0.000425332828264927,0.00042618454624935307,0.0004258810101984435,0.0004258918868472797,0.00042589032809072007,0.0004258903280930464,0.0004250798875334599,0.000424969580210013,0.00042498344096706146,0.0004249815469416378,0.0004249815469442023,1.0,0.0004254656556683641,0.00042535310157384927,0.00038170581819780614,False,-9.805318071451908e-05,0.0004249815469442023,1.3004584687784302,1.3003174225338392,1.3004652267954402,0.00014780426160099225,1.0,,,,,0.998504701981885,31.913222169181278,0.9999990563804149,1.0,31.88305338252686,0.9999999999979323
dt_reference_0.25ms,dt_0.25ms_severity_0.0,Baseline,0.0,71,5Hz,60.0,0.02,0.25,512a8299eaef29ce,episodic_platel_peaks,4.13412311181869e-05,0.0007135048555709173,0.0007146139489624387,0.0007144234999930508,0.0007144358349526785,0.0007144344226284644,0.0007144344226262885,0.0007130953943156408,0.0007130678860283068,0.0007130833982738227,0.0007130816864965479,0.0007130816864945054,1.0,0.0007136568365814096,0.0007135930354385455,0.0001289831504334019,False,-3.514530299764118e-05,0.0007130816864965479,1.3905266242058332,1.3905215277439067,1.3903705308446956,0.0001509968992110533,1.0,,,,,0.9987005590086203,31.899958540828344,0.9999989778980074,1.0,31.88305338252686,0.9999999999979323
dt_reference_0.25ms,dt_0.25ms_severity_0.0,Baseline,0.0,71,5Hz,60.0,0.02,0.25,512a8299eaef29ce,semantic_expanded_left,2.286284515064466e-05,0.000393190714372229,0.00039401805736631026,0.00039368545078382103,0.0003936964265234006,0.0003936947027946942,0.00039369470279808285,0.00039294242574576744,0.00039283217671821485,0.0003928467108842549,0.0003928445061840937,0.00039284450618708074,1.0,0.00039332356113959085,0.0003931991662865027,0.00045634749741061694,False,-0.00011674949224573795,0.00039284450618708074,1.2614684777599,1.261185374052207,1.2616344616450827,0.00044908759287576316,1.0,,,,,0.998504701981885,31.916837711349977,0.9999984200071813,1.0,31.88305338252686,0.9999999999979323
dt_reference_0.25ms,dt_0.25ms_severity_0.0,Baseline,0.0,71,5Hz,60.0,0.02,0.25,512a8299eaef29ce,episodic_expanded_left,4.433254692883433e-05,0.0007624224230201389,0.0007636054700539798,0.0007634106719006591,0.0007634218031607892,0.0007634201182976012,0.0007634201182978921,0.0007620777091110003,0.000761989991676957,0.0007620037539975811,0.0007620018631144241,0.0007620018631146975,1.0,0.0007625852263867867,0.0007625171038373909,0.00012888323924712953,False,-3.4130542179244826e-05,0.0007620018631146975,1.3846114018393467,1.384610954389725,1.3844471097880184,0.00016384460170648651,1.0,,,,,0.9989212178171625,31.90875899562571,0.9999993956930611,1.0,31.88305338252686,0.9999999999979323
dt_reference_0.25ms,dt_0.25ms_severity_0.0,Baseline,0.0,71,5Hz,60.0,0.02,0.25,512a8299eaef29ce,semantic_expanded_right,2.2093245967274174e-05,0.00038130548720011263,0.00038207557800086375,0.0003817918333103932,0.00038180160161615677,0.0003818005686948402,0.00038180056869435795,0.00038110305800610257,0.0003809880285077795,0.00038100031761981374,0.0003809990658868831,0.0003809990658870882,1.0,0.0003814263516490171,0.0003813211969064772,0.00039778882760560714,False,-0.00010222887365234357,0.0003809990658870882,1.317507588817236,1.3173754307895493,1.317498590626226,0.0001231598366766562,1.0,,,,,0.9984657046513397,31.91813184896734,0.9999988144485426,1.0,31.88305338252686,0.9999999999979323
dt_reference_0.25ms,dt_0.25ms_severity_0.0,Baseline,0.0,71,5Hz,60.0,0.02,0.25,512a8299eaef29ce,episodic_expanded_right,4.349905557384971e-05,0.0007507465676569368,0.0007519124343973846,0.0007517157286590376,0.0007517269173071421,0.000751725675931322,0.0007517256759308527,0.0007504111382609642,0.0007503286046531161,0.0007503423316251919,0.000750340860599877,0.0007503408605996144,1.0,0.0007509070406807529,0.0007508388016251148,0.00013111159619478996,False,-3.488327864049623e-05,0.000750340860599877,1.388414661071346,1.388406202504198,1.388259043921628,0.00014715858257008385,1.0,,,,,0.9988609729374772,31.909217646928067,0.9999993744826045,1.0,31.88305338252686,0.9999999999979323
dt_reference_0.25ms,dt_0.25ms_severity_0.0,Baseline,0.0,71,5Hz,60.0,0.02,0.25,512a8299eaef29ce,shared_auditory_relay,7.689675407950032e-05,0.0013246528843234974,0.0013264933108814278,0.001326325847807924,0.001326338707274305,0.0013263370554789154,0.0013263370554805283,0.0013242309535736578,0.0013241123766463178,0.0013241276332031748,0.001324125740084411,0.0013241257400861506,1.0,0.0013248943545945667,0.001324838244353321,6.110047997479989e-05,False,-1.6385801289420242e-05,0.0013241257400861506,1.4361623676797817,1.4361486056636412,1.4359940006049647,0.00015460505867648244,1.0,,,,,0.9992273943135024,31.903859039791463,0.999999818287503,1.0,31.88305338252686,0.9999999999979323
dt_reference_0.25ms,dt_0.25ms_severity_0.0,Baseline,0.0,71,5Hz,60.0,0.02,0.25,512a8299eaef29ce,anterior_temporal_context,3.42536329135332e-05,0.0005897433675257507,0.0005907590250090846,0.0005905047634890586,0.0005905168487604308,0.0005905151472172926,0.0005905151472178365,0.0005894183210522951,0.0005893299492937981,0.000589345234866249,0.0005893431638284749,0.0005893431638293249,1.0,0.000589891070423956,0.0005897997113995474,0.00022345383001891097,False,-5.8301350172040856e-05,0.0005893431638293249,1.3343299927539576,1.3342537381232304,1.3342621474437661,8.409320535696096e-06,1.0,,,,,0.9987402385125194,31.907688563689305,0.9999990632592014,1.0,31.88305338252686,0.9999999999979323
dt_reference_0.25ms,dt_0.25ms_severity_0.0,Baseline,0.0,71,5Hz,60.0,0.02,0.25,512a8299eaef29ce,hippocampal_context,4.874219141834778e-05,0.0008366143956885545,0.0008377923414509946,0.00083769369042852,0.0008377054794888949,0.0008377037451863917,0.0008377037451848353,0.0008360631554613999,0.0008361284454047759,0.0008361432584760186,0.0008361412602130091,0.0008361412602114874,1.0,0.000836765451903552,0.0008367391847802999,4.52887283687813e-05,False,-1.4391438234806488e-05,0.0008361412602114874,1.426166683114105,1.4262027751568467,1.42596108240302,0.00024169275382668332,1.0,,,,,0.9987931900853079,31.89471781070562,0.999999064815441,1.0,31.88305338252686,0.9999999999979323
dt_reference_0.25ms,dt_0.25ms_severity_0.0,Baseline,0.0,71,5Hz,60.0,0.02,0.25,512a8299eaef29ce,angular_parietal_context,4.222137973248112e-05,0.0007273945296084505,0.000728511573943991,0.0007283432977747891,0.0007283561155603428,0.0007283542402464601,0.0007283542402470404,0.0007269127801832312,0.000726921049450802,0.0007269373541883038,0.0007269351038780751,0.0007269351038786885,1.0,0.0007275451738478671,0.0007274906802042624,0.00010806291708384891,False,-3.0076937281009466e-05,0.0007269351038780751,1.3861428972708865,1.3861582448484857,1.3859692467946831,0.0001889980538025693,1.0,,,,,0.998635020537971,31.899874616220494,0.999998925686076,1.0,31.88305338252686,0.9999999999979323
dt_reference_0.25ms,dt_0.25ms_severity_0.0,Baseline,0.0,89,pulse,60.0,0.02,0.25,512a8299eaef29ce,semantic_expanded,0.00010809356879628265,0.002980927428007376,,,,,,,,,,,1.0,,,,False,,,,,,,,324.0,324.0,1.0,4.476947385732203e-08,,,,,,
dt_reference_0.25ms,dt_0.25ms_severity_0.0,Baseline,0.0,89,pulse,60.0,0.02,0.25,512a8299eaef29ce,episodic_expanded,0.00015462719788802022,0.004283415155915578,,,,,,,,,,,1.0,,,,False,,,,,,,,267.0,267.0,1.0,3.055323643188342e-08,,,,,,
dt_reference_0.25ms,dt_0.25ms_severity_0.0,Baseline,0.0,89,pulse,60.0,0.02,0.25,512a8299eaef29ce,semantic_anatomical_core,9.987216846241118e-05,0.002762953133872757,,,,,,,,,,,1.0,,,,False,,,,,,,,326.0,326.0,1.0,5.137784235487113e-08,,,,,,
dt_reference_0.25ms,dt_0.25ms_severity_0.0,Baseline,0.0,89,pulse,60.0,0.02,0.25,512a8299eaef29ce,episodic_anatomical_core,0.00015889295865197757,0.004395365615929022,,,,,,,,,,,1.0,,,,False,,,,,,,,252.0,252.0,1.0,2.8890574962600885e-08,,,,,,
dt_reference_0.25ms,dt_0.25ms_severity_0.0,Baseline,0.0,89,pulse,60.0,0.02,0.25,512a8299eaef29ce,semantic_platel_peaks,0.00011848551362665437,0.00328455010696481,,,,,,,,,,,1.0,,,,False,,,,,,,,325.0,325.0,1.0,3.8666136792182264e-08,,,,,,
dt_reference_0.25ms,dt_0.25ms_severity_0.0,Baseline,0.0,89,pulse,60.0,0.02,0.25,512a8299eaef29ce,episodic_platel_peaks,0.00014770471888571682,0.004077722400734411,,,,,,,,,,,1.0,,,,False,,,,,,,,295.0,295.0,1.0,4.239550642752137e-08,,,,,,
dt_reference_0.25ms,dt_0.25ms_severity_0.0,Baseline,0.0,89,pulse,60.0,0.02,0.25,512a8299eaef29ce,semantic_expanded_left,0.00011151986494227873,0.0030920360335908934,,,,,,,,,,,1.0,,,,False,,,,,,,,324.0,324.0,1.0,4.476947385732203e-08,,,,,,
dt_reference_0.25ms,dt_0.25ms_severity_0.0,Baseline,0.0,89,pulse,60.0,0.02,0.25,512a8299eaef29ce,episodic_expanded_left,0.00015609290106017784,0.004327882524926108,,,,,,,,,,,1.0,,,,False,,,,,,,,262.0,262.0,1.0,3.039488843399192e-08,,,,,,
dt_reference_0.25ms,dt_0.25ms_severity_0.0,Baseline,0.0,89,pulse,60.0,0.02,0.25,512a8299eaef29ce,semantic_expanded_right,0.00010409622329262055,0.0028738113768768496,,,,,,,,,,,1.0,,,,False,,,,,,,,324.0,324.0,1.0,4.491943388787672e-08,,,,,,
dt_reference_0.25ms,dt_0.25ms_severity_0.0,Baseline,0.0,89,pulse,60.0,0.02,0.25,512a8299eaef29ce,episodic_expanded_right,0.0001535612319446329,0.0042394046724363275,,,,,,,,,,,1.0,,,,False,,,,,,,,272.0,272.0,1.0,3.055323643188342e-08,,,,,,
dt_reference_0.25ms,dt_0.25ms_severity_0.0,Baseline,0.0,89,pulse,60.0,0.02,0.25,512a8299eaef29ce,shared_auditory_relay,0.00023191366594667472,0.006416213337531456,,,,,,,,,,,1.0,,,,False,,,,,,,,220.0,220.0,1.0,1.2739848206320118e-08,,,,,,
dt_reference_0.25ms,dt_0.25ms_severity_0.0,Baseline,0.0,89,pulse,60.0,0.02,0.25,512a8299eaef29ce,anterior_temporal_context,0.00013944269840769668,0.0038574136867652615,,,,,,,,,,,1.0,,,,False,,,,,,,,284.0,284.0,1.0,3.653236696157411e-08,,,,,,
dt_reference_0.25ms,dt_0.25ms_severity_0.0,Baseline,0.0,89,pulse,60.0,0.02,0.25,512a8299eaef29ce,hippocampal_context,0.0001613801887265963,0.004461333039588061,,,,,,,,,,,1.0,,,,False,,,,,,,,274.0,274.0,1.0,3.8326670372404464e-08,,,,,,
dt_reference_0.25ms,dt_0.25ms_severity_0.0,Baseline,0.0,89,pulse,60.0,0.02,0.25,512a8299eaef29ce,angular_parietal_context,0.0001561098573847039,0.004319026667792555,,,,,,,,,,,1.0,,,,False,,,,,,,,297.0,297.0,1.0,3.986098431168497e-08,,,,,,
dt_reference_0.25ms,dt_0.25ms_severity_0.0,Baseline,0.0,89,2Hz,60.0,0.02,0.25,512a8299eaef29ce,semantic_expanded,1.2180363946820587e-05,0.000279737821667227,0.00028086304810610814,0.00028030628173239064,0.0002803112178149117,0.0002803099881934057,0.0002803099881891862,0.000279746041374454,0.00027961340530733355,0.00027961842176380333,0.00027961723563026505,0.00027961723562758533,1.0,0.00027992783998401005,0.00027971155012237363,0.001115147832086221,False,-0.00028341374392821806,0.00027961723563026505,2.137259981740848,2.127337415819756,2.1438600860044525,0.01652267018469633,1.0,,,,,0.9994990902547177,31.599819221357134,0.9999980792985238,1.0,31.540186453882654,0.9999999999997048
dt_reference_0.25ms,dt_0.25ms_severity_0.0,Baseline,0.0,89,2Hz,60.0,0.02,0.25,512a8299eaef29ce,episodic_expanded,2.4011415004316076e-05,0.0005529323626869527,0.0005544964985502792,0.0005541156240126061,0.0005541229791310819,0.0005541210688174258,0.0005541210688031276,0.000552976113144805,0.0005528342339870616,0.0005528415693464276,0.0005528396844614717,0.000552839684450659,1.0,0.0005531562845844943,0.0005530129805452727,0.00037380179399003723,False,-9.700400294558875e-05,0.0005528396844614717,2.2222860112519696,2.218421844828046,2.222374750664914,0.003952905836868137,1.0,,,,,0.9998358188541555,31.58541066906099,0.9999995620853688,1.0,31.540186453882654,0.9999999999997048
dt_reference_0.25ms,dt_0.25ms_severity_0.0,Baseline,0.0,89,2Hz,60.0,0.02,0.25,512a8299eaef29ce,semantic_anatomical_core,1.0748822663519054e-05,0.00024718463562454487,0.0002482630962619935,0.0002476735559910617,0.000247677727045052,0.0002476767701443765,0.0002476767701336388,0.0002471844360311867,0.0002470554436946772,0.00024705970877631265,0.0002470587967198105,0.0002470587967105364,1.0,0.0002473722482427151,0.00024714300542616816,0.001337582595597768,False,-0.0003401899980536527,0.0002470587967198105,2.1242090197242973,2.1128863218043428,2.1323578305059985,0.019471508701655704,1.0,,,,,0.9994795067258586,31.603944661799552,0.9999978919276384,1.0,31.540186453882654,0.9999999999997048
dt_reference_0.25ms,dt_0.25ms_severity_0.0,Baseline,0.0,89,2Hz,60.0,0.02,0.25,512a8299eaef29ce,episodic_anatomical_core,2.514448997022011e-05,0.0005778760113920602,0.0005794741645860127,0.000579116162800962,0.0005791235569471426,0.0005791216106252685,0.0005791216106140965,0.0005779226498283125,0.0005777811509602308,0.0005777885084966469,0.0005777865863967284,0.0005777865863889743,1.0,0.0005781020763968691,0.0005779670605756337,0.0003369809821818731,False,-8.712217051272121e-05,0.0005777865863967284,2.224772143557763,2.2211620604449642,2.2246022107074817,0.0034401502625174274,1.0,,,,,0.9998396462730439,31.585209452541577,0.9999996380427008,1.0,31.540186453882654,0.9999999999997048
dt_reference_0.25ms,dt_0.25ms_severity_0.0,Baseline,0.0,89,2Hz,60.0,0.02,0.25,512a8299eaef29ce,semantic_platel_peaks,1.336451135940246e-05,0.0003070291531497931,0.00030821671757095105,0.0003076672829399311,0.0003076734740681267,0.0003076718252048295,0.00030767182519315277,0.00030704297394659107,0.00030690456485836894,0.0003069108022020347,0.0003069091945966756,0.00030690919458691246,1.0,0.0003072254995290438,0.00030701305733517987,0.000997948788329387,False,-0.0002542129638313462,0.0003069091945966756,2.150166128295524,2.142037198751993,2.154667458575015,0.01263025982302235,1.0,,,,,0.9994990902547177,31.60807010224197,0.99999789961042,1.0,31.540186453882654,0.9999999999997048
dt_reference_0.25ms,dt_0.25ms_severity_0.0,Baseline,0.0,89,2Hz,60.0,0.02,0.25,512a8299eaef29ce,episodic_platel_peaks,2.2530169747411974e-05,0.0005189893955984518,0.0005205488072943201,0.0005200738569842507,0.0005200809978945581,0.0005200794890319918,0.0005200794889967659,0.0005190204931756459,0.0005188770926985166,0.0005188842763177579,0.0005188827997210878,0.0005188827996897234,1.0,0.0005192195359287834,0.000519044663307908,0.0004859800915704486,False,-0.00012934853108177436,0.0005188827997210878,2.2247925185014554,2.220073440761261,2.2257491540063175,0.005675713245056446,1.0,,,,,0.9996822005494291,31.585883404729913,0.9999992216585575,1.0,31.540186453882654,0.9999999999997048
dt_reference_0.25ms,dt_0.25ms_severity_0.0,Baseline,0.0,89,2Hz,60.0,0.02,0.25,512a8299eaef29ce,semantic_expanded_left,1.2354633901225836e-05,0.0002836341574184781,0.00028482742122467886,0.00028419945477245576,0.00028420541966809953,0.000284203794760832,0.00028420379476085214,0.0002836336471763789,0.0002834952830631206,0.00028350141634746065,0.000283499850644459,0.0002834998506456853,1.0,0.0002838393202379692,0.00028359568869176365,0.0012388592158818475,False,-0.0003151212247051838,0.0002834998506456853,2.1092274834122087,2.096864128678954,2.1186159782035103,0.02175184952455611,1.0,,,,,0.9994990902547177,31.599819221357134,0.9999980792985238,1.0,31.540186453882654,0.9999999999997048
dt_reference_0.25ms,dt_0.25ms_severity_0.0,Baseline,0.0,89,2Hz,60.0,0.02,0.25,512a8299eaef29ce,episodic_expanded_left,2.4258946488266726e-05,0.0005569299666885947,0.0005585011527827236,0.0005581238232514079,0.0005581319796917769,0.0005581296337377794,0.0005581296337230402,0.0005569766962072027,0.0005568321823503647,0.0005568403116256853,0.0005568379911528264,0.0005568379911417747,1.0,0.0005571547474308196,0.0005570126043367953,0.00036811191358775104,False,-9.525009241162508e-05,0.0005568379911528264,2.2208759504348734,2.2171081991198385,2.2208674452871877,0.0037592461673492394,1.0,,,,,0.9998372195473769,31.585400886062423,0.9999996010863139,1.0,31.540186453882654,0.9999999999997048
dt_reference_0.25ms,dt_0.25ms_severity_0.0,Baseline,0.0,89,2Hz,60.0,0.02,0.25,512a8299eaef29ce,semantic_expanded_right,1.1977049000014464e-05,0.00027589501061280595,0.00027695385315175885,0.0002764664402384118,0.00027647037457849866,0.00027646952971584974,0.00027646952970750773,0.00027591172078400393,0.00027578468178659376,0.00027578861085425586,0.00027578779418675964,0.0002757877941802808,1.0,0.00027607026233158013,0.0002758806088794163,0.0009914364482907709,False,-0.00025170626315080825,0.00027578779418675964,2.1652924800694873,2.1578107029605587,2.1691041938053948,0.011293490844836107,1.0,,,,,0.9995019839082935,31.60187335168246,0.9999982426324333,1.0,31.540186453882654,0.9999999999997048
dt_reference_0.25ms,dt_0.25ms_severity_0.0,Baseline,0.0,89,2Hz,60.0,0.02,0.25,512a8299eaef29ce,episodic_expanded_right,2.383139210689742e-05,0.0005489634532047474,0.0005505205591296871,0.0005501362098936449,0.0005501427747800297,0.0005501412939697536,0.0005501412939558909,0.0005490042649737379,0.0005488649901268786,0.0005488715425525296,0.000548870087119429,0.0005488700871088528,1.0,0.0005491865170067769,0.0005490420760149471,0.00037949167439213846,False,-9.875791347973007e-05,0.000548870087119429,2.223696072069066,2.219735490536254,2.2238820560426404,0.00414656550638659,1.0,,,,,0.9997821230038856,31.58541066906099,0.9999995620853688,1.0,31.540186453882654,0.9999999999997048
dt_reference_0.25ms,dt_0.25ms_severity_0.0,Baseline,0.0,89,2Hz,60.0,0.02,0.25,512a8299eaef29ce,shared_auditory_relay,4.256040292141007e-05,0.0009786284636238648,0.000980982421470178,0.00098071062032795,0.0009807189763722396,0.0009807168504868161,0.000980716850476098,0.0009786835491012085,0.0009785373759550343,0.0009785456377278598,0.0009785435420244263,0.0009785435420170145,1.0,0.0009789381882079934,0.000978836127539673,0.00015041817537888205,False,-3.860359551595139e-05,0.0009785435420244263,2.2611190505613683,2.2585813705928253,2.259855145501338,0.0012737749085127703,1.0,,,,,0.9999398917629835,31.577442652292742,0.9999998874584332,1.0,31.540186453882654,0.9999999999997048
dt_reference_0.25ms,dt_0.25ms_severity_0.0,Baseline,0.0,89,2Hz,60.0,0.02,0.25,512a8299eaef29ce,anterior_temporal_context,1.8620227798341057e-05,0.0004278991137330579,0.0004292993066657291,0.00042879903010891764,0.0004288068904036537,0.0004288049285114052,0.00042880492849559743,0.0004279249994188775,0.00042778081841698425,0.0004277887978827081,0.00042778687489511424,0.00042778687488222324,1.0,0.0004281152282144076,0.00042792494869465066,0.0006413608413764839,False,-0.00016524326631266463,0.00042778687489511424,2.176932125818664,2.1703804915272427,2.179841047189581,0.009460555662338166,1.0,,,,,0.9997582154857697,31.588215415495903,0.9999992053961806,1.0,31.540186453882654,0.9999999999997048
dt_reference_0.25ms,dt_0.25ms_severity_0.0,Baseline,0.0,89,2Hz,60.0,0.02,0.25,512a8299eaef29ce,hippocampal_context,2.6503956301261212e-05,0.0006068649464604552,0.0006085775957565444,0.0006081232937461055,0.0006081313087120527,0.0006081289690940869,0.0006081289690605164,0.0006068934935700031,0.0006067596766499024,0.0006067676746283206,0.0006067653605796233,0.0006067653605487931,1.0,0.0006071091109413272,0.0006069489504001292,0.00038064541924398934,False,-0.00010571753783974459,0.0006067653605796233,2.252662606127137,2.2487794227065288,2.2527670738116665,0.003987651105137768,1.0,,,,,0.9997824386171379,31.57851952197653,0.9999990473749711,1.0,31.540186453882654,0.9999999999997048
dt_reference_0.25ms,dt_0.25ms_severity_0.0,Baseline,0.0,89,2Hz,60.0,0.02,0.25,512a8299eaef29ce,angular_parietal_context,2.2898543542798762e-05,0.0005265783473343169,0.0005281812457577826,0.000527682963919641,0.0005276920849097678,0.0005276897095308845,0.0005276897094986972,0.0005266074963107369,0.0005264621293844964,0.0005264713491044653,0.0005264690103393099,0.0005264690103098639,1.0,0.0005268152108364874,0.0005266339969553431,0.0004963435698883917,False,-0.0001334005341816713,0.0005264690103393099,2.221059536778516,2.2164469565385656,2.2219140107287996,0.0054670541902339664,1.0,,,,,0.9996913242397079,31.58423898868303,0.9999992898027439,1.0,31.540186453882654,0.9999999999997048
dt_reference_0.25ms,dt_0.25ms_severity_0.0,Baseline,0.0,89,5Hz,60.0,0.02,0.25,512a8299eaef29ce,semantic_expanded,2.2507636177306245e-05,0.0003872023380185804,0.00038800021775232664,0.00038769291950131854,0.00038770339168035046,0.00038770202658647485,0.00038770202658789456,0.00038697646562372336,0.00038686461758972144,0.00038687817251026644,0.00038687645301185847,0.0003868764530135363,1.0,0.00038732895583588694,0.00038721463912289505,0.0004258615194678111,False,-0.00010922411572931168,0.0003868764530135363,1.289488172242499,1.2892807064726062,1.289566525777107,0.0002858193045007784,1.0,,,,,0.9984958567011752,31.916819275429795,0.9999986704260372,1.0,31.88305345136576,0.9999999999979554
dt_reference_0.25ms,dt_0.25ms_severity_0.0,Baseline,0.0,89,5Hz,60.0,0.02,0.25,512a8299eaef29ce,episodic_expanded,4.3849982921385675e-05,0.0007565616898966965,0.0007577352917241525,0.0007575403681306761,0.0007575517983297609,0.000757550331295501,0.0007575503312961657,0.0007562208751124428,0.0007561364944397264,0.0007561505760389352,0.0007561488833205898,0.0007561488833213649,1.0,0.0007567230428981647,0.0007566554225898394,0.0001289241069222388,False,-3.42712503473841e-05,0.0007561488833213649,1.386513701466189,1.3865099234585063,1.3863530767910937,0.00015684666741266895,1.0,,,,,0.9989145795655319,31.908821324316513,0.9999993734266234,1.0,31.88305345136576,0.9999999999979554
dt_reference_0.25ms,dt_0.25ms_severity_0.0,Baseline,0.0,89,5Hz,60.0,0.02,0.25,512a8299eaef29ce,semantic_anatomical_core,1.990094180991012e-05,0.00034285918430764395,0.0003436076320094641,0.00034328793653474256,0.0003432979947034686,0.00034329675215882317,0.00034329675216083805,0.0003426436860099828,0.00034253618371583606,0.00034254938174158663,0.00034254778538369234,0.0003425477853858984,1.0,0.0003429809736505589,0.0003428614787783164,0.0005027237982421246,False,-0.00012873487697948605,0.0003425477853858984,1.2759878902688846,1.2757304610264293,1.2761217055893805,0.000391244562951254,1.0,,,,,0.9984652661890641,31.919906771057466,0.9999985437872895,1.0,31.88305345136576,0.9999999999979554
dt_reference_0.25ms,dt_0.25ms_severity_0.0,Baseline,0.0,89,5Hz,60.0,0.02,0.25,512a8299eaef29ce,episodic_anatomical_core,4.5861357831404644e-05,0.0007896755949143293,0.0007908869971096766,0.0007906960902478761,0.0007907074109096983,0.0007907059534195513,0.000790705953420314,0.0007893399553787375,0.0007892472597949289,0.0007892611133625257,0.0007892594426432876,0.0007892594426441856,1.0,0.0007898413475139276,0.0007897750968500228,0.00012101609180882887,False,-3.21290254304607e-05,0.0007892594426441856,1.3895195228900241,1.3895171363662875,1.389355842613947,0.00016129375234053,1.0,,,,,0.9989395700404688,31.909026109317747,0.9999994511377956,1.0,31.88305345136576,0.9999999999979554
dt_reference_0.25ms,dt_0.25ms_severity_0.0,Baseline,0.0,89,5Hz,60.0,0.02,0.25,512a8299eaef29ce,semantic_platel_peaks,2.470807623296509e-05,0.0004253326243339258,0.0004261837419067978,0.0004258808485626374,0.00042589188111530444,0.00042589032809070267,0.0004258903280930229,0.0004250788537146099,0.0004249693650078786,0.00042498344350264746,0.00042498154694134644,0.00042498154694417816,1.0,0.00042546525013950593,0.0004253531016339934,0.0003803305214229409,False,-9.775352161449647e-05,0.00042498154694417816,1.300458930312519,1.3003183628964123,1.3004652264909016,0.0001468635944892327,1.0,,,,,0.9985042833759532,31.91325998245517,0.9999990524631711,1.0,31.88305345136576,0.9999999999979554
dt_reference_0.25ms,dt_0.25ms_severity_0.0,Baseline,0.0,89,5Hz,60.0,0.02,0.25,512a8299eaef29ce,episodic_platel_peaks,4.134121421102204e-05,0.0007135045636342858,0.0007146128699358361,0.0007144231768543886,0.00071443583387336,0.0007144344226308826,0.0007144344226313661,0.0007130942284246227,0.0007130675008666154,0.0007130834032236409,0.0007130816864984784,0.0007130816864989832,1.0,0.0007136562543797736,0.0007135930354777695,0.00012780611925251412,False,-3.4894835728938034e-05,0.0007130816864989832,1.3905274260591196,1.3905231418411408,1.3903705307818,0.00015261105934083474,1.0,,,,,0.9987004454463494,31.899997947684593,0.9999989769390125,1.0,31.88305345136576,0.9999999999979554
dt_reference_0.25ms,dt_0.25ms_severity_0.0,Baseline,0.0,89,5Hz,60.0,0.02,0.25,512a8299eaef29ce,semantic_expanded_left,2.2862836900583643e-05,0.0003931905723627557,0.00039401749711471997,0.00039368533438328496,0.00039369641489669883,0.00039369470279426407,0.0003936947027983349,0.00039294151723851033,0.0003928320102581237,0.0003928467077205766,0.00039284450618384874,0.0003928445061875602,1.0,0.0003933232780922759,0.00039319916635186056,0.000455309051036536,False,-0.00011652302825728712,0.0003928445061875602,1.2614683457278033,1.2611851318183382,1.26163446113352,0.0004493293151817124,1.0,,,,,0.9985042833759532,31.916819275429795,0.9999984171485418,1.0,31.88305345136576,0.9999999999979554
dt_reference_0.25ms,dt_0.25ms_severity_0.0,Baseline,0.0,89,5Hz,60.0,0.02,0.25,512a8299eaef29ce,episodic_expanded_left,4.4332530779126036e-05,0.00076242214503525,0.0007636043756645342,0.0007634104128074491,0.0007634218147856863,0.0007634201182967096,0.0007634201182962424,0.0007620767038079914,0.0007619896660550945,0.000762003775946538,0.0007620018631136289,0.0007620018631131477,1.0,0.0007625846713467822,0.0007625171038848595,0.0001278330979454829,False,-3.3899295498951434e-05,0.0007620018631136289,1.3846119380036848,1.3846120313317676,1.3844471097316569,0.00016492160011072343,1.0,,,,,0.9989212136723297,31.908775236925024,0.9999993948856509,1.0,31.88305345136576,0.9999999999979554
dt_reference_0.25ms,dt_0.25ms_severity_0.0,Baseline,0.0,89,5Hz,60.0,0.02,0.25,512a8299eaef29ce,semantic_expanded_right,2.209323533348261e-05,0.0003813053035990252,0.0003820748319002221,0.0003817917171512438,0.0003818015969484706,0.0003818005686955099,0.00038180056869435795,0.00038110196651918555,0.0003809878737847745,0.0003810003174860355,0.00038099906588738363,0.0003809990658870885,1.0,0.0003814259882012934,0.00038132119694501607,0.00039641398789819763,False,-0.00010192520320151388,0.00038099906588738363,1.3175079987571945,1.317376281126874,1.317498590420694,0.00012230929381984446,1.0,,,,,0.9984652661890641,31.918127124570155,0.99999881044773,1.0,31.88305345136576,0.9999999999979554
dt_reference_0.25ms,dt_0.25ms_severity_0.0,Baseline,0.0,89,5Hz,60.0,0.02,0.25,512a8299eaef29ce,episodic_expanded_right,4.349903902484724e-05,0.0007507462818946338,0.0007519113177221067,0.0007517154596269626,0.0007517269169387832,0.0007517256759310062,0.0007517256759327863,0.0007504100428451283,0.0007503282835626534,0.00075034233647174,0.0007503408605993332,0.0007503408606013445,1.0,0.0007509064700208963,0.0007508388016710768,0.00013001511590003104,False,-3.4643205195816766e-05,0.0007503408606013445,1.388415464928693,1.3884078155852448,1.3882590438505302,0.00014877173471461447,1.0,,,,,0.9988610015333237,31.90923089431898,0.9999993734266234,1.0,31.88305345136576,0.9999999999979554
dt_reference_0.25ms,dt_0.25ms_severity_0.0,Baseline,0.0,89,5Hz,60.0,0.02,0.25,512a8299eaef29ce,shared_auditory_relay,7.6896735848557e-05,0.0013246525692836146,0.0013264921439619746,0.0013263255030153,0.0013263387097772483,0.0013263370554786494,0.0013263370554800135,0.0013242298148337971,0.0013241119884759651,0.0013241276422488043,0.001324125740084149,0.0013241257400855742,1.0,0.0013248937265997194,0.0013248382444088185,6.0416587456857186e-05,False,-1.624013485903575e-05,0.0013241257400855742,1.4361627002693649,1.4361492758092869,1.435994000525148,0.00015527528413894487,1.0,,,,,0.9992273844633963,31.903863335303296,0.9999998179810474,1.0,31.88305345136576,0.9999999999979554
dt_reference_0.25ms,dt_0.25ms_severity_0.0,Baseline,0.0,89,5Hz,60.0,0.02,0.25,512a8299eaef29ce,anterior_temporal_context,3.425361644345876e-05,0.0005897430810921178,0.0005907579481558183,0.0005905044798927054,0.0005905168408350689,0.0005905151472165311,0.0005905151472167712,0.000589417372627561,0.0005893296005105452,0.0005893452347005335,0.0005893431638277582,0.0005893431638282717,1.0,0.0005898904993291007,0.0005897997114478372,0.00022205698603533093,False,-5.80037279975798e-05,0.0005893431638282717,1.3343309826812861,1.3342557246617115,1.3342621473093326,6.422647621073807e-06,1.0,,,,,0.9987402384654793,31.907688928635565,0.9999990624745958,1.0,31.88305345136576,0.9999999999979554
dt_reference_0.25ms,dt_0.25ms_severity_0.0,Baseline,0.0,89,5Hz,60.0,0.02,0.25,512a8299eaef29ce,hippocampal_context,4.874216862744786e-05,0.0008366139871453738,0.0008377907005638436,0.0008376933477974233,0.0008377054866809166,0.0008377037451862132,0.0008377037451847787,0.0008360616707982247,0.0008361280279333154,0.0008361432757038493,0.0008361412602128264,0.000836141260211428,1.0,0.0008367646351636381,0.0008367391847862586,4.388054906021614e-05,False,-1.407936960129419e-05,0.000836141260211428,1.4261676692778948,1.426204750163205,1.4259610824148057,0.00024366774839923444,1.0,,,,,0.9987932282271638,31.894729851041618,0.9999990636404226,1.0,31.88305345136576,0.9999999999979554
dt_reference_0.25ms,dt_0.25ms_severity_0.0,Baseline,0.0,89,5Hz,60.0,0.02,0.25,512a8299eaef29ce,angular_parietal_context,4.222135816253769e-05,0.000727394158038994,0.0007285101833526821,0.0007283429013506797,0.0007283561201419613,0.000728354240247435,0.0007283542402471794,0.00072691150152111,0.0007269205676538767,0.0007269373692285725,0.000726935103878981,0.0007269351038787706,1.0,0.0007275444322530703,0.0007274906802340282,0.00010659230238447827,False,-2.976229194393554e-05,0.0007269351038787706,1.3861438554040393,1.386160168713096,1.3859692467956077,0.0001909219174882626,1.0,,,,,0.9986350630589914,31.89986948904255,0.9999989229688973,1.0,31.88305345136576,0.9999999999979554
dt_reference_0.25ms,dt_0.25ms_severity_0.0,Baseline,0.0,107,pulse,60.0,0.02,0.25,512a8299eaef29ce,semantic_expanded,0.00010810004462014644,0.0029810722718940797,,,,,,,,,,,1.0,,,,False,,,,,,,,324.0,324.0,1.0,4.4761012422585416e-08,,,,,,
dt_reference_0.25ms,dt_0.25ms_severity_0.0,Baseline,0.0,107,pulse,60.0,0.02,0.25,512a8299eaef29ce,episodic_expanded,0.00015463792234311627,0.00428366710109973,,,,,,,,,,,1.0,,,,False,,,,,,,,267.0,267.0,1.0,3.011468324392894e-08,,,,,,
dt_reference_0.25ms,dt_0.25ms_severity_0.0,Baseline,0.0,107,pulse,60.0,0.02,0.25,512a8299eaef29ce,semantic_anatomical_core,9.987783569580851e-05,0.002763079534580651,,,,,,,,,,,1.0,,,,False,,,,,,,,326.0,326.0,1.0,5.062472352039167e-08,,,,,,
dt_reference_0.25ms,dt_0.25ms_severity_0.0,Baseline,0.0,107,pulse,60.0,0.02,0.25,512a8299eaef29ce,episodic_anatomical_core,0.00015890413102813362,0.004395626666569426,,,,,,,,,,,1.0,,,,False,,,,,,,,252.0,252.0,1.0,2.8696520136461625e-08,,,,,,
dt_reference_0.25ms,dt_0.25ms_severity_0.0,Baseline,0.0,107,pulse,60.0,0.02,0.25,512a8299eaef29ce,semantic_platel_peaks,0.00011849300278635267,0.0032847197456704487,,,,,,,,,,,1.0,,,,False,,,,,,,,325.0,325.0,1.0,3.889088662071619e-08,,,,,,
dt_reference_0.25ms,dt_0.25ms_severity_0.0,Baseline,0.0,107,pulse,60.0,0.02,0.25,512a8299eaef29ce,episodic_platel_peaks,0.00014771439487559182,0.004077945657372013,,,,,,,,,,,1.0,,,,False,,,,,,,,295.0,295.0,1.0,4.200715744396205e-08,,,,,,
dt_reference_0.25ms,dt_0.25ms_severity_0.0,Baseline,0.0,107,pulse,60.0,0.02,0.25,512a8299eaef29ce,semantic_expanded_left,0.00011152686567849537,0.0030921956198419064,,,,,,,,,,,1.0,,,,False,,,,,,,,324.0,324.0,1.0,4.4761012422585416e-08,,,,,,
dt_reference_0.25ms,dt_0.25ms_severity_0.0,Baseline,0.0,107,pulse,60.0,0.02,0.25,512a8299eaef29ce,episodic_expanded_left,0.00015610423382061942,0.004328148425245054,,,,,,,,,,,1.0,,,,False,,,,,,,,262.0,262.0,1.0,3.023532436454179e-08,,,,,,
dt_reference_0.25ms,dt_0.25ms_severity_0.0,Baseline,0.0,107,pulse,60.0,0.02,0.25,512a8299eaef29ce,semantic_expanded_right,0.00010410208671873937,0.002873942331860003,,,,,,,,,,,1.0,,,,False,,,,,,,,324.0,324.0,1.0,4.436918947056271e-08,,,,,,
dt_reference_0.25ms,dt_0.25ms_severity_0.0,Baseline,0.0,107,pulse,60.0,0.02,0.25,512a8299eaef29ce,episodic_expanded_right,0.00015357151399584125,0.004239642921211789,,,,,,,,,,,1.0,,,,False,,,,,,,,272.0,272.0,1.0,3.011468324392894e-08,,,,,,
dt_reference_0.25ms,dt_0.25ms_severity_0.0,Baseline,0.0,107,pulse,60.0,0.02,0.25,512a8299eaef29ce,shared_auditory_relay,0.00023193023518540689,0.006416601361788661,,,,,,,,,,,1.0,,,,False,,,,,,,,220.0,220.0,1.0,1.2694155407670723e-08,,,,,,
dt_reference_0.25ms,dt_0.25ms_severity_0.0,Baseline,0.0,107,pulse,60.0,0.02,0.25,512a8299eaef29ce,anterior_temporal_context,0.00013945196482708036,0.0038576277061763533,,,,,,,,,,,1.0,,,,False,,,,,,,,284.0,284.0,1.0,3.650401280692015e-08,,,,,,
dt_reference_0.25ms,dt_0.25ms_severity_0.0,Baseline,0.0,107,pulse,60.0,0.02,0.25,512a8299eaef29ce,hippocampal_context,0.00016139148695355174,0.004461596258135469,,,,,,,,,,,1.0,,,,False,,,,,,,,274.0,274.0,1.0,3.810812641862504e-08,,,,,,
dt_reference_0.25ms,dt_0.25ms_severity_0.0,Baseline,0.0,107,pulse,60.0,0.02,0.25,512a8299eaef29ce,angular_parietal_context,0.0001561202379204807,0.0043192665092191725,,,,,,,,,,,1.0,,,,False,,,,,,,,297.0,297.0,1.0,3.9709658575589705e-08,,,,,,
dt_reference_0.25ms,dt_0.25ms_severity_0.0,Baseline,0.0,107,2Hz,60.0,0.02,0.25,512a8299eaef29ce,semantic_expanded,1.2180419858294384e-05,0.00027973911614339057,0.00028086950341966316,0.0002803064055617661,0.0002803112182015799,0.00028030998819832126,0.00028030998818933707,0.000279748332681694,0.00027961352728106945,0.000279618421240475,0.00027961723563491963,0.00027961723562773934,1.0,0.0002799304040932714,0.0002797115505182171,0.0011283606631171175,False,-0.0002867614393754714,0.00027961723563491963,2.137178632983317,2.1271810797821096,2.143860096676033,0.016679016893923482,1.0,,,,,0.9994951668666927,31.59993600606773,0.9999980645850396,1.0,31.54018650614619,0.999999999999675
dt_reference_0.25ms,dt_0.25ms_severity_0.0,Baseline,0.0,107,2Hz,60.0,0.02,0.25,512a8299eaef29ce,episodic_expanded,2.4011456145629953e-05,0.0005529333063337662,0.000554501461614647,0.0005541156916167594,0.0005541229802063935,0.0005541210688242618,0.0005541210688037506,0.0005529782101756679,0.0005528343197804882,0.0005528415686333704,0.0005528396844680897,0.0005528396844512919,1.0,0.0005531581489314959,0.000553012981203369,0.00037866249979376203,False,-9.83040923234313e-05,0.0005528396844680897,2.222258628175463,2.218367231061789,2.2223747562598684,0.0040075251980793425,1.0,,,,,0.9998339224032322,31.585544461477753,0.9999995549646948,1.0,31.54018650614619,0.999999999999675
dt_reference_0.25ms,dt_0.25ms_severity_0.0,Baseline,0.0,107,2Hz,60.0,0.02,0.25,512a8299eaef29ce,semantic_anatomical_core,1.0748879373500847e-05,0.0002471859399031358,0.0002482695215060661,0.00024767368609351524,0.00024767773180121145,0.0002476767701454764,0.00024767677013382445,0.0002471867166762689,0.00024705556681407407,0.00024705971284724433,0.0002470587967207497,0.000247058796710726,1.0,0.00024737482795092377,0.00024714300560518235,0.0013526265399277405,False,-0.00034396164971433056,0.0002470587967207497,2.1241190908915435,2.1127147061948035,2.1323578410348545,0.01964313484005098,1.0,,,,,0.9994741860877723,31.60408453062753,0.9999978644492669,1.0,31.54018650614619,0.999999999999675
dt_reference_0.25ms,dt_0.25ms_severity_0.0,Baseline,0.0,107,2Hz,60.0,0.02,0.25,512a8299eaef29ce,episodic_anatomical_core,2.514452865663635e-05,0.000577876902726443,0.0005794788750900943,0.0005791162461617767,0.0005791235578605145,0.0005791216106317696,0.0005791216106137267,0.0005779246442550809,0.000577781253302543,0.0005777885076342255,0.0005777865864029574,0.0005777865863886048,1.0,0.0005781038403071271,0.0005779670612066224,0.0003413813645125978,False,-8.830530494785549e-05,0.0005777865864029574,2.224747121308653,2.2211121309112176,2.224602217334385,0.0034900864231675044,1.0,,,,,0.9998377339062396,31.58528824062612,0.9999996360938612,1.0,31.54018650614619,0.999999999999675
dt_reference_0.25ms,dt_0.25ms_severity_0.0,Baseline,0.0,107,2Hz,60.0,0.02,0.25,512a8299eaef29ce,semantic_platel_peaks,1.3364567119442615e-05,0.00030703050121659115,0.0003082235365607382,0.00030766740678859756,0.00030767347337475764,0.00030767182521576733,0.00030767182519316865,0.00030704535753819717,0.0003069046923483035,0.00030691080014375857,0.0003069091946074238,0.0003069091945869283,1.0,0.0003072281770899612,0.0003070130581506567,0.0010105184146512547,False,-0.0002574337831071638,0.0003069091946074238,2.1500950923041064,2.1418977103903947,2.154667470733858,0.012769760343463332,1.0,,,,,0.9994951668666927,31.608233055187334,0.9999978526017045,1.0,31.54018650614619,0.999999999999675
dt_reference_0.25ms,dt_0.25ms_severity_0.0,Baseline,0.0,107,2Hz,60.0,0.02,0.25,512a8299eaef29ce,episodic_platel_peaks,2.253022194878131e-05,0.0005189905977573461,0.0005205549665967682,0.0005200738425565958,0.0005200809969320992,0.0005200794890358308,0.0005200794890016069,0.0005190232379690131,0.0005188770946399903,0.0005188842737115322,0.0005188827997250926,0.0005188827996946132,1.0,0.0005192218880835264,0.0005190446641595502,0.0004925133688994819,False,-0.00013105356157705472,0.0005188827997250926,2.2247570536645895,2.220002746628982,2.225749153711196,0.005746407082214411,1.0,,,,,0.9996790925093652,31.586013880802184,0.9999992154351023,1.0,31.54018650614619,0.999999999999675
dt_reference_0.25ms,dt_0.25ms_severity_0.0,Baseline,0.0,107,2Hz,60.0,0.02,0.25,512a8299eaef29ce,semantic_expanded_left,1.2354686048791316e-05,0.00028363535454694743,0.0002848335552977692,0.00028419955260103514,0.000284205419672415,0.0002842037947663222,0.00028420379476100713,0.0002836351859874884,0.00028349537776211557,0.0002835014154016768,0.0002834998506498394,0.00028349985064584087,1.0,0.0002838417040543154,0.00028359568895423083,0.0012509742624903606,False,-0.0003182530234709269,0.0002834998506498394,2.109127550620605,2.0966752641154143,2.1186159989102173,0.021940734794803074,1.0,,,,,0.9994951668666927,31.59993600606773,0.9999980645850396,1.0,31.54018650614619,0.999999999999675
dt_reference_0.25ms,dt_0.25ms_severity_0.0,Baseline,0.0,107,2Hz,60.0,0.02,0.25,512a8299eaef29ce,episodic_expanded_left,2.4258986862941467e-05,0.0005569308934801541,0.0005585062198626551,0.0005581239121780238,0.0005581319825049125,0.0005581296337444265,0.0005581296337232067,0.0005569788328339355,0.0005568322910717344,0.0005568403122234269,0.0005568379911591876,0.0005568379911419478,1.0,0.0005571565980665599,0.0005570126047125204,0.0003729029638085968,False,-9.657048417954783e-05,0.0005568379911591876,2.2208501780931944,2.2170568437004547,2.2208674530439247,0.003810609343469995,1.0,,,,,0.9998352365468164,31.585430481749718,0.9999995951160341,1.0,31.54018650614619,0.999999999999675
dt_reference_0.25ms,dt_0.25ms_severity_0.0,Baseline,0.0,107,2Hz,60.0,0.02,0.25,512a8299eaef29ce,semantic_expanded_right,1.1977109302714634e-05,0.0002758963995362313,0.00027696061957566007,0.0002764665893378719,0.0002764703753370412,0.00027646952972020536,0.0002764695297076541,0.0002759147436723172,0.0002757848302703762,0.00027578861074198813,0.0002757877941907073,0.0002757877941804326,1.0,0.0002760730013121229,0.00027588060940493325,0.0010057470637439018,False,-0.00025526985528046,0.0002757877941907073,2.1652297153460283,2.157686895448805,2.1691041944418488,0.01141729899304389,1.0,,,,,0.9994962137383827,31.601915954915572,0.9999982223376811,1.0,31.54018650614619,0.999999999999675
dt_reference_0.25ms,dt_0.25ms_severity_0.0,Baseline,0.0,107,2Hz,60.0,0.02,0.25,512a8299eaef29ce,episodic_expanded_right,2.383143380576703e-05,0.0005489644134170935,0.0005505254194096388,0.0005501362564770062,0.0005501427741423376,0.0005501412939767746,0.0005501412939569633,0.0005490063228673101,0.0005488650533159949,0.0005488715405474685,0.0005488700871262997,0.0005488700871099384,1.0,0.0005491883947729267,0.0005490420769513396,0.000384422035777036,False,-0.00010003770046749239,0.0005488700871262997,2.223667078257731,2.219677618423123,2.2238820594758124,0.004204441052689578,1.0,,,,,0.9997794012754612,31.585544461477753,0.9999995549646948,1.0,31.54018650614619,0.999999999999675
dt_reference_0.25ms,dt_0.25ms_severity_0.0,Baseline,0.0,107,2Hz,60.0,0.02,0.25,512a8299eaef29ce,shared_auditory_relay,4.256042686053204e-05,0.0009786290157301068,0.0009809854754801127,0.000980710680447347,0.0009807189695313074,0.000980716850492749,0.0009807168504754758,0.0009786851080023009,0.0009785374589552942,0.0009785456290442196,0.0009785435420301574,0.000978543542016373,1.0,0.0009789392693606337,0.0009788361280751526,0.00015201071727329634,False,-3.9057158560940056e-05,0.0009785435420301574,2.26110939157601,2.258562025043641,2.259855148137043,0.0012931230934021265,1.0,,,,,0.9999393067497411,31.577491830471192,0.9999998857348327,1.0,31.54018650614619,0.999999999999675
dt_reference_0.25ms,dt_0.25ms_severity_0.0,Baseline,0.0,107,2Hz,60.0,0.02,0.25,512a8299eaef29ce,anterior_temporal_context,1.8620278964154136e-05,0.0004279002973166463,0.00042930547203415693,0.00042879911921480166,0.0004288068806285747,0.0004288049285242347,0.00042880492849742936,0.00042792700585262176,0.0004277809229719763,0.000427788786539239,0.00042778687490755004,0.0004277868748840455,1.0,0.0004281175753411866,0.0004279249500944853,0.0006492656254778921,False,-0.00016733016042769222,0.00042778687490755004,2.1768715997983596,2.17026214071434,2.1798410461403375,0.009578905425997597,1.0,,,,,0.9997555897803663,31.588321199628318,0.9999992043084436,1.0,31.54018650614619,0.999999999999675
dt_reference_0.25ms,dt_0.25ms_severity_0.0,Baseline,0.0,107,2Hz,60.0,0.02,0.25,512a8299eaef29ce,hippocampal_context,2.6504006739404345e-05,0.0006068661212092666,0.0006085838205785674,0.0006081234065283483,0.0006081313190984595,0.0006081289691003308,0.0006081289690601307,0.0006068961253185109,0.0006067598114727328,0.0006067676826441723,0.0006067653605857605,0.0006067653605484056,1.0,0.0006071114429945738,0.0006069489525492009,0.00038618204167028473,False,-0.0001072065650414622,0.0006067653605857605,2.2526319923494262,2.248718397037326,2.252767076530894,0.00404867949356813,1.0,,,,,0.9997801958071466,31.578606281332114,0.9999990505898273,1.0,31.54018650614619,0.999999999999675
dt_reference_0.25ms,dt_0.25ms_severity_0.0,Baseline,0.0,107,2Hz,60.0,0.02,0.25,512a8299eaef29ce,angular_parietal_context,2.2898597647276083e-05,0.0005265795916014486,0.0005281880526794149,0.0005276829724226366,0.0005276920752336476,0.0005276897095316813,0.0005276897094974838,0.0005266101022588171,0.0005264621632250922,0.0005264713370722818,0.0005264690103401417,0.0005264690103086626,1.0,0.0005268176860846503,0.0005266339979467492,0.0005031193595734846,False,-0.00013526095415423712,0.0005264690103401417,2.2210205224550172,2.2163693582827717,2.2219140125061094,0.005544654223337719,1.0,,,,,0.9996877321820064,31.584327237908216,0.9999992847117694,1.0,31.54018650614619,0.999999999999675
dt_reference_0.25ms,dt_0.25ms_severity_0.0,Baseline,0.0,107,5Hz,60.0,0.02,0.25,512a8299eaef29ce,semantic_expanded,2.2507640629461548e-05,0.000387202413832479,0.0003880006886181941,0.0003876928223543975,0.00038770338856768084,0.0003877020265937341,0.0003877020265865885,0.00038697745857699657,0.00038686454519548967,0.00038687818264108835,0.0003868764530204083,0.00038687645301224504,1.0,0.00038732910510078144,0.00038721463813265656,0.00042642117996385416,False,-0.00010938112075482566,0.0003868764530204083,1.289487743015445,1.2892798177089386,1.2895665164366326,0.0002866987276939348,1.0,,,,,0.9984960481354739,31.91682938628439,0.9999986699219623,1.0,31.883053159220633,0.9999999999980631
dt_reference_0.25ms,dt_0.25ms_severity_0.0,Baseline,0.0,107,5Hz,60.0,0.02,0.25,512a8299eaef29ce,episodic_expanded,4.384999571996815e-05,0.0007565619160217666,0.0007577368700846887,0.0007575399308906304,0.0007575518208408263,0.0007575503312978296,0.0007575503312969542,0.0007562225314817453,0.000756136048333169,0.0007561506149959837,0.0007561488833229418,0.0007561488833221547,1.0,0.0007567234935964059,0.0007566554217112386,0.0001297850395926928,False,-3.453012762015817e-05,0.0007561488833229418,1.3865135032697014,1.3865095178334514,1.386353074746371,0.00015644308708040455,1.0,,,,,0.9989145920584168,31.9088487077332,0.9999993699773485,1.0,31.883053159220633,0.9999999999980631
dt_reference_0.25ms,dt_0.25ms_severity_0.0,Baseline,0.0,107,5Hz,60.0,0.02,0.25,512a8299eaef29ce,semantic_anatomical_core,1.990094306307192e-05,0.0003428592060396344,0.0003436077407441227,0.0003432879204926933,0.0003432979919987662,0.0003432967521676061,0.0003432967521583661,0.0003426444929112521,0.00034253620019252066,0.0003425493907132479,0.00034254778539415164,0.00034254778538351225,1.0,0.00034298101416691527,0.0003428614777959507,0.0005028983574612408,False,-0.00012877715936019385,0.00034254778539415164,1.2759875925235415,1.2757298257013359,1.2761216941498084,0.0003918684484724988,1.0,,,,,0.9984656811803239,31.9199236508733,0.9999985445415694,1.0,31.883053159220633,0.9999999999980631
dt_reference_0.25ms,dt_0.25ms_severity_0.0,Baseline,0.0,107,5Hz,60.0,0.02,0.25,512a8299eaef29ce,episodic_anatomical_core,4.586136990387229e-05,0.0007896758049678093,0.0007908884995440807,0.0007906956517389813,0.000790707434399246,0.0007907059534212143,0.0007907059534213225,0.0007893415128564636,0.0007892468131234885,0.0007892611531022897,0.0007892594426448761,0.0007892594426452007,1.0,0.0007898417663477245,0.0007897750960676446,0.00012178254713742144,False,-3.2363086199271863e-05,0.0007892594426452007,1.3895194280629002,1.3895169392624709,1.3893558410157674,0.00016109824670351713,1.0,,,,,0.9989396564980566,31.9090546345548,0.9999994486663246,1.0,31.883053159220633,0.9999999999980631
dt_reference_0.25ms,dt_0.25ms_severity_0.0,Baseline,0.0,107,5Hz,60.0,0.02,0.25,512a8299eaef29ce,semantic_platel_peaks,2.470808577408652e-05,0.00042533277350751764,0.0004261847269545406,0.00042588061650735234,0.000425891880901347,0.0004258903280942625,0.0004258903280944645,0.00042508009501953325,0.00042496914144288657,0.00042498346015557915,0.0004249815469452901,0.0004249815469455098,1.0,0.00042546554727581113,0.00042535310070728415,0.0003813412132138514,False,-9.804766835790346e-05,0.0004249815469455098,1.3004581251118816,1.3003167422986648,1.300465219982425,0.0001484776837601398,1.0,,,,,0.9985054228189653,31.913233478668985,0.9999990473362418,1.0,31.883053159220633,0.9999999999980631
dt_reference_0.25ms,dt_0.25ms_severity_0.0,Baseline,0.0,107,5Hz,60.0,0.02,0.25,512a8299eaef29ce,episodic_platel_peaks,4.1341231730059054e-05,0.0007135048660310078,0.0007146148685266343,0.0007144227113037979,0.0007144358457830363,0.0007144344226362952,0.0007144344226309727,0.000713096351196754,0.000713067016944817,0.0007130834284324363,0.0007130816865043495,0.0007130816864985499,1.0,0.0007136568568091503,0.0007135930344692961,0.00012902600144449892,False,-3.525131358284028e-05,0.0007130816865043495,1.3905264917991387,1.390521259410869,1.3903705268049036,0.00015073260596532023,1.0,,,,,0.998700545040262,31.899976351888448,0.9999989731966792,1.0,31.883053159220633,0.9999999999980631
dt_reference_0.25ms,dt_0.25ms_severity_0.0,Baseline,0.0,107,5Hz,60.0,0.02,0.25,512a8299eaef29ce,semantic_expanded_left,2.2862841891936494e-05,0.0003931906582759917,0.0003940180241482553,0.000393685251050217,0.00039369640988596097,0.0003936947028021831,0.00039369470279800587,0.0003929428220155027,0.00039283195850182024,0.0003928467195002777,0.00039284450619275134,0.0003928445061873358,1.0,0.00039332344868794677,0.0003931991655210784,0.0004559378376671138,False,-0.00011670073104861345,0.00039284450619275134,1.261469044322507,1.2611864969154674,1.2616344519537184,0.00044795503825101335,1.0,,,,,0.9985054228189653,31.91682938628439,0.9999984191611766,1.0,31.883053159220633,0.9999999999980631
dt_reference_0.25ms,dt_0.25ms_severity_0.0,Baseline,0.0,107,5Hz,60.0,0.02,0.25,512a8299eaef29ce,episodic_expanded_left,4.4332546080653503e-05,0.0007624224083293283,0.0007636060991051042,0.0007634100005589608,0.000763421848486334,0.000763420118296287,0.0007634201182964648,0.0007620785285103361,0.0007619892541936065,0.00076200383115242,0.0007620018631130502,0.0007620018631133324,1.0,0.0007625851963511935,0.0007625171027533901,0.00012882846742846984,False,-3.4185955233922986e-05,0.0007620018631133324,1.3846121617668727,1.3846124689415964,1.3844471083344068,0.0001653606071896352,1.0,,,,,0.9989212534113283,31.908809403055365,0.9999993915899047,1.0,31.883053159220633,0.9999999999980631
dt_reference_0.25ms,dt_0.25ms_severity_0.0,Baseline,0.0,107,5Hz,60.0,0.02,0.25,512a8299eaef29ce,semantic_expanded_right,2.2093239156574112e-05,0.0003813053696012822,0.0003820752481910527,0.0003817916066303078,0.00038180159567724345,0.00038180056870212723,0.0003818005686921049,0.00038110265681555824,0.0003809877813915679,0.00038100032601536243,0.00038099906589558904,0.00038099906588476274,1.0,0.0003814261167459595,0.00038132119580036724,0.0003969045222610571,False,-0.00010206151046086021,0.00038099906589558904,1.3175064417083828,1.31737313850241,1.3174985809195467,0.00012544241713685622,1.0,,,,,0.9984656811803239,31.918125697065598,0.9999988101750352,1.0,31.883053159220633,0.9999999999980631
dt_reference_0.25ms,dt_0.25ms_severity_0.0,Baseline,0.0,107,5Hz,60.0,0.02,0.25,512a8299eaef29ce,episodic_expanded_right,4.349905000310609e-05,0.0007507464714065495,0.0007519127531309983,0.0007517149978040651,0.0007517269284303493,0.0007517256759360445,0.000751725675934133,0.0007504115333606365,0.0007503278037614315,0.0007503423594263231,0.0007503408606045693,0.0007503408606027293,1.0,0.0007509068475242681,0.0007508388010415252,0.00013074161175560519,False,-3.487430000594927e-05,0.0007503408606045693,1.38841484477253,1.3884065667253065,1.388259041158335,0.00014752556697139596,1.0,,,,,0.9988610147349155,31.909260561376396,0.9999993699773485,1.0,31.883053159220633,0.9999999999980631
dt_reference_0.25ms,dt_0.25ms_severity_0.0,Baseline,0.0,107,5Hz,60.0,0.02,0.25,512a8299eaef29ce,shared_auditory_relay,7.689675375847473e-05,0.0013246528769578537,0.0013264941504366429,0.0013263250608403973,0.001326338721078911,0.0013263370554770684,0.0013263370554808993,0.001324231906410521,0.0013241115462919969,0.001324127667328638,0.0013241257400824283,0.0013241257400864387,1.0,0.001324894339428885,0.0013248382432045054,6.108521687624213e-05,False,-1.6434310666468833e-05,0.0013241257400864387,1.4361623670441643,1.4361486014330223,1.4359939998382354,0.00015460159478686286,1.0,,,,,0.9992273900188062,31.90388749374307,0.9999998175757852,1.0,31.883053159220633,0.9999999999980631
dt_reference_0.25ms,dt_0.25ms_severity_0.0,Baseline,0.0,107,5Hz,60.0,0.02,0.25,512a8299eaef29ce,anterior_temporal_context,3.425363522102992e-05,0.0005897434015175073,0.0005907600334291341,0.0005905040434311717,0.0005905168371484294,0.0005905151472186625,0.0005905151472172921,0.000589419429561608,0.0005893291576945954,0.0005893452475658825,0.0005893431638302283,0.0005893431638287585,1.0,0.0005898911400529553,0.000589799710321645,0.00022362675810089797,False,-5.845965587401026e-05,0.0005893431638302283,1.3343300547863868,1.3342538689964412,1.334262144179779,8.275183337902448e-06,1.0,,,,,0.998740248367473,31.907679348532128,0.9999990593046235,1.0,31.883053159220633,0.9999999999980631
dt_reference_0.25ms,dt_0.25ms_severity_0.0,Baseline,0.0,107,5Hz,60.0,0.02,0.25,512a8299eaef29ce,hippocampal_context,4.874218252192274e-05,0.000836614226940559,0.0008377926291377204,0.0008376926750191424,0.0008377055125342403,0.0008377037451851194,0.0008377037451848628,0.0008360635910966794,0.0008361273417570098,0.000836143324081811,0.0008361412602116538,0.0008361412602115141,1.0,0.0008367651178897836,0.0008367391833696201,4.471527632468487e-05,False,-1.4353540452471948e-05,0.0008361412602115141,1.4261673963789794,1.4262042136004365,1.4259610783905532,0.00024313520988328285,1.0,,,,,0.9987932300291762,31.894699247071237,0.9999990602900422,1.0,31.883053159220633,0.9999999999980631
dt_reference_0.25ms,dt_0.25ms_severity_0.0,Baseline,0.0,107,5Hz,60.0,0.02,0.25,512a8299eaef29ce,angular_parietal_context,4.222138069597008e-05,0.0007273945465043288,0.0007285128274848695,0.0007283422477631896,0.0007283561372953899,0.0007283542402412732,0.0007283542402440834,0.0007269140894407374,0.00072691988796608,0.0007269374090040942,0.0007269351038726769,0.0007269351038758393,1.0,0.000727545208413056,0.0007274906790539884,0.00010813373968857174,False,-3.0221188229884178e-05,0.0007269351038726769,1.386143245630272,1.386158943339647,1.3859692439779017,0.00018969936174539903,1.0,,,,,0.9986350153667901,31.89986052132108,0.9999989203944126,1.0,31.883053159220633,0.9999999999980631
dt_reference_0.25ms,dt_0.25ms_severity_0.0,Baseline,0.0,127,pulse,60.0,0.02,0.25,512a8299eaef29ce,semantic_expanded,0.00010809404416152852,0.0029809398338495737,,,,,,,,,,,1.0,,,,False,,,,,,,,324.0,324.0,1.0,4.4872872958371696e-08,,,,,,
dt_reference_0.25ms,dt_0.25ms_severity_0.0,Baseline,0.0,127,pulse,60.0,0.02,0.25,512a8299eaef29ce,episodic_expanded,0.0001546281701553808,0.004283442255578433,,,,,,,,,,,1.0,,,,False,,,,,,,,267.0,267.0,1.0,3.061564174694909e-08,,,,,,
dt_reference_0.25ms,dt_0.25ms_severity_0.0,Baseline,0.0,127,pulse,60.0,0.02,0.25,512a8299eaef29ce,semantic_anatomical_core,9.987257546956836e-05,0.0027629641934469396,,,,,,,,,,,1.0,,,,False,,,,,,,,326.0,326.0,1.0,5.121696163933532e-08,,,,,,
dt_reference_0.25ms,dt_0.25ms_severity_0.0,Baseline,0.0,127,pulse,60.0,0.02,0.25,512a8299eaef29ce,episodic_anatomical_core,0.00015889395490278826,0.004395392992190868,,,,,,,,,,,1.0,,,,False,,,,,,,,252.0,252.0,1.0,2.893805304516358e-08,,,,,,
dt_reference_0.25ms,dt_0.25ms_severity_0.0,Baseline,0.0,127,pulse,60.0,0.02,0.25,512a8299eaef29ce,semantic_platel_peaks,0.00011848610497384277,0.0032845649707709678,,,,,,,,,,,1.0,,,,False,,,,,,,,325.0,325.0,1.0,3.8661753196170385e-08,,,,,,
dt_reference_0.25ms,dt_0.25ms_severity_0.0,Baseline,0.0,127,pulse,60.0,0.02,0.25,512a8299eaef29ce,episodic_platel_peaks,0.000147705628901918,0.004077747447955794,,,,,,,,,,,1.0,,,,False,,,,,,,,295.0,295.0,1.0,4.24859050905635e-08,,,,,,
dt_reference_0.25ms,dt_0.25ms_severity_0.0,Baseline,0.0,127,pulse,60.0,0.02,0.25,512a8299eaef29ce,semantic_expanded_left,0.00011152051765986846,0.003092053853529702,,,,,,,,,,,1.0,,,,False,,,,,,,,324.0,324.0,1.0,4.4872872958371696e-08,,,,,,
dt_reference_0.25ms,dt_0.25ms_severity_0.0,Baseline,0.0,127,pulse,60.0,0.02,0.25,512a8299eaef29ce,episodic_expanded_left,0.00015609399390393582,0.004327912437024065,,,,,,,,,,,1.0,,,,False,,,,,,,,262.0,262.0,1.0,3.045053253611314e-08,,,,,,
dt_reference_0.25ms,dt_0.25ms_severity_0.0,Baseline,0.0,127,pulse,60.0,0.02,0.25,512a8299eaef29ce,semantic_expanded_right,0.00010409649174679862,0.002873818734718155,,,,,,,,,,,1.0,,,,False,,,,,,,,324.0,324.0,1.0,4.4817268679354546e-08,,,,,,
dt_reference_0.25ms,dt_0.25ms_severity_0.0,Baseline,0.0,127,pulse,60.0,0.02,0.25,512a8299eaef29ce,episodic_expanded_right,0.00015356211652006803,0.004239429014301203,,,,,,,,,,,1.0,,,,False,,,,,,,,272.0,272.0,1.0,3.061564174694909e-08,,,,,,
dt_reference_0.25ms,dt_0.25ms_severity_0.0,Baseline,0.0,127,pulse,60.0,0.02,0.25,512a8299eaef29ce,shared_auditory_relay,0.0002319145643679146,0.006416237828782635,,,,,,,,,,,1.0,,,,False,,,,,,,,220.0,220.0,1.0,1.2781076874850596e-08,,,,,,
dt_reference_0.25ms,dt_0.25ms_severity_0.0,Baseline,0.0,127,pulse,60.0,0.02,0.25,512a8299eaef29ce,anterior_temporal_context,0.00013944333071250176,0.0038574308630369676,,,,,,,,,,,1.0,,,,False,,,,,,,,284.0,284.0,1.0,3.662102189716254e-08,,,,,,
dt_reference_0.25ms,dt_0.25ms_severity_0.0,Baseline,0.0,127,pulse,60.0,0.02,0.25,512a8299eaef29ce,hippocampal_context,0.00016138129040496146,0.004461363313109724,,,,,,,,,,,1.0,,,,False,,,,,,,,274.0,274.0,1.0,3.839803454870126e-08,,,,,,
dt_reference_0.25ms,dt_0.25ms_severity_0.0,Baseline,0.0,127,pulse,60.0,0.02,0.25,512a8299eaef29ce,angular_parietal_context,0.0001561105495863307,0.004319045596402162,,,,,,,,,,,1.0,,,,False,,,,,,,,297.0,297.0,1.0,3.999939402461241e-08,,,,,,
dt_reference_0.25ms,dt_0.25ms_severity_0.0,Baseline,0.0,127,2Hz,60.0,0.02,0.25,512a8299eaef29ce,semantic_expanded,1.2180362931360773e-05,0.0002797377986467527,0.0002808628543453212,0.0002803061924027694,0.00028031130524518947,0.00028030998818840146,0.0002803099881891862,0.00027974578062569676,0.000279613316381927,0.0002796185073099621,0.00027961723562514555,0.00027961723562758484,1.0,0.00027992778478535765,0.0002797115503991254,0.0011148619212348232,False,-0.0002832912287342282,0.00027961723562758484,2.137259066856953,2.127335433890231,2.143860073922517,0.016524640032286264,1.0,,,,,0.9994993994871942,31.59985043170022,0.9999980802255606,1.0,31.540186460359934,0.9999999999997055
dt_reference_0.25ms,dt_0.25ms_severity_0.0,Baseline,0.0,127,2Hz,60.0,0.02,0.25,512a8299eaef29ce,episodic_expanded,2.4011413217973806e-05,0.0005529323247345575,0.0005544962286377034,0.0005541155274581165,0.0005541230294668283,0.0005541210688169149,0.0005541210688025517,0.0005529758351471086,0.0005528341385109119,0.0005528416198479197,0.000552839684460962,0.0005528396844500776,1.0,0.0005531561993628597,0.0005530129806947026,0.00037357913634290986,False,-9.692120753523881e-05,0.000552839684460962,2.2222855405300415,2.218420874303828,2.2223747476278835,0.00395387332405539,1.0,,,,,0.9998358110652323,31.585435022719306,0.9999995624571774,1.0,31.540186460359934,0.9999999999997055
dt_reference_0.25ms,dt_0.25ms_severity_0.0,Baseline,0.0,127,2Hz,60.0,0.02,0.25,512a8299eaef29ce,semantic_anatomical_core,1.0748820950519129e-05,0.00024718459625832804,0.0002482628280570816,0.00024767346366702,0.00024767781402199436,0.0002476767701371453,0.0002476767701336388,0.00024718414902236336,0.00024705535142758824,0.00024705979322926666,0.00024705879671242485,0.0002470587967105364,1.0,0.00024737215876071415,0.0002471430057169922,0.001337059031524174,False,-0.0003400072527571574,0.00024705879671242485,2.1242087884745384,2.1128856221998435,2.1323578165266834,0.019472194326839887,1.0,,,,,0.9994797206041666,31.603972737837992,0.9999978915426436,1.0,31.540186460359934,0.9999999999997055
dt_reference_0.25ms,dt_0.25ms_severity_0.0,Baseline,0.0,127,2Hz,60.0,0.02,0.25,512a8299eaef29ce,episodic_anatomical_core,2.514448860641829e-05,0.0005778759805498458,0.000579473930678749,0.0005791160683371609,0.0005791236037068013,0.0005791216106244321,0.0005791216106133929,0.0005779223974265452,0.0005777810575755995,0.0005777885555585064,0.000577786586395895,0.0005777865863882641,1.0,0.00057810200551348,0.0005779670607290539,0.0003368037046478123,False,-8.705216934954408e-05,0.000577786586395895,2.2247715591518356,2.2211608666974754,2.2246022075073535,0.003441340809878124,1.0,,,,,0.9998395716325581,31.585220963182984,0.9999996389804312,1.0,31.540186460359934,0.9999999999997055
dt_reference_0.25ms,dt_0.25ms_severity_0.0,Baseline,0.0,127,2Hz,60.0,0.02,0.25,512a8299eaef29ce,semantic_platel_peaks,1.3364510977426029e-05,0.00030702914125032405,0.00030821655627352024,0.0003076672035828783,0.000307673561192588,0.000307671825177388,0.00030767182519315277,0.0003070427109520074,0.00030690448612245266,0.0003069108884584149,0.0003069091945692388,0.0003069091945869119,1.0,0.00030722546785137163,0.0003070130576213213,0.0009977986890587728,False,-0.0002541188646262072,0.0003069091945869119,2.1501643733607723,2.142033697540575,2.15466744783114,0.012633750290564905,1.0,,,,,0.9994993994871942,31.608095043975766,0.9999978971458471,1.0,31.540186460359934,0.9999999999997055
dt_reference_0.25ms,dt_0.25ms_severity_0.0,Baseline,0.0,127,2Hz,60.0,0.02,0.25,512a8299eaef29ce,episodic_platel_peaks,2.253016647562789e-05,0.0005189893202567868,0.000520548278563297,0.0005200737707755804,0.0005200810737746171,0.0005200794890329914,0.0005200794889967659,0.0005190200661834994,0.0005188770074902366,0.0005188843516463729,0.0005188827997220823,0.000518882799689723,1.0,0.0005192193686729399,0.0005190446633976375,0.00048551510769775084,False,-0.00012919003644507043,0.0005188827997220823,2.224793128968837,2.2200745852611172,2.225749153246124,0.005674567985006984,1.0,,,,,0.9996823286660144,31.58592490219231,0.9999992226145267,1.0,31.540186460359934,0.9999999999997055
dt_reference_0.25ms,dt_0.25ms_severity_0.0,Baseline,0.0,127,2Hz,60.0,0.02,0.25,512a8299eaef29ce,semantic_expanded_left,1.2354632747880364e-05,0.0002836341309606703,0.000284827223489054,0.00028419935180158906,0.00028420554691017534,0.00028420379474967434,0.00028420379476085214,0.000283633318347425,0.0002834951805810311,0.00028350154076890776,0.00028349985063313917,0.00028349985064568474,1.0,0.0002838392627942207,0.00028359568906901873,0.0012385653223118509,False,-0.00031499493554614237,0.00028349985064568474,2.109226009237025,2.096860963794575,2.1186159611788247,0.021754997384249464,1.0,,,,,0.9994993994871942,31.59985043170022,0.9999980802255606,1.0,31.540186460359934,0.9999999999997055
dt_reference_0.25ms,dt_0.25ms_severity_0.0,Baseline,0.0,127,2Hz,60.0,0.02,0.25,512a8299eaef29ce,episodic_expanded_left,2.425894574797124e-05,0.0005569299497330954,0.0005585010501708986,0.0005581237026031309,0.0005581320306444242,0.0005581296337372133,0.0005581296337226357,0.0005569764822999202,0.0005568320629785271,0.0005568403628272802,0.0005568379911522547,0.0005568379911413647,1.0,0.0005571547107170461,0.0005570126045262999,0.00036801635620807224,False,-9.520799316558027e-05,0.0005568379911522547,2.2208747136178637,2.2171057297231407,2.220867441112077,0.0037617113889361065,1.0,,,,,0.9998371367344088,31.585401215232977,0.9999996013001926,1.0,31.540186460359934,0.9999999999997055
dt_reference_0.25ms,dt_0.25ms_severity_0.0,Baseline,0.0,127,2Hz,60.0,0.02,0.25,512a8299eaef29ce,semantic_expanded_right,1.1977048145421254e-05,0.000275894990940219,0.00027695366329346906,0.0002764663641956235,0.0002764704232641016,0.0002764695297168329,0.00027646952970750773,0.0002759115263109596,0.0002757846060658256,0.00027578865856670574,0.0002757877941876728,0.0002757877941802803,1.0,0.0002760702093270546,0.0002758806090583469,0.000991158520155541,False,-0.00025158752192187,0.0002757877941876728,2.165292124476881,2.157809903985886,2.169104186666209,0.011294282680323064,1.0,,,,,0.9995020191198393,31.601888685623074,0.9999982431741763,1.0,31.540186460359934,0.9999999999997055
dt_reference_0.25ms,dt_0.25ms_severity_0.0,Baseline,0.0,127,2Hz,60.0,0.02,0.25,512a8299eaef29ce,episodic_expanded_right,2.383138955979386e-05,0.0005489633945577585,0.0005505201243208995,0.0005501361370931037,0.0005501428245051093,0.0005501412939692972,0.0005501412939551457,0.0005490039238173523,0.000548864918209438,0.0005488715923613332,0.0005488700871189805,0.0005488700871081025,1.0,0.000549186383975417,0.0005490420761248681,0.00037914191647771256,False,-9.863442190525263e-05,0.0005488700871189805,2.2236963674422188,2.2197360188845154,2.2238820541436906,0.004146035259175118,1.0,,,,,0.9997821842640309,31.585435022719306,0.9999995624571774,1.0,31.540186460359934,0.9999999999997055
dt_reference_0.25ms,dt_0.25ms_severity_0.0,Baseline,0.0,127,2Hz,60.0,0.02,0.25,512a8299eaef29ce,shared_auditory_relay,4.256040233232256e-05,0.0009786284498539172,0.0009809822359692995,0.0009807105172318904,0.0009807190535243116,0.0009807168504869799,0.000980716850476098,0.0009786833471772147,0.0009785372742588721,0.0009785457149950254,0.0009785435420245898,0.0009785435420170136,1.0,0.0009789381506918261,0.0009788361278055679,0.00015036249460594623,False,-3.856873148224693e-05,0.0009785435420245898,2.2611187227843725,2.258580698822076,2.2598551421016246,0.0012744432795486205,1.0,,,,,0.9999398815348015,31.577462042304468,0.9999998874331362,1.0,31.540186460359934,0.9999999999997055
dt_reference_0.25ms,dt_0.25ms_severity_0.0,Baseline,0.0,127,2Hz,60.0,0.02,0.25,512a8299eaef29ce,anterior_temporal_context,1.8620228034405867e-05,0.0004278991182927469,0.00042929921462265446,0.0004287989541361736,0.0004288069683799273,0.0004288049285123093,0.0004288049284953872,0.0004279247529169039,0.00042778074351084935,0.00042778887579158944,0.00042778687489599873,0.00042778687488199567,1.0,0.0004281152298348678,0.0004279249488803554,0.0006413656760451504,False,-0.0001651995538860085,0.00042778687489599873,2.176929852566203,2.1703759940952514,2.1798410420131846,0.009465047917933234,1.0,,,,,0.9997581767120853,31.588260638888606,0.999999206224782,1.0,31.540186460359934,0.9999999999997055
dt_reference_0.25ms,dt_0.25ms_severity_0.0,Baseline,0.0,127,2Hz,60.0,0.02,0.25,512a8299eaef29ce,hippocampal_context,2.6503953250777752e-05,0.0006068648731297,0.0006085771210173313,0.000608123221066766,0.0006081313062672097,0.0006081289690931855,0.0006081289690605164,0.0006068930176631862,0.0006067596047483714,0.0006067676729387632,0.0006067653605787654,0.0006067653605487931,1.0,0.000607108951892313,0.0006069489504436453,0.0003802673619110936,False,-0.00010559637502325359,0.0006067653605787654,2.252662350859116,2.2487788698850517,2.2527670735717584,0.003988203686706715,1.0,,,,,0.9997824410893974,31.57856385248455,0.9999990497693649,1.0,31.540186460359934,0.9999999999997055
dt_reference_0.25ms,dt_0.25ms_severity_0.0,Baseline,0.0,127,2Hz,60.0,0.02,0.25,512a8299eaef29ce,angular_parietal_context,2.2898544239834185e-05,0.0005265783637268965,0.0005281811870744445,0.0005276828878449435,0.0005276921708638298,0.0005276897095312946,0.0005276897094986972,0.0005266073558125618,0.0005264620542938381,0.0005264714352005144,0.0005264690103397307,0.0005264690103098633,1.0,0.0005268152349972743,0.0005266339970371448,0.0004964095106404475,False,-0.00013337410564409068,0.0005264690103397307,2.2210587214151793,2.2164453053542017,2.2219140096285948,0.005468704274393055,1.0,,,,,0.9996912503489594,31.584270831970265,0.9999992904337569,1.0,31.540186460359934,0.9999999999997055
dt_reference_0.25ms,dt_0.25ms_severity_0.0,Baseline,0.0,127,5Hz,60.0,0.02,0.25,512a8299eaef29ce,semantic_expanded,2.2507643280759142e-05,0.00038720245944710917,0.0003880006325814661,0.00038769288963522457,0.0003877036138446332,0.00038770202658583983,0.00038770202658688116,0.0003869769041939016,0.00038686458151136917,0.00038687841261771745,0.00038687645301175265,0.00038687645301249554,1.0,0.00038732919845377496,0.00038721463961416587,0.00042676337445650983,False,-0.0001093728044690323,0.00038687645301249554,1.2894884326786789,1.2892812297681582,1.2895665255556743,0.0002852957875161266,1.0,,,,,0.9984958875681619,31.916856415875024,0.9999986661093446,1.0,31.883053442000474,0.9999999999979527
dt_reference_0.25ms,dt_0.25ms_severity_0.0,Baseline,0.0,127,5Hz,60.0,0.02,0.25,512a8299eaef29ce,episodic_expanded,4.384999062107636e-05,0.0007565618244842276,0.0007577357777071189,0.0007575403406792173,0.0007575520182601835,0.0007575503312975457,0.0007575503312978303,0.0007562213460385696,0.0007561364651378256,0.0007561508097463928,0.0007561488833225657,0.0007561488833229183,1.0,0.0007567233133589588,0.0007566554228744087,0.00012943919866797516,False,-3.4361164857354966e-05,0.0007561488833229183,1.38651362706888,1.3865097805188435,1.3863530764283298,0.00015670409051371514,1.0,,,,,0.998914566657741,31.908814639778214,0.9999993721568083,1.0,31.883053442000474,0.9999999999979527
dt_reference_0.25ms,dt_0.25ms_severity_0.0,Baseline,0.0,127,5Hz,60.0,0.02,0.25,512a8299eaef29ce,semantic_anatomical_core,1.9900948517738558e-05,0.00034285929986712776,0.0003436080252556861,0.00034328790291583423,0.00034329821198261345,0.000343296752158282,0.00034329675215940983,0.0003426441348206253,0.00034253614231629314,0.0003425496174814412,0.00034254778538383627,0.0003425477853844298,1.0,0.0003429812040366478,0.00034286147928658093,0.0005036907417621419,False,-0.00012889292440076972,0.0003425477853844298,1.2759882573761245,1.2757311944884815,1.276121705479769,0.0003905109912876181,1.0,,,,,0.9984653222041701,31.91993807105229,0.9999985399860314,1.0,31.883053442000474,0.9999999999979527
dt_reference_0.25ms,dt_0.25ms_severity_0.0,Baseline,0.0,127,5Hz,60.0,0.02,0.25,512a8299eaef29ce,episodic_anatomical_core,4.58613653927427e-05,0.0007896757258111277,0.0007908874663136085,0.0007906960627730652,0.0007907076300800994,0.0007907059534218464,0.0007907059534225333,0.0007893404030050161,0.0007892472312170549,0.0007892613455176606,0.0007892594426454663,0.0007892594426462578,1.0,0.0007898416107294796,0.0007897750971430035,0.00012149633634445202,False,-3.2212108027174224e-05,0.0007892594426462578,1.3895194267361313,1.3895169503305247,1.389355842203123,0.0001611081274017767,1.0,,,,,0.9989395660095826,31.909018636728906,0.9999994505232298,1.0,31.883053442000474,0.9999999999979527
dt_reference_0.25ms,dt_0.25ms_severity_0.0,Baseline,0.0,127,5Hz,60.0,0.02,0.25,512a8299eaef29ce,semantic_platel_peaks,2.4708083812233742e-05,0.00042533275158788595,0.00042618415440744015,0.000425880825349094,0.00042589212827837076,0.00042589032808993516,0.0004258903280930286,0.0004250792681513655,0.0004249693382485127,0.00042498370781684304,0.0004249815469408116,0.0004249815469441842,1.0,0.00042546550485313356,0.0004253531021823128,0.0003811923608119359,False,-9.788922738893647e-05,0.0004249815469441842,1.3004590551270274,1.3003186176798782,1.3004652259289537,0.0001466082490755305,1.0,,,,,0.9985043703834977,31.913275071001287,0.9999990509467118,1.0,31.883053442000474,0.9999999999979527
dt_reference_0.25ms,dt_0.25ms_severity_0.0,Baseline,0.0,127,5Hz,60.0,0.02,0.25,512a8299eaef29ce,episodic_platel_peaks,4.1341222675829906e-05,0.0007135047096893891,0.0007146134148973375,0.000714423163960458,0.0007144360348752039,0.0007144344226317221,0.0007144344226309758,0.0007130947887610087,0.0007130674824545139,0.0007130836193633891,0.0007130816864993689,0.0007130816864985544,1.0,0.0007136565468615727,0.0007135930356574258,0.00012839702382326358,False,-3.500355325583016e-05,0.0007130816864993689,1.3905274598196322,1.3905232106568863,1.3903705307739758,0.0001526798829105669,1.0,,,,,0.9987004725189468,31.899990746778855,0.9999989752064418,1.0,31.883053442000474,0.9999999999979527
dt_reference_0.25ms,dt_0.25ms_severity_0.0,Baseline,0.0,127,5Hz,60.0,0.02,0.25,512a8299eaef29ce,semantic_expanded_left,2.286284454684434e-05,0.0003931907038478616,0.00039401790430097284,0.0003936852953291282,0.00039369670988157206,0.00039369470279248424,0.0003936947027963806,0.0003929419337024418,0.00039283196389552666,0.0003928470246285522,0.00039284450618243353,0.00039284450618553576,1.0,0.00039332354137706606,0.0003931991670003927,0.0004562723899125411,False,-0.00011666496459392662,0.00039284450618553576,1.2614685596158153,1.2611855680469835,1.2616344614163313,0.00044889336934783586,1.0,,,,,0.9985043703834977,31.916856415875024,0.9999984138627183,1.0,31.883053442000474,0.9999999999979527
dt_reference_0.25ms,dt_0.25ms_severity_0.0,Baseline,0.0,127,5Hz,60.0,0.02,0.25,512a8299eaef29ce,episodic_expanded_left,4.4332539367447646e-05,0.000762422292708792,0.0007636048979111278,0.0007634103650168157,0.0007634220865794664,0.0007634201182973449,0.0007634201182960396,0.0007620771879489218,0.0007619896164662738,0.000762004064155936,0.0007620018631142678,0.0007620018631129508,1.0,0.0007625849687344047,0.0007625171042299204,0.00012839505744869915,False,-3.399344893173506e-05,0.0007620018631142678,1.384611842561492,1.3846118495466389,1.3844471092801671,0.00016474026647173012,1.0,,,,,0.99892121045169,31.908763069844674,0.9999993940861432,1.0,31.883053442000474,0.9999999999979527
dt_reference_0.25ms,dt_0.25ms_severity_0.0,Baseline,0.0,127,5Hz,60.0,0.02,0.25,512a8299eaef29ce,semantic_expanded_right,2.2093241803659744e-05,0.0003813054152467995,0.0003820752540438453,0.00038179169620255186,0.00038180174844083527,0.00038180056869598533,0.0003818005686942572,0.00038110242642847134,0.0003809878476889167,0.00038100048305349043,0.00038099906588854704,0.00038099906588700226,1.0,0.00038142621072106357,0.0003813211972836621,0.00039725435900026635,False,-0.00010208064434404918,0.00038099906588854704,1.3175083057415424,1.3173768914893331,1.3174985896950173,0.00012169820568419532,1.0,,,,,0.9984653222041701,31.91814739861542,0.9999988075307225,1.0,31.883053442000474,0.9999999999979527
dt_reference_0.25ms,dt_0.25ms_severity_0.0,Baseline,0.0,127,5Hz,60.0,0.02,0.25,512a8299eaef29ce,episodic_expanded_right,4.3499046078260875e-05,0.0007507464035886029,0.0007519117679680427,0.0007517154522047189,0.000751727085787347,0.0007517256759344394,0.0007517256759362895,0.0007504105007309523,0.0007503282742389336,0.00075034251649755,0.000750340860602624,0.0007503408606046214,1.0,0.0007509067139512409,0.0007508388018960644,0.00013048333989006404,False,-3.4728880783596594e-05,0.0007503408606046214,1.3884154115762681,1.388407711491048,1.3882590435764925,0.00014866791455547812,1.0,,,,,0.9988610394112931,31.909222633679597,0.9999993721568083,1.0,31.883053442000474,0.9999999999979527
dt_reference_0.25ms,dt_0.25ms_severity_0.0,Baseline,0.0,127,5Hz,60.0,0.02,0.25,512a8299eaef29ce,shared_auditory_relay,7.689674425446237e-05,0.0013246527141196217,0.0013264926345197094,0.0013263254828742947,0.0013263389629058874,0.0013263370554778436,0.001326337055480018,0.0013242303235009747,0.0013241119662307586,0.00132412790656545,0.001324125740083294,0.0013241257400855779,1.0,0.0013248940169946987,0.0013248382449059619,6.073226114901839e-05,False,-1.629239262523896e-05,0.0013241257400855779,1.4361627002888655,1.4361492788518557,1.435994000123789,0.00015527872806675447,1.0,,,,,0.9992273944155918,31.903856784265166,0.9999998178440084,1.0,31.883053442000474,0.9999999999979527
dt_reference_0.25ms,dt_0.25ms_severity_0.0,Baseline,0.0,127,5Hz,60.0,0.02,0.25,512a8299eaef29ce,anterior_temporal_context,3.4253625190473277e-05,0.0005897432305563015,0.0005907584780552318,0.0005905044694636718,0.000590517071451927,0.000590515147214537,0.000590515147214986,0.0005894178208816851,0.0005893295889639675,0.0005893454828566481,0.000589343163825531,0.0005893431638262335,1.0,0.0005898907994367127,0.0005897997117815579,0.0002227901426511047,False,-5.81318618202431e-05,0.0005893431638262335,1.3343308840539194,1.334255536200061,1.3342621469147444,6.610714683441543e-06,1.0,,,,,0.9987402152383901,31.907684339691357,0.9999990607921121,1.0,31.883053442000474,0.9999999999979527
dt_reference_0.25ms,dt_0.25ms_severity_0.0,Baseline,0.0,127,5Hz,60.0,0.02,0.25,512a8299eaef29ce,hippocampal_context,4.874218063913682e-05,0.0008366141941046991,0.0008377914781669626,0.0008376933440351033,0.0008377057441221195,0.0008377037451862132,0.0008377037451847802,0.000836062410223066,0.0008361280271441409,0.0008361435546555054,0.0008361412602128257,0.0008361412602114302,1.0,0.0008367650501481619,0.0008367391848930141,4.459585408231014e-05,False,-1.4212950623981868e-05,0.0008361412602114302,1.4261675908109814,1.4262045968221444,1.425961082380895,0.0002435144412493706,1.0,,,,,0.9987932228611622,31.894736596673543,0.9999990621394769,1.0,31.883053442000474,0.9999999999979527
dt_reference_0.25ms,dt_0.25ms_severity_0.0,Baseline,0.0,127,5Hz,60.0,0.02,0.25,512a8299eaef29ce,angular_parietal_context,4.2221369149330354e-05,0.0007273943475289991,0.0007285108852589303,0.000728342896497319,0.0007283563786058349,0.0007283542402467888,0.0007283542402470423,0.0007269121069108846,0.0007269205630643851,0.000726937647522885,0.0007269351038783282,0.0007269351038786911,1.0,0.0007275448131335632,0.0007274906804283895,0.00010734718937852175,False,-2.9900812324168416e-05,0.0007269351038783282,1.3861437722673602,1.3861600110515355,1.385969246806377,0.00019076424515862556,1.0,,,,,0.9986349997208412,31.899873908119766,0.999998921037428,1.0,31.883053442000474,0.9999999999979527
dt_reference_0.25ms,dt_0.25ms_severity_0.0,Baseline,0.0,149,pulse,60.0,0.02,0.25,512a8299eaef29ce,semantic_expanded,0.00010809099472473039,0.0029808668411988016,,,,,,,,,,,1.0,,,,False,,,,,,,,324.0,324.0,1.0,4.533933755161583e-08,,,,,,
dt_reference_0.25ms,dt_0.25ms_severity_0.0,Baseline,0.0,149,pulse,60.0,0.02,0.25,512a8299eaef29ce,episodic_expanded,0.0001546239151253799,0.004283337458051005,,,,,,,,,,,1.0,,,,False,,,,,,,,267.0,267.0,1.0,3.0844680776374286e-08,,,,,,
dt_reference_0.25ms,dt_0.25ms_severity_0.0,Baseline,0.0,149,pulse,60.0,0.02,0.25,512a8299eaef29ce,semantic_anatomical_core,9.98696988441666e-05,0.002762894156417861,,,,,,,,,,,1.0,,,,False,,,,,,,,326.0,326.0,1.0,5.190683802584559e-08,,,,,,
dt_reference_0.25ms,dt_0.25ms_severity_0.0,Baseline,0.0,149,pulse,60.0,0.02,0.25,512a8299eaef29ce,episodic_anatomical_core,0.00015888957092555342,0.004395286596562582,,,,,,,,,,,1.0,,,,False,,,,,,,,252.0,252.0,1.0,2.91543477409067e-08,,,,,,
dt_reference_0.25ms,dt_0.25ms_severity_0.0,Baseline,0.0,149,pulse,60.0,0.02,0.25,512a8299eaef29ce,semantic_platel_peaks,0.00011848283561600312,0.0032844872879269752,,,,,,,,,,,1.0,,,,False,,,,,,,,325.0,325.0,1.0,3.925434633658518e-08,,,,,,
dt_reference_0.25ms,dt_0.25ms_severity_0.0,Baseline,0.0,149,pulse,60.0,0.02,0.25,512a8299eaef29ce,episodic_platel_peaks,0.00014770166151034227,0.004077651569061654,,,,,,,,,,,1.0,,,,False,,,,,,,,295.0,295.0,1.0,4.276135269705293e-08,,,,,,
dt_reference_0.25ms,dt_0.25ms_severity_0.0,Baseline,0.0,149,pulse,60.0,0.02,0.25,512a8299eaef29ce,semantic_expanded_left,0.00011151711212761515,0.0030919703156540887,,,,,,,,,,,1.0,,,,False,,,,,,,,324.0,324.0,1.0,4.533933755161583e-08,,,,,,
dt_reference_0.25ms,dt_0.25ms_severity_0.0,Baseline,0.0,149,pulse,60.0,0.02,0.25,512a8299eaef29ce,episodic_expanded_left,0.00015608924142841767,0.004327795903980544,,,,,,,,,,,1.0,,,,False,,,,,,,,262.0,262.0,1.0,3.07312472613002e-08,,,,,,
dt_reference_0.25ms,dt_0.25ms_severity_0.0,Baseline,0.0,149,pulse,60.0,0.02,0.25,512a8299eaef29ce,semantic_expanded_right,0.00010409385775469818,0.0028737556372946064,,,,,,,,,,,1.0,,,,False,,,,,,,,324.0,324.0,1.0,4.518429665237996e-08,,,,,,
dt_reference_0.25ms,dt_0.25ms_severity_0.0,Baseline,0.0,149,pulse,60.0,0.02,0.25,512a8299eaef29ce,episodic_expanded_right,0.00015355822326862514,0.004239335723449427,,,,,,,,,,,1.0,,,,False,,,,,,,,272.0,272.0,1.0,3.0844680776374286e-08,,,,,,
dt_reference_0.25ms,dt_0.25ms_severity_0.0,Baseline,0.0,149,pulse,60.0,0.02,0.25,512a8299eaef29ce,shared_auditory_relay,0.0002319089087861193,0.006416103488303828,,,,,,,,,,,1.0,,,,False,,,,,,,,220.0,220.0,1.0,1.2879324372352128e-08,,,,,,
dt_reference_0.25ms,dt_0.25ms_severity_0.0,Baseline,0.0,149,pulse,60.0,0.02,0.25,512a8299eaef29ce,anterior_temporal_context,0.00013943964676494652,0.0038573425005344903,,,,,,,,,,,1.0,,,,False,,,,,,,,284.0,284.0,1.0,3.697275217644751e-08,,,,,,
dt_reference_0.25ms,dt_0.25ms_severity_0.0,Baseline,0.0,149,pulse,60.0,0.02,0.25,512a8299eaef29ce,hippocampal_context,0.0001613764866314844,0.0044612460383748,,,,,,,,,,,1.0,,,,False,,,,,,,,274.0,274.0,1.0,3.859907888420797e-08,,,,,,
dt_reference_0.25ms,dt_0.25ms_severity_0.0,Baseline,0.0,149,pulse,60.0,0.02,0.25,512a8299eaef29ce,angular_parietal_context,0.00015610610458614835,0.004318937498597002,,,,,,,,,,,1.0,,,,False,,,,,,,,297.0,297.0,1.0,4.021541694199274e-08,,,,,,
dt_reference_0.25ms,dt_0.25ms_severity_0.0,Baseline,0.0,149,2Hz,60.0,0.02,0.25,512a8299eaef29ce,semantic_expanded,1.2180368703612707e-05,0.0002797379343152618,0.00028086322971941516,0.0002803062500170528,0.0002803112706290196,0.00028030998820136857,0.00028030998818918723,0.0002797453010655127,0.00027961337372778674,0.00027961847404113206,0.0002796172356380707,0.00027961723562758533,1.0,0.0002799280276093176,0.00027971155006909106,0.0011161150918628808,False,-0.0002834988685305184,0.0002796172356380707,2.137236079496658,2.127291108763127,2.143860093308797,0.016568984545669796,1.0,,,,,0.9994982425549667,31.59988224694304,0.9999980940840112,1.0,31.540186412729213,0.9999999999997179
dt_reference_0.25ms,dt_0.25ms_severity_0.0,Baseline,0.0,149,2Hz,60.0,0.02,0.25,512a8299eaef29ce,episodic_expanded,2.401141679482355e-05,0.0005529323966478315,0.0005544963094278283,0.0005541156485733621,0.0005541229777474122,0.0005541210688152332,0.0005541210688030488,0.0005529754781860134,0.0005528342518016601,0.0005528415686734349,0.0005528396844592892,0.0005528396844505774,1.0,0.0005531563240471881,0.0005530129804449828,0.00037390497885372165,False,-9.695799447575482e-05,0.0005528396844592892,2.2222797796424345,2.2184093245104606,2.2223747533446216,0.003965428834161067,1.0,,,,,0.9998356720181866,31.585310923652674,0.999999558999588,1.0,31.540186412729213,0.9999999999997179
dt_reference_0.25ms,dt_0.25ms_severity_0.0,Baseline,0.0,149,2Hz,60.0,0.02,0.25,512a8299eaef29ce,semantic_anatomical_core,1.0748829591600745e-05,0.00024718479507249434,0.0002482635171762796,0.00024767349842804413,0.00024767780065224797,0.0002476767701550007,0.0002476767701336392,0.00024718375149100353,0.000247055387768579,0.0002470597815289298,0.00024705879673021244,0.0002470587967105368,1.0,0.0002473725257102897,0.00024714300541327873,0.001339200883360437,False,-0.00034041782932696667,0.00024705879673021244,2.1241802016468467,2.112830739570499,2.13235783810134,0.019527098530841336,1.0,,,,,0.9994783476297779,31.60400054544794,0.9999978908861487,1.0,31.540186412729213,0.9999999999997179
dt_reference_0.25ms,dt_0.25ms_severity_0.0,Baseline,0.0,149,2Hz,60.0,0.02,0.25,512a8299eaef29ce,episodic_anatomical_core,2.5144491038516145e-05,0.0005778760347713545,0.0005794739552217865,0.0005791161853993557,0.0005791235534840246,0.0005791216106229086,0.0005791216106139309,0.0005779220597774858,0.0005777811668569798,0.0005777885057389241,0.0005777865863943806,0.000577786586388805,1.0,0.0005781020979435023,0.0005779670604740615,0.0003370350068833222,False,-8.707286107183521e-05,0.0005777865863943806,2.2247668137876477,2.2211513468718467,2.2246022133015053,0.003450866429658639,1.0,,,,,0.9998394266528876,31.585138413463056,0.9999996399352171,1.0,31.540186412729213,0.9999999999997179
dt_reference_0.25ms,dt_0.25ms_severity_0.0,Baseline,0.0,149,2Hz,60.0,0.02,0.25,512a8299eaef29ce,semantic_platel_peaks,1.3364512438291432e-05,0.0003070292115630753,0.0003082166191988411,0.00030766728620204407,0.0003076735079508603,0.000307671825205569,0.00030767182519315277,0.00030704209696865293,0.0003069045663848239,0.0003069108359643543,0.0003069091945974328,0.00030690919458691246,1.0,0.00030722558346633325,0.0003070130572538491,0.0009983433301612827,False,-0.00025416768264303614,0.0003069091945974328,2.1501478666925866,2.1420011165875392,2.1546674646968604,0.012666348109321213,1.0,,,,,0.9994982425549667,31.608118843952834,0.9999978952133265,1.0,31.540186412729213,0.9999999999997179
dt_reference_0.25ms,dt_0.25ms_severity_0.0,Baseline,0.0,149,2Hz,60.0,0.02,0.25,512a8299eaef29ce,episodic_platel_peaks,2.2530175134037324e-05,0.000518989519815623,0.000520548857096612,0.0005200738879481758,0.0005200810089093204,0.0005200794890294946,0.0005200794889956629,0.0005190197888280172,0.000518877115361727,0.0005188842879765407,0.0005188827997186277,0.0005188827996886081,1.0,0.0005192197392534546,0.000519044663225025,0.00048654527649208786,False,-0.00012936662910796316,0.0005188827997186277,2.2247830633121404,2.2200544546481717,2.2257491564181078,0.005694701769936028,1.0,,,,,0.9996815375155539,31.58572927725615,0.9999992218755016,1.0,31.540186412729213,0.9999999999997179
dt_reference_0.25ms,dt_0.25ms_severity_0.0,Baseline,0.0,149,2Hz,60.0,0.02,0.25,512a8299eaef29ce,semantic_expanded_left,1.2354637302439807e-05,0.0002836342356787586,0.0002848274264287397,0.0002841994418745427,0.000284205492034824,0.00028420379477841026,0.0002842037947608532,0.0002836327964525722,0.00028349527107390213,0.00028350148761568564,0.0002834998506617107,0.00028349985064568626,1.0,0.0002838394408446425,0.00028359568865340225,0.0012394724290323456,False,-0.00031512058246647713,0.0002834998506617107,2.1091997143472683,2.096811265557093,2.1186159872342576,0.02180472167716463,1.0,,,,,0.9994982425549667,31.59988224694304,0.9999980940840112,1.0,31.540186412729213,0.9999999999997179
dt_reference_0.25ms,dt_0.25ms_severity_0.0,Baseline,0.0,149,2Hz,60.0,0.02,0.25,512a8299eaef29ce,episodic_expanded_left,2.4258945758170513e-05,0.0005569299502731953,0.0005585007572937108,0.0005581238684426479,0.0005581319707955719,0.0005581296337346058,0.0005581296337232483,0.0005569759318880431,0.0005568322210694182,0.00055684030364421,0.0005568379911496478,0.000556837991141982,1.0,0.0005571546880292629,0.0005570126042161568,0.0003679584118053888,False,-9.515377253466184e-05,0.0005568379911496478,2.220869960730157,2.217096164492586,2.2208674482821613,0.0037712837895753637,1.0,,,,,0.9998369873396501,31.585347558350442,0.9999996020423543,1.0,31.540186412729213,0.9999999999997179
dt_reference_0.25ms,dt_0.25ms_severity_0.0,Baseline,0.0,149,2Hz,60.0,0.02,0.25,512a8299eaef29ce,semantic_expanded_right,1.1977055338314422e-05,0.0002758951566890489,0.00027695420626270575,0.00027646639022362013,0.0002764704083622266,0.0002764695297144579,0.00027646952970750773,0.00027591108802299714,0.000275784631155466,0.0002757886446475399,0.0002757877941853752,0.0002757877941802803,1.0,0.00027607051510551917,0.00027588060881162887,0.0009927577546933932,False,-0.0002518771545942045,0.0002757877941853752,2.165272444646048,2.157770951969161,2.169104199383336,0.011333247414174963,1.0,,,,,0.9995005549342189,31.601875332832556,0.9999982360105136,1.0,31.540186412729213,0.9999999999997179
dt_reference_0.25ms,dt_0.25ms_severity_0.0,Baseline,0.0,149,2Hz,60.0,0.02,0.25,512a8299eaef29ce,episodic_expanded_right,2.383139573057122e-05,0.0005489635368195602,0.0005505205734347606,0.0005501362141179046,0.0005501427808014307,0.0005501412939685277,0.0005501412939555293,0.0005490037575564668,0.0005488649873352074,0.0005488715490834649,0.0005488700871182282,0.0005488700871084867,1.0,0.0005491866539177845,0.0005490420759347198,0.0003798515459019708,False,-9.876221641667016e-05,0.0005488700871182282,2.2236895985547114,2.2197224845283356,2.223882058407082,0.0041595738787463254,1.0,,,,,0.9997818256501293,31.585310923652674,0.999999558999588,1.0,31.540186412729213,0.9999999999997179
dt_reference_0.25ms,dt_0.25ms_severity_0.0,Baseline,0.0,149,2Hz,60.0,0.02,0.25,512a8299eaef29ce,shared_auditory_relay,4.256040122402353e-05,0.0009786284269988578,0.0009809818623143223,0.0009807106757749296,0.0009807189583671116,0.0009807168504859982,0.0009807168504754671,0.0009786828548700199,0.000978537421348511,0.000978545620350363,0.0009785435420235885,0.0009785435420163783,1.0,0.000978938094005936,0.0009788361273606082,0.00015027961046592853,False,-3.852544095712674e-05,0.0009785435420235885,2.261116931297331,2.2585770892674164,2.259855148173711,0.0012780589062946213,1.0,,,,,0.9999398500332319,31.577408931970538,0.9999998874216554,1.0,31.540186412729213,0.9999999999997179
dt_reference_0.25ms,dt_0.25ms_severity_0.0,Baseline,0.0,149,2Hz,60.0,0.02,0.25,512a8299eaef29ce,anterior_temporal_context,1.8620225806169737e-05,0.0004278990698819766,0.00042929865425998326,0.00042879908485959033,0.000428806891592967,0.0004288049285115214,0.00042880492849467765,0.00042792404251722525,0.00042778086691733756,0.00042778879946462787,0.00042778687489521415,0.0004277868748812855,1.0,0.000428115114244944,0.0004279249485626792,0.000640977223341148,False,-0.00016503323064451792,0.00042778687489521415,2.17692352878709,2.170363455382061,2.1798410518380376,0.009477596455976567,1.0,,,,,0.9997582227092854,31.58820575817687,0.9999992089027423,1.0,31.540186412729213,0.9999999999997179
dt_reference_0.25ms,dt_0.25ms_severity_0.0,Baseline,0.0,149,2Hz,60.0,0.02,0.25,512a8299eaef29ce,hippocampal_context,2.6503955736640565e-05,0.0006068649410994742,0.0006085768938656298,0.0006081233816724176,0.0006081313165079333,0.0006081289690905841,0.0006081289690605186,0.0006068924398835863,0.0006067597536706333,0.0006067676834563314,0.0006067653605762055,0.0006067653605487942,1.0,0.0006071090555037059,0.000606948950353784,0.0003805137910013177,False,-0.00010556157748222717,0.0006067653605762055,2.2526548730600786,2.2487638640104572,2.252767074219089,0.004003210208631813,1.0,,,,,0.9997822424211422,31.57844053720552,0.9999990565601755,1.0,31.540186412729213,0.9999999999997179
dt_reference_0.25ms,dt_0.25ms_severity_0.0,Baseline,0.0,149,2Hz,60.0,0.02,0.25,512a8299eaef29ce,angular_parietal_context,2.2898546560254354e-05,0.0005265784165923695,0.0005281809991067091,0.0005276830855184974,0.0005276920553050714,0.0005276897095325586,0.0005276897094986986,0.0005266067357638652,0.0005264622409693759,0.000526471320450883,0.0005264690103410045,0.0005264690103098653,1.0,0.0005268153131472853,0.0005266339968503513,0.0004966240378528373,False,-0.0001333497853665655,0.0005264690103410045,2.2210515038604615,2.216430838586009,2.221914012397977,0.005483173811967834,1.0,,,,,0.9996908743550854,31.58410661460467,0.9999992925199531,1.0,31.540186412729213,0.9999999999997179
dt_reference_0.25ms,dt_0.25ms_severity_0.0,Baseline,0.0,149,5Hz,60.0,0.02,0.25,512a8299eaef29ce,semantic_expanded,2.2507622988774944e-05,0.00038720212107910313,0.0003879988352764515,0.00038769315536475545,0.0003877034095131275,0.000387702026590304,0.0003877020265882131,0.0003869765909655574,0.0003868648980340083,0.0003868781785162704,0.0003868764530159159,0.000386876453013825,1.0,0.00038732852001876166,0.00038721463891631003,0.00042423898796730157,False,-0.0001087539552833583,0.0003868764530159159,1.2894898329127322,1.2892839876917925,1.2895665276286175,0.0002825399368249215,1.0,,,,,0.9984969912614244,31.916794293935666,0.9999986779937041,1.0,31.883053468353218,0.9999999999979162
dt_reference_0.25ms,dt_0.25ms_severity_0.0,Baseline,0.0,149,5Hz,60.0,0.02,0.25,512a8299eaef29ce,episodic_expanded,4.384997857097722e-05,0.0007565616124188154,0.000757734388201023,0.0007575408602245414,0.0007575517368843276,0.0007575503312977926,0.0007575503312983632,0.0007562205565887114,0.0007561370515218348,0.0007561505012831058,0.0007561488833227564,0.0007561488833234233,1.0,0.000756722885966896,0.0007566554222917511,0.00012862548525367876,False,-3.414608103842199e-05,0.0007561488833234233,1.3865131522673284,1.3865088158760415,1.386353076620519,0.00015573925552248014,1.0,,,,,0.9989148683342576,31.90886417375582,0.9999993767328804,1.0,31.883053468353218,0.9999999999979162
dt_reference_0.25ms,dt_0.25ms_severity_0.0,Baseline,0.0,149,5Hz,60.0,0.02,0.25,512a8299eaef29ce,semantic_anatomical_core,1.9900927162746168e-05,0.00034285893233937625,0.0003436061175004521,0.00034328812707738775,0.00034329802945305183,0.000343296752162419,0.00034329675215948757,0.0003426438825233355,0.0003425364108848624,0.00034254940543754225,0.0003425477853875803,0.0003425477853845223,1.0,0.0003429804680491804,0.00034286147867171844,0.0005005975132492664,False,-0.00012813902156656455,0.0003425477853875803,1.275990200862309,1.2757350339792917,1.276121707854425,0.0003866738751332477,1.0,,,,,0.9984665988784251,31.919899840267675,0.9999985524544219,1.0,31.883053468353218,0.9999999999979162
dt_reference_0.25ms,dt_0.25ms_severity_0.0,Baseline,0.0,149,5Hz,60.0,0.02,0.25,512a8299eaef29ce,episodic_anatomical_core,4.586135282303608e-05,0.000789675508506704,0.0007908860671215241,0.0007906965708920359,0.000790707345009349,0.0007907059534221301,0.0007907059534230424,0.0007893395372742083,0.0007892478034643472,0.0007892610343096078,0.0007892594426457054,0.0007892594426467366,1.0,0.0007898411730187634,0.0007897750965535672,0.00012069790689040958,False,-3.2003229860766426e-05,0.0007892594426467366,1.389518966689778,1.3895160166817542,1.3893558423478458,0.00016017433390835834,1.0,,,,,0.9989398780401162,31.90905276465817,0.9999994537398695,1.0,31.883053468353218,0.9999999999979162
dt_reference_0.25ms,dt_0.25ms_severity_0.0,Baseline,0.0,149,5Hz,60.0,0.02,0.25,512a8299eaef29ce,semantic_platel_peaks,2.4708064533516973e-05,0.0004253324379443822,0.00042618242803865773,0.00042588116822612695,0.00042589187662722943,0.00042589032809336525,0.00042589032809602333,0.0004250788734158046,0.00042496974305343923,0.00042498342506804904,0.0004249815469443295,0.0004249815469471503,1.0,0.0004254648747628059,0.00042535310131677,0.0003790587452555153,False,-9.73628995226683e-05,0.0004249815469471503,1.3004594964118876,1.3003194711420916,1.3004652279528819,0.00014575681079032066,1.0,,,,,0.998505765671381,31.91327965854061,0.9999990576494561,1.0,31.883053468353218,0.9999999999979162
dt_reference_0.25ms,dt_0.25ms_severity_0.0,Baseline,0.0,149,5Hz,60.0,0.02,0.25,512a8299eaef29ce,episodic_platel_peaks,4.134121348638721e-05,0.0007135045513286659,0.0007146121630377982,0.0007144237406628079,0.0007144358169478974,0.0007144344226320172,0.0007144344226313699,0.0007130943860858868,0.0007130681300911838,0.0007130833748794833,0.0007130816864996026,0.0007130816864989863,1.0,0.000713656226525204,0.0007135930352120896,0.0001277503468538149,False,-3.4809050821316134e-05,0.0007130816864996026,1.3905268317286374,1.3905219362887815,1.3903705312885168,0.00015140500026467052,1.0,,,,,0.9987010838101105,31.900018423094778,0.9999989810556424,1.0,31.883053468353218,0.9999999999979162
dt_reference_0.25ms,dt_0.25ms_severity_0.0,Baseline,0.0,149,5Hz,60.0,0.02,0.25,512a8299eaef29ce,semantic_expanded_left,2.286281791508076e-05,0.0003931902460150812,0.0003940155539133887,0.00039368557382765023,0.0003936964468033061,0.00039369470280262365,0.0003936947027989801,0.00039294138718465305,0.00039283230037940426,0.0003928467246688985,0.0003928445061925521,0.00039284450618814494,1.0,0.00039332262360271237,0.0003931991661272729,0.0004529092298920415,False,-0.00011585539482847907,0.0003928445061925521,1.2614711485294876,1.2611906761071656,1.2616344631780307,0.00044378707086512037,1.0,,,,,0.998505765671381,31.916794293935666,0.9999984269151397,1.0,31.883053468353218,0.9999999999979162
dt_reference_0.25ms,dt_0.25ms_severity_0.0,Baseline,0.0,149,5Hz,60.0,0.02,0.25,512a8299eaef29ce,episodic_expanded_left,4.433252516714523e-05,0.0007624220488342209,0.0007636033913631563,0.0007634109221218589,0.0007634217204569093,0.0007634201182974859,0.0007634201182974683,0.0007620763036333664,0.0007619902497895988,0.0007620036647504648,0.0007620018631143496,0.0007620018631143253,1.0,0.000762584477075138,0.0007625171035444269,0.00012746620938904407,False,-3.376145395606045e-05,0.0007620018631143496,1.3846114920446677,1.3846111316114063,1.384447109154986,0.00016402245642033186,1.0,,,,,0.9989215248094293,31.908827711671286,0.9999993977984845,1.0,31.883053468353218,0.9999999999979162
dt_reference_0.25ms,dt_0.25ms_severity_0.0,Baseline,0.0,149,5Hz,60.0,0.02,0.25,512a8299eaef29ce,semantic_expanded_right,2.209322890808482e-05,0.0003813051928109268,0.0003820739934773612,0.0003817919494872888,0.0003818016011285002,0.0003818005686949443,0.00038180056869436,0.0003811023395327726,0.0003809881447791208,0.00038100031287830415,0.0003809990658869335,0.00038099906588708987,1.0,0.0003814257645435112,0.00038132119675593745,0.00039556874604252415,False,-0.00010165251573797108,0.00038099906588708987,1.3175085172959766,1.3173772992764194,1.3174985920792044,0.0001212928027849447,1.0,,,,,0.9984665988784251,31.918142522570143,0.9999988188884081,1.0,31.883053468353218,0.9999999999979162
dt_reference_0.25ms,dt_0.25ms_severity_0.0,Baseline,0.0,149,5Hz,60.0,0.02,0.25,512a8299eaef29ce,episodic_expanded_right,4.349903559194593e-05,0.0007507462228577492,0.0007519104937936526,0.0007517159347349956,0.000751726887876586,0.0007517256759347906,0.000751725675935941,0.0007504098047411095,0.0007503288143673807,0.0007503422976028985,0.0007503408606029226,0.0007503408606042701,1.0,0.0007509063498674466,0.0007508388014147032,0.00012978476111633023,False,-3.4530708120428244e-05,0.0007503408606042701,1.3884148124899889,1.3884065001406767,1.388259044086052,0.0001474560546246284,1.0,,,,,0.9988614460697767,31.909241355560518,0.9999993767328804,1.0,31.883053468353218,0.9999999999979162
dt_reference_0.25ms,dt_0.25ms_severity_0.0,Baseline,0.0,149,5Hz,60.0,0.02,0.25,512a8299eaef29ce,shared_auditory_relay,7.689673594084776e-05,0.00132465257254721,0.0013264915621546626,0.0013263260497588156,0.0013263386503734238,0.0013263370554769754,0.0013263370554802195,0.001324229534695462,0.001324112585359156,0.0013241275717580968,0.0013241257400823671,0.0013241257400857837,1.0,0.0013248937298692264,0.0013248382439668021,6.042062900628988e-05,False,-1.620659314154338e-05,0.0013241257400857837,1.4361622775576304,1.4361484219878489,1.4359940007673428,0.00015442122050601803,1.0,,,,,0.9992274769581,31.903875773971592,0.9999998189405981,1.0,31.883053468353218,0.9999999999979162
dt_reference_0.25ms,dt_0.25ms_severity_0.0,Baseline,0.0,149,5Hz,60.0,0.02,0.25,512a8299eaef29ce,anterior_temporal_context,3.425360825234304e-05,0.0005897429423791481,0.000590756707948692,0.0005905049538582602,0.0005905168152785422,0.0005905151472168888,0.0005905151472164943,0.0005894170042383809,0.000589330149814538,0.000589345195671309,0.0005893431638282068,0.0005893431638279838,1.0,0.0005898902194355747,0.0005897997110047377,0.0002213735342041863,False,-5.7758754245273996e-05,0.0005893431638282068,1.3343307311039028,1.334255206290674,1.334262148118504,6.941827829898273e-06,1.0,,,,,0.9987406774461474,31.90772859174975,0.9999990676746926,1.0,31.883053468353218,0.9999999999979162
dt_reference_0.25ms,dt_0.25ms_severity_0.0,Baseline,0.0,149,5Hz,60.0,0.02,0.25,512a8299eaef29ce,hippocampal_context,4.874216631714016e-05,0.0008366139611513617,0.0008377899485017608,0.0008376939368788327,0.0008377053894896934,0.000837703745184365,0.0008377037451847802,0.0008360615963298495,0.0008361286963636958,0.0008361431597103363,0.0008361412602109995,0.0008361412602114295,1.0,0.0008367645798338816,0.0008367391844755124,4.3785688882290135e-05,False,-1.4000589335072533e-05,0.0008361412602109995,1.4261666974950726,1.426202793138105,1.4259610825014732,0.0002417106366316979,1.0,,,,,0.9987935872101925,31.894796034851268,0.9999990679497672,1.0,31.883053468353218,0.9999999999979162
dt_reference_0.25ms,dt_0.25ms_severity_0.0,Baseline,0.0,149,5Hz,60.0,0.02,0.25,512a8299eaef29ce,angular_parietal_context,4.222135116015062e-05,0.0007273940371355019,0.0007285088642971636,0.0007283435597354816,0.0007283560530060254,0.0007283542402486337,0.0007283542402484422,0.000726910932893913,0.0007269213228789503,0.0007269372847780204,0.0007269351038802355,0.0007269351038799682,1.0,0.0007275441877213261,0.0007274906798848973,0.00010610809681323612,False,-2.956628011183682e-05,0.0007269351038799682,1.3861432083514957,1.3861588616613822,1.3859692468346956,0.00018961482668666818,1.0,,,,,0.998635538570285,31.899926461419973,0.9999989275909967,1.0,31.883053468353218,0.9999999999979162
dt_reference_0.25ms,dt_0.25ms_severity_0.0,Baseline,0.0,173,pulse,60.0,0.02,0.25,512a8299eaef29ce,semantic_expanded,0.00010809360144823091,0.0029809279792052615,,,,,,,,,,,1.0,,,,False,,,,,,,,324.0,324.0,1.0,4.487510176637722e-08,,,,,,
dt_reference_0.25ms,dt_0.25ms_severity_0.0,Baseline,0.0,173,pulse,60.0,0.02,0.25,512a8299eaef29ce,episodic_expanded,0.0001546275169330785,0.004283423946156608,,,,,,,,,,,1.0,,,,False,,,,,,,,267.0,267.0,1.0,3.049614419225182e-08,,,,,,
dt_reference_0.25ms,dt_0.25ms_severity_0.0,Baseline,0.0,173,pulse,60.0,0.02,0.25,512a8299eaef29ce,semantic_anatomical_core,9.987209560806076e-05,0.0027629512817299714,,,,,,,,,,,1.0,,,,False,,,,,,,,326.0,326.0,1.0,5.1337090210842343e-08,,,,,,
dt_reference_0.25ms,dt_0.25ms_severity_0.0,Baseline,0.0,173,pulse,60.0,0.02,0.25,512a8299eaef29ce,episodic_anatomical_core,0.00015889325044989028,0.004395373992334071,,,,,,,,,,,1.0,,,,False,,,,,,,,252.0,252.0,1.0,2.8839793884535237e-08,,,,,,
dt_reference_0.25ms,dt_0.25ms_severity_0.0,Baseline,0.0,173,pulse,60.0,0.02,0.25,512a8299eaef29ce,semantic_platel_peaks,0.0001184857310240446,0.0032845551326981907,,,,,,,,,,,1.0,,,,False,,,,,,,,325.0,325.0,1.0,3.8915328538510626e-08,,,,,,
dt_reference_0.25ms,dt_0.25ms_severity_0.0,Baseline,0.0,173,pulse,60.0,0.02,0.25,512a8299eaef29ce,episodic_platel_peaks,0.00014770509757866646,0.004077733158459157,,,,,,,,,,,1.0,,,,False,,,,,,,,295.0,295.0,1.0,4.2371261547033806e-08,,,,,,
dt_reference_0.25ms,dt_0.25ms_severity_0.0,Baseline,0.0,173,pulse,60.0,0.02,0.25,512a8299eaef29ce,semantic_expanded_left,0.00011152007202000639,0.003092042022002323,,,,,,,,,,,1.0,,,,False,,,,,,,,324.0,324.0,1.0,4.487510176637722e-08,,,,,,
dt_reference_0.25ms,dt_0.25ms_severity_0.0,Baseline,0.0,173,pulse,60.0,0.02,0.25,512a8299eaef29ce,episodic_expanded_left,0.00015609311747065739,0.004327888870785812,,,,,,,,,,,1.0,,,,False,,,,,,,,262.0,262.0,1.0,3.041823328703171e-08,,,,,,
dt_reference_0.25ms,dt_0.25ms_severity_0.0,Baseline,0.0,173,pulse,60.0,0.02,0.25,512a8299eaef29ce,semantic_expanded_right,0.00010409605244782615,0.0028738068738970355,,,,,,,,,,,1.0,,,,False,,,,,,,,324.0,324.0,1.0,4.476364114603768e-08,,,,,,
dt_reference_0.25ms,dt_0.25ms_severity_0.0,Baseline,0.0,173,pulse,60.0,0.02,0.25,512a8299eaef29ce,episodic_expanded_right,0.0001535616256330211,0.004239415856160018,,,,,,,,,,,1.0,,,,False,,,,,,,,272.0,272.0,1.0,3.049614419225182e-08,,,,,,
dt_reference_0.25ms,dt_0.25ms_severity_0.0,Baseline,0.0,173,pulse,60.0,0.02,0.25,512a8299eaef29ce,shared_auditory_relay,0.00023191376526039099,0.00641621660790974,,,,,,,,,,,1.0,,,,False,,,,,,,,220.0,220.0,1.0,1.2748632856142832e-08,,,,,,
dt_reference_0.25ms,dt_0.25ms_severity_0.0,Baseline,0.0,173,pulse,60.0,0.02,0.25,512a8299eaef29ce,anterior_temporal_context,0.00013944290486302675,0.0038574196686594416,,,,,,,,,,,1.0,,,,False,,,,,,,,284.0,284.0,1.0,3.657101050099427e-08,,,,,,
dt_reference_0.25ms,dt_0.25ms_severity_0.0,Baseline,0.0,173,pulse,60.0,0.02,0.25,512a8299eaef29ce,hippocampal_context,0.00016138040839712425,0.004461339523483997,,,,,,,,,,,1.0,,,,False,,,,,,,,274.0,274.0,1.0,3.8228957571759436e-08,,,,,,
dt_reference_0.25ms,dt_0.25ms_severity_0.0,Baseline,0.0,173,pulse,60.0,0.02,0.25,512a8299eaef29ce,angular_parietal_context,0.00015611020704054063,0.004319036696288277,,,,,,,,,,,1.0,,,,False,,,,,,,,297.0,297.0,1.0,3.987313992340943e-08,,,,,,
dt_reference_0.25ms,dt_0.25ms_severity_0.0,Baseline,0.0,173,2Hz,60.0,0.02,0.25,512a8299eaef29ce,semantic_expanded,1.218036377328946e-05,0.0002797378256152421,0.00028086289071275713,0.0002803061795672257,0.0002803112222971276,0.00028030998819306906,0.0002803099881891862,0.0002797457946715076,0.0002796133055035741,0.00027961842635509053,0.0002796172356299208,0.00027961723562758533,1.0,0.0002799278179769958,0.0002797115501133461,0.0011150344586629136,False,-0.0002833066050883737,0.0002796172356299208,2.1372568795411864,2.1273307581974197,2.143860086831836,0.016529328634416363,1.0,,,,,0.9994997317014733,31.600069070784794,0.9999980872905161,1.0,31.54018645626332,0.9999999999997086
dt_reference_0.25ms,dt_0.25ms_severity_0.0,Baseline,0.0,173,2Hz,60.0,0.02,0.25,512a8299eaef29ce,episodic_expanded,2.4011413728626073e-05,0.0005529323250839819,0.0005544961332264404,0.0005541155283872053,0.0005541229798218851,0.0005541210688171659,0.0005541210688026945,0.0005529756838922137,0.0005528341390712635,0.000552841570427166,0.00055283968446121,0.000552839684450224,1.0,0.0005531561797605386,0.0005530129805366633,0.0003735284235234462,False,-9.689650419346663e-05,0.00055283968446121,2.222283261536316,2.2184162542594974,2.222374750789152,0.0039584965296546315,1.0,,,,,0.9998358918238289,31.585436429399437,0.999999560919129,1.0,31.54018645626332,0.9999999999997086
dt_reference_0.25ms,dt_0.25ms_severity_0.0,Baseline,0.0,173,2Hz,60.0,0.02,0.25,512a8299eaef29ce,semantic_anatomical_core,1.0748824153080763e-05,0.0002471846700480928,0.0002482630852780463,0.00024767343904005985,0.0002476777318401478,0.0002476767701438987,0.0002476767701336388,0.00024718432257761887,0.00024705532929630977,0.00024705971360429555,0.00024705879671932157,0.0002470587967105364,1.0,0.0002473722840791307,0.00024714300541724127,0.0013377916485795077,False,-0.0003401495533455368,0.00024705879671932157,2.1242057854725993,2.1128792490091306,2.1323578315330987,0.019478582523968058,1.0,,,,,0.9994797535765312,31.604114287329644,0.9999978885685852,1.0,31.54018645626332,0.9999999999997086
dt_reference_0.25ms,dt_0.25ms_severity_0.0,Baseline,0.0,173,2Hz,60.0,0.02,0.25,512a8299eaef29ce,episodic_anatomical_core,2.5144487784698675e-05,0.0005778759596695557,0.0005794737423653229,0.0005791160720951322,0.0005791235574170078,0.0005791216106250977,0.0005791216106135153,0.000577922191633221,0.0005777810609548892,0.0005777885093589595,0.0005777865863965539,0.0005777865863883897,1.0,0.0005781019451986433,0.0005779670605665434,0.0003366535902880815,False,-8.700575361713092e-05,0.0005777865863965539,2.224769694150431,2.2211570775507985,2.2246022108362693,0.0034451332854708028,1.0,,,,,0.9998396470334661,31.585223867299206,0.9999996401636702,1.0,31.54018645626332,0.9999999999997086
dt_reference_0.25ms,dt_0.25ms_severity_0.0,Baseline,0.0,173,2Hz,60.0,0.02,0.25,512a8299eaef29ce,semantic_platel_peaks,1.3364508012741084e-05,0.00030702910571416936,0.0003082163261452396,0.0003076671990163402,0.0003076734776609383,0.00030767182520487815,0.00030767182519315277,0.0003070424961552042,0.00030690448295437326,0.0003069108060420215,0.00030690919459672243,0.00030690919458691246,1.0,0.00030722538085863516,0.0003070130573262686,0.0009973915677267047,False,-0.0002540100694124803,0.00030690919459672243,2.1501620642465213,2.1420290687355275,2.154667459094688,0.012638390359160478,1.0,,,,,0.9994997317014733,31.60815950387449,0.999997898358275,1.0,31.54018645626332,0.9999999999997086
dt_reference_0.25ms,dt_0.25ms_severity_0.0,Baseline,0.0,173,2Hz,60.0,0.02,0.25,512a8299eaef29ce,episodic_platel_peaks,2.2530172410360805e-05,0.0005189894569879133,0.0005205488775100316,0.000520073744122024,0.0005200810006108108,0.0005200794890315867,0.0005200794889969073,0.0005190203290354158,0.000518876980506884,0.0005188842793607363,0.0005188827997206887,0.0005188827996898653,1.0,0.000519219622317613,0.0005190446633022511,0.00048622014588494756,False,-0.00012935233719844064,0.0005188827997206887,2.224788329368473,2.2200649609260923,2.225749154137641,0.0056841932115485605,1.0,,,,,0.9996820288531179,31.58598655537743,0.9999992207527717,1.0,31.54018645626332,0.9999999999997086
dt_reference_0.25ms,dt_0.25ms_severity_0.0,Baseline,0.0,173,2Hz,60.0,0.02,0.25,512a8299eaef29ce,semantic_expanded_left,1.2354630307564577e-05,0.00028363407501529373,0.0002848268476302048,0.00028419934866953525,0.00028420542572126157,0.00028420379476015045,0.00028420379476085214,0.0002836331644036605,0.0002834951800650321,0.0002835014224886946,0.0002834998506437605,0.0002834998506456853,1.0,0.000283839127224936,0.0002835956886801478,0.0012378782303449438,False,-0.00031480375932604334,0.0002834998506456853,2.1092276179371665,2.0968635308843013,2.118615979444589,0.021752448560287796,1.0,,,,,0.9994997317014733,31.600069070784794,0.9999980872905161,1.0,31.54018645626332,0.9999999999997086
dt_reference_0.25ms,dt_0.25ms_severity_0.0,Baseline,0.0,173,2Hz,60.0,0.02,0.25,512a8299eaef29ce,episodic_expanded_left,2.425894237846162e-05,0.0005569298725313801,0.0005585004826523044,0.000558123730708464,0.0005581319791771152,0.0005581296337372326,0.0005581296337228711,0.0005569760204041447,0.0005568320901992504,0.0005568403116095231,0.0005568379911522755,0.0005568379911416065,1.0,0.0005571545262803253,0.0005570126043280718,0.0003675392895590249,False,-9.506502662812722e-05,0.0005568379911522755,2.2208735522693788,2.2171032946302627,2.2208674453452177,0.0037641507149550613,1.0,,,,,0.9998372106477631,31.58542044244954,0.9999996020736459,1.0,31.54018645626332,0.9999999999997086
dt_reference_0.25ms,dt_0.25ms_severity_0.0,Baseline,0.0,173,2Hz,60.0,0.02,0.25,512a8299eaef29ce,semantic_expanded_right,1.197705281663515e-05,0.00027589509855515114,0.00027695410048543805,0.00027646634192302863,0.0002764703775316818,0.00027646952971584974,0.00027646952970750773,0.00027591170377036294,0.0002757845851089968,0.00027578861393690263,0.00027578779418675964,0.0002757877941802808,1.0,0.0002760704066542032,0.00027588060887290825,0.0009921906869833875,False,-0.0002518094508506152,0.00027578779418675964,2.1652861411452067,2.157797985510538,2.169104194219083,0.01130620870854493,1.0,,,,,0.9995016856873735,31.601987839142605,0.999998238897172,1.0,31.54018645626332,0.9999999999997086
dt_reference_0.25ms,dt_0.25ms_severity_0.0,Baseline,0.0,173,2Hz,60.0,0.02,0.25,512a8299eaef29ce,episodic_expanded_right,2.3831392892382036e-05,0.0005489634713489928,0.0005505204942758988,0.0005501361112348328,0.0005501427766590072,0.000550141293969776,0.0005501412939551975,0.0005490040787647992,0.0005488648924908475,0.0005488715447144149,0.0005488700871194519,0.0005488700871081547,1.0,0.000549186526851121,0.0005490420760064503,0.00037951755748887224,False,-9.872798175889486e-05,0.0005488700871194519,2.223692970803253,2.2197292138887317,2.2238820562330863,0.004152842344354646,1.0,,,,,0.9997821256003957,31.585436429399437,0.999999560919129,1.0,31.54018645626332,0.9999999999997086
dt_reference_0.25ms,dt_0.25ms_severity_0.0,Baseline,0.0,173,2Hz,60.0,0.02,0.25,512a8299eaef29ce,shared_auditory_relay,4.256040085557728e-05,0.0009786284176536274,0.0009809820083902553,0.0009807105367140583,0.0009807189782397878,0.000980716850486703,0.000980716850476098,0.0009786831540721443,0.0009785372918013242,0.0009785456399997495,0.0009785435420243134,0.0009785435420170145,1.0,0.000978938071364951,0.000978836127532883,0.0001502459897464568,False,-3.85366952557753e-05,0.0009785435420243134,2.2611178862586283,2.2585789918568633,2.259855145548534,0.0012761536916707783,1.0,,,,,0.9999399146140582,31.577465091186696,0.9999998872687854,1.0,31.54018645626332,0.9999999999997086
dt_reference_0.25ms,dt_0.25ms_severity_0.0,Baseline,0.0,173,2Hz,60.0,0.02,0.25,512a8299eaef29ce,anterior_temporal_context,1.862022337628243e-05,0.000427899015021165,0.000429298661874085,0.0004287989651287034,0.0004288068941335145,0.00042880492851260526,0.00042880492849579395,0.0004279244181192127,0.00042778075583261953,0.00042778880193836133,0.0004277868748963149,0.0004277868748824178,1.0,0.000428115010153611,0.0004279249486880115,0.0006406260258250792,False,-0.00016501564713244932,0.0004277868748963149,2.1769312246250117,2.170378556917825,2.179841047388595,0.009462490470769858,1.0,,,,,0.9997583274719221,31.588251224991097,0.9999992058196511,1.0,31.54018645626332,0.9999999999997086
dt_reference_0.25ms,dt_0.25ms_severity_0.0,Baseline,0.0,173,2Hz,60.0,0.02,0.25,512a8299eaef29ce,hippocampal_context,2.6503948634692304e-05,0.0006068647745619897,0.0006085765411021746,0.00060812323315241,0.0006081313077915474,0.0006081289690931855,0.0006081289690605164,0.0006068924738452931,0.0006067596158165433,0.0006067676742639549,0.0006067653605787654,0.0006067653605487931,1.0,0.0006071087409548245,0.0006069489504012532,0.0003797662041774962,False,-0.00010546033365148589,0.0006067653605787654,2.2526605134420867,2.2487751635661883,2.2527670737765284,0.003991910210340066,1.0,,,,,0.9997824758123812,31.578568854187758,0.9999990527165743,1.0,31.54018645626332,0.9999999999997086
dt_reference_0.25ms,dt_0.25ms_severity_0.0,Baseline,0.0,173,2Hz,60.0,0.02,0.25,512a8299eaef29ce,angular_parietal_context,2.289854238728858e-05,0.0005265783204355306,0.0005281808939268103,0.0005276828940718033,0.0005276920863205913,0.0005276897095295782,0.0005276897094974857,0.0005266070612930843,0.0005264620602831971,0.0005264713510317981,0.0005264690103380063,0.0005264690103086644,1.0,0.0005268151280835228,0.0005266339969476815,0.0004961169700458379,False,-0.00013329488589803874,0.0005264690103380063,2.221057059904318,2.2164419138399487,2.221914010734311,0.005472096894362455,1.0,,,,,0.9996912974227852,31.584278301092226,0.9999992914981424,1.0,31.54018645626332,0.9999999999997086
dt_reference_0.25ms,dt_0.25ms_severity_0.0,Baseline,0.0,173,5Hz,60.0,0.02,0.25,512a8299eaef29ce,semantic_expanded,2.250764363062271e-05,0.0003872024655923016,0.0003880007575100109,0.0003876929830812371,0.0003877033929271405,0.00038770202659391654,0.00038770202658766764,0.0003869770341360361,0.000386864696113152,0.00038687817088555945,0.00038687645302045776,0.00038687645301336833,1.0,0.00038732920814016494,0.0003872146379841259,0.0004268055268505412,False,-0.00010943664130937948,0.00038687645302045776,1.289487638089504,1.2892796145529788,1.2895665165608894,0.0002869020079105944,1.0,,,,,0.9984959136029603,31.916842846395063,0.9999986697339005,1.0,31.88305345770374,0.9999999999979436
dt_reference_0.25ms,dt_0.25ms_severity_0.0,Baseline,0.0,173,5Hz,60.0,0.02,0.25,512a8299eaef29ce,episodic_expanded,4.385000241876536e-05,0.0007565620290633981,0.0007577368055836518,0.0007575404895727089,0.0007575517944798075,0.0007575503312966488,0.0007575503312966906,0.000756222326096687,0.0007561366341196124,0.0007561505684035002,0.000756148883321784,0.0007561488833219371,1.0,0.0007567237155837193,0.000756655421645686,0.0001302083838299406,False,-3.457104610609108e-05,0.0007561488833219371,1.3865131027784572,1.386508701784685,1.3863530744526384,0.00015562733204665946,1.0,,,,,0.9989145376265759,31.908862559840955,0.9999993743863282,1.0,31.88305345770374,0.9999999999979436
dt_reference_0.25ms,dt_0.25ms_severity_0.0,Baseline,0.0,173,5Hz,60.0,0.02,0.25,512a8299eaef29ce,semantic_anatomical_core,1.9900945291652452e-05,0.00034285924433274424,0.000343607854480432,0.00034328798733264225,0.00034329799658336266,0.0003432967521677567,0.00034329675215959555,0.00034264397625422314,0.000342536247923283,0.00034254938128945486,0.0003425477853941236,0.00034254778538477486,1.0,0.0003429810914098,0.0003428614776233902,0.0005032239934253698,False,-0.00012883895792246137,0.0003425477853941236,1.2759874688924175,1.2757295956480101,1.276121694456469,0.0003920988084589183,1.0,,,,,0.9984653312210091,31.919944763405475,0.9999985440317007,1.0,31.88305345770374,0.9999999999979436
dt_reference_0.25ms,dt_0.25ms_severity_0.0,Baseline,0.0,173,5Hz,60.0,0.02,0.25,512a8299eaef29ce,episodic_anatomical_core,4.586137817526803e-05,0.0007896759459651702,0.0007908885793860491,0.0007906962040407239,0.0007907074071475923,0.0007907059534199804,0.0007907059534210289,0.0007893414635738707,0.0007892473910040634,0.000789261105785814,0.000789259442643657,0.0007892594426449399,1.0,0.0007898420440048985,0.0007897750959934602,0.0001222898406349385,False,-3.242803687726337e-05,0.0007892594426449399,1.389518916907567,1.3895159013462153,1.3893558407377085,0.00016006060850681791,1.0,,,,,0.998939488228396,31.90909049619519,0.9999994513101719,1.0,31.88305345770374,0.9999999999979436
dt_reference_0.25ms,dt_0.25ms_severity_0.0,Baseline,0.0,173,5Hz,60.0,0.02,0.25,512a8299eaef29ce,semantic_platel_peaks,2.4708088555292932e-05,0.000425332836454381,0.000426184674640566,0.000425880930676835,0.00042589188116652946,0.0004258903280947713,0.00042589032809458254,0.0004250797940928297,0.0004249694642071528,0.0004249834395447038,0.00042498154694579747,0.00042498154694567587,1.0,0.00042546567074573855,0.0004253531005727786,0.00038176033887288817,False,-9.808317255552979e-05,0.00042498154694579747,1.3004582126932833,1.3003169028171828,1.300465219942582,0.00014831712539908892,1.0,,,,,0.9985042882961308,31.913384249701796,0.9999990526559278,1.0,31.88305345770374,0.9999999999979436
dt_reference_0.25ms,dt_0.25ms_severity_0.0,Baseline,0.0,173,5Hz,60.0,0.02,0.25,512a8299eaef29ce,episodic_platel_peaks,4.134123211154925e-05,0.0007135048725265427,0.0007146141871156446,0.0007144233351059444,0.0007144358322988826,0.0007144344226360478,0.0007144344226309079,0.0007130955867342328,0.0007130676780497064,0.0007130833990252089,0.0007130816865042032,0.0007130816864985778,1.0,0.0007136568659186219,0.0007135930344484759,0.00012904445881548485,False,-3.5176732222819144e-05,0.0007130816865042032,1.3905269895612447,1.3905222407290179,1.3903705265573518,0.00015171417166603973,1.0,,,,,0.9987005111416674,31.900085066891123,0.9999989776451558,1.0,31.88305345770374,0.9999999999979436
dt_reference_0.25ms,dt_0.25ms_severity_0.0,Baseline,0.0,173,5Hz,60.0,0.02,0.25,512a8299eaef29ce,semantic_expanded_left,2.2862844842696624e-05,0.00039319070898764607,0.00039401808048514795,0.0003936854027833478,0.0003936964183119769,0.0003936947028004641,0.0003936947027979944,0.00039294206147025046,0.0003928320976981632,0.00039284670710646737,0.00039284450619094847,0.00039284450618732393,1.0,0.00039332354889682144,0.0003931991653436544,0.00045630605084685886,False,-0.00011674916107198286,0.00039284450619094847,1.261467412061123,1.2611832394444764,1.26163445218017,0.00045121273569348475,1.0,,,,,0.9985042882961308,31.916842846395063,0.9999984183295011,1.0,31.88305345770374,0.9999999999979436
dt_reference_0.25ms,dt_0.25ms_severity_0.0,Baseline,0.0,173,5Hz,60.0,0.02,0.25,512a8299eaef29ce,episodic_expanded_left,4.4332551741465085e-05,0.0007624225056151055,0.0007636059952334857,0.000763410540938068,0.0007634218071786238,0.0007634201182947011,0.000763420118296178,0.00076207815637165,0.0007619898157909008,0.0007620037630593259,0.0007620018631114225,0.0007620018631130909,1.0,0.0007625853875190041,0.0007625171027040218,0.0001291902211689756,False,-3.42173912847521e-05,0.0007620018631130909,1.3846112058056395,1.3846105440814527,1.384447107918452,0.00016343616300074082,1.0,,,,,0.9989211782168768,31.908840277345902,0.9999993948276839,1.0,31.88305345770374,0.9999999999979436
dt_reference_0.25ms,dt_0.25ms_severity_0.0,Baseline,0.0,173,5Hz,60.0,0.02,0.25,512a8299eaef29ce,semantic_expanded_right,2.2093242216536467e-05,0.0003813054223655829,0.0003820753292411841,0.00038179177604190807,0.0003818015960920006,0.00038180056870415377,0.00038180056869424167,0.00038110255844947386,0.0003809879436423182,0.00038100031488158054,0.00038099906589743494,0.0003809990658869863,1.0,0.00038142622250630123,0.00038132119567989156,0.00039730500285256387,False,-0.00010212412154677609,0.00038099906589743494,1.317507864117885,1.3173759896614814,1.317498580941609,0.00012259128012770404,1.0,,,,,0.9984653312210091,31.918215465058843,0.9999988102503827,1.0,31.88305345770374,0.9999999999979436
dt_reference_0.25ms,dt_0.25ms_severity_0.0,Baseline,0.0,173,5Hz,60.0,0.02,0.25,512a8299eaef29ce,episodic_expanded_right,4.3499057456801915e-05,0.000750746599956068,0.0007519127274014606,0.0007517155744756925,0.0007517269167886114,0.0007517256759352633,0.0007517256759338905,0.0007504114921884653,0.0007503284133322718,0.0007503423340081618,0.0007503408606038757,0.0007503408606025354,1.0,0.0007509070998459951,0.0007508388009600386,0.00013122654649177563,False,-3.492470092778532e-05,0.0007503408606038757,1.388414999751275,1.3884068594879175,1.3882590409868247,0.00014781850109280015,1.0,,,,,0.9988610578855451,31.909318432549426,0.9999993743863282,1.0,31.88305345770374,0.9999999999979436
dt_reference_0.25ms,dt_0.25ms_severity_0.0,Baseline,0.0,173,5Hz,60.0,0.02,0.25,512a8299eaef29ce,shared_auditory_relay,7.689675730263426e-05,0.0013246529394284055,0.001326493751782963,0.0013263256736788331,0.001326338705588151,0.0013263370554777469,0.0013263370554804895,0.0013242314061534203,0.0013241121727918365,0.0013241276347490383,0.001324125740083207,0.001324125740085993,1.0,0.0013248944608187678,0.001324838243160977,6.121744732611736e-05,False,-1.6424283488447602e-05,0.001324125740085993,1.436162389230941,1.4361486385584565,1.4359939996069868,0.00015463895146972106,1.0,,,,,0.9992274021754699,31.90388321272725,0.9999998183392191,1.0,31.88305345770374,0.9999999999979436
dt_reference_0.25ms,dt_0.25ms_severity_0.0,Baseline,0.0,173,5Hz,60.0,0.02,0.25,512a8299eaef29ce,anterior_temporal_context,3.425363846369362e-05,0.0005897434605909997,0.0005907596433377945,0.0005905046116467818,0.0005905168420259609,0.0005905151472175753,0.0005905151472179026,0.0005894189665556017,0.0005893297544864152,0.0005893452322261318,0.0005893431638290411,0.0005893431638293641,1.0,0.0005898912530532694,0.0005897997102772746,0.00022390323114644534,False,-5.843380363241835e-05,0.0005893431638293641,1.3343301841073583,1.3342540955439839,1.334262143777324,8.048233340218758e-06,1.0,,,,,0.9987402256854285,31.907745476592638,0.9999990614853351,1.0,31.88305345770374,0.9999999999979436
dt_reference_0.25ms,dt_0.25ms_severity_0.0,Baseline,0.0,173,5Hz,60.0,0.02,0.25,512a8299eaef29ce,hippocampal_context,4.874219458307627e-05,0.0008366144384797009,0.0008377927100138121,0.0008376935088384032,0.0008377054807251545,0.0008377037451855108,0.0008377037451849216,0.0008360635145234078,0.0008361282142413697,0.0008361432651369834,0.000836141260212008,0.000836141260211575,1.0,0.0008367655307322574,0.0008367391834440468,4.5426943495791784e-05,False,-1.4439268598565036e-05,0.000836141260211575,1.4261669639812258,1.426203313638271,1.4259610780754497,0.00024223556282132463,1.0,,,,,0.9987931644975494,31.894834467081814,0.9999990638789114,1.0,31.88305345770374,0.9999999999979436
dt_reference_0.25ms,dt_0.25ms_severity_0.0,Baseline,0.0,173,5Hz,60.0,0.02,0.25,512a8299eaef29ce,angular_parietal_context,4.222138880693907e-05,0.0007273946860851489,0.0007285125560116887,0.0007283430895569758,0.0007283561152953923,0.0007283542402468314,0.0007283542402489901,0.0007269137182783279,0.0007269207855578559,0.0007269373591930557,0.0007269351038780887,0.0007269351038805493,1.0,0.0007275454816896729,0.0007274906791139484,0.00010867551802881631,False,-3.025079698071309e-05,0.0007269351038780887,1.3861431376720337,1.3861587040332302,1.3859692434984179,0.0001894605348122802,1.0,,,,,0.998634992372935,31.89997478821404,0.9999989229751951,1.0,31.88305345770374,0.9999999999979436
dt_reference_0.25ms,dt_0.25ms_severity_0.0,Baseline,0.0,197,pulse,60.0,0.02,0.25,512a8299eaef29ce,semantic_expanded,0.00010810139628730056,0.002981106290916808,,,,,,,,,,,1.0,,,,False,,,,,,,,324.0,324.0,1.0,4.433502372752047e-08,,,,,,
dt_reference_0.25ms,dt_0.25ms_severity_0.0,Baseline,0.0,197,pulse,60.0,0.02,0.25,512a8299eaef29ce,episodic_expanded,0.0001546393320016729,0.00428370032726614,,,,,,,,,,,1.0,,,,False,,,,,,,,267.0,267.0,1.0,2.960761311107681e-08,,,,,,
dt_reference_0.25ms,dt_0.25ms_severity_0.0,Baseline,0.0,197,pulse,60.0,0.02,0.25,512a8299eaef29ce,semantic_anatomical_core,9.987908403466574e-05,0.002763111073035938,,,,,,,,,,,1.0,,,,False,,,,,,,,326.0,326.0,1.0,5.004292227233057e-08,,,,,,
dt_reference_0.25ms,dt_0.25ms_severity_0.0,Baseline,0.0,197,pulse,60.0,0.02,0.25,512a8299eaef29ce,episodic_anatomical_core,0.00015890554063669932,0.004395660705837873,,,,,,,,,,,1.0,,,,False,,,,,,,,252.0,252.0,1.0,2.820342747451951e-08,,,,,,
dt_reference_0.25ms,dt_0.25ms_severity_0.0,Baseline,0.0,197,pulse,60.0,0.02,0.25,512a8299eaef29ce,semantic_platel_peaks,0.00011849459245214639,0.003284759215661387,,,,,,,,,,,1.0,,,,False,,,,,,,,325.0,325.0,1.0,3.812612793874302e-08,,,,,,
dt_reference_0.25ms,dt_0.25ms_severity_0.0,Baseline,0.0,197,pulse,60.0,0.02,0.25,512a8299eaef29ce,episodic_platel_peaks,0.0001477160577229526,0.004077987188712766,,,,,,,,,,,1.0,,,,False,,,,,,,,295.0,295.0,1.0,4.141185230691537e-08,,,,,,
dt_reference_0.25ms,dt_0.25ms_severity_0.0,Baseline,0.0,197,pulse,60.0,0.02,0.25,512a8299eaef29ce,semantic_expanded_left,0.00011152825659971026,0.0030922307224849678,,,,,,,,,,,1.0,,,,False,,,,,,,,324.0,324.0,1.0,4.433502372752047e-08,,,,,,
dt_reference_0.25ms,dt_0.25ms_severity_0.0,Baseline,0.0,197,pulse,60.0,0.02,0.25,512a8299eaef29ce,episodic_expanded_left,0.00015610534170264494,0.004328174296577198,,,,,,,,,,,1.0,,,,False,,,,,,,,262.0,262.0,1.0,2.9701345896272643e-08,,,,,,
dt_reference_0.25ms,dt_0.25ms_severity_0.0,Baseline,0.0,197,pulse,60.0,0.02,0.25,512a8299eaef29ce,semantic_expanded_right,0.00010410339258948923,0.002873975299812697,,,,,,,,,,,1.0,,,,False,,,,,,,,324.0,324.0,1.0,4.4136524275145405e-08,,,,,,
dt_reference_0.25ms,dt_0.25ms_severity_0.0,Baseline,0.0,197,pulse,60.0,0.02,0.25,512a8299eaef29ce,episodic_expanded_right,0.0001535731431282387,0.004239683348318857,,,,,,,,,,,1.0,,,,False,,,,,,,,272.0,272.0,1.0,2.960761311107681e-08,,,,,,
dt_reference_0.25ms,dt_0.25ms_severity_0.0,Baseline,0.0,197,pulse,60.0,0.02,0.25,512a8299eaef29ce,shared_auditory_relay,0.00023193263827482597,0.006416660766069279,,,,,,,,,,,1.0,,,,False,,,,,,,,220.0,220.0,1.0,1.2479296727806392e-08,,,,,,
dt_reference_0.25ms,dt_0.25ms_severity_0.0,Baseline,0.0,197,pulse,60.0,0.02,0.25,512a8299eaef29ce,anterior_temporal_context,0.00013945356470296863,0.0038576675566611577,,,,,,,,,,,1.0,,,,False,,,,,,,,284.0,284.0,1.0,3.606345901964707e-08,,,,,,
dt_reference_0.25ms,dt_0.25ms_severity_0.0,Baseline,0.0,197,pulse,60.0,0.02,0.25,512a8299eaef29ce,hippocampal_context,0.0001613927866395139,0.004461626743355057,,,,,,,,,,,1.0,,,,False,,,,,,,,274.0,274.0,1.0,3.7474197874956164e-08,,,,,,
dt_reference_0.25ms,dt_0.25ms_severity_0.0,Baseline,0.0,197,pulse,60.0,0.02,0.25,512a8299eaef29ce,angular_parietal_context,0.00015612190180919552,0.004319307787946251,,,,,,,,,,,1.0,,,,False,,,,,,,,297.0,297.0,1.0,3.900853730503135e-08,,,,,,
dt_reference_0.25ms,dt_0.25ms_severity_0.0,Baseline,0.0,197,2Hz,60.0,0.02,0.25,512a8299eaef29ce,semantic_expanded,1.2180399064998003e-05,0.0002797386448813397,0.00028086722866525076,0.0002803064019060674,0.0002803113017656045,0.00028030998819348333,0.0002803099881892031,0.0002797480958008605,0.0002796135214965752,0.0002796185024709512,0.00027961723562997947,0.00027961723562760474,1.0,0.00027992947633854857,0.0002797115508935692,0.0011235772909699666,False,-0.00028559206043059503,0.00027961723562997947,2.1372215757521693,2.127263112649098,2.143860077364131,0.016596964715033025,1.0,,,,,0.9994981743493316,31.59959245149746,0.9999980586602719,1.0,31.540186502737726,0.9999999999996672
dt_reference_0.25ms,dt_0.25ms_severity_0.0,Baseline,0.0,197,2Hz,60.0,0.02,0.25,512a8299eaef29ce,episodic_expanded,2.401143721935222e-05,0.0005529328802412577,0.000554499542538031,0.000554115595996302,0.0005541230409486218,0.0005541210688244238,0.0005541210688035489,0.000552977574521762,0.0005528342269678006,0.0005528416288129479,0.0005528396844682376,0.0005528396844510916,1.0,0.000553157310458607,0.0005530129814268184,0.0003764750891015327,False,-9.779234064462018e-05,0.0005528396844682376,2.22227291058888,2.218395731452709,2.2223747513868366,0.003979019934127415,1.0,,,,,0.9998348651444112,31.58545484829179,0.9999995542985006,1.0,31.540186502737726,0.9999999999996672
dt_reference_0.25ms,dt_0.25ms_severity_0.0,Baseline,0.0,197,2Hz,60.0,0.02,0.25,512a8299eaef29ce,semantic_anatomical_core,1.074885900436533e-05,0.0002471854715677035,0.00024826726148459584,0.0002476737011275451,0.0002476778057207847,0.00024767677013709516,0.00024767677013363525,0.00024718650205603123,0.0002470555787962585,0.0002470597838212774,0.0002470587967122313,0.0002470587967105355,1.0,0.000247373907246385,0.00024714300598871654,0.0013472547234135953,False,-0.0003426527256848111,0.0002470587967122313,2.1241664031874126,2.11280426817694,2.1323578185640883,0.019553550387148455,1.0,,,,,0.9994770805031604,31.603839851143277,0.9999978650016377,1.0,31.540186502737726,0.9999999999996672
dt_reference_0.25ms,dt_0.25ms_severity_0.0,Baseline,0.0,197,2Hz,60.0,0.02,0.25,512a8299eaef29ce,episodic_anatomical_core,2.5144509918401674e-05,0.0005778764738350313,0.0005794769279158574,0.000579116142910257,0.0005791236157252935,0.0005791216106320714,0.0005791216106134757,0.0005779239389198411,0.0005777811528265092,0.00057778856509142,0.0005777865864032447,0.0005777865863883554,1.0,0.0005781029941271981,0.000577967061435879,0.0003392690946726583,False,-8.780766643390336e-05,0.0005777865864032447,2.224760635700047,2.2211391065977706,2.2246022123172766,0.003463105719506032,1.0,,,,,0.9998387399900022,31.585197514608705,0.9999996340371693,1.0,31.540186502737726,0.9999999999996672
dt_reference_0.25ms,dt_0.25ms_severity_0.0,Baseline,0.0,197,2Hz,60.0,0.02,0.25,512a8299eaef29ce,semantic_platel_peaks,1.3364545595401838e-05,0.00030702999823907517,0.00030822110805952776,0.00030766737988726023,0.00030767356743546684,0.0003076718251888505,0.00030767182519316865,0.0003070449172692062,0.0003069046642335298,0.0003069108927484701,0.00030690919458056,0.0003069091945869283,1.0,0.0003072271848105851,0.00030701305854789166,0.0010058569530923404,False,-0.0002562907745835119,0.0003069091945869283,2.1501295175519832,2.1419654922172846,2.154667454054266,0.012701961836981468,1.0,,,,,0.9994981743493316,31.60808725078909,0.9999978621321716,1.0,31.540186502737726,0.9999999999996672
dt_reference_0.25ms,dt_0.25ms_severity_0.0,Baseline,0.0,197,2Hz,60.0,0.02,0.25,512a8299eaef29ce,episodic_platel_peaks,2.253020097702128e-05,0.0005189901146309324,0.000520552906985349,0.0005200738110473512,0.0005200810809301883,0.0005200794890367357,0.0005200794890003625,0.0005190224321083329,0.0005188770663466186,0.0005188843564395518,0.000518882799725971,0.0005188827996933559,1.0,0.0005192209526980881,0.0005190446643060764,0.0004899139241449292,False,-0.00013047837811877016,0.000518882799725971,2.2247723541644104,2.220033293862632,2.2257491515659504,0.005715857703318505,1.0,,,,,0.9996803527127427,31.585903124830494,0.9999992134618867,1.0,31.540186502737726,0.9999999999996672
dt_reference_0.25ms,dt_0.25ms_severity_0.0,Baseline,0.0,197,2Hz,60.0,0.02,0.25,512a8299eaef29ce,semantic_expanded_left,1.2354662211023283e-05,0.0002836348072163737,0.00028483079506678375,0.00028419952517669164,0.000284205545260787,0.0002842037947535854,0.000284203794760736,0.0002836351890994118,0.00028349534655875417,0.0002835015376563985,0.0002834998506369811,0.0002834998506455684,1.0,0.0002838406168274028,0.0002835956894657555,0.0012454455523991876,False,-0.00031684798962237085,0.0002834998506455684,2.109188713017285,2.0967904554309897,2.1186159712467503,0.021825515815760532,1.0,,,,,0.9994981743493316,31.59959245149746,0.9999980586602719,1.0,31.540186502737726,0.9999999999996672
dt_reference_0.25ms,dt_0.25ms_severity_0.0,Baseline,0.0,197,2Hz,60.0,0.02,0.25,512a8299eaef29ce,episodic_expanded_left,2.425897106208658e-05,0.0005569305305913841,0.0005585044992447502,0.0005581237570953254,0.0005581320480157963,0.0005581296337437304,0.0005581296337230967,0.0005569786645207667,0.0005568321392306366,0.0005568403770467272,0.0005568379911584858,0.0005568379911418385,1.0,0.0005571558720562946,0.000557012604992648,0.0003710223142058737,False,-9.610598169906837e-05,0.0005568379911584858,2.220865514519226,2.2170874008805237,2.220867446738733,0.0037800458582091245,1.0,,,,,0.9998362735595976,31.585334450327743,0.9999995957331599,1.0,31.540186502737726,0.9999999999996672
dt_reference_0.25ms,dt_0.25ms_severity_0.0,Baseline,0.0,197,2Hz,60.0,0.02,0.25,512a8299eaef29ce,semantic_expanded_right,1.1977092061301845e-05,0.000275896002356127,0.00027695881732030334,0.0002764666088047695,0.0002764704180047861,0.0002764695297230533,0.0002764695297076541,0.00027591427337592545,0.0002757848492144899,0.0002757886520490724,0.00027578779419347026,0.0002757877941804326,1.0,0.0002760722288411006,0.0002758806096477469,0.001001709029538346,False,-0.00025433613123819753,0.00027578779419347026,2.165254438487054,2.157735769867207,2.169104183481512,0.011368413614305073,1.0,,,,,0.9994983180613815,31.601813248382378,0.9999982198712076,1.0,31.540186502737726,0.9999999999996672
dt_reference_0.25ms,dt_0.25ms_severity_0.0,Baseline,0.0,197,2Hz,60.0,0.02,0.25,512a8299eaef29ce,episodic_expanded_right,2.38314126064545e-05,0.0005489639250468896,0.0005505233048089464,0.0005501362194727275,0.0005501428301810363,0.0005501412939777826,0.0005501412939566712,0.0005490052265953,0.0005488650186919208,0.0005488715961466746,0.0005488700871272854,0.0005488700871096484,1.0,0.0005491874454890125,0.0005490420771189109,0.0003819278639941261,False,-9.947869959026079e-05,0.0005488700871272854,2.223680306658534,2.2197040620248947,2.22388205603494,0.004177994010045261,1.0,,,,,0.9997805307179874,31.58545484829179,0.9999995542985006,1.0,31.540186502737726,0.9999999999996672
dt_reference_0.25ms,dt_0.25ms_severity_0.0,Baseline,0.0,197,2Hz,60.0,0.02,0.25,512a8299eaef29ce,shared_auditory_relay,4.2560416645359224e-05,0.0009786287790784001,0.0009809845465966662,0.0009807105828064644,0.0009807190718478926,0.0009807168504922994,0.0009807168504761727,0.000978684854820102,0.0009785373671655987,0.000978545730693862,0.0009785435420297194,0.0009785435420170893,1.0,0.0009789388132191346,0.0009788361284599945,0.00015133791915335958,False,-3.891336952026592e-05,0.0009785435420297194,2.2611150995872107,2.2585734700073337,2.259855143080968,0.0012816730736342485,1.0,,,,,0.9999395773443396,31.577418261933225,0.9999998859071302,1.0,31.540186502737726,0.9999999999996672
dt_reference_0.25ms,dt_0.25ms_severity_0.0,Baseline,0.0,197,2Hz,60.0,0.02,0.25,512a8299eaef29ce,anterior_temporal_context,1.8620257604942675e-05,0.0004278998038365015,0.0004293031788539389,0.0004287990514435904,0.0004288069759474078,0.0004288049285248456,0.0004288049284963123,0.0004279266742656109,0.00042778085506887513,0.00042778888124635894,0.00042778687490814543,0.00042778687488291247,1.0,0.00042811660243232297,0.00042792495036971754,0.0006459861300227843,False,-0.0001665481271349023,0.00042778687490814543,2.176902891565245,2.1703235339825557,2.1798410379355735,0.009517503953017759,1.0,,,,,0.9997571181383423,31.588219010501685,0.999999199913719,1.0,31.540186502737726,0.9999999999996672
dt_reference_0.25ms,dt_0.25ms_severity_0.0,Baseline,0.0,197,2Hz,60.0,0.02,0.25,512a8299eaef29ce,hippocampal_context,2.6503986995834407e-05,0.0006068656556809746,0.0006085818339506093,0.0006081232769394075,0.0006081313148420995,0.0006081289691003302,0.0006081289690601307,0.0006068958246945689,0.0006067596853492046,0.0006067676782118571,0.0006067653605857599,0.000606765360548405,1.0,0.0006071105204155826,0.0006069489526257032,0.00038398950920997735,False,-0.00010672024708080485,0.0006067653605857599,2.2526495361950607,2.2487533747472024,2.252767076293241,0.004013701546038639,1.0,,,,,0.9997812357900957,31.57844167085738,0.9999990406089672,1.0,31.540186502737726,0.9999999999996672
dt_reference_0.25ms,dt_0.25ms_severity_0.0,Baseline,0.0,197,2Hz,60.0,0.02,0.25,512a8299eaef29ce,angular_parietal_context,2.2898572286334963e-05,0.0005265790081296086,0.0005281853994739555,0.0005276828450155575,0.0005276921898593251,0.0005276897095343087,0.0005276897094986954,0.0005266092508626883,0.0005264620385221158,0.0005264714508043975,0.0005264690103427608,0.0005264690103098625,1.0,0.0005268165345465172,0.0005266339980994347,0.0004999654401647282,False,-0.0001345188373343298,0.0005264690103427608,2.2210406138243326,2.2164093633068847,2.2219140104949546,0.005504647188069978,1.0,,,,,0.9996894560433944,31.584187064685892,0.9999992817228147,1.0,31.540186502737726,0.9999999999996672
dt_reference_0.25ms,dt_0.25ms_severity_0.0,Baseline,0.0,197,5Hz,60.0,0.02,0.25,512a8299eaef29ce,semantic_expanded,2.2507650600791038e-05,0.00038720258335847455,0.0003880013497967395,0.00038769276774669513,0.00038770364804850807,0.0003877020265977295,0.00038770202658832537,0.00038697804600899133,0.0003868644868146579,0.0003868784686348717,0.00038687645302434306,0.00038687645301394285,1.0,0.00038732944367893377,0.00038721463889522767,0.0004276794492718541,False,-0.00010961680342678193,0.00038687645302434306,1.2894876132701218,1.28927956480005,1.2895665153179054,0.00028695051785554426,1.0,,,,,0.9984961047609872,31.916985304944674,0.9999986676926222,1.0,31.88305319572409,0.9999999999980841
dt_reference_0.25ms,dt_0.25ms_severity_0.0,Baseline,0.0,197,5Hz,60.0,0.02,0.25,512a8299eaef29ce,episodic_expanded,4.38500052791613e-05,0.0007565620846888381,0.0007577376435913443,0.0007575397536071775,0.0007575520934309357,0.0007575503312969798,0.0007575503312967753,0.0007562233299453051,0.0007561358465889238,0.0007561509103373952,0.0007561488833221944,0.0007561488833220829,1.0,0.0007567238301050779,0.0007566554221749302,0.00013042570988083647,False,-3.466051830267602e-05,0.0007561488833221944,1.3865133045447324,1.3865091195706798,1.3863530742570935,0.00015604531358626161,1.0,,,,,0.9989146028729511,31.908934064329717,0.999999372585675,1.0,31.88305319572409,0.9999999999980841
dt_reference_0.25ms,dt_0.25ms_severity_0.0,Baseline,0.0,197,5Hz,60.0,0.02,0.25,512a8299eaef29ce,semantic_anatomical_core,1.9900954186863622e-05,0.00034285939747356485,0.00034360848873080574,0.00034328789354157977,0.00034329824634333453,0.00034329675217227,0.0003432967521605703,0.00034264512227222927,0.00034253617640822044,0.000342549672152118,0.0003425477853987673,0.00034254778538565686,1.0,0.00034298139692544516,0.000342861478575906,0.0005045050874905966,False,-0.00012908554872286261,0.0003425477853987673,1.2759873949569993,1.275729441292989,1.2761216929595265,0.0003922516665375575,1.0,,,,,0.9984656999488417,31.92006449021145,0.9999985400774839,1.0,31.88305319572409,0.9999999999980841
dt_reference_0.25ms,dt_0.25ms_severity_0.0,Baseline,0.0,197,5Hz,60.0,0.02,0.25,512a8299eaef29ce,episodic_anatomical_core,4.5861379844500804e-05,0.0007896759769073239,0.0007908892835938291,0.0007906954781048943,0.0007907077071422567,0.0007907059534200492,0.0007907059534209166,0.0007893423289915387,0.000789246615106234,0.0007892614476446406,0.0007892594426438421,0.0007892594426449216,1.0,0.0007898421092042711,0.0007897750965421642,0.00012240792896503098,False,-3.249026777680797e-05,0.0007892594426449216,1.3895192113071615,1.3895165042536102,1.3893558404472852,0.00016066380632495658,1.0,,,,,0.9989396444129803,31.909129779611714,0.999999449465761,1.0,31.88305319572409,0.9999999999980841
dt_reference_0.25ms,dt_0.25ms_severity_0.0,Baseline,0.0,197,5Hz,60.0,0.02,0.25,512a8299eaef29ce,semantic_platel_peaks,2.4708092717459457e-05,0.0004253328988040374,0.00042618517089524255,0.0004258805286866132,0.0004258921736883733,0.00042589032809495816,0.0004258903280940575,0.00042508059250685726,0.0004249690398876111,0.0004249837797740479,0.0004249815469459137,0.00042498154694514743,1.0,0.00042546579695604714,0.0004253531015065691,0.00038218513325761317,False,-9.818307355891065e-05,0.0004249815469459137,1.3004581941342406,1.300316883371378,1.300465218587502,0.00014833521612400702,1.0,,,,,0.9985051177336768,31.913293524720252,0.9999990465692893,1.0,31.88305319572409,0.9999999999980841
dt_reference_0.25ms,dt_0.25ms_severity_0.0,Baseline,0.0,197,5Hz,60.0,0.02,0.25,512a8299eaef29ce,episodic_platel_peaks,4.134123929788348e-05,0.0007135049964408669,0.0007146155187049104,0.0007144225184032633,0.0007144360817261357,0.000714434422631408,0.0007144344226261952,0.0007130970147026432,0.0007130668031633465,0.000713083686537016,0.0007130816865001529,0.0007130816864945029,1.0,0.0007136571172035432,0.0007135930347609516,0.00012955181272168823,False,-3.536309871856602e-05,0.0007130816865001529,1.390526228598592,1.390520733035598,1.3903705269558153,0.00015020607978266654,1.0,,,,,0.9987005609240323,31.900042141753282,0.9999989749649806,1.0,31.88305319572409,0.9999999999980841
dt_reference_0.25ms,dt_0.25ms_severity_0.0,Baseline,0.0,197,5Hz,60.0,0.02,0.25,512a8299eaef29ce,semantic_expanded_left,2.2862853081267803e-05,0.0003931908505140797,0.00039401872689665777,0.0003936851794967368,0.00039369675379379265,0.0003936947028016484,0.0003936947027992794,0.00039294329695825896,0.0003928318835523693,0.00039284709586315545,0.0003928445061925633,0.00039284450618848863,1.0,0.00039332383191730767,0.00039319916652335674,0.0004573398298235846,False,-0.00011694493071976453,0.0003928445061925633,1.2614687714463266,1.2611859561014587,1.2616344510501176,0.0004484949486589507,1.0,,,,,0.9985051177336768,31.916985304944674,0.9999984124623456,1.0,31.88305319572409,0.9999999999980841
dt_reference_0.25ms,dt_0.25ms_severity_0.0,Baseline,0.0,197,5Hz,60.0,0.02,0.25,512a8299eaef29ce,episodic_expanded_left,4.433255757107798e-05,0.0007624226055635379,0.0007636069609050195,0.0007634097972377406,0.0007634221938485975,0.0007634201182969387,0.0007634201182978392,0.0007620793994923425,0.0007619890220910332,0.0007620042052484249,0.000762001863113639,0.0007620018631146529,1.0,0.0007625855900922742,0.000762517103320439,0.00012957229252344833,False,-3.4329564400970014e-05,0.0007620018631146529,1.384612125065618,1.3846123955996723,1.3844471076480904,0.0001652879515818828,1.0,,,,,0.9989212490226986,31.908884967769403,0.9999993921493413,1.0,31.88305319572409,0.9999999999980841
dt_reference_0.25ms,dt_0.25ms_severity_0.0,Baseline,0.0,197,5Hz,60.0,0.02,0.25,512a8299eaef29ce,semantic_expanded_right,2.209324770690148e-05,0.0003813055170624011,0.00038207586890553146,0.0003817915684690859,0.0003818017732217622,0.0003818005687105147,0.00038180056869429013,0.0003811033532119131,0.00038098773909327183,0.00038100052429915736,0.00038099906590352133,0.00038099906588698904,1.0,0.0003814264119448866,0.00038132119633029605,0.00039801906871893733,False,-0.00010228867613371051,0.00038099906590352133,1.317506455093917,1.317373173498641,1.3174985795856933,0.0001254060870523599,1.0,,,,,0.9984656999488417,31.918218600099237,0.9999988094577632,1.0,31.88305319572409,0.9999999999980841
dt_reference_0.25ms,dt_0.25ms_severity_0.0,Baseline,0.0,197,5Hz,60.0,0.02,0.25,512a8299eaef29ce,episodic_expanded_right,4.3499058157767344e-05,0.000750746611934002,0.0007519134396507684,0.0007517148461699786,0.0007517271293469968,0.0007517256759337156,0.0007517256759324244,0.0007504122603688253,0.0007503276319228169,0.0007503425772009581,0.0007503408606025067,0.0007503408606012871,1.0,0.0007509071276571198,0.0007508388014034143,0.00013127912723980676,False,-3.499147220438204e-05,0.0007503408606025067,1.3884144840238468,1.388405843541687,1.3882590408660964,0.00014680267559064042,1.0,,,,,0.998861029102124,31.90932549489371,0.999999372585675,1.0,31.88305319572409,0.9999999999980841
dt_reference_0.25ms,dt_0.25ms_severity_0.0,Baseline,0.0,197,5Hz,60.0,0.02,0.25,512a8299eaef29ce,shared_auditory_relay,7.689676233745628e-05,0.001324653025028413,0.0013264948756324373,0.0013263247956537417,0.00132633903257616,0.0013263370554777588,0.001326337055481188,0.0013242326457392993,0.0013241112655955336,0.0013241279963752523,0.001324125740083207,0.0013241257400867328,1.0,0.0013248946343431569,0.001324838244007756,6.140547820054193e-05,False,-1.649876018028351e-05,0.0013241257400867328,1.43616233150439,1.43614852961258,1.4359939992434048,0.000154530369175232,1.0,,,,,0.9992273910928948,31.903910686082888,0.9999998178794565,1.0,31.88305319572409,0.9999999999980841
dt_reference_0.25ms,dt_0.25ms_severity_0.0,Baseline,0.0,197,5Hz,60.0,0.02,0.25,512a8299eaef29ce,anterior_temporal_context,3.4253639570624494e-05,0.0005897434759823029,0.0005907603704574805,0.0005905038381545493,0.0005905171023924324,0.000590515147217666,0.0005905151472156531,0.0005894198672673806,0.0005893289239111814,0.0005893455379097948,0.0005893431638292082,0.0005893431638270605,1.0,0.0005898912872496165,0.0005897997108689387,0.00022398541777895962,False,-5.8516885891268804e-05,0.0005893431638292082,1.3343301829099186,1.3342541193136586,1.3342621436158477,8.02430218915795e-06,1.0,,,,,0.9987402810685966,31.90777586592096,0.9999990574929467,1.0,31.88305319572409,0.9999999999980841
dt_reference_0.25ms,dt_0.25ms_severity_0.0,Baseline,0.0,197,5Hz,60.0,0.02,0.25,512a8299eaef29ce,hippocampal_context,4.8742189782117676e-05,0.0008366143459543524,0.0008377931854169304,0.0008376924102370259,0.0008377058354434976,0.0008377037451847385,0.0008377037451848576,0.0008360643008576755,0.0008361270446225975,0.0008361436808052617,0.0008361412602113864,0.000836141260211509,1.0,0.0008367653533405873,0.0008367391834918574,4.5121014201681766e-05,False,-1.4426532086453393e-05,0.0008361412602113864,1.4261673886026691,1.4262041892033666,1.4259610785378531,0.00024311066551341298,1.0,,,,,0.998793305171447,31.894774539385196,0.9999990607291077,1.0,31.88305319572409,0.9999999999980841
dt_reference_0.25ms,dt_0.25ms_severity_0.0,Baseline,0.0,197,5Hz,60.0,0.02,0.25,512a8299eaef29ce,angular_parietal_context,4.222138577341417e-05,0.0007273946335721706,0.0007285132811700487,0.0007283419435961607,0.0007283564565048884,0.0007283542402416808,0.0007283542402434371,0.0007269146326232277,0.0007269195444567869,0.0007269377591561761,0.0007269351038732044,0.0007269351038751594,1.0,0.0007275453808236474,0.000727490679345815,0.0001084750447024112,False,-3.0280908280477805e-05,0.0007269351038732044,1.3861432030424186,1.3861588523302126,1.3859692442050702,0.00018960812514245973,1.0,,,,,0.9986350762304095,31.899927829351984,0.9999989217491303,1.0,31.88305319572409,0.9999999999980841
dt_reference_0.25ms,dt_0.25ms_severity_0.0,Baseline,0.0,223,pulse,60.0,0.02,0.25,512a8299eaef29ce,semantic_expanded,0.00010809928727269647,0.002981062573616645,,,,,,,,,,,1.0,,,,False,,,,,,,,324.0,324.0,1.0,4.440510043545974e-08,,,,,,
dt_reference_0.25ms,dt_0.25ms_severity_0.0,Baseline,0.0,223,pulse,60.0,0.02,0.25,512a8299eaef29ce,episodic_expanded,0.00015463522213354281,0.0042836061233112975,,,,,,,,,,,1.0,,,,False,,,,,,,,267.0,267.0,1.0,3.0041815862520755e-08,,,,,,
dt_reference_0.25ms,dt_0.25ms_severity_0.0,Baseline,0.0,223,pulse,60.0,0.02,0.25,512a8299eaef29ce,semantic_anatomical_core,9.987739839894642e-05,0.0027630774011653198,,,,,,,,,,,1.0,,,,False,,,,,,,,326.0,326.0,1.0,5.059802432244999e-08,,,,,,
dt_reference_0.25ms,dt_0.25ms_severity_0.0,Baseline,0.0,223,pulse,60.0,0.02,0.25,512a8299eaef29ce,episodic_anatomical_core,0.0001589011688868411,0.004395560384175215,,,,,,,,,,,1.0,,,,False,,,,,,,,252.0,252.0,1.0,2.848610356931922e-08,,,,,,
dt_reference_0.25ms,dt_0.25ms_severity_0.0,Baseline,0.0,223,pulse,60.0,0.02,0.25,512a8299eaef29ce,semantic_platel_peaks,0.00011849184909473077,0.0032846999801945296,,,,,,,,,,,1.0,,,,False,,,,,,,,325.0,325.0,1.0,3.845879105869364e-08,,,,,,
dt_reference_0.25ms,dt_0.25ms_severity_0.0,Baseline,0.0,223,pulse,60.0,0.02,0.25,512a8299eaef29ce,episodic_platel_peaks,0.0001477125763784285,0.0040779098389240355,,,,,,,,,,,1.0,,,,False,,,,,,,,295.0,295.0,1.0,4.1853721601826166e-08,,,,,,
dt_reference_0.25ms,dt_0.25ms_severity_0.0,Baseline,0.0,223,pulse,60.0,0.02,0.25,512a8299eaef29ce,semantic_expanded_left,0.0001115259388561546,0.0030921812155012625,,,,,,,,,,,1.0,,,,False,,,,,,,,324.0,324.0,1.0,4.440510043545974e-08,,,,,,
dt_reference_0.25ms,dt_0.25ms_severity_0.0,Baseline,0.0,223,pulse,60.0,0.02,0.25,512a8299eaef29ce,episodic_expanded_left,0.0001561010731558115,0.004328076598884884,,,,,,,,,,,1.0,,,,False,,,,,,,,262.0,262.0,1.0,2.9993739075033596e-08,,,,,,
dt_reference_0.25ms,dt_0.25ms_severity_0.0,Baseline,0.0,223,pulse,60.0,0.02,0.25,512a8299eaef29ce,semantic_expanded_right,0.00010410152709199532,0.002873937020013007,,,,,,,,,,,1.0,,,,False,,,,,,,,324.0,324.0,1.0,4.440996571500636e-08,,,,,,
dt_reference_0.25ms,dt_0.25ms_severity_0.0,Baseline,0.0,223,pulse,60.0,0.02,0.25,512a8299eaef29ce,episodic_expanded_right,0.00015356914866280192,0.004239592576618834,,,,,,,,,,,1.0,,,,False,,,,,,,,272.0,272.0,1.0,3.0041815862520755e-08,,,,,,
dt_reference_0.25ms,dt_0.25ms_severity_0.0,Baseline,0.0,223,pulse,60.0,0.02,0.25,512a8299eaef29ce,shared_auditory_relay,0.00023192585233227893,0.006416503154411389,,,,,,,,,,,1.0,,,,False,,,,,,,,220.0,220.0,1.0,1.2598660309647078e-08,,,,,,
dt_reference_0.25ms,dt_0.25ms_severity_0.0,Baseline,0.0,223,pulse,60.0,0.02,0.25,512a8299eaef29ce,anterior_temporal_context,0.0001394500273902691,0.003857587954105764,,,,,,,,,,,1.0,,,,False,,,,,,,,284.0,284.0,1.0,3.6226632673748455e-08,,,,,,
dt_reference_0.25ms,dt_0.25ms_severity_0.0,Baseline,0.0,223,pulse,60.0,0.02,0.25,512a8299eaef29ce,hippocampal_context,0.00016138876537504957,0.004461537301633555,,,,,,,,,,,1.0,,,,False,,,,,,,,274.0,274.0,1.0,3.7799114819418015e-08,,,,,,
dt_reference_0.25ms,dt_0.25ms_severity_0.0,Baseline,0.0,223,pulse,60.0,0.02,0.25,512a8299eaef29ce,angular_parietal_context,0.00015611799495370755,0.004319219970216387,,,,,,,,,,,1.0,,,,False,,,,,,,,297.0,297.0,1.0,3.937951755970188e-08,,,,,,
dt_reference_0.25ms,dt_0.25ms_severity_0.0,Baseline,0.0,223,2Hz,60.0,0.02,0.25,512a8299eaef29ce,semantic_expanded,1.2180392814219503e-05,0.00027973849667685326,0.0002808663918399182,0.00028030637233689647,0.0002803112475242256,0.00028030998820498856,0.0002803099881892031,0.00027974699762945733,0.0002796134952137779,0.00027961844978203733,0.0002796172356414756,0.00027961723562760474,1.0,0.00027992917114208813,0.0002797115504996059,0.001122006406567018,False,-0.00028515460597837715,0.0002796172356414756,2.1372164735646098,2.127253379995359,2.143860100018136,0.0166067200227773,1.0,,,,,0.9994970507642049,31.59990863847988,0.9999980617643834,1.0,31.540186491532005,0.9999999999996805
dt_reference_0.25ms,dt_0.25ms_severity_0.0,Baseline,0.0,223,2Hz,60.0,0.02,0.25,512a8299eaef29ce,episodic_expanded,2.401143533456078e-05,0.0005529328240421613,0.0005544989517139715,0.0005541156460594964,0.0005541229794954841,0.0005541210688237018,0.0005541210688034091,0.0005529769598219515,0.0005528342710260438,0.0005528415675010645,0.0005528396844675186,0.0005528396844509477,1.0,0.0005531571756609577,0.0005530129811449286,0.00037612425737019295,False,-9.764513751342463e-05,0.0005528396844675186,2.2222708838142875,2.2183915963271357,2.222374757983456,0.003983161656320178,1.0,,,,,0.9998349441579241,31.585499003849876,0.9999995577120016,1.0,31.540186491532005,0.9999999999996805
dt_reference_0.25ms,dt_0.25ms_severity_0.0,Baseline,0.0,223,2Hz,60.0,0.02,0.25,512a8299eaef29ce,semantic_anatomical_core,1.0748853133929036e-05,0.00024718533652610356,0.0002482664849777039,0.00024767366406202646,0.00024767777572657983,0.0002476767701536676,0.00024767677013363525,0.0002471853839829848,0.0002470555471852686,0.000247059755912567,0.0002470587967287774,0.0002470587967105355,1.0,0.00024737362933737773,0.0002471430056174958,0.0013456361124710005,False,-0.0003421906923223972,0.0002470587967287774,2.124161029523478,2.1127941774103203,2.1323578439335344,0.019563666523214174,1.0,,,,,0.999476257170167,31.604003475574483,0.9999978673342341,1.0,31.540186491532005,0.9999999999996805
dt_reference_0.25ms,dt_0.25ms_severity_0.0,Baseline,0.0,223,2Hz,60.0,0.02,0.25,512a8299eaef29ce,episodic_anatomical_core,2.5144508545038923e-05,0.0005778764384176133,0.0005794764518597561,0.00057911619499643,0.000579123556031365,0.0005791216106313277,0.0005791216106132992,0.0005779234133076799,0.0005777811985010972,0.000577788505374457,0.0005777865864025036,0.0005777865863881747,1.0,0.0005781029015636498,0.0005779670611495608,0.0003390388107664723,False,-8.769563304698025e-05,0.0005777865864025036,2.2247582404944612,2.221134244881201,2.2246022190000203,0.0034679741188194946,1.0,,,,,0.999838658265785,31.585271517422782,0.9999996369691277,1.0,31.540186491532005,0.9999999999996805
dt_reference_0.25ms,dt_0.25ms_severity_0.0,Baseline,0.0,223,2Hz,60.0,0.02,0.25,512a8299eaef29ce,semantic_platel_peaks,1.3364538863717476e-05,0.000307029836459816,0.00030822022787571374,0.0003076673508880038,0.0003076734907848698,0.00030767182521451903,0.00030767182519316865,0.0003070439663137943,0.00030690463604796705,0.0003069108167724498,0.00030690919460619006,0.00030690919458692883,1.0,0.0003072268513796671,0.0003070130581055179,0.0010042932869808226,False,-0.00025587197997705146,0.00030690919460619006,2.150126283026415,2.1419589692339747,2.154667474045889,0.012708504811914434,1.0,,,,,0.9994970507642049,31.608098312669085,0.999997873760756,1.0,31.540186491532005,0.9999999999996805
dt_reference_0.25ms,dt_0.25ms_severity_0.0,Baseline,0.0,223,2Hz,60.0,0.02,0.25,512a8299eaef29ce,episodic_platel_peaks,2.2530197963598825e-05,0.0005189900453309691,0.0005205521869310139,0.0005200738333172993,0.0005200810002781054,0.0005200794890367367,0.0005200794890003625,0.0005190218217619659,0.0005188770840550872,0.0005188842767223826,0.000518882799725972,0.0005188827996933564,1.0,0.0005192207886598068,0.0005190446641020635,0.000489458698247694,False,-0.00013028190618404877,0.000518882799725972,2.2247724640071933,2.2200333945129582,2.2257491551235233,0.005715760610565113,1.0,,,,,0.9996803930051976,31.585923644514452,0.9999992159140257,1.0,31.540186491532005,0.9999999999996805
dt_reference_0.25ms,dt_0.25ms_severity_0.0,Baseline,0.0,223,2Hz,60.0,0.02,0.25,512a8299eaef29ce,semantic_expanded_left,1.2354657922405093e-05,0.0002836347088548298,0.00028483018531555155,0.0002841995227189322,0.00028420545850871607,0.0002842037947793755,0.000284203794760736,0.0002836340354938683,0.00028349534908010346,0.00028350145307119706,0.0002834998506626464,0.0002834998506455684,1.0,0.00028384040593906003,0.0002835956889444376,0.0012443763082212087,False,-0.000316538514131004,0.0002834998506626464,2.1091786664532246,2.0967713734820115,2.118616002591089,0.021844629109077474,1.0,,,,,0.9994970507642049,31.59990863847988,0.9999980617643834,1.0,31.540186491532005,0.9999999999996805
dt_reference_0.25ms,dt_0.25ms_severity_0.0,Baseline,0.0,223,2Hz,60.0,0.02,0.25,512a8299eaef29ce,episodic_expanded_left,2.4258964781823344e-05,0.000556930386598075,0.0005585034579498292,0.0005581238483741089,0.0005581319797021375,0.0005581296337421967,0.0005581296337230377,0.0005569775478140651,0.0005568322233046673,0.0005568403089262574,0.0005568379911569581,0.0005568379911417797,1.0,0.0005571555608993162,0.0005570126046399677,0.00037021752000621316,False,-9.584879798918422e-05,0.0005568379911569581,2.220862593619649,2.217081481286801,2.220867455218843,0.0037859739320422747,1.0,,,,,0.9998362207242462,31.5854304068531,0.9999995968201314,1.0,31.540186491532005,0.9999999999996805
dt_reference_0.25ms,dt_0.25ms_severity_0.0,Baseline,0.0,223,2Hz,60.0,0.02,0.25,512a8299eaef29ce,semantic_expanded_right,1.197708352133632e-05,0.0002758958056966066,0.0002769577598588432,0.0002764665528674262,0.0002764703953994529,0.00027646952972065964,0.0002764695297076541,0.0002759132293359321,0.0002757847949158915,0.00027578863039856935,0.00027578779419118097,0.0002757877941804326,1.0,0.0002760718319756078,0.000275880609377748,0.0009996365049102938,False,-0.0002537706978253063,0.00027578779419118097,2.165254280675995,2.157735386508706,2.1691041974451837,0.011368810936477569,1.0,,,,,0.9994981810115586,31.60185613757516,0.9999982241666117,1.0,31.540186491532005,0.9999999999996805
dt_reference_0.25ms,dt_0.25ms_severity_0.0,Baseline,0.0,223,2Hz,60.0,0.02,0.25,512a8299eaef29ce,episodic_expanded_right,2.383141391836982e-05,0.0005489639553890638,0.0005505231580491194,0.0005501362289076061,0.000550142775493387,0.0005501412939778613,0.0005501412939564513,0.0005490051067480508,0.0005488650233046512,0.0005488715415491038,0.0005488700871273634,0.0005488700871094213,1.0,0.0005491874845354044,0.0005490420769068131,0.00038203099473399076,False,-9.94414770373986e-05,0.0005488700871273634,2.2236791740089266,2.21970171136747,2.223882060748068,0.004180349380598081,1.0,,,,,0.999780351913682,31.585499003849876,0.9999995577120016,1.0,31.540186491532005,0.9999999999996805
dt_reference_0.25ms,dt_0.25ms_severity_0.0,Baseline,0.0,223,2Hz,60.0,0.02,0.25,512a8299eaef29ce,shared_auditory_relay,4.2560412321204326e-05,0.000978628681238047,0.0009809837751288482,0.000980710624294967,0.0009807189527174705,0.0009807168504924319,0.0009807168504761727,0.0009786841467777224,0.0009785373986881867,0.0009785456116663935,0.0009785435420298463,0.0009785435420170893,1.0,0.0009789385961162839,0.0009788361279568507,0.00015101870892541468,False,-3.880296438252273e-05,0.0009785435420298463,2.2611142094721073,2.258571637104059,2.2598551501565645,0.0012835130525052918,1.0,,,,,0.9999395830520741,31.577458542467816,0.9999998864431587,1.0,31.540186491532005,0.9999999999996805
dt_reference_0.25ms,dt_0.25ms_severity_0.0,Baseline,0.0,223,2Hz,60.0,0.02,0.25,512a8299eaef29ce,anterior_temporal_context,1.8620250808285485e-05,0.0004278996477482581,0.0004293022491632792,0.0004287990530940323,0.0004288068745705259,0.0004288049285250825,0.00042880492849742936,0.0004279258062125216,0.0004277808537974084,0.00042778877997476654,0.00042778687490839615,0.0004277868748840455,1.0,0.00042811627741036804,0.000427924950007575,0.0006448920705009412,False,-0.00016623597677929426,0.00042778687490839615,2.1769003997370127,2.170318420698541,2.179841049355911,0.009522628657370191,1.0,,,,,0.9997568289063589,31.588267283608573,0.9999992042413193,1.0,31.540186491532005,0.9999999999996805
dt_reference_0.25ms,dt_0.25ms_severity_0.0,Baseline,0.0,223,2Hz,60.0,0.02,0.25,512a8299eaef29ce,hippocampal_context,2.6503980866838306e-05,0.0006068655206302435,0.0006085808144061534,0.0006081232962430311,0.0006081313302974356,0.0006081289691011637,0.0006081289690601313,0.0006068947560335827,0.0006067596978263174,0.0006067676933386307,0.0006067653605865969,0.0006067653605484056,1.0,0.0006071102354280221,0.0006069489525253343,0.00038331252308864967,False,-0.00010648084485698206,0.0006067653605865969,2.2526457159772875,2.2487457044006707,2.252767077085937,0.004021372685266478,1.0,,,,,0.9997812213849524,31.578564100547386,0.99999904886874,1.0,31.540186491532005,0.9999999999996805
dt_reference_0.25ms,dt_0.25ms_severity_0.0,Baseline,0.0,223,2Hz,60.0,0.02,0.25,512a8299eaef29ce,angular_parietal_context,2.28985674005289e-05,0.0005265788953964522,0.000528184447021387,0.0005276829076549256,0.0005276920515015751,0.0005276897095343092,0.0005276897094986954,0.0005266084667489614,0.0005264620937177997,0.0005264713128557749,0.0005264690103427617,0.000526469010309862,1.0,0.0005268162811092102,0.0005266339978721149,0.0004992720208369071,False,-0.00013426724536405032,0.0005264690103427617,2.2210385498854777,2.2164051315740445,2.2219140140389353,0.005508882464890785,1.0,,,,,0.9996893562013136,31.584267529336536,0.9999992866552159,1.0,31.540186491532005,0.9999999999996805
dt_reference_0.25ms,dt_0.25ms_severity_0.0,Baseline,0.0,223,5Hz,60.0,0.02,0.25,512a8299eaef29ce,semantic_expanded,2.2507635374257917e-05,0.0003872023248118276,0.00038800025129150285,0.000387692831554505,0.0003877033689141909,0.0003877020265888412,0.0003877020265869962,0.0003869772819944019,0.0003868645223000946,0.0003868781571779688,0.00038687645301447546,0.00038687645301260413,1.0,0.0003873289238864569,0.0003872146391740497,0.0004257423259303257,False,-0.00010922022291772749,0.00038687645301447546,1.2894881805920777,1.2892806623353863,1.2895665266874592,0.0002858643520728954,1.0,,,,,0.9984963566558767,31.91687366319698,0.9999986757083911,1.0,31.88305329713085,0.9999999999980412
dt_reference_0.25ms,dt_0.25ms_severity_0.0,Baseline,0.0,223,5Hz,60.0,0.02,0.25,512a8299eaef29ce,episodic_expanded,4.384999506390959e-05,0.0007565619082926787,0.0007577368329192928,0.0007575399833769727,0.0007575517414074858,0.0007575503312971118,0.0007575503312966266,0.0007562228092573339,0.0007561360770022243,0.0007561505303934483,0.000756148883322148,0.0007561488833217974,1.0,0.0007567234717127063,0.0007566554225246934,0.00012974176727676462,False,-3.452804950976329e-05,0.000756148883322148,1.3865133912199488,1.3865092702703392,1.3863530771662713,0.0001561931040678921,1.0,,,,,0.9989147403889745,31.908947576615482,0.9999993746280478,1.0,31.88305329713085,0.9999999999980412
dt_reference_0.25ms,dt_0.25ms_severity_0.0,Baseline,0.0,223,5Hz,60.0,0.02,0.25,512a8299eaef29ce,semantic_anatomical_core,1.9900937240447865e-05,0.00034285910568985703,0.0003436072493655487,0.00034328792059435336,0.00034329798743867965,0.00034329675216204244,0.0003432967521595461,0.00034264421592405605,0.0003425361651195973,0.00034254938013757494,0.0003425477853872179,0.00034254778538455824,1.0,0.00034298081137053136,0.00034286147891006153,0.000502040638537409,False,-0.00012857086766748793,0.0003425477853872179,1.275988071412618,1.2757307571250318,1.2761217065722925,0.00039094944726070224,1.0,,,,,0.9984658970770361,31.919935261548858,0.9999985491277794,1.0,31.88305329713085,0.9999999999980412
dt_reference_0.25ms,dt_0.25ms_severity_0.0,Baseline,0.0,223,5Hz,60.0,0.02,0.25,512a8299eaef29ce,episodic_anatomical_core,4.586137046478989e-05,0.0007896758147367774,0.0007908885555292922,0.0007906957002059172,0.0007907073514195541,0.0007907059534215564,0.0007907059534207789,0.0007893418930008231,0.000789246839181994,0.0007892610651749279,0.0007892594426452294,0.0007892594426446188,1.0,0.0007898417792721866,0.000789775096786044,0.00012180484215820956,False,-3.237772039259568e-05,0.0007892594426452294,1.3895192445284765,1.3895165488760581,1.3893558429702142,0.00016070590584393862,1.0,,,,,0.998939810874727,31.909143457738892,0.9999994519606649,1.0,31.88305329713085,0.9999999999980412
dt_reference_0.25ms,dt_0.25ms_severity_0.0,Baseline,0.0,223,5Hz,60.0,0.02,0.25,512a8299eaef29ce,semantic_platel_peaks,2.4708080522710493e-05,0.0004253326842947486,0.00042618427767669893,0.0004258806434592528,0.0004258918418957704,0.0004258903280895913,0.00042589032809302785,0.00042508000722580127,0.0004249691396147616,0.00042498341550565596,0.0004249815469404972,0.00042498154694418266,1.0,0.00042546536397513213,0.000425353101622688,0.00038071656090759133,False,-9.790014776394074e-05,0.00042498154694418266,1.3004585562313618,1.3003175667791247,1.3004652272348503,0.0001476604557255623,1.0,,,,,0.9985052899045515,31.913321000945206,0.9999990558493842,1.0,31.88305329713085,0.9999999999980412
dt_reference_0.25ms,dt_0.25ms_severity_0.0,Baseline,0.0,223,5Hz,60.0,0.02,0.25,512a8299eaef29ce,episodic_platel_peaks,4.1341225711320954e-05,0.0007135047620525954,0.0007146143237076131,0.0007144227586529589,0.0007144358040777867,0.0007144344226316422,0.0007144344226313661,0.0007130960860255208,0.0007130670350224033,0.0007130833810942756,0.0007130816864991548,0.0007130816864989832,1.0,0.0007136566435706895,0.0007135930354254012,0.0001285929955756416,False,-3.514610434942611e-05,0.0007130816864991548,1.3905267317991181,1.3905217190246915,1.3903705310439114,0.00015118798078006535,1.0,,,,,0.9987006988932938,31.900074877687103,0.9999989790946651,1.0,31.88305329713085,0.9999999999980412
dt_reference_0.25ms,dt_0.25ms_severity_0.0,Baseline,0.0,223,5Hz,60.0,0.02,0.25,512a8299eaef29ce,semantic_expanded_left,2.2862835715894906e-05,0.0003931905519439815,0.0003940174794975814,0.00039368526717428504,0.0003936963893258965,0.00039369470279836957,0.000393694702796381,0.0003929425665501969,0.0003928319418567392,0.00039284669204982454,0.00039284450618826426,0.00039284450618553576,1.0,0.00039332323140588534,0.0003931991664236614,0.0004551375436498802,False,-0.00011650426303564388,0.00039284450618826426,1.261469382101664,1.2611871231438827,1.2616344623759097,0.00044733923202699977,1.0,,,,,0.9985052899045515,31.91687366319698,0.9999984225471679,1.0,31.88305329713085,0.9999999999980412
dt_reference_0.25ms,dt_0.25ms_severity_0.0,Baseline,0.0,223,5Hz,60.0,0.02,0.25,512a8299eaef29ce,episodic_expanded_left,4.433254711882654e-05,0.0007624224259554709,0.0007636062025223007,0.0007634100642773137,0.0007634217377289148,0.0007634201182979551,0.0007634201182972886,0.0007620789732092668,0.0007619892934862266,0.0007620037145884333,0.0007620018631148099,0.0007620018631141513,1.0,0.0007625852239264877,0.0007625171037749965,0.00012887870278776664,False,-3.421151447922099e-05,0.0007620018631148099,1.3846119664077543,1.3846120512792561,1.3844471102781228,0.0001649410011332897,1.0,,,,,0.9989214030978808,31.908926774208332,0.9999993953838308,1.0,31.88305329713085,0.9999999999980412
dt_reference_0.25ms,dt_0.25ms_severity_0.0,Baseline,0.0,223,5Hz,60.0,0.02,0.25,512a8299eaef29ce,semantic_expanded_right,2.209323497568144e-05,0.0003813052973893542,0.00038207491503735,0.0003817916091135035,0.0003818015769074917,0.00038180056869618846,0.00038180056869448344,0.0003811025567794897,0.00038098775243959414,0.00038100030248552517,0.000380999065888255,0.00038099906588721574,1.0,0.00038142597055047935,0.0003813211969761358,0.00039634710821014773,False,-0.00010193618279954465,0.000380999065888255,1.3175069790824916,1.31737420152689,1.3174985909990087,0.000124389472118569,1.0,,,,,0.9984658970770361,31.918158930422972,0.9999988170884435,1.0,31.88305329713085,0.9999999999980412
dt_reference_0.25ms,dt_0.25ms_severity_0.0,Baseline,0.0,223,5Hz,60.0,0.02,0.25,512a8299eaef29ce,episodic_expanded_right,4.349904811487908e-05,0.0007507464387109846,0.0007519125775380178,0.0007517150392273617,0.0007517268798459283,0.0007517256759329772,0.0007517256759326708,0.0007504116467520194,0.0007503278219678132,0.0007503423063011039,0.0007503408606012619,0.0007503408606012138,1.0,0.0007509067769402938,0.0007508388016499674,0.00013060483176611718,False,-3.4844584540039135e-05,0.0007503408606012619,1.3884148160321435,1.388406489261422,1.3882590440544196,0.00014744520700249453,1.0,,,,,0.9988612106496862,31.9093393388623,0.9999993746280478,1.0,31.88305329713085,0.9999999999980412
dt_reference_0.25ms,dt_0.25ms_severity_0.0,Baseline,0.0,223,5Hz,60.0,0.02,0.25,512a8299eaef29ce,shared_auditory_relay,7.689675231039659e-05,0.0013246528515696036,0.0013264940595885792,0.001326325077132378,0.001326338642098732,0.001326337055478264,0.0013263370554802054,0.0013242319966935204,0.0013241115427964632,0.001324127583910797,0.0013241257400836938,0.001324125740085792,1.0,0.0013248942822569948,0.0013248382442030127,6.102187431055359e-05,False,-1.642531611194542e-05,0.001324125740085792,1.4361623477111847,1.4361485500827165,1.4359940009802035,0.0001545491025130019,1.0,,,,,0.9992274313576565,31.90391559030948,0.9999998186499293,1.0,31.88305329713085,0.9999999999980412
dt_reference_0.25ms,dt_0.25ms_severity_0.0,Baseline,0.0,223,5Hz,60.0,0.02,0.25,512a8299eaef29ce,anterior_temporal_context,3.425362984712939e-05,0.0005897433068998342,0.0005907595486402098,0.0005905040780372593,0.0005905167796223011,0.00059051514721564,0.0005905151472167482,0.000589419358167715,0.000589329165545364,0.0005893451840941796,0.0005893431638268155,0.0005893431638282602,1.0,0.0005898909437499297,0.0005897997113117616,0.00022314423838313638,False,-5.8345493435307816e-05,0.0005893431638282602,1.334330457083,1.3342546344321204,1.334262147793507,7.513361386601858e-06,1.0,,,,,0.9987404573133631,31.907773328922378,0.9999990641453743,1.0,31.88305329713085,0.9999999999980412
dt_reference_0.25ms,dt_0.25ms_severity_0.0,Baseline,0.0,223,5Hz,60.0,0.02,0.25,512a8299eaef29ce,hippocampal_context,4.874218133958117e-05,0.0008366142036889139,0.000837792454241795,0.0008376927693404029,0.000837705414989872,0.0008377037451862132,0.0008377037451847787,0.0008360638752993041,0.0008361274049045765,0.0008361432188871951,0.0008361412602128264,0.000836141260211428,1.0,0.0008367650600172413,0.0008367391847242066,4.461316075309246e-05,False,-1.4331545074153242e-05,0.000836141260211428,1.4261675593166223,1.4262045012529303,1.4259610825715532,0.00024341868137711664,1.0,,,,,0.998793432059669,31.894804943087017,0.9999990644103172,1.0,31.88305329713085,0.9999999999980412
dt_reference_0.25ms,dt_0.25ms_severity_0.0,Baseline,0.0,223,5Hz,60.0,0.02,0.25,512a8299eaef29ce,angular_parietal_context,4.2221377985741476e-05,0.0007273945001310014,0.0007285125670330649,0.0007283423165453822,0.0007283560537295246,0.0007283542402476336,0.0007283542402471794,0.0007269142764018405,0.0007269199305496955,0.0007269373192223173,0.0007269351038792541,0.0007269351038787711,1.0,0.0007275451078122563,0.0007274906800999675,0.00010793217774437034,False,-3.017642111586838e-05,0.0007269351038787711,1.3861434907418517,1.3861594033799776,1.385969247024686,0.0001901563552915153,1.0,,,,,0.9986352604996821,31.899960736791307,0.9999989252804182,1.0,31.88305329713085,0.9999999999980412
dt_reference_0.25ms,dt_0.25ms_severity_0.0,Baseline,0.0,251,pulse,60.0,0.02,0.25,512a8299eaef29ce,semantic_expanded,0.00010809364080090379,0.0029809310693876176,,,,,,,,,,,1.0,,,,False,,,,,,,,324.0,324.0,1.0,4.5212737099626885e-08,,,,,,
dt_reference_0.25ms,dt_0.25ms_severity_0.0,Baseline,0.0,251,pulse,60.0,0.02,0.25,512a8299eaef29ce,episodic_expanded,0.00015462728842748245,0.004283421711377549,,,,,,,,,,,1.0,,,,False,,,,,,,,267.0,267.0,1.0,3.0674621814789986e-08,,,,,,
dt_reference_0.25ms,dt_0.25ms_severity_0.0,Baseline,0.0,251,pulse,60.0,0.02,0.25,512a8299eaef29ce,semantic_anatomical_core,9.987216001459494e-05,0.002762955094321185,,,,,,,,,,,1.0,,,,False,,,,,,,,326.0,326.0,1.0,5.147532952610843e-08,,,,,,
dt_reference_0.25ms,dt_0.25ms_severity_0.0,Baseline,0.0,251,pulse,60.0,0.02,0.25,512a8299eaef29ce,episodic_anatomical_core,0.00015889302803565448,0.004395371231158855,,,,,,,,,,,1.0,,,,False,,,,,,,,252.0,252.0,1.0,2.9057613925525598e-08,,,,,,
dt_reference_0.25ms,dt_0.25ms_severity_0.0,Baseline,0.0,251,pulse,60.0,0.02,0.25,512a8299eaef29ce,semantic_platel_peaks,0.00011848572497774098,0.003284556717709522,,,,,,,,,,,1.0,,,,False,,,,,,,,325.0,325.0,1.0,3.90292785597905e-08,,,,,,
dt_reference_0.25ms,dt_0.25ms_severity_0.0,Baseline,0.0,251,pulse,60.0,0.02,0.25,512a8299eaef29ce,episodic_platel_peaks,0.00014770480401166467,0.0040777279748747735,,,,,,,,,,,1.0,,,,False,,,,,,,,295.0,295.0,1.0,4.251213162515271e-08,,,,,,
dt_reference_0.25ms,dt_0.25ms_severity_0.0,Baseline,0.0,251,pulse,60.0,0.02,0.25,512a8299eaef29ce,semantic_expanded_left,0.00011152017713996114,0.0030920473280217704,,,,,,,,,,,1.0,,,,False,,,,,,,,324.0,324.0,1.0,4.5212737099626885e-08,,,,,,
dt_reference_0.25ms,dt_0.25ms_severity_0.0,Baseline,0.0,251,pulse,60.0,0.02,0.25,512a8299eaef29ce,episodic_expanded_left,0.00015609313965343283,0.0043278928330806815,,,,,,,,,,,1.0,,,,False,,,,,,,,262.0,262.0,1.0,3.061723126443645e-08,,,,,,
dt_reference_0.25ms,dt_0.25ms_severity_0.0,Baseline,0.0,251,pulse,60.0,0.02,0.25,512a8299eaef29ce,semantic_expanded_right,0.00010409601507200357,0.0028738079006460286,,,,,,,,,,,1.0,,,,False,,,,,,,,324.0,324.0,1.0,4.495265605210403e-08,,,,,,
dt_reference_0.25ms,dt_0.25ms_severity_0.0,Baseline,0.0,251,pulse,60.0,0.02,0.25,512a8299eaef29ce,episodic_expanded_right,0.0001535612148086095,0.004239407551235571,,,,,,,,,,,1.0,,,,False,,,,,,,,272.0,272.0,1.0,3.0674621814789986e-08,,,,,,
dt_reference_0.25ms,dt_0.25ms_severity_0.0,Baseline,0.0,251,pulse,60.0,0.02,0.25,512a8299eaef29ce,shared_auditory_relay,0.00023191316068944635,0.006416204621412385,,,,,,,,,,,1.0,,,,False,,,,,,,,220.0,220.0,1.0,1.2826621970875996e-08,,,,,,
dt_reference_0.25ms,dt_0.25ms_severity_0.0,Baseline,0.0,251,pulse,60.0,0.02,0.25,512a8299eaef29ce,anterior_temporal_context,0.0001394428634499521,0.003857421295688653,,,,,,,,,,,1.0,,,,False,,,,,,,,284.0,284.0,1.0,3.683127313204134e-08,,,,,,
dt_reference_0.25ms,dt_0.25ms_severity_0.0,Baseline,0.0,251,pulse,60.0,0.02,0.25,512a8299eaef29ce,hippocampal_context,0.00016138050767238628,0.004461345245125176,,,,,,,,,,,1.0,,,,False,,,,,,,,274.0,274.0,1.0,3.848104848457298e-08,,,,,,
dt_reference_0.25ms,dt_0.25ms_severity_0.0,Baseline,0.0,251,pulse,60.0,0.02,0.25,512a8299eaef29ce,angular_parietal_context,0.0001561100120983423,0.004319034491102268,,,,,,,,,,,1.0,,,,False,,,,,,,,297.0,297.0,1.0,4.0125327151622966e-08,,,,,,
dt_reference_0.25ms,dt_0.25ms_severity_0.0,Baseline,0.0,251,2Hz,60.0,0.02,0.25,512a8299eaef29ce,semantic_expanded,1.2180364520862078e-05,0.0002797378379835461,0.0002808630296271477,0.00028030623773266734,0.0002803112439086728,0.00028030998820391997,0.00028030998818927283,0.00027974559400095625,0.00027961336270074504,0.0002796184476471042,0.0002796172356404519,0.0002796172356276748,1.0,0.00027992785939321427,0.00027971155045849956,0.001115246129774441,False,-0.0002833929261784718,0.0002796172356404519,2.137249772077843,2.127317734629639,2.143860101872357,0.016542367242717848,1.0,,,,,0.9994987526667399,31.599877429096782,0.9999980863472587,1.0,31.54018643652509,0.9999999999997111
dt_reference_0.25ms,dt_0.25ms_severity_0.0,Baseline,0.0,251,2Hz,60.0,0.02,0.25,512a8299eaef29ce,episodic_expanded,2.401141071159258e-05,0.0005529322530056606,0.0005544958856920868,0.0005541156291812169,0.00055412298571415,0.0005541210688246064,0.0005541210688040962,0.0005529754087611582,0.0005528342387655865,0.0005528415764470946,0.0005528396844684271,0.0005528396844516401,1.0,0.0005531560603084907,0.000553012981153926,0.0003732152684788225,False,-9.684522040700473e-05,0.0005528396844684271,2.2222841157874598,2.2184180440395114,2.2223747570613677,0.003956713021856295,1.0,,,,,0.9998359088933599,31.585357566269316,0.9999995627981545,1.0,31.54018643652509,0.9999999999997111
dt_reference_0.25ms,dt_0.25ms_severity_0.0,Baseline,0.0,251,2Hz,60.0,0.02,0.25,512a8299eaef29ce,semantic_anatomical_core,1.0748825868819014e-05,0.0002471847093807852,0.0002482633548345395,0.0002476734849601274,0.00024767775833131465,0.0002476767701532004,0.0002476767701337334,0.0002471841265840248,0.0002470553739752032,0.0002470597396547616,0.00024705879672837184,0.0002470587967106343,1.0,0.0002473723772621334,0.00024714300554602915,0.0013383343474396047,False,-0.00034031956812095035,0.00024705879672837184,2.124195459934791,2.112860225046849,2.132357847558398,0.01949762251154885,1.0,,,,,0.9994790998993505,31.603999233355026,0.9999978921868916,1.0,31.54018643652509,0.9999999999997111
dt_reference_0.25ms,dt_0.25ms_severity_0.0,Baseline,0.0,251,2Hz,60.0,0.02,0.25,512a8299eaef29ce,episodic_anatomical_core,2.5144484712673036e-05,0.0005778758883017792,0.0005794734969585032,0.0005791161730505788,0.0005791235626813942,0.0005791216106325128,0.0005791216106141809,0.0005779219249631733,0.0005777811607502362,0.0005777885147660484,0.0005777865864036927,0.0005777865863890626,1.0,0.0005781018272443595,0.0005779670611545175,0.00033635775917318375,False,-8.695722947562602e-05,0.0005777865864036927,2.2247705440461374,2.221158854261534,2.2246022181911442,0.0034433639296103102,1.0,,,,,0.9998397126604887,31.585157356636678,0.9999996397354172,1.0,31.54018643652509,0.9999999999997111
dt_reference_0.25ms,dt_0.25ms_severity_0.0,Baseline,0.0,251,2Hz,60.0,0.02,0.25,512a8299eaef29ce,semantic_platel_peaks,1.3364507458921304e-05,0.00030702909086367976,0.00030821631247856884,0.00030766728131611994,0.0003076734951156789,0.0003076718252183284,0.0003076718251931692,0.0003070422941640456,0.00030690456436409093,0.00030691082336224733,0.00030690919460997143,0.00030690919458692883,1.0,0.000307225369051566,0.0003070130580948664,0.0009973325113444586,False,-0.00025402296493668434,0.00030690919460997143,2.1501602234851367,2.1420255735777554,2.154667473958341,0.012641900380585547,1.0,,,,,0.9994987526667399,31.60812103761327,0.9999979083148206,1.0,31.54018643652509,0.9999999999997111
dt_reference_0.25ms,dt_0.25ms_severity_0.0,Baseline,0.0,251,2Hz,60.0,0.02,0.25,512a8299eaef29ce,episodic_platel_peaks,2.253016938594854e-05,0.0005189893873285167,0.0005205486428379784,0.0005200738468735362,0.0005200810110045278,0.0005200794890344607,0.0005200794890016079,0.0005190199988899412,0.0005188770819055966,0.0005188842897683383,0.0005188827997237229,0.000518882799694614,1.0,0.0005192195070836306,0.0005190446641262828,0.0004858976682023615,False,-0.0001293015481367732,0.0005188827997237229,2.224788991129188,2.220066373765987,2.22574915440923,0.00568278064324268,1.0,,,,,0.9996818889239705,31.585840412121613,0.9999992223456976,1.0,31.54018643652509,0.9999999999997111
dt_reference_0.25ms,dt_0.25ms_severity_0.0,Baseline,0.0,251,2Hz,60.0,0.02,0.25,512a8299eaef29ce,semantic_expanded_left,1.2354633154440687e-05,0.0002836341403883206,0.00028482727076595943,0.0002841994015105494,0.00028420545660917034,0.00028420379477604355,0.0002842037947608764,0.0002836331000432421,0.0002834952322553325,0.00028350145288393047,0.0002834998506594133,0.0002834998506457094,1.0,0.0002838392768544934,0.0002835956888777006,0.0012386377609724228,False,-0.0003150314923410669,0.0002834998506594133,2.109214876529505,2.0968402727696662,2.1186160067025344,0.021775733932868135,1.0,,,,,0.9994987526667399,31.599877429096782,0.9999980863472587,1.0,31.54018643652509,0.9999999999997111
dt_reference_0.25ms,dt_0.25ms_severity_0.0,Baseline,0.0,251,2Hz,60.0,0.02,0.25,512a8299eaef29ce,episodic_expanded_left,2.4258938444348683e-05,0.0005569297822430991,0.0005585001682979479,0.0005581238364201268,0.0005581319818506022,0.0005581296337447254,0.0005581296337232063,0.0005569757631679199,0.00055683219526619,0.0005568403144883333,0.0005568379911594734,0.0005568379911419478,1.0,0.0005571543739706172,0.0005570126046637082,0.0003671440296720562,False,-9.499748556232036e-05,0.0005568379911594734,2.220874751385577,2.2171057821950173,2.2208674534697277,0.0037616712747103875,1.0,,,,,0.9998372496131145,31.58536413291771,0.9999996034802947,1.0,31.54018643652509,0.9999999999997111
dt_reference_0.25ms,dt_0.25ms_severity_0.0,Baseline,0.0,251,2Hz,60.0,0.02,0.25,512a8299eaef29ce,semantic_expanded_right,1.1977051115020363e-05,0.00027589505936264616,0.0002769539630078422,0.0002764664052571058,0.000276470390115276,0.0002764695297217931,0.0002764695297076546,0.0002759113705382653,0.0002757846471661351,0.00027578862636935814,0.00027578779419230724,0.0002757877941804331,1.0,0.00027607034281107326,0.0002758806093615823,0.000991854498576388,False,-0.00025175436001587673,0.00027578779419230724,2.1652846676261808,2.157795196489612,2.16910419704218,0.011309000552568005,1.0,,,,,0.9995014552568562,31.60189369236932,0.9999982417258368,1.0,31.54018643652509,0.9999999999997111
dt_reference_0.25ms,dt_0.25ms_severity_0.0,Baseline,0.0,251,2Hz,60.0,0.02,0.25,512a8299eaef29ce,episodic_expanded_right,2.383139054231541e-05,0.0005489634172238675,0.0005505203126195402,0.0005501362071763744,0.0005501427857236718,0.0005501412939771645,0.0005501412939576499,0.0005490037860092336,0.0005488649868842859,0.0005488715538302,0.0005488700871266878,0.0005488700871106297,1.0,0.0005491864397929813,0.0005490420769012768,0.0003792865072871915,False,-9.869295525142264e-05,0.0005488700871266878,2.223693480189343,2.219730305884006,2.223882060653008,0.004151754769002203,1.0,,,,,0.9997820199195717,31.585357566269316,0.9999995627981545,1.0,31.54018643652509,0.9999999999997111
dt_reference_0.25ms,dt_0.25ms_severity_0.0,Baseline,0.0,251,2Hz,60.0,0.02,0.25,512a8299eaef29ce,shared_auditory_relay,4.256039772436594e-05,0.0009786283458662344,0.000980981786837523,0.0009807106309681934,0.0009807189822573198,0.0009807168504921322,0.0009807168504761736,0.0009786829702058018,0.0009785373845654964,0.0009785456441332295,0.0009785435420295412,0.0009785435420170902,1.0,0.0009789379545351383,0.0009788361280170415,0.00015007309998727177,False,-3.851104460332877e-05,0.0009785435420295412,2.261118705274622,2.258580683012324,2.259855148476859,0.001274465464535357,1.0,,,,,0.9999399279411563,31.577428100948836,0.9999998878443381,1.0,31.54018643652509,0.9999999999997111
dt_reference_0.25ms,dt_0.25ms_severity_0.0,Baseline,0.0,251,2Hz,60.0,0.02,0.25,512a8299eaef29ce,anterior_temporal_context,1.8620220813306995e-05,0.0004278989558110316,0.00042929844593675074,0.00042879907361793466,0.00042880690551789537,0.0004288049285247976,0.0004288049284963127,0.0004279241971208616,0.0004277808639087198,0.00042778881331724365,0.00042778687490809447,0.00042778687488291285,1.0,0.0004281149154090295,0.00042792495005072547,0.0006403021539598336,False,-0.00016496132790218,0.00042778687490809447,2.1769328417906335,2.170381867747472,2.1798410472793623,0.00945917953189035,1.0,,,,,0.9997583664150603,31.588196608917173,0.9999992052503988,1.0,31.54018643652509,0.9999999999997111
dt_reference_0.25ms,dt_0.25ms_severity_0.0,Baseline,0.0,251,2Hz,60.0,0.02,0.25,512a8299eaef29ce,hippocampal_context,2.650394604728357e-05,0.0006068647127445318,0.0006085763054991553,0.0006081233667287392,0.0006081313163799783,0.0006081289690999478,0.0006081289690601318,0.0006068922533783465,0.0006067597483468444,0.0006067676831865145,0.0006067653605853784,0.0006067653605484061,1.0,0.0006071086432543487,0.0006069489525508316,0.00037952892542329145,False,-0.00010542032538403135,0.0006067653605853784,2.252661510083278,2.2487772417854917,2.2527670761430594,0.003989834357567723,1.0,,,,,0.9997824779738678,31.578484969705155,0.9999990506871224,1.0,31.54018643652509,0.9999999999997111
dt_reference_0.25ms,dt_0.25ms_severity_0.0,Baseline,0.0,251,2Hz,60.0,0.02,0.25,512a8299eaef29ce,angular_parietal_context,2.2898537498727814e-05,0.0005265782079499635,0.0005281804396512488,0.0005276830371210092,0.0005276920849660151,0.0005276897095343963,0.0005276897094986958,0.0005266066779691355,0.0005264622026320407,0.0005264713498211664,0.0005264690103428318,0.0005264690103098625,1.0,0.0005268149316059915,0.0005266339979324376,0.0004955762141161572,False,-0.00013319035711738538,0.0005264690103428318,2.2210587573623743,2.2164454032857606,2.221914012348032,0.005468609062271312,1.0,,,,,0.999691344259555,31.58415517894926,0.999999291456409,1.0,31.54018643652509,0.9999999999997111
dt_reference_0.25ms,dt_0.25ms_severity_0.0,Baseline,0.0,251,5Hz,60.0,0.02,0.25,512a8299eaef29ce,semantic_expanded,2.2507641872447283e-05,0.00038720243427697436,0.0003880005477361267,0.0003876930218465125,0.0003877034202461473,0.0003877020265965756,0.00038770202658726133,0.00038697667096604957,0.00038686473501370295,0.0003868781973479346,0.00038687645302325067,0.0003868764530130007,1.0,0.0003873291468013982,0.00038721463799165455,0.0004265770287033637,False,-0.00010936585388998665,0.00038687645302325067,1.2894880379152882,1.2892804231910029,1.2895665171080983,0.0002860939170954424,1.0,,,,,0.9984958627539618,31.916851814863985,0.9999986641190121,1.0,31.883053471116334,0.9999999999979362
dt_reference_0.25ms,dt_0.25ms_severity_0.0,Baseline,0.0,251,5Hz,60.0,0.02,0.25,512a8299eaef29ce,episodic_expanded,4.384999616145766e-05,0.0007565619233384299,0.0007577361934076391,0.0007575405809736469,0.0007575518073358744,0.000757550331296568,0.000757550331296632,0.0007562215951656217,0.000756136732693655,0.0007561505801263838,0.0007561488833216732,0.0007561488833218706,1.0,0.0007567235064353499,0.0007566554216175071,0.00012980969578345715,False,-3.446319406794629e-05,0.0007561488833218706,1.3865133646606553,1.386509234610704,1.3863530745306485,0.00015616008005547855,1.0,,,,,0.9989144897956653,31.908871110868592,0.999999372556104,1.0,31.883053471116334,0.9999999999979362
dt_reference_0.25ms,dt_0.25ms_severity_0.0,Baseline,0.0,251,5Hz,60.0,0.02,0.25,512a8299eaef29ce,semantic_anatomical_core,1.9900945666254606e-05,0.0003428592507513309,0.00034360783571498854,0.00034328801977796895,0.0003432980261479636,0.00034329675217148817,0.0003432967521591144,0.00034264380767525736,0.0003425362783989428,0.000342549409990194,0.0003425477853980368,0.00034254778538433977,1.0,0.00034298110517482037,0.00034286147765039035,0.0005032817801670091,False,-0.00012883789605799834,0.0003425477853980368,1.275987876913339,1.27573041932791,1.2761216951468877,0.0003912758189776877,1.0,,,,,0.9984652001898159,31.919942922708092,0.9999985388547691,1.0,31.883053471116334,0.9999999999979362
dt_reference_0.25ms,dt_0.25ms_severity_0.0,Baseline,0.0,251,5Hz,60.0,0.02,0.25,512a8299eaef29ce,episodic_anatomical_core,4.5861371665430854e-05,0.0007896758344534666,0.0007908879382143388,0.0007906962961687756,0.0007907074187905075,0.0007907059534197648,0.0007907059534209524,0.0007893407096209853,0.0007892474907009322,0.0007892611162591219,0.0007892594426433963,0.000789259442644853,1.0,0.0007898418232678764,0.0007897750959655869,0.00012188670175671554,False,-3.231948266719798e-05,0.000789259442644853,1.3895191780794174,1.3895164322656326,1.3893558408096292,0.00016059145600344493,1.0,,,,,0.9989394586208473,31.909071371886334,0.9999994499913625,1.0,31.883053471116334,0.9999999999979362
dt_reference_0.25ms,dt_0.25ms_severity_0.0,Baseline,0.0,251,5Hz,60.0,0.02,0.25,512a8299eaef29ce,semantic_platel_peaks,2.4708083976397506e-05,0.0004253327600848648,0.00042618422778806697,0.0004258809834913952,0.0004258919067228845,0.00042589032809482085,0.000425890328094578,0.00042507916446921497,0.0004249695209172395,0.00042498346391082304,0.00042498154694593977,0.0004249815469456706,1.0,0.0004254655195484993,0.00042535310057458144,0.0003812476438127145,False,-9.794085222676331e-05,0.00042498154694593977,1.3004585583347732,1.3003176029440557,1.3004652202871416,0.00014761734308588181,1.0,,,,,0.9985040844816364,31.913301988202704,0.9999990489554692,1.0,31.883053471116334,0.9999999999979362
dt_reference_0.25ms,dt_0.25ms_severity_0.0,Baseline,0.0,251,5Hz,60.0,0.02,0.25,512a8299eaef29ce,episodic_platel_peaks,4.1341225578073564e-05,0.0007135047597983086,0.0007146135339070094,0.000714423423202423,0.0007144358531793186,0.0007144344226365008,0.0007144344226309079,0.0007130947725366305,0.0007130677694512111,0.0007130834193242176,0.000713081686504675,0.0007130816864985778,1.0,0.0007136566423296361,0.0007135930344203816,0.00012859251860200375,False,-3.505375447021564e-05,0.000713081686504675,1.3905271640439951,1.3905225973017323,1.3903705266538668,0.00015207064786548763,1.0,,,,,0.9987003771712157,31.90002853322838,0.9999989748091804,1.0,31.883053471116334,0.9999999999979362
dt_reference_0.25ms,dt_0.25ms_severity_0.0,Baseline,0.0,251,5Hz,60.0,0.02,0.25,512a8299eaef29ce,semantic_expanded_left,2.286284367221521e-05,0.00039319068886282157,0.0003940179316596451,0.0003936854327823931,0.0003936964548642299,0.0003936947028040636,0.00039369470279799053,0.0003929417547470563,0.00039283212592045085,0.0003928467425209389,0.0003928445061948197,0.00039284450618731976,1.0,0.00039332351030591455,0.00039319916535524154,0.0004561644584226185,False,-0.00011670016473530609,0.0003928445061948197,1.2614679138891294,1.2611842555143795,1.2616344530144636,0.0004501975000841263,1.0,,,,,0.9985040844816364,31.916851814863985,0.9999984135905261,1.0,31.883053471116334,0.9999999999979362
dt_reference_0.25ms,dt_0.25ms_severity_0.0,Baseline,0.0,251,5Hz,60.0,0.02,0.25,512a8299eaef29ce,episodic_expanded_left,4.433254641746425e-05,0.0007624224140634583,0.0007636054562376009,0.0007634106385521627,0.0007634218186705206,0.0007634201182947011,0.000763420118296178,0.0007620775295296051,0.0007619899228731145,0.0007620037729341186,0.0007620018631114225,0.0007620018631130909,1.0,0.0007625852076109488,0.0007625171026708385,0.0001288499253591424,False,-3.4124781318212176e-05,0.0007620018631130909,1.3846115895904427,1.3846113242275815,1.3844471079885583,0.00016421623902318494,1.0,,,,,0.9989211261444957,31.908835963497957,0.9999993931012352,1.0,31.883053471116334,0.9999999999979362
dt_reference_0.25ms,dt_0.25ms_severity_0.0,Baseline,0.0,251,5Hz,60.0,0.02,0.25,512a8299eaef29ce,semantic_expanded_right,2.2093239772718034e-05,0.00038130538020528096,0.0003820750604152083,0.00038179182329959633,0.000381801614450397,0.00038180056870590015,0.0003818005686934447,0.0003811021406171602,0.0003809879928901989,0.00038100033265570365,0.00038099906589918176,0.0003809990658862669,1.0,0.00038142613912200485,0.00038132119568348293,0.0003969895989827335,False,-0.00010203154304448958,0.00038099906589918176,1.3175081619414468,1.317376590867626,1.317498581201733,0.00012199033410698057,1.0,,,,,0.9984652001898159,31.918168009377453,0.9999988057050964,1.0,31.883053471116334,0.9999999999979362
dt_reference_0.25ms,dt_0.25ms_severity_0.0,Baseline,0.0,251,5Hz,60.0,0.02,0.25,512a8299eaef29ce,episodic_expanded_right,4.3499050520725595e-05,0.0007507464802810784,0.0007519120432021174,0.0007517156597532515,0.0007517269309871905,0.0007517256759351023,0.0007517256759337751,0.000750410658805052,0.0007503285035225351,0.0007503423475501615,0.000750340860603655,0.0007503408606024041,1.0,0.000750906861917459,0.0007508388009367899,0.00013076946620926003,False,-3.480160681768041e-05,0.000750340860603655,1.388415139730868,1.3884071449938267,1.3882590410727385,0.00014810392108821624,1.0,,,,,0.9988609454146486,31.90927163290408,0.999999372556104,1.0,31.883053471116334,0.9999999999979362
dt_reference_0.25ms,dt_0.25ms_severity_0.0,Baseline,0.0,251,5Hz,60.0,0.02,0.25,512a8299eaef29ce,shared_auditory_relay,7.689674951948317e-05,0.0013246528050817846,0.0013264930055140922,0.0013263257525524294,0.0013263387208922387,0.0013263370554776031,0.0013263370554804895,0.0013242305727643974,0.0013241122560128345,0.001324127649248983,0.0013241257400830586,0.0013241257400859918,1.0,0.0013248941943741815,0.001324838243108892,6.09273689937024e-05,False,-1.6347408937189556e-05,0.0013241257400859918,1.436162581903491,1.4361490287452574,1.4359939996781366,0.00015502906712083764,1.0,,,,,0.999227369161897,31.90387371610226,0.9999998178105045,1.0,31.883053471116334,0.9999999999979362
dt_reference_0.25ms,dt_0.25ms_severity_0.0,Baseline,0.0,251,5Hz,60.0,0.02,0.25,512a8299eaef29ce,anterior_temporal_context,3.425362947193517e-05,0.0005897433053944272,0.000590758794624759,0.0005905046795699034,0.0005905168638228791,0.0005905151472176702,0.0005905151472177327,0.0005894178865677516,0.0005893298285952068,0.0005893452534364579,0.0005893431638291751,0.0005893431638292307,1.0,0.0005898909449895715,0.000589799710241313,0.0002231498885713187,False,-5.823483651097306e-05,0.0005893431638292307,1.3343302401491646,1.3342542225845406,1.3342621439063214,7.921321780735013e-06,1.0,,,,,0.9987401336313697,31.907708980886838,0.9999990590933612,1.0,31.883053471116334,0.9999999999979362
dt_reference_0.25ms,dt_0.25ms_severity_0.0,Baseline,0.0,251,5Hz,60.0,0.02,0.25,512a8299eaef29ce,hippocampal_context,4.8742184255358646e-05,0.0008366142567113296,0.0008377917098293408,0.0008376936114383599,0.0008377054904307661,0.0008377037451851179,0.000837703745184865,0.0008360623718162865,0.0008361283249734607,0.0008361432732660544,0.000836141260211653,0.0008361412602115164,1.0,0.0008367651701151648,0.0008367391834346828,4.480520768786831e-05,False,-1.427586986340046e-05,0.0008361412602115164,1.4261671061037784,1.4262036081755818,1.4259610780804075,0.00024253009517427593,1.0,,,,,0.998793097555149,31.894780951823574,0.9999990616848584,1.0,31.883053471116334,0.9999999999979362
dt_reference_0.25ms,dt_0.25ms_severity_0.0,Baseline,0.0,251,5Hz,60.0,0.02,0.25,512a8299eaef29ce,angular_parietal_context,4.2221377074237185e-05,0.0007273944841033319,0.0007285114519187425,0.0007283431913915409,0.0007283561318719937,0.0007283542402475191,0.0007283542402489901,0.0007269124694550398,0.0007269208964996735,0.0007269373745725027,0.0007269351038788318,0.0007269351038805493,1.0,0.0007275450805531019,0.0007274906790879244,0.00010788013084253507,False,-3.004223558926711e-05,0.0007269351038788318,1.3861432808824887,1.3861590022122041,1.3859692435291056,0.00018975868309856203,1.0,,,,,0.99863488413671,31.899931370343168,0.9999989202577964,1.0,31.883053471116334,0.9999999999979362
dt_reference_0.25ms,dt_0.25ms_severity_0.0,Baseline,0.0,281,pulse,60.0,0.02,0.25,512a8299eaef29ce,semantic_expanded,0.00010809126309311728,0.0029808744738467233,,,,,,,,,,,1.0,,,,False,,,,,,,,324.0,324.0,1.0,4.551802846790378e-08,,,,,,
dt_reference_0.25ms,dt_0.25ms_severity_0.0,Baseline,0.0,281,pulse,60.0,0.02,0.25,512a8299eaef29ce,episodic_expanded,0.00015462469262931424,0.004283362554319198,,,,,,,,,,,1.0,,,,False,,,,,,,,267.0,267.0,1.0,3.102638522743449e-08,,,,,,
dt_reference_0.25ms,dt_0.25ms_severity_0.0,Baseline,0.0,281,pulse,60.0,0.02,0.25,512a8299eaef29ce,semantic_anatomical_core,9.986976523027029e-05,0.002762896805472275,,,,,,,,,,,1.0,,,,False,,,,,,,,326.0,326.0,1.0,5.199523635441401e-08,,,,,,
dt_reference_0.25ms,dt_0.25ms_severity_0.0,Baseline,0.0,281,pulse,60.0,0.02,0.25,512a8299eaef29ce,episodic_anatomical_core,0.00015889043865744887,0.004395312232588292,,,,,,,,,,,1.0,,,,False,,,,,,,,252.0,252.0,1.0,2.93440951748208e-08,,,,,,
dt_reference_0.25ms,dt_0.25ms_severity_0.0,Baseline,0.0,281,pulse,60.0,0.02,0.25,512a8299eaef29ce,semantic_platel_peaks,0.00011848340477129788,0.0032845024478221465,,,,,,,,,,,1.0,,,,False,,,,,,,,325.0,325.0,1.0,3.9330075063103395e-08,,,,,,
dt_reference_0.25ms,dt_0.25ms_severity_0.0,Baseline,0.0,281,pulse,60.0,0.02,0.25,512a8299eaef29ce,episodic_platel_peaks,0.00014770191875435442,0.004077659940084316,,,,,,,,,,,1.0,,,,False,,,,,,,,295.0,295.0,1.0,4.2972919781505785e-08,,,,,,
dt_reference_0.25ms,dt_0.25ms_severity_0.0,Baseline,0.0,281,pulse,60.0,0.02,0.25,512a8299eaef29ce,semantic_expanded_left,0.00011151759602755118,0.0030919846851040684,,,,,,,,,,,1.0,,,,False,,,,,,,,324.0,324.0,1.0,4.551802846790378e-08,,,,,,
dt_reference_0.25ms,dt_0.25ms_severity_0.0,Baseline,0.0,281,pulse,60.0,0.02,0.25,512a8299eaef29ce,episodic_expanded_left,0.00015609065010309235,0.00432783629488805,,,,,,,,,,,1.0,,,,False,,,,,,,,262.0,262.0,1.0,3.0927621227378384e-08,,,,,,
dt_reference_0.25ms,dt_0.25ms_severity_0.0,Baseline,0.0,281,pulse,60.0,0.02,0.25,512a8299eaef29ce,semantic_expanded_right,0.00010409387466961107,0.002873756998745264,,,,,,,,,,,1.0,,,,False,,,,,,,,324.0,324.0,1.0,4.526342486616888e-08,,,,,,
dt_reference_0.25ms,dt_0.25ms_severity_0.0,Baseline,0.0,281,pulse,60.0,0.02,0.25,512a8299eaef29ce,episodic_expanded_right,0.00015355854173929376,0.004239345835103604,,,,,,,,,,,1.0,,,,False,,,,,,,,272.0,272.0,1.0,3.102638522743449e-08,,,,,,
dt_reference_0.25ms,dt_0.25ms_severity_0.0,Baseline,0.0,281,pulse,60.0,0.02,0.25,512a8299eaef29ce,shared_auditory_relay,0.0002319090006164842,0.006416107936614232,,,,,,,,,,,1.0,,,,False,,,,,,,,220.0,220.0,1.0,1.2970616135692978e-08,,,,,,
dt_reference_0.25ms,dt_0.25ms_severity_0.0,Baseline,0.0,281,pulse,60.0,0.02,0.25,512a8299eaef29ce,anterior_temporal_context,0.0001394403265242906,0.0038573622976942603,,,,,,,,,,,1.0,,,,False,,,,,,,,284.0,284.0,1.0,3.717697499307302e-08,,,,,,
dt_reference_0.25ms,dt_0.25ms_severity_0.0,Baseline,0.0,281,pulse,60.0,0.02,0.25,512a8299eaef29ce,hippocampal_context,0.000161377574728427,0.004461277067436845,,,,,,,,,,,1.0,,,,False,,,,,,,,274.0,274.0,1.0,3.886502275764427e-08,,,,,,
dt_reference_0.25ms,dt_0.25ms_severity_0.0,Baseline,0.0,281,pulse,60.0,0.02,0.25,512a8299eaef29ce,angular_parietal_context,0.00015610706136395553,0.004318965251323699,,,,,,,,,,,1.0,,,,False,,,,,,,,297.0,297.0,1.0,4.048817659103037e-08,,,,,,
dt_reference_0.25ms,dt_0.25ms_severity_0.0,Baseline,0.0,281,2Hz,60.0,0.02,0.25,512a8299eaef29ce,semantic_expanded,1.2180367222936147e-05,0.00027973789855702263,0.00028086305314569624,0.0002803062293829507,0.0002803112971456925,0.00028030998818982653,0.00028030998818902536,0.0002797452609559654,0.0002796133495285827,0.0002796185002613236,0.0002796172356264623,0.00027961723562743235,1.0,0.0002799279488630464,0.00027971155004414536,0.0011157093773836513,False,-0.0002834028618487139,0.00027961723562743235,2.1372424405039494,2.1273029117402587,2.1438600963715206,0.01655718463126199,1.0,,,,,0.9994986846633495,31.599954121278838,0.9999980882021658,1.0,31.54018639901906,0.9999999999997213
dt_reference_0.25ms,dt_0.25ms_severity_0.0,Baseline,0.0,281,2Hz,60.0,0.02,0.25,512a8299eaef29ce,episodic_expanded,2.4011416558810924e-05,0.0005529323986052486,0.0005544963196953673,0.0005541156551038211,0.0005541229828095601,0.000554121068815773,0.0005541210688033874,0.0005529753400364512,0.0005528342527042423,0.0005528415738007863,0.0005528396844598337,0.0005528396844509172,1.0,0.0005531563228527173,0.0005530129804171553,0.0003739019361328755,False,-9.6961515872529e-05,0.0005528396844598337,2.2222797824484095,2.218409310489939,2.2223747543472756,0.003965443857336659,1.0,,,,,0.9998354024804147,31.585302486547594,0.9999995573630638,1.0,31.54018639901906,0.9999999999997213
dt_reference_0.25ms,dt_0.25ms_severity_0.0,Baseline,0.0,281,2Hz,60.0,0.02,0.25,512a8299eaef29ce,semantic_anatomical_core,1.07488268255979e-05,0.0002471847314600845,0.0002482632025788635,0.00024767346315252833,0.0002476778376589197,0.0002476767701394164,0.00024767677013344785,0.00024718371705634073,0.0002470553493374116,0.0002470598180786221,0.00024705879671455027,0.00024705879671035473,1.0,0.0002473723907593492,0.00024714300540148765,0.001338413908014515,False,-0.0003402247428009098,0.00024705879671455027,2.1241894157507577,2.1128478787507134,2.1323578413017854,0.019509962551071958,1.0,,,,,0.9994786864609275,31.604030064348876,0.9999978871995757,1.0,31.54018639901906,0.9999999999997213
dt_reference_0.25ms,dt_0.25ms_severity_0.0,Baseline,0.0,281,2Hz,60.0,0.02,0.25,512a8299eaef29ce,episodic_anatomical_core,2.5144490859444716e-05,0.0005778760326413846,0.0005794739545333689,0.0005791161974165974,0.0005791235584260588,0.000579121610623315,0.0005791216106144098,0.000577921892598394,0.0005777811732876545,0.0005777885107318619,0.0005777865863947948,0.0005777865863892853,1.0,0.0005781020899177025,0.0005779670604456822,0.00033701504876611156,False,-8.707418637756704e-05,0.0005777865863947948,2.2247667232055335,2.2211511556453822,2.224602214251129,0.003451058605746571,1.0,,,,,0.999839169409247,31.58512678060223,0.9999996377796097,1.0,31.54018639901906,0.9999999999997213
dt_reference_0.25ms,dt_0.25ms_severity_0.0,Baseline,0.0,281,2Hz,60.0,0.02,0.25,512a8299eaef29ce,semantic_platel_peaks,1.3364512201066594e-05,0.0003070291984193026,0.0003082165384293219,0.0003076672942808746,0.0003076735268640665,0.00030767182517456895,0.00030767182519315277,0.00030704205569093054,0.0003069045705912225,0.0003069108547240541,0.000306909194566357,0.00030690919458691246,1.0,0.0003072255503000407,0.00030701305721354556,0.0009981877745536287,False,-0.0002541317775870411,0.00030690919458691246,2.150150671814074,2.1420065439117772,2.1546674674472373,0.01266092353546,1.0,,,,,0.9994986846633495,31.60810600741891,0.9999978936612246,1.0,31.54018639901906,0.9999999999997213
dt_reference_0.25ms,dt_0.25ms_severity_0.0,Baseline,0.0,281,2Hz,60.0,0.02,0.25,512a8299eaef29ce,episodic_platel_peaks,2.253017401161485e-05,0.0005189894939749844,0.0005205486908557831,0.0005200738564082173,0.0005200810136058643,0.0005200794890310804,0.0005200794889967659,0.0005190197374977494,0.0005188770785266024,0.0005188842928144986,0.0005188827997202135,0.0005188827996897234,1.0,0.0005192196774373613,0.0005190446632127272,0.0004863735495296812,False,-0.00012931618050142647,0.0005188827997202135,2.224784801266155,2.2200578661983004,2.2257491571333814,0.005691290935081028,1.0,,,,,0.9996816954624079,31.58573251169645,0.9999992186179001,1.0,31.54018639901906,0.9999999999997213
dt_reference_0.25ms,dt_0.25ms_severity_0.0,Baseline,0.0,281,2Hz,60.0,0.02,0.25,512a8299eaef29ce,semantic_expanded_left,1.2354636565609261e-05,0.0002836342187739839,0.0002848273402623584,0.0002841994317690813,0.0002842055282753622,0.0002842037947558582,0.0002842037947608532,0.00028363268700453613,0.00028349525623573064,0.00028350152334838706,0.0002834998506391098,0.00028349985064568626,1.0,0.00028383939895588924,0.0002835956886114294,0.0012392597309842468,False,-0.00031507437863531607,0.00028349985064568626,2.1092063653807642,2.0968229694622766,2.1186159921693166,0.021793022707039977,1.0,,,,,0.9994986846633495,31.599954121278838,0.9999980882021658,1.0,31.54018639901906,0.9999999999997213
dt_reference_0.25ms,dt_0.25ms_severity_0.0,Baseline,0.0,281,2Hz,60.0,0.02,0.25,512a8299eaef29ce,episodic_expanded_left,2.4258948011276838e-05,0.0005569300020213003,0.0005585010076728934,0.00055812389985018,0.0005581319760683842,0.0005581296337350812,0.0005581296337232483,0.0005569757964526261,0.0005568322457985308,0.0005568403090036992,0.000556837991150123,0.0005568379911419814,1.0,0.0005571547855030716,0.0005570126041725713,0.0003682109231234999,False,-9.522250859621551e-05,0.000556837991150123,2.220868504796421,2.2170932427559285,2.2208674497314886,0.0037742069755601904,1.0,,,,,0.9998366769792951,31.585327820854104,0.9999995995196571,1.0,31.54018639901906,0.9999999999997213
dt_reference_0.25ms,dt_0.25ms_severity_0.0,Baseline,0.0,281,2Hz,60.0,0.02,0.25,512a8299eaef29ce,semantic_expanded_right,1.197705298981751e-05,0.00027589510259851905,0.0002769539418149289,0.00027646635935123405,0.00027647042541470673,0.0002764695297136289,0.000276469529707189,0.0002759111153717964,0.00027578459785437283,0.00027578866160909705,0.00027578779418446206,0.0002757877941799775,1.0,0.00027607040052550984,0.0002758806088032513,0.000992159023782801,False,-0.0002517313450620229,0.00027578779418446206,2.1652785156271346,2.157782854018241,2.1691042005737247,0.011321346555483558,1.0,,,,,0.9995008524738016,31.601878207501585,0.9999982349325034,1.0,31.54018639901906,0.9999999999997213
dt_reference_0.25ms,dt_0.25ms_severity_0.0,Baseline,0.0,281,2Hz,60.0,0.02,0.25,512a8299eaef29ce,episodic_expanded_right,2.3831393684290262e-05,0.000548963489698407,0.0005505203470210851,0.0005501361961269863,0.0005501427856556693,0.0005501412939691316,0.0005501412939562012,0.0005490036167387341,0.0005488649647521266,0.0005488715539817356,0.000548870087118841,0.0005488700871091614,1.0,0.0005491865554661962,0.0005490420759224257,0.0003795929491411364,False,-9.870052314910894e-05,0.000548870087118841,2.223691060100398,2.219725378223949,2.223882058963062,0.004156680739113128,1.0,,,,,0.9997817847141856,31.585302486547594,0.9999995573630638,1.0,31.54018639901906,0.9999999999997213
dt_reference_0.25ms,dt_0.25ms_severity_0.0,Baseline,0.0,281,2Hz,60.0,0.02,0.25,512a8299eaef29ce,shared_auditory_relay,4.2560401433000345e-05,0.0009786284310690763,0.0009809818609371591,0.0009807106725507552,0.0009807189565323813,0.0009807168504864041,0.0009807168504761014,0.0009786828239821662,0.0009785374125139523,0.000978545618617528,0.00097854354202401,0.0009785435420170162,1.0,0.0009789380963436706,0.0009788361273066074,0.00015028313525754266,False,-3.852500114973623e-05,0.00097854354202401,2.2611173779981795,2.258577968149019,2.2598551493713224,0.0012771812223033585,1.0,,,,,0.9999398329705088,31.57740190480115,0.9999998869007778,1.0,31.54018639901906,0.9999999999997213
dt_reference_0.25ms,dt_0.25ms_severity_0.0,Baseline,0.0,281,2Hz,60.0,0.02,0.25,512a8299eaef29ce,anterior_temporal_context,1.862022760744659e-05,0.00042789911083138176,0.0004292988170477453,0.000428799095691172,0.0004288068936164314,0.0004288049285128254,0.00042880492849467765,0.0004279238931551564,0.0004277808731881854,0.000427788801632282,0.00042778687489651774,0.0004277868748812859,1.0,0.000428115187223937,0.0004279249485140624,0.0006412233174154882,False,-0.000165089758785264,0.00042778687489651774,2.176921369025506,2.17035925735001,2.1798410538996933,0.009481796549683175,1.0,,,,,0.9997580352772049,31.588227190599696,0.9999992071982691,1.0,31.54018639901906,0.9999999999997213
dt_reference_0.25ms,dt_0.25ms_severity_0.0,Baseline,0.0,281,2Hz,60.0,0.02,0.25,512a8299eaef29ce,hippocampal_context,2.650395447562952e-05,0.0006068649064050705,0.0006085767554858012,0.0006081234015046718,0.0006081313334138213,0.0006081289690931855,0.000608128969060518,0.0006068920723050824,0.0006067597678548367,0.0006067677004885703,0.0006067653605787654,0.0006067653605487942,1.0,0.0006071089808982767,0.0006069489503479415,0.0003803365173186153,False,-0.00010553112526174858,0.0006067653605787654,2.2526553878495204,2.248764870297886,2.2527670744966217,0.004002204198735537,1.0,,,,,0.9997820786721241,31.57840424290816,0.9999990515358559,1.0,31.54018639901906,0.9999999999997213
dt_reference_0.25ms,dt_0.25ms_severity_0.0,Baseline,0.0,281,2Hz,60.0,0.02,0.25,512a8299eaef29ce,angular_parietal_context,2.2898545758367935e-05,0.0005265783984427313,0.0005281808752257827,0.0005276830954991747,0.0005276920452509833,0.0005276897095321625,0.0005276897094986986,0.0005266064429424607,0.0005264622442221876,0.0005264713106555941,0.0005264690103406065,0.0005264690103098653,1.0,0.0005268152669666639,0.0005266339968190254,0.0004964976570406036,False,-0.00013331731244488055,0.0005264690103406065,2.2210520859789717,2.2164319565712134,2.221914013383844,0.005482056812630809,1.0,,,,,0.9996907038557068,31.584086653449496,0.999999288989053,1.0,31.54018639901906,0.9999999999997213
dt_reference_0.25ms,dt_0.25ms_severity_0.0,Baseline,0.0,281,5Hz,60.0,0.02,0.25,512a8299eaef29ce,semantic_expanded,2.2507619482330206e-05,0.0003872020615293039,0.0003879985082053716,0.00038769322033103655,0.0003877033840824113,0.0003877020265916008,0.0003877020265867913,0.0003869759063492778,0.0003868649751981503,0.00038687814448655386,0.00038687645301729515,0.000386876453012434,1.0,0.000387328402704314,0.00038721463887792456,0.0004238021660089737,False,-0.000108644428486393,0.00038687645301729515,1.2894890427213404,1.2892824263547964,1.2895665285830193,0.00028410222822294884,1.0,,,,,0.998496786433609,31.91677438690337,0.9999986697924328,1.0,31.88305345734129,0.9999999999979042
dt_reference_0.25ms,dt_0.25ms_severity_0.0,Baseline,0.0,281,5Hz,60.0,0.02,0.25,512a8299eaef29ce,episodic_expanded,4.384997322128763e-05,0.0007565615224026913,0.0007577338606730605,0.0007575410110619179,0.0007575516614659003,0.0007575503312966226,0.0007575503312973425,0.0007562198875295358,0.0007561372182735191,0.0007561504171066901,0.000756148883321424,0.0007561488833222635,1.0,0.0007567227073223484,0.0007566554222331246,0.00012828501049012985,False,-3.406000523398234e-05,0.0007561488833222635,1.3865130372739767,1.3865085911107875,1.386353076854829,0.0001555142559586109,1.0,,,,,0.9989148172209175,31.90881724284597,0.9999993753476965,1.0,31.88305345734129,0.9999999999979042
dt_reference_0.25ms,dt_0.25ms_severity_0.0,Baseline,0.0,281,5Hz,60.0,0.02,0.25,512a8299eaef29ce,semantic_anatomical_core,1.9900925343449125e-05,0.0003428589010341176,0.00034360593456997704,0.0003432881778369051,0.0003432980166263344,0.00034329675216554186,0.0003432967521592586,0.0003426432747903689,0.00034253647337349893,0.000342549384717184,0.00034254778539086943,0.0003425477853843203,1.0,0.00034298040721875226,0.00034286147866736526,0.0005003416576233633,False,-0.00012807288021887686,0.00034254778539086943,1.275989289225461,1.275733232870282,1.2761217089631873,0.00038847609290537655,1.0,,,,,0.9984663064241623,31.91986081034846,0.9999985447045141,1.0,31.88305345734129,0.9999999999979042
dt_reference_0.25ms,dt_0.25ms_severity_0.0,Baseline,0.0,281,5Hz,60.0,0.02,0.25,512a8299eaef29ce,episodic_anatomical_core,4.586134813805146e-05,0.0007896754280316727,0.0007908855882157662,0.000790696723347399,0.0007907072664484956,0.0007907059534207452,0.0007907059534216968,0.0007893389420515416,0.000789247971490218,0.0007892609471657979,0.0007892594426441078,0.0007892594426452091,1.0,0.0007898410133781534,0.0007897750964966534,0.00012040641711825974,False,-3.19297790047024e-05,0.0007892594426452091,1.389518822922676,1.3895157336837634,1.389355842570221,0.00015989111354230978,1.0,,,,,0.998939767697559,31.90899865965267,0.9999994529721858,1.0,31.88305345734129,0.9999999999979042
dt_reference_0.25ms,dt_0.25ms_severity_0.0,Baseline,0.0,281,5Hz,60.0,0.02,0.25,512a8299eaef29ce,semantic_platel_peaks,2.4708057831750498e-05,0.00042533232663320486,0.0004261818398338215,0.0004258812525775032,0.00042589183254278733,0.00042589032809151024,0.000425890328092639,0.0004250780414600726,0.0004249698405290583,0.0004249833712755288,0.00042498154694234596,0.0004249815469438384,1.0,0.00042546465380285866,0.00042535310125281023,0.00037830971608010793,False,-9.717807142610724e-05,0.0004249815469438384,1.3004589282329877,1.300318347371571,1.30046522877299,0.00014688140141916328,1.0,,,,,0.9985056589014417,31.91321234910648,0.9999990559087263,1.0,31.88305345734129,0.9999999999979042
dt_reference_0.25ms,dt_0.25ms_severity_0.0,Baseline,0.0,281,5Hz,60.0,0.02,0.25,512a8299eaef29ce,episodic_platel_peaks,4.1341204967446854e-05,0.0007135044044098149,0.0007146113208073612,0.0007144238874386736,0.0007144357757329412,0.0007144344226312125,0.0007144344226309758,0.0007130933595570605,0.0007130682926826752,0.00071308332502547,0.0007130816864987723,0.0007130816864985537,1.0,0.0007136559344188035,0.0007135930351464579,0.0001271599703797097,False,-3.4653836989306797e-05,0.0007130816864987723,1.3905268462673184,1.3905219720749664,1.3903705314887485,0.00015144058621796574,1.0,,,,,0.9987009388744731,31.899923713846057,0.9999989781792027,1.0,31.88305345734129,0.9999999999979042
dt_reference_0.25ms,dt_0.25ms_severity_0.0,Baseline,0.0,281,5Hz,60.0,0.02,0.25,512a8299eaef29ce,semantic_expanded_left,2.2862813952792844e-05,0.00039319017795267334,0.00039401518427940706,0.00039368564765935996,0.0003936964181429626,0.0003936947028012568,0.0003936947027960946,0.0003929405606521291,0.00039283238778773077,0.00039284668496571194,0.0003928445061912022,0.00039284450618532293,1.0,0.0003933224897254255,0.00039319916607487775,0.00045241836436544553,False,-0.00011573358206016238,0.0003928445061912022,1.261469963984909,1.2611883356301476,1.2616344645618445,0.0004461289316968209,1.0,,,,,0.9985056589014417,31.91677438690337,0.9999984196165955,1.0,31.88305345734129,0.9999999999979042
dt_reference_0.25ms,dt_0.25ms_severity_0.0,Baseline,0.0,281,5Hz,60.0,0.02,0.25,512a8299eaef29ce,episodic_expanded_left,4.433252073193034e-05,0.0007624219727138595,0.000763602960575282,0.000763411081552486,0.000763421615642165,0.0007634201182974025,0.0007634201182974683,0.0007620756582380247,0.000761990427621986,0.0007620035496098768,0.000762001863114263,0.000762001863114326,1.0,0.0007625843267777038,0.0007625171034761973,0.00012718199833085036,False,-3.3695128717248227e-05,0.000762001863114326,1.3846113619822713,1.3846108787950475,1.3844471094378794,0.0001637693571681087,1.0,,,,,0.9989214459390199,31.908777531812458,0.9999993963812399,1.0,31.88305345734129,0.9999999999979042
dt_reference_0.25ms,dt_0.25ms_severity_0.0,Baseline,0.0,281,5Hz,60.0,0.02,0.25,512a8299eaef29ce,semantic_expanded_right,2.209322593345714e-05,0.0003813051415302358,0.00038207370775548516,0.0003817920058409223,0.0003818015788357275,0.0003818005686988243,0.0003818005686943576,0.00038110179271469825,0.0003809882119901415,0.0003810002843588275,0.00038099906589095944,0.00038099906588708716,1.0,0.00038142566331817216,0.0003813211967311473,0.0003951859676535705,False,-0.00010155527491271244,0.00038099906589095944,1.3175081214577717,1.317376517079445,1.3174985926041944,0.00012207552474952088,1.0,,,,,0.9984663064241623,31.91807979145002,0.9999988115959553,1.0,31.88305345734129,0.9999999999979042
dt_reference_0.25ms,dt_0.25ms_severity_0.0,Baseline,0.0,281,5Hz,60.0,0.02,0.25,512a8299eaef29ce,episodic_expanded_right,4.349902957718384e-05,0.0007507461191639828,0.0007519098710381385,0.0007517160771018468,0.0007517268414086152,0.0007517256759325506,0.0007517256759339146,0.0007504091124198687,0.0007503289701981017,0.0007503422439217606,0.0007503408606003641,0.0007503408606019682,1.0,0.0007509061433204455,0.0007508388013655349,0.00012938802264948884,False,-3.442488175089409e-05,0.0007503408606019682,1.3884147125656823,1.3884063034265275,1.3882590442717784,0.0001472591547491131,1.0,,,,,0.9988614187329845,31.90918007645937,0.9999993753476965,1.0,31.88305345734129,0.9999999999979042
dt_reference_0.25ms,dt_0.25ms_severity_0.0,Baseline,0.0,281,5Hz,60.0,0.02,0.25,512a8299eaef29ce,shared_auditory_relay,7.689672979598444e-05,0.0013246524667284998,0.0013264909438815437,0.0013263262121234567,0.0013263385697848827,0.0013263370554767503,0.001326337055480645,0.0013242288569682375,0.0013241127589075194,0.0013241274829346446,0.0013241257400821696,0.0013241257400862505,1.0,0.0013248935193548065,0.0013248382438489118,6.019152531263778e-05,False,-1.6148180083774832e-05,0.0013241257400862505,1.4361622176066562,1.4361483040707639,1.4359940010366228,0.00015430303414110114,1.0,,,,,0.99922747471117,31.903860082933463,0.999999818673604,1.0,31.88305345734129,0.9999999999979042
dt_reference_0.25ms,dt_0.25ms_severity_0.0,Baseline,0.0,281,5Hz,60.0,0.02,0.25,512a8299eaef29ce,anterior_temporal_context,3.425360108260422e-05,0.0005897428203411063,0.0005907560243125056,0.0005905050851590026,0.0005905167577588437,0.000590515147216744,0.0005905151472173398,0.0005894161726286199,0.0005893302954779932,0.0005893451274605551,0.0005893431638278624,0.0005893431638288223,1.0,0.0005898899766461648,0.0005897997108973658,0.00022078000644344008,False,-5.760784163166832e-05,0.0005893431638288223,1.3343300967997629,1.334253943717383,1.334262148527063,8.204809679890346e-06,1.0,,,,,0.9987406508612511,31.90766654453727,0.9999990651817234,1.0,31.88305345734129,0.9999999999979042
dt_reference_0.25ms,dt_0.25ms_severity_0.0,Baseline,0.0,281,5Hz,60.0,0.02,0.25,512a8299eaef29ce,hippocampal_context,4.87421510492238e-05,0.0008366137000389665,0.0008377885737307585,0.0008376941212604427,0.0008377052840199228,0.000837703745184365,0.0008377037451847802,0.0008360601505011006,0.0008361288965973049,0.0008361430417634565,0.0008361412602110002,0.0008361412602114302,1.0,0.0008367640599809884,0.0008367391844414572,4.2889450789486e-05,False,-1.3779727472140735e-05,0.0008361412602110002,1.4261664662343354,1.4262023386559295,1.4259610825522013,0.0002412561037281602,1.0,,,,,0.9987935539404336,31.894706953231573,0.9999990662604294,1.0,31.88305345734129,0.9999999999979042
dt_reference_0.25ms,dt_0.25ms_severity_0.0,Baseline,0.0,281,5Hz,60.0,0.02,0.25,512a8299eaef29ce,angular_parietal_context,4.222134081882564e-05,0.0007273938590838706,0.0007285078571887515,0.0007283437545038836,0.0007283559695535757,0.000728354240248166,0.0007283542402484422,0.0007269098635233835,0.000726921536537953,0.0007269371888899742,0.0007269351038797164,0.0007269351038799682,1.0,0.0007275438327256939,0.0007274906797943761,0.00010540433205562285,False,-2.9386128095687526e-05,0.0007269351038797164,1.3861429013102216,1.3861582514209831,1.3859692469674907,0.00018900445349245842,1.0,,,,,0.9986355364104703,31.899854361596635,0.9999989264818525,1.0,31.88305345734129,0.9999999999979042
dt_reference_0.25ms,dt_0.25ms_severity_0.0,Baseline,0.0,313,pulse,60.0,0.02,0.25,512a8299eaef29ce,semantic_expanded,0.00010809091967800285,0.002980873121277183,,,,,,,,,,,1.0,,,,False,,,,,,,,324.0,324.0,1.0,4.5444076533225045e-08,,,,,,
dt_reference_0.25ms,dt_0.25ms_severity_0.0,Baseline,0.0,313,pulse,60.0,0.02,0.25,512a8299eaef29ce,episodic_expanded,0.0001546228351913446,0.004283321852536813,,,,,,,,,,,1.0,,,,False,,,,,,,,267.0,267.0,1.0,3.103093052267209e-08,,,,,,
dt_reference_0.25ms,dt_0.25ms_severity_0.0,Baseline,0.0,313,pulse,60.0,0.02,0.25,512a8299eaef29ce,semantic_anatomical_core,9.98698502799632e-05,0.002762906647202131,,,,,,,,,,,1.0,,,,False,,,,,,,,326.0,326.0,1.0,5.193740999938339e-08,,,,,,
dt_reference_0.25ms,dt_0.25ms_severity_0.0,Baseline,0.0,313,pulse,60.0,0.02,0.25,512a8299eaef29ce,episodic_anatomical_core,0.0001588884109600334,0.004395267973281244,,,,,,,,,,,1.0,,,,False,,,,,,,,252.0,252.0,1.0,2.9272171918969444e-08,,,,,,
dt_reference_0.25ms,dt_0.25ms_severity_0.0,Baseline,0.0,313,pulse,60.0,0.02,0.25,512a8299eaef29ce,semantic_platel_peaks,0.00011848246008056662,0.003284485113631342,,,,,,,,,,,1.0,,,,False,,,,,,,,325.0,325.0,1.0,3.919191790988463e-08,,,,,,
dt_reference_0.25ms,dt_0.25ms_severity_0.0,Baseline,0.0,313,pulse,60.0,0.02,0.25,512a8299eaef29ce,episodic_platel_peaks,0.00014770067447467098,0.004077636421090499,,,,,,,,,,,1.0,,,,False,,,,,,,,295.0,295.0,1.0,4.282726437666575e-08,,,,,,
dt_reference_0.25ms,dt_0.25ms_severity_0.0,Baseline,0.0,313,pulse,60.0,0.02,0.25,512a8299eaef29ce,semantic_expanded_left,0.00011151722522051075,0.0030919829167321364,,,,,,,,,,,1.0,,,,False,,,,,,,,324.0,324.0,1.0,4.5444076533225045e-08,,,,,,
dt_reference_0.25ms,dt_0.25ms_severity_0.0,Baseline,0.0,313,pulse,60.0,0.02,0.25,512a8299eaef29ce,episodic_expanded_left,0.00015608854210871968,0.004327789762912967,,,,,,,,,,,1.0,,,,False,,,,,,,,262.0,262.0,1.0,3.084493753842722e-08,,,,,,
dt_reference_0.25ms,dt_0.25ms_severity_0.0,Baseline,0.0,313,pulse,60.0,0.02,0.25,512a8299eaef29ce,semantic_expanded_right,0.00010409356321174365,0.002873756034378038,,,,,,,,,,,1.0,,,,False,,,,,,,,324.0,324.0,1.0,4.519017338645362e-08,,,,,,
dt_reference_0.25ms,dt_0.25ms_severity_0.0,Baseline,0.0,313,pulse,60.0,0.02,0.25,512a8299eaef29ce,episodic_expanded_right,0.00015355686652416273,0.004239310848609806,,,,,,,,,,,1.0,,,,False,,,,,,,,272.0,272.0,1.0,3.103093052267209e-08,,,,,,
dt_reference_0.25ms,dt_0.25ms_severity_0.0,Baseline,0.0,313,pulse,60.0,0.02,0.25,512a8299eaef29ce,shared_auditory_relay,0.00023190535652511664,0.006416024553485236,,,,,,,,,,,1.0,,,,False,,,,,,,,220.0,220.0,1.0,1.2915492372818466e-08,,,,,,
dt_reference_0.25ms,dt_0.25ms_severity_0.0,Baseline,0.0,313,pulse,60.0,0.02,0.25,512a8299eaef29ce,anterior_temporal_context,0.00013943866280389654,0.003857326619967669,,,,,,,,,,,1.0,,,,False,,,,,,,,284.0,284.0,1.0,3.7045182004693605e-08,,,,,,
dt_reference_0.25ms,dt_0.25ms_severity_0.0,Baseline,0.0,313,pulse,60.0,0.02,0.25,512a8299eaef29ce,hippocampal_context,0.00016137574355994634,0.004461238887892427,,,,,,,,,,,1.0,,,,False,,,,,,,,274.0,274.0,1.0,3.87521171378983e-08,,,,,,
dt_reference_0.25ms,dt_0.25ms_severity_0.0,Baseline,0.0,313,pulse,60.0,0.02,0.25,512a8299eaef29ce,angular_parietal_context,0.00015610523063527658,0.004318926290782514,,,,,,,,,,,1.0,,,,False,,,,,,,,297.0,297.0,1.0,4.0373898177786513e-08,,,,,,
dt_reference_0.25ms,dt_0.25ms_severity_0.0,Baseline,0.0,313,2Hz,60.0,0.02,0.25,512a8299eaef29ce,semantic_expanded,1.2180331543478093e-05,0.00027973709301264897,0.0002808590612684301,0.00028030607346575683,0.00028031131054142997,0.00028030998818593474,0.0002803099881890259,0.0002797453977922187,0.0002796131975919484,0.0002796185136197362,0.00027961723562267894,0.00027961723562743235,1.0,0.0002799263492375758,0.0002797115503063135,0.0011074638382789844,False,-0.00028131223671383764,0.00027961723562743235,2.137321947774372,2.1274544958143125,2.143860081045535,0.016405585231222375,1.0,,,,,0.9995033258517723,31.600024265478055,0.9999981079240916,1.0,31.54018639666619,0.9999999999997266
dt_reference_0.25ms,dt_0.25ms_severity_0.0,Baseline,0.0,313,2Hz,60.0,0.02,0.25,512a8299eaef29ce,episodic_expanded,2.4011398502807478e-05,0.0005529319827555205,0.0005544942272508118,0.000554115511550782,0.0005541230202016622,0.0005541210688161855,0.0005541210688029799,0.0005529755412631344,0.0005528341098642801,0.0005528416125924035,0.0005528396844602428,0.0005528396844505077,1.0,0.0005531555072591491,0.0005530129806383492,0.00037177419608346994,False,-9.639841248354486e-05,0.0005528396844602428,2.2222983941842083,2.21844642858699,2.222374748710555,0.003928320123565143,1.0,,,,,0.9998369414110985,31.585305960226776,0.9999995648986991,1.0,31.54018639666619,0.9999999999997266
dt_reference_0.25ms,dt_0.25ms_severity_0.0,Baseline,0.0,313,2Hz,60.0,0.02,0.25,512a8299eaef29ce,semantic_anatomical_core,1.074878714173289e-05,0.0002471838192454112,0.0002482587168556741,0.0002476733137054629,0.00024767782067598455,0.0002476767701338931,0.00024767677013344785,0.0002471838057306831,0.00024705520419331627,0.00024705980063369394,0.00024705879670916715,0.00024705879671035473,1.0,0.00024737057787192936,0.0002471430056180226,0.0013278397046852554,False,-0.0003375744728460362,0.00024705879671035473,2.1242848314939993,2.113028733166111,2.132357825369454,0.019329092203343112,1.0,,,,,0.9994832954509586,31.604065953874887,0.9999979085460693,1.0,31.54018639666619,0.9999999999997266
dt_reference_0.25ms,dt_0.25ms_severity_0.0,Baseline,0.0,313,2Hz,60.0,0.02,0.25,512a8299eaef29ce,episodic_anatomical_core,2.514447432613734e-05,0.0005778756508045491,0.0005794720469352665,0.0005791160530706928,0.0005791235937132937,0.0005791216106239692,0.0005791216106138898,0.0005779220557254839,0.0005777810292570708,0.0005777885475556247,0.0005777865863954423,0.0005777865863887628,1.0,0.0005781013433433365,0.0005779670606733464,0.00033515134964382334,False,-8.658127820657669e-05,0.0005777865863954423,2.2247825709248743,2.221182799125634,2.224602208587812,0.0034194094621780025,1.0,,,,,0.9998406305860826,31.585145068881232,0.9999996417940734,1.0,31.54018639666619,0.9999999999997266
dt_reference_0.25ms,dt_0.25ms_severity_0.0,Baseline,0.0,313,2Hz,60.0,0.02,0.25,512a8299eaef29ce,semantic_platel_peaks,1.3364483015688425e-05,0.0003070284963419045,0.00030821302189993694,0.00030766713483691254,0.00030767356169217623,0.00030767182517134713,0.00030767182519315277,0.000307042306061342,0.00030690441479047957,0.0003069108904750254,0.00030690919456322167,0.00030690919458691246,1.0,0.00030722415825939776,0.0003070130575348897,0.0009916493906118081,False,-0.0002524483747419204,0.00030690919458691246,2.150208498253938,2.142120049672636,2.154667452568347,0.012547402895711102,1.0,,,,,0.9995033258517723,31.60810764227172,0.9999979122469281,1.0,31.54018639666619,0.9999999999997266
dt_reference_0.25ms,dt_0.25ms_severity_0.0,Baseline,0.0,313,2Hz,60.0,0.02,0.25,512a8299eaef29ce,episodic_platel_peaks,2.253015006946387e-05,0.0005189889425014732,0.0005205458397540691,0.0005200737557643773,0.0005200810717622353,0.000520079489028629,0.0005200794889956629,0.0005190200171721322,0.000518876979157306,0.0005188843515294527,0.0005188827997177659,0.0005188827996886077,1.0,0.0005192185858993807,0.0005190446633398022,0.00048334026410619337,False,-0.0001285120398408779,0.0005188827997177659,2.2248129321635592,2.2201138121035298,2.22574915430832,0.005635342204790117,1.0,,,,,0.9996844150812171,31.585773724500903,0.9999992261956779,1.0,31.54018639666619,0.9999999999997266
dt_reference_0.25ms,dt_0.25ms_severity_0.0,Baseline,0.0,313,2Hz,60.0,0.02,0.25,512a8299eaef29ce,semantic_expanded_left,1.2354594351350343e-05,0.00028363324961878494,0.0002848225273421799,0.00028419923292471164,0.00028420555440045956,0.0002842037947464721,0.0002842037947608532,0.0002836327947689788,0.00028349506299831927,0.0002835015493494696,0.0002834998506298693,0.00028349985064568626,1.0,0.0002838374734899447,0.0002835956889548172,0.0012294712187780317,False,-0.0003125860708776074,0.00028349985064568626,2.109313668110092,2.097024304951265,2.118615971414262,0.02159166646299715,1.0,,,,,0.9995033258517723,31.600024265478055,0.9999981079240916,1.0,31.54018639666619,0.9999999999997266
dt_reference_0.25ms,dt_0.25ms_severity_0.0,Baseline,0.0,313,2Hz,60.0,0.02,0.25,512a8299eaef29ce,episodic_expanded_left,2.42589297461647e-05,0.0005569295826719273,0.0005584988983421816,0.0005581236956792051,0.000558132015268317,0.00055812963373759,0.0005581296337228741,0.0005569760444994771,0.0005568320433780362,0.0005568403499257079,0.0005568379911526276,0.000556837991141609,1.0,0.0005571539635963262,0.0005570126044733047,0.0003660818996126171,False,-9.465124628960098e-05,0.0005568379911526276,2.220886536380185,2.2171292318318345,2.220867441925235,0.0037382100934006957,1.0,,,,,0.9998382192918288,31.58535528594097,0.99999960521279,1.0,31.54018639666619,0.9999999999997266
dt_reference_0.25ms,dt_0.25ms_severity_0.0,Baseline,0.0,313,2Hz,60.0,0.02,0.25,512a8299eaef29ce,semantic_expanded_right,1.1977024934293803e-05,0.0002758944563528524,0.0002769507490600161,0.0002764662452224315,0.0002764704264250195,0.0002764695297150821,0.0002764695297071895,0.00027591128046271294,0.0002757844861236878,0.00027578866266628703,0.00027578779418598807,0.0002757877941799775,1.0,0.00027606911812598706,0.00027588060898635965,0.000985456457782353,False,-0.0002500384025498903,0.00027578779418598807,2.165330227438652,2.15788468667736,2.169104190676807,0.011219503999447156,1.0,,,,,0.999505333992051,31.601896997932016,0.9999982517384052,1.0,31.54018639666619,0.9999999999997266
dt_reference_0.25ms,dt_0.25ms_severity_0.0,Baseline,0.0,313,2Hz,60.0,0.02,0.25,512a8299eaef29ce,episodic_expanded_right,2.383137578036586e-05,0.0005489630773196892,0.0005505182713289748,0.0005501361123317468,0.0005501428212638892,0.0005501412939674776,0.0005501412939557604,0.0005490037718050252,0.0005488648806475746,0.0005488715906714482,0.0005488700871171846,0.0005488700871087158,1.0,0.0005491857461375232,0.0005490420760652069,0.00037746649255624505,False,-9.814557867739993e-05,0.0005488700871171846,2.2237102519882312,2.2197636253421456,2.2238820554958747,0.004118430153729147,1.0,,,,,0.9997835437146431,31.585305960226776,0.9999995648986991,1.0,31.54018639666619,0.9999999999997266
dt_reference_0.25ms,dt_0.25ms_severity_0.0,Baseline,0.0,313,2Hz,60.0,0.02,0.25,512a8299eaef29ce,shared_auditory_relay,4.2560392664503566e-05,0.0009786282283305162,0.000980980817574211,0.0009807105499711833,0.0009807190456651322,0.0009807168504861758,0.0009807168504761014,0.0009786829042264646,0.0009785372890294519,0.0009785457092615604,0.0009785435420237832,0.0009785435420170162,1.0,0.0009789377117452674,0.0009788361277310654,0.0001497157135306047,False,-3.83625412536226e-05,0.0009785435420237832,2.2611230788676178,2.2585894085836133,2.2598551428573224,0.0012657342737090183,1.0,,,,,0.9999402602182172,31.5774094700376,0.9999998884110242,1.0,31.54018639666619,0.9999999999997266
dt_reference_0.25ms,dt_0.25ms_severity_0.0,Baseline,0.0,313,2Hz,60.0,0.02,0.25,512a8299eaef29ce,anterior_temporal_context,1.8620205670575373e-05,0.00042789860308285017,0.0004292962139641434,0.00042879895316117367,0.0004288069710684783,0.0004288049285131381,0.0004288049284957947,0.00042792425446474186,0.0004277807327675435,0.0004277888802421413,0.00042778687489684186,0.00042778687488241856,1.0,0.0004281141859120482,0.0004279249488220399,0.000637847978385244,False,-0.00016419099028839313,0.00042778687489684186,2.176958610582822,2.170432121526034,2.179841043933119,0.009408922407085019,1.0,,,,,0.9997599665531745,31.588223952709534,0.9999992143974702,1.0,31.54018639666619,0.9999999999997266
dt_reference_0.25ms,dt_0.25ms_severity_0.0,Baseline,0.0,313,2Hz,60.0,0.02,0.25,512a8299eaef29ce,hippocampal_context,2.650393813034346e-05,0.0006068645256192125,0.0006085748593626368,0.0006081231986715001,0.0006081312938433945,0.000608128969090582,0.000608128969060518,0.0006068930544377452,0.0006067595665300094,0.0006067676631828211,0.0006067653605762033,0.0006067653605487942,1.0,0.0006071082294525512,0.0006069489504327192,0.00037855062702972666,False,-0.0001050575691903255,0.0006067653605762033,2.2526752419656995,2.248804454197032,2.2527670734612006,0.003962619264168854,1.0,,,,,0.9997839207165355,31.578470701436643,0.9999990582693541,1.0,31.54018639666619,0.9999999999997266
dt_reference_0.25ms,dt_0.25ms_severity_0.0,Baseline,0.0,313,2Hz,60.0,0.02,0.25,512a8299eaef29ce,angular_parietal_context,2.2898525681723127e-05,0.0005265779368609002,0.0005281784413028723,0.0005276829568106828,0.0005276921609398609,0.0005276897095320164,0.0005276897094974866,0.0005266071301398178,0.0005264621065598745,0.0005264714278956135,0.0005264690103404686,0.0005264690103086654,1.0,0.0005268143593359006,0.0005266339970154839,0.0004940115501666849,False,-0.0001326335406719892,0.0005264690103404686,2.2210773088884155,2.2164821724498918,2.2219140098652757,0.005431837415383889,1.0,,,,,0.9996932498753706,31.584108367830567,0.9999992961026425,1.0,31.54018639666619,0.9999999999997266
dt_reference_0.25ms,dt_0.25ms_severity_0.0,Baseline,0.0,313,5Hz,60.0,0.02,0.25,512a8299eaef29ce,semantic_expanded,2.2507612236217056e-05,0.00038720193835093585,0.00038799765343176194,0.00038769323936702055,0.0003877036033974877,0.00038770202658803887,0.0003877020265869535,0.0003869756831142989,0.00038686496978493064,0.00038687838660001617,0.0003868764530135779,0.0003868764530125773,1.0,0.00038732815877802766,0.00038721463934906705,0.0004228918499396595,False,-0.00010833014008815312,0.0003868764530135779,1.28949078414108,1.2892859293502248,1.2895665264362235,0.0002805970859987017,1.0,,,,,0.9984972845590018,31.91675341174276,0.9999986665732642,1.0,31.883053524285714,0.9999999999978789
dt_reference_0.25ms,dt_0.25ms_severity_0.0,Baseline,0.0,313,5Hz,60.0,0.02,0.25,512a8299eaef29ce,episodic_expanded,4.384996135722407e-05,0.0007565613072948353,0.0007577324016937394,0.0007575410762542396,0.0007575519863118425,0.000757550331297401,0.0007575503312974252,0.0007562189076624831,0.000756137274776808,0.0007561507595505691,0.0007561488833222534,0.0007561488833223542,1.0,0.0007567222821128594,0.0007566554226470949,0.00012747355726756862,False,-3.378842879318e-05,0.0007561488833223542,1.3865137438114945,1.3865100266137946,1.3863530760643963,0.00015695054939834918,1.0,,,,,0.9989150269978869,31.908796319330406,0.9999993754313706,1.0,31.883053524285714,0.9999999999978789
dt_reference_0.25ms,dt_0.25ms_severity_0.0,Baseline,0.0,313,5Hz,60.0,0.02,0.25,512a8299eaef29ce,semantic_anatomical_core,1.9900918737629373e-05,0.0003428587873210941,0.0003436051688752576,0.0003432881914785463,0.00034329820184542575,0.00034329675216070843,0.0003432967521594888,0.0003426431580930059,0.0003425364573387176,0.00034254959352393263,0.00034254778538582784,0.00034254778538452354,1.0,0.00034298018214021063,0.0003428614790367586,0.0004993933442436882,False,-0.00012775425575242138,0.00034254778538582784,1.2759911733529214,1.2757370204301721,1.2761217065797117,0.00038468614953957037,1.0,,,,,0.9984668330701625,31.919825897408305,0.9999985432544013,1.0,31.883053524285714,0.9999999999978789
dt_reference_0.25ms,dt_0.25ms_severity_0.0,Baseline,0.0,313,5Hz,60.0,0.02,0.25,512a8299eaef29ce,episodic_anatomical_core,4.5861335319539645e-05,0.0007896752048327996,0.0007908840870636294,0.0007906967862111209,0.0007907075976475858,0.0007907059534215149,0.0007907059534218036,0.000789337883866138,0.0007892480279452253,0.0007892612949920019,0.000789259442644935,0.0007892594426453255,1.0,0.0007898405722849845,0.0007897750969225644,0.00011959995403852317,False,-3.166168079671294e-05,0.0007892594426453255,1.389519472671235,1.3895170560869667,1.3893558417430363,0.0001612143439304603,1.0,,,,,0.9989399815525144,31.90896788579207,0.9999994528753517,1.0,31.883053524285714,0.9999999999978789
dt_reference_0.25ms,dt_0.25ms_severity_0.0,Baseline,0.0,313,5Hz,60.0,0.02,0.25,512a8299eaef29ce,semantic_platel_peaks,2.4708050710269657e-05,0.000425332199327635,0.00042618088101383514,0.00042588129139772254,0.00042589211221847803,0.00042589032809140355,0.0004258903280930475,0.00042507780458249405,0.0004249698639557726,0.0004249836721355552,0.0004249815469420206,0.00042498154694420304,1.0,0.00042546440184770384,0.00042535310186584275,0.0003774532895646401,False,-9.686007001219465e-05,0.00042498154694420304,1.3004606575281832,1.3003218315126375,1.300465226732133,0.00014339521949557898,1.0,,,,,0.998506184844785,31.913164836562736,0.9999990544884578,1.0,31.883053524285714,0.9999999999978789
dt_reference_0.25ms,dt_0.25ms_severity_0.0,Baseline,0.0,313,5Hz,60.0,0.02,0.25,512a8299eaef29ce,episodic_platel_peaks,4.1341198006128843e-05,0.0007135042843038467,0.0007146103733167362,0.0007144239921225812,0.0007144360122768087,0.0007144344226323756,0.0007144344226313699,0.0007130930655549438,0.0007130683808267987,0.0007130835820533136,0.0007130816865000415,0.0007130816864989863,1.0,0.000713655696912102,0.0007135930354029547,0.0001266793187659052,False,-3.447312210003162e-05,0.0007130816865000415,1.390527599809973,1.3905234921320933,1.3903705312825956,0.0001529608494976742,1.0,,,,,0.9987014127303366,31.89991001750693,0.9999989792572843,1.0,31.883053524285714,0.9999999999978789
dt_reference_0.25ms,dt_0.25ms_severity_0.0,Baseline,0.0,313,5Hz,60.0,0.02,0.25,512a8299eaef29ce,semantic_expanded_left,2.2862805751205356e-05,0.00039319003688418627,0.00039401418240567475,0.000393685657373802,0.0003936966981540879,0.000393694702795262,0.00039369470279642364,0.00039294022304824517,0.000392832369504048,0.00039284699275117253,0.0003928445061849419,0.0003928445061856132,1.0,0.00039332220958392556,0.00039319916668557805,0.00045138857268597763,False,-0.00011536852432803002,0.0003928445061856132,1.2614719748172267,1.2611923720225977,1.2616344619755815,0.00044208995298378184,1.0,,,,,0.998506184844785,31.91675341174276,0.9999984199355384,1.0,31.883053524285714,0.9999999999978789
dt_reference_0.25ms,dt_0.25ms_severity_0.0,Baseline,0.0,313,5Hz,60.0,0.02,0.25,512a8299eaef29ce,episodic_expanded_left,4.433250402109895e-05,0.0007624216852870409,0.000763601068478482,0.0007634111164800473,0.0007634220414451507,0.0007634201182982508,0.0007634201182974906,0.0007620742167026211,0.0007619904520138658,0.0007620039951108758,0.0007620018631151226,0.0007620018631143483,1.0,0.000762583758143068,0.000762517104015676,0.00012610520587932165,False,-3.3340949700644273e-05,0.0007620018631151226,1.3846122136998589,1.3846126104441292,1.3844471083381458,0.0001655021059834283,1.0,,,,,0.9989216627818676,31.90874831137118,0.9999993967103664,1.0,31.883053524285714,0.9999999999978789
dt_reference_0.25ms,dt_0.25ms_severity_0.0,Baseline,0.0,313,5Hz,60.0,0.02,0.25,512a8299eaef29ce,semantic_expanded_right,2.209321980206403e-05,0.0003813050357297896,0.00038207299582317166,0.00038179203391242484,0.0003818017392377658,0.0003818005686976222,0.0003818005686943576,0.00038110168045431167,0.0003809882190605809,0.0003810004627247708,0.0003809990658897094,0.00038099906588708754,1.0,0.0003814254545683509,0.0003813211970668384,0.0003943951271941335,False,-0.0001012917558487203,0.0003809990658897094,1.3175095934649335,1.3173794866778517,1.3174985908968655,0.0001191042190138436,1.0,,,,,0.9984668330701625,31.918031609818293,0.9999988088232691,1.0,31.883053524285714,0.9999999999978789
dt_reference_0.25ms,dt_0.25ms_severity_0.0,Baseline,0.0,313,5Hz,60.0,0.02,0.25,512a8299eaef29ce,episodic_expanded_right,4.349902123804234e-05,0.0007507459752803009,0.0007519088386303666,0.0007517161720914383,0.00075172706682487,0.0007517256759332603,0.0007517256759340575,0.0007504085872116512,0.0007503290583180347,0.00075034248486546,0.0007503408606011632,0.0007503408606021255,1.0,0.0007509058593648455,0.0007508388016558953,0.00012884190865621088,False,-3.42359078855381e-05,0.0007503408606021255,1.3884152739231301,1.38840744278346,1.3882590437906468,0.00014839899281327007,1.0,,,,,0.9988618228153973,31.909139452253733,0.9999993754313706,1.0,31.883053524285714,0.9999999999978789
dt_reference_0.25ms,dt_0.25ms_severity_0.0,Baseline,0.0,313,5Hz,60.0,0.02,0.25,512a8299eaef29ce,shared_auditory_relay,7.68967186467408e-05,0.0013246522746914568,0.001326489558386018,0.0013263262729139376,0.001326338935272205,0.0013263370554768728,0.0013263370554801536,0.0013242277024078661,0.0013241128135278103,0.0013241278632743617,0.0013241257400823177,0.0013241257400857167,1.0,0.0013248931396912939,0.0013248382446726637,5.977720732431157e-05,False,-1.6000799398696587e-05,0.0013241257400857167,1.4361625160572777,1.4361489133340166,1.4359940000725906,0.00015491326142602624,1.0,,,,,0.9992275461800881,31.903842693344043,0.9999998183983454,1.0,31.883053524285714,0.9999999999978789
dt_reference_0.25ms,dt_0.25ms_severity_0.0,Baseline,0.0,313,5Hz,60.0,0.02,0.25,512a8299eaef29ce,anterior_temporal_context,3.425359024317193e-05,0.0005897426306680426,0.000590754704916229,0.000590505141742356,0.000590517061000448,0.000590515147215737,0.0005905151472159058,0.000589415554771316,0.0005893303432827098,0.0005893454535860626,0.0005893431638268082,0.0005893431638273421,1.0,0.0005898896000644835,0.0005897997114651368,0.00021985761080201913,False,-5.729254189477118e-05,0.0005893431638273421,1.3343316254069948,1.3342570193866357,1.3342621475035814,5.1281169457517706e-06,1.0,,,,,0.9987409804109683,31.907709795739677,0.9999990657159857,1.0,31.883053524285714,0.9999999999978789
dt_reference_0.25ms,dt_0.25ms_severity_0.0,Baseline,0.0,313,5Hz,60.0,0.02,0.25,512a8299eaef29ce,hippocampal_context,4.8742143056882714e-05,0.000836613550364912,0.0008377873007763533,0.0008376942144494521,0.0008377056931753318,0.000837703745184365,0.0008377037451847802,0.0008360596106691109,0.0008361289847034082,0.0008361434783705049,0.0008361412602110002,0.0008361412602114302,1.0,0.0008367637646581842,0.0008367391845899515,4.238001798869709e-05,False,-1.3568545651043706e-05,0.0008361412602110002,1.4261674379596156,1.4262042975683968,1.4259610824910385,0.0002432150773583608,1.0,,,,,0.9987939127287282,31.894728674245094,0.9999990656864037,1.0,31.883053524285714,0.9999999999978789
dt_reference_0.25ms,dt_0.25ms_severity_0.0,Baseline,0.0,313,5Hz,60.0,0.02,0.25,512a8299eaef29ce,angular_parietal_context,4.22213266709519e-05,0.0007273936150839325,0.000728506160620643,0.000728343851584746,0.0007283563397852905,0.0007283542402486337,0.0007283542402484422,0.0007269088478270986,0.0007269216272023713,0.0007269375830702296,0.0007269351038802355,0.0007269351038799688,1.0,0.000727543348789302,0.0007274906801490439,0.00010444399874185378,False,-2.90597639051704e-05,0.0007269351038799688,1.3861440680397257,1.386160604589077,1.3859692469276685,0.00019135766140854216,1.0,,,,,0.998635986090602,31.899837215603355,0.9999989264087992,1.0,31.883053524285714,0.9999999999978789
dt_reference_0.25ms,dt_0.25ms_severity_0.0,Baseline,0.0,347,pulse,60.0,0.02,0.25,512a8299eaef29ce,semantic_expanded,0.0001080884109821332,0.002980806861585122,,,,,,,,,,,1.0,,,,False,,,,,,,,324.0,324.0,1.0,4.6397718269677144e-08,,,,,,
dt_reference_0.25ms,dt_0.25ms_severity_0.0,Baseline,0.0,347,pulse,60.0,0.02,0.25,512a8299eaef29ce,episodic_expanded,0.00015462022672962732,0.004283254072919698,,,,,,,,,,,1.0,,,,False,,,,,,,,267.0,267.0,1.0,3.160421185780625e-08,,,,,,
dt_reference_0.25ms,dt_0.25ms_severity_0.0,Baseline,0.0,347,pulse,60.0,0.02,0.25,512a8299eaef29ce,semantic_anatomical_core,9.98672755967826e-05,0.002762838099626301,,,,,,,,,,,1.0,,,,False,,,,,,,,326.0,326.0,1.0,5.299130960770617e-08,,,,,,
dt_reference_0.25ms,dt_0.25ms_severity_0.0,Baseline,0.0,347,pulse,60.0,0.02,0.25,512a8299eaef29ce,episodic_anatomical_core,0.0001588858429673431,0.004395201195727052,,,,,,,,,,,1.0,,,,False,,,,,,,,252.0,252.0,1.0,2.981667999856295e-08,,,,,,
dt_reference_0.25ms,dt_0.25ms_severity_0.0,Baseline,0.0,347,pulse,60.0,0.02,0.25,512a8299eaef29ce,semantic_platel_peaks,0.00011847995770108318,0.003284418598496297,,,,,,,,,,,1.0,,,,False,,,,,,,,325.0,325.0,1.0,4.0195867045620525e-08,,,,,,
dt_reference_0.25ms,dt_0.25ms_severity_0.0,Baseline,0.0,347,pulse,60.0,0.02,0.25,512a8299eaef29ce,episodic_platel_peaks,0.0001476977209811759,0.004077558797041535,,,,,,,,,,,1.0,,,,False,,,,,,,,295.0,295.0,1.0,4.3705025299080575e-08,,,,,,
dt_reference_0.25ms,dt_0.25ms_severity_0.0,Baseline,0.0,347,pulse,60.0,0.02,0.25,512a8299eaef29ce,semantic_expanded_left,0.00011151462873250455,0.0030919139652617065,,,,,,,,,,,1.0,,,,False,,,,,,,,324.0,324.0,1.0,4.6397718269677144e-08,,,,,,
dt_reference_0.25ms,dt_0.25ms_severity_0.0,Baseline,0.0,347,pulse,60.0,0.02,0.25,512a8299eaef29ce,episodic_expanded_left,0.00015608599772772708,0.004327723471274903,,,,,,,,,,,1.0,,,,False,,,,,,,,262.0,262.0,1.0,3.140530643915925e-08,,,,,,
dt_reference_0.25ms,dt_0.25ms_severity_0.0,Baseline,0.0,347,pulse,60.0,0.02,0.25,512a8299eaef29ce,semantic_expanded_right,0.00010409115694003333,0.0028736923620450356,,,,,,,,,,,1.0,,,,False,,,,,,,,324.0,324.0,1.0,4.613650436042906e-08,,,,,,
dt_reference_0.25ms,dt_0.25ms_severity_0.0,Baseline,0.0,347,pulse,60.0,0.02,0.25,512a8299eaef29ce,episodic_expanded_right,0.00015355421145828196,0.00423924161859135,,,,,,,,,,,1.0,,,,False,,,,,,,,272.0,272.0,1.0,3.160421185780625e-08,,,,,,
dt_reference_0.25ms,dt_0.25ms_severity_0.0,Baseline,0.0,347,pulse,60.0,0.02,0.25,512a8299eaef29ce,shared_auditory_relay,0.00023190255011113108,0.006415953098339066,,,,,,,,,,,1.0,,,,False,,,,,,,,220.0,220.0,1.0,1.317219592423636e-08,,,,,,
dt_reference_0.25ms,dt_0.25ms_severity_0.0,Baseline,0.0,347,pulse,60.0,0.02,0.25,512a8299eaef29ce,anterior_temporal_context,0.00013943608727451888,0.0038572590147814257,,,,,,,,,,,1.0,,,,False,,,,,,,,284.0,284.0,1.0,3.780150866008353e-08,,,,,,
dt_reference_0.25ms,dt_0.25ms_severity_0.0,Baseline,0.0,347,pulse,60.0,0.02,0.25,512a8299eaef29ce,hippocampal_context,0.00016137256860784068,0.004461154962574061,,,,,,,,,,,1.0,,,,False,,,,,,,,274.0,274.0,1.0,3.9432464511810415e-08,,,,,,
dt_reference_0.25ms,dt_0.25ms_severity_0.0,Baseline,0.0,347,pulse,60.0,0.02,0.25,512a8299eaef29ce,angular_parietal_context,0.00015610218609434575,0.004318846233325962,,,,,,,,,,,1.0,,,,False,,,,,,,,297.0,297.0,1.0,4.1133901370539156e-08,,,,,,
dt_reference_0.25ms,dt_0.25ms_severity_0.0,Baseline,0.0,347,2Hz,60.0,0.02,0.25,512a8299eaef29ce,semantic_expanded,1.2180355500690228e-05,0.0002797376316978553,0.00028086145483555586,0.00028030612125294277,0.0002803112424810482,0.00028030998819264036,0.0002803099881890259,0.0002797457290503598,0.00027961324625579636,0.000279618447529359,0.0002796172356295145,0.00027961723562743235,1.0,0.00027992739795259304,0.0002797115500405172,0.0011128701063284178,False,-0.0002825540364320034,0.0002796172356295145,2.1372762368858234,2.12736735684453,2.14386009283684,0.01649273599231016,1.0,,,,,0.9994999462839623,31.600003824682275,0.9999981133162966,1.0,31.540186328031137,0.9999999999997355
dt_reference_0.25ms,dt_0.25ms_severity_0.0,Baseline,0.0,347,2Hz,60.0,0.02,0.25,512a8299eaef29ce,episodic_expanded,2.4011416933156756e-05,0.0005529324041220185,0.0005544958210825079,0.0005541155946162592,0.0005541229781191289,0.0005541210688161738,0.0005541210688026044,0.0005529764145665192,0.0005528341866874803,0.0005528415712835367,0.0005528396844602325,0.0005528396844501306,1.0,0.0005531563162690363,0.0005530129804815502,0.0003738845971462523,False,-9.682391201755182e-05,0.0005528396844602325,2.222289255395715,2.218428107450487,2.222374751629106,0.003946644178618897,1.0,,,,,0.9998364419849145,31.58530369451144,0.9999995643867333,1.0,31.540186328031137,0.9999999999997355
dt_reference_0.25ms,dt_0.25ms_severity_0.0,Baseline,0.0,347,2Hz,60.0,0.02,0.25,512a8299eaef29ce,semantic_anatomical_core,1.0748811874487011e-05,0.00024718438782748596,0.00024826132368611616,0.0002476733443722758,0.00024767775335894274,0.00024767677014353093,0.00024767677013344785,0.0002471841179719501,0.00024705523776087407,0.00024705973568923544,0.0002470587967189828,0.00024705879671035473,1.0,0.00024737168961945375,0.0002471430053426027,0.0013343251435059213,False,-0.00033909828977378713,0.0002470587967189828,2.1242310740766244,2.1129270186620426,2.13235783907485,0.019430820412807304,1.0,,,,,0.9994805182071803,31.60401234028363,0.9999979009115643,1.0,31.540186328031137,0.9999999999997355
dt_reference_0.25ms,dt_0.25ms_severity_0.0,Baseline,0.0,347,2Hz,60.0,0.02,0.25,512a8299eaef29ce,episodic_anatomical_core,2.514449213250005e-05,0.0005778760604438129,0.000579473573878997,0.0005791161321495742,0.0005791235546403799,0.0005791216106238839,0.0005791216106133959,0.0005779229732628895,0.0005777811019905909,0.0005777885091392234,0.0005777865863953592,0.0005777865863882661,1.0,0.0005781021277146879,0.0005779670605098083,0.00033710921377014236,False,-8.697128674075572e-05,0.0005777865863953592,2.224774736773129,2.221167062213419,2.2246022117016744,0.0034351494882551847,1.0,,,,,0.9998401840849049,31.585141977775407,0.9999996437250963,1.0,31.540186328031137,0.9999999999997355
dt_reference_0.25ms,dt_0.25ms_severity_0.0,Baseline,0.0,347,2Hz,60.0,0.02,0.25,512a8299eaef29ce,semantic_platel_peaks,1.3364503984574319e-05,0.00030702897139377514,0.0003082150428973407,0.00030766720680380685,0.0003076734932640718,0.00030767182520389656,0.00030767182519315337,0.0003070425128153995,0.0003069044851864803,0.00030691082341348857,0.0003069091945957798,0.00030690919458691246,1.0,0.00030722507946234014,0.00030701305725968774,0.000995976557580469,False,-0.0002534112331818328,0.0003069091945957798,2.1501758474441592,2.1420557114824286,2.154667462808021,0.012611751325592557,1.0,,,,,0.9994999462839623,31.608020855884984,0.9999978999907291,1.0,31.540186328031137,0.9999999999997355
dt_reference_0.25ms,dt_0.25ms_severity_0.0,Baseline,0.0,347,2Hz,60.0,0.02,0.25,512a8299eaef29ce,episodic_platel_peaks,2.253017199566767e-05,0.0005189894476545037,0.0005205478113941573,0.000520073843255542,0.0005200810101194888,0.0005200794890286303,0.0005200794889956629,0.0005190209018745746,0.0005188770603854488,0.0005188842911512298,0.0005188827997177668,0.0005188827996886081,1.0,0.0005192195645908601,0.0005190446632522648,0.0004860598862145798,False,-0.00012907061481817194,0.0005188827997177668,2.224799288754907,2.2200865851591494,2.2257491550967328,0.005662569937583406,1.0,,,,,0.999683338273466,31.585767871256493,0.9999992274248173,1.0,31.540186328031137,0.9999999999997355
dt_reference_0.25ms,dt_0.25ms_severity_0.0,Baseline,0.0,347,2Hz,60.0,0.02,0.25,512a8299eaef29ce,semantic_expanded_left,1.2354623675936762e-05,0.0002836339229034724,0.0002848256339448568,0.00028419929972182175,0.0002842054547565025,0.00028420379476112076,0.0002842037947608532,0.0002836331659733,0.00028349513137102385,0.00028350145244499246,0.0002834998506447209,0.00028349985064568626,1.0,0.0002838387916509194,0.0002835956885986206,0.001236172991392381,False,-0.00031417658230443736,0.00028349985064568626,2.1092482414485683,2.096901430388502,2.1186159879973596,0.021714557608857543,1.0,,,,,0.9994999462839623,31.600003824682275,0.9999981133162966,1.0,31.540186328031137,0.9999999999997355
dt_reference_0.25ms,dt_0.25ms_severity_0.0,Baseline,0.0,347,2Hz,60.0,0.02,0.25,512a8299eaef29ce,episodic_expanded_left,2.4258947304158623e-05,0.0005569299858795915,0.0005585004243247315,0.0005581238080932952,0.0005581319699718886,0.0005581296337381085,0.0005581296337228741,0.0005569767976091905,0.0005568321486360333,0.0005568403055859764,0.0005568379911531449,0.000556837991141609,1.0,0.0005571547352485453,0.0005570126042804361,0.0003680805148119037,False,-9.5059961187971e-05,0.0005568379911531449,2.2208779288189024,2.2171119512746404,2.2208674456639272,0.0037554943892867954,1.0,,,,,0.9998377574297055,31.585357524154325,0.9999996039121251,1.0,31.540186328031137,0.9999999999997355
dt_reference_0.25ms,dt_0.25ms_severity_0.0,Baseline,0.0,347,2Hz,60.0,0.02,0.25,512a8299eaef29ce,semantic_expanded_right,1.1977042629569273e-05,0.00027589486400946564,0.00027695244883617825,0.00027646627450798254,0.00027647038910139446,0.0002764695297140596,0.0002764695297071895,0.00027591157279993194,0.00027578451560560357,0.0002757886265640896,0.0002757877941850249,0.0002757877941799775,1.0,0.00027606990457062033,0.0002758806088085552,0.0009895672212636242,False,-0.0002509314905597471,0.0002757877941850249,2.1653042323230784,2.157833283300558,2.1691041976763206,0.011270914375762775,1.0,,,,,0.9995034327946116,31.601874400206093,0.9999982458108575,1.0,31.540186328031137,0.9999999999997355
dt_reference_0.25ms,dt_0.25ms_severity_0.0,Baseline,0.0,347,2Hz,60.0,0.02,0.25,512a8299eaef29ce,episodic_expanded_right,2.383139484515539e-05,0.0005489635165635611,0.0005505199319583567,0.0005501361664643514,0.0005501427823514169,0.000550141293966943,0.0005501412939550153,0.0005490047635366656,0.0005488649294388648,0.0005488715523522028,0.0005488700871166542,0.000548870087107966,1.0,0.0005491865919291386,0.0005490420759439696,0.0003796886794801044,False,-9.858786284722143e-05,0.0005488700871166542,2.2237005819725284,2.219744263626333,2.223882057594285,0.004137793967951886,1.0,,,,,0.999783062170269,31.58530369451144,0.9999995643867333,1.0,31.540186328031137,0.9999999999997355
dt_reference_0.25ms,dt_0.25ms_severity_0.0,Baseline,0.0,347,2Hz,60.0,0.02,0.25,512a8299eaef29ce,shared_auditory_relay,4.256040459636202e-05,0.0009786285028595655,0.0009809815945900503,0.0009807106725335975,0.0009807189832356355,0.0009807168504864284,0.0009807168504761005,0.0009786832647936674,0.0009785374006756416,0.000978545647664774,0.0009785435420240414,0.0009785435420170162,1.0,0.0009789382261292934,0.00097883612747278,0.0001504741599008432,False,-3.84858291613277e-05,0.0009785435420240414,2.2611189366890643,2.258581054779879,2.259855145886886,0.0012740911070072691,1.0,,,,,0.9999401304096263,31.577418051422228,0.9999998883334078,1.0,31.540186328031137,0.9999999999997355
dt_reference_0.25ms,dt_0.25ms_severity_0.0,Baseline,0.0,347,2Hz,60.0,0.02,0.25,512a8299eaef29ce,anterior_temporal_context,1.862022420539043e-05,0.00042789902607362663,0.0004292977864881251,0.00042879906385492135,0.000428806910975624,0.00042880492851320244,0.00042880492849559857,0.0004279246216514254,0.0004277808390668693,0.00042778882099665577,0.0004277868748968958,0.0004277868748822244,1.0,0.00042811499847120676,0.00042792494863861676,0.0006405868240840118,False,-0.00016473807405077424,0.0004277868748968958,2.176938058899161,2.1703916211808605,2.1798410488726514,0.009449427691790913,1.0,,,,,0.9997590918257766,31.588236306718315,0.9999992175067862,1.0,31.540186328031137,0.9999999999997355
dt_reference_0.25ms,dt_0.25ms_severity_0.0,Baseline,0.0,347,2Hz,60.0,0.02,0.25,512a8299eaef29ce,hippocampal_context,2.650395982180465e-05,0.0006068650276223357,0.0006085765895246982,0.0006081233622569623,0.0006081312969151012,0.0006081289690905841,0.000608128969060518,0.0006068938632282498,0.0006067597213297987,0.0006067676669108571,0.0006067653605762055,0.0006067653605487947,1.0,0.0006071091896373081,0.0006069489503952387,0.00038083243892337123,False,-0.00010548712723563726,0.0006067653605762055,2.252664616143877,2.248783138819779,2.2527670734894536,0.003983934669674394,1.0,,,,,0.9997833583207845,31.578462873280806,0.9999990661434525,1.0,31.540186328031137,0.9999999999997355
dt_reference_0.25ms,dt_0.25ms_severity_0.0,Baseline,0.0,347,2Hz,60.0,0.02,0.25,512a8299eaef29ce,angular_parietal_context,2.289854890685669e-05,0.0005265784710749996,0.0005281803556255637,0.0005276831146600626,0.0005276920878331237,0.0005276897095320182,0.0005276897094974866,0.0005266079243311675,0.0005264622559831036,0.0005264713558567132,0.0005264690103404696,0.0005264690103086654,1.0,0.0005268153790432413,0.0005266339969349313,0.0004968042636272957,False,-0.00013317800628831478,0.0005264690103404696,2.2210633486267435,2.216454227267472,2.2219140105702557,0.005459783302783627,1.0,,,,,0.9996925669140457,31.58408637260348,0.9999992998306708,1.0,31.540186328031137,0.9999999999997355
dt_reference_0.25ms,dt_0.25ms_severity_0.0,Baseline,0.0,347,5Hz,60.0,0.02,0.25,512a8299eaef29ce,semantic_expanded,2.2507622664367532e-05,0.0003872021178887493,0.00038799848912029935,0.00038769341760502493,0.00038770342554505523,0.00038770202658517804,0.0003877020265863261,0.00038697671992993617,0.0003868651796777016,0.0003868781831557102,0.00038687645301044,0.00038687645301188254,1.0,0.00038732851577830216,0.00038721463889601935,0.0004242232689905533,False,-0.00010867403852072856,0.00038687645301188254,1.2894908707985215,1.289286083097303,1.2895665265328176,0.00028044343551458795,1.0,,,,,0.9984975739109697,31.91688361932311,0.9999986762062932,1.0,31.88305352098295,0.999999999997856
dt_reference_0.25ms,dt_0.25ms_severity_0.0,Baseline,0.0,347,5Hz,60.0,0.02,0.25,512a8299eaef29ce,episodic_expanded,4.3849977075654956e-05,0.0007565615909027997,0.0007577335860511249,0.0007575414133179941,0.000757551786435524,0.0007575503312968077,0.0007575503312974145,0.0007562202089500856,0.0007561376457040235,0.0007561505370163617,0.0007561488833216228,0.0007561488833223428,1.0,0.0007567228443512652,0.0007566554223757748,0.00012854598468841453,False,-3.404602198671114e-05,0.0007561488833223428,1.3865134172005167,1.386509352524051,1.3863530762259249,0.00015627629812620114,1.0,,,,,0.9989150909908846,31.908911468839555,0.9999993786584036,1.0,31.88305352098295,0.999999999997856
dt_reference_0.25ms,dt_0.25ms_severity_0.0,Baseline,0.0,347,5Hz,60.0,0.02,0.25,512a8299eaef29ce,semantic_anatomical_core,1.9900928393737273e-05,0.0003428589537793234,0.00034360596678502766,0.0003432883391508347,0.00034329803085252666,0.0003432967521571249,0.0003432967521587467,0.00034264420721399533,0.00034253663439997694,0.00034254939715844013,0.00034254778538186746,0.0003425477853837021,1.0,0.0003429805132912237,0.00034286147857698037,0.0005007882156326927,False,-0.00012812030500883865,0.0003425477853837021,1.2759914448430203,1.2757375449533899,1.276121706604307,0.00038416165091703647,1.0,,,,,0.9984669245607811,31.919960720307124,0.9999985527927562,1.0,31.88305352098295,0.999999999997856
dt_reference_0.25ms,dt_0.25ms_severity_0.0,Baseline,0.0,347,5Hz,60.0,0.02,0.25,512a8299eaef29ce,episodic_anatomical_core,4.5861350725392644e-05,0.0007896754740508435,0.000790885208834903,0.0007906971122979632,0.0007907073970295032,0.000790705953420958,0.0007907059534217915,0.0007893391007562133,0.0007892483856533568,0.0007892610725845786,0.0007892594426443336,0.0007892594426453128,1.0,0.0007898411054099235,0.0007897750966364868,0.00012057426357670398,False,-3.189605783884275e-05,0.0007892594426453128,1.389519149127231,1.389516387468137,1.3893558419694736,0.0001605454986635113,1.0,,,,,0.9989400663534331,31.90908645262722,0.9999994547063884,1.0,31.88305352098295,0.999999999997856
dt_reference_0.25ms,dt_0.25ms_severity_0.0,Baseline,0.0,347,5Hz,60.0,0.02,0.25,512a8299eaef29ce,semantic_platel_peaks,2.4708061808707056e-05,0.0004253323880851088,0.00042618173700281065,0.0004258815172379187,0.0004258919082118223,0.0004258903280920882,0.0004258903280930475,0.00042507876929257746,0.0004249701247263072,0.00042498344150505564,0.0004249815469427781,0.00042498154694420304,1.0,0.0004254647769250793,0.00042535310135548434,0.0003787268591345981,False,-9.718808874792373e-05,0.00042498154694420304,1.3004603902372787,1.3003212746548916,1.3004652271135395,0.0001439524586479557,1.0,,,,,0.9985062563526406,31.913282130155864,0.9999990610926545,1.0,31.88305352098295,0.999999999997856
dt_reference_0.25ms,dt_0.25ms_severity_0.0,Baseline,0.0,347,5Hz,60.0,0.02,0.25,512a8299eaef29ce,episodic_platel_peaks,4.134121538621886e-05,0.0007135045844339833,0.0007146115484363012,0.0007144244039458926,0.0007144358409172588,0.0007144344226318439,0.0007144344226313699,0.0007130944420088335,0.0007130688353355782,0.0007130833881869358,0.0007130816864995012,0.0007130816864989863,1.0,0.0007136562955175279,0.0007135930352759188,0.0001278896895526969,False,-3.475194303126372e-05,0.0007130816864995012,1.3905272664475175,1.3905228188900343,1.3903705310233476,0.00015228786668664007,1.0,,,,,0.9987015137483887,31.900059275282196,0.9999989854879627,1.0,31.88305352098295,0.999999999997856
dt_reference_0.25ms,dt_0.25ms_severity_0.0,Baseline,0.0,347,5Hz,60.0,0.02,0.25,512a8299eaef29ce,semantic_expanded_left,2.286281631750878e-05,0.00039319021870010915,0.0003940150986825403,0.0003936858202873269,0.00039369646295534075,0.0003936947027937976,0.0003936947027964194,0.0003929414616991515,0.0003928325663387805,0.0003928467253720017,0.00039284450618316,0.00039284450618560834,1.0,0.00039332257062287836,0.0003931991660958966,0.00045271501663376253,False,-0.0001157338723256629,0.00039284450618560834,1.261472371413706,1.261193139238194,1.2616344616582638,0.0004413224200696675,1.0,,,,,0.9985062563526406,31.91688361932311,0.9999984293792191,1.0,31.88305352098295,0.999999999997856
dt_reference_0.25ms,dt_0.25ms_severity_0.0,Baseline,0.0,347,5Hz,60.0,0.02,0.25,512a8299eaef29ce,episodic_expanded_left,4.4332525449575894e-05,0.0007624220540011866,0.0007636027078078606,0.0007634114655797758,0.0007634217875460863,0.0007634201182975435,0.0007634201182974683,0.0007620759904266928,0.000761990836433874,0.0007620037133451591,0.0007620018631143943,0.0007620018631143246,1.0,0.0007625844878698065,0.0007625171036806425,0.00012748637355446823,False,-3.368365943519081e-05,0.0007620018631143943,1.384611889836311,1.384611930359067,1.3844471085898369,0.0001648217692300502,1.0,,,,,0.9989217243347324,31.908886219640273,0.9999993982610283,1.0,31.88305352098295,0.999999999997856
dt_reference_0.25ms,dt_0.25ms_severity_0.0,Baseline,0.0,347,5Hz,60.0,0.02,0.25,512a8299eaef29ce,semantic_expanded_right,2.2093230069036078e-05,0.0003813052130167125,0.00038207375317088533,0.0003817922269706465,0.00038180161704023566,0.0003818005686934078,0.00038180056869312635,0.0003811025212767859,0.0003809884415692487,0.0003810003213343083,0.00038099906588525746,0.0003809990658857241,1.0,0.0003814258075691934,0.0003813211967464019,0.0003957315213484686,False,-0.00010161420471552774,0.0003809990658857241,1.317509370183337,1.3173790269564118,1.3174985914073716,0.00011956445095973045,1.0,,,,,0.9984669245607811,31.9181599757235,0.9999988160501493,1.0,31.88305352098295,0.999999999997856
dt_reference_0.25ms,dt_0.25ms_severity_0.0,Baseline,0.0,347,5Hz,60.0,0.02,0.25,512a8299eaef29ce,episodic_expanded_right,4.349903280371246e-05,0.0007507461750686509,0.0007519095749125728,0.0007517164972836717,0.0007517269201555364,0.0007517256759327795,0.0007517256759340575,0.0007504094232181713,0.000750329415937063,0.0007503423206694334,0.0007503408606006294,0.0007503408606021255,1.0,0.0007509062566465844,0.000750838801447329,0.00012960559582183466,False,-3.440838453840911e-05,0.0007503408606021255,1.3884149445647223,1.388406774689035,1.3882590438620126,0.00014773082702235207,1.0,,,,,0.9988618527282925,31.90926143641489,0.9999993786584036,1.0,31.88305352098295,0.999999999997856
dt_reference_0.25ms,dt_0.25ms_severity_0.0,Baseline,0.0,347,5Hz,60.0,0.02,0.25,512a8299eaef29ce,shared_auditory_relay,7.689673336399348e-05,0.0013246525281530059,0.0013264905468929045,0.001326326679359163,0.0013263387082733836,0.0013263370554783477,0.0013263370554802785,0.0013242287560100024,0.001324113247190853,0.0013241276174863878,0.0013241257400837937,0.0013241257400858576,1.0,0.001324893642923334,0.0013248382442031786,6.03256950184375e-05,False,-1.6130414931847527e-05,0.0013241257400858576,1.4361622183424299,1.436148308338793,1.4359940003162337,0.00015430802255922416,1.0,,,,,0.9992275682919098,31.90388866518915,0.9999998194156291,1.0,31.88305352098295,0.999999999997856
dt_reference_0.25ms,dt_0.25ms_severity_0.0,Baseline,0.0,347,5Hz,60.0,0.02,0.25,512a8299eaef29ce,anterior_temporal_context,3.425360682320004e-05,0.0005897429168901738,0.0005907559113155385,0.0005905054758348704,0.0005905168689755695,0.0005905151472171856,0.0005905151472173671,0.0005894168828068042,0.0005893307185499928,0.0005893452348912481,0.0005893431638282979,0.0005893431638288004,1.0,0.0005898901694346077,0.0005897997111545314,0.00022125088038207793,False,-5.7627970448059784e-05,0.0005893431638288004,1.3343311784366212,1.334256107335773,1.3342621476550205,6.040319247446746e-06,1.0,,,,,0.9987410881535643,31.907855514090276,0.9999990674035002,1.0,31.88305352098295,0.999999999997856
dt_reference_0.25ms,dt_0.25ms_severity_0.0,Baseline,0.0,347,5Hz,60.0,0.02,0.25,512a8299eaef29ce,hippocampal_context,4.87421664369192e-05,0.0008366139646819955,0.0008377891195359817,0.0008376946023789011,0.0008377054548315796,0.0008377037451843635,0.0008377037451847802,0.0008360615410897653,0.0008361294067728979,0.0008361432070907506,0.0008361412602109995,0.0008361412602114295,1.0,0.0008367645879204186,0.0008367391845436511,4.3799513679080295e-05,False,-1.391514622914869e-05,0.0008361412602109995,1.4261673206932528,1.4262040441860369,1.4259610823493492,0.0002429618366877051,1.0,,,,,0.9987939704867446,31.894871704701067,0.9999990701866679,1.0,31.88305352098295,0.999999999997856
dt_reference_0.25ms,dt_0.25ms_severity_0.0,Baseline,0.0,347,5Hz,60.0,0.02,0.25,512a8299eaef29ce,angular_parietal_context,4.2221350539560704e-05,0.0007273940264231881,0.0007285078600859587,0.0007283443145705062,0.0007283561098366082,0.0007283542402480735,0.0007283542402483025,0.000726910754031404,0.0007269221427538684,0.0007269373211369615,0.0007269351038796428,0.0007269351038798868,1.0,0.0007275441652589978,0.0007274906800202937,0.0001060632862839609,False,-2.9442170537663517e-05,0.0007269351038796428,1.3861436491537573,1.3861597403355526,1.3859692466409679,0.00019049369458468135,1.0,,,,,0.9986361459223836,31.90001884679654,0.999998931056072,1.0,31.88305352098295,0.999999999997856
dt_reference_0.25ms,dt_0.25ms_severity_0.0,Baseline,0.0,383,pulse,60.0,0.02,0.25,512a8299eaef29ce,semantic_expanded,0.00010808895718445634,0.002980828241848503,,,,,,,,,,,1.0,,,,False,,,,,,,,324.0,324.0,1.0,4.641732409713972e-08,,,,,,
dt_reference_0.25ms,dt_0.25ms_severity_0.0,Baseline,0.0,383,pulse,60.0,0.02,0.25,512a8299eaef29ce,episodic_expanded,0.0001546198379828053,0.004283251497771344,,,,,,,,,,,1.0,,,,False,,,,,,,,267.0,267.0,1.0,3.166834407061888e-08,,,,,,
dt_reference_0.25ms,dt_0.25ms_severity_0.0,Baseline,0.0,383,pulse,60.0,0.02,0.25,512a8299eaef29ce,semantic_anatomical_core,9.986795910374233e-05,0.0027628626336315214,,,,,,,,,,,1.0,,,,False,,,,,,,,326.0,326.0,1.0,5.3162062080980535e-08,,,,,,
dt_reference_0.25ms,dt_0.25ms_severity_0.0,Baseline,0.0,383,pulse,60.0,0.02,0.25,512a8299eaef29ce,episodic_anatomical_core,0.0001588852961326453,0.0043951949733455516,,,,,,,,,,,1.0,,,,False,,,,,,,,252.0,252.0,1.0,2.980512972811804e-08,,,,,,
dt_reference_0.25ms,dt_0.25ms_severity_0.0,Baseline,0.0,383,pulse,60.0,0.02,0.25,512a8299eaef29ce,semantic_platel_peaks,0.00011848044323141722,0.003284439114092357,,,,,,,,,,,1.0,,,,False,,,,,,,,325.0,325.0,1.0,4.015166526135233e-08,,,,,,
dt_reference_0.25ms,dt_0.25ms_severity_0.0,Baseline,0.0,383,pulse,60.0,0.02,0.25,512a8299eaef29ce,episodic_platel_peaks,0.00014769789068077676,0.004077571562312171,,,,,,,,,,,1.0,,,,False,,,,,,,,295.0,295.0,1.0,4.3670445898336164e-08,,,,,,
dt_reference_0.25ms,dt_0.25ms_severity_0.0,Baseline,0.0,383,pulse,60.0,0.02,0.25,512a8299eaef29ce,semantic_expanded_left,0.0001115151078201342,0.003091933642358957,,,,,,,,,,,1.0,,,,False,,,,,,,,324.0,324.0,1.0,4.641732409713972e-08,,,,,,
dt_reference_0.25ms,dt_0.25ms_severity_0.0,Baseline,0.0,383,pulse,60.0,0.02,0.25,512a8299eaef29ce,episodic_expanded_left,0.00015608547149447056,0.004327717829727807,,,,,,,,,,,1.0,,,,False,,,,,,,,262.0,262.0,1.0,3.1388881964807197e-08,,,,,,
dt_reference_0.25ms,dt_0.25ms_severity_0.0,Baseline,0.0,383,pulse,60.0,0.02,0.25,512a8299eaef29ce,semantic_expanded_right,0.00010409178144283216,0.0028737152976616516,,,,,,,,,,,1.0,,,,False,,,,,,,,324.0,324.0,1.0,4.6271644728497044e-08,,,,,,
dt_reference_0.25ms,dt_0.25ms_severity_0.0,Baseline,0.0,383,pulse,60.0,0.02,0.25,512a8299eaef29ce,episodic_expanded_right,0.00015355392270159423,0.004239242047422107,,,,,,,,,,,1.0,,,,False,,,,,,,,272.0,272.0,1.0,3.166834407061888e-08,,,,,,
dt_reference_0.25ms,dt_0.25ms_severity_0.0,Baseline,0.0,383,pulse,60.0,0.02,0.25,512a8299eaef29ce,shared_auditory_relay,0.0002319003835933992,0.006415906167179404,,,,,,,,,,,1.0,,,,False,,,,,,,,220.0,220.0,1.0,1.3164969082999037e-08,,,,,,
dt_reference_0.25ms,dt_0.25ms_severity_0.0,Baseline,0.0,383,pulse,60.0,0.02,0.25,512a8299eaef29ce,anterior_temporal_context,0.00013943631714816211,0.0038572733144689817,,,,,,,,,,,1.0,,,,False,,,,,,,,284.0,284.0,1.0,3.781049934492178e-08,,,,,,
dt_reference_0.25ms,dt_0.25ms_severity_0.0,Baseline,0.0,383,pulse,60.0,0.02,0.25,512a8299eaef29ce,hippocampal_context,0.00016137273918207396,0.004461169527820501,,,,,,,,,,,1.0,,,,False,,,,,,,,274.0,274.0,1.0,3.943298484792314e-08,,,,,,
dt_reference_0.25ms,dt_0.25ms_severity_0.0,Baseline,0.0,383,pulse,60.0,0.02,0.25,512a8299eaef29ce,angular_parietal_context,0.00015610241787163723,0.004318861412347469,,,,,,,,,,,1.0,,,,False,,,,,,,,297.0,297.0,1.0,4.1055742709660215e-08,,,,,,
dt_reference_0.25ms,dt_0.25ms_severity_0.0,Baseline,0.0,383,2Hz,60.0,0.02,0.25,512a8299eaef29ce,semantic_expanded,1.2180352229387996e-05,0.0002797375615556678,0.0002808613709034836,0.0002803061185718552,0.0002803112640080266,0.0002803099881926399,0.00028030998818902536,0.0002797460682278915,0.00027961323945911287,0.00027961846877798136,0.0002796172356294862,0.00027961723562743235,1.0,0.0002799272891960807,0.00027971155002269756,0.0011123096867890513,False,-0.0002825102332590035,0.0002796172356294862,2.1372890380079443,2.1273921762853982,2.143860094766575,0.016467918481176902,1.0,,,,,0.9995007370436778,31.599835726472207,0.9999980984021851,1.0,31.540186320131482,0.9999999999997404
dt_reference_0.25ms,dt_0.25ms_severity_0.0,Baseline,0.0,383,2Hz,60.0,0.02,0.25,512a8299eaef29ce,episodic_expanded,2.4011408429488964e-05,0.000552932204314003,0.0005544952195044119,0.0005541155937149253,0.0005541229867455994,0.0005541210688149344,0.0005541210688028741,0.0005529761610253075,0.000552834180665204,0.0005528415800265848,0.000552839684458997,0.0005528396844503988,1.0,0.0005531559596599894,0.0005530129804611218,0.0003729545728933895,False,-9.666727525150521e-05,0.000552839684458997,2.2222953191344947,2.2184403435674165,2.222374752080592,0.003934408513175391,1.0,,,,,0.9998367302009425,31.58525945871982,0.9999995662654101,1.0,31.540186320131482,0.9999999999997404
dt_reference_0.25ms,dt_0.25ms_severity_0.0,Baseline,0.0,383,2Hz,60.0,0.02,0.25,512a8299eaef29ce,semantic_anatomical_core,1.0748810427020012e-05,0.00024718435462378646,0.0002482613735374216,0.00024767335226230246,0.0002476777807044324,0.0002476767701436585,0.00024767677013344785,0.0002471845668326159,0.0002470552418879485,0.00024705976261563085,0.00024705879671906266,0.00024705879671035473,1.0,0.0002473716511466045,0.0002471430053282557,0.0013341008499508848,False,-0.00033912955726780327,0.00024705879671906266,2.12424471919201,2.112953220688982,2.132357841364195,0.019404620675213202,1.0,,,,,0.9994808327659519,31.603938517067967,0.9999979022463986,1.0,31.540186320131482,0.9999999999997404
dt_reference_0.25ms,dt_0.25ms_severity_0.0,Baseline,0.0,383,2Hz,60.0,0.02,0.25,512a8299eaef29ce,episodic_anatomical_core,2.514448276513448e-05,0.0005778758444247347,0.0005794729046373994,0.0005791161254656554,0.0005791235629576978,0.0005791216106223701,0.0005791216106136778,0.0005779226424169178,0.0005777810902022123,0.0005777885175826176,0.0005777865863938494,0.0005777865863885474,1.0,0.0005781017393728731,0.0005779670604890869,0.00033614013050609423,False,-8.680383547909898e-05,0.0005777865863938494,2.224780528979243,2.221178760025336,2.2246022121099625,0.003423452084626355,1.0,,,,,0.9998403059007497,31.585086292657763,0.9999996417376952,1.0,31.540186320131482,0.9999999999997404
dt_reference_0.25ms,dt_0.25ms_severity_0.0,Baseline,0.0,383,2Hz,60.0,0.02,0.25,512a8299eaef29ce,semantic_platel_peaks,1.3364498346260003e-05,0.000307028848647785,0.00030821474522676204,0.0003076671912021765,0.000307673508355053,0.00030767182520685443,0.00030767182519315277,0.0003070427399760111,0.00030690446481362855,0.00030691083846810476,0.0003069091945987124,0.00030690919458691246,1.0,0.0003072248687459093,0.0003070130572487608,0.0009949871075018114,False,-0.00025326824066453926,0.0003069091945987124,2.1501879261265824,2.1420797459471075,2.154667463957515,0.012587718010407478,1.0,,,,,0.9995007370436778,31.608041307663726,0.9999979256904086,1.0,31.540186320131482,0.9999999999997404
dt_reference_0.25ms,dt_0.25ms_severity_0.0,Baseline,0.0,383,2Hz,60.0,0.02,0.25,512a8299eaef29ce,episodic_platel_peaks,2.253016623163108e-05,0.0005189893148808512,0.0005205474847596594,0.0005200738630501043,0.0005200810221018044,0.0005200794890296674,0.0005200794889956629,0.0005190209736383028,0.0005188770742567833,0.0005188843031820543,0.0005188827997187895,0.0005188827996886087,1.0,0.0005192193390918168,0.0005190446632478092,0.0004854333304874514,False,-0.00012898283362190456,0.0005188827997187895,2.2248059928578696,2.220100068248814,2.2257491554033773,0.005649087154563137,1.0,,,,,0.9996836406986871,31.585647495780453,0.9999992268813206,1.0,31.540186320131482,0.9999999999997404
dt_reference_0.25ms,dt_0.25ms_severity_0.0,Baseline,0.0,383,2Hz,60.0,0.02,0.25,512a8299eaef29ce,semantic_expanded_left,1.2354618190641764e-05,0.00028363379696390306,0.00028482527443036125,0.00028419930341022973,0.00028420548510158677,0.00028420379476299626,0.0002842037947608532,0.00028363340231985455,0.00028349513094219706,0.00028350148232501567,0.0002834998506465706,0.00028349985064568626,1.0,0.00028383857274400057,0.00028359568857377784,0.001235060457848721,False,-0.0003139954170882753,0.0002834998506465706,2.109266511473076,2.0969363788236444,2.118615991082824,0.02167961225917958,1.0,,,,,0.9995007370436778,31.599835726472207,0.9999980984021851,1.0,31.540186320131482,0.9999999999997404
dt_reference_0.25ms,dt_0.25ms_severity_0.0,Baseline,0.0,383,2Hz,60.0,0.02,0.25,512a8299eaef29ce,episodic_expanded_left,2.4258937368515708e-05,0.0005569297577608276,0.0005584997281112982,0.0005581238075322446,0.0005581319777648993,0.0005581296337356284,0.0005581296337234174,0.0005569764274322398,0.0005568321436543551,0.0005568403135286174,0.000556837991150675,0.0005568379911421501,1.0,0.000557154326427589,0.0005570126042458269,0.0003670220041285555,False,-9.488004578779298e-05,0.000556837991150675,2.220883889432057,2.2171240020814547,2.220867446371671,0.0037434442902162246,1.0,,,,,0.9998379389608008,31.585285946062115,0.9999996049125655,1.0,31.540186320131482,0.9999999999997404
dt_reference_0.25ms,dt_0.25ms_severity_0.0,Baseline,0.0,383,2Hz,60.0,0.02,0.25,512a8299eaef29ce,semantic_expanded_right,1.1977041941258598e-05,0.000275894848155455,0.00027695263288536143,0.0002764662656312154,0.0002764704020462227,0.0002764695297122337,0.000276469529707189,0.0002759120119453077,0.00027578450261553285,0.0002757886394121471,0.0002757877941831692,0.0002757877941799775,1.0,0.00027606990297030485,0.00027588060879757046,0.000989558915727167,False,-0.0002510250494299093,0.0002757877941831692,2.1653115645428125,2.157847973747152,2.169104198450326,0.011256224703173778,1.0,,,,,0.9995036792999231,31.601817534144267,0.999998249773058,1.0,31.540186320131482,0.9999999999997404
dt_reference_0.25ms,dt_0.25ms_severity_0.0,Baseline,0.0,383,2Hz,60.0,0.02,0.25,512a8299eaef29ce,episodic_expanded_right,2.3831387382924057e-05,0.0005489633446716261,0.0005505194236942839,0.0005501361652276503,0.000550142791798972,0.0005501412939669259,0.0005501412939550153,0.0005490046249748827,0.0005488649223911904,0.0005488715618837527,0.0005488700871166357,0.000548870087107966,1.0,0.000549186286803664,0.0005490420759375204,0.0003788871416584446,False,-9.845450471530627e-05,0.0005488700871166357,2.223706748836932,2.2197566850533788,2.223882057789513,0.004125372736134114,1.0,,,,,0.9997833612724567,31.58525945871982,0.9999995662654101,1.0,31.540186320131482,0.9999999999997404
dt_reference_0.25ms,dt_0.25ms_severity_0.0,Baseline,0.0,383,2Hz,60.0,0.02,0.25,512a8299eaef29ce,shared_auditory_relay,4.2560398504316696e-05,0.0009786283619555231,0.0009809812978470737,0.000980710671708667,0.0009807189878828929,0.0009807168504863692,0.0009807168504761014,0.000978683208282914,0.0009785373952996067,0.000978545652489379,0.0009785435420239727,0.0009785435420170171,1.0,0.0009789379895922263,0.00097883612745435,0.0001501255941853456,False,-3.844212753927323e-05,0.0009785435420239727,2.2611222343127007,2.2585877394124063,2.259855146180934,0.0012674067685276569,1.0,,,,,0.9999401986156096,31.577376260829446,0.999999888727179,1.0,31.540186320131482,0.9999999999997404
dt_reference_0.25ms,dt_0.25ms_severity_0.0,Baseline,0.0,383,2Hz,60.0,0.02,0.25,512a8299eaef29ce,anterior_temporal_context,1.862021479138459e-05,0.00042789880903897477,0.0004292970952059469,0.0004287990438491561,0.0004288069183272482,0.00042880492851431873,0.00042880492849834567,0.0004279245641039884,0.0004277808125829809,0.0004277888284392442,0.000427786874898041,0.0004277868748849627,1.0,0.0004281146062983134,0.00042792494862778656,0.0006392652854367421,False,-0.00016450239549081758,0.000427786874898041,2.176950728726002,2.1704166512842047,2.1798410494312854,0.009424398147080737,1.0,,,,,0.9997595112094078,31.588160096527627,0.9999992166380607,1.0,31.540186320131482,0.9999999999997404
dt_reference_0.25ms,dt_0.25ms_severity_0.0,Baseline,0.0,383,2Hz,60.0,0.02,0.25,512a8299eaef29ce,hippocampal_context,2.650394955902508e-05,0.0006068647867408759,0.0006085757981164506,0.0006081233326833139,0.0006081313027401212,0.0006081289690940858,0.0006081289690605186,0.0006068936707278927,0.0006067596849911657,0.0006067676729910696,0.0006067653605796233,0.0006067653605487952,1.0,0.000607108748460639,0.0006069489503819218,0.0003797840864731824,False,-0.00010529600703454989,0.0006067653605796233,2.2526716319971753,2.2487972518599983,2.252767073287459,0.003969821427460829,1.0,,,,,0.999783715400584,31.57840982880208,0.9999990607237519,1.0,31.540186320131482,0.9999999999997404
dt_reference_0.25ms,dt_0.25ms_severity_0.0,Baseline,0.0,383,2Hz,60.0,0.02,0.25,512a8299eaef29ce,angular_parietal_context,2.2898537018303303e-05,0.0005265781977895154,0.0005281794722319413,0.0005276831187266312,0.0005276920894772664,0.0005276897095308559,0.0005276897094974866,0.0005266076811113081,0.0005264622534038003,0.0005264713577455087,0.0005264690103393024,0.0005264690103086654,1.0,0.0005268148846636574,0.0005266339969153402,0.0004954504477302767,False,-0.00013293726813179418,0.0005264690103393024,2.221072589402148,2.216472809228617,2.2219140107290403,0.005441201500423265,1.0,,,,,0.9996930973979296,31.583951553427834,0.9999992974272418,1.0,31.540186320131482,0.9999999999997404
dt_reference_0.25ms,dt_0.25ms_severity_0.0,Baseline,0.0,383,5Hz,60.0,0.02,0.25,512a8299eaef29ce,semantic_expanded,2.250758434817117e-05,0.00038720145945062495,0.00038799517738017,0.0003876934482460513,0.0003877034497676348,0.00038770202658798444,0.0003877020265880423,0.00038697498165163964,0.0003868652160531675,0.0003868782064391518,0.000386876453013424,0.00038687645301367277,1.0,0.00038732720294534903,0.00038721463889289766,0.00041933332100384973,False,-0.00010744832866125265,0.00038687645301367277,1.2894935331750026,1.2892914203290484,1.2895665270763166,0.0002751067472681612,1.0,,,,,0.9984987116346374,31.916761780593966,0.9999986842466937,1.0,31.88305354245015,0.999999999997844
dt_reference_0.25ms,dt_0.25ms_severity_0.0,Baseline,0.0,383,5Hz,60.0,0.02,0.25,512a8299eaef29ce,episodic_expanded,4.3849950537699725e-05,0.0007565611390705561,0.0007577312428464702,0.0007575415117930198,0.0007575517992890077,0.0007575503312969718,0.0007575503312974279,0.0007562185587727669,0.0007561377542252059,0.0007561505487689597,0.0007561488833217947,0.0007561488833223562,1.0,0.0007567219441726319,0.0007566554223502984,0.00012682983818357017,False,-3.3609261306200015e-05,0.0007561488833223562,1.3865135855057587,1.3865097028324167,1.3863530762950798,0.00015662653733694576,1.0,,,,,0.9989153596159244,31.908814971871937,0.9999993804516828,1.0,31.88305354245015,0.999999999997844
dt_reference_0.25ms,dt_0.25ms_severity_0.0,Baseline,0.0,383,5Hz,60.0,0.02,0.25,512a8299eaef29ce,semantic_anatomical_core,1.990088655791975e-05,0.00034285823319692805,0.00034360235649229286,0.0003432883564462568,0.0003432980565843561,0.0003432967521591278,0.00034329675215924487,0.00034264240467669156,0.0003425366559173635,0.00034254942196514267,0.0003425477853840614,0.00034254778538430567,1.0,0.00034297907601014337,0.0003428614785861002,0.0004947424616818532,False,-0.00012660808057081142,0.00034254778538430567,1.2759946626906014,1.2757439870508323,1.2761217072981756,0.0003777202473433938,1.0,,,,,0.9984682696107211,31.919786765506867,0.999998560492149,1.0,31.88305354245015,0.999999999997844
dt_reference_0.25ms,dt_0.25ms_severity_0.0,Baseline,0.0,383,5Hz,60.0,0.02,0.25,512a8299eaef29ce,episodic_anatomical_core,4.586132631141784e-05,0.000789675053503967,0.000790883024934232,0.0007906972112944779,0.0007907074087509818,0.0007907059534211778,0.0007907059534218056,0.0007893375203398311,0.000789248494630358,0.0007892610831709329,0.0007892594426445628,0.0007892594426453276,1.0,0.0007898402680360288,0.0007897750966117968,0.00011904479116201286,False,-3.15067119150747e-05,0.0007892594426453276,1.3895192519945678,1.3895166072593892,1.3893558420328698,0.0001607652265194215,1.0,,,,,0.9989403953532847,31.90898082030423,0.9999994569072201,1.0,31.88305354245015,0.999999999997844
dt_reference_0.25ms,dt_0.25ms_severity_0.0,Baseline,0.0,383,5Hz,60.0,0.02,0.25,512a8299eaef29ce,semantic_platel_peaks,2.4708029500135636e-05,0.0004253318003179543,0.00042617874921589075,0.00042588157692267486,0.00042589193080138195,0.00042589032809401284,0.00042589032809561974,0.0004250771756239412,0.00042497019386890194,0.00042498346277874006,0.0004249815469448647,0.00042498154694679016,1.0,0.00042546360543655126,0.00042535310135018015,0.00037475450829858067,False,-9.618677841105594e-05,0.00042498154694679016,1.3004623300055735,1.3003251808972298,1.3004652274679809,0.0001400465707510623,1.0,,,,,0.9985076873007148,31.913141998219253,0.9999990680611522,1.0,31.88305354245015,0.999999999997844
dt_reference_0.25ms,dt_0.25ms_severity_0.0,Baseline,0.0,383,5Hz,60.0,0.02,0.25,512a8299eaef29ce,episodic_platel_peaks,4.1341179384441054e-05,0.0007135039632426471,0.0007146083444096878,0.0007144245023767588,0.0007144358601823908,0.0007144344226315882,0.0007144344226313699,0.0007130922703031962,0.0007130689436551044,0.000713083406780377,0.0007130816864992422,0.0007130816864989857,1.0,0.0007136550557833831,0.000713593035247562,0.00012538355466165034,False,-3.411503448447206e-05,0.0007130816864992422,1.39052759848466,1.3905234934412811,1.3903705311134866,0.00015296232779449248,1.0,,,,,0.9987022630887588,31.89996643385537,0.9999989903082855,1.0,31.88305354245015,0.999999999997844
dt_reference_0.25ms,dt_0.25ms_severity_0.0,Baseline,0.0,383,5Hz,60.0,0.02,0.25,512a8299eaef29ce,semantic_expanded_left,2.2862777028971462e-05,0.0003931895430893686,0.0003940116865922315,0.0003936858581524522,0.00039369649494651993,0.00039369470279769606,0.0003936947027986332,0.00039293985683922866,0.00039283260897583837,0.000392846756080506,0.00039284450618732464,0.00039284450618783616,1.0,0.00039332122345706326,0.0003931991660918151,0.0004477736605457401,False,-0.0001144914589381152,0.00039284450618783616,1.2614759107760505,1.2612002155996958,1.2616344624652485,0.0004342468655527121,1.0,,,,,0.9985076873007148,31.916761780593966,0.9999984367376042,1.0,31.88305354245015,0.999999999997844
dt_reference_0.25ms,dt_0.25ms_severity_0.0,Baseline,0.0,383,5Hz,60.0,0.02,0.25,512a8299eaef29ce,episodic_expanded_left,4.433250128672756e-05,0.0007624216385808592,0.0007636005404745864,0.0007634115704562384,0.0007634218006506216,0.000763420118297968,0.000763420118297496,0.0007620744986178809,0.000761990951560817,0.0007620037250170422,0.000762001863114837,0.0007620018631143537,1.0,0.0007625836607885419,0.0007625171036526794,0.00012592171238042454,False,-3.328408850684639e-05,0.000762001863114837,1.3846120663640675,1.3846122987765366,1.3844471086442551,0.0001651901322814453,1.0,,,,,0.9989220139075381,31.908786503077746,0.999999401406019,1.0,31.88305354245015,0.999999999997844
dt_reference_0.25ms,dt_0.25ms_severity_0.0,Baseline,0.0,383,5Hz,60.0,0.02,0.25,512a8299eaef29ce,semantic_expanded_right,2.2093192887237497e-05,0.000381304571384843,0.00038207053951185466,0.0003817922505987213,0.00038180163372331696,0.0003818005686951549,0.00038180056869436,0.0003811006540004846,0.0003809884718635187,0.0003810003374112173,0.0003809990658870956,0.00038099906588708954,1.0,0.00038142452833553927,0.00038132119674421196,0.0003908929814623309,False,-0.00010040519838403484,0.0003809990658870956,1.3175111555739545,1.3173826250584009,1.3174985916873847,0.00011596662898383236,1.0,,,,,0.9984682696107211,31.91797687431951,0.9999988243546989,1.0,31.88305354245015,0.999999999997844
dt_reference_0.25ms,dt_0.25ms_severity_0.0,Baseline,0.0,383,5Hz,60.0,0.02,0.25,512a8299eaef29ce,episodic_expanded_right,4.349900453840674e-05,0.0007507456874088092,0.00075190705866815,0.000751716589449505,0.0007517269327610539,0.0007517256759326867,0.0007517256759340575,0.0007504076171942675,0.0007503295179471761,0.0007503423325008167,0.0007503408606005348,0.0007503408606021249,1.0,0.0007509052845431899,0.0007508388014243016,0.0001277379639871642,False,-3.393443410484309e-05,0.0007503408606021249,1.3884151046474498,1.3884071068882968,1.3882590439459046,0.00014806294239222417,1.0,,,,,0.9988623618043885,31.909146668736522,0.9999993804516828,1.0,31.88305354245015,0.999999999997844
dt_reference_0.25ms,dt_0.25ms_severity_0.0,Baseline,0.0,383,5Hz,60.0,0.02,0.25,512a8299eaef29ce,shared_auditory_relay,7.689671073118715e-05,0.0013246521374359204,0.0013264885159311988,0.0013263267711970145,0.0013263387229913658,0.001326337055477952,0.0013263370554807037,0.0013242270254058667,0.0013241133459225831,0.0013241276313428758,0.0013241257400833928,0.0013241257400863234,1.0,0.0013248928655941884,0.001324838244161226,5.947929597987049e-05,False,-1.5914521515369986e-05,0.0013241257400863234,1.436162122933395,1.436148126395218,1.4359940003773626,0.00015412601785547153,1.0,,,,,0.99922765126472,31.90385619676553,0.9999998199015558,1.0,31.88305354245015,0.999999999997844
dt_reference_0.25ms,dt_0.25ms_severity_0.0,Baseline,0.0,383,5Hz,60.0,0.02,0.25,512a8299eaef29ce,anterior_temporal_context,3.425357680109006e-05,0.0005897423953937287,0.0005907532297191992,0.0005905055569414328,0.000590516889400071,0.0005905151472176996,0.0005905151472183678,0.000589415185900856,0.0005893308116024673,0.000589345254553156,0.0005893431638288318,0.0005893431638298143,1.0,0.0005898891303178648,0.0005897997111219832,0.00021870958878982702,False,-5.6982999244681313e-05,0.0005893431638298143,1.3343322580779642,1.3342582856263823,1.3342621477648162,3.8621384339521114e-06,1.0,,,,,0.998741550969837,31.90774833885836,0.9999990710115811,1.0,31.88305354245015,0.999999999997844
dt_reference_0.25ms,dt_0.25ms_severity_0.0,Baseline,0.0,383,5Hz,60.0,0.02,0.25,512a8299eaef29ce,hippocampal_context,4.87421384460365e-05,0.0008366134697712976,0.0008377865057966742,0.0008376947458157694,0.000837705463052049,0.0008377037451846567,0.0008377037451847802,0.00083605973703537,0.0008361295652913525,0.0008361432135373937,0.0008361412602113017,0.0008361412602114295,1.0,0.0008367636000362164,0.0008367391845371216,4.2096278287743006e-05,False,-1.3477404170725294e-05,0.0008361412602113017,1.42616746561854,1.426204341228504,1.4259610823630333,0.00024325886547060804,1.0,,,,,0.9987943626626037,31.894766801144392,0.9999990731149496,1.0,31.88305354245015,0.999999999997844
dt_reference_0.25ms,dt_0.25ms_severity_0.0,Baseline,0.0,383,5Hz,60.0,0.02,0.25,512a8299eaef29ce,angular_parietal_context,4.222131955714066e-05,0.0007273934932031763,0.0007285050816550096,0.0007283444351595975,0.0007283561245115013,0.0007283542402480735,0.0007283542402483025,0.0007269089473410744,0.000726922276469035,0.0007269373343108955,0.0007269351038796421,0.0007269351038798868,1.0,0.0007275431024298145,0.0007274906799997606,0.00010395577177114096,False,-2.890388807799127e-05,0.0007269351038796421,1.3861440134737388,1.386160485034694,1.385969246650438,0.00019123838425594286,1.0,,,,,0.9986367535173093,31.899910807172382,0.9999989348816958,1.0,31.88305354245015,0.999999999997844
dt_reference_0.25ms,dt_0.25ms_severity_0.0,Baseline,0.0,421,pulse,60.0,0.02,0.25,512a8299eaef29ce,semantic_expanded,0.00010809354353975771,0.002980925678128788,,,,,,,,,,,1.0,,,,False,,,,,,,,324.0,324.0,1.0,4.472316810415701e-08,,,,,,
dt_reference_0.25ms,dt_0.25ms_severity_0.0,Baseline,0.0,421,pulse,60.0,0.02,0.25,512a8299eaef29ce,episodic_expanded,0.00015462751146427822,0.004283424243341433,,,,,,,,,,,1.0,,,,False,,,,,,,,267.0,267.0,1.0,3.0549166561453424e-08,,,,,,
dt_reference_0.25ms,dt_0.25ms_severity_0.0,Baseline,0.0,421,pulse,60.0,0.02,0.25,512a8299eaef29ce,semantic_anatomical_core,9.987200056795185e-05,0.0027629482370206777,,,,,,,,,,,1.0,,,,False,,,,,,,,326.0,326.0,1.0,5.1223526739249385e-08,,,,,,
dt_reference_0.25ms,dt_0.25ms_severity_0.0,Baseline,0.0,421,pulse,60.0,0.02,0.25,512a8299eaef29ce,episodic_anatomical_core,0.00015889336480643345,0.004395376586624463,,,,,,,,,,,1.0,,,,False,,,,,,,,252.0,252.0,1.0,2.8860869847999886e-08,,,,,,
dt_reference_0.25ms,dt_0.25ms_severity_0.0,Baseline,0.0,421,pulse,60.0,0.02,0.25,512a8299eaef29ce,semantic_platel_peaks,0.00011848578956742564,0.0032845554941861124,,,,,,,,,,,1.0,,,,False,,,,,,,,325.0,325.0,1.0,3.872266686458707e-08,,,,,,
dt_reference_0.25ms,dt_0.25ms_severity_0.0,Baseline,0.0,421,pulse,60.0,0.02,0.25,512a8299eaef29ce,episodic_platel_peaks,0.00014770464699650414,0.0040777201931032365,,,,,,,,,,,1.0,,,,False,,,,,,,,295.0,295.0,1.0,4.242179988716671e-08,,,,,,
dt_reference_0.25ms,dt_0.25ms_severity_0.0,Baseline,0.0,421,pulse,60.0,0.02,0.25,512a8299eaef29ce,semantic_expanded_left,0.00011152008898171494,0.003092041961848361,,,,,,,,,,,1.0,,,,False,,,,,,,,324.0,324.0,1.0,4.472316810415701e-08,,,,,,
dt_reference_0.25ms,dt_0.25ms_severity_0.0,Baseline,0.0,421,pulse,60.0,0.02,0.25,512a8299eaef29ce,episodic_expanded_left,0.0001560934172936577,0.004327896441325764,,,,,,,,,,,1.0,,,,False,,,,,,,,262.0,262.0,1.0,3.040560233982411e-08,,,,,,
dt_reference_0.25ms,dt_0.25ms_severity_0.0,Baseline,0.0,421,pulse,60.0,0.02,0.25,512a8299eaef29ce,semantic_expanded_right,0.00010409590719080761,0.002873802493034649,,,,,,,,,,,1.0,,,,False,,,,,,,,324.0,324.0,1.0,4.4755605073988186e-08,,,,,,
dt_reference_0.25ms,dt_0.25ms_severity_0.0,Baseline,0.0,421,pulse,60.0,0.02,0.25,512a8299eaef29ce,episodic_expanded_right,0.0001535613981338204,0.004239409028656123,,,,,,,,,,,1.0,,,,False,,,,,,,,272.0,272.0,1.0,3.0549166561453424e-08,,,,,,
dt_reference_0.25ms,dt_0.25ms_severity_0.0,Baseline,0.0,421,pulse,60.0,0.02,0.25,512a8299eaef29ce,shared_auditory_relay,0.0002319139708824575,0.006416221273031854,,,,,,,,,,,1.0,,,,False,,,,,,,,220.0,220.0,1.0,1.2768263267756803e-08,,,,,,
dt_reference_0.25ms,dt_0.25ms_severity_0.0,Baseline,0.0,421,pulse,60.0,0.02,0.25,512a8299eaef29ce,anterior_temporal_context,0.00013944299544328052,0.003857421406259187,,,,,,,,,,,1.0,,,,False,,,,,,,,284.0,284.0,1.0,3.648885824485669e-08,,,,,,
dt_reference_0.25ms,dt_0.25ms_severity_0.0,Baseline,0.0,421,pulse,60.0,0.02,0.25,512a8299eaef29ce,hippocampal_context,0.00016138067304531949,0.004461345653831162,,,,,,,,,,,1.0,,,,False,,,,,,,,274.0,274.0,1.0,3.823876813414636e-08,,,,,,
dt_reference_0.25ms,dt_0.25ms_severity_0.0,Baseline,0.0,421,pulse,60.0,0.02,0.25,512a8299eaef29ce,angular_parietal_context,0.00015610998210854093,0.0043190297887634845,,,,,,,,,,,1.0,,,,False,,,,,,,,297.0,297.0,1.0,3.9874866222281875e-08,,,,,,
dt_reference_0.25ms,dt_0.25ms_severity_0.0,Baseline,0.0,421,2Hz,60.0,0.02,0.25,512a8299eaef29ce,semantic_expanded,1.2180369242624004e-05,0.00027973794783623664,0.00028086361040573,0.0002803061938118863,0.00028031128416372493,0.0002803099881916091,0.00028030998819050476,0.0002797458308108184,0.00027961331901430966,0.0002796184868145891,0.00027961723562824545,0.00027961723562891847,1.0,0.00027992807055255233,0.00027971155012324864,0.0011163361336581827,False,-0.0002836799513348254,0.00027961723562891847,2.1372434713928845,2.127305477989932,2.1438600913025896,0.01655461331265773,1.0,,,,,0.9994984534479506,31.599998484356846,0.9999980798967494,1.0,31.540186460363092,0.9999999999997079
dt_reference_0.25ms,dt_0.25ms_severity_0.0,Baseline,0.0,421,2Hz,60.0,0.02,0.25,512a8299eaef29ce,episodic_expanded,2.4011415470263097e-05,0.0005529323650357987,0.0005544964667248986,0.0005541155704296076,0.0005541229781038055,0.0005541210688175886,0.0005541210688027525,0.0005529757421624319,0.0005528341801472707,0.0005528415678916857,0.0005528396844616338,0.0005528396844502819,1.0,0.0005531562678952232,0.000553012980465785,0.00037375847382237665,False,-9.698874722641193e-05,0.0005528396844616338,2.222281850771635,2.218413474306951,2.2223747536602243,0.003961279353273284,1.0,,,,,0.9998356471359165,31.58544808806947,0.9999995601979847,1.0,31.540186460363092,0.9999999999997079
dt_reference_0.25ms,dt_0.25ms_severity_0.0,Baseline,0.0,421,2Hz,60.0,0.02,0.25,512a8299eaef29ce,semantic_anatomical_core,1.0748830222946963e-05,0.00024718480951759424,0.0002482638548132786,0.00024767345494040914,0.0002476778239430592,0.00024767677014146395,0.00024767677013519846,0.00024718430746030527,0.0002470553445819519,0.00024705980409988465,0.00024705879671659757,0.0002470587967121141,1.0,0.00024737257057055206,0.00024714300548943184,0.001339462067193512,False,-0.0003406013722011103,0.00024705879671659757,2.1241889557600606,2.1128476604509596,2.1323578348197048,0.019510174368745137,1.0,,,,,0.999478614532067,31.604067924415702,0.9999978859100952,1.0,31.540186460363092,0.9999999999997079
dt_reference_0.25ms,dt_0.25ms_severity_0.0,Baseline,0.0,421,2Hz,60.0,0.02,0.25,512a8299eaef29ce,episodic_anatomical_core,2.5144489339814168e-05,0.0005778759955682861,0.0005794740508314047,0.0005791161161687891,0.0005791235536278976,0.0005791216106251785,0.0005791216106136028,0.0005779222340200024,0.0005777811040612438,0.0005777885047376907,0.000577786586396635,0.0005777865863884775,1.0,0.0005781020249680187,0.0005779670604951643,0.0003368528386689995,False,-8.708804107993018e-05,0.000577786586396635,2.2247684944147013,2.221154713412762,2.2246022135534087,0.0034475001406466532,1.0,,,,,0.9998394338737875,31.585224734443692,0.9999996383628291,1.0,31.540186460363092,0.9999999999997079
dt_reference_0.25ms,dt_0.25ms_severity_0.0,Baseline,0.0,421,2Hz,60.0,0.02,0.25,512a8299eaef29ce,semantic_platel_peaks,1.3364512647345235e-05,0.0003070292165801916,0.0003082170176164408,0.0003076672140919706,0.00030767351628682433,0.00030767182517537836,0.00030767182519315277,0.0003070426376938118,0.00030690449679717234,0.00030691084330397106,0.0003069091945671693,0.0003069091945869119,1.0,0.0003072256105641287,0.000307013057280242,0.0009984704541779364,False,-0.00025433727351025225,0.0003069091945869119,2.1501542522293695,2.1420137900073533,2.1546674643681274,0.012653674360774136,1.0,,,,,0.9994984534479506,31.60813736447456,0.9999978949090143,1.0,31.540186460363092,0.9999999999997079
dt_reference_0.25ms,dt_0.25ms_severity_0.0,Baseline,0.0,421,2Hz,60.0,0.02,0.25,512a8299eaef29ce,episodic_platel_peaks,2.2530174383324315e-05,0.0005189895024278715,0.0005205492455982747,0.0005200737729382857,0.0005200810060986086,0.000520079489033014,0.0005200794889967659,0.0005190204773549423,0.0005188770084148875,0.0005188842842070293,0.0005188827997221196,0.0005188827996897234,1.0,0.0005192197222248285,0.0005190446632434394,0.0004864979098603264,False,-0.00012945834906821218,0.0005188827997221196,2.224786662065192,2.220061682302546,2.225749156686806,0.005687474384260316,1.0,,,,,0.9996818151583557,31.585963977439413,0.9999992193949747,1.0,31.540186460363092,0.9999999999997079
dt_reference_0.25ms,dt_0.25ms_severity_0.0,Baseline,0.0,421,2Hz,60.0,0.02,0.25,512a8299eaef29ce,semantic_expanded_left,1.2354637324120854e-05,0.0002836342360916211,0.00028482775882188676,0.00028419936306126205,0.00028420550896503266,0.0002842037947548591,0.00028420379476085214,0.00028363313831215734,0.00028349519372007203,0.00028350150363007934,0.0002834998506381036,0.0002834998506456853,1.0,0.0002838394567853663,0.00028359568871244627,0.0012395531519463767,False,-0.0003152689464432257,0.0002834998506456853,2.1092075212587975,2.0968261319304404,2.118615984583782,0.021789852653341768,1.0,,,,,0.9994984534479506,31.599998484356846,0.9999980798967494,1.0,31.540186460363092,0.9999999999997079
dt_reference_0.25ms,dt_0.25ms_severity_0.0,Baseline,0.0,421,2Hz,60.0,0.02,0.25,512a8299eaef29ce,episodic_expanded_left,2.4258944089848172e-05,0.0005569299118056514,0.0005585008560321921,0.0005581237795014987,0.0005581319736703974,0.0005581296337382087,0.0005581296337230402,0.0005569760174240967,0.0005568321379195097,0.0005568403051265438,0.0005568379911532557,0.0005568379911417752,1.0,0.0005571546155761382,0.0005570126042315853,0.0003677707618811685,False,-9.516778261371429e-05,0.0005568379911532557,2.2208718540209333,2.2170999495002763,2.2208674490576414,0.003767499557365106,1.0,,,,,0.9998369658680577,31.58541379077578,0.9999996003720955,1.0,31.540186460363092,0.9999999999997079
dt_reference_0.25ms,dt_0.25ms_severity_0.0,Baseline,0.0,421,2Hz,60.0,0.02,0.25,512a8299eaef29ce,semantic_expanded_right,1.197705648087768e-05,0.00027589518295792487,0.0002769546338335336,0.0002764663560219517,0.0002764704185913017,0.0002764695297181167,0.0002764695297101077,0.000275911800439577,0.0002757845984768186,0.0002757886542658358,0.0002757877941889583,0.00027578779418291,1.0,0.00027607058430403013,0.0002758806088610223,0.000993119115367147,False,-0.00025209095622660274,0.0002757877941889583,2.165279421526972,2.1577848240494237,2.169104198021397,0.011319373971973246,1.0,,,,,0.9995009998590463,31.601973648223098,0.9999982386505404,1.0,31.540186460363092,0.9999999999997079
dt_reference_0.25ms,dt_0.25ms_severity_0.0,Baseline,0.0,421,2Hz,60.0,0.02,0.25,512a8299eaef29ce,episodic_expanded_right,2.3831394656019405e-05,0.0005489635119666045,0.0005505207884456206,0.0005501361466210476,0.0005501427786754231,0.0005501412939696534,0.0005501412939551457,0.0005490041974056156,0.0005488649270155511,0.0005488715460700735,0.0005488700871193276,0.000548870087108103,1.0,0.0005491866138367442,0.0005490420759608177,0.0003797461857642209,False,-9.880971183910958e-05,0.0005488700871193276,2.2236918475223373,2.219726999113626,2.2238820582628076,0.0041550591491814615,1.0,,,,,0.9997818977775487,31.58544808806947,0.9999995601979847,1.0,31.540186460363092,0.9999999999997079
dt_reference_0.25ms,dt_0.25ms_severity_0.0,Baseline,0.0,421,2Hz,60.0,0.02,0.25,512a8299eaef29ce,shared_auditory_relay,4.2560400684397e-05,0.0009786284141742178,0.0009809821473829043,0.0009807105715100052,0.0009807189496247805,0.0009807168504860043,0.0009807168504754654,0.0009786831420564412,0.00097853732552935,0.0009785456104283556,0.0009785435420236164,0.0009785435420163766,1.0,0.0009789380707755412,0.0009788361273517284,0.00015024538811432038,False,-3.855969591457509e-05,0.0009785435420236164,2.261117554333194,2.2585783384678146,2.259855149091348,0.0012768106235334642,1.0,,,,,0.9999398496772871,31.577464995039563,0.9999998870531134,1.0,31.540186460363092,0.9999999999997079
dt_reference_0.25ms,dt_0.25ms_severity_0.0,Baseline,0.0,421,2Hz,60.0,0.02,0.25,512a8299eaef29ce,anterior_temporal_context,1.8620227056536118e-05,0.00042789910147800816,0.0004292992941651772,0.0004287989761286947,0.000428806882154115,0.0004288049285117914,0.00042880492849427015,0.00042792459092798194,0.0004277807654020273,0.00042778878912927556,0.00042778687489545886,0.000427786874880863,1.0,0.00042811519253086117,0.00042792494855186,0.0006412410736613887,False,-0.00016522998495460683,0.00042778687489545886,2.1769259249915347,2.170368303286005,2.179841053013764,0.009472749727759133,1.0,,,,,0.9997580876320191,31.588248439193126,0.9999992047454974,1.0,31.540186460363092,0.9999999999997079
dt_reference_0.25ms,dt_0.25ms_severity_0.0,Baseline,0.0,421,2Hz,60.0,0.02,0.25,512a8299eaef29ce,hippocampal_context,2.65039541116506e-05,0.0006068649021566483,0.0006085773732094959,0.0006081232481502422,0.0006081313325207015,0.0006081289690940863,0.0006081289690605164,0.0006068929791018638,0.0006067596297191373,0.0006067676979668847,0.0006067653605796233,0.0006067653605487931,1.0,0.0006071090056098775,0.0006069489503495274,0.00038039523661856107,False,-0.00010565937227156042,0.0006067653605796233,2.2526588308630986,2.2487718447903364,2.25276707475431,0.00399522996397339,1.0,,,,,0.9997822614867746,31.578558174145552,0.9999990498108905,1.0,31.540186460363092,0.9999999999997079
dt_reference_0.25ms,dt_0.25ms_severity_0.0,Baseline,0.0,421,2Hz,60.0,0.02,0.25,512a8299eaef29ce,angular_parietal_context,2.2898544064209652e-05,0.0005265783588205683,0.0005281813278146193,0.0005276829223803532,0.0005276920395004143,0.0005276897095310527,0.0005276897094986972,0.0005266071701967929,0.0005264620873935918,0.000526471303351516,0.0005264690103394848,0.0005264690103098643,1.0,0.0005268152170110963,0.0005266339968243531,0.0004963608380332726,False,-0.00013341726902460493,0.0005264690103394848,2.2210556172523184,2.216439089124184,2.2219140135632536,0.005474924439069717,1.0,,,,,0.9996910349965231,31.584266448899292,0.9999992887351994,1.0,31.540186460363092,0.9999999999997079
dt_reference_0.25ms,dt_0.25ms_severity_0.0,Baseline,0.0,421,5Hz,60.0,0.02,0.25,512a8299eaef29ce,semantic_expanded,2.2507628325846213e-05,0.0003872022016099023,0.0003879994718391595,0.000387693000106804,0.0003877033701791901,0.00038770202659202917,0.0003877020265867806,0.0003869761108308035,0.0003868647136026007,0.00038687813934716955,0.0003868764530176711,0.0003868764530124227,1.0,0.0003873286817209319,0.0003872146389601782,0.00042484112168941583,False,-0.00010896176071826247,0.0003868764530176711,1.2894884641133033,1.2892812709802555,1.2895665280719695,0.0002852570917140085,1.0,,,,,0.9984961657594412,31.91680820526972,0.9999986699056581,1.0,31.883053412278734,0.999999999997946
dt_reference_0.25ms,dt_0.25ms_severity_0.0,Baseline,0.0,421,5Hz,60.0,0.02,0.25,512a8299eaef29ce,episodic_expanded,4.3849984045347865e-05,0.0007565617110960785,0.0007577353480946942,0.0007575405253858454,0.0007575516666696597,0.0007575503312982267,0.0007575503312982892,0.0007562210560946775,0.0007561366713694053,0.0007561504331176633,0.000756148883323193,0.0007561488833233414,1.0,0.0007567230821745668,0.0007566554222832135,0.0001289995721495179,False,-3.429695658949683e-05,0.0007561488833233414,1.3865134495176537,1.3865094056220206,1.3863530768644798,0.00015632875754079123,1.0,,,,,0.9989146210988431,31.90877752185684,0.99999937399076,1.0,31.883053412278734,0.999999999997946
dt_reference_0.25ms,dt_0.25ms_severity_0.0,Baseline,0.0,421,5Hz,60.0,0.02,0.25,512a8299eaef29ce,semantic_anatomical_core,1.990093137369675e-05,0.0003428590045330937,0.00034360666080989844,0.00034328800238400393,0.00034329800244362827,0.00034329675216610565,0.000343296752159243,0.000342643156561652,0.0003425362633643775,0.0003425493782456781,0.0003425477853913593,0.0003425477853843045,1.0,0.00034298061305478744,0.00034286147875577994,0.0005012071033811058,False,-0.00012834093773799184,0.0003425477853913593,1.2759883183449974,1.2757312961061649,1.2761217082720666,0.00039041216590174344,1.0,,,,,0.9984656251850266,31.919893208620195,0.999998543315348,1.0,31.883053412278734,0.999999999997946
dt_reference_0.25ms,dt_0.25ms_severity_0.0,Baseline,0.0,421,5Hz,60.0,0.02,0.25,512a8299eaef29ce,episodic_anatomical_core,4.586136002512614e-05,0.0007896756326785637,0.0007908871466814435,0.0007906962452067654,0.0007907072724915552,0.0007907059534227031,0.0007907059534229447,0.0007893402047202812,0.0007892474337157115,0.0007892609639346356,0.0007892594426462788,0.0007892594426466294,1.0,0.0007898414200000029,0.0007897750965488848,0.00012114904228518465,False,-3.217044557581872e-05,0.0007892594426466294,1.3895192382487638,1.3895165542244636,1.3893558425770474,0.0001607116474162673,1.0,,,,,0.9989395713463263,31.909010234928537,0.9999994508140166,1.0,31.883053412278734,0.999999999997946
dt_reference_0.25ms,dt_0.25ms_severity_0.0,Baseline,0.0,421,5Hz,60.0,0.02,0.25,512a8299eaef29ce,semantic_platel_peaks,2.4708071489132578e-05,0.0004253325370706951,0.0004261832486240585,0.0004258809526694149,0.0004258918206337853,0.0004258903280913673,0.000425890328092639,0.00042507875394716497,0.00042496948709992965,0.0004249833705464741,0.00042498154694212327,0.0004249815469438384,1.0,0.0004254650738766942,0.00042535310132930655,0.0003797338714005341,False,-9.760417140016742e-05,0.0004249815469438384,1.3004590243122438,1.300318535516428,1.3004652284215759,0.0001466929051479049,1.0,,,,,0.9985045454403221,31.91330933077139,0.9999990510352271,1.0,31.883053412278734,0.999999999997946
dt_reference_0.25ms,dt_0.25ms_severity_0.0,Baseline,0.0,421,5Hz,60.0,0.02,0.25,512a8299eaef29ce,episodic_platel_peaks,4.1341211662939044e-05,0.0007135045196993944,0.0007146125139136304,0.0007144233456727759,0.0007144357735377354,0.0007144344226315083,0.0007144344226309758,0.0007130941601363103,0.0007130676893067142,0.0007130833315639393,0.0007130816864990636,0.0007130816864985537,1.0,0.0007136561634290665,0.0007135930351837494,0.00012762285185656766,False,-3.484000570015411e-05,0.0007130816864990636,1.3905273225746342,1.3905229186672585,1.390370531465723,0.00015238720153543106,1.0,,,,,0.9987006960165784,31.899993136919115,0.9999989770215074,1.0,31.883053412278734,0.999999999997946
dt_reference_0.25ms,dt_0.25ms_severity_0.0,Baseline,0.0,421,5Hz,60.0,0.02,0.25,512a8299eaef29ce,semantic_expanded_left,2.2862829720009454e-05,0.00039319044896396444,0.00039401680444557864,0.0003936854285199128,0.000393696398014771,0.000393694702801747,0.0003936947027960726,0.0003929411615938983,0.000392832124006964,0.00039284667612819404,0.00039284450619159086,0.00039284450618530027,1.0,0.0003933230301436852,0.0003931991661798496,0.0004544002157422357,False,-0.00011628665529226368,0.00039284450619159086,1.2614684277381525,1.261185269875495,1.261634463796961,0.00044919392146591797,1.0,,,,,0.9985045454403221,31.91680820526972,0.9999984167250378,1.0,31.883053412278734,0.999999999997946
dt_reference_0.25ms,dt_0.25ms_severity_0.0,Baseline,0.0,421,5Hz,60.0,0.02,0.25,512a8299eaef29ce,episodic_expanded_left,4.433253268392558e-05,0.0007624221779706766,0.0007636045348197618,0.0007634105855542978,0.0007634216263764577,0.0007634201182976832,0.0007634201182974629,0.0007620768632797733,0.0007619898617895822,0.0007620035743834573,0.0007620018631145473,0.0007620018631143199,1.0,0.0007625847340746466,0.0007625171035210354,0.000127952457948892,False,-3.3945687601821815e-05,0.0007620018631145473,1.3846116444943237,1.3846114306077038,1.3844471095161768,0.0001643210915269755,1.0,,,,,0.9989212566690876,31.90874075895052,0.9999993940403935,1.0,31.883053412278734,0.999999999997946
dt_reference_0.25ms,dt_0.25ms_severity_0.0,Baseline,0.0,421,5Hz,60.0,0.02,0.25,512a8299eaef29ce,semantic_expanded_right,2.209322669932243e-05,0.00038130515460536006,0.00038207403453082816,0.0003817917846157005,0.0003818015709726219,0.0003818005686991923,0.0003818005686943576,0.00038110161263405683,0.00038098795257428817,0.0003810002828072446,0.0003809990658913232,0.00038099906588708716,1.0,0.0003814256887751266,0.00038132119679135,0.0003952820276367347,False,-0.00010163686614417244,0.0003809990658913232,1.3175085004884544,1.3173772720850156,1.3174985923469782,0.00012132026196254309,1.0,,,,,0.9984656251850266,31.918143771371028,0.9999988090053851,1.0,31.883053412278734,0.999999999997946
dt_reference_0.25ms,dt_0.25ms_severity_0.0,Baseline,0.0,421,5Hz,60.0,0.02,0.25,512a8299eaef29ce,episodic_expanded_right,4.349903958092772e-05,0.000750746291536446,0.0007519112728785862,0.0007517156016184775,0.0007517268411662538,0.0007517256759354576,0.0007517256759357981,0.0007504102449978258,0.0007503284419648703,0.0007503422513032796,0.0007503408606035944,0.0007503408606041129,1.0,0.0007509064862026508,0.0007508388014207911,0.00013004668635024905,False,-3.4648225577704754e-05,0.0007503408606041129,1.3884152545409838,1.3884073806363373,1.3882590442127827,0.00014833642355460697,1.0,,,,,0.998861202786315,31.909248432371385,0.99999937399076,1.0,31.883053412278734,0.999999999997946
dt_reference_0.25ms,dt_0.25ms_severity_0.0,Baseline,0.0,421,5Hz,60.0,0.02,0.25,512a8299eaef29ce,shared_auditory_relay,7.689674076237863e-05,0.00132465265505395,0.001326492499539374,0.0013263256814097586,0.0013263385690943739,0.001326337055476173,0.0013263370554802208,0.0013242302446462174,0.0013241121810046632,0.0013241274912791582,0.0013241257400815627,0.0013241257400857848,1.0,0.0013248938943288444,0.0013248382439029537,6.0599780868053514e-05,False,-1.628850994590536e-05,0.0013241257400857848,1.4361625490779946,1.4361489635283573,1.4359940010722365,0.00015496245612078852,1.0,,,,,0.9992274269273684,31.9038442271436,0.9999998181823767,1.0,31.883053412278734,0.999999999997946
dt_reference_0.25ms,dt_0.25ms_severity_0.0,Baseline,0.0,421,5Hz,60.0,0.02,0.25,512a8299eaef29ce,anterior_temporal_context,3.425361739251002e-05,0.0005897430973085588,0.0005907579390754618,0.0005905046363678994,0.0005905167450875573,0.0005905151472173377,0.0005905151472163507,0.0005894176038467754,0.0005893297805064749,0.0005893451257466416,0.0005893431638285256,0.0005893431638278189,1.0,0.0005898905291714616,0.0005897997109440537,0.00022213120378047777,False,-5.802062514934648e-05,0.0005893431638285256,1.3343309213477434,1.3342555845216024,1.3342621484927066,6.56397110421203e-06,1.0,,,,,0.9987403380425282,31.907658252178496,0.9999990609921374,1.0,31.883053412278734,0.999999999997946
dt_reference_0.25ms,dt_0.25ms_severity_0.0,Baseline,0.0,421,5Hz,60.0,0.02,0.25,512a8299eaef29ce,hippocampal_context,4.8742169880176646e-05,0.0008366140103728263,0.0008377907629897405,0.0008376935493104232,0.0008377052971560187,0.000837703745184365,0.0008377037451847802,0.0008360619193291453,0.0008361282551054381,0.0008361430697720946,0.0008361412602110002,0.0008361412602114302,1.0,0.0008367646773103767,0.0008367391844374582,4.3953817115079054e-05,False,-1.4107472161839497e-05,0.0008361412602110002,1.4261674353340124,1.4262042658237633,1.4259610826167082,0.00024318320705507546,1.0,,,,,0.9987933235388632,31.894750195220553,0.9999990635396424,1.0,31.883053412278734,0.999999999997946
dt_reference_0.25ms,dt_0.25ms_severity_0.0,Baseline,0.0,421,5Hz,60.0,0.02,0.25,512a8299eaef29ce,angular_parietal_context,4.2221362884301975e-05,0.0007273942393815842,0.0007285104876379544,0.0007283431165154785,0.0007283559728782612,0.0007283542402486337,0.0007283542402484422,0.0007269119417157658,0.0007269208121433273,0.0007269372072222032,0.0007269351038802355,0.0007269351038799682,1.0,0.0007275445917183174,0.0007274906798013828,0.00010690937431453018,False,-2.984386009572404e-05,0.0007269351038799682,1.3861436431833603,1.3861597288279242,1.3859692470673628,0.00019048176056135624,1.0,,,,,0.9986351778211084,31.899873674695037,0.9999989220514864,1.0,31.883053412278734,0.999999999997946
dt_reference_0.25ms,dt_0.25ms_severity_0.0,Baseline,0.0,461,pulse,60.0,0.02,0.25,512a8299eaef29ce,semantic_expanded,0.00010808977836592,0.002980839517928948,,,,,,,,,,,1.0,,,,False,,,,,,,,324.0,324.0,1.0,4.566198265770639e-08,,,,,,
dt_reference_0.25ms,dt_0.25ms_severity_0.0,Baseline,0.0,461,pulse,60.0,0.02,0.25,512a8299eaef29ce,episodic_expanded,0.00015462188769117423,0.004283292616083806,,,,,,,,,,,1.0,,,,False,,,,,,,,267.0,267.0,1.0,3.105621855347641e-08,,,,,,
dt_reference_0.25ms,dt_0.25ms_severity_0.0,Baseline,0.0,461,pulse,60.0,0.02,0.25,512a8299eaef29ce,semantic_anatomical_core,9.986859961851986e-05,0.0027628699565261034,,,,,,,,,,,1.0,,,,False,,,,,,,,326.0,326.0,1.0,5.223791188258482e-08,,,,,,
dt_reference_0.25ms,dt_0.25ms_severity_0.0,Baseline,0.0,461,pulse,60.0,0.02,0.25,512a8299eaef29ce,episodic_anatomical_core,0.0001588874594395036,0.004395238373680235,,,,,,,,,,,1.0,,,,False,,,,,,,,252.0,252.0,1.0,2.9293662304375425e-08,,,,,,
dt_reference_0.25ms,dt_0.25ms_severity_0.0,Baseline,0.0,461,pulse,60.0,0.02,0.25,512a8299eaef29ce,semantic_platel_peaks,0.00011848142589722655,0.003284454741078301,,,,,,,,,,,1.0,,,,False,,,,,,,,325.0,325.0,1.0,3.944781418970715e-08,,,,,,
dt_reference_0.25ms,dt_0.25ms_severity_0.0,Baseline,0.0,461,pulse,60.0,0.02,0.25,512a8299eaef29ce,episodic_platel_peaks,0.00014769963568418598,0.00407760481890095,,,,,,,,,,,1.0,,,,False,,,,,,,,295.0,295.0,1.0,4.292671742826363e-08,,,,,,
dt_reference_0.25ms,dt_0.25ms_severity_0.0,Baseline,0.0,461,pulse,60.0,0.02,0.25,512a8299eaef29ce,semantic_expanded_left,0.00011151601541020719,0.003091946949668717,,,,,,,,,,,1.0,,,,False,,,,,,,,324.0,324.0,1.0,4.566198265770639e-08,,,,,,
dt_reference_0.25ms,dt_0.25ms_severity_0.0,Baseline,0.0,461,pulse,60.0,0.02,0.25,512a8299eaef29ce,episodic_expanded_left,0.00015608764854622436,0.004327761595750911,,,,,,,,,,,1.0,,,,False,,,,,,,,262.0,262.0,1.0,3.085607690643593e-08,,,,,,
dt_reference_0.25ms,dt_0.25ms_severity_0.0,Baseline,0.0,461,pulse,60.0,0.02,0.25,512a8299eaef29ce,semantic_expanded_right,0.00010409250181425164,0.002873724671310706,,,,,,,,,,,1.0,,,,False,,,,,,,,324.0,324.0,1.0,4.554034909800214e-08,,,,,,
dt_reference_0.25ms,dt_0.25ms_severity_0.0,Baseline,0.0,461,pulse,60.0,0.02,0.25,512a8299eaef29ce,episodic_expanded_right,0.00015355587979659234,0.004239280567813888,,,,,,,,,,,1.0,,,,False,,,,,,,,272.0,272.0,1.0,3.105621855347641e-08,,,,,,
dt_reference_0.25ms,dt_0.25ms_severity_0.0,Baseline,0.0,461,pulse,60.0,0.02,0.25,512a8299eaef29ce,shared_auditory_relay,0.0002319051722451402,0.006416014600687331,,,,,,,,,,,1.0,,,,False,,,,,,,,220.0,220.0,1.0,1.2946965240022296e-08,,,,,,
dt_reference_0.25ms,dt_0.25ms_severity_0.0,Baseline,0.0,461,pulse,60.0,0.02,0.25,512a8299eaef29ce,anterior_temporal_context,0.0001394379377918406,0.0038573038188857967,,,,,,,,,,,1.0,,,,False,,,,,,,,284.0,284.0,1.0,3.7163642858750086e-08,,,,,,
dt_reference_0.25ms,dt_0.25ms_severity_0.0,Baseline,0.0,461,pulse,60.0,0.02,0.25,512a8299eaef29ce,hippocampal_context,0.00016137430146240318,0.0044611955994209584,,,,,,,,,,,1.0,,,,False,,,,,,,,274.0,274.0,1.0,3.875879430074982e-08,,,,,,
dt_reference_0.25ms,dt_0.25ms_severity_0.0,Baseline,0.0,461,pulse,60.0,0.02,0.25,512a8299eaef29ce,angular_parietal_context,0.00015610421603684042,0.004318894994830571,,,,,,,,,,,1.0,,,,False,,,,,,,,297.0,297.0,1.0,4.0395834395321056e-08,,,,,,
dt_reference_0.25ms,dt_0.25ms_severity_0.0,Baseline,0.0,461,2Hz,60.0,0.02,0.25,512a8299eaef29ce,semantic_expanded,1.2180345064801369e-05,0.0002797374001259893,0.00028086066835599757,0.00028030615088026463,0.00028031123166131886,0.00028030998819260697,0.0002803099881890259,0.0002797450245443683,0.00027961327317482446,0.00027961843622586585,0.0002796172356294688,0.00027961723562743235,1.0,0.0002799269681524879,0.0002797115500694379,0.0011106548436681913,False,-0.00028215767097519164,0.0002796172356294688,2.137284508920204,2.127383374965793,2.143860090213804,0.016476715248010976,1.0,,,,,0.9995009245968868,31.599967923774095,0.9999980937403672,1.0,31.54018639674004,0.9999999999997248
dt_reference_0.25ms,dt_0.25ms_severity_0.0,Baseline,0.0,461,2Hz,60.0,0.02,0.25,512a8299eaef29ce,episodic_expanded,2.401140099609322e-05,0.0005529320371428329,0.0005544945661237082,0.0005541155751280189,0.0005541229783132496,0.0005541210688166398,0.0005541210688029692,0.0005529749151178751,0.0005528341721441172,0.0005528415702164871,0.0005528396844606954,0.000552839684450499,1.0,0.0005531556184777468,0.0005530129805027114,0.00037206462117293754,False,-9.649485756506593e-05,0.0005528396844606954,2.2222919308977733,2.2184335677092792,2.2223747513491423,0.003941183639863066,1.0,,,,,0.999836331349956,31.585281489697085,0.9999995616782658,1.0,31.54018639674004,0.9999999999997248
dt_reference_0.25ms,dt_0.25ms_severity_0.0,Baseline,0.0,461,2Hz,60.0,0.02,0.25,512a8299eaef29ce,semantic_anatomical_core,1.074880292550877e-05,0.00024718418211349763,0.0002482605946439489,0.00024767339194491176,0.00024767774151588235,0.00024767677014320095,0.00024767677013344785,0.0002471834783547383,0.00024705528065983146,0.0002470597235882616,0.00024705879671864313,0.00024705879671035473,1.0,0.00024737130911013525,0.00024714300537178046,0.0013321058052159808,False,-0.00033868848411291454,0.00024705879671864313,2.1242393473306818,2.1129428292720376,2.132357835747631,0.019415006475593355,1.0,,,,,0.9994811015869203,31.604041529646068,0.9999978972430368,1.0,31.54018639674004,0.9999999999997248
dt_reference_0.25ms,dt_0.25ms_severity_0.0,Baseline,0.0,461,2Hz,60.0,0.02,0.25,512a8299eaef29ce,episodic_anatomical_core,2.5144475732991963e-05,0.0005778756832730851,0.0005794722686903896,0.0005791161123254561,0.0005791235554377733,0.0005791216106241883,0.0005791216106138527,0.000577921438848523,0.0005777810873074781,0.0005777885086729389,0.000577786586395661,0.000577786586388728,1.0,0.0005781014100182892,0.0005779670605317884,0.0003353180953044049,False,-8.664386869776664e-05,0.000577786586395661,2.2247775345332066,2.221172764554355,2.2246022114051476,0.0034294468507924947,1.0,,,,,0.9998400738113373,31.58512035308128,0.9999996381262803,1.0,31.54018639674004,0.9999999999997248
dt_reference_0.25ms,dt_0.25ms_severity_0.0,Baseline,0.0,461,2Hz,60.0,0.02,0.25,512a8299eaef29ce,semantic_platel_peaks,1.33644938696243e-05,0.00030702876769496856,0.0003082144654359007,0.00030766720606671336,0.00030767348519633174,0.00030767182520530006,0.00030767182519315337,0.0003070418824110127,0.00030690448408552914,0.0003069108144534578,0.00030690919459715915,0.00030690919458691246,1.0,0.0003072247046280682,0.00030701305728578676,0.000994216253522373,False,-0.00025314076124463016,0.00030690919459715915,2.150181276673389,2.1420666800556476,2.1546674612043546,0.012600781148706997,1.0,,,,,0.9995009245968868,31.608115135518045,0.9999978989615912,1.0,31.54018639674004,0.9999999999997248
dt_reference_0.25ms,dt_0.25ms_severity_0.0,Baseline,0.0,461,2Hz,60.0,0.02,0.25,512a8299eaef29ce,episodic_platel_peaks,2.2530156542481e-05,0.0005189890916312957,0.000520546726161958,0.0005200738181646254,0.000520081004346833,0.000520079489029903,0.0005200794889956629,0.0005190193507683636,0.0005188770402666386,0.0005188842842735343,0.000518882799719036,0.0005188827996886081,1.0,0.0005192188936322916,0.0005190446632689882,0.0004841955239570716,False,-0.00012876636276022425,0.000518882799719036,2.2248004654497815,2.220089077335099,2.22574915475379,0.005660077418691234,1.0,,,,,0.9996829141053556,31.58570428372569,0.9999992209922683,1.0,31.54018639674004,0.9999999999997248
dt_reference_0.25ms,dt_0.25ms_severity_0.0,Baseline,0.0,461,2Hz,60.0,0.02,0.25,512a8299eaef29ce,semantic_expanded_left,1.235460955830102e-05,0.0002836335987550564,0.0002848243579424285,0.0002841993292386509,0.00028420544008836966,0.00028420379476215975,0.0002842037947608532,0.0002836323963586055,0.0002834951568000171,0.0002835014373109967,0.00028349985064578096,0.00028349985064568626,1.0,0.00028383817545129684,0.0002835956886367356,0.0012330407763244502,False,-0.00031353775341456117,0.00028349985064578096,2.1092638750810875,2.0969313906731952,2.1186159839910728,0.021684593317877532,1.0,,,,,0.9995009245968868,31.599967923774095,0.9999980937403672,1.0,31.54018639674004,0.9999999999997248
dt_reference_0.25ms,dt_0.25ms_severity_0.0,Baseline,0.0,461,2Hz,60.0,0.02,0.25,512a8299eaef29ce,episodic_expanded_left,2.4258931231704735e-05,0.0005569296168147022,0.0005584990928919374,0.0005581237852484034,0.0005581319740609445,0.0005581296337381229,0.0005581296337230427,0.00055697539224322,0.0005568321311691191,0.0005568403080980693,0.0005568379911531573,0.0005568379911417777,1.0,0.0005571540294394262,0.0005570126042992564,0.0003662528445877494,False,-9.47130779672456e-05,0.0005568379911531573,2.220881411150425,2.2171190048807308,2.2208674456337665,0.003748440753035709,1.0,,,,,0.9998376567023531,31.58533700013929,0.9999996015397935,1.0,31.54018639674004,0.9999999999997248
dt_reference_0.25ms,dt_0.25ms_severity_0.0,Baseline,0.0,461,2Hz,60.0,0.02,0.25,512a8299eaef29ce,semantic_expanded_right,1.1977036489051781e-05,0.0002758947225318909,0.00027695213850116785,0.0002764663042372299,0.0002764703820273597,0.0002764695297129826,0.0002764695297071895,0.0002759109317624847,0.0002757845439690917,0.0002757886189890076,0.0002757877941839031,0.0002757877941799775,1.0,0.0002760696561498629,0.00027588060882852627,0.0009882689110096118,False,-0.00025077758853599976,0.0002757877941839031,2.1653051427593204,2.157835359258391,2.1691041964365354,0.01126883717814442,1.0,,,,,0.9995032779299693,31.601896518113314,0.9999982423786427,1.0,31.54018639674004,0.9999999999997248
dt_reference_0.25ms,dt_0.25ms_severity_0.0,Baseline,0.0,461,2Hz,60.0,0.02,0.25,512a8299eaef29ce,episodic_expanded_right,2.3831379006557576e-05,0.0005489631516591525,0.0005505187524453333,0.0005501361502857281,0.0005501427787063461,0.0005501412939678538,0.0005501412939555732,0.0005490031714293274,0.0005488649177779713,0.0005488715477572861,0.0005488700871175613,0.000548870087108531,1.0,0.000549185902076949,0.0005490420759674366,0.000377876397758159,False,-9.827663716288626e-05,0.0005488700871175613,2.223702450645121,2.2197481305378277,2.223882057064518,0.0041339265266904235,1.0,,,,,0.9997827461688154,31.585281489697085,0.9999995616782658,1.0,31.54018639674004,0.9999999999997248
dt_reference_0.25ms,dt_0.25ms_severity_0.0,Baseline,0.0,461,2Hz,60.0,0.02,0.25,512a8299eaef29ce,shared_auditory_relay,4.256039115917789e-05,0.0009786281944431845,0.000980980732578156,0.0009807106068814822,0.0009807189801636182,0.0009807168504866201,0.0009807168504761014,0.000978682301651436,0.0009785373454044993,0.0009785456432658986,0.0009785435420242108,0.0009785435420170162,1.0,0.0009789376452348031,0.0009788361274969315,0.00014961803979683037,False,-3.8354227095371844e-05,0.0009785435420242108,2.2611213149536113,2.2585858835120503,2.2598551458103238,0.0012692622982735102,1.0,,,,,0.9999400590820451,31.577396295528118,0.9999998875031482,1.0,31.54018639674004,0.9999999999997248
dt_reference_0.25ms,dt_0.25ms_severity_0.0,Baseline,0.0,461,2Hz,60.0,0.02,0.25,512a8299eaef29ce,anterior_temporal_context,1.8620212046226872e-05,0.0004278987522895926,0.00042929704586985146,0.0004287990199030601,0.00042880690272415893,0.00042880492851263535,0.0004288049284957947,0.00042792355602639444,0.00042778079753158895,0.0004277888116109638,0.00042778687489633766,0.00042778687488241894,1.0,0.00042811448514837276,0.000427924948659224,0.0006388569185756323,False,-0.00016448178841805828,0.00042778687489633766,2.1769401754028994,2.170396145123326,2.179841048294495,0.009444903171169194,1.0,,,,,0.9997589808204623,31.588210784834686,0.9999992073178845,1.0,31.54018639674004,0.9999999999997248
dt_reference_0.25ms,dt_0.25ms_severity_0.0,Baseline,0.0,461,2Hz,60.0,0.02,0.25,512a8299eaef29ce,hippocampal_context,2.6503939511418743e-05,0.0006068645626163758,0.0006085750884497126,0.0006081232723504195,0.000608131302592074,0.0006081289690905841,0.000608128969060518,0.0006068919431547655,0.0006067596386504976,0.0006067676708039098,0.0006067653605762055,0.0006067653605487947,1.0,0.0006071083068121518,0.0006069489503960063,0.0003787345469289923,False,-0.00010512061653695782,0.0006067653605762055,2.2526671823684357,2.248788411336224,2.2527670736475223,0.003978662311298287,1.0,,,,,0.9997830537490806,31.578417210133985,0.9999990507498959,1.0,31.54018639674004,0.9999999999997248
dt_reference_0.25ms,dt_0.25ms_severity_0.0,Baseline,0.0,461,2Hz,60.0,0.02,0.25,512a8299eaef29ce,angular_parietal_context,2.289852728819634e-05,0.0005265779735735554,0.0005281787917337116,0.0005276830112130426,0.0005276920867705694,0.0005276897095317816,0.0005276897094974866,0.0005266060495914066,0.0005264621590207171,0.0005264713531146225,0.0005264690103402442,0.0005264690103086654,1.0,0.0005268144402326085,0.0005266339969434914,0.0004942332851425879,False,-0.0001327366960919285,0.0005264690103402442,2.221067208458262,2.216462113229647,2.221914010711271,0.005451897481624002,1.0,,,,,0.9996920395270302,31.58404925377633,0.9999992886000286,1.0,31.54018639674004,0.9999999999997248
dt_reference_0.25ms,dt_0.25ms_severity_0.0,Baseline,0.0,461,5Hz,60.0,0.02,0.25,512a8299eaef29ce,semantic_expanded,2.25076111199358e-05,0.00038720191673653667,0.00038799778562908664,0.00038769320195136073,0.00038770341199721253,0.0003877020265863323,0.0003877020265869514,0.0003869756487287829,0.00038686493720262416,0.0003868781800161841,0.0003868764530116619,0.0003868764530125749,1.0,0.0003873281164693292,0.0003872146389542498,0.0004227357322302032,False,-0.00010837233383327317,0.0003868764530125749,1.2894898707897058,1.2892841082733053,1.2895665261269733,0.0002824178536680044,1.0,,,,,0.9984971488887039,31.916781954517205,0.9999986701116572,1.0,31.883053501254523,0.9999999999978877
dt_reference_0.25ms,dt_0.25ms_severity_0.0,Baseline,0.0,461,5Hz,60.0,0.02,0.25,512a8299eaef29ce,episodic_expanded,4.3849961272788284e-05,0.0007565613143497872,0.0007577327080826016,0.0007575410189715712,0.000757551793113576,0.0007575503312968541,0.0007575503312964954,0.0007562190113942962,0.0007561372151125953,0.0007561505556223942,0.0007561488833217645,0.0007561488833215342,1.0,0.0007567222968041114,0.0007566554224127111,0.0001275020131107525,False,-3.384130975607747e-05,0.0007561488833217645,1.3865132633032284,1.3865090663447477,1.3863530762404586,0.00015599010428912763,1.0,,,,,0.9989149262433541,31.90880871727788,0.9999993761031634,1.0,31.883053501254523,0.9999999999978877
dt_reference_0.25ms,dt_0.25ms_severity_0.0,Baseline,0.0,461,5Hz,60.0,0.02,0.25,512a8299eaef29ce,semantic_anatomical_core,1.9900916599622763e-05,0.0003428587504585046,0.00034360521054728986,0.00034328815733839706,0.0003432980162059722,0.00034329675215846067,0.0003432967521594858,0.00034264306155069516,0.00034253642957428077,0.00034254939187662315,0.00034254778538328555,0.0003425477853845205,1.0,0.00034298010908171713,0.0003428614786378738,0.0004990877129721725,False,-0.00012776457923084907,0.0003425477853845205,1.275990179236568,1.2757350376172654,1.276121706062615,0.000386668445349736,1.0,,,,,0.9984666648233059,31.91983715375355,0.9999985460168543,1.0,31.883053501254523,0.9999999999978877
dt_reference_0.25ms,dt_0.25ms_severity_0.0,Baseline,0.0,461,5Hz,60.0,0.02,0.25,512a8299eaef29ce,episodic_anatomical_core,4.58613363979472e-05,0.0007896752249870381,0.0007908844544525197,0.0007906967322223157,0.0007907074046231265,0.0007907059534209348,0.000790705953420578,0.0007893380595460876,0.0007892479709194246,0.0007892610919904787,0.0007892594426444394,0.0007892594426442446,1.0,0.0007898406130289095,0.000789775096675298,0.00011967482714444759,False,-3.1723773116443255e-05,0.0007892594426444394,1.3895190079562305,1.3895161265483607,1.3893558419805845,0.00016028456777616995,1.0,,,,,0.9989398976726993,31.90897246207036,0.9999994533659464,1.0,31.883053501254523,0.9999999999978877
dt_reference_0.25ms,dt_0.25ms_severity_0.0,Baseline,0.0,461,5Hz,60.0,0.02,0.25,512a8299eaef29ce,semantic_platel_peaks,2.4708051169471968e-05,0.0004253321963484198,0.00042618115043809165,0.00042588123947591373,0.00042589189773982873,0.0004258903280917894,0.0004258903280930426,0.0004250778271138303,0.00042496981350077426,0.0004249834438963017,0.0004249815469424441,0.00042498154694419816,1.0,0.0004254643971933727,0.0004253531014093881,0.00037743905551074653,False,-9.694248023839336e-05,0.00042498154694419816,1.3004597497443058,1.3003200208082069,1.300465226831304,0.00014520602309708863,1.0,,,,,0.9985059823286037,31.913160045003067,0.9999990572185262,1.0,31.883053501254523,0.9999999999978877
dt_reference_0.25ms,dt_0.25ms_severity_0.0,Baseline,0.0,461,5Hz,60.0,0.02,0.25,512a8299eaef29ce,episodic_platel_peaks,4.134119273210574e-05,0.0007135041933348542,0.000714610194578575,0.0007144239143669421,0.0007144358393492906,0.0007144344226293895,0.0007144344226262923,0.0007130925959008702,0.0007130683023195264,0.0007130833965326558,0.0007130816864973744,0.0007130816864945092,1.0,0.0007136555168347732,0.0007135930353038103,0.00012631548273748928,False,-3.442918785356852e-05,0.0007130816864973744,1.390527044638536,1.39052238961232,1.3903705310021006,0.00015185861021937974,1.0,,,,,0.9987011948419648,31.899899856133143,0.9999989795728097,1.0,31.883053501254523,0.9999999999978877
dt_reference_0.25ms,dt_0.25ms_severity_0.0,Baseline,0.0,461,5Hz,60.0,0.02,0.25,512a8299eaef29ce,semantic_expanded_left,2.28628059975318e-05,0.00039319004111472357,0.0003940145043977595,0.00039368562359732586,0.00039369644387874655,0.00039369470279400424,0.0003936947027964194,0.00039294043167353203,0.00039283234338535273,0.0003928467199882904,0.0003928445061833432,0.00039284450618560834,1.0,0.0003933222191381446,0.0003931991661678001,0.00045142551708764796,False,-0.00011548023406264818,0.00039284450618560834,1.261471101947081,1.2611906345556758,1.2616344610435373,0.00044382648786145396,1.0,,,,,0.9985059823286037,31.916781954517205,0.9999984219220514,1.0,31.883053501254523,0.9999999999978877
dt_reference_0.25ms,dt_0.25ms_severity_0.0,Baseline,0.0,461,5Hz,60.0,0.02,0.25,512a8299eaef29ce,episodic_expanded_left,4.4332507779619996e-05,0.0007624217499142232,0.000763601695308773,0.0007634110743255604,0.0007634218007225754,0.0007634201182982508,0.0007634201182974906,0.0007620746950890265,0.0007619904091946814,0.0007620037419092566,0.0007620018631151219,0.0007620018631143477,1.0,0.0007625838871813673,0.0007625171037088812,0.00012634990758787263,False,-3.3455395451920115e-05,0.0007620018631151219,1.3846117711297237,1.3846117220403569,1.384447108674579,0.00016461336577777708,1.0,,,,,0.9989215732918779,31.908750437616945,0.9999993971159693,1.0,31.883053501254523,0.9999999999978877
dt_reference_0.25ms,dt_0.25ms_severity_0.0,Baseline,0.0,461,5Hz,60.0,0.02,0.25,512a8299eaef29ce,semantic_expanded_right,2.2093217096073808e-05,0.0003813049890566867,0.00038207294394701155,0.0003817919929761938,0.00038180160885724167,0.00038180056869548107,0.0003818005686943576,0.00038110141038751624,0.000380988180217064,0.00038100032037201726,0.00038099906588748614,0.00038099906588708786,1.0,0.0003814253619752575,0.0003813211967913591,0.00039404594737419275,False,-0.00010126443360380932,0.00038099906588748614,1.3175086396323303,1.3173775819909348,1.3174985912104094,0.0001210092194745549,1.0,,,,,0.9984666648233059,31.918026198996483,0.9999988124728711,1.0,31.883053501254523,0.9999999999978877
dt_reference_0.25ms,dt_0.25ms_severity_0.0,Baseline,0.0,461,5Hz,60.0,0.02,0.25,512a8299eaef29ce,episodic_expanded_right,4.349901835872886e-05,0.0007507459256442692,0.0007519088294664196,0.0007517160999157283,0.0007517269204343063,0.0007517256759321747,0.0007517256759322114,0.0007504083220180405,0.0007503289820701085,0.000750342329468697,0.0007503408606001936,0.0007503408606004981,1.0,0.0007509057614592628,0.0007508388014928274,0.00012865411863192662,False,-3.4227224060323636e-05,0.0007503408606004981,1.388414755476733,1.3884064106491385,1.3882590438063378,0.00014736684280070023,1.0,,,,,0.9988616118237214,31.909136206862843,0.9999993761031634,1.0,31.883053501254523,0.9999999999978877
dt_reference_0.25ms,dt_0.25ms_severity_0.0,Baseline,0.0,461,5Hz,60.0,0.02,0.25,512a8299eaef29ce,shared_auditory_relay,7.689671916414127e-05,0.001324652283157815,0.0013264899129239124,0.0013263262090158008,0.001326338710412289,0.0013263370554771627,0.0013263370554802208,0.001324227946097455,0.0013241127490113405,0.0013241276299262262,0.0013241257400826024,0.0013241257400857837,1.0,0.0013248931574927005,0.0013248382442369814,5.979706597031139e-05,False,-1.6035883824905286e-05,0.0013241257400857837,1.4361623142962494,1.4361485104208809,1.4359940003505374,0.0001545100703435054,1.0,,,,,0.9992274963759689,31.903845632210363,0.9999998186883972,1.0,31.883053501254523,0.9999999999978877
dt_reference_0.25ms,dt_0.25ms_severity_0.0,Baseline,0.0,461,5Hz,60.0,0.02,0.25,512a8299eaef29ce,anterior_temporal_context,3.425359195372454e-05,0.0005897426588937423,0.0005907551399317711,0.000590505079318917,0.0005905168589201737,0.0005905151472155843,0.0005905151472158932,0.0005894156438648746,0.0005893302791812082,0.0005893452373692987,0.0005893431638266595,0.0005893431638273295,1.0,0.0005898896581497691,0.0005897997111908084,0.0002200003412077396,False,-5.739115247411775e-05,0.0005893431638273295,1.3343306900902867,1.334255159242785,1.3342621476035053,6.988360720328046e-06,1.0,,,,,0.9987408161233109,31.90769536223405,0.9999990667998845,1.0,31.883053501254523,0.9999999999978877
dt_reference_0.25ms,dt_0.25ms_severity_0.0,Baseline,0.0,461,5Hz,60.0,0.02,0.25,512a8299eaef29ce,hippocampal_context,4.8742142794653125e-05,0.0008366135449111238,0.0008377876095352648,0.0008376941375732029,0.0008377054707758785,0.000837703745184365,0.0008377037451847802,0.000836059591878601,0.0008361289032615698,0.000836143239247098,0.0008361412602110002,0.0008361412602114295,1.0,0.0008367637551422747,0.00083673918453859,4.2363699817413804e-05,False,-1.3615094961583198e-05,0.0008361412602110002,1.426166739111009,1.426202903926781,1.4259610824091524,0.00024182151762852655,1.0,,,,,0.998793747035545,31.89471144873198,0.9999990669074701,1.0,31.883053501254523,0.9999999999978877
dt_reference_0.25ms,dt_0.25ms_severity_0.0,Baseline,0.0,461,5Hz,60.0,0.02,0.25,512a8299eaef29ce,angular_parietal_context,4.222132709898278e-05,0.0007273936229949204,0.0007285065343177829,0.0007283437755617896,0.0007283561162072542,0.0007283542402486337,0.0007283542402484422,0.000726908867744616,0.0007269215486723257,0.0007269373442557678,0.0007269351038802355,0.0007269351038799682,1.0,0.0007275433664456474,0.0007274906800263881,0.00010447925394619273,False,-2.912623962005867e-05,0.0007269351038799682,1.3861432845621695,1.3861590439441542,1.3859692467133837,0.00018979723077050537,1.0,,,,,0.998635701784023,31.89983457287201,0.9999989266495087,1.0,31.883053501254523,0.9999999999978877
dt_reference_0.25ms,dt_0.25ms_severity_0.0,Baseline,0.0,503,pulse,60.0,0.02,0.25,512a8299eaef29ce,semantic_expanded,0.00010809223514429541,0.002980894514262038,,,,,,,,,,,1.0,,,,False,,,,,,,,324.0,324.0,1.0,4.4933367051577885e-08,,,,,,
dt_reference_0.25ms,dt_0.25ms_severity_0.0,Baseline,0.0,503,pulse,60.0,0.02,0.25,512a8299eaef29ce,episodic_expanded,0.00015462568087981326,0.00428338089748749,,,,,,,,,,,1.0,,,,False,,,,,,,,267.0,267.0,1.0,3.0638604983676044e-08,,,,,,
dt_reference_0.25ms,dt_0.25ms_severity_0.0,Baseline,0.0,503,pulse,60.0,0.02,0.25,512a8299eaef29ce,semantic_anatomical_core,9.987083126079151e-05,0.0027629202793258926,,,,,,,,,,,1.0,,,,False,,,,,,,,326.0,326.0,1.0,5.156039862865259e-08,,,,,,
dt_reference_0.25ms,dt_0.25ms_severity_0.0,Baseline,0.0,503,pulse,60.0,0.02,0.25,512a8299eaef29ce,episodic_anatomical_core,0.0001588914916092697,0.00439533184411789,,,,,,,,,,,1.0,,,,False,,,,,,,,252.0,252.0,1.0,2.895442435960583e-08,,,,,,
dt_reference_0.25ms,dt_0.25ms_severity_0.0,Baseline,0.0,503,pulse,60.0,0.02,0.25,512a8299eaef29ce,semantic_platel_peaks,0.00011848413008126247,0.003284514858141126,,,,,,,,,,,1.0,,,,False,,,,,,,,325.0,325.0,1.0,3.8784274739963397e-08,,,,,,
dt_reference_0.25ms,dt_0.25ms_severity_0.0,Baseline,0.0,503,pulse,60.0,0.02,0.25,512a8299eaef29ce,episodic_platel_peaks,0.00014770291136620526,0.004077678699173323,,,,,,,,,,,1.0,,,,False,,,,,,,,295.0,295.0,1.0,4.25138135568807e-08,,,,,,
dt_reference_0.25ms,dt_0.25ms_severity_0.0,Baseline,0.0,503,pulse,60.0,0.02,0.25,512a8299eaef29ce,semantic_expanded_left,0.00011151868903893357,0.003092008132870735,,,,,,,,,,,1.0,,,,False,,,,,,,,324.0,324.0,1.0,4.4933367051577885e-08,,,,,,
dt_reference_0.25ms,dt_0.25ms_severity_0.0,Baseline,0.0,503,pulse,60.0,0.02,0.25,512a8299eaef29ce,episodic_expanded_left,0.00015609171957802192,0.004327856349176801,,,,,,,,,,,1.0,,,,False,,,,,,,,262.0,262.0,1.0,3.048540721025037e-08,,,,,,
dt_reference_0.25ms,dt_0.25ms_severity_0.0,Baseline,0.0,503,pulse,60.0,0.02,0.25,512a8299eaef29ce,semantic_expanded_right,0.00010409470560055086,0.0028737738464185945,,,,,,,,,,,1.0,,,,False,,,,,,,,324.0,324.0,1.0,4.5018759196047715e-08,,,,,,
dt_reference_0.25ms,dt_0.25ms_severity_0.0,Baseline,0.0,503,pulse,60.0,0.02,0.25,512a8299eaef29ce,episodic_expanded_right,0.00015355947091747968,0.004239362500201879,,,,,,,,,,,1.0,,,,False,,,,,,,,272.0,272.0,1.0,3.0638604983676044e-08,,,,,,
dt_reference_0.25ms,dt_0.25ms_severity_0.0,Baseline,0.0,503,pulse,60.0,0.02,0.25,512a8299eaef29ce,shared_auditory_relay,0.00023191173789040179,0.006416169754515117,,,,,,,,,,,1.0,,,,False,,,,,,,,220.0,220.0,1.0,1.278589174081787e-08,,,,,,
dt_reference_0.25ms,dt_0.25ms_severity_0.0,Baseline,0.0,503,pulse,60.0,0.02,0.25,512a8299eaef29ce,anterior_temporal_context,0.00013944114490255919,0.0038573764060251957,,,,,,,,,,,1.0,,,,False,,,,,,,,284.0,284.0,1.0,3.660235302844499e-08,,,,,,
dt_reference_0.25ms,dt_0.25ms_severity_0.0,Baseline,0.0,503,pulse,60.0,0.02,0.25,512a8299eaef29ce,hippocampal_context,0.0001613782218922988,0.004461284835744707,,,,,,,,,,,1.0,,,,False,,,,,,,,274.0,274.0,1.0,3.83944685392384e-08,,,,,,
dt_reference_0.25ms,dt_0.25ms_severity_0.0,Baseline,0.0,503,pulse,60.0,0.02,0.25,512a8299eaef29ce,angular_parietal_context,0.0001561079488183552,0.004318980401910056,,,,,,,,,,,1.0,,,,False,,,,,,,,297.0,297.0,1.0,3.997947537595558e-08,,,,,,
dt_reference_0.25ms,dt_0.25ms_severity_0.0,Baseline,0.0,503,2Hz,60.0,0.02,0.25,512a8299eaef29ce,semantic_expanded,1.2180366267945434e-05,0.00027973787863938516,0.0002808633926047451,0.00028030620369821235,0.00028031122053345526,0.00028030998819195374,0.0002803099881891862,0.0002797459438267167,0.00027961332874022396,0.0002796184246405181,0.00027961723562882116,0.00027961723562758533,1.0,0.0002799279536102698,0.0002797115500998939,0.0011157335561238944,False,-0.000283570619546758,0.00027961723562882116,2.1372502780610514,2.1273189295216346,2.14386008754357,0.01654115802193523,1.0,,,,,0.9994985352149547,31.599897016538122,0.9999980777805605,1.0,31.540186446586993,0.9999999999997101
dt_reference_0.25ms,dt_0.25ms_severity_0.0,Baseline,0.0,503,2Hz,60.0,0.02,0.25,512a8299eaef29ce,episodic_expanded,2.4011414963676154e-05,0.0005529323504266434,0.0005544964998129372,0.0005541155790016936,0.0005541229787497739,0.0005541210688148665,0.000554121068802789,0.0005529759211238121,0.0005528341883490706,0.0005528415693892673,0.0005528396844589258,0.0005528396844503143,1.0,0.0005531562644871475,0.0005530129805280413,0.0003737494227562839,False,-9.69984723676376e-05,0.0005528396844589258,2.2222842283229793,2.2184183102608537,2.2223747509614373,0.003956440700583652,1.0,,,,,0.9998358208386218,31.58536611337539,0.9999995622258836,1.0,31.540186446586993,0.9999999999997101
dt_reference_0.25ms,dt_0.25ms_severity_0.0,Baseline,0.0,503,2Hz,60.0,0.02,0.25,512a8299eaef29ce,semantic_anatomical_core,1.0748826649724639e-05,0.0002471847273297097,0.00024826360687718027,0.0002476734607582044,0.0002476777295674745,0.0002476767701425815,0.0002476767701336388,0.0002471844246264799,0.0002470553503942591,0.00024705971139636976,0.0002470587967180313,0.0002470587967105364,1.0,0.00024737242800673513,0.0002471430054018424,0.0013386311355817317,False,-0.00034045898810148857,0.0002470587967180313,2.1241966419267255,2.112862812689153,2.1323578324132106,0.01949501972405754,1.0,,,,,0.9994787471260385,31.6039950492281,0.9999978868504684,1.0,31.540186446586993,0.9999999999997101
dt_reference_0.25ms,dt_0.25ms_severity_0.0,Baseline,0.0,503,2Hz,60.0,0.02,0.25,512a8299eaef29ce,episodic_anatomical_core,2.5144488688169045e-05,0.0005778759798503104,0.0005794740739792369,0.0005791161206191053,0.0005791235564489662,0.0005791216106224683,0.0005791216106135888,0.000577922414933364,0.0005777811079920933,0.000577788508420818,0.000577786586393945,0.0005777865863884586,1.0,0.0005781020186944847,0.0005779670605586288,0.0003368370241976674,False,-8.709435878255789e-05,0.000577786586393945,2.2247707981562668,2.2211593964879066,2.2246022110033232,0.0034428145154166145,1.0,,,,,0.9998396478836312,31.585166859137615,0.9999996386689811,1.0,31.540186446586993,0.9999999999997101
dt_reference_0.25ms,dt_0.25ms_severity_0.0,Baseline,0.0,503,2Hz,60.0,0.02,0.25,512a8299eaef29ce,semantic_platel_peaks,1.3364511201078423e-05,0.00030702917417712303,0.00030821690810241205,0.00030766722610898214,0.0003076734764460682,0.000307671825203972,0.00030767182519315277,0.00030704278254056863,0.00030690450862196533,0.00030691080486125086,0.0003069091945958556,0.00030690919458691246,1.0,0.0003072255471444414,0.00030701305731688564,0.0009981724706215216,False,-0.00025428882319875615,0.0003069091945958556,2.150160210581097,2.142025628603317,2.154667459453761,0.012641830850444347,1.0,,,,,0.9994985352149547,31.608093081918078,0.999997906975111,1.0,31.540186446586993,0.9999999999997101
dt_reference_0.25ms,dt_0.25ms_severity_0.0,Baseline,0.0,503,2Hz,60.0,0.02,0.25,512a8299eaef29ce,episodic_platel_peaks,2.2530173884316637e-05,0.0005189894908938889,0.0005205493468085371,0.0005200738032500985,0.0005200809986523203,0.0005200794890286345,0.0005200794889956629,0.0005190205311742231,0.0005188770387205844,0.0005188842774821866,0.0005188827997177718,0.0005188827996886081,1.0,0.0005192197298575113,0.0005190446632871099,0.00048651899651892247,False,-0.00012949060454170436,0.0005188827997177718,2.2247882456694654,2.2200649589232357,2.225749154340706,0.005684195417470228,1.0,,,,,0.99968160867389,31.58585303938729,0.9999992200566103,1.0,31.540186446586993,0.9999999999997101
dt_reference_0.25ms,dt_0.25ms_severity_0.0,Baseline,0.0,503,2Hz,60.0,0.02,0.25,512a8299eaef29ce,semantic_expanded_left,1.2354634680077417e-05,0.00028363417537139373,0.00028482756507940544,0.00028419937817946936,0.0002842054245940607,0.0002842037947608789,0.00028420379476085214,0.00028363344716947076,0.0002834952084615573,0.0002835014213978942,0.00028349985064448973,0.0002834998506456853,1.0,0.00028383935559470877,0.0002835956886727031,0.0012390390236398873,False,-0.0003151746486925511,0.0002834998506456853,2.109216392780989,2.09684354643874,2.118615979993616,0.021772433554876347,1.0,,,,,0.9994985352149547,31.599897016538122,0.9999980777805605,1.0,31.540186446586993,0.9999999999997101
dt_reference_0.25ms,dt_0.25ms_severity_0.0,Baseline,0.0,503,2Hz,60.0,0.02,0.25,512a8299eaef29ce,episodic_expanded_left,2.4258942596735806e-05,0.0005569298774898317,0.0005585007518480988,0.0005581237766059019,0.0005581319786902087,0.0005581296337358332,0.0005581296337232458,0.0005569762803033194,0.0005568321348232197,0.0005568403111257536,0.0005568379911508723,0.0005568379911419795,1.0,0.0005571545720263998,0.0005570126043230048,0.00036765775749010956,False,-9.514049624312904e-05,0.0005568379911508723,2.220875366411109,2.217107043713673,2.2208674454595636,0.0037604017458905403,1.0,,,,,0.9998372117210015,31.585369624519135,0.9999996022539059,1.0,31.540186446586993,0.9999999999997101
dt_reference_0.25ms,dt_0.25ms_severity_0.0,Baseline,0.0,503,2Hz,60.0,0.02,0.25,512a8299eaef29ce,semantic_expanded_right,1.1977053120458121e-05,0.0002758951055287943,0.0002769543926812544,0.00027646636081690023,0.0002764703751491921,0.0002764695297129399,0.00027646952970750773,0.0002759117229243473,0.0002757846033217546,0.0002757886116158494,0.000275787794183882,0.0002757877941802808,1.0,0.0002760704520634638,0.000275880608853615,0.0009924280886085383,False,-0.0002519665904006985,0.000275787794183882,2.165284163341114,2.1577943126045294,2.169104195093523,0.011309882488993672,1.0,,,,,0.9995012975863427,31.60189894652451,0.9999982386722062,1.0,31.540186446586993,0.9999999999997101
dt_reference_0.25ms,dt_0.25ms_severity_0.0,Baseline,0.0,503,2Hz,60.0,0.02,0.25,512a8299eaef29ce,episodic_expanded_right,2.3831394866905496e-05,0.0005489635167829803,0.000550520956842728,0.0005501361664962534,0.0005501427750101237,0.0005501412939665898,0.0005501412939550153,0.0005490042936410239,0.0005488649463533635,0.0005488715431303707,0.0005488700871163002,0.000548870087107966,1.0,0.000549186649996434,0.0005490420759943245,0.0003798410880238219,False,-9.885644849161324e-05,0.0005488700871163002,2.2236930902348497,2.2197295768080343,2.2238820564633106,0.00415247965527632,1.0,,,,,0.9997819151573583,31.58536611337539,0.9999995622258836,1.0,31.540186446586993,0.9999999999997101
dt_reference_0.25ms,dt_0.25ms_severity_0.0,Baseline,0.0,503,2Hz,60.0,0.02,0.25,512a8299eaef29ce,shared_auditory_relay,4.256040183240201e-05,0.00097862844056465,0.0009809824064357024,0.000980710590156577,0.0009807189769570188,0.0009807168504862526,0.000980716850476098,0.0009786834738370431,0.0009785373436104227,0.0009785456387499695,0.000978543542023858,0.0009785435420170145,1.0,0.0009789381550471493,0.000978836127521301,0.00015036933217413756,False,-3.8599165280217566e-05,0.000978543542023858,2.2611187783001894,2.2585808544516235,2.259855145663173,0.0012742912115495386,1.0,,,,,0.9999398750575401,31.577428318688263,0.9999998876545593,1.0,31.540186446586993,0.9999999999997101
dt_reference_0.25ms,dt_0.25ms_severity_0.0,Baseline,0.0,503,2Hz,60.0,0.02,0.25,512a8299eaef29ce,anterior_temporal_context,1.8620227222724653e-05,0.0004278991059130826,0.0004292993770441196,0.00042879900342065086,0.0004288068936871398,0.0004288049285124617,0.0004288049284946765,0.00042792489072615407,0.00042778079183027697,0.000427788801506841,0.00042778687489614694,0.00042778687488128475,1.0,0.0004281152243248833,0.0004279249486807521,0.0006413477810205412,False,-0.00016526242803420745,0.00042778687489614694,2.176930121236156,2.170376660128724,2.1798410476064216,0.0094643874776974,1.0,,,,,0.9997581725511621,31.588183589692864,0.9999992033959668,1.0,31.540186446586993,0.9999999999997101
dt_reference_0.25ms,dt_0.25ms_severity_0.0,Baseline,0.0,503,2Hz,60.0,0.02,0.25,512a8299eaef29ce,hippocampal_context,2.65039524900074e-05,0.000606864870431209,0.0006085773742606564,0.0006081232379496165,0.0006081313073835387,0.0006081289690905841,0.0006081289690605164,0.0006068932077615826,0.00060675961876292,0.0006067676738700005,0.0006067653605762044,0.0006067653605487931,1.0,0.0006071089739877589,0.0006069489503954754,0.0003803199826186932,False,-0.00010565841189089654,0.0006067653605762044,2.2526623152335516,2.2487788969196636,2.2527670737877,0.003988176868036319,1.0,,,,,0.9997823941356869,31.57847614985652,0.9999990468385185,1.0,31.540186446586993,0.9999999999997101
dt_reference_0.25ms,dt_0.25ms_severity_0.0,Baseline,0.0,503,2Hz,60.0,0.02,0.25,512a8299eaef29ce,angular_parietal_context,2.2898541994219504e-05,0.0005265783109121489,0.0005281811616966295,0.0005276829557458626,0.0005276920852791935,0.0005276897095317933,0.0005276897094986972,0.0005266072441863118,0.0005264621201604041,0.0005264713499820976,0.0005264690103402339,0.0005264690103098639,1.0,0.0005268151516976907,0.0005266339969499038,0.0004961816318848486,False,-0.00013337645589821536,0.0005264690103402339,2.2210586925234574,2.2164453282462704,2.2219140107613704,0.005468682515100021,1.0,,,,,0.9996911695304241,31.584161773256298,0.9999992893267793,1.0,31.540186446586993,0.9999999999997101
dt_reference_0.25ms,dt_0.25ms_severity_0.0,Baseline,0.0,503,5Hz,60.0,0.02,0.25,512a8299eaef29ce,semantic_expanded,2.250763087516407e-05,0.0003872022449947137,0.000387999641610797,0.0003876930340145455,0.00038770339260592345,0.0003877020265934906,0.00038770202658726236,0.0003869761852269043,0.00038686474342147493,0.00038687817052939167,0.00038687645302005303,0.00038687645301300203,1.0,0.00038732877183056955,0.00038721463798362376,0.0004251803942598164,False,-0.0001090311952184564,0.00038687645302005303,1.2894883878031278,1.2892811496999053,1.2895665165561137,0.0002853668562083911,1.0,,,,,0.9984960929889135,31.9168096685556,0.9999986711288067,1.0,31.883053499334423,0.9999999999979348
dt_reference_0.25ms,dt_0.25ms_severity_0.0,Baseline,0.0,503,5Hz,60.0,0.02,0.25,512a8299eaef29ce,episodic_expanded,4.3849987107490913e-05,0.0007565617653906841,0.000757735460344674,0.0007575405759509002,0.0007575517939404385,0.0007575503312969832,0.0007575503312967174,0.0007562209739705051,0.0007561367184931093,0.0007561505678160668,0.0007561488833221225,0.000756148883321964,1.0,0.000756723195461661,0.0007566554216457162,0.00012921676984948468,False,-3.432314383271518e-05,0.0007561488833221225,1.3865132038016355,1.3865089325216364,1.3863530744518844,0.0001558580697520462,1.0,,,,,0.9989145184839126,31.908826880375702,0.9999993735613273,1.0,31.883053499334423,0.9999999999979348
dt_reference_0.25ms,dt_0.25ms_severity_0.0,Baseline,0.0,503,5Hz,60.0,0.02,0.25,512a8299eaef29ce,semantic_anatomical_core,1.9900932630259563e-05,0.00034285902617765113,0.00034360675189398104,0.0003432880343860416,0.00034329799629911195,0.0003432967521673658,0.0003432967521591156,0.000342643210503062,0.00034253629065881787,0.0003425493809731548,0.00034254778539375704,0.0003425477853843416,1.0,0.00034298065968908336,0.00034286147762292246,0.0005014080301856791,False,-0.00012838590538466477,0.00034254778539375704,1.2759883945074142,1.275731483048733,1.2761216944524276,0.00039021140369466245,1.0,,,,,0.9984655399234302,31.919897958131166,0.9999985447465507,1.0,31.883053499334423,0.9999999999979348
dt_reference_0.25ms,dt_0.25ms_severity_0.0,Baseline,0.0,503,5Hz,60.0,0.02,0.25,512a8299eaef29ce,episodic_anatomical_core,4.5861363449126576e-05,0.0007896756918183209,0.0007908872817571135,0.0007906962891617845,0.0007907074065737005,0.0007907059534204166,0.0007907059534210619,0.0007893401515833374,0.0007892474745989832,0.0007892611051612497,0.0007892594426440917,0.0007892594426449722,1.0,0.0007898415428040818,0.0007897750959936713,0.00012137436586111807,False,-3.2199095914720036e-05,0.0007892594426449722,1.3895190272281401,1.3895161487456098,1.3893558407371382,0.00016030800847155469,1.0,,,,,0.9989395213665013,31.909051004252674,0.999999451085183,1.0,31.883053499334423,0.9999999999979348
dt_reference_0.25ms,dt_0.25ms_severity_0.0,Baseline,0.0,503,5Hz,60.0,0.02,0.25,512a8299eaef29ce,semantic_platel_peaks,2.4708077617763204e-05,0.00042533263952144394,0.0004261836676687373,0.00042588099377557844,0.00042589188074935856,0.00042589032809487,0.000425890328094578,0.00042507894649817255,0.0004249695244615264,0.0004249834390836467,0.00042498154694592426,0.0004249815469456706,1.0,0.0004254652819750179,0.0004253531005729547,0.0003804420701154864,False,-9.775298553877932e-05,0.00042498154694592426,1.300458718718229,1.3003179512353173,1.3004652199417126,0.0001472687063952538,1.0,,,,,0.9985045342017677,31.913315046696106,0.9999990537062964,1.0,31.883053499334423,0.9999999999979348
dt_reference_0.25ms,dt_0.25ms_severity_0.0,Baseline,0.0,503,5Hz,60.0,0.02,0.25,512a8299eaef29ce,episodic_platel_peaks,4.134121356615968e-05,0.0007135045524855047,0.0007146125551820646,0.0007144234312947585,0.0007144358317956258,0.0007144344226381012,0.000714434422631302,0.0007130939344839138,0.0007130677696085357,0.0007130833984759916,0.0007130816865061982,0.0007130816864990104,1.0,0.0007136562335636318,0.0007135930344489253,0.0001277661183350808,False,-3.485698162606354e-05,0.0007130816865061982,1.3905269655683838,1.3905222256010956,1.390370526561069,0.00015169904002654278,1.0,,,,,0.9987004942784765,31.900019742762474,0.9999989769864899,1.0,31.883053499334423,0.9999999999979348
dt_reference_0.25ms,dt_0.25ms_severity_0.0,Baseline,0.0,503,5Hz,60.0,0.02,0.25,512a8299eaef29ce,semantic_expanded_left,2.286283255031648e-05,0.0003931904975736485,0.0003940170197999307,0.00039368544358034954,0.0003936964180798187,0.00039369470279924126,0.00039369470279799015,0.0003929413534573599,0.00039283213487640456,0.0003928467068456048,0.00039284450618977856,0.00039284450618731976,1.0,0.0003933231308147094,0.0003931991653426095,0.000454772545405483,False,-0.0001163682666753374,0.00039284450618977856,1.2614684683869284,1.261185387070211,1.2616344521805962,0.00044906511038522723,1.0,,,,,0.9985045342017677,31.9168096685556,0.9999984183642947,1.0,31.883053499334423,0.9999999999979348
dt_reference_0.25ms,dt_0.25ms_severity_0.0,Baseline,0.0,503,5Hz,60.0,0.02,0.25,512a8299eaef29ce,episodic_expanded_left,4.433253648515789e-05,0.0007624222432167474,0.000763604664021626,0.0007634106243515081,0.0007634218067958441,0.0007634201182947302,0.0007634201182962057,0.0007620768706020445,0.0007619898978833701,0.0007620037626421209,0.0007620018631115037,0.0007620018631131193,1.0,0.0007625848705514473,0.0007625171027039615,0.000128212197319604,False,-3.3973764464789724e-05,0.0007620018631131193,1.3846114019098037,1.3846109671669993,1.3844471079163625,0.00016385925063677753,1.0,,,,,0.9989211681215762,31.90878941291689,0.9999993946848691,1.0,31.883053499334423,0.9999999999979348
dt_reference_0.25ms,dt_0.25ms_severity_0.0,Baseline,0.0,503,5Hz,60.0,0.02,0.25,512a8299eaef29ce,semantic_expanded_right,2.209322892081959e-05,0.00038130519291317276,0.00038207416006178646,0.0003817918367934951,0.0003818015956844898,0.00038180056870450066,0.0003818005686934471,0.0003811015730850467,0.0003809880007643775,0.0003810003144330637,0.00038099906589777235,0.0003809990658862693,1.0,0.0003814257686219117,0.00038132119567991596,0.00039558824311215735,False,-0.00010169412376157539,0.00038099906589777235,1.3175083072193272,1.3173769123295997,1.3174985809316313,0.00012166860203155494,1.0,,,,,0.9984655399234302,31.91815064720142,0.9999988112033,1.0,31.883053499334423,0.9999999999979348
dt_reference_0.25ms,dt_0.25ms_severity_0.0,Baseline,0.0,503,5Hz,60.0,0.02,0.25,512a8299eaef29ce,episodic_expanded_right,4.3499042105551296e-05,0.0007507463350440928,0.0007519113684296382,0.0007517156637681105,0.000751726916095083,0.0007517256759358976,0.000751725675933918,0.000750410074801403,0.0007503284999469092,0.000750342333253139,0.0007503408606044668,0.0007503408606025614,1.0,0.0007509065766484743,0.0007508388009601586,0.00013022134237943055,False,-3.4672523200818264e-05,0.0007503408606044668,1.3884150056934674,1.3884068978762734,1.3882590409874063,0.0001478568888670928,1.0,,,,,0.9988609936429891,31.90927512812965,0.9999993735613273,1.0,31.883053499334423,0.9999999999979348
dt_reference_0.25ms,dt_0.25ms_severity_0.0,Baseline,0.0,503,5Hz,60.0,0.02,0.25,512a8299eaef29ce,shared_auditory_relay,7.68967431393437e-05,0.001324652695030651,0.0013264925316912636,0.0013263257334869766,0.001326338704835976,0.0013263370554776964,0.0013263370554804895,0.0013242301339473532,0.0013241122300490906,0.0013241276339379228,0.001324125740083127,0.0013241257400859918,1.0,0.001324893979337579,0.001324838243160004,6.0693157078378784e-05,False,-1.6294838996611104e-05,0.0013241257400859918,1.4361624253206915,1.436148726482973,1.4359939996070294,0.00015472687594364487,1.0,,,,,0.9992273596313015,31.90387364732168,0.9999998180993703,1.0,31.883053499334423,0.9999999999979348
dt_reference_0.25ms,dt_0.25ms_severity_0.0,Baseline,0.0,503,5Hz,60.0,0.02,0.25,512a8299eaef29ce,anterior_temporal_context,3.425362266203516e-05,0.0005897431881991435,0.0005907582663784769,0.0005905046801445303,0.0005905168414876879,0.0005905151472175433,0.0005905151472177322,0.0005894175206950767,0.000589329820033803,0.0005893452316328481,0.0005893431638290511,0.0005893431638292307,1.0,0.0005898907149353122,0.0005897997102776811,0.00022258715628546553,False,-5.810590337214095e-05,0.0005893431638292307,1.334330079373598,1.3342539259133188,1.3342621437779374,8.217864618575987e-06,1.0,,,,,0.9987402015992055,31.907720698096615,0.9999990631392951,1.0,31.883053499334423,0.9999999999979348
dt_reference_0.25ms,dt_0.25ms_severity_0.0,Baseline,0.0,503,5Hz,60.0,0.02,0.25,512a8299eaef29ce,hippocampal_context,4.874217446641554e-05,0.0008366140869246371,0.0008377908990195691,0.000837693627328445,0.0008377054804995082,0.0008377037451855093,0.0008377037451849223,0.0008360617069782735,0.0008361283278081572,0.0008361432648913997,0.0008361412602120073,0.000836141260211575,1.0,0.000836764836426358,0.000836739183444043,4.422986731218126e-05,False,-1.4137614908538154e-05,0.000836141260211575,1.4261670231316672,1.4262034626310385,1.4259610780754577,0.00024238455558078797,1.0,,,,,0.9987931607486455,31.894772250582943,0.999999063382871,1.0,31.883053499334423,0.9999999999979348
dt_reference_0.25ms,dt_0.25ms_severity_0.0,Baseline,0.0,503,5Hz,60.0,0.02,0.25,512a8299eaef29ce,angular_parietal_context,4.222136556849635e-05,0.0007273942857827425,0.0007285105377940419,0.0007283431780530182,0.0007283561149176381,0.0007283542402468307,0.0007283542402489901,0.0007269116647814364,0.0007269208701184541,0.0007269373587791488,0.000726935103878088,0.0007269351038805493,1.0,0.0007275446900048323,0.0007274906791155308,0.0001071056330848866,False,-2.985988740080714e-05,0.000726935103878088,1.3861431038110748,1.3861586729771453,1.385969243504346,0.00018942947279931843,1.0,,,,,0.9986349480600789,31.8999223296016,0.9999989229751933,1.0,31.883053499334423,0.9999999999979348
dt_reference_0.25ms,dt_0.25ms_severity_1.0,High AD-like perturbation,1.0,11,pulse,60.0,0.02,0.25,ac884c60d8359016,semantic_expanded,0.0004241091134683471,0.009513341383927126,,,,,,,,,,,1.0,,,,False,,,,,,,,935.0,809.0,0.8461538461538461,0.009006011750985933,,,,,,
dt_reference_0.25ms,dt_0.25ms_severity_1.0,High AD-like perturbation,1.0,11,pulse,60.0,0.02,0.25,ac884c60d8359016,episodic_expanded,0.0008993466774753732,0.020725488306155435,,,,,,,,,,,1.0,,,,False,,,,,,,,480.0,480.0,1.0,0.0028439288126787155,,,,,,
dt_reference_0.25ms,dt_0.25ms_severity_1.0,High AD-like perturbation,1.0,11,pulse,60.0,0.02,0.25,ac884c60d8359016,semantic_anatomical_core,0.000503486698577497,0.011256337468326274,,,,,,,,,,,1.0,,,,False,,,,,,,,931.0,805.0,0.8,0.014595244021480169,,,,,,
dt_reference_0.25ms,dt_0.25ms_severity_1.0,High AD-like perturbation,1.0,11,pulse,60.0,0.02,0.25,ac884c60d8359016,episodic_anatomical_core,0.0008693343840750794,0.019564788776887544,,,,,,,,,,,1.0,,,,False,,,,,,,,475.0,475.0,1.0,0.0027914452607421987,,,,,,
dt_reference_0.25ms,dt_0.25ms_severity_1.0,High AD-like perturbation,1.0,11,pulse,60.0,0.02,0.25,ac884c60d8359016,semantic_platel_peaks,0.00029616086731666327,0.006796938863206225,,,,,,,,,,,1.0,,,,False,,,,,,,,911.5,805.5,0.8,0.009006011750985933,,,,,,
dt_reference_0.25ms,dt_0.25ms_severity_1.0,High AD-like perturbation,1.0,11,pulse,60.0,0.02,0.25,ac884c60d8359016,episodic_platel_peaks,0.000992400675343904,0.02187095532474864,,,,,,,,,,,1.0,,,,False,,,,,,,,571.0,571.0,1.0,0.006097523847766215,,,,,,
dt_reference_0.25ms,dt_0.25ms_severity_1.0,High AD-like perturbation,1.0,11,pulse,60.0,0.02,0.25,ac884c60d8359016,semantic_expanded_left,0.00046979626748304925,0.011074828986574702,,,,,,,,,,,1.0,,,,False,,,,,,,,806.0,554.0,0.7142857142857143,0.009006011750985933,,,,,,
dt_reference_0.25ms,dt_0.25ms_severity_1.0,High AD-like perturbation,1.0,11,pulse,60.0,0.02,0.25,ac884c60d8359016,episodic_expanded_left,0.0010070112735028687,0.023738966044466233,,,,,,,,,,,1.0,,,,False,,,,,,,,602.0,602.0,1.0,0.0024960347920654465,,,,,,
dt_reference_0.25ms,dt_0.25ms_severity_1.0,High AD-like perturbation,1.0,11,pulse,60.0,0.02,0.25,ac884c60d8359016,semantic_expanded_right,0.0003708074337845281,0.008172014610505691,,,,,,,,,,,1.0,,,,False,,,,,,,,1064.0,1064.0,1.0,0.011722231778235895,,,,,,
dt_reference_0.25ms,dt_0.25ms_severity_1.0,High AD-like perturbation,1.0,11,pulse,60.0,0.02,0.25,ac884c60d8359016,episodic_expanded_right,0.0008210451530917405,0.018094548209218093,,,,,,,,,,,1.0,,,,False,,,,,,,,358.0,358.0,1.0,0.004399549970649177,,,,,,
dt_reference_0.25ms,dt_0.25ms_severity_1.0,High AD-like perturbation,1.0,11,pulse,60.0,0.02,0.25,ac884c60d8359016,shared_auditory_relay,0.0007142172921472777,0.016107737995504103,,,,,,,,,,,1.0,,,,False,,,,,,,,341.0,341.0,1.0,0.0016476804810978043,,,,,,
dt_reference_0.25ms,dt_0.25ms_severity_1.0,High AD-like perturbation,1.0,11,pulse,60.0,0.02,0.25,ac884c60d8359016,anterior_temporal_context,0.0005927994380733227,0.012995487247795106,,,,,,,,,,,1.0,,,,False,,,,,,,,856.0,856.0,1.0,0.015029998839058839,,,,,,
dt_reference_0.25ms,dt_0.25ms_severity_1.0,High AD-like perturbation,1.0,11,pulse,60.0,0.02,0.25,ac884c60d8359016,hippocampal_context,0.0009549769668574829,0.01772350488722317,,,,,,,,,,,1.0,,,,False,,,,,,,,709.0,709.0,1.0,0.0027090771070722003,,,,,,
dt_reference_0.25ms,dt_0.25ms_severity_1.0,High AD-like perturbation,1.0,11,pulse,60.0,0.02,0.25,ac884c60d8359016,angular_parietal_context,0.0005059238817784038,0.011302655909426702,,,,,,,,,,,1.0,,,,False,,,,,,,,413.0,413.0,1.0,0.004945097403049806,,,,,,
dt_reference_0.25ms,dt_0.25ms_severity_1.0,High AD-like perturbation,1.0,11,2Hz,60.0,0.02,0.25,ac884c60d8359016,semantic_expanded,0.010390465866309992,0.26715696204882916,0.12158324115624243,0.18883863987379176,0.24664716524226224,0.3119772014099136,0.39667767143996235,0.005528665692638405,0.0072370272058070555,0.01758044887539771,0.019802593650342155,0.022009224497230886,1.0,0.17435376662739796,0.33589996570541264,0.9460141167633311,False,0.20681661118971129,0.01758044887539771,0.015431641972082626,0.022441926578044648,0.01293722251383015,0.009504704064214498,1.0,,,,,0.00023101466280661676,-3.150520249524627,0.12287426330521117,0.15384615384615385,31.524591329530168,0.9999819334535164
dt_reference_0.25ms,dt_0.25ms_severity_1.0,High AD-like perturbation,1.0,11,2Hz,60.0,0.02,0.25,ac884c60d8359016,episodic_expanded,0.0025095222686748217,0.06527924845518081,0.021637776161964307,0.036966956776578824,0.05405969947866685,0.07485257082607095,0.10117303822775825,0.0014264740864467684,0.001906420341652514,0.0025476040731238236,0.003572057047253798,0.0034463956550819332,1.0,0.03514757198993364,0.08491752672266158,1.2726373217200657,True,0.27341085296916706,0.0025476040731238236,0.032189532744432765,0.05346641507108169,0.025321826552763414,0.02814458851831828,1.0,,,,,0.0008584640490157947,8.284457528146309,0.2207791136809183,0.631578947368421,31.524591329530168,0.9999819334535164
dt_reference_0.25ms,dt_0.25ms_severity_1.0,High AD-like perturbation,1.0,11,2Hz,60.0,0.02,0.25,ac884c60d8359016,semantic_anatomical_core,0.008584407322393777,0.19002030164707215,0.09399809727527247,0.1398753055192897,0.1623862222716798,0.21987238621610317,0.28275337586867716,0.0038571303751405482,0.0030862250200056436,0.008751890168238368,0.01093835767033648,0.013160201518391017,1.0,0.12716751827640296,0.23715119134067422,0.8990768981386594,False,0.19151033626362102,0.008751890168238368,0.009969108684961335,0.01137382509076247,0.009498643175308793,0.0018751819154536765,1.0,,,,,0.00020190709573753018,-3.161664996739127,0.11524381587817602,0.0,31.524591329530168,0.9999819334535164
dt_reference_0.25ms,dt_0.25ms_severity_1.0,High AD-like perturbation,1.0,11,2Hz,60.0,0.02,0.25,ac884c60d8359016,episodic_anatomical_core,0.0026005518485251672,0.06334216731868042,0.019422437565323216,0.033970313629967254,0.0527013013165937,0.07707468647514511,0.09559994222976663,0.0014032303167683523,0.001808503079326021,0.0025577422590599,0.0033799835146955536,0.0030208429030950715,1.0,0.032438843322653274,0.08289877543032256,1.3536284125291291,True,0.2890276761290842,0.0025577422590599,0.027469148719850858,0.04880831212856228,0.021115477263496326,0.027692834865065952,1.0,,,,,0.0008750760095414534,9.521234377224994,0.22090661715047508,0.6875,31.524591329530168,0.9999819334535164
dt_reference_0.25ms,dt_0.25ms_severity_1.0,High AD-like perturbation,1.0,11,2Hz,60.0,0.02,0.25,ac884c60d8359016,semantic_platel_peaks,0.012002296015998152,0.285310735365223,0.12453797850672041,0.19770431254623747,0.2615187292213301,0.327180428001559,0.4344586597813595,0.004691248659877544,0.006798282711283835,0.011337852855742011,0.013489573370281659,0.019080853348502052,1.0,0.18183163340218422,0.3608137354574916,0.988651051918007,False,0.21660041931956853,0.011337852855742011,0.0185888255177249,0.029217743929829936,0.01542174773195558,0.013795996197874355,1.0,,,,,0.00023101466280661676,-3.150520249524627,0.18285675454130795,0.4,31.524591329530168,0.9999819334535164
dt_reference_0.25ms,dt_0.25ms_severity_1.0,High AD-like perturbation,1.0,11,2Hz,60.0,0.02,0.25,ac884c60d8359016,episodic_platel_peaks,0.0018075243316179436,0.048039820021219974,0.018363980677368864,0.029648293555980993,0.035134557751383945,0.03840423063630841,0.08910132544352393,0.0009661306691461376,0.0013833203394080127,0.0010899293925215286,0.0020482434838586033,0.0022892504239860356,1.0,0.028236613306823893,0.06182887889483123,1.1307137838704386,True,0.24652261622825714,0.0013833203394080127,0.06902392879995453,0.0968126981075867,0.05804123492109588,0.03877146318649083,1.0,,,,,0.0005453467678460666,3.03722920361949,0.24292345533621565,0.5,31.524591329530168,0.9999819334535164
dt_reference_0.25ms,dt_0.25ms_severity_1.0,High AD-like perturbation,1.0,11,2Hz,60.0,0.02,0.25,ac884c60d8359016,semantic_expanded_left,0.00770191954360472,0.1985230634940721,0.09291240241193056,0.14161014248756223,0.1780843380847551,0.22631578853463716,0.29991321744666766,0.0042806049278414785,0.008017124092323016,0.01674441690860558,0.014251967313312965,0.01351017576507317,1.0,0.12990306255617545,0.24942105825556668,0.9411478312061726,False,0.20288083300474735,0.01351017576507317,0.02876063289072783,0.04560928122425333,0.021833064102417896,0.023776217121835436,1.0,,,,,0.00023101466280661676,-0.7337839662858316,0.10761336845114086,0.14285714285714285,31.524591329530168,0.9999819334535164
dt_reference_0.25ms,dt_0.25ms_severity_1.0,High AD-like perturbation,1.0,11,2Hz,60.0,0.02,0.25,ac884c60d8359016,episodic_expanded_left,0.0035524555740443576,0.09156735012526544,0.03551826172920889,0.06042989358617472,0.08260984598730774,0.1092590473724061,0.13166474642708964,0.002237623781061428,0.00315969962774266,0.005380813049792953,0.0067997794845079465,0.007315648594584599,1.0,0.05507836922112895,0.11698919409940399,1.086817529628497,True,0.23174454506275177,0.005380813049792953,0.003263251463019875,0.008978873407142873,0.0016495587594456968,0.007329314647697176,1.0,,,,,0.000643380445089381,9.207837350675971,0.21109166094247467,0.625,31.524591329530168,0.9999819334535164
dt_reference_0.25ms,dt_0.25ms_severity_1.0,High AD-like perturbation,1.0,11,2Hz,60.0,0.02,0.25,ac884c60d8359016,semantic_expanded_right,0.013527103242799474,0.35951914661689033,0.15910130559877586,0.2518183463625544,0.3416068182991528,0.4300617947592537,0.5246623551928391,0.007140613267566849,0.0065328367347767475,0.018458223081009695,0.027514988398427295,0.035854897182152574,1.0,0.23401477485579109,0.45236271447973947,0.95088040232049,False,0.2107523893746752,0.018458223081009695,0.0021026510534374212,-0.0007254280681640379,0.004041380925242403,0.004766808993406441,1.0,,,,,0.0002499357631250976,-3.2311266801618346,0.1252480860056544,0.16666666666666666,31.524591329530168,0.9999819334535164
dt_reference_0.25ms,dt_0.25ms_severity_1.0,High AD-like perturbation,1.0,11,2Hz,60.0,0.02,0.25,ac884c60d8359016,episodic_expanded_right,0.001751025319315159,0.04653820682856496,0.013181764378132446,0.022613905340950174,0.0353765471027846,0.0512809464663794,0.0777427818911548,0.0009093701705024396,0.0011502481081288696,0.0012061906729219733,0.0018764713735064363,0.001623593979098455,1.0,0.022428983179002073,0.061638054695606084,1.4584571138116347,True,0.31507716087558246,0.0012061906729219733,0.06111581402584565,0.09795395673502051,0.04899409434608113,0.04895986238893938,1.0,,,,,0.0009546131517288448,8.129579041604195,0.3076281200608893,0.6363636363636364,31.524591329530168,0.9999819334535164
dt_reference_0.25ms,dt_0.25ms_severity_1.0,High AD-like perturbation,1.0,11,2Hz,60.0,0.02,0.25,ac884c60d8359016,shared_auditory_relay,0.00682803194099594,0.07890113394515948,0.03491097676224099,0.05708979215204257,0.06275491019477487,0.0817937716465154,0.12825609837974414,0.0031555961665575756,0.0035859547897315034,0.003494941993064811,0.005776421299809548,0.006501603775606728,1.0,0.05013321421534467,0.09968639446954594,0.9916298809448326,False,0.21366538884010647,0.0035859547897315034,0.061709082640876475,0.10050891025678581,0.04910828494059205,0.05140062531619376,1.0,,,,,0.0029135426555840227,12.633884033402776,0.46914429359601045,0.7857142857142857,31.524591329530168,0.9999819334535164
dt_reference_0.25ms,dt_0.25ms_severity_1.0,High AD-like perturbation,1.0,11,2Hz,60.0,0.02,0.25,ac884c60d8359016,anterior_temporal_context,0.010610222668130258,0.2509765824806644,0.1065210754351834,0.16530324616147268,0.22803940470311698,0.28677278534472767,0.3781401669515262,0.004484561853074623,0.005960729227321007,0.008457644765259011,0.008763660366159111,0.013920097954633172,1.0,0.15484500209186552,0.31665084002454785,1.0320680885330327,True,0.22251787364106584,0.008457644765259011,0.0476336004934603,0.08010860330131617,0.036837710625701056,0.04327089267561511,1.0,,,,,0.0003288839895124185,0.8202573180403956,0.23947483005596298,0.3888888888888889,31.524591329530168,0.9999819334535164
dt_reference_0.25ms,dt_0.25ms_severity_1.0,High AD-like perturbation,1.0,11,2Hz,60.0,0.02,0.25,ac884c60d8359016,hippocampal_context,0.0016415857921399644,0.035410041847647775,0.014708085534442828,0.025394358832855367,0.027569092078465925,0.02604774767241414,0.06416899608765705,0.0006304284203611293,0.0011218210233071753,0.0007506403440357047,0.0009753521010336691,0.0009638462156801066,1.0,0.022700539638679594,0.044623833330245236,0.9750878572688564,False,0.21435922313521646,0.0009638462156801066,0.007306103739695485,0.013481016470205113,0.005937469518565257,0.007543546951639856,1.0,,,,,0.000835354111819897,6.6762531656692055,0.23644493719563145,0.5,31.524591329530168,0.9999819334535164
dt_reference_0.25ms,dt_0.25ms_severity_1.0,High AD-like perturbation,1.0,11,2Hz,60.0,0.02,0.25,ac884c60d8359016,angular_parietal_context,0.007311258608996452,0.0834599375258061,0.03552048222810449,0.0529370549393324,0.0619335947672882,0.08798043500432744,0.13787716557810983,0.0014910998019581566,0.0022509380665018484,0.0024968148896459897,0.0027563375084448446,0.003504767461894451,1.0,0.04744550878347962,0.10778449047150264,1.1838061654783143,True,0.23231128723396557,0.0024968148896459897,0.0073042439754672775,0.015169505570123375,0.003892349322708591,0.011277156247414785,1.0,,,,,0.0006934385241263996,4.883063166435424,0.2418049574560437,0.6666666666666666,31.524591329530168,0.9999819334535164
dt_reference_0.25ms,dt_0.25ms_severity_1.0,High AD-like perturbation,1.0,11,5Hz,60.0,0.02,0.25,ac884c60d8359016,semantic_expanded,0.010451326710556146,0.19564506399411655,0.08463418573438389,0.13216840088179263,0.17559817931466526,0.22720956487531302,0.2876565821919138,0.007496705875717792,0.012615216267019686,0.01673557844357007,0.021480094246819195,0.022023124973059145,1.0,0.12406849595910587,0.24706013187609727,0.9937253953354395,False,0.21558581950297878,0.01673557844357007,0.003397746131648232,-0.00713251056887107,0.008543868643583582,0.015676379212454652,1.0,,,,,0.0007666154047116791,-2.617465709838883,0.09070704462705824,0.0,31.835040115973232,0.9999305462933318
dt_reference_0.25ms,dt_0.25ms_severity_1.0,High AD-like perturbation,1.0,11,5Hz,60.0,0.02,0.25,ac884c60d8359016,episodic_expanded,0.0027331465973688563,0.05067302634361727,0.016721253246851208,0.029597147100146395,0.040393606462397126,0.05970564982210513,0.0765081911794763,0.0012206349935220697,0.001906747225359156,0.0020768052206464977,0.003106127919533507,0.0029774320392541333,1.0,0.02756935524962523,0.06582924241315431,1.2556630666196373,True,0.270013590326392,0.0020768052206464977,0.03508962498514336,0.05340717160210354,0.029903629191114077,0.02350354241098946,1.0,,,,,0.0021004385735131637,6.786719532021022,0.2391711998745012,0.631578947368421,31.835040115973232,0.9999305462933318
dt_reference_0.25ms,dt_0.25ms_severity_1.0,High AD-like perturbation,1.0,11,5Hz,60.0,0.02,0.25,ac884c60d8359016,semantic_anatomical_core,0.008496506798367404,0.14037149712907276,0.06324626667567704,0.09694888125454243,0.11321407140212864,0.16417497168692935,0.20746049214197892,0.00460863101705743,0.007493505754968161,0.011788632703924292,0.010098153788104492,0.015346999698575215,1.0,0.08894811643617026,0.17696185324929117,0.9924024390785173,False,0.20937534201345542,0.010098153788104492,-1.5707228907181625e-05,-0.0026209640156755077,0.0011204691835656755,0.003741433199241183,1.0,,,,,0.0007478903527213254,-2.5851841014908628,0.07943855939027539,0.0,31.835040115973232,0.9999305462933318
dt_reference_0.25ms,dt_0.25ms_severity_1.0,High AD-like perturbation,1.0,11,5Hz,60.0,0.02,0.25,ac884c60d8359016,episodic_anatomical_core,0.0028825130339133666,0.049757158342932976,0.01577284883586182,0.02755941628328659,0.03985960535926793,0.061986478906220825,0.07276516692516077,0.0012308957916307816,0.0018382889824315536,0.002163356963354126,0.003055707164986032,0.0026954516023319896,1.0,0.02583557251912318,0.06509129388045237,1.333105737911344,True,0.2790508843470581,0.002163356963354126,0.03715615412975373,0.05618153215926849,0.03222628723641581,0.023955244922852677,1.0,,,,,0.00210939016019418,7.167897542712712,0.24301507721613405,0.6875,31.835040115973232,0.9999305462933318
dt_reference_0.25ms,dt_0.25ms_severity_1.0,High AD-like perturbation,1.0,11,5Hz,60.0,0.02,0.25,ac884c60d8359016,semantic_platel_peaks,0.01238291183326459,0.21254469125315745,0.09122675145831896,0.14222889402061328,0.19375890500570447,0.24127052800449036,0.31805436213819727,0.0064948258947991255,0.012892999925033162,0.014822834554079784,0.022508070240813055,0.017867853138964256,1.0,0.1340949822596527,0.26886705589087373,1.003637739921162,True,0.21829630818268353,0.014822834554079784,0.009135032271418222,-0.015290913862895422,0.02163483643459465,0.03692575029749007,1.0,,,,,0.0003103158515509463,-4.550761104611213,0.10874340320447104,0.0,31.835040115973232,0.9999305462933318
dt_reference_0.25ms,dt_0.25ms_severity_1.0,High AD-like perturbation,1.0,11,5Hz,60.0,0.02,0.25,ac884c60d8359016,episodic_platel_peaks,0.0017486561713080493,0.03338581895094524,0.011062739461860996,0.023581935668352635,0.025339720677646792,0.027829847754221083,0.059001949576713175,0.000781461123010035,0.0016434307400117786,0.0009170211060706235,0.0024094395275172063,0.0019871217357699997,1.0,0.02096108877202068,0.04230688094697898,1.0131786716108013,True,0.2534529378230062,0.0016434307400117786,0.039665716205792574,0.05746608647535267,0.033039409705339376,0.024426676770013298,1.0,,,,,0.001629142444641185,4.772612091508302,0.17695210227704056,0.5,31.835040115973232,0.9999305462933318
dt_reference_0.25ms,dt_0.25ms_severity_1.0,High AD-like perturbation,1.0,11,5Hz,60.0,0.02,0.25,ac884c60d8359016,semantic_expanded_left,0.008133524737586441,0.15239656085283218,0.0675273641819369,0.1023131627125812,0.1304790756817838,0.1751869823775937,0.22786662353954087,0.0034797751585927753,0.008756875977771713,0.008321995812691335,0.01345082597577541,0.012108985627607902,1.0,0.09559150246084795,0.19283754963726135,1.012431721155968,True,0.21425973802432574,0.008756875977771713,-0.0032742988701465634,-0.02899505725292112,0.00914622535513516,0.03814128260805628,1.0,,,,,0.0006573863321296392,-0.36241862906966765,0.10874340320447104,0.0,31.835040115973232,0.9999305462933318
dt_reference_0.25ms,dt_0.25ms_severity_1.0,High AD-like perturbation,1.0,11,5Hz,60.0,0.02,0.25,ac884c60d8359016,episodic_expanded_left,0.004060675899345186,0.07608423921531238,0.030624174503750604,0.046172445104782016,0.06077908644925889,0.09182962945896105,0.11243222413792568,0.002000908291663622,0.0025578975557269262,0.0036795902677131793,0.0040054985421294955,0.005804707238967553,1.0,0.04320449113619123,0.09809993170979868,1.1830708428299663,True,0.2372276519230014,0.0036795902677131793,0.019961522286206707,0.03409972666095333,0.01584467039281294,0.01825505626814039,1.0,,,,,0.0014773753876761164,5.137186475344997,0.23230617177840696,0.625,31.835040115973232,0.9999305462933318
dt_reference_0.25ms,dt_0.25ms_severity_1.0,High AD-like perturbation,1.0,11,5Hz,60.0,0.02,0.25,ac884c60d8359016,semantic_expanded_right,0.013155429012354137,0.25116702667736485,0.10607470736786483,0.17073547262655567,0.2363192750830482,0.29468049320901923,0.36313483735793634,0.016150640896508164,0.01817356804728597,0.03365533847226359,0.034302313455188145,0.0400543900616385,1.0,0.1610288706975736,0.3165291660128016,0.9750190695149107,False,0.21691190098163174,0.03365533847226359,0.010069791133443027,0.01473003611517898,0.007941511932032004,0.006788524183146976,1.0,,,,,0.000781187473647249,-11.327941596202232,0.0758898565343657,0.0,31.835040115973232,0.9999305462933318
dt_reference_0.25ms,dt_0.25ms_severity_1.0,High AD-like perturbation,1.0,11,5Hz,60.0,0.02,0.25,ac884c60d8359016,episodic_expanded_right,0.0017676707413860717,0.033748850291508925,0.00913005214593095,0.018972162173343052,0.026845474954632312,0.03881932924789756,0.052062505766803456,0.0007446367200426915,0.0014213567596852476,0.001172173967941571,0.002408696583216391,0.0015272262981438174,1.0,0.01759236896192371,0.04417423214431232,1.3282552904093063,True,0.3027995287297827,0.0014213567596852476,0.05021772768408002,0.07271461654325374,0.043962587989415214,0.02875202855383853,1.0,,,,,0.002840409522937515,7.549398908194675,0.2539550639141853,0.6363636363636364,31.835040115973232,0.9999305462933318
dt_reference_0.25ms,dt_0.25ms_severity_1.0,High AD-like perturbation,1.0,11,5Hz,60.0,0.02,0.25,ac884c60d8359016,shared_auditory_relay,0.007130757655331349,0.06035386156535634,0.02449213363621444,0.04350736740449182,0.047325186763134346,0.06269953948867912,0.09661210345906507,0.003715788571021093,0.004673096002600766,0.0051563198709504675,0.006581953345130233,0.003654555121161753,1.0,0.03774780181927948,0.07647945702214796,1.0186796467887094,True,0.22434830414785134,0.004673096002600766,0.08135213972904463,0.12033769453752277,0.07022255541179295,0.05011513912572982,1.0,,,,,0.0077765908038984755,9.564465435834064,0.3347497438971271,0.7857142857142857,31.835040115973232,0.9999305462933318
dt_reference_0.25ms,dt_0.25ms_severity_1.0,High AD-like perturbation,1.0,11,5Hz,60.0,0.02,0.25,ac884c60d8359016,anterior_temporal_context,0.01136018908056991,0.19757638223321153,0.06717786167865024,0.12108814392316279,0.18383084789425036,0.2213984909834374,0.29147407629007765,0.006409422873671066,0.01857659802415052,0.0214206125659913,0.026684978118985264,0.02435363692461163,1.0,0.11416647928218782,0.2527081941543534,1.1463333255280375,True,0.2552603684103589,0.0214206125659913,0.005764560081817858,-0.025672009521074866,0.02602368593008828,0.05169569545116315,1.0,,,,,0.001682402805289307,0.7064151770518992,0.15487662701572408,0.2777777777777778,31.835040115973232,0.9999305462933318
dt_reference_0.25ms,dt_0.25ms_severity_1.0,High AD-like perturbation,1.0,11,5Hz,60.0,0.02,0.25,ac884c60d8359016,hippocampal_context,0.001601022438625218,0.02577608178181318,0.009446836526783312,0.0195259080430615,0.020995770932559485,0.01944907308200397,0.04482819707646259,0.0006543197375690897,0.0013182351390157484,0.0006628345945596175,0.0015459021681514097,0.0008890881038275941,1.0,0.016778576067862486,0.03221690322785426,0.941197540040236,False,0.22436591581981347,0.0008890881038275941,0.02704042919428058,0.039609864875018774,0.024617304652450857,0.014992560222567917,1.0,,,,,0.0020945633522679308,4.7275650993453375,0.149924336944815,0.5,31.835040115973232,0.9999305462933318
dt_reference_0.25ms,dt_0.25ms_severity_1.0,High AD-like perturbation,1.0,11,5Hz,60.0,0.02,0.25,ac884c60d8359016,angular_parietal_context,0.008334835483702379,0.0669891200064,0.022487299950002395,0.04053266615981881,0.05113695887497941,0.07218300981852181,0.1084721131160976,0.0013362519771304025,0.0028525716960456473,0.0032670942861414386,0.0035836864128516764,0.00410856274407083,1.0,0.03595340236355654,0.08711732655580877,1.2768313784207992,True,0.2686428950665342,0.0032670942861414386,0.023768693487045522,0.041657005824100736,0.01747814314463381,0.024178862679466926,1.0,,,,,0.0016193024500855135,3.2715463592617695,0.1456785250209242,0.16666666666666666,31.835040115973232,0.9999305462933318
dt_reference_0.25ms,dt_0.25ms_severity_1.0,High AD-like perturbation,1.0,23,pulse,60.0,0.02,0.25,ac884c60d8359016,semantic_expanded,0.00036410187332561384,0.00820924174524102,,,,,,,,,,,1.0,,,,False,,,,,,,,899.0,839.0,0.9230769230769231,0.01665116994030211,,,,,,
dt_reference_0.25ms,dt_0.25ms_severity_1.0,High AD-like perturbation,1.0,23,pulse,60.0,0.02,0.25,ac884c60d8359016,episodic_expanded,0.000957473886680548,0.02207049883778298,,,,,,,,,,,1.0,,,,False,,,,,,,,452.0,452.0,1.0,0.010694407288330645,,,,,,
dt_reference_0.25ms,dt_0.25ms_severity_1.0,High AD-like perturbation,1.0,23,pulse,60.0,0.02,0.25,ac884c60d8359016,semantic_anatomical_core,0.0004324996670347778,0.009724990306586528,,,,,,,,,,,1.0,,,,False,,,,,,,,1064.0,1004.0,0.9,0.02226335844484614,,,,,,
dt_reference_0.25ms,dt_0.25ms_severity_1.0,High AD-like perturbation,1.0,23,pulse,60.0,0.02,0.25,ac884c60d8359016,episodic_anatomical_core,0.0009102536892848347,0.02055611265561201,,,,,,,,,,,1.0,,,,False,,,,,,,,444.0,444.0,1.0,0.010626390236093877,,,,,,
dt_reference_0.25ms,dt_0.25ms_severity_1.0,High AD-like perturbation,1.0,23,pulse,60.0,0.02,0.25,ac884c60d8359016,semantic_platel_peaks,0.0002701004430193469,0.006157991222688585,,,,,,,,,,,1.0,,,,False,,,,,,,,777.5,665.5,0.8,0.012599689049672827,,,,,,
dt_reference_0.25ms,dt_0.25ms_severity_1.0,High AD-like perturbation,1.0,23,pulse,60.0,0.02,0.25,ac884c60d8359016,episodic_platel_peaks,0.0011025033734463987,0.024344333936533537,,,,,,,,,,,1.0,,,,False,,,,,,,,530.0,530.0,1.0,0.011385436840887404,,,,,,
dt_reference_0.25ms,dt_0.25ms_severity_1.0,High AD-like perturbation,1.0,23,pulse,60.0,0.02,0.25,ac884c60d8359016,semantic_expanded_left,0.0003975706254372703,0.009389258044933698,,,,,,,,,,,1.0,,,,False,,,,,,,,766.0,646.0,0.8571428571428571,0.01665116994030211,,,,,,
dt_reference_0.25ms,dt_0.25ms_severity_1.0,High AD-like perturbation,1.0,23,pulse,60.0,0.02,0.25,ac884c60d8359016,episodic_expanded_left,0.0010453816668486793,0.0246883386183013,,,,,,,,,,,1.0,,,,False,,,,,,,,552.0,552.0,1.0,0.009152772620209514,,,,,,
dt_reference_0.25ms,dt_0.25ms_severity_1.0,High AD-like perturbation,1.0,23,pulse,60.0,0.02,0.25,ac884c60d8359016,semantic_expanded_right,0.0003250549958620147,0.00717752667029652,,,,,,,,,,,1.0,,,,False,,,,,,,,1032.0,1032.0,1.0,0.017545695000065323,,,,,,
dt_reference_0.25ms,dt_0.25ms_severity_1.0,High AD-like perturbation,1.0,23,pulse,60.0,0.02,0.25,ac884c60d8359016,episodic_expanded_right,0.00089354095564918,0.01973024294909381,,,,,,,,,,,1.0,,,,False,,,,,,,,352.0,352.0,1.0,0.011053637620421075,,,,,,
dt_reference_0.25ms,dt_0.25ms_severity_1.0,High AD-like perturbation,1.0,23,pulse,60.0,0.02,0.25,ac884c60d8359016,shared_auditory_relay,0.0006816237216684103,0.015459384017247996,,,,,,,,,,,1.0,,,,False,,,,,,,,310.0,310.0,1.0,0.005462157673164111,,,,,,
dt_reference_0.25ms,dt_0.25ms_severity_1.0,High AD-like perturbation,1.0,23,pulse,60.0,0.02,0.25,ac884c60d8359016,anterior_temporal_context,0.0005860474692815192,0.012857938686818535,,,,,,,,,,,1.0,,,,False,,,,,,,,703.0,703.0,1.0,0.014114575560365484,,,,,,
dt_reference_0.25ms,dt_0.25ms_severity_1.0,High AD-like perturbation,1.0,23,pulse,60.0,0.02,0.25,ac884c60d8359016,hippocampal_context,0.0009737042734267152,0.01792583576451722,,,,,,,,,,,1.0,,,,False,,,,,,,,657.0,657.0,1.0,0.007369393024414417,,,,,,
dt_reference_0.25ms,dt_0.25ms_severity_1.0,High AD-like perturbation,1.0,23,pulse,60.0,0.02,0.25,ac884c60d8359016,angular_parietal_context,0.0005327519297099845,0.011792759291690312,,,,,,,,,,,1.0,,,,False,,,,,,,,756.0,756.0,1.0,0.011064678772246778,,,,,,
dt_reference_0.25ms,dt_0.25ms_severity_1.0,High AD-like perturbation,1.0,23,2Hz,60.0,0.02,0.25,ac884c60d8359016,semantic_expanded,0.011091692613142965,0.28840117647834895,0.11519746223900038,0.18572020106902548,0.25900285103176895,0.3380386027786133,0.43823319456016535,0.005414149792738994,0.007389338255248986,0.01765800843171822,0.02037377460507404,0.023070683415488305,1.0,0.1707335006156406,0.36774520682892603,1.106960371846323,True,0.23596184615345692,0.01765800843171822,0.014837432269812757,0.020162471772507344,0.013710096910663156,0.006452374861844188,1.0,,,,,0.00021887000955789215,-3.732515298234827,0.15728653322254943,0.23076923076923078,31.53775632720081,0.9999798172581642
dt_reference_0.25ms,dt_0.25ms_severity_1.0,High AD-like perturbation,1.0,23,2Hz,60.0,0.02,0.25,ac884c60d8359016,episodic_expanded,0.003859263150665532,0.09577766238619785,0.03058195112473974,0.05310113418098689,0.06035846332896133,0.08663592712220897,0.1707678540633663,0.0015420502661182864,0.0018038151680408265,0.00286576542211329,0.0032733299390131343,0.0038976229201127138,1.0,0.04559825916911472,0.12554289092529133,1.461129683961341,True,0.28343954368967594,0.00286576542211329,0.03299280533367486,0.04817481387563826,0.029676788472414978,0.018498025403223282,1.0,,,,,0.0006048049712196191,7.768702275539178,0.21846188032916386,0.5263157894736842,31.53775632720081,0.9999798172581642
dt_reference_0.25ms,dt_0.25ms_severity_1.0,High AD-like perturbation,1.0,23,2Hz,60.0,0.02,0.25,ac884c60d8359016,semantic_anatomical_core,0.009414218733567733,0.22483055931147322,0.08092312425973207,0.12948692037876303,0.1822459952184381,0.26143081834272464,0.35287898685610547,0.003463450052551356,0.0030529943155916286,0.008451765010693063,0.011640124057269044,0.015173279798518659,1.0,0.11670056107205418,0.29021170578000166,1.3142942148943924,True,0.2631361020107858,0.008451765010693063,0.012442276377945944,0.012905226073931257,0.013501202759059527,0.0005959766851282699,1.0,,,,,0.0002082353613378496,-3.929023992479345,0.14179133134237337,0.1,31.53775632720081,0.9999798172581642
dt_reference_0.25ms,dt_0.25ms_severity_1.0,High AD-like perturbation,1.0,23,2Hz,60.0,0.02,0.25,ac884c60d8359016,episodic_anatomical_core,0.00417678022243326,0.09575951793872603,0.027842702816445766,0.049884789941889995,0.0624390088896923,0.08985409080035273,0.16973142016409729,0.0015119265244502762,0.0017681536982667306,0.00289289603885313,0.0031745513997830446,0.003739491646833743,1.0,0.0431095593114459,0.12644930145371477,1.552479347397374,True,0.30323745786710843,0.00289289603885313,0.028435356549146282,0.04049590226141777,0.026335732937430373,0.014160169323987396,1.0,,,,,0.0006191773972146764,8.909712463363611,0.22697907360282513,0.5625,31.53775632720081,0.9999798172581642
dt_reference_0.25ms,dt_0.25ms_severity_1.0,High AD-like perturbation,1.0,23,2Hz,60.0,0.02,0.25,ac884c60d8359016,semantic_platel_peaks,0.012132916553999345,0.2898175715065701,0.12482609911267753,0.19945514183179192,0.2659560677579706,0.33407924820765295,0.4405506224976436,0.005055675714768581,0.006652749259234393,0.010594650206119584,0.012819660857703634,0.02046495482952009,1.0,0.18392103328285836,0.36673485271360823,0.995650902985362,False,0.21914512224232202,0.010594650206119584,0.013946479676003645,0.02281812197317041,0.011255933156115857,0.011562188817054552,1.0,,,,,0.0002264841887007485,-3.732515298234827,0.17771736174555156,0.4,31.53775632720081,0.9999798172581642
dt_reference_0.25ms,dt_0.25ms_severity_1.0,High AD-like perturbation,1.0,23,2Hz,60.0,0.02,0.25,ac884c60d8359016,episodic_platel_peaks,0.001971414847951005,0.05238710527618193,0.024909707018807566,0.0428073017681646,0.030793559258620446,0.04229849593382372,0.09343440889400237,0.0010505172144807027,0.0010412608184962244,0.0012120791348352916,0.0015739465271999286,0.002029459424873185,1.0,0.03485630612120904,0.06535580848346373,0.9068957722185549,False,0.1898620623963166,0.0012120791348352916,0.06331781332209127,0.10117656094708638,0.05144832040797281,0.04972824053911357,1.0,,,,,0.00043107908722733734,2.3983645978187633,0.20132973179980795,0.5,31.53775632720081,0.9999798172581642
dt_reference_0.25ms,dt_0.25ms_severity_1.0,High AD-like perturbation,1.0,23,2Hz,60.0,0.02,0.25,ac884c60d8359016,semantic_expanded_left,0.008892704085647407,0.22918525232899348,0.08328560021011878,0.13538417377736567,0.19742484887932057,0.261911846018192,0.36165592745662883,0.004233071304151057,0.008064403556030273,0.017280587791299356,0.014809460516413903,0.014742156457989748,1.0,0.12459938573631944,0.2955117729067679,1.2459186511165,True,0.2594489918541545,0.014742156457989748,0.025718733534568335,0.039896558863369666,0.02073809407004017,0.019158464793329496,1.0,,,,,0.0002264841887007485,0.5112996586198076,0.1661005324392592,0.2857142857142857,31.53775632720081,0.9999798172581642
dt_reference_0.25ms,dt_0.25ms_severity_1.0,High AD-like perturbation,1.0,23,2Hz,60.0,0.02,0.25,ac884c60d8359016,episodic_expanded_left,0.006190727250732617,0.15954915101122896,0.04872611559312074,0.08037741464687266,0.09107457610211356,0.13650415981033506,0.288127934533652,0.0024241654815864645,0.003314995294165333,0.0060996896213238476,0.006972951506453253,0.008291810733105668,1.0,0.07047978024075664,0.21044871124528536,1.5781873438816145,True,0.29459838362808866,0.0060996896213238476,0.013503936188445148,0.00900265032704577,0.017508762167741616,0.008506111840695846,1.0,,,,,0.0004147660711531498,6.511493281317637,0.1542611243678354,0.375,31.53775632720081,0.9999798172581642
dt_reference_0.25ms,dt_0.25ms_severity_1.0,High AD-like perturbation,1.0,23,2Hz,60.0,0.02,0.25,ac884c60d8359016,semantic_expanded_right,0.013657179228554452,0.36291706272050356,0.15933673135363471,0.25477123450071854,0.3397874037811221,0.436292205586532,0.5310249832347597,0.006924763575201444,0.006770782175162404,0.01804367221418377,0.02802875170221757,0.03610438098214744,1.0,0.23394921299338353,0.45763502352346497,0.9680020925761459,False,0.21247470045275932,0.01804367221418377,0.003956131005057178,0.00042838468164501964,0.0066820997512861404,0.006253715069641121,1.0,,,,,0.00021226383482042532,-4.930985032559012,0.12583077494649222,0.16666666666666666,31.53775632720081,0.9999798172581642
dt_reference_0.25ms,dt_0.25ms_severity_1.0,High AD-like perturbation,1.0,23,2Hz,60.0,0.02,0.25,ac884c60d8359016,episodic_expanded_right,0.002163652896071289,0.05749551504362996,0.01919413692660556,0.0350811289924574,0.0400017683458537,0.054985751926927146,0.10121080425126645,0.0009809227304397052,0.000981524518656488,0.0013463982537520877,0.0015366074007145487,0.0018321045808166994,1.0,0.029500677104146337,0.07489243991382577,1.3440720240410677,True,0.2722807037512633,0.0013463982537520877,0.05248167447890457,0.08734697742423075,0.04184481477708834,0.045502162647142415,1.0,,,,,0.0006694260422352993,7.768702275539178,0.2558695499377205,0.6363636363636364,31.53775632720081,0.9999798172581642
dt_reference_0.25ms,dt_0.25ms_severity_1.0,High AD-like perturbation,1.0,23,2Hz,60.0,0.02,0.25,ac884c60d8359016,shared_auditory_relay,0.007744386769741262,0.09272108888962757,0.03834032177851707,0.06759192510922962,0.07072899201109435,0.0979061765458885,0.15072747615953128,0.003220820403820049,0.0033187870937034267,0.003810905549650258,0.005435474895699173,0.006734075355607344,1.0,0.05755746386828033,0.11744187854169981,1.0288720204169848,True,0.2242282566142042,0.003810905549650258,0.05397794254614709,0.08208013680676987,0.046092603030187446,0.035987533776582425,1.0,,,,,0.0020021905064632195,11.809009155380366,0.3353713417246096,0.7142857142857143,31.53775632720081,0.9999798172581642
dt_reference_0.25ms,dt_0.25ms_severity_1.0,High AD-like perturbation,1.0,23,2Hz,60.0,0.02,0.25,ac884c60d8359016,anterior_temporal_context,0.013085150240767186,0.3135422928618767,0.1177534629532633,0.17679902005239623,0.2641434378144124,0.3371198475560338,0.49080906645513167,0.0049060671895581436,0.005878790607129716,0.008946362644703696,0.00918816360585154,0.015970123625577714,1.0,0.17448101647926903,0.4049786909040204,1.2147759186585716,True,0.25249680557165183,0.008946362644703696,0.04034180018740699,0.0718776131877551,0.03025177010788231,0.041625843079872785,1.0,,,,,0.00029855862098931985,0.3389328413641329,0.22354696335342364,0.3333333333333333,31.53775632720081,0.9999798172581642
dt_reference_0.25ms,dt_0.25ms_severity_1.0,High AD-like perturbation,1.0,23,2Hz,60.0,0.02,0.25,ac884c60d8359016,hippocampal_context,0.001840984428110979,0.04174951004717282,0.017465879891646427,0.03673775275686252,0.030067138053420338,0.03892387994075509,0.06934369448137548,0.0007519414472112461,0.000765875197905817,0.0007377541786430016,0.0007758277275878089,0.001161364930391991,1.0,0.02961621825247095,0.050845321969904954,0.7797276127596705,False,0.20309214508304893,0.000765875197905817,0.01611632664518901,0.017551428796556297,0.018010157436855117,0.00045872864029881943,1.0,,,,,0.0005907882467861003,5.211850946684457,0.18863057675879666,0.5,31.53775632720081,0.9999798172581642
dt_reference_0.25ms,dt_0.25ms_severity_1.0,High AD-like perturbation,1.0,23,2Hz,60.0,0.02,0.25,ac884c60d8359016,angular_parietal_context,0.008632710544596247,0.1064095019807867,0.03957136730408414,0.0650415786868814,0.07010950255473515,0.11018284933525516,0.1813416841055701,0.0016418603121666764,0.002033832158364581,0.0033705362060450707,0.0024428669580822565,0.004351287360288498,1.0,0.05620762090076486,0.1387003130747741,1.3031333877372404,True,0.25764145161060276,0.0024428669580822565,0.014745790717394633,0.017607551811763038,0.015030959322917006,0.002576592488846032,1.0,,,,,0.00046989702292310476,4.855765476968555,0.19732062580109583,0.3333333333333333,31.53775632720081,0.9999798172581642
dt_reference_0.25ms,dt_0.25ms_severity_1.0,High AD-like perturbation,1.0,23,5Hz,60.0,0.02,0.25,ac884c60d8359016,semantic_expanded,0.011288938414446004,0.21299379842513297,0.08015189641588925,0.12503164081605372,0.1806559064418167,0.25035638907335517,0.322238517013524,0.006966358708013564,0.01285994570336108,0.01630738752408553,0.022478105406846097,0.02402437084206879,1.0,0.11945085547872288,0.2733252153976375,1.194201374598684,True,0.2508165408672257,0.01630738752408553,0.01628762425810064,0.014932790042554161,0.017927205372493142,0.002994415329938981,1.0,,,,,0.0013224207750045514,-1.727007194665115,0.17553544209930871,0.23076923076923078,31.79866055182208,0.9999360253258892
dt_reference_0.25ms,dt_0.25ms_severity_1.0,High AD-like perturbation,1.0,23,5Hz,60.0,0.02,0.25,ac884c60d8359016,episodic_expanded,0.0032301731222593106,0.057936166608574896,0.02237916101885145,0.0306629373466469,0.034602778412098655,0.05295081584335557,0.10084750444801772,0.001425804050236679,0.001596279488750736,0.002070102460657047,0.002984252115288372,0.0032613347811158303,1.0,0.029990387046288196,0.07573763954345121,1.3365103172753579,True,0.25660260304063,0.002070102460657047,0.04873673124122653,0.07415000296902102,0.04161687447661646,0.03253312849240456,1.0,,,,,0.0030392651641155677,6.844724918419694,0.25880649804562145,0.631578947368421,31.79866055182208,0.9999360253258892
dt_reference_0.25ms,dt_0.25ms_severity_1.0,High AD-like perturbation,1.0,23,5Hz,60.0,0.02,0.25,ac884c60d8359016,semantic_anatomical_core,0.009525637447213065,0.1674014475178209,0.056417425430655734,0.08119728491079932,0.12338971222448382,0.19801031361986485,0.26048513249312605,0.003988531448948291,0.006638619610443706,0.011739117424828452,0.012265909475919635,0.017162451047257048,1.0,0.07939036858848558,0.2174567953357385,1.4536928929941193,True,0.28500243874222514,0.011739117424828452,0.017022476504439072,0.020927226569959725,0.01620735254527123,0.004719874024688497,1.0,,,,,0.001397500767057247,-0.9737169114472488,0.17685507038975457,0.2,31.79866055182208,0.9999360253258892
dt_reference_0.25ms,dt_0.25ms_severity_1.0,High AD-like perturbation,1.0,23,5Hz,60.0,0.02,0.25,ac884c60d8359016,episodic_anatomical_core,0.003429676284844027,0.05574895872963645,0.020855720972027057,0.029062440154650322,0.035345234654102005,0.0530847981600794,0.09539290285183447,0.0014577583892003325,0.0015939075439901176,0.002024484831725389,0.0028193929580545007,0.003057633831839311,1.0,0.02874415525646843,0.0729817556615231,1.3442672241213032,True,0.26280102170020775,0.002024484831725389,0.04488469919181161,0.07101352243257897,0.03708014460805787,0.0339333778245211,1.0,,,,,0.0030579849368512213,7.304121098926339,0.2635696252698221,0.6875,31.79866055182208,0.9999360253258892
dt_reference_0.25ms,dt_0.25ms_severity_1.0,High AD-like perturbation,1.0,23,5Hz,60.0,0.02,0.25,ac884c60d8359016,semantic_platel_peaks,0.012314938668065345,0.21240207675599707,0.0897678400148999,0.14047702614233784,0.19120580483182442,0.24444648830359675,0.31819875082012666,0.006510311446204187,0.01256866239124438,0.013760949018864918,0.02320378687610389,0.01852425828472363,1.0,0.1328979089751137,0.26918807675352974,1.0182961042122793,True,0.22252498208722235,0.013760949018864918,0.012250561531533123,-0.0016998460750611304,0.02005462733741704,0.02175447341247817,1.0,,,,,0.0005845203397686349,-4.306494636180505,0.14358483494736568,0.2,31.79866055182208,0.9999360253258892
dt_reference_0.25ms,dt_0.25ms_severity_1.0,High AD-like perturbation,1.0,23,5Hz,60.0,0.02,0.25,ac884c60d8359016,episodic_platel_peaks,0.0019387073161115135,0.03702305517707266,0.014258185744962496,0.023243450721381814,0.017292785499496782,0.03166808492390084,0.06798285253168439,0.0009022903466349034,0.0011854653480708746,0.0012641223706217005,0.002601320415105518,0.002114606158097219,1.0,0.019757014752053315,0.048070204429344184,1.2827779640040395,True,0.24764831566255174,0.0012641223706217005,0.07924410908725757,0.10734570286325938,0.07333626158728615,0.03400944127597323,1.0,,,,,0.0018957127983155186,6.2443586228898,0.182603412148869,0.5,31.79866055182208,0.9999360253258892
dt_reference_0.25ms,dt_0.25ms_severity_1.0,High AD-like perturbation,1.0,23,5Hz,60.0,0.02,0.25,ac884c60d8359016,semantic_expanded_left,0.009367475293456499,0.17557205804377474,0.06060742594418088,0.08996060319116551,0.13719942654001896,0.20399996779757387,0.27638726864381424,0.0031957473237268284,0.008847202405437337,0.007835410234098127,0.014551956709932722,0.013940763479921583,1.0,0.0879349033333495,0.22821284656956484,1.3758721840339145,True,0.27797265278306377,0.008847202405437337,0.017566263447581842,0.006466972134818005,0.024067846007762395,0.01760087387294439,1.0,,,,,0.0013224207750045514,0.2529003569150654,0.19385859812452932,0.42857142857142855,31.79866055182208,0.9999360253258892
dt_reference_0.25ms,dt_0.25ms_severity_1.0,High AD-like perturbation,1.0,23,5Hz,60.0,0.02,0.25,ac884c60d8359016,episodic_expanded_left,0.005184515900927921,0.0971719805145827,0.04362073048841354,0.04876689572858817,0.059078851860615435,0.07988436591969449,0.16884624785918678,0.0022665924903414506,0.0022757481259676427,0.0036939754048131014,0.003856145818459777,0.0062171627778782705,1.0,0.05215165508700199,0.12617052009117102,1.2745899180796552,True,0.23086298058266022,0.0036939754048131014,0.026825605954631036,0.0423174419814525,0.021962967147292015,0.020354474834160485,1.0,,,,,0.001971879570276447,5.860684012064428,0.26279643924070595,0.625,31.79866055182208,0.9999360253258892
dt_reference_0.25ms,dt_0.25ms_severity_1.0,High AD-like perturbation,1.0,23,5Hz,60.0,0.02,0.25,ac884c60d8359016,semantic_expanded_right,0.013530645388933761,0.25839167503666877,0.10599899928071868,0.17377508209826995,0.23787677073704716,0.30724672276440723,0.3756962553180872,0.015185854428604007,0.018692711652189213,0.0339396253566179,0.03472146273884977,0.04140163450793238,1.0,0.16226215454526327,0.32735524969402857,1.012530565163453,True,0.2236604289513875,0.0339396253566179,0.015008985068619432,0.023398607950290317,0.011786564737223892,0.011612043213066425,1.0,,,,,0.0012540464945879348,-10.831772222626165,0.11342174405171979,0.0,31.79866055182208,0.9999360253258892
dt_reference_0.25ms,dt_0.25ms_severity_1.0,High AD-like perturbation,1.0,23,5Hz,60.0,0.02,0.25,ac884c60d8359016,episodic_expanded_right,0.0018088329195912309,0.03454287319782291,0.01148139525175327,0.019279794472815283,0.0202670200270938,0.03509809292716332,0.06023361065076581,0.0008969045818046772,0.001119679360440146,0.0011600846589381077,0.00230949790460991,0.001710797181048827,1.0,0.017246304334650703,0.04546379011094481,1.3984307164710605,True,0.2823422254985996,0.0011600846589381077,0.07064785652782203,0.10598256395658953,0.0612707818059409,0.04471178215064863,1.0,,,,,0.003124724601989426,8.104319433634446,0.25880649804562145,0.6363636363636364,31.79866055182208,0.9999360253258892
dt_reference_0.25ms,dt_0.25ms_severity_1.0,High AD-like perturbation,1.0,23,5Hz,60.0,0.02,0.25,ac884c60d8359016,shared_auditory_relay,0.007453999354671924,0.062430073957575855,0.027403022091904157,0.04475690192278202,0.04645680209338612,0.06439331542254406,0.10020439722325802,0.004072818249052013,0.004699663309215638,0.005130130513346848,0.0062334348727461995,0.005082277210351802,1.0,0.03964633794008506,0.07864582718127601,0.988182607662619,False,0.2132939284869776,0.005082277210351802,0.08574156310436201,0.1284859667682937,0.07215762498343219,0.05632834178486153,1.0,,,,,0.009819318762456397,10.032820334198167,0.3917793418413176,0.7857142857142857,31.79866055182208,0.9999360253258892
dt_reference_0.25ms,dt_0.25ms_severity_1.0,High AD-like perturbation,1.0,23,5Hz,60.0,0.02,0.25,ac884c60d8359016,anterior_temporal_context,0.011716502781634212,0.20305152767921003,0.09782042494159104,0.11489522353530926,0.1811315159982866,0.20535822835690112,0.2997507515592695,0.013531317046852958,0.01261522480883051,0.024144864316275657,0.02348531375806876,0.025616583099997665,1.0,0.12529080837824488,0.25433221678948587,1.021433643660315,True,0.2034467699784207,0.02348531375806876,0.010339306482946373,0.010734526314709902,0.011067495071504644,0.00033296875679474265,1.0,,,,,0.0026353960633710427,0.5870877052399125,0.21216909003572665,0.4444444444444444,31.79866055182208,0.9999360253258892
dt_reference_0.25ms,dt_0.25ms_severity_1.0,High AD-like perturbation,1.0,23,5Hz,60.0,0.02,0.25,ac884c60d8359016,hippocampal_context,0.0017658313500713864,0.027880547416567883,0.01126987856006613,0.020966312643354346,0.020403063560924455,0.023591310951836485,0.04803000344406836,0.0010194153732619865,0.0011529744177115756,0.0006598965230286834,0.001306201284464175,0.001526406903763522,1.0,0.018189694999621173,0.034807385514554576,0.9362721006162902,False,0.2176555159424608,0.0011529744177115756,0.035440601670513674,0.05978613600183559,0.028214825547196454,0.03157131045463914,1.0,,,,,0.0027205490503317553,4.8252315060175786,0.2544750391338312,0.5,31.79866055182208,0.9999360253258892
dt_reference_0.25ms,dt_0.25ms_severity_1.0,High AD-like perturbation,1.0,23,5Hz,60.0,0.02,0.25,ac884c60d8359016,angular_parietal_context,0.008207316263552278,0.06970213007908842,0.02521491120273414,0.03868697963195301,0.04461989972301828,0.072793742424725,0.11836305129377056,0.0016284667771594519,0.002892466941089119,0.0030298120590456254,0.0022683287677247328,0.005213446598270658,1.0,0.035267383101422106,0.0914819649742117,1.3751528248907383,True,0.2686852912750233,0.002892466941089119,0.029019150049035436,0.05886877188975265,0.020027981629463218,0.03884079026028943,1.0,,,,,0.0020170108017550925,4.487805805474972,0.2850062367641858,0.6666666666666666,31.79866055182208,0.9999360253258892
dt_reference_0.25ms,dt_0.25ms_severity_1.0,High AD-like perturbation,1.0,37,pulse,60.0,0.02,0.25,ac884c60d8359016,semantic_expanded,0.00042677302942266713,0.009600663496610573,,,,,,,,,,,1.0,,,,False,,,,,,,,989.0,985.0,0.9230769230769231,0.037474580774144145,,,,,,
dt_reference_0.25ms,dt_0.25ms_severity_1.0,High AD-like perturbation,1.0,37,pulse,60.0,0.02,0.25,ac884c60d8359016,episodic_expanded,0.0010526612564262649,0.02431160568346361,,,,,,,,,,,1.0,,,,False,,,,,,,,521.5,492.0,0.8947368421052632,0.023307952246965025,,,,,,
dt_reference_0.25ms,dt_0.25ms_severity_1.0,High AD-like perturbation,1.0,37,pulse,60.0,0.02,0.25,ac884c60d8359016,semantic_anatomical_core,0.0005096225681171751,0.011436919970121603,,,,,,,,,,,1.0,,,,False,,,,,,,,1135.0,1078.5,0.9,0.04026985655065854,,,,,,
dt_reference_0.25ms,dt_0.25ms_severity_1.0,High AD-like perturbation,1.0,37,pulse,60.0,0.02,0.25,ac884c60d8359016,episodic_anatomical_core,0.0010233457805201717,0.02252645759278463,,,,,,,,,,,1.0,,,,False,,,,,,,,514.5,485.0,0.875,0.0247624157099093,,,,,,
dt_reference_0.25ms,dt_0.25ms_severity_1.0,High AD-like perturbation,1.0,37,pulse,60.0,0.02,0.25,ac884c60d8359016,semantic_platel_peaks,0.00026097901932885573,0.005808398567536222,,,,,,,,,,,1.0,,,,False,,,,,,,,853.5,853.5,1.0,0.021684507817714648,,,,,,
dt_reference_0.25ms,dt_0.25ms_severity_1.0,High AD-like perturbation,1.0,37,pulse,60.0,0.02,0.25,ac884c60d8359016,episodic_platel_peaks,0.0011079042550852238,0.024463096288670234,,,,,,,,,,,1.0,,,,False,,,,,,,,567.0,567.0,1.0,0.01699493874932724,,,,,,
dt_reference_0.25ms,dt_0.25ms_severity_1.0,High AD-like perturbation,1.0,37,pulse,60.0,0.02,0.25,ac884c60d8359016,semantic_expanded_left,0.00046923071067165825,0.011065642577268841,,,,,,,,,,,1.0,,,,False,,,,,,,,802.0,794.0,0.8571428571428571,0.037474580774144145,,,,,,
dt_reference_0.25ms,dt_0.25ms_severity_1.0,High AD-like perturbation,1.0,37,pulse,60.0,0.02,0.25,ac884c60d8359016,episodic_expanded_left,0.001293024038502883,0.030492765133400775,,,,,,,,,,,1.0,,,,False,,,,,,,,661.0,616.0,0.875,0.034311450076727944,,,,,,
dt_reference_0.25ms,dt_0.25ms_severity_1.0,High AD-like perturbation,1.0,37,pulse,60.0,0.02,0.25,ac884c60d8359016,semantic_expanded_right,0.0003772390679655107,0.00832963281901884,,,,,,,,,,,1.0,,,,False,,,,,,,,1176.0,1176.0,1.0,0.031882268005375726,,,,,,
dt_reference_0.25ms,dt_0.25ms_severity_1.0,High AD-like perturbation,1.0,37,pulse,60.0,0.02,0.25,ac884c60d8359016,episodic_expanded_right,0.0008778519603705426,0.019383423193090436,,,,,,,,,,,1.0,,,,False,,,,,,,,382.0,368.0,0.9090909090909091,0.018048838730379657,,,,,,
dt_reference_0.25ms,dt_0.25ms_severity_1.0,High AD-like perturbation,1.0,37,pulse,60.0,0.02,0.25,ac884c60d8359016,shared_auditory_relay,0.0009183513267090263,0.019749885364861525,,,,,,,,,,,1.0,,,,False,,,,,,,,330.0,306.5,0.9285714285714286,0.017652995258642203,,,,,,
dt_reference_0.25ms,dt_0.25ms_severity_1.0,High AD-like perturbation,1.0,37,pulse,60.0,0.02,0.25,ac884c60d8359016,anterior_temporal_context,0.0009830493171339707,0.021350780641589757,,,,,,,,,,,1.0,,,,False,,,,,,,,946.0,806.5,0.8333333333333334,0.026064958880835876,,,,,,
dt_reference_0.25ms,dt_0.25ms_severity_1.0,High AD-like perturbation,1.0,37,pulse,60.0,0.02,0.25,ac884c60d8359016,hippocampal_context,0.0009889409760533198,0.018406184139521792,,,,,,,,,,,1.0,,,,False,,,,,,,,707.0,707.0,1.0,0.01562351705488907,,,,,,
dt_reference_0.25ms,dt_0.25ms_severity_1.0,High AD-like perturbation,1.0,37,pulse,60.0,0.02,0.25,ac884c60d8359016,angular_parietal_context,0.0005326160041941994,0.011936436400202631,,,,,,,,,,,1.0,,,,False,,,,,,,,443.0,443.0,1.0,0.03543765531117654,,,,,,
dt_reference_0.25ms,dt_0.25ms_severity_1.0,High AD-like perturbation,1.0,37,2Hz,60.0,0.02,0.25,ac884c60d8359016,semantic_expanded,0.018383866833055606,0.46746879193674185,0.12044904626951775,0.19867561096681444,0.2597504223724142,0.43403394199550194,0.8149696805933276,0.005741015785733349,0.00752101367934621,0.018578811743714584,0.021604831815575806,0.031371168975701406,1.0,0.1794853742384433,0.6191618639638419,1.7864503266535567,True,0.33220199607285583,0.018578811743714584,0.01655750861441573,0.019625306238910352,0.02118252952311405,0.0015572232842036987,1.0,,,,,0.00032158458537812074,-2.2689036760971026,0.11127963698312436,0.0,31.491589161303537,0.9999230891144367
dt_reference_0.25ms,dt_0.25ms_severity_1.0,High AD-like perturbation,1.0,37,2Hz,60.0,0.02,0.25,ac884c60d8359016,episodic_expanded,0.00858667315231422,0.1991468848185185,0.03572840212514475,0.062187395673221714,0.11517124506901054,0.15363199050859008,0.3785799991152553,0.0016875632207825157,0.0020142475871665353,0.002984561554211303,0.0036267722381146763,0.007794033144385878,1.0,0.06947250337300524,0.27143747888877134,1.9661059460022023,True,0.40578471703312924,0.002984561554211303,0.03701503859783582,0.04546750756645013,0.045287936162294595,0.00017957140415553186,1.0,,,,,0.0001073695440457767,0.13118317885765307,0.17157547787016628,0.3157894736842105,31.491589161303537,0.9999230891144367
dt_reference_0.25ms,dt_0.25ms_severity_1.0,High AD-like perturbation,1.0,37,2Hz,60.0,0.02,0.25,ac884c60d8359016,semantic_anatomical_core,0.018650047862431258,0.47722111370831916,0.09044140936255453,0.15590108902662317,0.182214965412488,0.40646373235979577,0.8585173273703897,0.0038762465474991344,0.003365470696521639,0.008964060221897031,0.014181427838964946,0.02596935618585951,1.0,0.13592700945724842,0.6382319011510977,2.2312485653966534,True,0.39380396854276256,0.008964060221897031,0.021331662643919558,0.01311006961983762,0.02898988984235574,0.015879820222518118,1.0,,,,,7.012114178212014e-05,-2.583862225314877,0.10117067676601786,0.0,31.491589161303537,0.9999230891144367
dt_reference_0.25ms,dt_0.25ms_severity_1.0,High AD-like perturbation,1.0,37,2Hz,60.0,0.02,0.25,ac884c60d8359016,episodic_anatomical_core,0.009306952552855794,0.19015636753276627,0.0325040395389617,0.05851986835241824,0.11546604810733231,0.14477989625885385,0.36151437697810046,0.0016505461904434255,0.0019610638448575267,0.003012012403893114,0.003696245515813872,0.007249524056978111,1.0,0.06610263541645088,0.259582405176281,1.9734129028000127,True,0.4128793522052092,0.003012012403893114,0.036989240619160126,0.04088881931716993,0.04541793634949552,0.004529117032325593,1.0,,,,,0.00010113887251078646,0.14473459362177127,0.17372055808199643,0.3125,31.491589161303537,0.9999230891144367
dt_reference_0.25ms,dt_0.25ms_severity_1.0,High AD-like perturbation,1.0,37,2Hz,60.0,0.02,0.25,ac884c60d8359016,semantic_platel_peaks,0.01327466295564263,0.33064522026270504,0.12586426489473948,0.1986498359532018,0.27642544751841835,0.35398355391104225,0.5278019613724736,0.00528873731110978,0.006200138158700432,0.009613330779849048,0.014435450525684628,0.02879741586131969,1.0,0.18497656103987964,0.4263403270390392,1.2046630507036278,True,0.24848553435858267,0.009613330779849048,0.004582900086901648,0.021191721495294673,0.00400188305180502,0.017189838443489654,1.0,,,,,0.0005695836012447053,-1.1338539796246954,0.08714647059734067,0.0,31.491589161303537,0.9999230891144367
dt_reference_0.25ms,dt_0.25ms_severity_1.0,High AD-like perturbation,1.0,37,2Hz,60.0,0.02,0.25,ac884c60d8359016,episodic_platel_peaks,0.004210327542320649,0.11183154905037004,0.02414506951957434,0.038186209085022634,0.0435245376510185,0.06170441770111278,0.23570689164379105,0.0010692933730440447,0.0010832378877232414,0.0012431798191444578,0.0012045485795585498,0.004412874093324897,1.0,0.03615049964774278,0.1530552190276649,2.081964747759265,True,0.36333544574453885,0.0012045485795585498,0.035002217638070675,0.08229046521292592,0.03747566486638002,0.0448148003465459,1.0,,,,,0.00012672586637502148,-2.119927309094918,0.11826187584181022,0.25,31.491589161303537,0.9999230891144367
dt_reference_0.25ms,dt_0.25ms_severity_1.0,High AD-like perturbation,1.0,37,2Hz,60.0,0.02,0.25,ac884c60d8359016,semantic_expanded_left,0.021224995398691073,0.5459666385716576,0.09042705269980165,0.15364216417898416,0.1879575706000653,0.4304539958280147,1.069714653134497,0.004661914831762632,0.008520201811997283,0.01786673479088691,0.015917396535624958,0.02934093823989111,1.0,0.13669060062170627,0.7462505312906754,2.4487460124774945,True,0.4307470190216237,0.015917396535624958,0.02477833844627502,0.03952996154837631,0.030828951426450823,0.00870101012192549,1.0,,,,,0.00032158458537812074,-1.1338539796246954,0.09106171654891136,0.0,31.491589161303537,0.9999230891144367
dt_reference_0.25ms,dt_0.25ms_severity_1.0,High AD-like perturbation,1.0,37,2Hz,60.0,0.02,0.25,ac884c60d8359016,episodic_expanded_left,0.015111701190554237,0.3887155001510631,0.0694445815459877,0.12430029625599605,0.27318394929304274,0.43560854722763187,0.6664279244402517,0.002901552223150056,0.004112730643099151,0.006360176125090205,0.008854347216277633,0.015805423850247323,1.0,0.154420202986767,0.5239337747898385,1.762522952149171,True,0.4167116080236721,0.006360176125090205,0.03723834330865766,0.012647095879913112,0.05207732887618308,0.039430232996269965,1.0,,,,,8.904843377960381e-05,-0.4256338221670757,0.15082468591760023,0.125,31.491589161303537,0.9999230891144367
dt_reference_0.25ms,dt_0.25ms_severity_1.0,High AD-like perturbation,1.0,37,2Hz,60.0,0.02,0.25,ac884c60d8359016,semantic_expanded_right,0.015069216839814227,0.40025718788697623,0.16043841211323975,0.25690863314743756,0.3589654926228555,0.4376436614132931,0.6208904200201534,0.007069897980006185,0.0066390031613174725,0.019319268453262383,0.029324441138011147,0.03354188045575134,1.0,0.23567823551137687,0.5137167716639846,1.124154640829619,True,0.23365697312408784,0.019319268453262383,0.008336678782556436,-0.0002793490705556097,0.01153610761977728,0.01181545669033289,1.0,,,,,0.000319862083849487,-3.4635884694029198,0.11971484304389599,0.0,31.491589161303537,0.9999230891144367
dt_reference_0.25ms,dt_0.25ms_severity_1.0,High AD-like perturbation,1.0,37,2Hz,60.0,0.02,0.25,ac884c60d8359016,episodic_expanded_right,0.0038411982154123933,0.10202701388935549,0.018381833254632107,0.031112332770737734,0.04855488664349539,0.05418348344597018,0.2150612398940019,0.000981498661790785,0.0009864962465299958,0.001400528459540081,0.001485538859711564,0.0038434244618397316,1.0,0.031255163712780656,0.14062522496291868,2.1696889398552344,True,0.3948578260425864,0.001400528459540081,0.03679173388701399,0.07828791925298714,0.038498543448406114,0.03978937580458103,1.0,,,,,0.0001921133231613803,0.541550234143484,0.17157547787016628,0.45454545454545453,31.491589161303537,0.9999230891144367
dt_reference_0.25ms,dt_0.25ms_severity_1.0,High AD-like perturbation,1.0,37,2Hz,60.0,0.02,0.25,ac884c60d8359016,shared_auditory_relay,0.011706867304294379,0.15186215980890794,0.03940068561550611,0.06476761236513116,0.08401850303331247,0.12883551579300018,0.2828555630316508,0.0032475975599424787,0.0034626191292707626,0.00416043048975861,0.005661637651999023,0.007789234189486347,1.0,0.059410274372086846,0.20468986821722351,1.7846553368958937,True,0.33398658493076017,0.00416043048975861,0.05061829170610069,0.07887074376186815,0.05383920283714942,0.025031540924718723,1.0,,,,,0.00027920411126480804,5.765832321097114,0.29883795135387686,0.6428571428571429,31.491589161303537,0.9999230891144367
dt_reference_0.25ms,dt_0.25ms_severity_1.0,High AD-like perturbation,1.0,37,2Hz,60.0,0.02,0.25,ac884c60d8359016,anterior_temporal_context,0.018389585602162153,0.409912648431344,0.13480363255589,0.19364257119918513,0.35770132543383576,0.52953394333269,0.5782700456095645,0.005064131490159971,0.005988953305020296,0.008731167126444369,0.010009918545163265,0.020221972675524457,1.0,0.20545523026372386,0.5379702688372245,1.388702386221061,True,0.2826547503504226,0.008731167126444369,0.02940703616256906,0.06818165925570668,0.024970289754688776,0.04321136950101791,1.0,,,,,0.00028665357498564026,0.12317878498431645,0.2043971641684718,0.2777777777777778,31.491589161303537,0.9999230891144367
dt_reference_0.25ms,dt_0.25ms_severity_1.0,High AD-like perturbation,1.0,37,2Hz,60.0,0.02,0.25,ac884c60d8359016,hippocampal_context,0.00377362006174271,0.09412967826083551,0.018204216770877545,0.035399724224584546,0.035323225030437014,0.047910756121821156,0.1994645350933179,0.000802092633123091,0.0008310691776582856,0.0006305373874195995,0.000994046122225086,0.0030725798216989027,1.0,0.02982420324151945,0.12899238639314684,2.1127304132607203,True,0.36720934118050824,0.0008310691776582856,0.04035161763326503,0.019665203311122082,0.05530616472126404,0.03564096141014196,1.0,,,,,0.00013915011415682743,-1.2099571660243658,0.24111872719977862,0.5,31.491589161303537,0.9999230891144367
dt_reference_0.25ms,dt_0.25ms_severity_1.0,High AD-like perturbation,1.0,37,2Hz,60.0,0.02,0.25,ac884c60d8359016,angular_parietal_context,0.009684845327523756,0.20786987664219567,0.0428274500842213,0.06703568480123609,0.10030739757414894,0.16422796121284977,0.36662315354464786,0.0013309164101394644,0.0014277593193763797,0.003145459512916842,0.0016409225330465873,0.009375559724548099,1.0,0.06389468009119896,0.27854449482081417,2.1241400810738167,True,0.3744039507528678,0.0016409225330465873,0.03744271700244504,0.02132784079284312,0.049128436564062114,0.027800595771218992,1.0,,,,,0.00011281180978645056,-0.5577213143822144,0.21683834036613558,0.16666666666666666,31.491589161303537,0.9999230891144367
dt_reference_0.25ms,dt_0.25ms_severity_1.0,High AD-like perturbation,1.0,37,5Hz,60.0,0.02,0.25,ac884c60d8359016,semantic_expanded,0.019391777723880007,0.3523220342553944,0.08562271615510425,0.14266054984325868,0.190106230648636,0.32452436044700145,0.6132876593618203,0.007952705897581689,0.012849684394893165,0.021846821857708268,0.026393601847999843,0.05300231497420928,1.0,0.1304960796785302,0.4686107665402121,1.8443836346769227,True,0.34333685837267797,0.021846821857708268,-0.028542816334812114,-0.01651789541666246,-0.04296244892038306,0.026444553503720603,1.0,,,,,0.00137512625639169,3.6535976849013037,0.13286617744475054,0.15384615384615385,31.8306552922205,0.9998737237844142
dt_reference_0.25ms,dt_0.25ms_severity_1.0,High AD-like perturbation,1.0,37,5Hz,60.0,0.02,0.25,ac884c60d8359016,episodic_expanded,0.009955356976008042,0.16038222196796387,0.026343693932314075,0.049030374804572355,0.0960062544986249,0.13223844791093448,0.29544844670686193,0.0015840615929300231,0.0019373262986361593,0.003261098815978355,0.0038562894552653195,0.012642658561463856,1.0,0.05644189843773825,0.21816233010075162,1.950563594989575,True,0.4203073854253912,0.003261098815978355,0.015048687890441274,0.04854449557194017,0.011619461714537671,0.0369250338574025,1.0,,,,,0.0004488230828050277,9.131098012790154,0.1504333999542031,0.2631578947368421,31.8306552922205,0.9998737237844142
dt_reference_0.25ms,dt_0.25ms_severity_1.0,High AD-like perturbation,1.0,37,5Hz,60.0,0.02,0.25,ac884c60d8359016,semantic_anatomical_core,0.019770527583075313,0.36125797140491867,0.06557942790640402,0.11555066984878369,0.13760431076330346,0.3082074640754991,0.6494776795124676,0.005001216143139466,0.007731947001672724,0.016369899444602237,0.016215652789354003,0.058008877645831895,1.0,0.10151672288065505,0.4850836129681726,2.256516040838499,True,0.4015652813315512,0.016215652789354003,-0.033417963066305456,-0.013276170668601747,-0.05181373914844656,0.03853756847984481,1.0,,,,,0.0014554482301383231,3.7998953910044926,0.11741011095301643,0.1,31.8306552922205,0.9998737237844142
dt_reference_0.25ms,dt_0.25ms_severity_1.0,High AD-like perturbation,1.0,37,5Hz,60.0,0.02,0.25,ac884c60d8359016,episodic_anatomical_core,0.01087693271461741,0.15188894420696336,0.024611489458237552,0.0465609635644839,0.09598869470387307,0.12195657816042371,0.2801486665950979,0.0015998772034804447,0.0018608579196715334,0.002895839636794183,0.0041205817221491026,0.01039974727470274,1.0,0.05425301531217382,0.20671342488604197,1.9298568588005738,True,0.4203376128795241,0.002895839636794183,0.024226426195783836,0.04943454402476432,0.024428352632671162,0.025006191392093157,1.0,,,,,0.0004237040240622769,8.741971458650909,0.14978927686945478,0.25,31.8306552922205,0.9998737237844142
dt_reference_0.25ms,dt_0.25ms_severity_1.0,High AD-like perturbation,1.0,37,5Hz,60.0,0.02,0.25,ac884c60d8359016,semantic_platel_peaks,0.013857268535117795,0.24915103595436983,0.09138043784544035,0.14206003283525603,0.2040342349548826,0.26288848039980145,0.3941425203024822,0.0074103380318873285,0.012787927373437745,0.019904147501819104,0.0267372038936823,0.03157841741637764,1.0,0.1355309470221368,0.32211550703407715,1.2489558025306287,True,0.2552735237035174,0.019904147501819104,-0.024219622790417984,-0.01352625884120099,-0.036544386974996956,0.023018128133795966,1.0,,,,,0.001069742259157902,3.2565484020877316,0.14788457406152147,0.2,31.8306552922205,0.9998737237844142
dt_reference_0.25ms,dt_0.25ms_severity_1.0,High AD-like perturbation,1.0,37,5Hz,60.0,0.02,0.25,ac884c60d8359016,episodic_platel_peaks,0.004428730889959115,0.08454528957780942,0.013606617401817067,0.02590872865020807,0.03346200376966151,0.05388909530820789,0.17299561225719545,0.0009392524008161311,0.001558908575983094,0.0027960476802405656,0.0017535726902810122,0.014866205708047236,1.0,0.025265128021828346,0.11604598800032175,2.199477250554925,True,0.41966326551123356,0.0017535726902810122,-0.031410718849677464,0.05612709913144771,-0.05598012763302969,0.1121072267644774,1.0,,,,,0.000508362447443178,9.533341937077179,0.18350618381369002,0.5,31.8306552922205,0.9998737237844142
dt_reference_0.25ms,dt_0.25ms_severity_1.0,High AD-like perturbation,1.0,37,5Hz,60.0,0.02,0.25,ac884c60d8359016,semantic_expanded_left,0.02315376531016152,0.43340846650697273,0.06923739226159381,0.11799972250270487,0.1453472633424176,0.3535701593592394,0.8361590457147533,0.0039388157659505435,0.009365784596560603,0.012536087135554938,0.019869624539794156,0.04417820884992532,1.0,0.10601020666301725,0.5932337254841001,2.48439744353552,True,0.4385760615871475,0.012536087135554938,-0.030263035183649582,-0.041629820363794055,-0.04181011840950732,0.0001802980457132619,1.0,,,,,0.0015357702038849563,7.0335878832154695,0.18310110702156412,0.2857142857142857,31.8306552922205,0.9998737237844142
dt_reference_0.25ms,dt_0.25ms_severity_1.0,High AD-like perturbation,1.0,37,5Hz,60.0,0.02,0.25,ac884c60d8359016,episodic_expanded_left,0.01820818306891831,0.3408335791636759,0.06348394650028846,0.11145912172041395,0.2514904366077018,0.3941654812208399,0.562564467084844,0.002763976769837192,0.0027657259124954075,0.004947021551686953,0.0061712880985171515,0.015875234848511048,1.0,0.1416762378103267,0.45762931678703855,1.6915816702640794,True,0.4058698084025883,0.004947021551686953,0.03635886275835051,0.03198044908904325,0.044866359918546046,0.012885910829502793,1.0,,,,,0.0002203567128137851,8.175403168822585,0.11697217498791704,0.0,31.8306552922205,0.9998737237844142
dt_reference_0.25ms,dt_0.25ms_severity_1.0,High AD-like perturbation,1.0,37,5Hz,60.0,0.02,0.25,ac884c60d8359016,semantic_expanded_right,0.01500279220655157,0.28640607051884215,0.10588569676452436,0.1724752571440528,0.24864849946497292,0.2978646747632641,0.44982082661557427,0.016056991454173206,0.017629530910736088,0.038072775031115155,0.035059656870494525,0.0635889382063537,1.0,0.16063761544770314,0.3701678463040969,1.204369825818326,True,0.24809765515820856,0.035059656870494525,-0.02682259748597465,0.008594029530469137,-0.0441147794312588,0.052708808961727936,1.0,,,,,0.001222434257774796,-5.135155659216962,0.08340689672989243,0.0,31.8306552922205,0.9998737237844142
dt_reference_0.25ms,dt_0.25ms_severity_1.0,High AD-like perturbation,1.0,37,5Hz,60.0,0.02,0.25,ac884c60d8359016,episodic_expanded_right,0.0039533016357096665,0.07546925742028703,0.010931743350207248,0.021568245078289992,0.0366503037935895,0.044364633482695676,0.15516405633264546,0.0009078408898291161,0.0013570517492099885,0.00214973097983552,0.0024097025005790497,0.010068311872359266,1.0,0.02248568954464259,0.10400295726057679,2.209545519715071,True,0.4347449624481941,0.00214973097983552,-0.006261486977467965,0.06510854205483708,-0.021627436489470703,0.08673597854430778,1.0,,,,,0.0005356844607506961,9.395450210236643,0.1878410231396376,0.45454545454545453,31.8306552922205,0.9998737237844142
dt_reference_0.25ms,dt_0.25ms_severity_1.0,High AD-like perturbation,1.0,37,5Hz,60.0,0.02,0.25,ac884c60d8359016,shared_auditory_relay,0.012387865609142781,0.11627526793880089,0.027315370396769872,0.04800573055264829,0.06449872262703449,0.10145815444710395,0.21233514299217418,0.0038502343958924383,0.004567462414480352,0.005509588150733608,0.008925766295175445,0.00892371685074792,1.0,0.04424680134282225,0.15676068763842382,1.8249187366885735,True,0.34983614180521627,0.005509588150733608,0.04623722360912976,0.0983722813418002,0.04550189847229334,0.05287038286950686,1.0,,,,,0.0012123554869437059,10.669249791470458,0.23056868794065427,0.5714285714285714,31.8306552922205,0.9998737237844142
dt_reference_0.25ms,dt_0.25ms_severity_1.0,High AD-like perturbation,1.0,37,5Hz,60.0,0.02,0.25,ac884c60d8359016,anterior_temporal_context,0.020358777272641782,0.33343105734466294,0.1015963566282395,0.13813630202130772,0.28590842889813994,0.4386317261758456,0.45356449614395106,0.010206399371068289,0.016296143890280553,0.037930328660894234,0.06577709289523588,0.04652322320734618,1.0,0.15626443167918289,0.43845889270653665,1.4884521556204955,True,0.2991917877127542,0.037930328660894234,-0.012856890500340806,-0.03724506668672528,-0.01223504369820751,0.02501002298851777,1.0,,,,,0.001114055842226902,4.28032050192892,0.1780136782486524,0.3888888888888889,31.8306552922205,0.9998737237844142
dt_reference_0.25ms,dt_0.25ms_severity_1.0,High AD-like perturbation,1.0,37,5Hz,60.0,0.02,0.25,ac884c60d8359016,hippocampal_context,0.003671317415726694,0.06668264613988661,0.01173213127570785,0.024604475538997694,0.027604989388165548,0.03875900062586614,0.13738819888745338,0.0009485340225430074,0.0010735158125454777,0.0005731770854050039,0.002812239804218393,0.004727404474149965,1.0,0.02157988777926526,0.09114219681483914,2.078431782012164,True,0.38775263670305793,0.0010735158125454777,0.043904534749893406,0.03642893776301785,0.056813258278362144,0.020384320515344292,1.0,,,,,0.0004855630565878122,7.506453896360757,0.08138493075187354,0.0,31.8306552922205,0.9998737237844142
dt_reference_0.25ms,dt_0.25ms_severity_1.0,High AD-like perturbation,1.0,37,5Hz,60.0,0.02,0.25,ac884c60d8359016,angular_parietal_context,0.009788425329088574,0.153560071734112,0.03173605532722286,0.049263178661494746,0.0792533920810254,0.12144624980352141,0.27098744484002096,0.0016518179645306594,0.002527573028649317,0.0038868210119425324,0.0049087248700666304,0.015977942003811165,1.0,0.049250593482985945,0.20477358931266615,2.055816640994855,True,0.37448994467993635,0.0038868210119425324,0.03929130513189284,0.04571115104529344,0.04658442563949293,0.0008732745941994885,1.0,,,,,0.0008938959037104732,8.248304878770721,0.11352230447717507,0.0,31.8306552922205,0.9998737237844142
dt_reference_0.25ms,dt_0.25ms_severity_1.0,High AD-like perturbation,1.0,53,pulse,60.0,0.02,0.25,ac884c60d8359016,semantic_expanded,0.00041977251193274365,0.009356866662085931,,,,,,,,,,,1.0,,,,False,,,,,,,,1086.5,893.0,0.7692307692307693,0.05386078530419546,,,,,,
dt_reference_0.25ms,dt_0.25ms_severity_1.0,High AD-like perturbation,1.0,53,pulse,60.0,0.02,0.25,ac884c60d8359016,episodic_expanded,0.0009164649862152173,0.021055916512420485,,,,,,,,,,,1.0,,,,False,,,,,,,,414.5,362.0,0.9473684210526315,0.012876363415860133,,,,,,
dt_reference_0.25ms,dt_0.25ms_severity_1.0,High AD-like perturbation,1.0,53,pulse,60.0,0.02,0.25,ac884c60d8359016,semantic_anatomical_core,0.0004856154782302741,0.010777952156892829,,,,,,,,,,,1.0,,,,False,,,,,,,,1012.0,750.0,0.7,0.05516092993445326,,,,,,
dt_reference_0.25ms,dt_0.25ms_severity_1.0,High AD-like perturbation,1.0,53,pulse,60.0,0.02,0.25,ac884c60d8359016,episodic_anatomical_core,0.0009166859931481386,0.019909846655167776,,,,,,,,,,,1.0,,,,False,,,,,,,,404.5,352.0,0.9375,0.013333725551468023,,,,,,
dt_reference_0.25ms,dt_0.25ms_severity_1.0,High AD-like perturbation,1.0,53,pulse,60.0,0.02,0.25,ac884c60d8359016,semantic_platel_peaks,0.0002837888841772779,0.006399768119444846,,,,,,,,,,,1.0,,,,False,,,,,,,,1622.5,1178.0,0.8,0.05386078530419546,,,,,,
dt_reference_0.25ms,dt_0.25ms_severity_1.0,High AD-like perturbation,1.0,53,pulse,60.0,0.02,0.25,ac884c60d8359016,episodic_platel_peaks,0.0008739283895838629,0.019268570191310997,,,,,,,,,,,1.0,,,,False,,,,,,,,516.0,516.0,1.0,0.012469155813012004,,,,,,
dt_reference_0.25ms,dt_0.25ms_severity_1.0,High AD-like perturbation,1.0,53,pulse,60.0,0.02,0.25,ac884c60d8359016,semantic_expanded_left,0.00047662763554512925,0.011234911500588229,,,,,,,,,,,1.0,,,,False,,,,,,,,760.0,522.0,0.7142857142857143,0.04488499211538292,,,,,,
dt_reference_0.25ms,dt_0.25ms_severity_1.0,High AD-like perturbation,1.0,53,pulse,60.0,0.02,0.25,ac884c60d8359016,episodic_expanded_left,0.0011952207079886405,0.028173353529038783,,,,,,,,,,,1.0,,,,False,,,,,,,,517.0,412.0,0.875,0.015093512793306839,,,,,,
dt_reference_0.25ms,dt_0.25ms_severity_1.0,High AD-like perturbation,1.0,53,pulse,60.0,0.02,0.25,ac884c60d8359016,semantic_expanded_right,0.0003534415343849606,0.007792758645893319,,,,,,,,,,,1.0,,,,False,,,,,,,,1413.0,1264.0,0.8333333333333334,0.05964882652885953,,,,,,
dt_reference_0.25ms,dt_0.25ms_severity_1.0,High AD-like perturbation,1.0,53,pulse,60.0,0.02,0.25,ac884c60d8359016,episodic_expanded_right,0.0007137335521981824,0.01573655829509438,,,,,,,,,,,1.0,,,,False,,,,,,,,312.0,312.0,1.0,0.01232505525240773,,,,,,
dt_reference_0.25ms,dt_0.25ms_severity_1.0,High AD-like perturbation,1.0,53,pulse,60.0,0.02,0.25,ac884c60d8359016,shared_auditory_relay,0.0008806473741100534,0.019012680852164388,,,,,,,,,,,1.0,,,,False,,,,,,,,327.0,327.0,1.0,0.0046480268305932,,,,,,
dt_reference_0.25ms,dt_0.25ms_severity_1.0,High AD-like perturbation,1.0,53,pulse,60.0,0.02,0.25,ac884c60d8359016,anterior_temporal_context,0.0007958465484315757,0.01659792259957044,,,,,,,,,,,1.0,,,,False,,,,,,,,1123.0,1122.0,0.9444444444444444,0.03318187323627612,,,,,,
dt_reference_0.25ms,dt_0.25ms_severity_1.0,High AD-like perturbation,1.0,53,pulse,60.0,0.02,0.25,ac884c60d8359016,hippocampal_context,0.0008782217851599919,0.016418269407408016,,,,,,,,,,,1.0,,,,False,,,,,,,,634.0,634.0,1.0,0.01452630015775637,,,,,,
dt_reference_0.25ms,dt_0.25ms_severity_1.0,High AD-like perturbation,1.0,53,pulse,60.0,0.02,0.25,ac884c60d8359016,angular_parietal_context,0.00038799675001113576,0.008840793360738355,,,,,,,,,,,1.0,,,,False,,,,,,,,353.0,353.0,1.0,0.01019310465506357,,,,,,
dt_reference_0.25ms,dt_0.25ms_severity_1.0,High AD-like perturbation,1.0,53,2Hz,60.0,0.02,0.25,ac884c60d8359016,semantic_expanded,0.012722705385957954,0.3339073728485514,0.11399573658699412,0.18303160051520015,0.26764477465287695,0.3484935664105292,0.5416063388663385,0.005568523426542639,0.008799868388774529,0.018076634759062325,0.021083443440395033,0.025541486436735407,1.0,0.17274803175698042,0.4328074594308688,1.3250560911678486,True,0.2712784390293252,0.018076634759062325,0.013145394782964535,0.010078730994947943,0.01549816820812221,0.005419437213174267,1.0,,,,,0.0001901788455077602,-3.126996282704381,0.15084722094976583,0.07692307692307693,31.526669917791516,0.999984777972899
dt_reference_0.25ms,dt_0.25ms_severity_1.0,High AD-like perturbation,1.0,53,2Hz,60.0,0.02,0.25,ac884c60d8359016,episodic_expanded,0.005585227227751412,0.14750502776659002,0.032176791841855366,0.06088762151296269,0.11700766748404237,0.17144288070860533,0.2277013103294775,0.0015495092596995801,0.002451771203958316,0.002578913669886919,0.004094754166060093,0.005314738930812174,1.0,0.05974975844907749,0.1987853735030397,1.734206822432953,True,0.3569803764993129,0.002578913669886919,0.02875507891090333,0.037957482584981904,0.029692095957904084,0.00826538662707782,1.0,,,,,0.00020574355398528255,2.8558620206536487,0.43505973883188487,0.6842105263157895,31.526669917791516,0.999984777972899
dt_reference_0.25ms,dt_0.25ms_severity_1.0,High AD-like perturbation,1.0,53,2Hz,60.0,0.02,0.25,ac884c60d8359016,semantic_anatomical_core,0.01115016577650053,0.2852642838846556,0.07579452045178496,0.123396490741786,0.19455989846992816,0.2600179820370501,0.4846918217789332,0.0033831609676767426,0.0037084967266436822,0.008858726003458545,0.012882066706166586,0.01903709366535837,1.0,0.11848431031688911,0.3741921602786321,1.6590833027022223,True,0.32145572984013093,0.008858726003458545,0.012932373541097273,0.004464243490455183,0.01741016351476494,0.012945920024309755,1.0,,,,,0.0001477584226141082,-3.413774648503989,0.18697902823308654,0.1,31.526669917791516,0.999984777972899
dt_reference_0.25ms,dt_0.25ms_severity_1.0,High AD-like perturbation,1.0,53,2Hz,60.0,0.02,0.25,ac884c60d8359016,episodic_anatomical_core,0.0059256373789006705,0.15155431281942996,0.030232552388093813,0.06001689571666289,0.12382868570552867,0.18053428705047955,0.23205745428813854,0.0015285484696146163,0.0024367340325196158,0.0026329143035585803,0.003941460921283833,0.005052213428311144,1.0,0.06016996039673204,0.20456607627796802,1.7654516067515662,True,0.3734723479808936,0.0026329143035585803,0.02636609546115328,0.03563083505683584,0.028003420004671216,0.007627415052164625,1.0,,,,,0.00019427945420547044,4.336422914580764,0.45437094264272626,0.75,31.526669917791516,0.999984777972899
dt_reference_0.25ms,dt_0.25ms_severity_1.0,High AD-like perturbation,1.0,53,2Hz,60.0,0.02,0.25,ac884c60d8359016,semantic_platel_peaks,0.013163342336342898,0.3074298179928696,0.1255750764061344,0.1985262733221531,0.26619099188032,0.35375860624546784,0.4853555261518264,0.004724437561882204,0.010961208237038136,0.010488305031627222,0.016116538331562343,0.019168552343234963,1.0,0.18238334652416532,0.3954730332764072,1.1166053201848607,True,0.23672094141548464,0.010961208237038136,0.014118159921488852,0.014438649403056208,0.015400380818991257,0.000961731415935049,1.0,,,,,0.00015177860813109234,-3.7005530143035967,0.15084722094976583,0.0,31.526669917791516,0.999984777972899
dt_reference_0.25ms,dt_0.25ms_severity_1.0,High AD-like perturbation,1.0,53,2Hz,60.0,0.02,0.25,ac884c60d8359016,episodic_platel_peaks,0.0034403180522162417,0.09139318984494159,0.024492899216963397,0.03893131266223355,0.05565064121820274,0.0714741022226738,0.18070855516527384,0.0010097811523821784,0.0015267508490671602,0.0010272547828318536,0.0023420502005203083,0.00408886993211606,1.0,0.03842804335235932,0.12347271577183351,1.6839608538856559,True,0.33214741499026124,0.0015267508490671602,0.049492166690887865,0.06173508468890174,0.0475664350939808,0.014168649594920937,1.0,,,,,0.0003789760737036296,-0.14752208339112927,0.3160990587080559,0.5,31.526669917791516,0.999984777972899
dt_reference_0.25ms,dt_0.25ms_severity_1.0,High AD-like perturbation,1.0,53,2Hz,60.0,0.02,0.25,ac884c60d8359016,semantic_expanded_left,0.0118390312321796,0.3051536276623469,0.0807548511724576,0.13231515502184601,0.20909677820687986,0.2787738115589535,0.5491990837267269,0.004487950756932743,0.009837669727908158,0.019236649394669302,0.015502895059791667,0.01934135632245499,1.0,0.12759177337128697,0.40594255182842753,1.6697402619094954,True,0.33032667467704524,0.015502895059791667,0.015679639677595607,0.01787254587670698,0.01594161378691964,0.0019309320897873405,1.0,,,,,0.0001901788455077602,-0.30790841873779445,0.14301862608147084,0.14285714285714285,31.526669917791516,0.999984777972899
dt_reference_0.25ms,dt_0.25ms_severity_1.0,High AD-like perturbation,1.0,53,2Hz,60.0,0.02,0.25,ac884c60d8359016,episodic_expanded_left,0.007178178294999001,0.1850191205486665,0.04990889370351083,0.09456383670697277,0.15659031548125427,0.2740460192683722,0.23325065015301327,0.002405585477984781,0.0041807529910948315,0.005779205188037831,0.007701714403942869,0.007480616921381967,1.0,0.0825282082930396,0.2459063464122066,1.5751497442705764,True,0.2992041123708373,0.005779205188037831,0.015255467570005874,0.013850823994740568,0.01888529524873889,0.005034471253998323,1.0,,,,,0.0001616156040781802,2.3996588918639565,0.4396082459868962,0.75,31.526669917791516,0.999984777972899
dt_reference_0.25ms,dt_0.25ms_severity_1.0,High AD-like perturbation,1.0,53,2Hz,60.0,0.02,0.25,ac884c60d8359016,semantic_expanded_right,0.013753658565366032,0.3653705004155808,0.16091947135484863,0.2531876774177884,0.3425864617010744,0.4356498379470155,0.5341185646372261,0.006909267688388511,0.00787154740924803,0.01698657170011585,0.028672811471015008,0.033729151075126564,1.0,0.23388563139625018,0.46145026210057255,0.9803719204262019,False,0.2122302033816051,0.01698657170011585,0.010611149888333463,0.0022849161131889037,0.015054722629324778,0.012769806516135873,1.0,,,,,0.0001470523852941663,-3.9611576025857356,0.17977342027946208,0.0,31.526669917791516,0.999984777972899
dt_reference_0.25ms,dt_0.25ms_severity_1.0,High AD-like perturbation,1.0,53,2Hz,60.0,0.02,0.25,ac884c60d8359016,episodic_expanded_right,0.004426717360662257,0.11759721455761349,0.02074471815353542,0.03920423052412417,0.08743065756001482,0.10725447289522919,0.2222839966008609,0.0009980850682163667,0.0014378228154983733,0.0011508149477882977,0.0021770492647562555,0.0037759519301079634,1.0,0.04325834412939997,0.16069379784328117,1.8932639005953296,True,0.4147566406277885,0.0014378228154983733,0.04225469025180078,0.062064141175223235,0.040498896667069274,0.02156524450815396,1.0,,,,,0.0002490137204779197,2.8558620206536487,0.3232501548671182,0.6363636363636364,31.526669917791516,0.999984777972899
dt_reference_0.25ms,dt_0.25ms_severity_1.0,High AD-like perturbation,1.0,53,2Hz,60.0,0.02,0.25,ac884c60d8359016,shared_auditory_relay,0.008011980263042414,0.12287026937599266,0.038395605210817536,0.06640455576240153,0.09393850528211997,0.12653881091325367,0.21214800085506158,0.00311978946345847,0.003835835889347528,0.003502254165050984,0.006641592449688194,0.007904301946281424,1.0,0.0633557600117284,0.1614019228458356,1.3491100725422336,True,0.29311708981679757,0.003835835889347528,0.04163981807210796,0.06507468411139762,0.03862011187579743,0.026454572235600188,1.0,,,,,0.000621097604619314,7.70779299659033,0.5018663428011723,0.7857142857142857,31.526669917791516,0.999984777972899
dt_reference_0.25ms,dt_0.25ms_severity_1.0,High AD-like perturbation,1.0,53,2Hz,60.0,0.02,0.25,ac884c60d8359016,anterior_temporal_context,0.014657680767501057,0.33475948668077243,0.126222399461669,0.20081987928559886,0.3019069369640953,0.37154654700062156,0.532418967352257,0.004317630320616377,0.006760740357444208,0.009378022069832747,0.010759907703082258,0.01646278250445133,1.0,0.19415964897911137,0.4321750560361487,1.1543724008247485,True,0.25204144498368863,0.009378022069832747,0.027923191550237952,0.05393142331180068,0.021106158923480667,0.032825264388320015,1.0,,,,,0.00029701590211639317,-1.5839406834656622,0.1847052172068063,0.2222222222222222,31.526669917791516,0.999984777972899
dt_reference_0.25ms,dt_0.25ms_severity_1.0,High AD-like perturbation,1.0,53,2Hz,60.0,0.02,0.25,ac884c60d8359016,hippocampal_context,0.003087297799876904,0.07141443452922791,0.018367878735017662,0.034374775123286336,0.04962692253920393,0.0629685570233437,0.13457888511740465,0.000583590239856345,0.001573080008921364,0.0008727957113120553,0.001481586230047668,0.0016197206449853434,1.0,0.03370977177970037,0.0953345292567108,1.499831979072292,True,0.33098358129122957,0.001481586230047668,0.023000704931404624,0.018510032914312323,0.028243117365927738,0.009733084451615415,1.0,,,,,0.00019719375920868032,0.9747572268303708,0.44043729042136337,0.5,31.526669917791516,0.999984777972899
dt_reference_0.25ms,dt_0.25ms_severity_1.0,High AD-like perturbation,1.0,53,2Hz,60.0,0.02,0.25,ac884c60d8359016,angular_parietal_context,0.00987132145867131,0.14866397649213692,0.04082166060230431,0.0690513595203578,0.11219846876195005,0.1490154554303826,0.26127311834235933,0.001528726030344556,0.0031717982207750276,0.0028143988478352105,0.003337340312624624,0.007484832076715296,1.0,0.07032887619372279,0.19702744198392827,1.486207512910428,True,0.32330120437283494,0.0031717982207750276,0.015097049821300865,0.01797645042108441,0.016466577705521245,0.0015098727155631632,1.0,,,,,0.00018438942476545206,0.4682056527918303,0.4131096114078837,0.5,31.526669917791516,0.999984777972899
dt_reference_0.25ms,dt_0.25ms_severity_1.0,High AD-like perturbation,1.0,53,5Hz,60.0,0.02,0.25,ac884c60d8359016,semantic_expanded,0.011597465545225172,0.2198648615391289,0.0788161307714361,0.12347752439687548,0.17945574811657525,0.23052840694986668,0.3490067598332881,0.007041931356214812,0.012382721108999002,0.017070422999819576,0.02114884608557789,0.023143406850970046,1.0,0.11950241507130795,0.28387128340047246,1.248197138003877,True,0.25970401854185216,0.017070422999819576,0.024432587053118446,0.03843191063998416,0.016664341575693874,0.02176756906429029,1.0,,,,,0.0007524325218326577,-0.24666615874777362,0.1572226608082976,0.15384615384615385,31.868551081432823,0.9999322196548002
dt_reference_0.25ms,dt_0.25ms_severity_1.0,High AD-like perturbation,1.0,53,5Hz,60.0,0.02,0.25,ac884c60d8359016,episodic_expanded,0.004956418308978169,0.09057094582108664,0.02795102940513099,0.05227235455079551,0.08180721117879078,0.09203572437771755,0.13499377622557798,0.001488752867131232,0.0018630730420776634,0.003194053240215912,0.0022040720862599433,0.004577017802574941,1.0,0.04995933830509491,0.11751457866076484,1.2340134720441243,True,0.26799924814334797,0.0022040720862599433,0.03609876148784112,0.06497983057533285,0.027731562919315826,0.03724826765601703,1.0,,,,,0.0008381162528307007,5.9011787842193115,0.2831510815009215,0.6842105263157895,31.868551081432823,0.9999322196548002
dt_reference_0.25ms,dt_0.25ms_severity_1.0,High AD-like perturbation,1.0,53,5Hz,60.0,0.02,0.25,ac884c60d8359016,semantic_anatomical_core,0.009770260617516572,0.17654119146172864,0.054314871911428066,0.08094408748257573,0.11888492550934683,0.16273194227793245,0.2952893665501998,0.003502451939901585,0.006248698646200311,0.013255929718236076,0.00945076520768564,0.018298217292625114,1.0,0.08130558491977642,0.23051163289485574,1.5034131986475419,True,0.2946460151910776,0.00945076520768564,0.024795135290342687,0.04541608506132516,0.012626024153917186,0.03279006090740798,1.0,,,,,0.0006304615015189086,-0.14276328390020238,0.16940669947798798,0.1,31.868551081432823,0.9999322196548002
dt_reference_0.25ms,dt_0.25ms_severity_1.0,High AD-like perturbation,1.0,53,5Hz,60.0,0.02,0.25,ac884c60d8359016,episodic_anatomical_core,0.005259160195040163,0.0885601999690943,0.02593304407197689,0.04829256584627098,0.08029351652019474,0.09394929700072716,0.13140040462951708,0.001522867474097029,0.0019054071533312086,0.002878012779959767,0.002237146528838291,0.0041170059359021145,1.0,0.04707573970934874,0.11550058404155714,1.294844477357531,True,0.2821146874890362,0.002237146528838291,0.03420004873809804,0.06528093421750718,0.026692824989435794,0.038588109228071384,1.0,,,,,0.000969840401415345,7.3403119999166915,0.2858122156970404,0.75,31.868551081432823,0.9999322196548002
dt_reference_0.25ms,dt_0.25ms_severity_1.0,High AD-like perturbation,1.0,53,5Hz,60.0,0.02,0.25,ac884c60d8359016,semantic_platel_peaks,0.012841448828812566,0.21882220584963802,0.08816328791075222,0.13722505753717917,0.1896721300520261,0.2467195571253197,0.3406492706922966,0.006537539793500616,0.012417571202419157,0.013586928944212949,0.023799776066538002,0.016649383059836605,1.0,0.12824430289636776,0.28165594729154525,1.1350391978406487,True,0.23732012532095662,0.013586928944212949,0.01744008875853423,0.008062586180536187,0.023478974063455175,0.015416387882918988,1.0,,,,,0.00042368524299984944,-2.912357085344359,0.18159073814767832,0.2,31.868551081432823,0.9999322196548002
dt_reference_0.25ms,dt_0.25ms_severity_1.0,High AD-like perturbation,1.0,53,5Hz,60.0,0.02,0.25,ac884c60d8359016,episodic_platel_peaks,0.0029625252432031873,0.05658323296821671,0.016420884791171292,0.033927323054815044,0.048350083452125554,0.03463199652115323,0.1053232356761504,0.0008951229060255295,0.0011827140268290354,0.002652304526785526,0.0010804715578026773,0.003539092284533376,1.0,0.031627128885644076,0.07347354677436367,1.2160623254639442,True,0.2696048958172518,0.0011827140268290354,0.05559701442182224,0.08500604949556866,0.04185663117630808,0.04314941831926058,1.0,,,,,0.0008646320116133532,4.827293803374957,0.23386965610645555,0.5,31.868551081432823,0.9999322196548002
dt_reference_0.25ms,dt_0.25ms_severity_1.0,High AD-like perturbation,1.0,53,5Hz,60.0,0.02,0.25,ac884c60d8359016,semantic_expanded_left,0.01026465187465849,0.19243340161861378,0.059894497256751784,0.09105234401358128,0.13905520443135802,0.1814333934511121,0.3303367227743626,0.0033962894167720503,0.008481265170551878,0.009207071285107773,0.014639739054772885,0.014004334738135728,1.0,0.09124362045636354,0.25277539087814543,1.470060418177882,True,0.29607779667113887,0.009207071285107773,0.03276703941431871,0.04344508315077488,0.02376481107860456,0.01968027207217032,1.0,,,,,0.00042368524299984944,0.4791230972142092,0.18159073814767832,0.2857142857142857,31.868551081432823,0.9999322196548002
dt_reference_0.25ms,dt_0.25ms_severity_1.0,High AD-like perturbation,1.0,53,5Hz,60.0,0.02,0.25,ac884c60d8359016,episodic_expanded_left,0.007658155552467027,0.14356891408309297,0.058608651319147415,0.0981588521436844,0.1308038276772,0.19911899212287568,0.17544111514769709,0.0023845482361500524,0.002810452648701609,0.005156431558304826,0.004051908221423059,0.007496418606061682,1.0,0.08882224982666968,0.1824806453697746,1.03875043439472,True,0.20920216179510406,0.004051908221423059,0.020675349267194908,0.0362779798985442,0.016255470569401173,0.020022509329143026,1.0,,,,,0.0007587349326849124,5.626265513305466,0.2632016143927335,0.75,31.868551081432823,0.9999322196548002
dt_reference_0.25ms,dt_0.25ms_severity_1.0,High AD-like perturbation,1.0,53,5Hz,60.0,0.02,0.25,ac884c60d8359016,semantic_expanded_right,0.013152414827552965,0.2512066872643404,0.10371541217135521,0.16744982456362464,0.2315941043974141,0.2929082976401642,0.3687319937860198,0.01460087499632828,0.018078880801373643,0.03164951507045469,0.03055202617191746,0.03824653513964983,1.0,0.15651315825093606,0.3187925266755009,1.0263338578298713,True,0.22333024041256536,0.03055202617191746,0.016098134691918183,0.033418738129193444,0.009563872072783185,0.02385486605641026,1.0,,,,,0.0009357899049169394,-9.34077853771036,0.12182578136909865,0.0,31.868551081432823,0.9999322196548002
dt_reference_0.25ms,dt_0.25ms_severity_1.0,High AD-like perturbation,1.0,53,5Hz,60.0,0.02,0.25,ac884c60d8359016,episodic_expanded_right,0.0029915184955317292,0.05713699430907815,0.013330114705288562,0.02783650165636005,0.05116379176125445,0.042540264348586244,0.10387143061818731,0.0009294779890759949,0.00123504701697077,0.0019784953966668507,0.001198924925235379,0.002794546711698876,1.0,0.02810034072266313,0.07567748442490149,1.4292765096935283,True,0.32679633449159196,0.00123504701697077,0.05152217370848733,0.09368168125212152,0.03920765526923048,0.05447402598289104,1.0,,,,,0.0011015645499999893,7.188856340503178,0.2860156915289967,0.6363636363636364,31.868551081432823,0.9999322196548002
dt_reference_0.25ms,dt_0.25ms_severity_1.0,High AD-like perturbation,1.0,53,5Hz,60.0,0.02,0.25,ac884c60d8359016,shared_auditory_relay,0.0072754921094725766,0.07251282239344449,0.02777944473004349,0.044249356699296825,0.057797246280224854,0.06641823249484369,0.12174025047095452,0.0039296986432829,0.004737425495198368,0.006049272454477381,0.005862980205976162,0.004108357126680231,1.0,0.04064282553390437,0.09377080271307635,1.206138079332604,True,0.2424677996472193,0.004737425495198368,0.06393574300007994,0.10701159745617782,0.053418346678197344,0.053593250777980474,1.0,,,,,0.0034300535445996316,9.315383811381789,0.37225473688693533,0.7857142857142857,31.868551081432823,0.9999322196548002
dt_reference_0.25ms,dt_0.25ms_severity_1.0,High AD-like perturbation,1.0,53,5Hz,60.0,0.02,0.25,ac884c60d8359016,anterior_temporal_context,0.011700329233032757,0.2002659534833844,0.07854287065848896,0.1330454015126068,0.17693339580021247,0.21991438657256876,0.29176371443082627,0.00937810687370359,0.014749664421687297,0.024155657732264753,0.03196572204874237,0.029127128719600572,1.0,0.12619155884808092,0.2520765311439556,0.9982463970946105,False,0.22557599087253966,0.024155657732264753,0.018604846653133576,0.029189074006753062,0.01741009657903444,0.011778977427718624,1.0,,,,,0.001118561629821102,1.0409784407213583,0.1536292728866696,0.2777777777777778,31.868551081432823,0.9999322196548002
dt_reference_0.25ms,dt_0.25ms_severity_1.0,High AD-like perturbation,1.0,53,5Hz,60.0,0.02,0.25,ac884c60d8359016,hippocampal_context,0.002366258035229236,0.03688549760809815,0.011888651643716728,0.021783608329447857,0.026250950059184125,0.03165169709396104,0.06669948715966716,0.0009156084228749547,0.0011433189794869643,0.0013431782014397386,0.0009943592549869036,0.0014392812370799038,1.0,0.01944903867860686,0.04841784101984395,1.3158399022808975,True,0.2757610522244753,0.0011433189794869643,0.03256860991696897,0.05900028456291582,0.02601836727693737,0.03298191728597845,1.0,,,,,0.0014713166534615074,6.046009201263974,0.27515289090637374,1.0,31.868551081432823,0.9999322196548002
dt_reference_0.25ms,dt_0.25ms_severity_1.0,High AD-like perturbation,1.0,53,5Hz,60.0,0.02,0.25,ac884c60d8359016,angular_parietal_context,0.007027697452878955,0.0707243572321623,0.026766519202515028,0.040500736998872876,0.05687889649798043,0.07426168582613443,0.11585705753202524,0.0014195341251992766,0.002871719926308238,0.003839973736520245,0.0020485894448625938,0.005660819441835673,1.0,0.03924682350527454,0.09184875250106668,1.2266842343859499,True,0.2551179438537154,0.002871719926308238,0.018217612859317285,0.042641963405307105,0.011004947959240516,0.03163701544606659,1.0,,,,,0.0009882669130213406,5.084255761824702,0.26836246032725475,0.6666666666666666,31.868551081432823,0.9999322196548002
dt_reference_0.25ms,dt_0.25ms_severity_1.0,High AD-like perturbation,1.0,71,pulse,60.0,0.02,0.25,ac884c60d8359016,semantic_expanded,0.00038771816340118777,0.008782127845135542,,,,,,,,,,,1.0,,,,False,,,,,,,,984.0,918.5,0.9230769230769231,0.01425855276011259,,,,,,
dt_reference_0.25ms,dt_0.25ms_severity_1.0,High AD-like perturbation,1.0,71,pulse,60.0,0.02,0.25,ac884c60d8359016,episodic_expanded,0.0011785388814940358,0.027122241085107527,,,,,,,,,,,1.0,,,,False,,,,,,,,466.5,421.5,0.8947368421052632,0.0036794943719959247,,,,,,
dt_reference_0.25ms,dt_0.25ms_severity_1.0,High AD-like perturbation,1.0,71,pulse,60.0,0.02,0.25,ac884c60d8359016,semantic_anatomical_core,0.0004470591299874221,0.01012996378148208,,,,,,,,,,,1.0,,,,False,,,,,,,,1098.0,1032.5,0.9,0.015448274879249355,,,,,,
dt_reference_0.25ms,dt_0.25ms_severity_1.0,High AD-like perturbation,1.0,71,pulse,60.0,0.02,0.25,ac884c60d8359016,episodic_anatomical_core,0.001179203780276899,0.025696418582694384,,,,,,,,,,,1.0,,,,False,,,,,,,,463.0,418.0,0.875,0.003773646963624231,,,,,,
dt_reference_0.25ms,dt_0.25ms_severity_1.0,High AD-like perturbation,1.0,71,pulse,60.0,0.02,0.25,ac884c60d8359016,semantic_platel_peaks,0.0003067036749522644,0.0071052946856876124,,,,,,,,,,,1.0,,,,False,,,,,,,,874.5,771.5,0.8,0.011331368461122902,,,,,,
dt_reference_0.25ms,dt_0.25ms_severity_1.0,High AD-like perturbation,1.0,71,pulse,60.0,0.02,0.25,ac884c60d8359016,episodic_platel_peaks,0.0010786666974103643,0.023811554479774507,,,,,,,,,,,1.0,,,,False,,,,,,,,534.0,534.0,1.0,0.001993832032049062,,,,,,
dt_reference_0.25ms,dt_0.25ms_severity_1.0,High AD-like perturbation,1.0,71,pulse,60.0,0.02,0.25,ac884c60d8359016,semantic_expanded_left,0.0004121329504858263,0.009725709693251098,,,,,,,,,,,1.0,,,,False,,,,,,,,794.0,663.0,0.8571428571428571,0.011331368461122902,,,,,,
dt_reference_0.25ms,dt_0.25ms_severity_1.0,High AD-like perturbation,1.0,71,pulse,60.0,0.02,0.25,ac884c60d8359016,episodic_expanded_left,0.0015298948637898872,0.036103187791406866,,,,,,,,,,,1.0,,,,False,,,,,,,,581.0,498.0,0.875,0.003923700978780336,,,,,,
dt_reference_0.25ms,dt_0.25ms_severity_1.0,High AD-like perturbation,1.0,71,pulse,60.0,0.02,0.25,ac884c60d8359016,semantic_expanded_right,0.0003592342451357764,0.00793009167668498,,,,,,,,,,,1.0,,,,False,,,,,,,,1174.0,1174.0,1.0,0.020080089095226697,,,,,,
dt_reference_0.25ms,dt_0.25ms_severity_1.0,High AD-like perturbation,1.0,71,pulse,60.0,0.02,0.25,ac884c60d8359016,episodic_expanded_right,0.0009230072580061441,0.02037537421151999,,,,,,,,,,,1.0,,,,False,,,,,,,,352.0,345.0,0.9090909090909091,0.0023667785907529586,,,,,,
dt_reference_0.25ms,dt_0.25ms_severity_1.0,High AD-like perturbation,1.0,71,pulse,60.0,0.02,0.25,ac884c60d8359016,shared_auditory_relay,0.000898610797006335,0.01938587193374142,,,,,,,,,,,1.0,,,,False,,,,,,,,346.0,346.0,1.0,0.002925759929818172,,,,,,
dt_reference_0.25ms,dt_0.25ms_severity_1.0,High AD-like perturbation,1.0,71,pulse,60.0,0.02,0.25,ac884c60d8359016,anterior_temporal_context,0.0009008710165031855,0.0188524260563592,,,,,,,,,,,1.0,,,,False,,,,,,,,946.0,937.0,0.9444444444444444,0.01767022160437956,,,,,,
dt_reference_0.25ms,dt_0.25ms_severity_1.0,High AD-like perturbation,1.0,71,pulse,60.0,0.02,0.25,ac884c60d8359016,hippocampal_context,0.0009832466915772652,0.018169422345973196,,,,,,,,,,,1.0,,,,False,,,,,,,,681.0,681.0,1.0,0.002147402762911066,,,,,,
dt_reference_0.25ms,dt_0.25ms_severity_1.0,High AD-like perturbation,1.0,71,pulse,60.0,0.02,0.25,ac884c60d8359016,angular_parietal_context,0.0005590370252145948,0.012315741686895157,,,,,,,,,,,1.0,,,,False,,,,,,,,403.0,375.0,0.8333333333333334,0.00694820722050395,,,,,,
dt_reference_0.25ms,dt_0.25ms_severity_1.0,High AD-like perturbation,1.0,71,2Hz,60.0,0.02,0.25,ac884c60d8359016,semantic_expanded,0.010186588770447702,0.2597874154507367,0.1152220146780418,0.18096325300661853,0.24134882732785132,0.3069669166815121,0.3857208464932776,0.005504856509456436,0.0069490697201114214,0.016501708267172514,0.018969826864956945,0.02187925527036951,1.0,0.16443012644472113,0.3288504883318741,0.9999571626920523,False,0.21243339349053736,0.016501708267172514,0.016257097266013508,0.023737395569953204,0.015577335962018473,0.008160059607934731,1.0,,,,,0.00022627258535046213,-3.0553594958289954,0.1322344874019767,0.15384615384615385,31.520749131961303,0.9999733907006525
dt_reference_0.25ms,dt_0.25ms_severity_1.0,High AD-like perturbation,1.0,71,2Hz,60.0,0.02,0.25,ac884c60d8359016,episodic_expanded,0.0047212044493607245,0.12301134950814346,0.02527769750108672,0.050162500434784235,0.06959703394922837,0.10444110959580867,0.23267564483252876,0.0014788040136150648,0.001821501515059677,0.0029667952970303664,0.0031783301519674586,0.0049266014126592185,1.0,0.042926670034457326,0.1671099563314406,1.9608515234882673,True,0.37313875041302214,0.0029667952970303664,0.03104447659622924,0.057030192337617455,0.028272871924077125,0.02875732041354033,1.0,,,,,0.0002655384128568139,3.7465170149921607,0.26779738429374994,0.5789473684210527,31.520749131961303,0.9999733907006525
dt_reference_0.25ms,dt_0.25ms_severity_1.0,High AD-like perturbation,1.0,71,2Hz,60.0,0.02,0.25,ac884c60d8359016,semantic_anatomical_core,0.008433999244075993,0.1814231577457172,0.07936836882241033,0.12354385930246034,0.1636887989562532,0.219915155701407,0.26812708157055837,0.003683435615681177,0.0030938957688386066,0.008352384795021395,0.010977285182181724,0.010788200259294969,1.0,0.1098968778926947,0.23135193967042353,1.0739387938772174,True,0.2172242746535279,0.008352384795021395,0.01402294210605488,0.015554744375621543,0.0148761885709105,0.0006785558047110434,1.0,,,,,0.0001251785072826639,-3.081359823744486,0.13094788889518189,0.0,31.520749131961303,0.9999733907006525
dt_reference_0.25ms,dt_0.25ms_severity_1.0,High AD-like perturbation,1.0,71,2Hz,60.0,0.02,0.25,ac884c60d8359016,episodic_anatomical_core,0.005119462056433459,0.1280293759521782,0.023105927521434914,0.047840398020516685,0.0711003090012785,0.11014518376267146,0.24286607978883085,0.0014349640417131045,0.001878073866944529,0.003043839682364658,0.0029559650829309296,0.0044700191921884696,1.0,0.04113929238566139,0.17460908779274734,2.0855397639708926,True,0.3995378657080984,0.0029559650829309296,0.026733504281962105,0.04794943125679702,0.025333179410198345,0.022616251846598677,1.0,,,,,0.00026235215562675496,4.144335340378082,0.27075405739238234,0.625,31.520749131961303,0.9999733907006525
dt_reference_0.25ms,dt_0.25ms_severity_1.0,High AD-like perturbation,1.0,71,2Hz,60.0,0.02,0.25,ac884c60d8359016,semantic_platel_peaks,0.011769890203550242,0.2849154076920939,0.1263167012746703,0.19618901200820738,0.25164488670962587,0.3274432667459163,0.439049123082584,0.004907463601899216,0.005870791013682224,0.008734194233569506,0.012438539309495901,0.02145980630906214,1.0,0.17819055486366284,0.36208545869172876,1.0229093718649833,True,0.21668373249847825,0.008734194233569506,0.016845367094285718,0.025977640579418242,0.01659886318752507,0.009378777391893172,1.0,,,,,0.00031618847538184003,-3.0553594958289954,0.1820318428006177,0.4,31.520749131961303,0.9999733907006525
dt_reference_0.25ms,dt_0.25ms_severity_1.0,High AD-like perturbation,1.0,71,2Hz,60.0,0.02,0.25,ac884c60d8359016,episodic_platel_peaks,0.002417271994907584,0.06421101842150315,0.020960489280042856,0.03786937285596739,0.03710648760434071,0.055187048336750776,0.1222089883696716,0.0010415962749861115,0.0008579486117995555,0.0010948000311346514,0.001470166171963226,0.0033334806008789948,1.0,0.029507592267399307,0.08603738296957449,1.543877436540418,True,0.2815255196973048,0.0010948000311346514,0.06085456856764216,0.117362418670429,0.050743986869572606,0.06661843180085639,1.0,,,,,0.0004246977637678562,0.9091011957540716,0.18247200451250198,0.5,31.520749131961303,0.9999733907006525
dt_reference_0.25ms,dt_0.25ms_severity_1.0,High AD-like perturbation,1.0,71,2Hz,60.0,0.02,0.25,ac884c60d8359016,semantic_expanded_left,0.007233548085475592,0.18637981780696905,0.08135772683386253,0.1293643948802081,0.1705027186906021,0.2165292179942229,0.28195333784412774,0.00420240321251672,0.007418260672263678,0.015381167949805348,0.013341546295673978,0.012840565610990163,1.0,0.11540658955646778,0.23693910201645263,1.0377907036990086,True,0.21646657041952277,0.012840565610990163,0.025010842203922194,0.04656609497014776,0.0202081553843279,0.026357939585819862,1.0,,,,,0.00023689168256701976,-0.3503365306523412,0.13409973439866538,0.14285714285714285,31.520749131961303,0.9999733907006525
dt_reference_0.25ms,dt_0.25ms_severity_1.0,High AD-like perturbation,1.0,71,2Hz,60.0,0.02,0.25,ac884c60d8359016,episodic_expanded_left,0.006622749715668714,0.17064196861647524,0.039749713019125846,0.07513691066662856,0.10632392626419392,0.13446982871625482,0.31243972066135894,0.002319257281754095,0.003328398376221762,0.006907449610035994,0.008240925067161727,0.008868820078862947,1.0,0.06922601754637994,0.22877337575556092,1.7245329036732273,True,0.3394405928220092,0.006907449610035994,0.012577719896542421,0.014338015626275551,0.014803948063122064,0.0004659324368465126,1.0,,,,,0.00022805679371518117,2.7476469154859284,0.2269627718864518,0.5,31.520749131961303,0.9999733907006525
dt_reference_0.25ms,dt_0.25ms_severity_1.0,High AD-like perturbation,1.0,71,2Hz,60.0,0.02,0.25,ac884c60d8359016,semantic_expanded_right,0.013631802902915163,0.3621073462818362,0.16318195189471693,0.25314306126551983,0.34163242029137003,0.43517770400606387,0.5276779929512342,0.00721097992202344,0.006509554207972303,0.017703881566309518,0.026972460561271363,0.037280430293216524,1.0,0.23427835955067186,0.4564153521127247,0.9621236216850961,False,0.208400216561552,0.017703881566309518,0.007503352328104826,0.000908696169758646,0.010946516539709043,0.010037820369950396,1.0,,,,,0.00016932833383259682,-4.147750604646899,0.12729579756525686,0.16666666666666666,31.520749131961303,0.9999733907006525
dt_reference_0.25ms,dt_0.25ms_severity_1.0,High AD-like perturbation,1.0,71,2Hz,60.0,0.02,0.25,ac884c60d8359016,episodic_expanded_right,0.003338262437500369,0.08867567709456017,0.016074631548887035,0.033489218914443765,0.04555651117034835,0.08111816217614592,0.17327488189925458,0.0009429144958984739,0.0009968361338797982,0.0012742582040255572,0.0012258068690806155,0.002736711452413135,1.0,0.02661859031559351,0.12206725285609282,2.197170143303308,True,0.40683690800403505,0.0012258068690806155,0.049511233295916064,0.09972236904895936,0.04174179578503218,0.05798057326392717,1.0,,,,,0.00034114433288290336,3.7465170149921607,0.2992939018940082,0.6363636363636364,31.520749131961303,0.9999733907006525
dt_reference_0.25ms,dt_0.25ms_severity_1.0,High AD-like perturbation,1.0,71,2Hz,60.0,0.02,0.25,ac884c60d8359016,shared_auditory_relay,0.008006116007548877,0.10858147157517078,0.03863842652372037,0.06504718902955364,0.07920823747563792,0.1147256470305041,0.1842344503054318,0.003154138648212593,0.0035965131771066466,0.004008285455478154,0.005525328884767759,0.0064206059707577244,1.0,0.05612871432217761,0.1421196564822537,1.3402951880588798,True,0.26627492716098716,0.004008285455478154,0.04542308483600298,0.0911797952465953,0.038611541059195405,0.05256825418739989,1.0,,,,,0.0009534848519641148,7.91787183845713,0.32867953793787724,0.7142857142857143,31.520749131961303,0.9999733907006525
dt_reference_0.25ms,dt_0.25ms_severity_1.0,High AD-like perturbation,1.0,71,2Hz,60.0,0.02,0.25,ac884c60d8359016,anterior_temporal_context,0.013519933059841914,0.30109761847991007,0.11855541694003038,0.18589776477637235,0.21819498045089775,0.38320613754867144,0.46247629552669894,0.004681812455643528,0.005893502254323895,0.00775191552675837,0.009398139928813337,0.015454878087821679,1.0,0.16447372321974013,0.39208508551834564,1.2533096509883486,True,0.2485623460818962,0.00775191552675837,0.037850490152528234,0.07338514626536695,0.029794630496098998,0.04359051576926795,1.0,,,,,0.0003702742140543336,0.8427295570103903,0.23554541731711348,0.3888888888888889,31.520749131961303,0.9999733907006525
dt_reference_0.25ms,dt_0.25ms_severity_1.0,High AD-like perturbation,1.0,71,2Hz,60.0,0.02,0.25,ac884c60d8359016,hippocampal_context,0.0021749882967808413,0.05081381420970677,0.01567747367041639,0.029810044263910485,0.030098239186939265,0.051683548034187954,0.09247359218442615,0.000657301797718254,0.0007225422447548101,0.0009387224857693861,0.0008261293304619953,0.00123075013966881,1.0,0.023700967627208476,0.06776751590225376,1.515647928249328,True,0.2957301633193985,0.0008261293304619953,0.016103709574009105,0.0235559900288952,0.01767698268259422,0.0058790073463009795,1.0,,,,,0.00027996531296220484,0.5997130745788091,0.21002772897329713,0.5,31.520749131961303,0.9999733907006525
dt_reference_0.25ms,dt_0.25ms_severity_1.0,High AD-like perturbation,1.0,71,2Hz,60.0,0.02,0.25,ac884c60d8359016,angular_parietal_context,0.016213765036007976,0.1673069866483821,0.03577164441398276,0.05852760613969496,0.09361185725748147,0.20593542380334245,0.28775245293808555,0.0014821842618727957,0.0020816592334809867,0.0035252006229791076,0.0029417322492794134,0.005745521311493533,1.0,0.05567367659004327,0.22740398519013302,2.0301902728088304,True,0.39154413005544675,0.0029417322492794134,0.014324081406024088,0.021455274990060523,0.014597733822892815,0.0068575411671677085,1.0,,,,,0.00020191246260953255,0.4056787445086219,0.28272612381258583,0.5,31.520749131961303,0.9999733907006525
dt_reference_0.25ms,dt_0.25ms_severity_1.0,High AD-like perturbation,1.0,71,5Hz,60.0,0.02,0.25,ac884c60d8359016,semantic_expanded,0.009922826754713279,0.1834433230419953,0.07883427593547811,0.12779321630738644,0.1693970207633185,0.21586279904302955,0.26456749298628557,0.006978399827790897,0.012585826997998005,0.01511562080707456,0.020720221108559936,0.02197617578649359,1.0,0.11846350867567934,0.23073209599869987,0.9617759822336301,False,0.21248925683635003,0.01511562080707456,0.012894506949911367,0.016639033905325597,0.011342587575126378,0.0052964463301992185,1.0,,,,,0.0014918971258653935,-1.1757779362173295,0.10163693899890584,0.0,31.831090502015194,0.999921881033826
dt_reference_0.25ms,dt_0.25ms_severity_1.0,High AD-like perturbation,1.0,71,5Hz,60.0,0.02,0.25,ac884c60d8359016,episodic_expanded,0.0031447661060022597,0.05987731525594103,0.018396404217027477,0.029454732290468934,0.03776685552609467,0.05807917348848077,0.10030487876871062,0.0013804841772611885,0.0016566360232433874,0.0025148788947446724,0.00284762439770948,0.0036724968892090032,1.0,0.026508921258042262,0.07760831096554875,1.5497331938555539,True,0.29366568124979847,0.0025148788947446724,0.04783578680394978,0.09039673390391892,0.03779750509978952,0.0525992288041294,1.0,,,,,0.0024890630506201328,7.947187513402882,0.23909344679022868,0.5263157894736842,31.831090502015194,0.999921881033826
dt_reference_0.25ms,dt_0.25ms_severity_1.0,High AD-like perturbation,1.0,71,5Hz,60.0,0.02,0.25,ac884c60d8359016,semantic_anatomical_core,0.007951955177893998,0.1215481803189817,0.05442546028319667,0.09089189542246576,0.11000827946255162,0.1476336274112255,0.16780461971953908,0.004226147124576621,0.006733248585929125,0.011097511717073766,0.010024049697392052,0.013092517559969048,1.0,0.0821889261783755,0.1506750065826582,0.8744241989198498,False,0.19743277286383282,0.010024049697392052,0.006896505287636418,0.022359059409457482,-0.0008150306777815657,0.023174090087239047,1.0,,,,,0.0016364478770470314,-0.7353747749089357,0.09414536306246131,0.0,31.831090502015194,0.999921881033826
dt_reference_0.25ms,dt_0.25ms_severity_1.0,High AD-like perturbation,1.0,71,5Hz,60.0,0.02,0.25,ac884c60d8359016,episodic_anatomical_core,0.003370707856825696,0.06208070060566649,0.017042628061163082,0.028657243138353616,0.03936494091941447,0.06073149344384026,0.10422728160500772,0.001409908044511572,0.0016770027174171124,0.0025200413995806335,0.002731612845062287,0.003198621749373522,1.0,0.025768254845984283,0.0807134580472935,1.647214412438168,True,0.3154285734992787,0.0025200413995806335,0.045228444718329944,0.08687543003646502,0.03570677890896238,0.051168651127502636,1.0,,,,,0.002633854565690652,8.849460369162802,0.24175111453340853,0.5625,31.831090502015194,0.999921881033826
dt_reference_0.25ms,dt_0.25ms_severity_1.0,High AD-like perturbation,1.0,71,5Hz,60.0,0.02,0.25,ac884c60d8359016,semantic_platel_peaks,0.011923333434567232,0.20669001585011387,0.08889507602424127,0.136294057952422,0.18239486125767132,0.23603497739668375,0.31361657144522326,0.006605290627454496,0.012775322701893368,0.01327344541944147,0.02221168829327081,0.01793102539179278,1.0,0.12768377908157266,0.2630387081221458,1.0426998615248342,True,0.22149653782855544,0.01327344541944147,0.02071864072353232,-0.0017175980202895568,0.03289375826533612,0.03461135628562568,1.0,,,,,0.0006036458111303711,-5.309446906798449,0.14799733131386103,0.0,31.831090502015194,0.999921881033826
dt_reference_0.25ms,dt_0.25ms_severity_1.0,High AD-like perturbation,1.0,71,5Hz,60.0,0.02,0.25,ac884c60d8359016,episodic_platel_peaks,0.0017578627069894904,0.03355983274939719,0.010289248381514038,0.01810088776471357,0.01511371648295489,0.03097654309812655,0.06215549911672057,0.000854093889066743,0.001130352603109397,0.0013767877117247976,0.0022074311405952465,0.003081486847048056,1.0,0.01424522230266187,0.04501012782432611,1.6597715261430381,True,0.29823022862546406,0.0013767877117247976,0.07264140431280057,0.12931899008556072,0.05884218145770236,0.07047680862785835,1.0,,,,,0.0015838704878426424,6.3791874013615075,0.1544411746132848,0.5,31.831090502015194,0.999921881033826
dt_reference_0.25ms,dt_0.25ms_severity_1.0,High AD-like perturbation,1.0,71,5Hz,60.0,0.02,0.25,ac884c60d8359016,semantic_expanded_left,0.007154238353942244,0.13401370969467144,0.05971603732577821,0.09680557567397827,0.12174866813598478,0.15498188392914697,0.19416039108690297,0.0032125491484099908,0.008811952516072846,0.006656801662065231,0.01274461438218347,0.011708841341348588,1.0,0.08842122305781147,0.1675018208879225,0.9217121838309357,False,0.2040527349622311,0.008811952516072846,0.013984456291961383,0.009966792803728286,0.01623092660114094,0.006264133797412653,1.0,,,,,0.002079386184867249,0.804784678348418,0.10763557750373087,0.0,31.831090502015194,0.999921881033826
dt_reference_0.25ms,dt_0.25ms_severity_1.0,High AD-like perturbation,1.0,71,5Hz,60.0,0.02,0.25,ac884c60d8359016,episodic_expanded_left,0.00413543234780144,0.07746521749793658,0.042280340658092726,0.05208867223938954,0.07157803888605532,0.0772640257700938,0.11342862059482985,0.0022064602982803973,0.002359037600133131,0.004563631056439166,0.004086102290631632,0.005740664292119551,1.0,0.053864854057598686,0.0944938201745173,0.8108757363721161,False,0.17081393983532875,0.004086102290631632,0.025348963983176043,0.05228195911328834,0.017527021805801332,0.03475493730748701,1.0,,,,,0.0018547906468026065,7.9194968769402285,0.23746883200027158,0.5,31.831090502015194,0.999921881033826
dt_reference_0.25ms,dt_0.25ms_severity_1.0,High AD-like perturbation,1.0,71,5Hz,60.0,0.02,0.25,ac884c60d8359016,semantic_expanded_right,0.01315284655561282,0.25110455374572677,0.10407326642198818,0.16870005700070764,0.23569334336731682,0.3006593211371335,0.36050585782822836,0.015158698562048302,0.017975929958157544,0.03432308847134558,0.03368697944975076,0.041246805565070745,1.0,0.15871306008261518,0.31783117247170095,1.001839780636325,True,0.2209257787104688,0.03368697944975076,0.01180455760786135,0.02331127500692291,0.006454248549111818,0.016857026457811092,1.0,,,,,0.001203523114428784,-9.99445462886731,0.07600111236070567,0.0,31.831090502015194,0.999921881033826
dt_reference_0.25ms,dt_0.25ms_severity_1.0,High AD-like perturbation,1.0,71,5Hz,60.0,0.02,0.25,ac884c60d8359016,episodic_expanded_right,0.0024242815665119466,0.04628261557975811,0.008004374677418527,0.016655852741186344,0.019926997142230778,0.04365796836864657,0.08869955970587132,0.0008637076158377901,0.0011633739595133135,0.001385873611826773,0.0019845231797113896,0.0023494203309823054,1.0,0.013046037505525408,0.06374014639054235,2.2885906513389918,True,0.4165174226642682,0.001385873611826773,0.07032260962472352,0.1285115086945495,0.0580679883937777,0.0704435203007718,1.0,,,,,0.0024890630506201328,9.242591158370738,0.24567848232526543,0.5454545454545454,31.831090502015194,0.999921881033826
dt_reference_0.25ms,dt_0.25ms_severity_1.0,High AD-like perturbation,1.0,71,5Hz,60.0,0.02,0.25,ac884c60d8359016,shared_auditory_relay,0.00708124327677828,0.060255184387196424,0.023997927782797943,0.03902820746172904,0.0462195112345794,0.06900594120266314,0.09483653192363532,0.0038717053010735316,0.004563943724886575,0.0055438613861888385,0.006535756544771801,0.00342600717396828,1.0,0.034757907039505063,0.07763870582247824,1.1594348572939421,True,0.23936347594488808,0.004563943724886575,0.08988844135526936,0.15206643971967787,0.07555191835828512,0.07651452136139275,1.0,,,,,0.009641479192863844,10.703105789519693,0.36976494658072734,0.8571428571428571,31.831090502015194,0.999921881033826
dt_reference_0.25ms,dt_0.25ms_severity_1.0,High AD-like perturbation,1.0,71,5Hz,60.0,0.02,0.25,ac884c60d8359016,anterior_temporal_context,0.011523872580187562,0.19992493783322648,0.08184395959790021,0.12372010962923116,0.1528522917363757,0.23325927458948234,0.3072161273991101,0.010175241023241946,0.015746187892395173,0.018723270720898466,0.030070838036370326,0.03028622655781401,1.0,0.11386426298291263,0.25846298049383754,1.1826426397939263,True,0.23657333175408912,0.018723270720898466,0.029198826894485747,0.0003927026458141157,0.046027054569674215,0.0456343519238601,1.0,,,,,0.0011311585427879467,1.6239854331620585,0.15605951792514822,0.2777777777777778,31.831090502015194,0.999921881033826
dt_reference_0.25ms,dt_0.25ms_severity_1.0,High AD-like perturbation,1.0,71,5Hz,60.0,0.02,0.25,ac884c60d8359016,hippocampal_context,0.0016119740177143959,0.025278880771112795,0.008831859380046119,0.01612270350783184,0.016973855738852444,0.02574627816435342,0.04341726146568004,0.0008291993070957244,0.001012127927323447,0.0009559767049728068,0.001459817921016303,0.0007744398072741238,1.0,0.01358850198620194,0.03297272750457102,1.2788868113733016,True,0.26351147311668105,0.0009559767049728068,0.030916771871164202,0.07154893984032372,0.02091564936221175,0.050633290478111964,1.0,,,,,0.0027317726931424535,6.886411620273109,0.14780440721014992,0.5,31.831090502015194,0.999921881033826
dt_reference_0.25ms,dt_0.25ms_severity_1.0,High AD-like perturbation,1.0,71,5Hz,60.0,0.02,0.25,ac884c60d8359016,angular_parietal_context,0.011612135761806473,0.07856633730153474,0.020957458137477743,0.03353075826223026,0.04929771791215748,0.0997475607707584,0.12597643757407376,0.0014538778846819997,0.002572829298515053,0.00367600413844811,0.003554914159582878,0.005258635200449799,1.0,0.031480115387432256,0.10515830529147022,1.7400500630622504,True,0.337401649365879,0.003554914159582878,0.028958652122402142,0.06826241935813623,0.019393903576941717,0.04886851578119451,1.0,,,,,0.002127755386450436,5.1932647558919545,0.0943424219614801,0.3333333333333333,31.831090502015194,0.999921881033826
dt_reference_0.25ms,dt_0.25ms_severity_1.0,High AD-like perturbation,1.0,89,pulse,60.0,0.02,0.25,ac884c60d8359016,semantic_expanded,0.00040607338970234663,0.009129243675862018,,,,,,,,,,,1.0,,,,False,,,,,,,,834.0,748.0,0.8461538461538461,0.018520188148700233,,,,,,
dt_reference_0.25ms,dt_0.25ms_severity_1.0,High AD-like perturbation,1.0,89,pulse,60.0,0.02,0.25,ac884c60d8359016,episodic_expanded,0.0010650855384702125,0.024667151175728763,,,,,,,,,,,1.0,,,,False,,,,,,,,441.0,398.0,0.9473684210526315,0.002986210964339313,,,,,,
dt_reference_0.25ms,dt_0.25ms_severity_1.0,High AD-like perturbation,1.0,89,pulse,60.0,0.02,0.25,ac884c60d8359016,semantic_anatomical_core,0.0004889757899993527,0.010959496042367919,,,,,,,,,,,1.0,,,,False,,,,,,,,1004.0,887.0,0.8,0.015614832853325575,,,,,,
dt_reference_0.25ms,dt_0.25ms_severity_1.0,High AD-like perturbation,1.0,89,pulse,60.0,0.02,0.25,ac884c60d8359016,episodic_anatomical_core,0.0010441279730565068,0.02327980497136632,,,,,,,,,,,1.0,,,,False,,,,,,,,432.5,389.5,0.9375,0.0029732364946899008,,,,,,
dt_reference_0.25ms,dt_0.25ms_severity_1.0,High AD-like perturbation,1.0,89,pulse,60.0,0.02,0.25,ac884c60d8359016,semantic_platel_peaks,0.00026026501722079817,0.005903067820276115,,,,,,,,,,,1.0,,,,False,,,,,,,,580.5,506.0,0.8,0.018520188148700233,,,,,,
dt_reference_0.25ms,dt_0.25ms_severity_1.0,High AD-like perturbation,1.0,89,pulse,60.0,0.02,0.25,ac884c60d8359016,episodic_platel_peaks,0.0010746839125575487,0.023777579150523843,,,,,,,,,,,1.0,,,,False,,,,,,,,523.0,523.0,1.0,0.003384685511302121,,,,,,
dt_reference_0.25ms,dt_0.25ms_severity_1.0,High AD-like perturbation,1.0,89,pulse,60.0,0.02,0.25,ac884c60d8359016,semantic_expanded_left,0.00045191860888131065,0.010683561254546383,,,,,,,,,,,1.0,,,,False,,,,,,,,694.0,522.0,0.7142857142857143,0.023037723407842405,,,,,,
dt_reference_0.25ms,dt_0.25ms_severity_1.0,High AD-like perturbation,1.0,89,pulse,60.0,0.02,0.25,ac884c60d8359016,episodic_expanded_left,0.0012766556545939526,0.030180719755223958,,,,,,,,,,,1.0,,,,False,,,,,,,,536.0,450.0,0.875,0.0027187784995269344,,,,,,
dt_reference_0.25ms,dt_0.25ms_severity_1.0,High AD-like perturbation,1.0,89,pulse,60.0,0.02,0.25,ac884c60d8359016,semantic_expanded_right,0.00035258730066022205,0.0078010588517756696,,,,,,,,,,,1.0,,,,False,,,,,,,,974.0,974.0,1.0,0.011172150310545848,,,,,,
dt_reference_0.25ms,dt_0.25ms_severity_1.0,High AD-like perturbation,1.0,89,pulse,60.0,0.02,0.25,ac884c60d8359016,episodic_expanded_right,0.0009112163631074928,0.02016082956474018,,,,,,,,,,,1.0,,,,False,,,,,,,,346.0,346.0,1.0,0.003809108997563753,,,,,,
dt_reference_0.25ms,dt_0.25ms_severity_1.0,High AD-like perturbation,1.0,89,pulse,60.0,0.02,0.25,ac884c60d8359016,shared_auditory_relay,0.0008886116970431545,0.01918414693869939,,,,,,,,,,,1.0,,,,False,,,,,,,,331.0,331.0,1.0,0.0028526239845412063,,,,,,
dt_reference_0.25ms,dt_0.25ms_severity_1.0,High AD-like perturbation,1.0,89,pulse,60.0,0.02,0.25,ac884c60d8359016,anterior_temporal_context,0.0005945273678452882,0.012925594432127575,,,,,,,,,,,1.0,,,,False,,,,,,,,924.0,753.5,0.9444444444444444,0.020447168845231376,,,,,,
dt_reference_0.25ms,dt_0.25ms_severity_1.0,High AD-like perturbation,1.0,89,pulse,60.0,0.02,0.25,ac884c60d8359016,hippocampal_context,0.0009580158583768981,0.017668559087868203,,,,,,,,,,,1.0,,,,False,,,,,,,,627.0,627.0,1.0,0.0025271031366693036,,,,,,
dt_reference_0.25ms,dt_0.25ms_severity_1.0,High AD-like perturbation,1.0,89,pulse,60.0,0.02,0.25,ac884c60d8359016,angular_parietal_context,0.000676203438567367,0.014068455541422628,,,,,,,,,,,1.0,,,,False,,,,,,,,723.0,547.5,0.8333333333333334,0.005770566155681278,,,,,,
dt_reference_0.25ms,dt_0.25ms_severity_1.0,High AD-like perturbation,1.0,89,2Hz,60.0,0.02,0.25,ac884c60d8359016,semantic_expanded,0.010287477018411104,0.2617979802151187,0.12157575614662011,0.18686234916835062,0.248081208353549,0.2977711449826924,0.3907447783275746,0.005727729264875231,0.007617017633173179,0.017243863652992828,0.01914853906374694,0.02258697841089001,1.0,0.1737868318561951,0.32722242774141685,0.9129528629464202,False,0.2020485053797934,0.017243863652992828,0.016686093982581876,0.022764274096896128,0.013824256302360343,0.008940017794535784,1.0,,,,,0.0002460410259035317,-2.102209303286344,0.12560469798938087,0.15384615384615385,31.534541152771077,0.999978574064589
dt_reference_0.25ms,dt_0.25ms_severity_1.0,High AD-like perturbation,1.0,89,2Hz,60.0,0.02,0.25,ac884c60d8359016,episodic_expanded,0.0034522080823768545,0.08314297934964099,0.03848645564350495,0.056745949350939656,0.060192157355558225,0.07929222450828688,0.13889619550906185,0.0016756975010283257,0.0019572911754380546,0.002578600549788882,0.004172457694111585,0.0037201487493055906,1.0,0.04820982533859657,0.10736206566758061,1.1550852266026816,True,0.20929153572964965,0.002578600549788882,0.03329291016751134,0.05700699213599966,0.024410340391174158,0.032596651744825504,1.0,,,,,0.0006253135687711575,8.013549405806755,0.24220431750931853,0.5789473684210527,31.534541152771077,0.999978574064589
dt_reference_0.25ms,dt_0.25ms_severity_1.0,High AD-like perturbation,1.0,89,2Hz,60.0,0.02,0.25,ac884c60d8359016,semantic_anatomical_core,0.00844109568629597,0.1766836461079583,0.09103344086835363,0.13345538772153204,0.16759949914919042,0.1961072715421114,0.2589368983436413,0.003944376399444169,0.00325351880499042,0.007681818203052567,0.010122041351694895,0.012107185187163501,1.0,0.125073266412003,0.2158726614402938,0.7874070931694852,False,0.17857747860056333,0.007681818203052567,0.011570343286643464,0.014352216460716832,0.010187998569522263,0.004164217891194569,1.0,,,,,0.00022822124679189315,-2.196697262494527,0.1242148930614461,0.0,31.534541152771077,0.999978574064589
dt_reference_0.25ms,dt_0.25ms_severity_1.0,High AD-like perturbation,1.0,89,2Hz,60.0,0.02,0.25,ac884c60d8359016,episodic_anatomical_core,0.0036806267674330314,0.07856953120929601,0.035940430983625045,0.05329182796943554,0.06129896430162063,0.0802146696485351,0.1264351547307342,0.0016325211966227986,0.001970738911392175,0.0027418011862040494,0.003992416482438276,0.0032176391846142176,1.0,0.04548439364299452,0.10151822064783168,1.1582951621206432,True,0.2109693930256943,0.0027418011862040494,0.02809379565194109,0.051252866479079215,0.019825982355154752,0.03142688412392446,1.0,,,,,0.0006443569291246232,9.177902199504592,0.2542774575248886,0.625,31.534541152771077,0.999978574064589
dt_reference_0.25ms,dt_0.25ms_severity_1.0,High AD-like perturbation,1.0,89,2Hz,60.0,0.02,0.25,ac884c60d8359016,semantic_platel_peaks,0.011833618882472195,0.2845753006016058,0.126111481271038,0.19530667828707024,0.2555157879361004,0.3197450129855805,0.44205591076197126,0.004779473697860466,0.007832797802031005,0.0100748087215841,0.012445626493972487,0.020936822789350214,1.0,0.17895237499212377,0.3610981925239868,1.012815508082941,True,0.2165119514366879,0.0100748087215841,0.018660696338198317,0.026196275557959354,0.015196353617711374,0.01099992194024798,1.0,,,,,0.0002460410259035317,-1.2721943141711012,0.1933180526252468,0.4,31.534541152771077,0.999978574064589
dt_reference_0.25ms,dt_0.25ms_severity_1.0,High AD-like perturbation,1.0,89,2Hz,60.0,0.02,0.25,ac884c60d8359016,episodic_platel_peaks,0.00199313642151522,0.05295709480431588,0.027841519357147213,0.038119519921377125,0.029285536843018656,0.03698541358575519,0.09880357999785207,0.001088244297044479,0.0009717838262876822,0.0007018785381013216,0.0020204881768511717,0.00243530013214794,1.0,0.03178186709942545,0.06787081870179454,1.094587534312854,True,0.18055386023972805,0.001088244297044479,0.06863712985866305,0.10334253155440201,0.053980690262377444,0.04936184129202457,1.0,,,,,0.0003903490249146935,2.9059149462386387,0.14919538288521833,0.25,31.534541152771077,0.999978574064589
dt_reference_0.25ms,dt_0.25ms_severity_1.0,High AD-like perturbation,1.0,89,2Hz,60.0,0.02,0.25,ac884c60d8359016,semantic_expanded_left,0.007218725499228526,0.1860121968166744,0.08948793585891363,0.1369214332574939,0.1793531733076618,0.20362949130597613,0.2787697324441868,0.0044653378057326115,0.008222566300786346,0.016203654383906283,0.013406833186247037,0.013276338239841992,1.0,0.12790572517804183,0.22996271807127275,0.8463191460444042,False,0.19256079320612135,0.013276338239841992,0.03052733534743432,0.04427308579938446,0.0238272625529428,0.020445823246441657,1.0,,,,,0.0002460410259035317,-1.2721943141711012,0.14819670205714566,0.14285714285714285,31.534541152771077,0.999978574064589
dt_reference_0.25ms,dt_0.25ms_severity_1.0,High AD-like perturbation,1.0,89,2Hz,60.0,0.02,0.25,ac884c60d8359016,episodic_expanded_left,0.005809115743463446,0.1496893573691708,0.0637360503322829,0.09816291336590277,0.10983515874774373,0.1516116946241869,0.24958415130371372,0.0027981823138609713,0.003801099434450415,0.006214737060641648,0.009229739383420239,0.007842438876737755,1.0,0.0850043061602176,0.19406244556045169,1.190913126155272,True,0.2282910335084588,0.006214737060641648,0.00818727178424011,0.015844473337958728,0.005346198047240864,0.010498275290717864,1.0,,,,,0.0004764178751888726,9.016888202734872,0.2542774575248886,0.625,31.534541152771077,0.999978574064589
dt_reference_0.25ms,dt_0.25ms_severity_1.0,High AD-like perturbation,1.0,89,2Hz,60.0,0.02,0.25,ac884c60d8359016,semantic_expanded_right,0.013867687124124117,0.3684606903076573,0.16516935317320963,0.2550187849045431,0.34314578773905563,0.4354362141536294,0.5476974865656699,0.007347010228339411,0.007056064433134778,0.018350850162438714,0.02734922879863796,0.03842713137595409,1.0,0.23612596609395814,0.46561685352754,0.979586579848436,False,0.21153621755346555,0.018350850162438714,0.002844852617729432,0.001255462394407794,0.0038212500517778845,0.0025657876573700906,1.0,,,,,0.00024161798203098384,-3.3176259205259355,0.1242148930614461,0.16666666666666666,31.534541152771077,0.999978574064589
dt_reference_0.25ms,dt_0.25ms_severity_1.0,High AD-like perturbation,1.0,89,2Hz,60.0,0.02,0.25,ac884c60d8359016,episodic_expanded_right,0.0017380934197684238,0.04618067133581362,0.023239709085789224,0.03280365931822399,0.03298666700557493,0.04146947161996535,0.07729718824740325,0.0010034950550016567,0.0010078633330994644,0.0010699054087873223,0.0018862291215312314,0.0017646942404627086,1.0,0.02734199435493678,0.05939641289751382,1.1192573270500912,True,0.1902920379508405,0.0010699054087873223,0.058398548550782574,0.0981695109340406,0.04347448273510745,0.05469502819893315,1.0,,,,,0.000708135850945868,7.893843131141164,0.22923679600195085,0.5454545454545454,31.534541152771077,0.999978574064589
dt_reference_0.25ms,dt_0.25ms_severity_1.0,High AD-like perturbation,1.0,89,2Hz,60.0,0.02,0.25,ac884c60d8359016,shared_auditory_relay,0.007125308213213727,0.08374797540365225,0.04037313756698318,0.05661077584073985,0.07495905232219481,0.09529418457721507,0.1279832728809863,0.003172791647598146,0.0035027219944215415,0.0036535319532066406,0.00567900458918003,0.006235700143862115,1.0,0.05253131110830775,0.10626858806288526,1.0164657158738957,True,0.20401433910354588,0.0036535319532066406,0.05829840193373936,0.09511986394627642,0.043811115894142064,0.051308748052134354,1.0,,,,,0.0025965197391842887,11.89276091989867,0.43204349955383364,0.7142857142857143,31.534541152771077,0.999978574064589
dt_reference_0.25ms,dt_0.25ms_severity_1.0,High AD-like perturbation,1.0,89,2Hz,60.0,0.02,0.25,ac884c60d8359016,anterior_temporal_context,0.011950072846472242,0.2908531472534379,0.10919732603767278,0.19383305787718522,0.24171679397415982,0.33965732407681476,0.4452225100305166,0.005151156385845018,0.0064229917164581535,0.007887695100186005,0.00928599047313431,0.014828845454722208,1.0,0.17287890503680403,0.37295217800307295,1.10922881223858,True,0.24322216684274567,0.007887695100186005,0.0479474674310804,0.07574609559610938,0.03714055307911981,0.038605542516989576,1.0,,,,,0.00037584608453716806,0.05224143169926015,0.2400038637119264,0.3888888888888889,31.534541152771077,0.999978574064589
dt_reference_0.25ms,dt_0.25ms_severity_1.0,High AD-like perturbation,1.0,89,2Hz,60.0,0.02,0.25,ac884c60d8359016,hippocampal_context,0.0018105595594553852,0.03838758669560243,0.019798221762889725,0.027239681324282606,0.0318152720434418,0.0347602893584155,0.06500436028492457,0.0007136751167995393,0.0008400295023465254,0.0005195546355614897,0.0012273724559319777,0.000874759599844871,1.0,0.024129666759649455,0.04877520114291767,1.0153398308474892,True,0.18910307698231166,0.0008400295023465254,0.01162205523765686,0.023291587107229873,0.00711455145787117,0.016177035649358705,1.0,,,,,0.0007419191585127383,6.554429823198346,0.2549398502628909,0.5,31.534541152771077,0.999978574064589
dt_reference_0.25ms,dt_0.25ms_severity_1.0,High AD-like perturbation,1.0,89,2Hz,60.0,0.02,0.25,ac884c60d8359016,angular_parietal_context,0.0073748662675144445,0.08667794942358918,0.04438461166058272,0.05622102402130144,0.07449710462646865,0.10038959566353019,0.13300655823269159,0.0010923331467990079,0.0014711672828635635,0.00234074708356134,0.001991207711898995,0.003044844636887672,1.0,0.05331419647351475,0.11054197095748217,1.0520025918128755,True,0.20015799636620524,0.001991207711898995,0.012185064230822178,0.024579415775119972,0.0066590845460955585,0.017920331229024415,1.0,,,,,0.0005510397355376617,5.420895549995679,0.23790979841644228,0.6666666666666666,31.534541152771077,0.999978574064589
dt_reference_0.25ms,dt_0.25ms_severity_1.0,High AD-like perturbation,1.0,89,5Hz,60.0,0.02,0.25,ac884c60d8359016,semantic_expanded,0.010230858199259054,0.18900053298089547,0.08062033473830565,0.1279045674643957,0.17651801440310597,0.21702884780132306,0.27796847258521695,0.007337983999012447,0.012887098728526045,0.016205090659610105,0.020823623467523554,0.023141082588382003,1.0,0.12106911307776656,0.23821950541279258,0.9764606915525098,False,0.21671151005879744,0.016205090659610105,0.018970661182814427,0.012929672724694643,0.023026410329019434,0.010096737604324791,1.0,,,,,0.0008419998042530352,-2.2841801791152356,0.11964244657224632,0.07692307692307693,31.807134951258774,0.9999271012403408
dt_reference_0.25ms,dt_0.25ms_severity_1.0,High AD-like perturbation,1.0,89,5Hz,60.0,0.02,0.25,ac884c60d8359016,episodic_expanded,0.003521744194820985,0.062094878774483095,0.02472694253582805,0.036898958745908796,0.0404420515844806,0.05914817624117894,0.10510131851565953,0.0015051949979803787,0.001703010297554635,0.002134076678920538,0.0035974256809725045,0.0032976033343997853,1.0,0.03231785942128322,0.08101716575492425,1.3258959716108365,True,0.24280017904798987,0.002134076678920538,0.04426302975195137,0.08316463230548879,0.03322472985249695,0.04993990245299184,1.0,,,,,0.002134654966162608,7.092583867046906,0.22575344136505318,0.5263157894736842,31.807134951258774,0.9999271012403408
dt_reference_0.25ms,dt_0.25ms_severity_1.0,High AD-like perturbation,1.0,89,5Hz,60.0,0.02,0.25,ac884c60d8359016,semantic_anatomical_core,0.008184248909297542,0.1240206916759833,0.05688783349122452,0.08666194858257577,0.1159695557063356,0.1437178203604124,0.17794109021330135,0.004309541994060286,0.006597912639026854,0.010688580729939867,0.00920128878958913,0.013803623814295021,1.0,0.08318675093832924,0.1541157637764442,0.8895887605545919,False,0.20100918427207987,0.00920128878958913,0.01844245066461389,0.01952529211179534,0.018788601644379812,0.0007366904674155281,1.0,,,,,0.001143392354588657,-2.1627848832173964,0.11723167068030146,0.0,31.807134951258774,0.9999271012403408
dt_reference_0.25ms,dt_0.25ms_severity_1.0,High AD-like perturbation,1.0,89,5Hz,60.0,0.02,0.25,ac884c60d8359016,episodic_anatomical_core,0.003731448138992091,0.05854871779490104,0.023620177579935918,0.03575295192593726,0.04158546510112227,0.05947340887211207,0.09550666449735935,0.0015584701727174985,0.0017094892922259843,0.002212927461891206,0.0035474172143878926,0.002737315545594068,1.0,0.0313290679391927,0.07619898755098312,1.28226997968691,True,0.2382672801203266,0.002212927461891206,0.041749877814461274,0.08106671011199583,0.03100710659864047,0.05005960351335536,1.0,,,,,0.002231959885267143,8.13841559909935,0.2312828618432874,0.5625,31.807134951258774,0.9999271012403408
dt_reference_0.25ms,dt_0.25ms_severity_1.0,High AD-like perturbation,1.0,89,5Hz,60.0,0.02,0.25,ac884c60d8359016,semantic_platel_peaks,0.012145290769376515,0.21131474187759927,0.08963860280905057,0.1397552923062983,0.18845264416559318,0.23677165669654276,0.322368147371528,0.006939952269975579,0.01261091110893444,0.014393768594807567,0.021999400020538802,0.019605851812073714,1.0,0.1308578440389516,0.26862949501326433,1.0376173119173178,True,0.22268138705608487,0.014393768594807567,0.013532362612879639,-0.005717680760432854,0.024076190409821924,0.02979387117025478,1.0,,,,,0.00031287698463411395,-4.688524692370092,0.1255769204704057,0.2,31.807134951258774,0.9999271012403408
dt_reference_0.25ms,dt_0.25ms_severity_1.0,High AD-like perturbation,1.0,89,5Hz,60.0,0.02,0.25,ac884c60d8359016,episodic_platel_peaks,0.0021271210373729494,0.04060743634769844,0.012600019192727758,0.01961462926919081,0.017043063187623848,0.0305388335198185,0.07929459397726492,0.0008156498708659017,0.0012386824899545312,0.0009864619484960383,0.002278586283366461,0.002493571579044854,1.0,0.01671545606592159,0.054650769176150894,1.7090590829841785,True,0.297315402490954,0.0012386824899545312,0.0686540109416858,0.11253266609324762,0.05526140137916771,0.05727126471407991,1.0,,,,,0.0012888440843258908,4.483104102346975,0.15543437836477814,0.5,31.807134951258774,0.9999271012403408
dt_reference_0.25ms,dt_0.25ms_severity_1.0,High AD-like perturbation,1.0,89,5Hz,60.0,0.02,0.25,ac884c60d8359016,semantic_expanded_left,0.007348920011311812,0.1376554961462574,0.06256159542645334,0.0960023380276773,0.13122398026007656,0.15448601550958443,0.20119203456214224,0.0035580489432813682,0.009019396233527373,0.00778449384955564,0.012803407322564745,0.011729242896204228,1.0,0.09181937907328473,0.1716424770839294,0.9025360458176364,False,0.20283913792432112,0.009019396233527373,0.023703925572587683,0.002957922274035436,0.03540983484484863,0.032451912570813195,1.0,,,,,0.0003186880889134436,-1.2379551467738912,0.11964244657224632,0.14285714285714285,31.807134951258774,0.9999271012403408
dt_reference_0.25ms,dt_0.25ms_severity_1.0,High AD-like perturbation,1.0,89,5Hz,60.0,0.02,0.25,ac884c60d8359016,episodic_expanded_left,0.005814090056237346,0.10890599572433084,0.0536925222524688,0.07409706301797145,0.08287779556223598,0.10289776866510793,0.1777974767516878,0.002553630979166925,0.002377640785616454,0.0038619732826892326,0.005672064748935229,0.006496523396180839,1.0,0.06771754221847932,0.13839298604378436,1.0311693097129702,True,0.19643034830926143,0.0038619732826892326,0.02204167589512565,0.051376972258769124,0.012689530592293118,0.038687441666476,1.0,,,,,0.0013864778660814259,6.029440228497677,0.2245694782683581,0.5,31.807134951258774,0.9999271012403408
dt_reference_0.25ms,dt_0.25ms_severity_1.0,High AD-like perturbation,1.0,89,5Hz,60.0,0.02,0.25,ac884c60d8359016,semantic_expanded_right,0.013593119418530836,0.2594970957723998,0.10389182579202849,0.17040812457648394,0.23744600146300235,0.3048918092851429,0.3840433937631522,0.015133577426313834,0.018413351552449424,0.03373436582536101,0.03386780435806174,0.04565594796707776,1.0,0.1596365635378356,0.33062056504443665,1.050385337287383,True,0.23058388219327366,0.03373436582536101,0.014237396793041172,0.02290142317535385,0.01064298581319024,0.01225843736216361,1.0,,,,,0.00120683019491985,-10.853268468574507,0.11761389729709161,0.0,31.807134951258774,0.9999271012403408
dt_reference_0.25ms,dt_0.25ms_severity_1.0,High AD-like perturbation,1.0,89,5Hz,60.0,0.02,0.25,ac884c60d8359016,episodic_expanded_right,0.0018545835683363603,0.0354046069215299,0.011387464427451617,0.018374994919866848,0.01973459266461289,0.033999831075480755,0.06212848098602309,0.0008872119740199372,0.0012197990929168792,0.001179263277642666,0.0022816156202289293,0.0016738472391921617,1.0,0.015423537289704066,0.04742856798309303,1.620622633508702,True,0.2891700097867184,0.0012197990929168792,0.06648438360877709,0.11495229235220844,0.05375992911270078,0.06119236323950766,1.0,,,,,0.002329264804371678,8.308051132523213,0.2368122823215216,0.5454545454545454,31.807134951258774,0.9999271012403408
dt_reference_0.25ms,dt_0.25ms_severity_1.0,High AD-like perturbation,1.0,89,5Hz,60.0,0.02,0.25,ac884c60d8359016,shared_auditory_relay,0.0072628866575834864,0.06112408858134124,0.0243771564847689,0.03809369046783475,0.05146072109267496,0.06971123038398612,0.09411820152937578,0.0038594846589616004,0.004678171450173167,0.005375449057431233,0.00676213422172516,0.004021462000023459,1.0,0.03584537482525857,0.07855189676090686,1.131859133971923,True,0.2384863417704577,0.004678171450173167,0.08588921581281322,0.14685990579054958,0.06965511682591734,0.07720478896463225,1.0,,,,,0.008523357875993287,10.203902838109773,0.3906010377491863,0.7857142857142857,31.807134951258774,0.9999271012403408
dt_reference_0.25ms,dt_0.25ms_severity_1.0,High AD-like perturbation,1.0,89,5Hz,60.0,0.02,0.25,ac884c60d8359016,anterior_temporal_context,0.011661276095380283,0.20437101797848015,0.08891704472463688,0.11729416907950584,0.16677200954511381,0.23491465681299037,0.3015179716827005,0.01307677237480367,0.011837520556387265,0.021229017895838607,0.03239623773146659,0.02674631123637809,1.0,0.11853568156038322,0.2620243326346863,1.1443793885081892,True,0.22627148071665826,0.021229017895838607,0.021116713520495087,-0.0032197911383207226,0.036863937590226784,0.040083728728547506,1.0,,,,,0.0010471022486112092,0.9771984815376484,0.17943112322673554,0.3333333333333333,31.807134951258774,0.9999271012403408
dt_reference_0.25ms,dt_0.25ms_severity_1.0,High AD-like perturbation,1.0,89,5Hz,60.0,0.02,0.25,ac884c60d8359016,hippocampal_context,0.0018735505731393804,0.028099383330764355,0.009674265810448585,0.015906312467971504,0.020134115621190756,0.02500191452214729,0.050629684205881126,0.0008683794822228919,0.0011684554221998177,0.0007195094446878222,0.0016842629426118277,0.0008668137996043952,1.0,0.014678674938145665,0.036928334791689645,1.331006468383885,True,0.2713978980984094,0.0008683794822228919,0.03247540128040789,0.0714168393890201,0.022775559826560588,0.04864127956245952,1.0,,,,,0.0028790324207363382,6.388082048078566,0.1933130245325782,0.5,31.807134951258774,0.9999271012403408
dt_reference_0.25ms,dt_0.25ms_severity_1.0,High AD-like perturbation,1.0,89,5Hz,60.0,0.02,0.25,ac884c60d8359016,angular_parietal_context,0.006902058525022618,0.06028161411753235,0.025944016897746613,0.03678530690887231,0.048426820087542614,0.06779440873714218,0.09413507870567063,0.0015055275777900862,0.002361992973054485,0.0029238332960695866,0.0031007033278096317,0.002576056710954713,1.0,0.03421798130096847,0.07781019747420223,1.1852045909354583,True,0.23003488964627108,0.002576056710954713,0.03043406366428697,0.07115367484424849,0.018263544380232952,0.05289013046401554,1.0,,,,,0.0018222994422694705,6.327757348549962,0.19303022318915686,0.5,31.807134951258774,0.9999271012403408
dt_reference_0.25ms,dt_0.25ms_severity_1.0,High AD-like perturbation,1.0,107,pulse,60.0,0.02,0.25,ac884c60d8359016,semantic_expanded,0.0004059425535397233,0.009161119659407538,,,,,,,,,,,1.0,,,,False,,,,,,,,1037.5,979.5,0.9230769230769231,0.016884759534013898,,,,,,
dt_reference_0.25ms,dt_0.25ms_severity_1.0,High AD-like perturbation,1.0,107,pulse,60.0,0.02,0.25,ac884c60d8359016,episodic_expanded,0.0010521914109652265,0.024328947540410935,,,,,,,,,,,1.0,,,,False,,,,,,,,454.5,418.0,0.9473684210526315,0.009547294202135506,,,,,,
dt_reference_0.25ms,dt_0.25ms_severity_1.0,High AD-like perturbation,1.0,107,pulse,60.0,0.02,0.25,ac884c60d8359016,semantic_anatomical_core,0.00046537224744404564,0.010473687476229518,,,,,,,,,,,1.0,,,,False,,,,,,,,1007.0,949.0,0.9,0.01611679034746545,,,,,,
dt_reference_0.25ms,dt_0.25ms_severity_1.0,High AD-like perturbation,1.0,107,pulse,60.0,0.02,0.25,ac884c60d8359016,episodic_anatomical_core,0.0010256095760704962,0.02281850608150258,,,,,,,,,,,1.0,,,,False,,,,,,,,449.0,412.5,0.9375,0.009550132214164467,,,,,,
dt_reference_0.25ms,dt_0.25ms_severity_1.0,High AD-like perturbation,1.0,107,pulse,60.0,0.02,0.25,ac884c60d8359016,semantic_platel_peaks,0.0003155824484816135,0.007268238251352735,,,,,,,,,,,1.0,,,,False,,,,,,,,975.5,852.5,0.8,0.01816455780043386,,,,,,
dt_reference_0.25ms,dt_0.25ms_severity_1.0,High AD-like perturbation,1.0,107,pulse,60.0,0.02,0.25,ac884c60d8359016,episodic_platel_peaks,0.0010915054011497191,0.024107656980680264,,,,,,,,,,,1.0,,,,False,,,,,,,,528.0,528.0,1.0,0.007574039402189595,,,,,,
dt_reference_0.25ms,dt_0.25ms_severity_1.0,High AD-like perturbation,1.0,107,pulse,60.0,0.02,0.25,ac884c60d8359016,semantic_expanded_left,0.00044097297673404746,0.010408482547678184,,,,,,,,,,,1.0,,,,False,,,,,,,,762.0,646.0,0.8571428571428571,0.015348821160917007,,,,,,
dt_reference_0.25ms,dt_0.25ms_severity_1.0,High AD-like perturbation,1.0,107,pulse,60.0,0.02,0.25,ac884c60d8359016,episodic_expanded_left,0.0012560329939042551,0.02964670895070525,,,,,,,,,,,1.0,,,,False,,,,,,,,557.0,484.0,0.875,0.008707343703132302,,,,,,
dt_reference_0.25ms,dt_0.25ms_severity_1.0,High AD-like perturbation,1.0,107,pulse,60.0,0.02,0.25,ac884c60d8359016,semantic_expanded_right,0.0003650737264796786,0.008063241978793982,,,,,,,,,,,1.0,,,,False,,,,,,,,1313.0,1313.0,1.0,0.019395195220435653,,,,,,
dt_reference_0.25ms,dt_0.25ms_severity_1.0,High AD-like perturbation,1.0,107,pulse,60.0,0.02,0.25,ac884c60d8359016,episodic_expanded_right,0.0009039429870095701,0.019965038595286876,,,,,,,,,,,1.0,,,,False,,,,,,,,352.0,352.0,1.0,0.009552970226193428,,,,,,
dt_reference_0.25ms,dt_0.25ms_severity_1.0,High AD-like perturbation,1.0,107,pulse,60.0,0.02,0.25,ac884c60d8359016,shared_auditory_relay,0.0008908783726193786,0.01924879331941499,,,,,,,,,,,1.0,,,,False,,,,,,,,312.0,312.0,1.0,0.0067020780726934305,,,,,,
dt_reference_0.25ms,dt_0.25ms_severity_1.0,High AD-like perturbation,1.0,107,pulse,60.0,0.02,0.25,ac884c60d8359016,anterior_temporal_context,0.0005943227283004659,0.01300028601470702,,,,,,,,,,,1.0,,,,False,,,,,,,,934.0,934.0,1.0,0.01814138295397065,,,,,,
dt_reference_0.25ms,dt_0.25ms_severity_1.0,High AD-like perturbation,1.0,107,pulse,60.0,0.02,0.25,ac884c60d8359016,hippocampal_context,0.0009761039545432653,0.018021359348578927,,,,,,,,,,,1.0,,,,False,,,,,,,,645.0,645.0,1.0,0.0073790207918964686,,,,,,
dt_reference_0.25ms,dt_0.25ms_severity_1.0,High AD-like perturbation,1.0,107,pulse,60.0,0.02,0.25,ac884c60d8359016,angular_parietal_context,0.0006767791155385602,0.014182798945973175,,,,,,,,,,,1.0,,,,False,,,,,,,,398.0,338.5,0.8333333333333334,0.01377298576530877,,,,,,
dt_reference_0.25ms,dt_0.25ms_severity_1.0,High AD-like perturbation,1.0,107,2Hz,60.0,0.02,0.25,ac884c60d8359016,semantic_expanded,0.011372436151762564,0.29525264587064437,0.11840448391550891,0.1778512093633064,0.24548957323870507,0.3449951325014135,0.4626820388493474,0.005385143903456017,0.006972581312166449,0.016387349342139347,0.020211309318315804,0.02328581641183271,1.0,0.1672137187758474,0.3802508351820473,1.1852582008576362,True,0.2444249990308432,0.016387349342139347,0.01385175770050609,0.02127370228183615,0.01479341332736374,0.00648028895447241,1.0,,,,,0.0002313911133143831,-2.504025373085503,0.13014083844723584,0.23076923076923078,31.524454011488952,0.9999805223370141
dt_reference_0.25ms,dt_0.25ms_severity_1.0,High AD-like perturbation,1.0,107,2Hz,60.0,0.02,0.25,ac884c60d8359016,episodic_expanded,0.005124020067456318,0.1298837886966021,0.040461964783722236,0.05720230131877224,0.0734187869022094,0.1441766676305681,0.22948168713909745,0.0015952455875010215,0.0018381915770304797,0.0027091298593162837,0.006294104498393834,0.0053066599730193535,1.0,0.055266151413975846,0.17469335005752618,1.6603566353670132,True,0.31705870549771054,0.0027091298593162837,0.029013514052979476,0.04784179619459778,0.028516165155574272,0.01932563103902351,1.0,,,,,0.00017919052744874708,6.319899453406722,0.24687859019140385,0.6842105263157895,31.524454011488952,0.9999805223370141
dt_reference_0.25ms,dt_0.25ms_severity_1.0,High AD-like perturbation,1.0,107,2Hz,60.0,0.02,0.25,ac884c60d8359016,semantic_anatomical_core,0.009836901658683839,0.23354539628120127,0.08645878306121456,0.1202607339392138,0.16231366654527093,0.27009955482282,0.3807650860831913,0.003620146950150074,0.0030469188555352104,0.007696132623954255,0.010054062415282883,0.01608013587823571,1.0,0.11425453467842078,0.30497573265453704,1.4164430240565917,True,0.27224795598893875,0.007696132623954255,0.013151046555844838,0.012463502940293844,0.01573269582261896,0.0032691928823251164,1.0,,,,,0.00011111416703168953,-3.2391318640146336,0.1393829942161529,0.2,31.524454011488952,0.9999805223370141
dt_reference_0.25ms,dt_0.25ms_severity_1.0,High AD-like perturbation,1.0,107,2Hz,60.0,0.02,0.25,ac884c60d8359016,episodic_anatomical_core,0.005294334399825917,0.12118220553032845,0.038421173447236424,0.05221103563774615,0.07360390664024846,0.14126209993448166,0.21013200601776705,0.0015773991014039652,0.0018006602423152787,0.002800626696776239,0.006018329643302415,0.004407964412742837,1.0,0.051609585794821146,0.1630532407798524,1.6596321587067697,True,0.3169296317765682,0.002800626696776239,0.024588017925424782,0.04093037415374349,0.025137864656051282,0.015792509497692207,1.0,,,,,0.00018446700101754088,6.828060589296442,0.24648971351783902,0.75,31.524454011488952,0.9999805223370141
dt_reference_0.25ms,dt_0.25ms_severity_1.0,High AD-like perturbation,1.0,107,2Hz,60.0,0.02,0.25,ac884c60d8359016,semantic_platel_peaks,0.011995213732892319,0.2870205677558926,0.12480479961166986,0.19564903473023645,0.2548693301033253,0.33294159152190544,0.4413324778463318,0.0042927138977059765,0.006551638369176607,0.010891177318339851,0.015950527791858828,0.016565276583572815,1.0,0.17971218134762537,0.3647358303842561,1.021163730305459,True,0.22056930592154603,0.010891177318339851,0.013792908070550981,0.02615503547326186,0.014874513555497838,0.011280521917764023,1.0,,,,,0.00030889715313509036,-2.504025373085503,0.17585663548066713,0.2,31.524454011488952,0.9999805223370141
dt_reference_0.25ms,dt_0.25ms_severity_1.0,High AD-like perturbation,1.0,107,2Hz,60.0,0.02,0.25,ac884c60d8359016,episodic_platel_peaks,0.0037224513276833517,0.09890775160853231,0.024677297742219752,0.046615284175397884,0.03481374119059453,0.08926095251452006,0.1934177288475137,0.0010989623147045161,0.001075928757952292,0.0009282718110581838,0.003455243175777414,0.004616329078141217,1.0,0.03749864042352619,0.13458448976812035,1.8436019613573769,True,0.3439076781925538,0.0010989623147045161,0.05698043924745008,0.0978351371310207,0.04970719467383098,0.04812794245718972,1.0,,,,,0.00017215354941046979,0.9328667059487581,0.24967958982714628,0.5,31.524454011488952,0.9999805223370141
dt_reference_0.25ms,dt_0.25ms_severity_1.0,High AD-like perturbation,1.0,107,2Hz,60.0,0.02,0.25,ac884c60d8359016,semantic_expanded_left,0.009006990884628191,0.23215546294753184,0.08602333617690726,0.12628431113143862,0.17840662619889303,0.2629145179245045,0.3790602216097329,0.004069195497879396,0.0072175613463114924,0.015886920884447066,0.014116872526269501,0.013518158570106948,1.0,0.12016832926846754,0.3021129201923406,1.3300311643853693,True,0.2668586275760987,0.013518158570106948,0.017988513369954436,0.040502562329879734,0.015389524105341114,0.02511303822453862,1.0,,,,,0.0002313911133143831,0.13223433554861147,0.11264741034823321,0.2857142857142857,31.524454011488952,0.9999805223370141
dt_reference_0.25ms,dt_0.25ms_severity_1.0,High AD-like perturbation,1.0,107,2Hz,60.0,0.02,0.25,ac884c60d8359016,episodic_expanded_left,0.007860925107597914,0.20261558282076633,0.07728447280523429,0.09342321551310429,0.14575104395705357,0.24372081807232837,0.33677450938527903,0.002458652340718923,0.0033547558742738452,0.006072660294208416,0.012384986916236431,0.009180295739737604,1.0,0.10107281815692448,0.26810540787238846,1.4074052590613573,True,0.2815220687803147,0.006072660294208416,0.01349797224915139,0.007534917133428683,0.01868344023525805,0.011148523101829368,1.0,,,,,0.00015406877922247153,5.706724609464857,0.23936737956262552,0.75,31.524454011488952,0.9999805223370141
dt_reference_0.25ms,dt_0.25ms_severity_1.0,High AD-like perturbation,1.0,107,2Hz,60.0,0.02,0.25,ac884c60d8359016,semantic_expanded_right,0.01413212229675267,0.3754989169189522,0.16297463495796785,0.25047491955725654,0.33779648129064554,0.4527009097452912,0.5647510787723665,0.007126660509686087,0.006735916443525386,0.016903540995424376,0.028936793443482902,0.040111176618731426,1.0,0.2326771780639632,0.47859819290280803,1.0404852373299032,True,0.2219913704855876,0.016903540995424376,0.009715002031057742,0.002044842233792568,0.014197302549386366,0.012152460315593798,1.0,,,,,0.0001589695584098827,-4.028842997393595,0.1393829942161529,0.16666666666666666,31.524454011488952,0.9999805223370141
dt_reference_0.25ms,dt_0.25ms_severity_1.0,High AD-like perturbation,1.0,107,2Hz,60.0,0.02,0.25,ac884c60d8359016,episodic_expanded_right,0.0031335436746260633,0.08326012407992629,0.021183693628667625,0.03502451995676214,0.03698305085060195,0.08528984784092766,0.15637123138663692,0.0010350420196852084,0.0010072113740905793,0.0012085946255941146,0.003198691424111734,0.0030675090288595315,1.0,0.03021927703025318,0.11382749343439978,1.9133080116726688,True,0.3525953422151063,0.0012085946255941146,0.04452905585680756,0.08814867525576688,0.03834889007589049,0.049799785179876384,1.0,,,,,0.00020616536093964744,6.319899453406722,0.25091216074829364,0.6363636363636364,31.524454011488952,0.9999805223370141
dt_reference_0.25ms,dt_0.25ms_severity_1.0,High AD-like perturbation,1.0,107,2Hz,60.0,0.02,0.25,ac884c60d8359016,shared_auditory_relay,0.007926518965830789,0.11335796259552627,0.04180264908481268,0.06739714900299719,0.07433752640329706,0.1451628283566429,0.1786817248995359,0.0032583464942081276,0.003403193532297975,0.0033015700281762476,0.006787618871227018,0.0067589656315281315,1.0,0.05958354335486458,0.14871466834967956,1.319561127028345,True,0.26491821121794973,0.003403193532297975,0.04218546959377696,0.07967760570050396,0.03727341899786216,0.0424041867026418,1.0,,,,,0.0007199764890498117,10.014356808620782,0.2963255215216299,0.7857142857142857,31.524454011488952,0.9999805223370141
dt_reference_0.25ms,dt_0.25ms_severity_1.0,High AD-like perturbation,1.0,107,2Hz,60.0,0.02,0.25,ac884c60d8359016,anterior_temporal_context,0.023430167864606482,0.49709642939046866,0.14426315086653493,0.2530499238578329,0.3367526878496565,0.5671553580906415,0.8532110422078185,0.005700157424450227,0.00682583711298213,0.010730557292677783,0.014567414508397878,0.022045701127154045,1.0,0.22893205901601857,0.663148331234084,1.5344120964903718,True,0.3146360767477669,0.010730557292677783,0.02697602911720527,0.06997050078457807,0.019383443809295964,0.05058705697528211,1.0,,,,,0.0003224233202520077,-0.9670234392379653,0.19050746352518277,0.2777777777777778,31.524454011488952,0.9999805223370141
dt_reference_0.25ms,dt_0.25ms_severity_1.0,High AD-like perturbation,1.0,107,2Hz,60.0,0.02,0.25,ac884c60d8359016,hippocampal_context,0.0030269445706541847,0.0705622314144574,0.02017433330667183,0.03727588975229602,0.03776601312369575,0.08459371514690635,0.12022126154595386,0.0009057304647059316,0.0007867110364501964,0.0006045110993449457,0.002050849818741608,0.001809189720853817,1.0,0.031209663132441702,0.09432956807007958,1.5957172763607945,True,0.3166253007887132,0.0009057304647059316,0.015656808113398438,0.015233810245326926,0.020326553340562534,0.005092743095235608,1.0,,,,,0.00014264145358566793,2.0824132623071963,0.23387437337604652,0.5,31.524454011488952,0.9999805223370141
dt_reference_0.25ms,dt_0.25ms_severity_1.0,High AD-like perturbation,1.0,107,2Hz,60.0,0.02,0.25,ac884c60d8359016,angular_parietal_context,0.009393627697796506,0.13970477620844224,0.04766836243132166,0.06642192619901545,0.0745583864899639,0.1687960325473718,0.2307805553581473,0.0016433423938661306,0.0016093397251877428,0.0021386173712663646,0.0035326427678533494,0.006743731888984812,1.0,0.05975209575249995,0.18732796806133345,1.6485050896380118,True,0.29481924678878085,0.0021386173712663646,0.013252741008518054,0.017851563439020415,0.014124827875163956,0.003726735563856458,1.0,,,,,0.00019867254738598072,2.474622186410117,0.15516780988785633,0.3333333333333333,31.524454011488952,0.9999805223370141
dt_reference_0.25ms,dt_0.25ms_severity_1.0,High AD-like perturbation,1.0,107,5Hz,60.0,0.02,0.25,ac884c60d8359016,semantic_expanded,0.0171649287704671,0.3218037749859747,0.08133565294491527,0.12804859314979997,0.2062399615963751,0.37463842005719117,0.530722717600137,0.006990850068555627,0.012515508793171495,0.016156811846596064,0.030163841289062982,0.0557948025926782,1.0,0.12826668681067727,0.4294968325884683,1.7435009669966786,True,0.3480402241099334,0.016156811846596064,0.02019245227647365,0.013729339982681693,0.0242904291537668,0.010561089171085107,1.0,,,,,0.0013852241468110815,0.20946662029865581,0.1416312191797636,0.07692307692307693,31.612656810458933,0.9998079547949258
dt_reference_0.25ms,dt_0.25ms_severity_1.0,High AD-like perturbation,1.0,107,5Hz,60.0,0.02,0.25,ac884c60d8359016,episodic_expanded,0.014565877568607069,0.2435115245100959,0.029457843028448075,0.054040110245839934,0.07900910964152245,0.3093186115782723,0.43122745672497675,0.001349062145253959,0.0017428848773454176,0.0020515560799917016,0.013226100070989164,0.018123726477523257,1.0,0.054645202174599894,0.3384963914495072,2.6309737154282864,True,0.5130220896833081,0.0020515560799917016,0.06745625823592888,0.05202750689815483,0.08877971270262953,0.036752205804474705,1.0,,,,,0.0002585328349379301,5.813608874682651,0.17940296331434083,0.15789473684210525,31.612656810458933,0.9998079547949258
dt_reference_0.25ms,dt_0.25ms_severity_1.0,High AD-like perturbation,1.0,107,5Hz,60.0,0.02,0.25,ac884c60d8359016,semantic_anatomical_core,0.016744055908500595,0.31572774859101693,0.05943846298112791,0.09268952482065818,0.1670833750067003,0.36249748527460457,0.5383075246100802,0.003998849253100133,0.007015592175223343,0.013299379022326915,0.017393692653982686,0.04004441306300068,1.0,0.09957851014624383,0.4267147721238373,2.099365719345503,True,0.4162708266001019,0.013299379022326915,0.03459195579118876,0.021711212343111408,0.04335433003102594,0.021643117687914534,1.0,,,,,0.0009272860213620504,0.7499824628421186,0.129787612609524,0.0,31.612656810458933,0.9998079547949258
dt_reference_0.25ms,dt_0.25ms_severity_1.0,High AD-like perturbation,1.0,107,5Hz,60.0,0.02,0.25,ac884c60d8359016,episodic_anatomical_core,0.01585866814415274,0.23511726588749626,0.028099657092503772,0.05037684896635775,0.07660289136620607,0.3037137550269905,0.41304987611821475,0.0013732418412752796,0.0017086857433401405,0.001904613925137784,0.012863458119283471,0.017168136778466785,1.0,0.051608003870558604,0.32699682241373823,2.663609881151429,True,0.5173631297873661,0.001904613925137784,0.06570233970881809,0.05104890320430765,0.08671866392118265,0.035669760716875,1.0,,,,,0.0002605614808453005,6.02915668814226,0.17966663981702746,0.125,31.612656810458933,0.9998079547949258
dt_reference_0.25ms,dt_0.25ms_severity_1.0,High AD-like perturbation,1.0,107,5Hz,60.0,0.02,0.25,ac884c60d8359016,semantic_platel_peaks,0.014050107791417271,0.24409777370844354,0.08836058508983469,0.13711762160090715,0.19491803369433777,0.30705018103341164,0.36354452717227426,0.00644314191626931,0.012744791892986466,0.012392274997835307,0.028643527215618202,0.03535887063548146,1.0,0.13045852839158273,0.31698973064819,1.2808448431540882,True,0.2622187432109799,0.012744791892986466,0.0010841314914086676,-0.003814657402356013,0.0008987048416672951,0.004713362244023308,1.0,,,,,0.001959171363789425,0.20946662029865581,0.1653137681268082,0.2,31.612656810458933,0.9998079547949258
dt_reference_0.25ms,dt_0.25ms_severity_1.0,High AD-like perturbation,1.0,107,5Hz,60.0,0.02,0.25,ac884c60d8359016,episodic_platel_peaks,0.007392280505685184,0.1407918775703903,0.014953248686456198,0.03450105290917609,0.045551814152555645,0.17533290953853775,0.252777939399079,0.0007989839277799169,0.0011834291784679743,0.0008212567121469537,0.007183365749974611,0.013350746215192246,1.0,0.03247961986337904,0.1960154253641358,2.5933605385334864,True,0.5252031960904903,0.0011834291784679743,0.08120860902270066,0.0702372795834451,0.10501804584785387,0.03478076626440878,1.0,,,,,0.00018886906071968745,5.053125159541354,0.15506045482218334,0.25,31.612656810458933,0.9998079547949258
dt_reference_0.25ms,dt_0.25ms_severity_1.0,High AD-like perturbation,1.0,107,5Hz,60.0,0.02,0.25,ac884c60d8359016,semantic_expanded_left,0.01805650470487982,0.3372018369686286,0.06325447467238796,0.09853329359728737,0.17475193652126628,0.37597293840609375,0.5918567123599138,0.00322040348022537,0.008750245636006014,0.00796362353099891,0.02475791705475875,0.04180742715832001,1.0,0.10428618043697915,0.4578600862722296,2.1343588135763554,True,0.4191981316387109,0.008750245636006014,0.011459632877364526,0.0021295426399338805,0.014905160263634174,0.012775617623700294,1.0,,,,,0.001959171363789425,2.072587590471838,0.14869190508121657,0.14285714285714285,31.612656810458933,0.9998079547949258
dt_reference_0.25ms,dt_0.25ms_severity_1.0,High AD-like perturbation,1.0,107,5Hz,60.0,0.02,0.25,ac884c60d8359016,episodic_expanded_left,0.025660450946597625,0.47920410611349795,0.06726799466558651,0.10484798679246282,0.15141248085763617,0.5979721971767729,0.8511070154282787,0.0022794646089242376,0.0027083681329639906,0.005685621594697456,0.026735837672806687,0.02912892107284193,1.0,0.10992431837716189,0.6643077970444851,2.5953412609056534,True,0.4917238011235515,0.005685621594697456,0.0631364874792824,0.03160621424450521,0.08503188581517745,0.05342567157067225,1.0,,,,,0.00026839668203071376,6.284347791157186,0.16137735640521222,0.0,31.612656810458933,0.9998079547949258
dt_reference_0.25ms,dt_0.25ms_severity_1.0,High AD-like perturbation,1.0,107,5Hz,60.0,0.02,0.25,ac884c60d8359016,semantic_expanded_right,0.016124756846985593,0.3071088536355104,0.10458530363644793,0.16640509627797925,0.24340171906534516,0.3733086385897011,0.4759033683233631,0.015175733407667296,0.017900978654520297,0.032779370851746335,0.036750156295434225,0.07446188890235036,1.0,0.15776148744205512,0.40289060945541344,1.3526431204170004,True,0.27688231658115586,0.032779370851746335,0.028925271675582776,0.025329137325429504,0.03367569804389942,0.008346560718469918,1.0,,,,,0.0013093627273333963,-7.968475938636438,0.1034555877045982,0.0,31.612656810458933,0.9998079547949258
dt_reference_0.25ms,dt_0.25ms_severity_1.0,High AD-like perturbation,1.0,107,5Hz,60.0,0.02,0.25,ac884c60d8359016,episodic_expanded_right,0.006497096930068485,0.12374239246436364,0.01290010978032952,0.027853024218415106,0.041228037285879336,0.1600041003920216,0.2184885285429327,0.0007984193589283774,0.0011215785840586617,0.0007402677577551442,0.006542892922548767,0.011276403290416515,1.0,0.027165036497722752,0.17247999727551785,2.666606169950919,True,0.5343203782430646,0.0011215785840586617,0.07177602899257536,0.07244879955180444,0.09252753959008161,0.02007874003827717,1.0,,,,,0.00023973777301844468,5.635232947679771,0.1799303163197141,0.2727272727272727,31.612656810458933,0.9998079547949258
dt_reference_0.25ms,dt_0.25ms_severity_1.0,High AD-like perturbation,1.0,107,5Hz,60.0,0.02,0.25,ac884c60d8359016,shared_auditory_relay,0.014031268578877947,0.1834263460367231,0.029018406516549227,0.05095363380509155,0.07930429333266814,0.25790069513829117,0.28823197311500554,0.0036549038866283317,0.004276792096858325,0.0046273355339472785,0.01055534027015828,0.018480994662360632,1.0,0.052370531888202634,0.25058657355105896,2.258481954667734,True,0.44819695357856787,0.0046273355339472785,0.0679869632463849,0.08167573553989513,0.08551749697642198,0.0038417614365268554,1.0,,,,,0.0008782267898357898,8.183444481325234,0.2700130974986446,0.7857142857142857,31.612656810458933,0.9998079547949258
dt_reference_0.25ms,dt_0.25ms_severity_1.0,High AD-like perturbation,1.0,107,5Hz,60.0,0.02,0.25,ac884c60d8359016,anterior_temporal_context,0.048846336145977734,0.7700262674384769,0.08909324992374278,0.1585242288779009,0.2775457470251286,0.6465717022402674,1.4973175276223138,0.01029907181131815,0.01395596675925794,0.0342534887500527,0.09189957475189903,0.21991421266803282,1.0,0.1755674914386211,1.061938917951816,2.59660314431337,True,0.50849737609782,0.0342534887500527,-0.01760658100907992,-0.014299237285093034,-0.02570479185733297,0.011405554572239936,1.0,,,,,0.0024486412619047493,1.3863599854474926,0.17233956182685428,0.2777777777777778,31.612656810458933,0.9998079547949258
dt_reference_0.25ms,dt_0.25ms_severity_1.0,High AD-like perturbation,1.0,107,5Hz,60.0,0.02,0.25,ac884c60d8359016,hippocampal_context,0.007395496948458694,0.13782082910746163,0.013319354905835665,0.02697082529429458,0.043959371810967304,0.18756692933257055,0.23599501561423356,0.0007827913365865156,0.0008462645431917406,0.000479952764353369,0.006458755746392034,0.013659079992737109,1.0,0.02610001389063191,0.19205873450229563,2.8794250969388373,True,0.5546127228679788,0.0008462645431917406,0.07645382897212658,0.038016106216540835,0.10511030832594315,0.06709420210940231,1.0,,,,,0.0004333385105620424,5.3850897246294185,0.14623823453279056,0.0,31.612656810458933,0.9998079547949258
dt_reference_0.25ms,dt_0.25ms_severity_1.0,High AD-like perturbation,1.0,107,5Hz,60.0,0.02,0.25,ac884c60d8359016,angular_parietal_context,0.017571731896567033,0.25023235870813104,0.03255980536115685,0.058753576923553756,0.10274815567312004,0.2937605883806753,0.43501172601837684,0.0012958778450938234,0.002694159425904457,0.0030404056125332606,0.00985692141184827,0.02922440174474696,1.0,0.059423283971489015,0.3448240359765904,2.5367600993979837,True,0.49008364410747074,0.0030404056125332606,0.06466135736951578,0.04139680286601549,0.08547071552695122,0.04407391266093573,1.0,,,,,0.000628726597618201,7.172984919688943,0.11736254581658756,0.16666666666666666,31.612656810458933,0.9998079547949258
dt_reference_0.25ms,dt_0.25ms_severity_1.0,High AD-like perturbation,1.0,127,pulse,60.0,0.02,0.25,ac884c60d8359016,semantic_expanded,0.0003761201294253051,0.008552079462138443,,,,,,,,,,,1.0,,,,False,,,,,,,,949.0,949.0,1.0,0.036816369280442046,,,,,,
dt_reference_0.25ms,dt_0.25ms_severity_1.0,High AD-like perturbation,1.0,127,pulse,60.0,0.02,0.25,ac884c60d8359016,episodic_expanded,0.0008990076477794626,0.020756590348641177,,,,,,,,,,,1.0,,,,False,,,,,,,,446.5,446.5,1.0,0.025836733182033528,,,,,,
dt_reference_0.25ms,dt_0.25ms_severity_1.0,High AD-like perturbation,1.0,127,pulse,60.0,0.02,0.25,ac884c60d8359016,semantic_anatomical_core,0.0004465773552136897,0.01013490605813311,,,,,,,,,,,1.0,,,,False,,,,,,,,1095.0,1095.0,1.0,0.03509118841983221,,,,,,
dt_reference_0.25ms,dt_0.25ms_severity_1.0,High AD-like perturbation,1.0,127,pulse,60.0,0.02,0.25,ac884c60d8359016,episodic_anatomical_core,0.000874781625028176,0.019557708702424865,,,,,,,,,,,1.0,,,,False,,,,,,,,437.0,437.0,1.0,0.026417276241800194,,,,,,
dt_reference_0.25ms,dt_0.25ms_severity_1.0,High AD-like perturbation,1.0,127,pulse,60.0,0.02,0.25,ac884c60d8359016,semantic_platel_peaks,0.0002590014846022225,0.005830272751228682,,,,,,,,,,,1.0,,,,False,,,,,,,,833.0,833.0,1.0,0.036816369280442046,,,,,,
dt_reference_0.25ms,dt_0.25ms_severity_1.0,High AD-like perturbation,1.0,127,pulse,60.0,0.02,0.25,ac884c60d8359016,episodic_platel_peaks,0.0009648823319010169,0.021282530014455237,,,,,,,,,,,1.0,,,,False,,,,,,,,529.0,529.0,1.0,0.019317917654411924,,,,,,
dt_reference_0.25ms,dt_0.25ms_severity_1.0,High AD-like perturbation,1.0,127,pulse,60.0,0.02,0.25,ac884c60d8359016,semantic_expanded_left,0.0003868829200765999,0.009120407238856045,,,,,,,,,,,1.0,,,,False,,,,,,,,764.0,764.0,1.0,0.036816369280442046,,,,,,
dt_reference_0.25ms,dt_0.25ms_severity_1.0,High AD-like perturbation,1.0,127,pulse,60.0,0.02,0.25,ac884c60d8359016,episodic_expanded_left,0.001046900330806845,0.024679707632379016,,,,,,,,,,,1.0,,,,False,,,,,,,,545.0,545.0,1.0,0.016736244085136777,,,,,,
dt_reference_0.25ms,dt_0.25ms_severity_1.0,High AD-like perturbation,1.0,127,pulse,60.0,0.02,0.25,ac884c60d8359016,semantic_expanded_right,0.0003635635403321279,0.008019166382739697,,,,,,,,,,,1.0,,,,False,,,,,,,,1134.0,1134.0,1.0,0.04741198383232528,,,,,,
dt_reference_0.25ms,dt_0.25ms_severity_1.0,High AD-like perturbation,1.0,127,pulse,60.0,0.02,0.25,ac884c60d8359016,episodic_expanded_right,0.0007914493328504573,0.017457096709527477,,,,,,,,,,,1.0,,,,False,,,,,,,,348.0,348.0,1.0,0.02805010167634163,,,,,,
dt_reference_0.25ms,dt_0.25ms_severity_1.0,High AD-like perturbation,1.0,127,pulse,60.0,0.02,0.25,ac884c60d8359016,shared_auditory_relay,0.0007510557787528572,0.016800891617748615,,,,,,,,,,,1.0,,,,False,,,,,,,,331.0,331.0,1.0,0.011127464705356107,,,,,,
dt_reference_0.25ms,dt_0.25ms_severity_1.0,High AD-like perturbation,1.0,127,pulse,60.0,0.02,0.25,ac884c60d8359016,anterior_temporal_context,0.0005999234293419107,0.01301169321040955,,,,,,,,,,,1.0,,,,False,,,,,,,,760.0,760.0,1.0,0.036924911963843454,,,,,,
dt_reference_0.25ms,dt_0.25ms_severity_1.0,High AD-like perturbation,1.0,127,pulse,60.0,0.02,0.25,ac884c60d8359016,hippocampal_context,0.0009249028930159979,0.01724165854302236,,,,,,,,,,,1.0,,,,False,,,,,,,,641.0,641.0,1.0,0.016421080859472508,,,,,,
dt_reference_0.25ms,dt_0.25ms_severity_1.0,High AD-like perturbation,1.0,127,pulse,60.0,0.02,0.25,ac884c60d8359016,angular_parietal_context,0.0005279443416614805,0.011646924855156449,,,,,,,,,,,1.0,,,,False,,,,,,,,395.0,337.5,0.8333333333333334,0.024242194173320845,,,,,,
dt_reference_0.25ms,dt_0.25ms_severity_1.0,High AD-like perturbation,1.0,127,2Hz,60.0,0.02,0.25,ac884c60d8359016,semantic_expanded,0.012620837427558719,0.3302999017176625,0.11397523706345176,0.19361578057512177,0.2764448787386189,0.33850957160318507,0.5455012697650937,0.005390343691029743,0.007430699389285015,0.017947798332313834,0.023029335654002163,0.024784306835235262,1.0,0.19047678337884505,0.42382972957510445,1.1538696264003347,True,0.26618621867455383,0.017947798332313834,0.0212108130004972,0.021100449837348746,0.025826528799234406,0.0047260789618856595,1.0,,,,,0.00012896335711376494,-8.270788825010865,0.1257727476953334,0.07692307692307693,31.51183471467636,0.9999333966143285
dt_reference_0.25ms,dt_0.25ms_severity_1.0,High AD-like perturbation,1.0,127,2Hz,60.0,0.02,0.25,ac884c60d8359016,episodic_expanded,0.010905945304269004,0.26621516721683974,0.03853587885053099,0.1154051375151333,0.23413619357734008,0.2989057023846478,0.4252921778775779,0.0015848265153575044,0.0027980556887728662,0.004232992464165908,0.005745016395219812,0.005960599564939621,1.0,0.12113335419654354,0.35580964207328847,1.5545094393470693,True,0.4150671607142874,0.004232992464165908,0.06246598499025956,0.04467849604627459,0.07995351921763905,0.03527502317136445,1.0,,,,,2.6823391400476737e-05,-1.8446242730300866,0.24226037234983808,0.2631578947368421,31.51183471467636,0.9999333966143285
dt_reference_0.25ms,dt_0.25ms_severity_1.0,High AD-like perturbation,1.0,127,2Hz,60.0,0.02,0.25,ac884c60d8359016,semantic_anatomical_core,0.011606782021637058,0.2977223059515899,0.08286909058571817,0.15111756336045737,0.2346310624543301,0.28413399352079893,0.5134583332771424,0.003409738129762906,0.0037675741046249455,0.008063012931152714,0.01655559543563648,0.019354182324605403,1.0,0.15923335590318116,0.3860618527997875,1.2776894264472207,True,0.3086791262536745,0.008063012931152714,0.03265110147106663,0.021216103716617016,0.04237925278805004,0.021163149071433025,1.0,,,,,6.248184088236686e-05,-8.608602303825295,0.12576222552411956,0.0,31.51183471467636,0.9999333966143285
dt_reference_0.25ms,dt_0.25ms_severity_1.0,High AD-like perturbation,1.0,127,2Hz,60.0,0.02,0.25,ac884c60d8359016,episodic_anatomical_core,0.011696512935541279,0.25854926969475556,0.03632364347293423,0.10893267957634907,0.22984387084337282,0.29734924986512296,0.41018170350187116,0.0015470284468548055,0.002548790069986286,0.004211285811124756,0.005554386380655807,0.005681768873417904,1.0,0.11724419194124605,0.34569985597215674,1.5600035464476325,True,0.42216431207645916,0.004211285811124756,0.06382364281331249,0.04306666272841816,0.08232773140760954,0.03926106867919139,1.0,,,,,2.612887437630773e-05,-1.5712893851347791,0.24767998327207036,0.25,31.51183471467636,0.9999333966143285
dt_reference_0.25ms,dt_0.25ms_severity_1.0,High AD-like perturbation,1.0,127,2Hz,60.0,0.02,0.25,ac884c60d8359016,semantic_platel_peaks,0.012057275367111955,0.2985972808632257,0.12352121029204206,0.19887654279418354,0.25750729065048894,0.32525678109812195,0.46894334683083655,0.00523355108259075,0.0063413059707577366,0.02251131794712841,0.02194030584797874,0.02396346405680994,1.0,0.18373180588846746,0.3775253094705455,1.0389719730193123,True,0.2279507853636824,0.02194030584797874,0.006869437145078611,0.01884188505260776,0.005577700946380544,0.013264184106227216,1.0,,,,,0.00023261355531223327,-11.241753738433255,0.16297873182930733,0.2,31.51183471467636,0.9999333966143285
dt_reference_0.25ms,dt_0.25ms_severity_1.0,High AD-like perturbation,1.0,127,2Hz,60.0,0.02,0.25,ac884c60d8359016,episodic_platel_peaks,0.006313698265660599,0.16721631042889248,0.028383475887321593,0.07966172912229824,0.11173913909121745,0.14797202640723958,0.3185257058184648,0.0010273117902352947,0.0019342249253105448,0.002444617096397442,0.003830034561982389,0.0034722625699585598,1.0,0.07234328522962277,0.22499562457431538,1.636965926246885,True,0.3934969508706241,0.002444617096397442,0.06678055465366167,0.06494669391728226,0.08061095232183814,0.015664258404555875,1.0,,,,,8.505911234774066e-05,-8.616712104827402,0.22609919448709603,0.25,31.51183471467636,0.9999333966143285
dt_reference_0.25ms,dt_0.25ms_severity_1.0,High AD-like perturbation,1.0,127,2Hz,60.0,0.02,0.25,ac884c60d8359016,semantic_expanded_left,0.011586283766658646,0.29789859938237356,0.08385194591829381,0.15209480470944223,0.24744864788116755,0.2891338564535594,0.5100325234317892,0.004136726079714908,0.007772281703200475,0.01661548304437163,0.016970795576360675,0.014594697017266204,1.0,0.16187274111128688,0.3854460010393269,1.2516686997623663,True,0.306805641691021,0.014594697017266204,0.021642107243233424,0.031446840977793,0.024274643073555136,0.007172197904237867,1.0,,,,,0.00011122809599761752,-6.6839203702256835,0.16297873182930733,0.0,31.51183471467636,0.9999333966143285
dt_reference_0.25ms,dt_0.25ms_severity_1.0,High AD-like perturbation,1.0,127,2Hz,60.0,0.02,0.25,ac884c60d8359016,episodic_expanded_left,0.01791269852901454,0.46055904640518097,0.062281054232033804,0.19725730765920294,0.507103997637872,0.5957745794991818,0.6349944654887805,0.0025666877575367983,0.004834645815471196,0.006649273927768234,0.009905250525999035,0.012293374993087053,1.0,0.22068718985795321,0.6112985161580704,1.4698741766665457,True,0.41472226575011506,0.006649273927768234,0.05614633777755533,0.026134473369412912,0.07619283869806673,0.05005836532865382,1.0,,,,,1.9572093634401266e-05,-4.142523702074206,0.21573391076904408,0.0,31.51183471467636,0.9999333966143285
dt_reference_0.25ms,dt_0.25ms_severity_1.0,High AD-like perturbation,1.0,127,2Hz,60.0,0.02,0.25,ac884c60d8359016,semantic_expanded_right,0.0138278166986088,0.36622537098491903,0.15492013359270115,0.24647173556866708,0.3088389111647512,0.3963172333827916,0.5834365881475523,0.0070238648988396575,0.00710412920200564,0.01938694554453681,0.031250762421735974,0.04208801762560668,1.0,0.2241353594019152,0.4660358109497637,1.0560705530383037,True,0.2255667956580866,0.01938694554453681,0.02077951875776098,0.01075405869690449,0.027378414524913675,0.016624355828009186,1.0,,,,,0.00017106336309563597,-10.09408476053649,0.12576222552411956,0.16666666666666666,31.51183471467636,0.9999333966143285
dt_reference_0.25ms,dt_0.25ms_severity_1.0,High AD-like perturbation,1.0,127,2Hz,60.0,0.02,0.25,ac884c60d8359016,episodic_expanded_right,0.005810124777181342,0.15387932515810568,0.02384375115505023,0.06751762924746313,0.10810357914400234,0.14996379837683613,0.28484254020171323,0.0009785666668666456,0.0016193772897324739,0.002694764179718406,0.0033320927415932873,0.0028900726768310045,1.0,0.0664890857885763,0.20710094666675935,1.6391447020275922,True,0.41541205567845946,0.002694764179718406,0.06878563220296378,0.06322251872313628,0.08371419973721138,0.0204916810140751,1.0,,,,,5.052869782296021e-05,-0.5376646150346535,0.2530995941943026,0.45454545454545453,31.51183471467636,0.9999333966143285
dt_reference_0.25ms,dt_0.25ms_severity_1.0,High AD-like perturbation,1.0,127,2Hz,60.0,0.02,0.25,ac884c60d8359016,shared_auditory_relay,0.012169465563573687,0.2131033883818667,0.04450965755345399,0.09817868760554761,0.169539056953384,0.2512475390540612,0.3400271535324821,0.003146137086499004,0.003078353086345894,0.004098958404690635,0.008319792642885411,0.010292074096687191,1.0,0.09576937358873162,0.28421554993967163,1.5693492186471873,True,0.36112734932175417,0.004098958404690635,0.06669724854405967,0.05888725201821645,0.08152432557989611,0.02263707356167966,1.0,,,,,0.00013800000047464733,5.808266829719309,0.26313846664559815,0.6428571428571429,31.51183471467636,0.9999333966143285
dt_reference_0.25ms,dt_0.25ms_severity_1.0,High AD-like perturbation,1.0,127,2Hz,60.0,0.02,0.25,ac884c60d8359016,anterior_temporal_context,0.021862148808830126,0.5683813371556252,0.11853384942192251,0.28707890425704014,0.45106386447768215,0.5651210722518651,0.9355553903341486,0.004529988143785502,0.007933048671243932,0.011686907486241177,0.016632445601021444,0.033743373558935176,1.0,0.2727270268950808,0.7507669519643031,1.4609074689775865,True,0.3469080300191418,0.011686907486241177,0.020590552928649315,0.04629186081973792,0.01688975584422122,0.0294021049755167,1.0,,,,,0.0003004335128770075,-0.3478671004656186,0.21365392257729257,0.3333333333333333,31.51183471467636,0.9999333966143285
dt_reference_0.25ms,dt_0.25ms_severity_1.0,High AD-like perturbation,1.0,127,2Hz,60.0,0.02,0.25,ac884c60d8359016,hippocampal_context,0.005334521034979671,0.1332705106512656,0.021876493138122767,0.05565929176432042,0.08296466994093205,0.12314612762722074,0.2541123462796429,0.0006686003970979007,0.0008010828789860101,0.0015149739164869664,0.0032539341632170592,0.003176852093343519,1.0,0.053762540095601725,0.17992330044490917,1.7427088234912698,True,0.4110851481017947,0.0015149739164869664,0.0698863027615027,0.036118218905027324,0.09416272002463418,0.05804450111960685,1.0,,,,,3.007974886110043e-05,-8.856270059905455,0.21615977937587977,0.5,31.51183471467636,0.9999333966143285
dt_reference_0.25ms,dt_0.25ms_severity_1.0,High AD-like perturbation,1.0,127,2Hz,60.0,0.02,0.25,ac884c60d8359016,angular_parietal_context,0.012215574551767345,0.24088745083680477,0.04588949344686943,0.10602101746969135,0.18455577461714825,0.23839166294781555,0.4243785840657058,0.0014783812366369643,0.0021115206800136886,0.0039167974188241035,0.006064547933938822,0.008542186691012395,1.0,0.11016783990233102,0.3184450042167378,1.5313411039434044,True,0.379360781265613,0.0039167974188241035,0.05740260164108248,0.03305928532588384,0.0751471683107247,0.042087882984840855,1.0,,,,,3.403289802128562e-05,-3.109154866491222,0.16346761357847658,0.0,31.51183471467636,0.9999333966143285
dt_reference_0.25ms,dt_0.25ms_severity_1.0,High AD-like perturbation,1.0,127,5Hz,60.0,0.02,0.25,ac884c60d8359016,semantic_expanded,0.011586554052833122,0.21964772613670314,0.07785594442120337,0.12921526296174554,0.19409830257059976,0.23470891106567326,0.34285420786067217,0.008095045072649265,0.014991925931856588,0.017224411952289506,0.020221944082337743,0.02299562497157444,1.0,0.12730713158490825,0.2803991389479502,1.1391686796560052,True,0.2569264190481035,0.017224411952289506,0.02400422971439655,0.02741300755196692,0.021859117769241494,0.0055538897827254255,1.0,,,,,0.0006770550268819786,-0.6093891941773464,0.10452068897676611,0.15384615384615385,31.85772649472119,0.9999188097002502
dt_reference_0.25ms,dt_0.25ms_severity_1.0,High AD-like perturbation,1.0,127,5Hz,60.0,0.02,0.25,ac884c60d8359016,episodic_expanded,0.00851001733065216,0.1489639545522608,0.030631410038466134,0.07760339303657628,0.14702965242144259,0.19299094232336686,0.14465982513738992,0.0012896614428168235,0.0020559334572688407,0.0033087155822996554,0.00401720054809041,0.005568356509756481,1.0,0.07498455340767986,0.19646676580209146,1.3896199472215023,True,0.28967513791600413,0.0033087155822996554,0.03691230600169644,0.032671755162684876,0.04341092468202638,0.010739169519341507,1.0,,,,,0.00046660035294843194,7.435196174119687,0.14903465186438822,0.21052631578947367,31.85772649472119,0.9999188097002502
dt_reference_0.25ms,dt_0.25ms_severity_1.0,High AD-like perturbation,1.0,127,5Hz,60.0,0.02,0.25,ac884c60d8359016,semantic_anatomical_core,0.010129991530981845,0.1859757914821498,0.05528658876295984,0.09332110598060482,0.15270764479942123,0.1891631298981799,0.30147541751999096,0.005098782904368743,0.010718099710932944,0.01327140145903353,0.010963689469234737,0.0186261282944795,1.0,0.09717137277877476,0.23972638916261646,1.30278547445087,True,0.2956716708672737,0.010963689469234737,0.03291567393697803,0.04115771003989109,0.029306914018569392,0.011850796021321698,1.0,,,,,0.00039062923440724706,-0.6010511712434896,0.09961302447774911,0.1,31.85772649472119,0.9999188097002502
dt_reference_0.25ms,dt_0.25ms_severity_1.0,High AD-like perturbation,1.0,127,5Hz,60.0,0.02,0.25,ac884c60d8359016,episodic_anatomical_core,0.00908874506653386,0.14207372442162172,0.029689031557388085,0.07172365569128268,0.13581221259344362,0.18863753412460393,0.13796804452313965,0.001315112391969363,0.001697778229252063,0.0029660058514233483,0.004057297225693906,0.005337499537445643,1.0,0.0698121987375947,0.1880486774212771,1.4295551046688852,True,0.291388013490267,0.0029660058514233483,0.036418891766653916,0.03492314146311587,0.04180063281926126,0.00687749135614539,1.0,,,,,0.00047049437006990713,7.563138109317263,0.15436401409178924,0.1875,31.85772649472119,0.9999188097002502
dt_reference_0.25ms,dt_0.25ms_severity_1.0,High AD-like perturbation,1.0,127,5Hz,60.0,0.02,0.25,ac884c60d8359016,semantic_platel_peaks,0.01224007579806278,0.21447607373061447,0.08934258057944136,0.1387136979750659,0.19342667562002958,0.2416599048044068,0.3244350457793674,0.0071009304675135314,0.013506345753398437,0.012387145005797753,0.021932873940958858,0.015106880377803066,1.0,0.13183926238941146,0.2723824757486979,1.0468538116641808,True,0.22609437710853986,0.013506345753398437,0.0066365876465123074,-0.0085096385545022,0.012198871068039812,0.02070850962254201,1.0,,,,,0.0006770550268819786,-3.547328433289598,0.16589038727278652,0.2,31.85772649472119,0.9999188097002502
dt_reference_0.25ms,dt_0.25ms_severity_1.0,High AD-like perturbation,1.0,127,5Hz,60.0,0.02,0.25,ac884c60d8359016,episodic_platel_peaks,0.0048250556618139925,0.09210720053041424,0.019018898198434008,0.05984876111853632,0.08628079349938086,0.09004466413476378,0.1513406973523152,0.000711937928876833,0.0021733678425809354,0.0022497987507177344,0.002312120218314437,0.004107644411384895,1.0,0.05163988982658723,0.11950508881572572,1.2105142251789869,True,0.328695412436876,0.0022497987507177344,0.047334180510400524,0.03210431619074343,0.05927514217428512,0.027170825983541688,1.0,,,,,0.00036222776911781773,6.294589399440847,0.12341612242906888,0.25,31.85772649472119,0.9999188097002502
dt_reference_0.25ms,dt_0.25ms_severity_1.0,High AD-like perturbation,1.0,127,5Hz,60.0,0.02,0.25,ac884c60d8359016,semantic_expanded_left,0.010462184195307787,0.19594268662620346,0.060292513267853266,0.09643195848739981,0.16566928299939754,0.2028191477188783,0.3194699678936676,0.004547348094510982,0.008788584615373551,0.009423391836315383,0.012977677183641496,0.012029083275750332,1.0,0.10189097425425839,0.2544506704230715,1.3203597327200036,True,0.2941934844899225,0.009423391836315383,0.02177469615196584,0.020906232104425642,0.02294538464537848,0.002039152540952837,1.0,,,,,0.00031384152542923704,2.080503803688539,0.15019952826091823,0.2857142857142857,31.85772649472119,0.9999188097002502
dt_reference_0.25ms,dt_0.25ms_severity_1.0,High AD-like perturbation,1.0,127,5Hz,60.0,0.02,0.25,ac884c60d8359016,episodic_expanded_left,0.014202134860286627,0.2659869496085042,0.05295613199499723,0.12350050315477097,0.3136481144074032,0.42205415772747146,0.15082532468482424,0.0024135810534351458,0.00298063587463017,0.0063722813707736805,0.005796439643930224,0.007907889156903347,1.0,0.13040173890485962,0.3520913174041966,1.4329865426721269,True,0.23964646423657934,0.005796439643930224,0.027861447677997017,0.025207254932820992,0.03269085044383584,0.007483595511014844,1.0,,,,,0.00033557223910252176,7.220345797898069,0.08746841625014064,0.0,31.85772649472119,0.9999188097002502
dt_reference_0.25ms,dt_0.25ms_severity_1.0,High AD-like perturbation,1.0,127,5Hz,60.0,0.02,0.25,ac884c60d8359016,semantic_expanded_right,0.01289831888661268,0.2462205884165534,0.1005356677501351,0.17314368020903256,0.22740577117681562,0.27161278189567367,0.3679501038009744,0.014410542884834973,0.025573838448697785,0.03148339496600808,0.03151003193272918,0.043960022198808305,1.0,0.15906321311575633,0.3089937903956999,0.9579776265920066,False,0.2196593536062844,0.03148339496600808,0.02623376327682726,0.0339197829995082,0.020772850893104513,0.013146932106403688,1.0,,,,,0.0011430593056860339,-9.931577511215368,0.08897120158761507,0.0,31.85772649472119,0.9999188097002502
dt_reference_0.25ms,dt_0.25ms_severity_1.0,High AD-like perturbation,1.0,127,5Hz,60.0,0.02,0.25,ac884c60d8359016,episodic_expanded_right,0.004370295490918007,0.08342612217820834,0.01771812339000295,0.048763255670644504,0.06892347729242386,0.0882481623197544,0.13874636141184993,0.0006891115733284252,0.0014181075980110676,0.0017180030459363336,0.002784105629474944,0.0039209697562186405,1.0,0.043118161590249,0.10962834968299558,1.3462533517708766,True,0.33970381159542895,0.0017180030459363336,0.045963164325395864,0.04013625539254875,0.05413099892021694,0.013994743527668184,1.0,,,,,0.00046660035294843194,7.471371861936778,0.18374182386724597,0.36363636363636365,31.85772649472119,0.9999188097002502
dt_reference_0.25ms,dt_0.25ms_severity_1.0,High AD-like perturbation,1.0,127,5Hz,60.0,0.02,0.25,ac884c60d8359016,shared_auditory_relay,0.009832580896703177,0.1052701159585964,0.032049546881176574,0.06272114681349916,0.10113714128494046,0.1316634915732379,0.14333344156660485,0.003340556923980853,0.003806589581159531,0.005848567586577562,0.006556498731449487,0.004864137406480879,1.0,0.0566705096400166,0.1371694504139641,1.2752891267675037,True,0.26959151426128186,0.004864137406480879,0.053462740480451194,0.060522196181716795,0.05761752600140635,0.002904670180310445,1.0,,,,,0.001271031295799141,9.269674069666813,0.2183798087023182,0.5,31.85772649472119,0.9999188097002502
dt_reference_0.25ms,dt_0.25ms_severity_1.0,High AD-like perturbation,1.0,127,5Hz,60.0,0.02,0.25,ac884c60d8359016,anterior_temporal_context,0.020699114874041843,0.3810717046085474,0.08149760418915136,0.1870558110372896,0.38029053590444056,0.4837683003223469,0.4887200125723483,0.007174996458096193,0.02252724956368298,0.032746709144584114,0.04153297433308961,0.05770335937770515,1.0,0.18434701647881893,0.5028202810633654,1.447618773823522,True,0.32696023551793146,0.032746709144584114,-0.0018447326790031514,-0.02228033837039112,0.0013957644022962068,0.02367610277268733,1.0,,,,,0.0007984393966973813,1.5019873085246702,0.18564594174234755,0.3333333333333333,31.85772649472119,0.9999188097002502
dt_reference_0.25ms,dt_0.25ms_severity_1.0,High AD-like perturbation,1.0,127,5Hz,60.0,0.02,0.25,ac884c60d8359016,hippocampal_context,0.0035259537525472746,0.0574765889525323,0.015136577201239952,0.03761571574481303,0.05388529323047105,0.05640679745312007,0.09369744994125882,0.0007915365706448292,0.000753155065443395,0.0008909007494563341,0.0010842288233753532,0.0024814798122705004,1.0,0.03218188662884062,0.07457177237480501,1.2123807259951866,True,0.2922237518746761,0.0008909007494563341,0.04036738535897137,0.03827766313422068,0.04659382069695971,0.008316157562739034,1.0,,,,,0.0008443010543712215,6.9949674395408525,0.10920851850808636,0.0,31.85772649472119,0.9999188097002502
dt_reference_0.25ms,dt_0.25ms_severity_1.0,High AD-like perturbation,1.0,127,5Hz,60.0,0.02,0.25,ac884c60d8359016,angular_parietal_context,0.008996594573480078,0.11233451612782482,0.03295674495368508,0.0613276486077328,0.11102980986311677,0.13488543774394332,0.16224660970362234,0.0009368061535253957,0.0019848148448296426,0.003990116512426257,0.003595338671410697,0.008610769764887637,1.0,0.05858795245737653,0.14723617625310187,1.3294562519358308,True,0.2868105198868812,0.003595338671410697,0.028920495410419023,0.027889869434206627,0.03284821245079925,0.00495834301659262,1.0,,,,,0.00040014090638451627,5.745068599631274,0.10140603490359282,0.0,31.85772649472119,0.9999188097002502
dt_reference_0.25ms,dt_0.25ms_severity_1.0,High AD-like perturbation,1.0,149,pulse,60.0,0.02,0.25,ac884c60d8359016,semantic_expanded,0.0003808162254615803,0.008627279857055619,,,,,,,,,,,1.0,,,,False,,,,,,,,898.5,835.5,0.9230769230769231,0.018052962485832002,,,,,,
dt_reference_0.25ms,dt_0.25ms_severity_1.0,High AD-like perturbation,1.0,149,pulse,60.0,0.02,0.25,ac884c60d8359016,episodic_expanded,0.00098675107817607,0.022407041030118355,,,,,,,,,,,1.0,,,,False,,,,,,,,407.5,356.0,0.9473684210526315,0.002148281825441285,,,,,,
dt_reference_0.25ms,dt_0.25ms_severity_1.0,High AD-like perturbation,1.0,149,pulse,60.0,0.02,0.25,ac884c60d8359016,semantic_anatomical_core,0.0004435967749802894,0.010041176159804592,,,,,,,,,,,1.0,,,,False,,,,,,,,977.0,914.0,0.9,0.016758946218543007,,,,,,
dt_reference_0.25ms,dt_0.25ms_severity_1.0,High AD-like perturbation,1.0,149,pulse,60.0,0.02,0.25,ac884c60d8359016,episodic_anatomical_core,0.000998911991757603,0.021027918196183697,,,,,,,,,,,1.0,,,,False,,,,,,,,398.0,346.5,0.9375,0.001479871330340474,,,,,,
dt_reference_0.25ms,dt_0.25ms_severity_1.0,High AD-like perturbation,1.0,149,pulse,60.0,0.02,0.25,ac884c60d8359016,semantic_platel_peaks,0.0002811917449227182,0.006469702893342581,,,,,,,,,,,1.0,,,,False,,,,,,,,874.5,710.0,0.8,0.018052962485832002,,,,,,
dt_reference_0.25ms,dt_0.25ms_severity_1.0,High AD-like perturbation,1.0,149,pulse,60.0,0.02,0.25,ac884c60d8359016,episodic_platel_peaks,0.0008763215543452342,0.01931659582750957,,,,,,,,,,,1.0,,,,False,,,,,,,,491.0,491.0,1.0,0.0039030370557031134,,,,,,
dt_reference_0.25ms,dt_0.25ms_severity_1.0,High AD-like perturbation,1.0,149,pulse,60.0,0.02,0.25,ac884c60d8359016,semantic_expanded_left,0.0004009248095145228,0.009448858361414885,,,,,,,,,,,1.0,,,,False,,,,,,,,748.0,622.0,0.8571428571428571,0.013774416728441137,,,,,,
dt_reference_0.25ms,dt_0.25ms_severity_1.0,High AD-like perturbation,1.0,149,pulse,60.0,0.02,0.25,ac884c60d8359016,episodic_expanded_left,0.0013818863905065942,0.03256782435408427,,,,,,,,,,,1.0,,,,False,,,,,,,,509.0,406.0,0.875,0.0028903085258246836,,,,,,
dt_reference_0.25ms,dt_0.25ms_severity_1.0,High AD-like perturbation,1.0,149,pulse,60.0,0.02,0.25,ac884c60d8359016,semantic_expanded_right,0.00035735621073314754,0.007877137627112486,,,,,,,,,,,1.0,,,,False,,,,,,,,1049.0,1049.0,1.0,0.03098345314028445,,,,,,
dt_reference_0.25ms,dt_0.25ms_severity_1.0,High AD-like perturbation,1.0,149,pulse,60.0,0.02,0.25,ac884c60d8359016,episodic_expanded_right,0.0006993799419356884,0.01541630421076756,,,,,,,,,,,1.0,,,,False,,,,,,,,306.0,306.0,1.0,0.0017588544369395679,,,,,,
dt_reference_0.25ms,dt_0.25ms_severity_1.0,High AD-like perturbation,1.0,149,pulse,60.0,0.02,0.25,ac884c60d8359016,shared_auditory_relay,0.0007582438783482643,0.01687435830088446,,,,,,,,,,,1.0,,,,False,,,,,,,,249.0,249.0,1.0,0.0007850348374071779,,,,,,
dt_reference_0.25ms,dt_0.25ms_severity_1.0,High AD-like perturbation,1.0,149,pulse,60.0,0.02,0.25,ac884c60d8359016,anterior_temporal_context,0.0007846821125806844,0.017734557664193216,,,,,,,,,,,1.0,,,,False,,,,,,,,982.0,980.5,0.9444444444444444,0.027209494566749634,,,,,,
dt_reference_0.25ms,dt_0.25ms_severity_1.0,High AD-like perturbation,1.0,149,pulse,60.0,0.02,0.25,ac884c60d8359016,hippocampal_context,0.0008501592273173527,0.015991666587770965,,,,,,,,,,,1.0,,,,False,,,,,,,,603.0,603.0,1.0,0.003023971458640286,,,,,,
dt_reference_0.25ms,dt_0.25ms_severity_1.0,High AD-like perturbation,1.0,149,pulse,60.0,0.02,0.25,ac884c60d8359016,angular_parietal_context,0.00047981498727665177,0.010646903667981544,,,,,,,,,,,1.0,,,,False,,,,,,,,342.0,342.0,1.0,0.0034367337118182016,,,,,,
dt_reference_0.25ms,dt_0.25ms_severity_1.0,High AD-like perturbation,1.0,149,2Hz,60.0,0.02,0.25,ac884c60d8359016,semantic_expanded,0.010124031439963202,0.26085955001362576,0.11038141293541194,0.18295957724102874,0.2394315246025766,0.30026705345514126,0.39435848949992275,0.005323607585504815,0.007520271159431498,0.015887394986680205,0.017995880889596767,0.02334610418385013,1.0,0.171764997739829,0.3267637269275864,0.9278117689484386,False,0.219437106639678,0.015887394986680205,0.013815814340426993,0.018553025499510736,0.013614790396143722,0.004938235103367014,1.0,,,,,0.00027096000163218115,-1.316550128919701,0.18802075964312792,0.23076923076923078,31.545001916153147,0.999976617118189
dt_reference_0.25ms,dt_0.25ms_severity_1.0,High AD-like perturbation,1.0,149,2Hz,60.0,0.02,0.25,ac884c60d8359016,episodic_expanded,0.004454480633236308,0.11734041060474758,0.031064723541299383,0.06664816016503204,0.10689822056656127,0.10263491089379816,0.1938071757455325,0.0016289168414817404,0.0020959285531766884,0.003490418813876071,0.0035655771988847237,0.006002694822194003,1.0,0.06478957192853947,0.14845220577726184,1.1961649988565057,True,0.2952715160924177,0.003490418813876071,0.035990820027357116,0.04271852390147065,0.038304165184256,0.004414358717214649,1.0,,,,,0.0005971596014662239,4.361572883996183,0.28851464890996203,0.7368421052631579,31.545001916153147,0.999976617118189
dt_reference_0.25ms,dt_0.25ms_severity_1.0,High AD-like perturbation,1.0,149,2Hz,60.0,0.02,0.25,ac884c60d8359016,semantic_anatomical_core,0.00848545236270912,0.19188123624339548,0.0734784019254116,0.13179208741389534,0.17013741578755626,0.22453849666976963,0.29114885491647985,0.003640997351235194,0.0032842911787539673,0.00817249932971157,0.010698669458020645,0.015059085838038952,1.0,0.124266262045199,0.24099955450777572,0.9555958178671787,False,0.23707143185526763,0.00817249932971157,0.013267941067451171,0.01356163470957882,0.01492737315338057,0.0013657384438017488,1.0,,,,,0.00023757228383791684,-2.611774605428838,0.18892227478449095,0.2,31.545001916153147,0.999976617118189
dt_reference_0.25ms,dt_0.25ms_severity_1.0,High AD-like perturbation,1.0,149,2Hz,60.0,0.02,0.25,ac884c60d8359016,episodic_anatomical_core,0.004771320723534608,0.1215293356569521,0.027761507484597586,0.05937314064728345,0.10383854993979827,0.10478108292478777,0.2108452493366684,0.0015817894204373936,0.0020118067269394558,0.0033949176607725273,0.003748086277622484,0.006647811672652709,1.0,0.05975603108850216,0.1563005085710925,1.3871662379436067,True,0.3334774672311204,0.0033949176607725273,0.031371271371155376,0.036230155326944645,0.03488157565659784,0.0013485796703468084,1.0,,,,,0.0006016569081283007,5.003252115865996,0.29827711542261454,0.75,31.545001916153147,0.999976617118189
dt_reference_0.25ms,dt_0.25ms_severity_1.0,High AD-like perturbation,1.0,149,2Hz,60.0,0.02,0.25,ac884c60d8359016,semantic_platel_peaks,0.011595978780927307,0.27625705532314787,0.12446039819848218,0.19731863516995582,0.2577118270208571,0.31631748191328757,0.4152494307247166,0.004754806976359923,0.008258985227357385,0.012095622493874659,0.011941767506639675,0.019353682006729035,1.0,0.18401962816215736,0.3451548324831491,0.9073840262027917,False,0.20787144622302095,0.011941767506639675,0.011991728590114457,0.019961941745102612,0.010581349318281082,0.00938059242682153,1.0,,,,,0.0003153703880726111,-1.316550128919701,0.18802075964312792,0.2,31.545001916153147,0.999976617118189
dt_reference_0.25ms,dt_0.25ms_severity_1.0,High AD-like perturbation,1.0,149,2Hz,60.0,0.02,0.25,ac884c60d8359016,episodic_platel_peaks,0.0025243432010249056,0.06707351734028665,0.02750019601584892,0.06444261873216206,0.08862384514441521,0.059991708834375185,0.07681905213353057,0.001115511470114303,0.0013264561788092178,0.0018891839665061989,0.0012270875599884215,0.001644333085522139,1.0,0.0572228050647695,0.07567303629419458,0.4031891124054113,False,0.1430396263235074,0.0013264561788092178,0.062078563114877326,0.08575665985556785,0.05558521235717632,0.030171447498391533,1.0,,,,,0.00041305826709603366,3.1290133983311863,0.2684227210577289,0.75,31.545001916153147,0.999976617118189
dt_reference_0.25ms,dt_0.25ms_severity_1.0,High AD-like perturbation,1.0,149,2Hz,60.0,0.02,0.25,ac884c60d8359016,semantic_expanded_left,0.007615113024132383,0.1962291783102176,0.07616394198800144,0.1353672587050147,0.1779833589770985,0.22228202835292565,0.3022538972402305,0.004042756736418811,0.007854466576216692,0.014839323761241748,0.01282080466703891,0.015151971219873259,1.0,0.1284235623404524,0.24596887409022428,0.9375658392906642,False,0.23463371238753472,0.01282080466703891,0.023449544830719874,0.0354530713812778,0.02050512465357645,0.014947946727701347,1.0,,,,,0.0003153703880726111,0.10480613481141265,0.14731912352359056,0.2857142857142857,31.545001916153147,0.999976617118189
dt_reference_0.25ms,dt_0.25ms_severity_1.0,High AD-like perturbation,1.0,149,2Hz,60.0,0.02,0.25,ac884c60d8359016,episodic_expanded_left,0.005864206514560983,0.15111114203388115,0.04816026261188778,0.09397305897548701,0.12840405927044576,0.13448110692108886,0.25656798338329234,0.002639238133760397,0.0037341795031977034,0.006115542009534884,0.0074835978958193725,0.010446420553711753,1.0,0.09106713389392283,0.1918761265463544,1.0751728360943722,True,0.2671968180490791,0.006115542009534884,0.02326220186175676,0.013251879133297593,0.03237239394959199,0.019120514816294395,1.0,,,,,0.0005144010250299758,4.1880574228898695,0.2554563254503913,0.75,31.545001916153147,0.999976617118189
dt_reference_0.25ms,dt_0.25ms_severity_1.0,High AD-like perturbation,1.0,149,2Hz,60.0,0.02,0.25,ac884c60d8359016,semantic_expanded_right,0.013051102925099154,0.34677668947752044,0.15997145110395353,0.247284367168587,0.3220944660387644,0.4056122038237014,0.5145297369550704,0.007010265413483552,0.007200295241261068,0.01700948934897218,0.0252598598452363,0.03597159555373966,1.0,0.2297336556538596,0.43409774358864633,0.9180576986062128,False,0.2042405008918213,0.01700948934897218,0.004182083850134111,0.0016529796177436771,0.006724456138710993,0.005071476520967316,1.0,,,,,0.0002555401454382711,-2.7062962643610056,0.20542990951934434,0.16666666666666666,31.545001916153147,0.999976617118189
dt_reference_0.25ms,dt_0.25ms_severity_1.0,High AD-like perturbation,1.0,149,2Hz,60.0,0.02,0.25,ac884c60d8359016,episodic_expanded_right,0.0034292254468183615,0.09111685462481388,0.020037620153241384,0.047268624665527406,0.0889943014669735,0.07833014744858557,0.14639870834680963,0.0010053545538470676,0.001176407426654108,0.001992141248848459,0.0016988273472454732,0.003449252779277768,1.0,0.046094441004072416,0.11485565086603118,1.3171571616186397,True,0.3233462141357562,0.0016988273472454732,0.04871943819295747,0.07218516866964371,0.04423593641892001,0.027949232250723696,1.0,,,,,0.0006061542147903776,7.198239097206046,0.2956244441675191,0.7272727272727273,31.545001916153147,0.999976617118189
dt_reference_0.25ms,dt_0.25ms_severity_1.0,High AD-like perturbation,1.0,149,2Hz,60.0,0.02,0.25,ac884c60d8359016,shared_auditory_relay,0.007387688254707911,0.10024205130319452,0.04032222150619357,0.07212285340343409,0.09339755611511594,0.09308590626427785,0.16240998300763715,0.0032068564582301406,0.0034090408434078734,0.0032266023756267253,0.005657456071392211,0.007661111607477792,1.0,0.06762316236701228,0.12430381371373284,0.8782811698860511,False,0.21940464233394416,0.0034090408434078734,0.05062710940547162,0.0665581944040416,0.04804536993178572,0.018512824472255884,1.0,,,,,0.001475584044405398,9.88651901277412,0.45267694518196805,0.7857142857142857,31.545001916153147,0.999976617118189
dt_reference_0.25ms,dt_0.25ms_severity_1.0,High AD-like perturbation,1.0,149,2Hz,60.0,0.02,0.25,ac884c60d8359016,anterior_temporal_context,0.013556132505967065,0.32995161443343823,0.10781367804879845,0.1857982280006505,0.2561336705033614,0.2876529813257608,0.5698718130467537,0.004486168563099227,0.00631479309769662,0.010168194148184213,0.00857296819183077,0.019592475822604906,1.0,0.17738554870491632,0.42739930075345095,1.268696067132089,True,0.27173935553865913,0.00857296819183077,0.035459637651364784,0.061320066435766374,0.02838294113360174,0.03293712530216464,1.0,,,,,0.000407018819322591,-1.0150035030209412,0.24553297517235076,0.3333333333333333,31.545001916153147,0.999976617118189
dt_reference_0.25ms,dt_0.25ms_severity_1.0,High AD-like perturbation,1.0,149,2Hz,60.0,0.02,0.25,ac884c60d8359016,hippocampal_context,0.0022169268684799747,0.05340680390499381,0.01853250932282002,0.042385218091621074,0.053789333503027656,0.035711765152099596,0.08917647618792847,0.0008195385479555711,0.0007432701810740474,0.0004133089450109045,0.0011709214810467082,0.0029032095273198804,1.0,0.039747752705653165,0.06320713954768319,0.6692142325805489,False,0.2143024072689883,0.0008195385479555711,0.026817884367512996,0.022169743314016187,0.03427158322724158,0.012101839913225394,1.0,,,,,0.0005704687922438167,4.331129723943023,0.2659026598413018,1.0,31.545001916153147,0.999976617118189
dt_reference_0.25ms,dt_0.25ms_severity_1.0,High AD-like perturbation,1.0,149,2Hz,60.0,0.02,0.25,ac884c60d8359016,angular_parietal_context,0.010963704192046874,0.1525045675454802,0.03933963461976811,0.07684353321819837,0.12944912478295598,0.13313535854911393,0.26799349054818866,0.001562537953039503,0.0021306279464696942,0.0022042650534420576,0.004033645411343917,0.008426084733482641,1.0,0.07761039979289071,0.19996563373572757,1.36543018690233,True,0.31645915044734035,0.0022042650534420576,0.020632327535518816,0.017824482105271523,0.024532891973470763,0.00670840986819924,1.0,,,,,0.0005639747862685729,3.900318707204358,0.2296253216798112,0.5,31.545001916153147,0.999976617118189
dt_reference_0.25ms,dt_0.25ms_severity_1.0,High AD-like perturbation,1.0,149,5Hz,60.0,0.02,0.25,ac884c60d8359016,semantic_expanded,0.010045250685035994,0.18758140906682932,0.08065139325051508,0.1281289236119692,0.1694879108375433,0.21143468760802034,0.2802819149689338,0.007190348806788628,0.012377388116044968,0.01431648202834309,0.02046334982259268,0.022735333462301166,1.0,0.121372658372147,0.23551111207318,0.9563516696583911,False,0.21584152461425227,0.01431648202834309,0.01704944022475146,0.0068606415838640715,0.023286992645861433,0.01642635106199736,1.0,,,,,0.000892578576424996,-2.7066415624168085,0.14413055907362826,0.0,31.9029227341964,0.9999250684155713
dt_reference_0.25ms,dt_0.25ms_severity_1.0,High AD-like perturbation,1.0,149,5Hz,60.0,0.02,0.25,ac884c60d8359016,episodic_expanded,0.004420811596612166,0.08354981786678368,0.021054561747754302,0.05273931251853366,0.07325081354558204,0.08031653828750451,0.12616981593802462,0.0013629700034955064,0.001762261092812516,0.0027132110058026826,0.003136826039528158,0.004823607206305636,1.0,0.047313701782600665,0.10411074251701247,1.137788993152884,True,0.2886571221358353,0.0027132110058026826,0.03935388581281768,0.041707837237769455,0.04110702286004722,0.0006008143777222336,1.0,,,,,0.0013681614174668733,3.2083377588221067,0.17414292296321193,0.3684210526315789,31.9029227341964,0.9999250684155713
dt_reference_0.25ms,dt_0.25ms_severity_1.0,High AD-like perturbation,1.0,149,5Hz,60.0,0.02,0.25,ac884c60d8359016,semantic_anatomical_core,0.008295167935846195,0.13534686807014032,0.05780802951541387,0.09299638668700237,0.11736585686368607,0.15262918960634175,0.20281267780101772,0.003947209966525442,0.007323511378053302,0.010821190564640341,0.010983864276243444,0.015116540810560186,1.0,0.08737695766656564,0.16957657575235827,0.9566121194822703,False,0.2168198201116363,0.010821190564640341,0.01744199086174581,0.01585706559175313,0.019876552547677395,0.004019486955924266,1.0,,,,,0.0008287081498165039,-2.372666260687551,0.14622772923604022,0.0,31.9029227341964,0.9999250684155713
dt_reference_0.25ms,dt_0.25ms_severity_1.0,High AD-like perturbation,1.0,149,5Hz,60.0,0.02,0.25,ac884c60d8359016,episodic_anatomical_core,0.004637321613268958,0.08322596555192993,0.018575612312907466,0.04626530796736802,0.0687661516686339,0.07818721478887954,0.13413175186936213,0.001418937702466355,0.0016843898102152743,0.0025636990075478825,0.0031949475428906735,0.0053119547674562225,1.0,0.04250518322152686,0.10541494683615762,1.310368757846542,True,0.32306700831785706,0.0025636990075478825,0.03726911492877968,0.042095414369382536,0.03764116343074786,0.004454250938634677,1.0,,,,,0.0014743312889266003,4.200976342843934,0.15930902738082686,0.375,31.9029227341964,0.9999250684155713
dt_reference_0.25ms,dt_0.25ms_severity_1.0,High AD-like perturbation,1.0,149,5Hz,60.0,0.02,0.25,ac884c60d8359016,semantic_platel_peaks,0.011810532482423057,0.2011851212938626,0.08993318596261281,0.13963260022443066,0.1849525110976912,0.22683951781290917,0.2981867947807572,0.00662995088771829,0.012357806247989872,0.012854033910745565,0.022712426995750115,0.018976285421047824,1.0,0.13225245250675002,0.25168501320408115,0.928324836453553,False,0.2079308978612928,0.012854033910745565,0.013552258130858705,-0.011587039916505365,0.026741109360451494,0.03832814927695686,1.0,,,,,0.00027320711618672444,-4.862486033672341,0.17957718064764824,0.0,31.9029227341964,0.9999250684155713
dt_reference_0.25ms,dt_0.25ms_severity_1.0,High AD-like perturbation,1.0,149,5Hz,60.0,0.02,0.25,ac884c60d8359016,episodic_platel_peaks,0.002872541555253484,0.05483593085557711,0.019902729231559106,0.054738381827820745,0.07270486908756704,0.05326930005944693,0.05448726348593522,0.0007431353932180277,0.0014603057986252838,0.0023339321812468183,0.0018909664049173943,0.0013949710963656041,1.0,0.04756238966146061,0.06120968687914111,0.3639387862373271,False,0.14333285263097745,0.0014603057986252838,0.0575260628650946,0.04990807075194827,0.06481740143439732,0.014909330682449047,1.0,,,,,0.001008339320031415,2.4834148733137806,0.2036984490849349,0.5,31.9029227341964,0.9999250684155713
dt_reference_0.25ms,dt_0.25ms_severity_1.0,High AD-like perturbation,1.0,149,5Hz,60.0,0.02,0.25,ac884c60d8359016,semantic_expanded_left,0.007691772904708607,0.1441043349960006,0.061546484564004765,0.098014486740994,0.12841179397612298,0.15880638563251764,0.21848334969356148,0.0035171036684435606,0.008146775859043866,0.0064369602069749695,0.012910686161527346,0.01253788492260819,1.0,0.09346168529015951,0.18058918524106402,0.9502645411526195,False,0.21758759890592919,0.008146775859043866,0.016359249216424697,-0.007118092262659284,0.02916785030395542,0.0362859425666147,1.0,,,,,0.00027320711618672444,-0.9911667895964406,0.16337136217007947,0.0,31.9029227341964,0.9999250684155713
dt_reference_0.25ms,dt_0.25ms_severity_1.0,High AD-like perturbation,1.0,149,5Hz,60.0,0.02,0.25,ac884c60d8359016,episodic_expanded_left,0.00609933779514771,0.11427027653763404,0.031598892721926314,0.07119296599642023,0.08221995628188329,0.11526977862512933,0.1869887380328755,0.0024112107857088595,0.0024421672056030475,0.0034356438899752224,0.00451185935152547,0.009079114538636609,1.0,0.06221949718304399,0.1459445180572146,1.229981380474033,True,0.29126093246714824,0.0034356438899752224,0.025833541531791824,0.02931236017447436,0.026209826571585774,0.0031025336028885873,1.0,,,,,0.0010124338611494088,2.8373377629318615,0.1355577376000626,0.125,31.9029227341964,0.9999250684155713
dt_reference_0.25ms,dt_0.25ms_severity_1.0,High AD-like perturbation,1.0,149,5Hz,60.0,0.02,0.25,ac884c60d8359016,semantic_expanded_right,0.012790974762084609,0.2441757566035311,0.1056867387199796,0.16749586323238397,0.2237033766961965,0.2815039643767782,0.35956035994887364,0.014699912438511136,0.018804952931795935,0.031841374045745684,0.03243427039607208,0.04122668144050121,1.0,0.15761883765082232,0.3071362431582294,0.9624387981641634,False,0.21409545032257515,0.031841374045745684,0.017739631233078226,0.020839375430387427,0.017406134987767448,0.0034332404426199795,1.0,,,,,0.0009217918931929692,-11.127037606938826,0.11693658250741998,0.0,31.9029227341964,0.9999250684155713
dt_reference_0.25ms,dt_0.25ms_severity_1.0,High AD-like perturbation,1.0,149,5Hz,60.0,0.02,0.25,ac884c60d8359016,episodic_expanded_right,0.003200065270404499,0.06108825739363405,0.014028800764983739,0.03906895921526038,0.06526008925003435,0.05596216457972695,0.08513251985815448,0.0007704375085906922,0.0012716427245913736,0.002142688298833527,0.002180847592009955,0.0025627153817378377,1.0,0.03597885675268569,0.07426826887183553,1.0455966058317345,True,0.28605331180452215,0.002142688298833527,0.05287423009384354,0.05410331430106454,0.056004219148508665,0.0019009048474441237,1.0,,,,,0.0017294480610300367,4.664745742712583,0.2232036901336726,0.5454545454545454,31.9029227341964,0.9999250684155713
dt_reference_0.25ms,dt_0.25ms_severity_1.0,High AD-like perturbation,1.0,149,5Hz,60.0,0.02,0.25,ac884c60d8359016,shared_auditory_relay,0.007133059409841367,0.06847328417371977,0.02836418121548708,0.05211272219312954,0.06477637202483186,0.0634173818714847,0.10540885630785231,0.003623502337394875,0.004249163594262344,0.004650375507854688,0.0065560980683411615,0.005154256360372447,1.0,0.04873287488303801,0.08296433890966427,0.7675960134047464,False,0.20354753116962299,0.004650375507854688,0.06888297633981566,0.07846528844080002,0.06668373530795693,0.011781553132843084,1.0,,,,,0.004269381473461564,7.70239997230892,0.30544582720807495,0.7142857142857143,31.9029227341964,0.9999250684155713
dt_reference_0.25ms,dt_0.25ms_severity_1.0,High AD-like perturbation,1.0,149,5Hz,60.0,0.02,0.25,ac884c60d8359016,anterior_temporal_context,0.012748541889955424,0.2271176414178026,0.07240875138052867,0.1317042523284215,0.17595112566586144,0.198119454805136,0.37955724865299806,0.008342950835956452,0.019908447144906898,0.023842877274765823,0.020414337950129684,0.03862172660870295,1.0,0.12472373760726373,0.29149847937372203,1.2247522903397767,True,0.2684615840340247,0.020414337950129684,0.006116793957201544,-0.028910587491446788,0.02443501756257116,0.05334560505401795,1.0,,,,,0.0009709975440679308,0.1680792666728368,0.15015772232482977,0.2222222222222222,31.9029227341964,0.9999250684155713
dt_reference_0.25ms,dt_0.25ms_severity_1.0,High AD-like perturbation,1.0,149,5Hz,60.0,0.02,0.25,ac884c60d8359016,hippocampal_context,0.0021244556350921654,0.03584784132933379,0.012771985020044521,0.03289055216474616,0.037059616624928196,0.024892156180950743,0.05479361849250462,0.0009401670237045641,0.0007689131072644001,0.0008857347074165809,0.0012490089991861444,0.0024621609875263755,1.0,0.029401043548529456,0.04043968783947411,0.45990449849235965,False,0.19000341019025468,0.0009401670237045641,0.032005118840981533,0.038384219901864594,0.030272523571962123,0.008111696329902471,1.0,,,,,0.0013206378663411233,3.0147953430941548,0.18424008676803677,0.5,31.9029227341964,0.9999250684155713
dt_reference_0.25ms,dt_0.25ms_severity_1.0,High AD-like perturbation,1.0,149,5Hz,60.0,0.02,0.25,ac884c60d8359016,angular_parietal_context,0.011643542075645412,0.10488979268587481,0.026901371121564967,0.055851555214999925,0.08880274581284275,0.09364336178008303,0.17905793854643315,0.00123072204867044,0.002302209560798995,0.003176147544026624,0.004611860890471398,0.007674920115228404,1.0,0.05474072816688126,0.13592491278688054,1.312123371640745,True,0.31074645073596585,0.003176147544026624,0.02262233823462187,0.029257955803444292,0.020499475310586258,0.008758480492858035,1.0,,,,,0.0009536252420514479,1.984926495369368,0.12569769327306518,0.0,31.9029227341964,0.9999250684155713
dt_reference_0.25ms,dt_0.25ms_severity_1.0,High AD-like perturbation,1.0,173,pulse,60.0,0.02,0.25,ac884c60d8359016,semantic_expanded,0.00038907717534644433,0.008861030163123397,,,,,,,,,,,1.0,,,,False,,,,,,,,1077.5,1024.0,0.9230769230769231,0.020592395047895545,,,,,,
dt_reference_0.25ms,dt_0.25ms_severity_1.0,High AD-like perturbation,1.0,173,pulse,60.0,0.02,0.25,ac884c60d8359016,episodic_expanded,0.0009341703143201942,0.021503471800024404,,,,,,,,,,,1.0,,,,False,,,,,,,,466.0,421.0,0.9473684210526315,0.0060162579403425275,,,,,,
dt_reference_0.25ms,dt_0.25ms_severity_1.0,High AD-like perturbation,1.0,173,pulse,60.0,0.02,0.25,ac884c60d8359016,semantic_anatomical_core,0.00045556067385557175,0.010333870489259381,,,,,,,,,,,1.0,,,,False,,,,,,,,993.0,939.5,0.9,0.019237348097724125,,,,,,
dt_reference_0.25ms,dt_0.25ms_severity_1.0,High AD-like perturbation,1.0,173,pulse,60.0,0.02,0.25,ac884c60d8359016,episodic_anatomical_core,0.0008888982268514829,0.020085343632233132,,,,,,,,,,,1.0,,,,False,,,,,,,,461.0,416.0,0.9375,0.0059363165254703405,,,,,,
dt_reference_0.25ms,dt_0.25ms_severity_1.0,High AD-like perturbation,1.0,173,pulse,60.0,0.02,0.25,ac884c60d8359016,semantic_platel_peaks,0.00029236219473634646,0.0065823344471750075,,,,,,,,,,,1.0,,,,False,,,,,,,,1022.5,907.0,0.8,0.020592395047895545,,,,,,
dt_reference_0.25ms,dt_0.25ms_severity_1.0,High AD-like perturbation,1.0,173,pulse,60.0,0.02,0.25,ac884c60d8359016,episodic_platel_peaks,0.0010807224171211602,0.02384516957230845,,,,,,,,,,,1.0,,,,False,,,,,,,,555.0,555.0,1.0,0.0065039242256505455,,,,,,
dt_reference_0.25ms,dt_0.25ms_severity_1.0,High AD-like perturbation,1.0,173,pulse,60.0,0.02,0.25,ac884c60d8359016,semantic_expanded_left,0.00039675592221814743,0.009361878724384307,,,,,,,,,,,1.0,,,,False,,,,,,,,750.0,643.0,0.8571428571428571,0.01410825160138974,,,,,,
dt_reference_0.25ms,dt_0.25ms_severity_1.0,High AD-like perturbation,1.0,173,pulse,60.0,0.02,0.25,ac884c60d8359016,episodic_expanded_left,0.0010124425943457214,0.02388966176150533,,,,,,,,,,,1.0,,,,False,,,,,,,,576.0,486.0,0.875,0.0057806251894034965,,,,,,
dt_reference_0.25ms,dt_0.25ms_severity_1.0,High AD-like perturbation,1.0,173,pulse,60.0,0.02,0.25,ac884c60d8359016,semantic_expanded_right,0.0003801186373294571,0.008386976360553789,,,,,,,,,,,1.0,,,,False,,,,,,,,1405.0,1405.0,1.0,0.033997426809997934,,,,,,
dt_reference_0.25ms,dt_0.25ms_severity_1.0,High AD-like perturbation,1.0,173,pulse,60.0,0.02,0.25,ac884c60d8359016,episodic_expanded_right,0.0008772450197561743,0.019355623535848174,,,,,,,,,,,1.0,,,,False,,,,,,,,356.0,356.0,1.0,0.006894576815910246,,,,,,
dt_reference_0.25ms,dt_0.25ms_severity_1.0,High AD-like perturbation,1.0,173,pulse,60.0,0.02,0.25,ac884c60d8359016,shared_auditory_relay,0.0007562678428462646,0.01691656864491922,,,,,,,,,,,1.0,,,,False,,,,,,,,312.0,312.0,1.0,0.00291563460177893,,,,,,
dt_reference_0.25ms,dt_0.25ms_severity_1.0,High AD-like perturbation,1.0,173,pulse,60.0,0.02,0.25,ac884c60d8359016,anterior_temporal_context,0.0006125225183298127,0.013136819020321856,,,,,,,,,,,1.0,,,,False,,,,,,,,715.0,715.0,1.0,0.017350323324642643,,,,,,
dt_reference_0.25ms,dt_0.25ms_severity_1.0,High AD-like perturbation,1.0,173,pulse,60.0,0.02,0.25,ac884c60d8359016,hippocampal_context,0.0009956461759613958,0.018255686570250455,,,,,,,,,,,1.0,,,,False,,,,,,,,683.0,683.0,1.0,0.00461697977281245,,,,,,
dt_reference_0.25ms,dt_0.25ms_severity_1.0,High AD-like perturbation,1.0,173,pulse,60.0,0.02,0.25,ac884c60d8359016,angular_parietal_context,0.000468328571502373,0.010599300773211856,,,,,,,,,,,1.0,,,,False,,,,,,,,452.0,426.5,0.8333333333333334,0.009450352233962938,,,,,,
dt_reference_0.25ms,dt_0.25ms_severity_1.0,High AD-like perturbation,1.0,173,2Hz,60.0,0.02,0.25,ac884c60d8359016,semantic_expanded,0.012014572115504248,0.3124535428558649,0.12110018500371782,0.19423076425537192,0.28618318861585296,0.3865410572555719,0.4612318557533657,0.00577265129011439,0.007792108027777428,0.019367452632997093,0.020828649796909456,0.024231286330127264,1.0,0.1841330810096079,0.40196303620454255,1.1263139979683374,True,0.24257160562935748,0.019367452632997093,0.020119659130607002,0.01791741960132621,0.02384896687852697,0.005931547277200758,1.0,,,,,0.0001565899231472656,-2.524257605016614,0.12517220169148965,0.07692307692307693,31.50637832142918,0.9999664384655839
dt_reference_0.25ms,dt_0.25ms_severity_1.0,High AD-like perturbation,1.0,173,2Hz,60.0,0.02,0.25,ac884c60d8359016,episodic_expanded,0.007751261264484502,0.1863566687897847,0.029934161108793014,0.07108758816102705,0.11247700599907391,0.22629909022522046,0.30292356815417215,0.0015702081239299657,0.0019911100252450876,0.002992989321533654,0.003950679725562266,0.0074334441207381035,1.0,0.06301221481776513,0.25472405976648826,2.015231809728861,True,0.41743696780425515,0.002992989321533654,0.04051113951579295,0.044175366513234934,0.04643228990632085,0.002256923393085919,1.0,,,,,0.00013795878711120313,2.7281375559748113,0.07888334354401516,0.10526315789473684,31.50637832142918,0.9999664384655839
dt_reference_0.25ms,dt_0.25ms_severity_1.0,High AD-like perturbation,1.0,173,2Hz,60.0,0.02,0.25,ac884c60d8359016,semantic_anatomical_core,0.010690556750296652,0.2577767644513645,0.09028977643655317,0.14816281783249372,0.22781688759400295,0.33645506411588055,0.37152124729416847,0.003923120903609703,0.0034768296196315326,0.010487437190189903,0.013070934308508477,0.013889454906257535,1.0,0.14392664661226967,0.33493033710444164,1.2185273397690581,True,0.26324253729667396,0.010487437190189903,0.022987699409043764,0.015134152139291989,0.028837752809941733,0.013703600670649744,1.0,,,,,7.731884259881694e-05,-2.8196727376894293,0.11940432077589974,0.0,31.50637832142918,0.9999664384655839
dt_reference_0.25ms,dt_0.25ms_severity_1.0,High AD-like perturbation,1.0,173,2Hz,60.0,0.02,0.25,ac884c60d8359016,episodic_anatomical_core,0.008348201106262939,0.18015258647224439,0.02712420762335967,0.06866102889040403,0.10831332260203781,0.2212860000524287,0.29253810040318157,0.0015376413501497449,0.00195394759475639,0.002975327685391996,0.0035304518846740254,0.0073692398925815465,1.0,0.05961838411320736,0.24668041557365372,2.0488140034826654,True,0.42751460360296484,0.002975327685391996,0.03936933903620521,0.03992195526884332,0.04634422310459177,0.006422267835748452,1.0,,,,,0.000127653016941065,3.3740315486697483,0.08129928754513455,0.0625,31.50637832142918,0.9999664384655839
dt_reference_0.25ms,dt_0.25ms_severity_1.0,High AD-like perturbation,1.0,173,2Hz,60.0,0.02,0.25,ac884c60d8359016,semantic_platel_peaks,0.012863329836093956,0.3000202899532125,0.1259848745566546,0.20150657802906743,0.2771637153910812,0.3425460244406427,0.46101192537209457,0.004768438449225413,0.009620330316584425,0.01781862422803857,0.016877037728462056,0.02054972560923152,1.0,0.18528995716517116,0.3821664332276233,1.044416379357286,True,0.22542889860177173,0.016877037728462056,0.016400734865997937,0.016455640690874445,0.019165730705403162,0.002710090014528717,1.0,,,,,0.00016883717732985026,-2.524257605016614,0.1256884767367512,0.2,31.50637832142918,0.9999664384655839
dt_reference_0.25ms,dt_0.25ms_severity_1.0,High AD-like perturbation,1.0,173,2Hz,60.0,0.02,0.25,ac884c60d8359016,episodic_platel_peaks,0.004221864130186095,0.11205951689567371,0.023111128722427016,0.04783672623112735,0.09383619013162905,0.10254249885368853,0.20473653869013153,0.0011005537502284377,0.001198029309820314,0.0012240549600771305,0.001972160492725297,0.00334712627559362,1.0,0.04729778531267055,0.1514678041095262,1.679166631013186,True,0.36971246697872917,0.0012240549600771305,0.05553473124655107,0.0756121106025707,0.0575824137490069,0.0180296968535638,1.0,,,,,0.00023638983507739963,-0.03893704307676826,0.058978179996586416,0.25,31.50637832142918,0.9999664384655839
dt_reference_0.25ms,dt_0.25ms_severity_1.0,High AD-like perturbation,1.0,173,2Hz,60.0,0.02,0.25,ac884c60d8359016,semantic_expanded_left,0.009716617780167622,0.2502888424019439,0.09004584739835303,0.14931603403559812,0.22387881694932593,0.3192833965890586,0.3649946729642401,0.0046269632705508955,0.00862075982947165,0.017333597352263554,0.013712505414722579,0.0158070102351619,1.0,0.14246094568475626,0.32431771025737965,1.1868413359259757,True,0.25673779758843945,0.013712505414722579,0.023507404849761274,0.02898574916834067,0.025385951779594983,0.0035997973887456867,1.0,,,,,0.0001565899231472656,-0.9333584141662178,0.11363643986030982,0.0,31.50637832142918,0.9999664384655839
dt_reference_0.25ms,dt_0.25ms_severity_1.0,High AD-like perturbation,1.0,173,2Hz,60.0,0.02,0.25,ac884c60d8359016,episodic_expanded_left,0.013062377118801186,0.33647173554108734,0.05133491428726081,0.11380074273858097,0.1508497472391144,0.5296253173140728,0.48541342175076635,0.00242372450766591,0.003467785269418503,0.007143934190751894,0.00972857775911752,0.014135974513244644,1.0,0.09791833731166297,0.4621998251258774,2.2388657480852574,True,0.4350432775560504,0.007143934190751894,0.02959258157431182,0.019975426185143867,0.03794634498205103,0.017970918796907164,1.0,,,,,9.048345129614166e-05,1.1491511705352437,0.10673605632038555,0.0,31.50637832142918,0.9999664384655839
dt_reference_0.25ms,dt_0.25ms_severity_1.0,High AD-like perturbation,1.0,173,2Hz,60.0,0.02,0.25,ac884c60d8359016,semantic_expanded_right,0.014695518840063643,0.3900582043781251,0.16286431003372304,0.2526559858550207,0.3658265599325318,0.4679666733079835,0.5828436427140294,0.007202024517754978,0.00704310857947596,0.021639952392363764,0.0316377379072177,0.037145243058457365,1.0,0.23799499125267123,0.49819753089200236,1.0657866600106984,True,0.22840541367027556,0.021639952392363764,0.01673191341145273,0.006849090034311751,0.022311981977458956,0.015462891943147206,1.0,,,,,0.0001630392245327017,-3.360802706288564,0.1267141915513199,0.16666666666666666,31.50637832142918,0.9999664384655839
dt_reference_0.25ms,dt_0.25ms_severity_1.0,High AD-like perturbation,1.0,173,2Hz,60.0,0.02,0.25,ac884c60d8359016,episodic_expanded_right,0.003888631552254185,0.10321463687455763,0.017455059850163997,0.044406082675228116,0.08386541648268246,0.09669341053496824,0.1890402778981472,0.0010172581680209336,0.0011432423938106996,0.0012539288352363268,0.0016043321727414073,0.003908898636196886,1.0,0.040549495888624026,0.1403815905950432,1.7915978713724647,True,0.3998306580524601,0.0012539288352363268,0.051429697457274076,0.068375306841326,0.05491823483059067,0.013457072010735337,1.0,,,,,0.00020817732342404138,3.3472311077332604,0.05039633910197559,0.18181818181818182,31.50637832142918,0.9999664384655839
dt_reference_0.25ms,dt_0.25ms_severity_1.0,High AD-like perturbation,1.0,173,2Hz,60.0,0.02,0.25,ac884c60d8359016,shared_auditory_relay,0.010645079321403074,0.16090833467511334,0.03753479342501461,0.07139580339564201,0.13743359045555525,0.16400764167468815,0.2768049854494345,0.003209996834272769,0.003789353629463873,0.003754987083362166,0.005901080923988759,0.008012815868107773,1.0,0.07081594242010482,0.21520184448314014,1.6035443548866608,True,0.3482495406679017,0.003789353629463873,0.049758542044637304,0.06387112219502952,0.05349102237566337,0.010380099819366155,1.0,,,,,0.000344256018815714,7.611283210663833,0.14312085208063707,0.14285714285714285,31.50637832142918,0.9999664384655839
dt_reference_0.25ms,dt_0.25ms_severity_1.0,High AD-like perturbation,1.0,173,2Hz,60.0,0.02,0.25,ac884c60d8359016,anterior_temporal_context,0.021970606982669203,0.4492065990320229,0.11327550903698712,0.220083619517978,0.3160107234423067,0.5323544938889017,0.7100982965766531,0.004467979012558959,0.0069971155983137205,0.01322142100301392,0.013186555557125458,0.021329108317151572,1.0,0.19763494634656767,0.5972623166689385,1.595526629341209,True,0.3285350512966976,0.013186555557125458,0.02737345926395679,0.051566979850774235,0.024863627071042754,0.02670335277973148,1.0,,,,,0.00025354121455284373,0.15814253018496183,0.19230983781832595,0.2222222222222222,31.50637832142918,0.9999664384655839
dt_reference_0.25ms,dt_0.25ms_severity_1.0,High AD-like perturbation,1.0,173,2Hz,60.0,0.02,0.25,ac884c60d8359016,hippocampal_context,0.003612899474057108,0.08571410567707084,0.016638902522703197,0.03677619333288061,0.08099331810500712,0.09594033924631323,0.13822112059211544,0.0008202918010500671,0.0008295016918751846,0.0009174616368017423,0.001027039633604277,0.0010329183886512222,1.0,0.036492091033165724,0.11580946688915689,1.6660974655389889,True,0.3746028589583663,0.0009174616368017423,0.0363712387206694,0.02535112580696524,0.04579844404132316,0.02044731823435792,1.0,,,,,0.00014502208902300584,-0.38218859062598476,0.05058524935129459,0.0,31.50637832142918,0.9999664384655839
dt_reference_0.25ms,dt_0.25ms_severity_1.0,High AD-like perturbation,1.0,173,2Hz,60.0,0.02,0.25,ac884c60d8359016,angular_parietal_context,0.011235863724276438,0.17971645995577726,0.038813886597271655,0.07346421328523028,0.1686585753739698,0.23028958236556646,0.2740685472792441,0.001620638460192873,0.002167851454312141,0.0038433132159337675,0.003450457583365617,0.007741315675969644,1.0,0.07552490780024718,0.2414277334182552,1.6765669888188885,True,0.3644059764636975,0.003450457583365617,0.028210302800286587,0.02238568061994061,0.03452866959361286,0.012142988973672247,1.0,,,,,0.000142227178622778,1.1286613882676142,0.11082479258837474,0.0,31.50637832142918,0.9999664384655839
dt_reference_0.25ms,dt_0.25ms_severity_1.0,High AD-like perturbation,1.0,173,5Hz,60.0,0.02,0.25,ac884c60d8359016,semantic_expanded,0.011074872967883898,0.2086519852821266,0.08305642295009386,0.12832208800446138,0.17044395667384246,0.24176833674534212,0.32005955517994644,0.0076563952254129364,0.012416658780119173,0.01614292670393211,0.02197973189960444,0.02586534594944065,1.0,0.12020598646725343,0.2682866555206561,1.1582665507023087,True,0.2403104631361253,0.01614292670393211,0.022091458451092606,0.016371736982208604,0.026630220595450012,0.010258483613241408,1.0,,,,,0.00027990706875691274,-0.6955797202263726,0.14764152984383017,0.15384615384615385,31.896057765241874,0.9999243602828647
dt_reference_0.25ms,dt_0.25ms_severity_1.0,High AD-like perturbation,1.0,173,5Hz,60.0,0.02,0.25,ac884c60d8359016,episodic_expanded,0.00828078675172183,0.1295769271876661,0.021745011496371487,0.05769983647758737,0.06988402752646652,0.13909660143722102,0.21881774358470402,0.0015444522341757129,0.0019901012588899496,0.0038706551071934435,0.002546621688193911,0.006728990242046538,1.0,0.050673457336616004,0.17549150401718278,1.7920990185578163,True,0.39656973697879866,0.002546621688193911,0.034042598542419936,0.07774310353614414,0.03184297119691506,0.04590013233922908,1.0,,,,,0.0003639185121420141,4.228937371151094,0.18426004373598312,0.21052631578947367,31.896057765241874,0.9999243602828647
dt_reference_0.25ms,dt_0.25ms_severity_1.0,High AD-like perturbation,1.0,173,5Hz,60.0,0.02,0.25,ac884c60d8359016,semantic_anatomical_core,0.009345279637191607,0.1624186355747932,0.061911580088090466,0.09193599531838587,0.10873713556169383,0.19272406211066886,0.2552783324938801,0.0046776018749343715,0.006933212956185871,0.010941180485006807,0.012082786676597854,0.019483624610166284,1.0,0.08482929152253652,0.21155243720404376,1.3183808884701473,True,0.25777073938174155,0.010941180485006807,0.026951628532375656,0.019628289551240775,0.032260461590129165,0.01263217203888839,1.0,,,,,0.0002617468503670617,-0.47138004662093735,0.12916308875704058,0.1,31.896057765241874,0.9999243602828647
dt_reference_0.25ms,dt_0.25ms_severity_1.0,High AD-like perturbation,1.0,173,5Hz,60.0,0.02,0.25,ac884c60d8359016,episodic_anatomical_core,0.009230147511114785,0.1280600173565199,0.02045748758812173,0.05912646330477997,0.07085290964562323,0.1432433985951092,0.21353057260214328,0.0015782175557816837,0.0019624498690395016,0.003945932094368319,0.002462032937772198,0.00656638457393516,1.0,0.05129547287049415,0.17301487892047698,1.7539927018010193,True,0.4022038145565163,0.002462032937772198,0.033311680648520275,0.07558543356615828,0.03181737792192014,0.04376805564423814,1.0,,,,,0.0004523258844773559,4.555056715632579,0.1859156126764549,0.1875,31.896057765241874,0.9999243602828647
dt_reference_0.25ms,dt_0.25ms_severity_1.0,High AD-like perturbation,1.0,173,5Hz,60.0,0.02,0.25,ac884c60d8359016,semantic_platel_peaks,0.012705292753675022,0.21745803533877098,0.08933202899356993,0.13958870318308544,0.18386165255152215,0.23856008617291638,0.3408173854056712,0.00711938421386058,0.012699238984229711,0.014376344265832213,0.02248349478838802,0.019588833798854226,1.0,0.13003875522258584,0.27829879422610293,1.0976930067620294,True,0.23183347423020964,0.014376344265832213,0.008600515307897467,0.0033560606711588144,0.01215957766988865,0.008803516998729836,1.0,,,,,0.00027990706875691274,-6.386534874248834,0.14764152984383017,0.2,31.896057765241874,0.9999243602828647
dt_reference_0.25ms,dt_0.25ms_severity_1.0,High AD-like perturbation,1.0,173,5Hz,60.0,0.02,0.25,ac884c60d8359016,episodic_platel_peaks,0.00306126849131688,0.05843126400299703,0.011753132923707978,0.024348741997952113,0.01949053308269121,0.03876275504916962,0.120172069153526,0.0009424281307359749,0.001085191271366693,0.0015813137707009852,0.0009929229293964058,0.003790702221127163,1.0,0.019218688154135622,0.08033971437798673,2.063603469609703,True,0.368939627810721,0.001085191271366693,0.04661057070470521,0.10623559778646756,0.04148686312225601,0.06474873466421155,1.0,,,,,0.0004893874282606014,2.6798145760809637,0.15936049824294382,0.25,31.896057765241874,0.9999243602828647
dt_reference_0.25ms,dt_0.25ms_severity_1.0,High AD-like perturbation,1.0,173,5Hz,60.0,0.02,0.25,ac884c60d8359016,semantic_expanded_left,0.009106746380208544,0.17058334377641068,0.06679998056131081,0.09888886142335035,0.12574852208758316,0.19971044003313881,0.2679507423560156,0.003944120984518538,0.008709976768380371,0.0080165258134884,0.014527104450439544,0.014462646613789433,1.0,0.09221842635709594,0.22155075288012172,1.2645102769484837,True,0.25110631345047557,0.008709976768380371,0.020821327802578758,0.009671721301182087,0.027755153261411515,0.018083431960229428,1.0,,,,,0.00024358663197721064,0.5083867485799599,0.17120822903421704,0.2857142857142857,31.896057765241874,0.9999243602828647
dt_reference_0.25ms,dt_0.25ms_severity_1.0,High AD-like perturbation,1.0,173,5Hz,60.0,0.02,0.25,ac884c60d8359016,episodic_expanded_left,0.015501320920144102,0.29036354424628813,0.04871512354563925,0.11155092843851577,0.21613255289859495,0.4090267096803956,0.4268206370838643,0.002534670146842431,0.0037565072928812254,0.008557373717646158,0.006488917556027676,0.012792090037867604,1.0,0.11641343892888135,0.39245467753561863,1.7532684400132008,True,0.40684345704042085,0.006488917556027676,0.024709224419674627,0.04859837649821269,0.024940988379496366,0.023657388118716326,1.0,,,,,0.00029060428605220956,3.0970421157538226,0.18412948006474805,0.0,31.896057765241874,0.9999243602828647
dt_reference_0.25ms,dt_0.25ms_severity_1.0,High AD-like perturbation,1.0,173,5Hz,60.0,0.02,0.25,ac884c60d8359016,semantic_expanded_right,0.013371020653505141,0.255216306577015,0.1032690329443041,0.16651580403307722,0.23102571612253806,0.29268339022692036,0.3823020528373071,0.014862725580128675,0.01770078375198459,0.032507109517449,0.03325567156391385,0.0462582084005545,1.0,0.15668754882688005,0.32488144858350104,1.052022824456134,True,0.22951461282177488,0.032507109517449,0.023361589099606454,0.023071752663235124,0.025505287929488505,0.002433535266253381,1.0,,,,,0.000926569662711707,-9.699041796053175,0.10401582066699847,0.0,31.896057765241874,0.9999243602828647
dt_reference_0.25ms,dt_0.25ms_severity_1.0,High AD-like perturbation,1.0,173,5Hz,60.0,0.02,0.25,ac884c60d8359016,episodic_expanded_right,0.003029489174687451,0.057824683546210585,0.009706339439626755,0.02984530183785369,0.022596213470958727,0.04730220318986776,0.11218109141731421,0.00094108209962621,0.0010543046271042037,0.0017507674028479536,0.0009994397319403915,0.0035396334409404633,1.0,0.02205758460597102,0.07847343845052722,1.8309295971024326,True,0.3862960169171765,0.0010543046271042037,0.04337597266516525,0.1068878305740756,0.03874495401433375,0.06814287655974186,1.0,,,,,0.0006229610036362354,4.415878575364757,0.18426004373598312,0.36363636363636365,31.896057765241874,0.9999243602828647
dt_reference_0.25ms,dt_0.25ms_severity_1.0,High AD-like perturbation,1.0,173,5Hz,60.0,0.02,0.25,ac884c60d8359016,shared_auditory_relay,0.009780023389457007,0.10199532566892507,0.025756999308922186,0.043922504576844414,0.049863179579013595,0.08672449152532585,0.19012698630651564,0.0039703751076191375,0.004327426905602834,0.005886918553103502,0.0048652258148150235,0.006776298111869398,1.0,0.03887857786936142,0.13728575232685486,1.820134555696084,True,0.3374666462850553,0.0048652258148150235,0.05175087831003781,0.13658634580732454,0.0477867803075039,0.08879956549982064,1.0,,,,,0.0012002277560696495,8.141909501509145,0.2512347330077229,0.7142857142857143,31.896057765241874,0.9999243602828647
dt_reference_0.25ms,dt_0.25ms_severity_1.0,High AD-like perturbation,1.0,173,5Hz,60.0,0.02,0.25,ac884c60d8359016,anterior_temporal_context,0.013459835391257212,0.22693896315369405,0.0741603325204095,0.1286894194531601,0.14974098836575828,0.24070507325581147,0.37093485431865536,0.007313494788507565,0.015719313264724626,0.01277582670322801,0.025110837831253237,0.04912918220395257,1.0,0.1145628828483473,0.29777648755216013,1.3780901411393354,True,0.2774132769924122,0.015719313264724626,0.010440106139683863,-0.0005501115773177377,0.014560196753885911,0.015110308331203649,1.0,,,,,0.0008974924182897359,0.6123633122231401,0.1968851198704606,0.3888888888888889,31.896057765241874,0.9999243602828647
dt_reference_0.25ms,dt_0.25ms_severity_1.0,High AD-like perturbation,1.0,173,5Hz,60.0,0.02,0.25,ac884c60d8359016,hippocampal_context,0.0029257164838017383,0.051461214206491454,0.00927401572583916,0.020596866601630483,0.017202078719490057,0.035547433385330146,0.10493490911669628,0.0009814213587350479,0.0006945378585404103,0.0012204402740897497,0.0007288201082257938,0.003320727339021142,1.0,0.015842274340836644,0.07058470920545822,2.155576219958982,True,0.38938169817353846,0.0009814213587350479,0.034958622910913985,0.06582258703955726,0.039282793028416,0.02653979401114126,1.0,,,,,0.0005426680683804919,4.367672389087854,0.13256963229606938,0.0,31.896057765241874,0.9999243602828647
dt_reference_0.25ms,dt_0.25ms_severity_1.0,High AD-like perturbation,1.0,173,5Hz,60.0,0.02,0.25,ac884c60d8359016,angular_parietal_context,0.010136725784110708,0.11246525406143301,0.024182966627382358,0.042610497447738455,0.04489501203791875,0.10988994364599895,0.2062770634157515,0.0016302678956733533,0.0021257350566502562,0.003956884705329875,0.0014935751231484272,0.010376253969138887,1.0,0.0362896963700693,0.15309572259290805,2.07680208413706,True,0.3775909554254362,0.0021257350566502562,0.022566709534131486,0.06167312639144443,0.02033715668455386,0.04133596970689057,1.0,,,,,0.0004328354195100581,1.318512883074519,0.11444276633580626,0.0,31.896057765241874,0.9999243602828647
dt_reference_0.25ms,dt_0.25ms_severity_1.0,High AD-like perturbation,1.0,197,pulse,60.0,0.02,0.25,ac884c60d8359016,semantic_expanded,0.0004612661389170066,0.010330935088467733,,,,,,,,,,,1.0,,,,False,,,,,,,,952.5,845.5,0.8461538461538461,0.04289805811242535,,,,,,
dt_reference_0.25ms,dt_0.25ms_severity_1.0,High AD-like perturbation,1.0,197,pulse,60.0,0.02,0.25,ac884c60d8359016,episodic_expanded,0.0008961723342098733,0.020597034665395766,,,,,,,,,,,1.0,,,,False,,,,,,,,452.0,452.0,1.0,0.011960849780459477,,,,,,
dt_reference_0.25ms,dt_0.25ms_severity_1.0,High AD-like perturbation,1.0,197,pulse,60.0,0.02,0.25,ac884c60d8359016,semantic_anatomical_core,0.0005521432408300073,0.01229300630157317,,,,,,,,,,,1.0,,,,False,,,,,,,,763.0,656.0,0.8,0.03422047849930093,,,,,,
dt_reference_0.25ms,dt_0.25ms_severity_1.0,High AD-like perturbation,1.0,197,pulse,60.0,0.02,0.25,ac884c60d8359016,episodic_anatomical_core,0.0008684398377620847,0.01967024854932862,,,,,,,,,,,1.0,,,,False,,,,,,,,442.5,442.5,1.0,0.011741755953443157,,,,,,
dt_reference_0.25ms,dt_0.25ms_severity_1.0,High AD-like perturbation,1.0,197,pulse,60.0,0.02,0.25,ac884c60d8359016,semantic_platel_peaks,0.000271320506245615,0.006038114653872574,,,,,,,,,,,1.0,,,,False,,,,,,,,973.5,871.0,0.8,0.04289805811242535,,,,,,
dt_reference_0.25ms,dt_0.25ms_severity_1.0,High AD-like perturbation,1.0,197,pulse,60.0,0.02,0.25,ac884c60d8359016,episodic_platel_peaks,0.0009774725229401264,0.021547868330883423,,,,,,,,,,,1.0,,,,False,,,,,,,,545.0,545.0,1.0,0.013166763386467748,,,,,,
dt_reference_0.25ms,dt_0.25ms_severity_1.0,High AD-like perturbation,1.0,197,pulse,60.0,0.02,0.25,ac884c60d8359016,semantic_expanded_left,0.0005141727660058142,0.01211762066997779,,,,,,,,,,,1.0,,,,False,,,,,,,,774.0,560.0,0.7142857142857143,0.04720680636330902,,,,,,
dt_reference_0.25ms,dt_0.25ms_severity_1.0,High AD-like perturbation,1.0,197,pulse,60.0,0.02,0.25,ac884c60d8359016,episodic_expanded_left,0.0009655778245420154,0.0227559812162634,,,,,,,,,,,1.0,,,,False,,,,,,,,558.0,558.0,1.0,0.01077488465333944,,,,,,
dt_reference_0.25ms,dt_0.25ms_severity_1.0,High AD-like perturbation,1.0,197,pulse,60.0,0.02,0.25,ac884c60d8359016,semantic_expanded_right,0.0003995417406467312,0.008807687805128292,,,,,,,,,,,1.0,,,,False,,,,,,,,1131.0,1131.0,1.0,0.031011097041369406,,,,,,
dt_reference_0.25ms,dt_0.25ms_severity_1.0,High AD-like perturbation,1.0,197,pulse,60.0,0.02,0.25,ac884c60d8359016,episodic_expanded_right,0.0008456956139683156,0.018642915591102607,,,,,,,,,,,1.0,,,,False,,,,,,,,346.0,346.0,1.0,0.011960849780459477,,,,,,
dt_reference_0.25ms,dt_0.25ms_severity_1.0,High AD-like perturbation,1.0,197,pulse,60.0,0.02,0.25,ac884c60d8359016,shared_auditory_relay,0.000779021953776468,0.01730456767376743,,,,,,,,,,,1.0,,,,False,,,,,,,,332.0,332.0,1.0,0.006626951024293823,,,,,,
dt_reference_0.25ms,dt_0.25ms_severity_1.0,High AD-like perturbation,1.0,197,pulse,60.0,0.02,0.25,ac884c60d8359016,anterior_temporal_context,0.0005508176434794892,0.011996117091459516,,,,,,,,,,,1.0,,,,False,,,,,,,,710.0,710.0,1.0,0.031061630371174556,,,,,,
dt_reference_0.25ms,dt_0.25ms_severity_1.0,High AD-like perturbation,1.0,197,pulse,60.0,0.02,0.25,ac884c60d8359016,hippocampal_context,0.0009358552269850219,0.017389456528864675,,,,,,,,,,,1.0,,,,False,,,,,,,,672.0,672.0,1.0,0.009249294293817212,,,,,,
dt_reference_0.25ms,dt_0.25ms_severity_1.0,High AD-like perturbation,1.0,197,pulse,60.0,0.02,0.25,ac884c60d8359016,angular_parietal_context,0.0005024239593127148,0.011192530453202829,,,,,,,,,,,1.0,,,,False,,,,,,,,390.0,390.0,1.0,0.016122699420704757,,,,,,
dt_reference_0.25ms,dt_0.25ms_severity_1.0,High AD-like perturbation,1.0,197,2Hz,60.0,0.02,0.25,ac884c60d8359016,semantic_expanded,0.011021028825521582,0.2866882608445038,0.12274521046362662,0.2028299738052356,0.26383245511896064,0.3154869138800317,0.4377302587128349,0.005546865370091708,0.00827567488085026,0.018438628965464283,0.020552847501339063,0.021000193411259978,1.0,0.18556264946513903,0.3609851957289643,0.9600333220703875,False,0.21530300332925406,0.018438628965464283,0.013434779096480885,0.014715838425178977,0.01422021008574576,0.0004956283394332173,1.0,,,,,0.0001495702049705283,-2.9706553822436312,0.12565666398481237,0.07692307692307693,31.537963956226093,0.9999817744191178
dt_reference_0.25ms,dt_0.25ms_severity_1.0,High AD-like perturbation,1.0,197,2Hz,60.0,0.02,0.25,ac884c60d8359016,episodic_expanded,0.0037730722576294427,0.09717875607772058,0.024755491712213484,0.05183855356500441,0.07337848185480858,0.08980401548236097,0.17234176318483835,0.0015488737440676184,0.002067064120335037,0.0026495033886719172,0.0035468626306116007,0.00419057478945069,1.0,0.048202727723199446,0.1277944858834196,1.406638893849238,True,0.31958290838872405,0.0026495033886719172,0.02821301421403058,0.04004902196096553,0.026924609943597782,0.013124412017367752,1.0,,,,,0.00033326173716263785,8.208257918363781,0.17812523310347408,0.2631578947368421,31.537963956226093,0.9999817744191178
dt_reference_0.25ms,dt_0.25ms_severity_1.0,High AD-like perturbation,1.0,197,2Hz,60.0,0.02,0.25,ac884c60d8359016,semantic_anatomical_core,0.009127877753027003,0.21473776757922075,0.09724850261410499,0.1640259411907595,0.18961405714012178,0.20948504471176932,0.33485082497476654,0.00379750348575774,0.004029386758624287,0.009635850873027173,0.010934505441823205,0.009591472881659973,1.0,0.14642492943598223,0.26633063164739623,0.8630571684614163,False,0.19602322075597228,0.009591472881659973,0.012446134024212225,0.008448385190102155,0.015244126652680448,0.006795741462578293,1.0,,,,,0.00011561397105497306,-3.9580455973484674,0.12778253668662767,0.0,31.537963956226093,0.9999817744191178
dt_reference_0.25ms,dt_0.25ms_severity_1.0,High AD-like perturbation,1.0,197,2Hz,60.0,0.02,0.25,ac884c60d8359016,episodic_anatomical_core,0.003922377487777776,0.0935391331880414,0.02334626861559935,0.04948021079141365,0.07254132018093842,0.08973348026849236,0.16444436153620612,0.0015189903414764862,0.002054026125049811,0.0026427386280542782,0.003319390391453527,0.0035793445139718654,1.0,0.046013036695187255,0.12314187754949169,1.42020689327883,True,0.3245733011386898,0.0026427386280542782,0.025161986414675708,0.03585194417785205,0.024684721189836688,0.011167222988015361,1.0,,,,,0.00031299454678895833,8.382669325723874,0.18034247818346474,0.25,31.537963956226093,0.9999817744191178
dt_reference_0.25ms,dt_0.25ms_severity_1.0,High AD-like perturbation,1.0,197,2Hz,60.0,0.02,0.25,ac884c60d8359016,semantic_platel_peaks,0.012714337827874738,0.3016869473542206,0.12331947122814284,0.2000228017991425,0.27173093680853916,0.34530993395158466,0.4686597198546047,0.0050257219016210455,0.009332756067716958,0.010716638906107656,0.013194553164440173,0.020729855356562833,1.0,0.18487863699879345,0.3851722325713711,1.0589251728699713,True,0.23200038793757402,0.010716638906107656,0.012409145709966986,0.01725064275101774,0.012178468992321506,0.005072173758696235,1.0,,,,,0.00017856813211281075,-2.9706553822436312,0.11395714139178581,0.2,31.537963956226093,0.9999817744191178
dt_reference_0.25ms,dt_0.25ms_severity_1.0,High AD-like perturbation,1.0,197,2Hz,60.0,0.02,0.25,ac884c60d8359016,episodic_platel_peaks,0.002680573442279023,0.071239526346675,0.01839801672576346,0.03660044903409918,0.039408965340772956,0.05210181631258512,0.14122829247242394,0.0010559620559353374,0.0012007818864851305,0.0010627596128750666,0.0018594557474057808,0.002771551350711091,1.0,0.031155291502992906,0.09556951561949505,1.6170732910368915,True,0.31951431343064485,0.0012007818864851305,0.05016720310116469,0.07542545395054176,0.04277753237658389,0.03264792157395787,1.0,,,,,0.0003771996463222682,1.8843039174994176,0.18249407207059243,0.25,31.537963956226093,0.9999817744191178
dt_reference_0.25ms,dt_0.25ms_severity_1.0,High AD-like perturbation,1.0,197,2Hz,60.0,0.02,0.25,ac884c60d8359016,semantic_expanded_left,0.008858188866721314,0.228332952508719,0.09666428743548763,0.16382849482013573,0.20653300014381276,0.23223784084968013,0.3613396556309631,0.004483098286458805,0.009206915358072283,0.018427325102783415,0.01420116533297266,0.01291589163918342,1.0,0.14903186163739615,0.2868217539509293,0.9445336506133779,False,0.21540090813999557,0.01291589163918342,0.02056740572138423,0.03044958965334932,0.01811887086440126,0.01233071878894806,1.0,,,,,0.00017856813211281075,0.0011394212660428358,0.11518722630463965,0.0,31.537963956226093,0.9999817744191178
dt_reference_0.25ms,dt_0.25ms_severity_1.0,High AD-like perturbation,1.0,197,2Hz,60.0,0.02,0.25,ac884c60d8359016,episodic_expanded_left,0.005538770836947508,0.14277003092817447,0.039533454090281854,0.08558114393337014,0.1383945027038125,0.14287257011396942,0.23229040506568446,0.002420579483110571,0.003778263326788842,0.0058953191427935075,0.007542761665478309,0.00952476209343575,1.0,0.08693086599717721,0.18242852198148352,1.0693908850383744,True,0.2924465694791715,0.0058953191427935075,0.013498949034835072,0.00838925994032132,0.017947456442877693,0.009558196502556373,1.0,,,,,0.00024089852685349467,6.041683369344065,0.16823919125843423,0.0,31.537963956226093,0.9999817744191178
dt_reference_0.25ms,dt_0.25ms_severity_1.0,High AD-like perturbation,1.0,197,2Hz,60.0,0.02,0.25,ac884c60d8359016,semantic_expanded_right,0.013544342110788561,0.3599575006717779,0.15586300888852145,0.2511162561738688,0.33702877663922637,0.42857784272103316,0.5302705540531504,0.006863047265070338,0.007438625432076915,0.018449939762266665,0.02974541388040275,0.034144613134754434,1.0,0.23104788800331116,0.45432506335545497,0.9755329935273971,False,0.21520509851851255,0.018449939762266665,0.006302152471577538,-0.0010179128029913687,0.010321549307090259,0.011339462110081628,1.0,,,,,0.00014410992322166916,-4.125603326984025,0.12778253668662767,0.16666666666666666,31.537963956226093,0.9999817744191178
dt_reference_0.25ms,dt_0.25ms_severity_1.0,High AD-like perturbation,1.0,197,2Hz,60.0,0.02,0.25,ac884c60d8359016,episodic_expanded_right,0.0024889278363072146,0.06614630935790798,0.015501665210278655,0.031399856466092585,0.03890618120027497,0.056447232595612115,0.1278644433430653,0.0009910890725964468,0.001130877789084088,0.0011907528730086012,0.0016678552337144948,0.0018437118842141243,1.0,0.02672816994636114,0.08952235343914686,1.7438869026601025,True,0.3467192472982765,0.0011907528730086012,0.042927079393226084,0.07170878398160975,0.03590176344431787,0.03580702053729188,1.0,,,,,0.000380971849019196,8.208257918363781,0.20476401340620765,0.45454545454545453,31.537963956226093,0.9999817744191178
dt_reference_0.25ms,dt_0.25ms_severity_1.0,High AD-like perturbation,1.0,197,2Hz,60.0,0.02,0.25,ac884c60d8359016,shared_auditory_relay,0.007897969591067365,0.10483223901336117,0.03651033534344204,0.07025023145680656,0.08476412985465823,0.10990210442147286,0.17460378679023592,0.003145343659614544,0.0038283323942258558,0.0038547076006022326,0.004727229632658709,0.005765313694674261,1.0,0.06152204493139789,0.13508684907466206,1.1347118698283727,True,0.2580530087253849,0.0038547076006022326,0.044806563304330596,0.06988984119011854,0.03887140602917479,0.03101843516094375,1.0,,,,,0.0009645304757684992,10.797414414138355,0.20752535302182157,0.6428571428571429,31.537963956226093,0.9999817744191178
dt_reference_0.25ms,dt_0.25ms_severity_1.0,High AD-like perturbation,1.0,197,2Hz,60.0,0.02,0.25,ac884c60d8359016,anterior_temporal_context,0.013652959239312234,0.30000009435285463,0.10109515655448144,0.18790901933884152,0.2800856249020046,0.378339371880222,0.42559936216434613,0.004368286282783882,0.006602070182821491,0.008093652623486854,0.009331800922043616,0.014672751349203837,1.0,0.17589617797975385,0.38266148571732633,1.121344568245922,True,0.257860541035149,0.008093652623486854,0.0347822447886674,0.06112282556526268,0.0265759001803113,0.03454692538495138,1.0,,,,,0.0003612517985794872,-0.2527831744097146,0.18209356724020392,0.3333333333333333,31.537963956226093,0.9999817744191178
dt_reference_0.25ms,dt_0.25ms_severity_1.0,High AD-like perturbation,1.0,197,2Hz,60.0,0.02,0.25,ac884c60d8359016,hippocampal_context,0.002416713276146416,0.056161875904963056,0.01354144436612843,0.0326511169584679,0.043056677767945535,0.04283942301189337,0.10553443629425115,0.0007351132891359799,0.0011523430902864343,0.0006546921457564952,0.0006222561834069456,0.001141670466710452,1.0,0.02864420471293179,0.07423353986568837,1.3738278832905721,True,0.31581636505774113,0.0007351132891359799,0.015266135916694156,0.014943513206901297,0.01816001317619509,0.003216499969293792,1.0,,,,,0.000285340929431277,3.530070446282562,0.14716696240503613,0.0,31.537963956226093,0.9999817744191178
dt_reference_0.25ms,dt_0.25ms_severity_1.0,High AD-like perturbation,1.0,197,2Hz,60.0,0.02,0.25,ac884c60d8359016,angular_parietal_context,0.008380793223290191,0.12322356152086013,0.03470068472040339,0.07102616221477644,0.10948072242260641,0.12410898714003926,0.20162952945583085,0.0014616511261445263,0.002591349132812029,0.0023081533703186723,0.002507819716526188,0.0023693252266420847,1.0,0.06779166961006657,0.15990767232978056,1.2380592528069803,True,0.2941263482442868,0.0023693252266420847,0.01107957827035918,0.015207355819159031,0.010750554870952273,0.004456800948206758,1.0,,,,,0.0002524792876308357,3.041354076489893,0.14180776607484652,0.0,31.537963956226093,0.9999817744191178
dt_reference_0.25ms,dt_0.25ms_severity_1.0,High AD-like perturbation,1.0,197,5Hz,60.0,0.02,0.25,ac884c60d8359016,semantic_expanded,0.010943521201954567,0.20616885245155867,0.08661057130849695,0.14286406923973868,0.18889572325539905,0.2262438252539267,0.30811096010260813,0.007793162277540204,0.012354542697305116,0.017904827858898187,0.02232008944984646,0.022144609133351777,1.0,0.13294444194353564,0.25905723473088377,0.9624474113329867,False,0.21624526220304957,0.017904827858898187,0.0009004319446411558,-0.0028337326492679895,0.0015763577465426522,0.004410090395810641,1.0,,,,,0.0008180319888823062,-0.5042115577134564,0.08424191204721333,0.07692307692307693,31.897818913654696,0.999937710932841
dt_reference_0.25ms,dt_0.25ms_severity_1.0,High AD-like perturbation,1.0,197,5Hz,60.0,0.02,0.25,ac884c60d8359016,episodic_expanded,0.004088671933394183,0.07401876499679418,0.016570107942627057,0.03811970904632712,0.0530635298230978,0.06219185173534802,0.13406196366183942,0.0012725504852419405,0.00209003821753526,0.002140708286327819,0.0031382328780535187,0.0035816036935821614,1.0,0.03520597948494158,0.09816639912907996,1.4794088152276845,True,0.33693392978705095,0.002140708286327819,0.030170837714246966,0.045388751055435314,0.027041433417269105,0.01834731763816621,1.0,,,,,0.0009798811204349,7.103495158836706,0.1851772305511715,0.3684210526315789,31.897818913654696,0.999937710932841
dt_reference_0.25ms,dt_0.25ms_severity_1.0,High AD-like perturbation,1.0,197,5Hz,60.0,0.02,0.25,ac884c60d8359016,semantic_anatomical_core,0.008857703989930155,0.15099919035054543,0.0674405587204198,0.11516298642615698,0.13395227932595205,0.14907205056419454,0.22881403011472576,0.004781914294389027,0.007508786423888235,0.012369013455856838,0.008986446616012334,0.015835406404201814,1.0,0.10410749504442852,0.18585765756036302,0.8361241934203217,False,0.19486534655285515,0.008986446616012334,-0.004410864127414153,0.004997544533068303,-0.010111546356783595,0.015109090889851897,1.0,,,,,0.0006234674108711591,-0.3706333267948048,0.07698031652239865,0.0,31.897818913654696,0.999937710932841
dt_reference_0.25ms,dt_0.25ms_severity_1.0,High AD-like perturbation,1.0,197,5Hz,60.0,0.02,0.25,ac884c60d8359016,episodic_anatomical_core,0.0043188279963254994,0.0711535707108287,0.015780033833129672,0.036991891684532686,0.052409845725447025,0.06219159148637737,0.12737155555596044,0.0012740462518586462,0.0020458845216259056,0.0022236705008132026,0.0031062988561800357,0.0030104571994324343,1.0,0.03395502904853902,0.09438594296759502,1.4749467464174653,True,0.33876261580133155,0.0022236705008132026,0.03469979037240639,0.044476544117672975,0.03518314032439918,0.009293403793273793,1.0,,,,,0.00115442032942642,7.941178192303719,0.18701316445264346,0.375,31.897818913654696,0.999937710932841
dt_reference_0.25ms,dt_0.25ms_severity_1.0,High AD-like perturbation,1.0,197,5Hz,60.0,0.02,0.25,ac884c60d8359016,semantic_platel_peaks,0.01308237169155064,0.22327025099856895,0.09024478303571581,0.14310419743542546,0.19889495924331194,0.2529828931883318,0.3410497257272244,0.006937435902095033,0.012177588934103834,0.015494255240848518,0.024018485037609977,0.017491779410610104,1.0,0.13543529665556994,0.2850775711051842,1.0737507597360212,True,0.23290535855404362,0.015494255240848518,0.011115238799918995,-0.0169836535351695,0.024195172746510347,0.04117882628167985,1.0,,,,,0.0003747758392415035,-3.63859691605444,0.13016669204240577,0.2,31.897818913654696,0.999937710932841
dt_reference_0.25ms,dt_0.25ms_severity_1.0,High AD-like perturbation,1.0,197,5Hz,60.0,0.02,0.25,ac884c60d8359016,episodic_platel_peaks,0.002586812098477419,0.04938443931272158,0.010186241419787427,0.025455419152850833,0.028625888944646002,0.03624144655852794,0.09566868502458221,0.0008598077391654346,0.0015536470797763117,0.0008243712388729185,0.0024477316250215843,0.003232840330972265,1.0,0.021727287924409894,0.06603117038160658,1.6036391139419315,True,0.3486258812767433,0.0015536470797763117,0.017779937394591525,0.06335036600142036,-0.0030624723738290997,0.06641283837524946,1.0,,,,,0.0010745081728511519,4.760117493583544,0.10905416307278265,0.25,31.897818913654696,0.999937710932841
dt_reference_0.25ms,dt_0.25ms_severity_1.0,High AD-like perturbation,1.0,197,5Hz,60.0,0.02,0.25,ac884c60d8359016,semantic_expanded_left,0.008986977803996276,0.16833997173202636,0.07186960790896865,0.1195155821179544,0.15227832252319684,0.17324792659824237,0.25823948503855837,0.00392627762583501,0.008976219570024384,0.00958902595140096,0.014530098946970951,0.012620524370351164,1.0,0.11074443653939707,0.21025800872414302,0.9249265297280316,False,0.21130755670742607,0.00958902595140096,-0.005061874594859532,-0.020847204788956155,0.0007935030570489766,0.021640707846005133,1.0,,,,,0.0008371672410170117,1.5005705314429436,0.10315274431288946,0.14285714285714285,31.897818913654696,0.999937710932841
dt_reference_0.25ms,dt_0.25ms_severity_1.0,High AD-like perturbation,1.0,197,5Hz,60.0,0.02,0.25,ac884c60d8359016,episodic_expanded_left,0.006438854967029217,0.12060969624897999,0.031647535722121,0.0628716295253413,0.10004824754939028,0.09894299679158228,0.21143948074871094,0.001969278208117506,0.003108641705530426,0.00431423017496645,0.0039802303704974855,0.006190881513608095,1.0,0.06438255790067667,0.15774799226733482,1.2928798425387291,True,0.30671739357858646,0.0039802303704974855,0.026312411348582712,0.02651786938808621,0.029567791710906056,0.0030499223228198473,1.0,,,,,0.0008234484371902329,6.984234631921539,0.1641355005171365,0.25,31.897818913654696,0.999937710932841
dt_reference_0.25ms,dt_0.25ms_severity_1.0,High AD-like perturbation,1.0,197,5Hz,60.0,0.02,0.25,ac884c60d8359016,semantic_expanded_right,0.01322615516623924,0.25249853189268384,0.10437501025309097,0.17077390176281212,0.23431827769671462,0.295450972895214,0.367613665745873,0.015468437046949609,0.017004343985663042,0.03343226541272834,0.034286510702186426,0.0388560490260582,1.0,0.1595946956431582,0.3191823763272717,0.999968292937941,False,0.2211829676986731,0.03343226541272834,0.006862738484141844,0.015179739490420176,0.0023592124360363276,0.012820527054383848,1.0,,,,,0.0006138997848038064,-11.15938786107862,0.06312414675150119,0.0,31.897818913654696,0.999937710932841
dt_reference_0.25ms,dt_0.25ms_severity_1.0,High AD-like perturbation,1.0,197,5Hz,60.0,0.02,0.25,ac884c60d8359016,episodic_expanded_right,0.0023794479089323394,0.045425680870139616,0.008675824861725159,0.02311236767278214,0.028143803277481293,0.039091462232732486,0.08500120241133313,0.0008223240021721047,0.0014051988503488886,0.0010622131368288028,0.002474355672951944,0.002072061141807443,1.0,0.019251502765799563,0.06108884036786126,1.66593778791664,True,0.36715046599551543,0.0014051988503488886,0.03402926407991122,0.06425963272278443,0.024515075123632157,0.03974455759915227,1.0,,,,,0.0017449054888371007,8.74873916164125,0.18884909835411542,0.45454545454545453,31.897818913654696,0.999937710932841
dt_reference_0.25ms,dt_0.25ms_severity_1.0,High AD-like perturbation,1.0,197,5Hz,60.0,0.02,0.25,ac884c60d8359016,shared_auditory_relay,0.00804543090444924,0.07648553397318646,0.025848662298117,0.05253560477981854,0.06251537550968503,0.07967540868351398,0.12367800009172375,0.00361013242266252,0.0051160404781728855,0.0044072925295536875,0.007388524153173501,0.005317059703430121,1.0,0.0462394483768588,0.09767839580454943,1.0789153197872743,True,0.25588468730249747,0.0051160404781728855,0.06393386054572057,0.08474469486026671,0.06224556735220457,0.02249912750806214,1.0,,,,,0.0037398872070975586,10.555077499791683,0.27797929892407425,0.7142857142857143,31.897818913654696,0.999937710932841
dt_reference_0.25ms,dt_0.25ms_severity_1.0,High AD-like perturbation,1.0,197,5Hz,60.0,0.02,0.25,ac884c60d8359016,anterior_temporal_context,0.014471713007656796,0.2311189911867586,0.07193325726218117,0.14289619601235928,0.20940302399577826,0.27458604758001515,0.3304625457700243,0.009012638005627892,0.023777832164823237,0.026880512511527548,0.04670869736500906,0.03401055039479544,1.0,0.13321243632549623,0.2971390114661575,1.1574092549464188,True,0.26709013336630394,0.026880512511527548,0.01587290225131776,-0.03444092746629751,0.036328108072450155,0.07076903553874767,1.0,,,,,0.0013710273447630206,2.3524398153794213,0.16498530800651923,0.2777777777777778,31.897818913654696,0.999937710932841
dt_reference_0.25ms,dt_0.25ms_severity_1.0,High AD-like perturbation,1.0,197,5Hz,60.0,0.02,0.25,ac884c60d8359016,hippocampal_context,0.0023272096105063068,0.03952254339905187,0.008321927786231243,0.023764568039221414,0.03058689375830775,0.030975494523974703,0.07188798009529168,0.0006573082695197596,0.0011793137469669156,0.0005482509433871345,0.001619005639831932,0.001689271319847921,1.0,0.02059810789774065,0.05196891627515225,1.3351371540016799,True,0.3301918461342993,0.0011793137469669156,0.03296141670406508,0.031160101164341803,0.03827030292736617,0.007110201763024366,1.0,,,,,0.001415831272071455,6.422406815199903,0.10475050338432354,0.0,31.897818913654696,0.999937710932841
dt_reference_0.25ms,dt_0.25ms_severity_1.0,High AD-like perturbation,1.0,197,5Hz,60.0,0.02,0.25,ac884c60d8359016,angular_parietal_context,0.008736509838012455,0.09094038428720574,0.022021140137539228,0.052135908832498606,0.08153991866782974,0.09341633533734701,0.14490013787560338,0.0011902331072573963,0.0030166328632420217,0.0037382501768165777,0.004884232940148166,0.005657713218197545,1.0,0.04999564053485336,0.11804283118529565,1.2394362215169248,True,0.31387966331005274,0.0037382501768165777,0.026542937134124544,0.033136719334793514,0.026845083212962004,0.00629163612183151,1.0,,,,,0.0011862845938786504,7.507028865127893,0.08556640518910727,0.0,31.897818913654696,0.999937710932841
dt_reference_0.25ms,dt_0.25ms_severity_1.0,High AD-like perturbation,1.0,223,pulse,60.0,0.02,0.25,ac884c60d8359016,semantic_expanded,0.00037631801490176656,0.008498752572295655,,,,,,,,,,,1.0,,,,False,,,,,,,,1041.0,976.5,0.9230769230769231,0.030848701062538907,,,,,,
dt_reference_0.25ms,dt_0.25ms_severity_1.0,High AD-like perturbation,1.0,223,pulse,60.0,0.02,0.25,ac884c60d8359016,episodic_expanded,0.000981441413423569,0.022567240291055918,,,,,,,,,,,1.0,,,,False,,,,,,,,448.0,397.0,0.9473684210526315,0.015038716075093004,,,,,,
dt_reference_0.25ms,dt_0.25ms_severity_1.0,High AD-like perturbation,1.0,223,pulse,60.0,0.02,0.25,ac884c60d8359016,semantic_anatomical_core,0.0004406515803974482,0.009907256617407751,,,,,,,,,,,1.0,,,,False,,,,,,,,1122.0,1057.5,0.9,0.0336560544561069,,,,,,
dt_reference_0.25ms,dt_0.25ms_severity_1.0,High AD-like perturbation,1.0,223,pulse,60.0,0.02,0.25,ac884c60d8359016,episodic_anatomical_core,0.000969306439750111,0.02111380783360166,,,,,,,,,,,1.0,,,,False,,,,,,,,438.0,387.0,0.9375,0.013147576999563645,,,,,,
dt_reference_0.25ms,dt_0.25ms_severity_1.0,High AD-like perturbation,1.0,223,pulse,60.0,0.02,0.25,ac884c60d8359016,semantic_platel_peaks,0.0003046357970024812,0.007000258003290974,,,,,,,,,,,1.0,,,,False,,,,,,,,902.5,779.5,0.8,0.019378792843372437,,,,,,
dt_reference_0.25ms,dt_0.25ms_severity_1.0,High AD-like perturbation,1.0,223,pulse,60.0,0.02,0.25,ac884c60d8359016,episodic_platel_peaks,0.0009765460746394092,0.02150458328767376,,,,,,,,,,,1.0,,,,False,,,,,,,,533.0,533.0,1.0,0.010443984188280167,,,,,,
dt_reference_0.25ms,dt_0.25ms_severity_1.0,High AD-like perturbation,1.0,223,pulse,60.0,0.02,0.25,ac884c60d8359016,semantic_expanded_left,0.0004011191758782478,0.009441980698044757,,,,,,,,,,,1.0,,,,False,,,,,,,,790.0,661.0,0.8571428571428571,0.030848701062538907,,,,,,
dt_reference_0.25ms,dt_0.25ms_severity_1.0,High AD-like perturbation,1.0,223,pulse,60.0,0.02,0.25,ac884c60d8359016,episodic_expanded_left,0.0012513378282779353,0.029455354747038483,,,,,,,,,,,1.0,,,,False,,,,,,,,556.0,454.0,0.875,0.016272992687870032,,,,,,
dt_reference_0.25ms,dt_0.25ms_severity_1.0,High AD-like perturbation,1.0,223,pulse,60.0,0.02,0.25,ac884c60d8359016,semantic_expanded_right,0.00034738332709587175,0.007649750364355128,,,,,,,,,,,1.0,,,,False,,,,,,,,1292.0,1292.0,1.0,0.02792110034652366,,,,,,
dt_reference_0.25ms,dt_0.25ms_severity_1.0,High AD-like perturbation,1.0,223,pulse,60.0,0.02,0.25,ac884c60d8359016,episodic_expanded_right,0.0007851531117113029,0.017289906664779243,,,,,,,,,,,1.0,,,,False,,,,,,,,340.0,340.0,1.0,0.009662904364527432,,,,,,
dt_reference_0.25ms,dt_0.25ms_severity_1.0,High AD-like perturbation,1.0,223,pulse,60.0,0.02,0.25,ac884c60d8359016,shared_auditory_relay,0.0008104495481085581,0.017836812164366642,,,,,,,,,,,1.0,,,,False,,,,,,,,264.0,264.0,1.0,0.008411019096829245,,,,,,
dt_reference_0.25ms,dt_0.25ms_severity_1.0,High AD-like perturbation,1.0,223,pulse,60.0,0.02,0.25,ac884c60d8359016,anterior_temporal_context,0.0006849070803973145,0.015446204063187067,,,,,,,,,,,1.0,,,,False,,,,,,,,792.0,792.0,1.0,0.01834320855991349,,,,,,
dt_reference_0.25ms,dt_0.25ms_severity_1.0,High AD-like perturbation,1.0,223,pulse,60.0,0.02,0.25,ac884c60d8359016,hippocampal_context,0.0009040561932083037,0.016851017845150335,,,,,,,,,,,1.0,,,,False,,,,,,,,667.0,667.0,1.0,0.008165957725865463,,,,,,
dt_reference_0.25ms,dt_0.25ms_severity_1.0,High AD-like perturbation,1.0,223,pulse,60.0,0.02,0.25,ac884c60d8359016,angular_parietal_context,0.000430936312251102,0.009768443050366235,,,,,,,,,,,1.0,,,,False,,,,,,,,364.0,364.0,1.0,0.015253967936715246,,,,,,
dt_reference_0.25ms,dt_0.25ms_severity_1.0,High AD-like perturbation,1.0,223,2Hz,60.0,0.02,0.25,ac884c60d8359016,semantic_expanded,0.014387899845479918,0.36947839986130976,0.12005867182797282,0.19367326712672087,0.25333112008748565,0.4104877049258506,0.5764331920847532,0.005662324545911288,0.00796881348542834,0.01716255821101283,0.022902718261446863,0.027289835890918775,1.0,0.17755107093829656,0.47539690820532104,1.4208984582719721,True,0.2805270887456384,0.01716255821101283,0.03335695170314479,0.018241267854164907,0.04496906771610643,0.026727799861941525,1.0,,,,,0.00015294233759444165,-5.066966567962465,0.12856091838170344,0.0,31.50324931304036,0.9998870030895085
dt_reference_0.25ms,dt_0.25ms_severity_1.0,High AD-like perturbation,1.0,223,2Hz,60.0,0.02,0.25,ac884c60d8359016,episodic_expanded,0.03156051529457814,0.4996087470285266,0.031475982458693263,0.0626284709995712,0.13947959771503654,0.4822601368814216,0.9877389764716662,0.001628018529477539,0.001758745941104303,0.004106622611671254,0.005904606203387618,0.008614203499724424,1.0,0.06630724171244114,0.6980622497502859,3.39611734732652,True,0.6444267026031613,0.004106622611671254,0.08523183307247958,0.044126590193953624,0.11581376866846775,0.07168717847451413,1.0,,,,,4.286977255441027e-05,0.35957140690561085,0.20134810337136663,0.42105263157894735,31.50324931304036,0.9998870030895085
dt_reference_0.25ms,dt_0.25ms_severity_1.0,High AD-like perturbation,1.0,223,2Hz,60.0,0.02,0.25,ac884c60d8359016,semantic_anatomical_core,0.013744079532642051,0.35649685914625207,0.09279716508243054,0.1484159465518422,0.17043317708661163,0.38829381143634684,0.572784905845626,0.0038854268468267094,0.0036689151482155154,0.007916374015181112,0.015987319604212347,0.01878442373333665,1.0,0.13183002042028386,0.4646579630207221,1.8174901928410057,True,0.33195921391877875,0.007916374015181112,0.044996502699288746,0.01359433968816768,0.06221590100974146,0.04862156132157378,1.0,,,,,5.454172281710301e-05,-5.168705462530116,0.12682718432695148,0.0,31.50324931304036,0.9998870030895085
dt_reference_0.25ms,dt_0.25ms_severity_1.0,High AD-like perturbation,1.0,223,2Hz,60.0,0.02,0.25,ac884c60d8359016,episodic_anatomical_core,0.03639150743716905,0.49383297377056745,0.028909229778878054,0.05943654489432405,0.1415456433271433,0.49685585438818747,0.9652582509120241,0.0015957453463662317,0.001729173958884804,0.0040550291413693415,0.005817526811149186,0.007655983302331452,1.0,0.06343630624038969,0.6905318794517453,3.4443273466536266,True,0.6593015507161826,0.0040550291413693415,0.08516995958405993,0.03803723920949356,0.11744085769918612,0.07940361848969256,1.0,,,,,4.1368012105413854e-05,0.36980260684257266,0.205767003603879,0.4375,31.50324931304036,0.9998870030895085
dt_reference_0.25ms,dt_0.25ms_severity_1.0,High AD-like perturbation,1.0,223,2Hz,60.0,0.02,0.25,ac884c60d8359016,semantic_platel_peaks,0.012395432986724155,0.2921044538541628,0.12332932267540977,0.19522636756994774,0.2637901428460313,0.3299883124115253,0.4371362271288836,0.005114229864690345,0.009381675449001887,0.009002476060511662,0.017260148334261777,0.02771498940043295,1.0,0.1824470955445675,0.36840192586325393,1.013802419093182,True,0.2204200594726248,0.009381675449001887,0.019660195340224097,0.0175105362151826,0.026410960178132537,0.008900423962949936,1.0,,,,,0.0002765357579243011,-4.724750842381381,0.16124980494256066,0.0,31.50324931304036,0.9998870030895085
dt_reference_0.25ms,dt_0.25ms_severity_1.0,High AD-like perturbation,1.0,223,2Hz,60.0,0.02,0.25,ac884c60d8359016,episodic_platel_peaks,0.0057088983395549775,0.15096903670523956,0.02190259390009833,0.03933417216366575,0.04365241947704362,0.12070019430130019,0.31048116428514033,0.0010126317322179685,0.0010595524049213391,0.0012752617493744683,0.0013954357678652796,0.002732548212741005,1.0,0.035756964134262485,0.20982887883530454,2.5529170922843774,True,0.46341185428143944,0.0012752617493744683,0.08855696387052872,0.08845795693804887,0.11044670414375393,0.021988747205705067,1.0,,,,,6.507188393745089e-05,-3.105463221911061,0.19800318499030478,0.25,31.50324931304036,0.9998870030895085
dt_reference_0.25ms,dt_0.25ms_severity_1.0,High AD-like perturbation,1.0,223,2Hz,60.0,0.02,0.25,ac884c60d8359016,semantic_expanded_left,0.015777288079424523,0.40434816955428554,0.09135892691844932,0.1529178303256744,0.19538939182673268,0.4201154768531123,0.7140239015286317,0.004289242742461504,0.008898599178953678,0.01813087569952382,0.017718328927037275,0.021611050604690363,1.0,0.13875657870454536,0.5413462860176247,1.9639955722688547,True,0.36953694077101845,0.017718328927037275,0.03586437840924952,0.03526315404246962,0.045809995675001956,0.010546841632532333,1.0,,,,,7.882997921015988e-05,-5.066966567962465,0.11808351296427465,0.0,31.50324931304036,0.9998870030895085
dt_reference_0.25ms,dt_0.25ms_severity_1.0,High AD-like perturbation,1.0,223,2Hz,60.0,0.02,0.25,ac884c60d8359016,episodic_expanded_left,0.06744804324134365,1.7285919283062476,0.05841707053820662,0.11729381615091555,0.39340259937585986,1.6477883739329358,3.4540093701518098,0.002789959472634384,0.0032621602702418194,0.013918388683313479,0.02347645244856114,0.034506887242334444,1.0,0.1388643043027215,2.423201611581015,4.125166741923855,True,0.7791904228016268,0.013918388683313479,0.08656059921364659,0.009890688865376947,0.1230200492484243,0.11312936038304736,1.0,,,,,2.604797103500367e-05,-0.1907122503148033,0.19247075023032084,0.375,31.50324931304036,0.9998870030895085
dt_reference_0.25ms,dt_0.25ms_severity_1.0,High AD-like perturbation,1.0,223,2Hz,60.0,0.02,0.25,ac884c60d8359016,semantic_expanded_right,0.01276694690587788,0.3376156942037208,0.1577742336440036,0.2452907834204373,0.3284551725392065,0.4010805723165634,0.4653558854621816,0.007474960310786662,0.007136178075728471,0.016245955751278997,0.029604061755665816,0.0344608485989869,1.0,0.22719198675589242,0.4174817970836147,0.8778013442750892,False,0.19151723672025833,0.016245955751278997,0.03084952499704006,0.0012193816658601902,0.04412813975721091,0.04290875809135072,1.0,,,,,0.00017147267608402794,-4.997597599739573,0.12895486455518299,0.0,31.50324931304036,0.9998870030895085
dt_reference_0.25ms,dt_0.25ms_severity_1.0,High AD-like perturbation,1.0,223,2Hz,60.0,0.02,0.25,ac884c60d8359016,episodic_expanded_right,0.005460494969657764,0.14440013054555467,0.016959725344186716,0.03344017194135357,0.04945203262411948,0.14114363428222199,0.28246254745927746,0.0009499938469785585,0.0009482021204070299,0.0012116596007200175,0.0014850784842162289,0.0021504258385736824,1.0,0.03166148655400658,0.2010938347835194,2.6670679527291847,True,0.509662982404696,0.0012116596007200175,0.08390306693131258,0.0783624915225303,0.1086074880885112,0.030244996565980897,1.0,,,,,6.735785207057088e-05,2.3324300050634235,0.21018590383639135,0.45454545454545453,31.50324931304036,0.9998870030895085
dt_reference_0.25ms,dt_0.25ms_severity_1.0,High AD-like perturbation,1.0,223,2Hz,60.0,0.02,0.25,ac884c60d8359016,shared_auditory_relay,0.01734998725337396,0.25983130442879154,0.03790894617101343,0.06536708037095154,0.09736052118249253,0.2074980629564329,0.5107428155938459,0.0031305095195098918,0.0034748558600445944,0.00408246550823175,0.006056798025630943,0.00810104168482246,1.0,0.06098809716292316,0.3573709131207569,2.5508226069152724,True,0.4585217600071516,0.00408246550823175,0.08394000351620336,0.07498270506749127,0.10935109481262838,0.034368389745137104,1.0,,,,,0.0001815278922168151,7.051828722712599,0.3553041166854438,0.7857142857142857,31.50324931304036,0.9998870030895085
dt_reference_0.25ms,dt_0.25ms_severity_1.0,High AD-like perturbation,1.0,223,2Hz,60.0,0.02,0.25,ac884c60d8359016,anterior_temporal_context,0.019360664436684688,0.44992458206659686,0.12152710929977732,0.2611637425150675,0.3500213226219513,0.4496308091939737,0.6689568264647661,0.004381804137754604,0.008035361025429637,0.00951512129330957,0.011246800097971764,0.02651161271480345,1.0,0.2386093139750157,0.5807178428354729,1.2831870033323263,True,0.2852528066318714,0.00951512129330957,0.02957454956570723,0.05788778655533863,0.030833978142405107,0.027053808412933526,1.0,,,,,0.0002870684390470224,0.1905294821537908,0.19390690452428483,0.3333333333333333,31.50324931304036,0.9998870030895085
dt_reference_0.25ms,dt_0.25ms_severity_1.0,High AD-like perturbation,1.0,223,2Hz,60.0,0.02,0.25,ac884c60d8359016,hippocampal_context,0.005436346006251214,0.132946905123733,0.01690330053843507,0.03505607281942343,0.041039975140594466,0.11875781425810672,0.2671378654244949,0.0006939785590382629,0.001026630518629553,0.0008059217063760627,0.0005739867160954439,0.001051947389379587,1.0,0.031017153987808355,0.18446835848094478,2.5722351531430174,True,0.4862350682577041,0.0008059217063760627,0.09903800571961623,0.017244840751587567,0.1402603544732697,0.12301551372168214,1.0,,,,,6.807875876330138e-05,-3.623530741270133,0.26208487657926804,0.5,31.50324931304036,0.9998870030895085
dt_reference_0.25ms,dt_0.25ms_severity_1.0,High AD-like perturbation,1.0,223,2Hz,60.0,0.02,0.25,ac884c60d8359016,angular_parietal_context,0.015108513605120617,0.28060370306312415,0.04184246525613619,0.06303395751059579,0.10379136208986384,0.23936096347427496,0.541016066664,0.0016144129413272186,0.0024083602003814033,0.0036493631954608876,0.0025305256917653556,0.008367705790326554,1.0,0.06287517368143349,0.38438848567871053,2.6120027357397317,True,0.46551250488814216,0.0025305256917653556,0.07966598123593359,0.017115099224300965,0.11198775644102296,0.094872657216722,1.0,,,,,9.241337280452289e-05,0.6973701692449201,0.26730152187748424,0.6666666666666666,31.50324931304036,0.9998870030895085
dt_reference_0.25ms,dt_0.25ms_severity_1.0,High AD-like perturbation,1.0,223,5Hz,60.0,0.02,0.25,ac884c60d8359016,semantic_expanded,0.017404435755105554,0.30991822179886397,0.08698121108223554,0.13966909601045,0.19024256572014986,0.3422379479170451,0.48692937248562934,0.008060299081856605,0.012369371050360135,0.019730534489023514,0.024909571742022404,0.03185860135454007,1.0,0.13068678453524415,0.40147229798446965,1.6191871851025375,True,0.3131430277925497,0.019730534489023514,0.01730257299344006,-0.02805979018512774,0.025737253128408195,0.053797043313535936,1.0,,,,,0.00038996904646648733,0.8571815919708607,0.12367931462802202,0.15384615384615385,31.830261491317295,0.9995357870145115
dt_reference_0.25ms,dt_0.25ms_severity_1.0,High AD-like perturbation,1.0,223,5Hz,60.0,0.02,0.25,ac884c60d8359016,episodic_expanded,0.04931748854716602,0.5682832476304692,0.02330120986031277,0.055091237734500954,0.14667030545352583,0.61628288478236,1.0754918724918157,0.0014738804511347768,0.002178262936415937,0.006453741527947271,0.01172385585520777,0.014055860233951436,1.0,0.06299965450093388,0.7947859615683932,3.6571505684572108,True,0.7270296918841445,0.006453741527947271,0.08625946627354651,0.034080158886757514,0.11857437971852333,0.08449422083176582,1.0,,,,,9.661874865485309e-05,4.932106728470846,0.15874168004952346,0.15789473684210525,31.830261491317295,0.9995357870145115
dt_reference_0.25ms,dt_0.25ms_severity_1.0,High AD-like perturbation,1.0,223,5Hz,60.0,0.02,0.25,ac884c60d8359016,semantic_anatomical_core,0.017478661251216897,0.3147389145272183,0.06727806321470454,0.10882735521670563,0.13611660844488296,0.3464383223702552,0.50721160500041,0.004981492697328386,0.007324274953334579,0.012066064997857933,0.017865906376210123,0.032104078197080624,1.0,0.0988145728471497,0.4126451196980577,2.0621058513861117,True,0.37496583174940895,0.012066064997857933,0.026010858748534718,-0.012735326727289279,0.03524082453944441,0.047976151266733685,1.0,,,,,0.0003526927564153626,1.8538614472274695,0.12342485632938598,0.1,31.830261491317295,0.9995357870145115
dt_reference_0.25ms,dt_0.25ms_severity_1.0,High AD-like perturbation,1.0,223,5Hz,60.0,0.02,0.25,ac884c60d8359016,episodic_anatomical_core,0.05684999543285331,0.5627786661746244,0.021529895595886805,0.053490997369345615,0.14911661278097585,0.6290420722570277,1.0537341464444037,0.001434194075137111,0.00216664543608371,0.006464555817015768,0.012099171281657323,0.011221676913504414,1.0,0.061225655678871484,0.7872822031232738,3.684672641687758,True,0.7390920043716156,0.006464555817015768,0.09345639389574475,0.036980565654762376,0.12863001370387767,0.09164944804911529,1.0,,,,,0.00010127507970569827,4.672892947229071,0.15980227098913075,0.125,31.830261491317295,0.9995357870145115
dt_reference_0.25ms,dt_0.25ms_severity_1.0,High AD-like perturbation,1.0,223,5Hz,60.0,0.02,0.25,ac884c60d8359016,semantic_platel_peaks,0.013360788685874569,0.22791345196595353,0.09143849486370306,0.14160848455227185,0.19697229163422655,0.25445387238684947,0.3386538805388769,0.006382449150905056,0.012364176671707876,0.01795885485136802,0.022324983369101128,0.013856814931720751,1.0,0.1360081009040561,0.28830942764079553,1.0839254296182768,True,0.2311686185675823,0.013856814931720751,0.01668246333562996,-0.045177496876968565,0.03053299936357853,0.0757104962405471,1.0,,,,,0.00038996904646648733,-3.0625583842353903,0.14250808223368225,0.2,31.830261491317295,0.9995357870145115
dt_reference_0.25ms,dt_0.25ms_severity_1.0,High AD-like perturbation,1.0,223,5Hz,60.0,0.02,0.25,ac884c60d8359016,episodic_platel_peaks,0.009027409029543736,0.17136349104543822,0.013228857917685794,0.02772470906866814,0.040133505492786194,0.16419899380755038,0.3373995646304657,0.0009791133274023292,0.0015466658519908572,0.0022876672725939675,0.0028597460231608494,0.006551935111810236,1.0,0.027220054844659263,0.23938787540173673,3.1366082052351425,True,0.5955798221557512,0.0022876672725939675,0.055460634460703415,0.02946795659943012,0.07525473312718492,0.0457867765277548,1.0,,,,,9.084785625756986e-05,6.03095128544647,0.15755660297879942,0.25,31.830261491317295,0.9995357870145115
dt_reference_0.25ms,dt_0.25ms_severity_1.0,High AD-like perturbation,1.0,223,5Hz,60.0,0.02,0.25,ac884c60d8359016,semantic_expanded_left,0.021453841771048386,0.3990390334846852,0.07080665333209077,0.1168028243869919,0.1592847680565653,0.4315391357885335,0.7008598804392555,0.0039059889787750124,0.00945690232195245,0.012767073767597078,0.02054737026607038,0.025172284540724073,1.0,0.10887288858552481,0.5394494683399946,2.308843084631375,True,0.4249877328387845,0.012767073767597078,0.016037359302178412,-0.06291328880987648,0.0315488591946284,0.09446214800450489,1.0,,,,,0.0003459074431091391,4.258425980488988,0.1284308519712377,0.2857142857142857,31.830261491317295,0.9995357870145115
dt_reference_0.25ms,dt_0.25ms_severity_1.0,High AD-like perturbation,1.0,223,5Hz,60.0,0.02,0.25,ac884c60d8359016,episodic_expanded_left,0.10517065564943696,1.9561623148510414,0.053420986313502714,0.11973102936484346,0.47732505585529356,2.0883775848899444,3.723223278410864,0.0025464096496897333,0.0032478066332133713,0.018896821072182084,0.039302421342765646,0.04822245312949801,1.0,0.15688064900014137,2.737536086629056,4.125138668612766,True,0.818525850591216,0.018896821072182084,0.09860953442118724,0.03065130170896855,0.13605291884887372,0.10540161713990517,1.0,,,,,8.011043609640334e-05,3.3449702142591153,0.14875296773403407,0.0,31.830261491317295,0.9995357870145115
dt_reference_0.25ms,dt_0.25ms_severity_1.0,High AD-like perturbation,1.0,223,5Hz,60.0,0.02,0.25,ac884c60d8359016,semantic_expanded_right,0.012680128736505578,0.24070152577355852,0.1068505673590917,0.16701185508788782,0.22721716742515474,0.2714164331363577,0.3382990243936478,0.01663302729270723,0.016178800940591622,0.0304920295996548,0.030197867480665552,0.04032095214184748,1.0,0.15687133752077262,0.2987861060368032,0.9295312855736986,False,0.20129832274631476,0.030197867480665552,0.018567786684701708,0.006793708439621001,0.019925647062187992,0.01313193862256699,1.0,,,,,0.0006816930981429214,-10.248360950108388,0.10216569367335696,0.0,31.830261491317295,0.9995357870145115
dt_reference_0.25ms,dt_0.25ms_severity_1.0,High AD-like perturbation,1.0,223,5Hz,60.0,0.02,0.25,ac884c60d8359016,episodic_expanded_right,0.008697003381878059,0.16509154024983094,0.010163540930675436,0.025348854772399378,0.045068194593900025,0.18186586411560385,0.31066704339301515,0.0008530927396155371,0.0014609334717285351,0.0022041156843499513,0.003497209368221013,0.004096996193574486,1.0,0.02529920989320653,0.2307493690371909,3.189162468301656,True,0.6355335331770731,0.0022041156843499513,0.07390939812590579,0.03750901606454648,0.10109584058817296,0.06358682452362649,1.0,,,,,0.00010593141075654344,6.761014525004728,0.160862861928738,0.2727272727272727,31.830261491317295,0.9995357870145115
dt_reference_0.25ms,dt_0.25ms_severity_1.0,High AD-like perturbation,1.0,223,5Hz,60.0,0.02,0.25,ac884c60d8359016,shared_auditory_relay,0.025175330838824915,0.2801202266065643,0.02727531292960848,0.04799729550480358,0.0856774477822462,0.24071395310992913,0.5382323833548356,0.0037281245382947362,0.0049135465077483394,0.006749895414291638,0.009553572539178646,0.008112932584486036,1.0,0.048294075038892645,0.38700317485089886,3.0024272939151317,True,0.5465708915588391,0.006749895414291638,0.09276541901861161,0.07765357973674558,0.12491287414722946,0.047259294410483876,1.0,,,,,0.0002473406324042249,6.574135331383232,0.21648237110731106,0.5,31.830261491317295,0.9995357870145115
dt_reference_0.25ms,dt_0.25ms_severity_1.0,High AD-like perturbation,1.0,223,5Hz,60.0,0.02,0.25,ac884c60d8359016,anterior_temporal_context,0.02581899637895262,0.42949423852017726,0.08846002875265502,0.209006577414273,0.2858874305495513,0.4150119579625192,0.655185074808684,0.008301715813213659,0.03296529908453193,0.060417878989956694,0.066777501254287,0.048753361506125165,1.0,0.19402665027335128,0.5635725887881895,1.5383466176343497,True,0.33836071571824605,0.048753361506125165,0.010011931341368852,-0.059580072142748054,0.027928633425774306,0.08750870556852236,1.0,,,,,0.0009018318588945307,3.2254393105235435,0.18466503201994358,0.3888888888888889,31.830261491317295,0.9995357870145115
dt_reference_0.25ms,dt_0.25ms_severity_1.0,High AD-like perturbation,1.0,223,5Hz,60.0,0.02,0.25,ac884c60d8359016,hippocampal_context,0.008814508746518028,0.1567508645074601,0.011378878821620798,0.02759864193016434,0.0379816199309463,0.16110680157558208,0.3021034190444561,0.0007131723157912665,0.001654091708056447,0.0022305221759913135,0.0036635142318071764,0.0019863187341900837,1.0,0.025345700128768748,0.21869762391758782,3.1091246246219346,True,0.600328630340532,0.0019863187341900837,0.11751457879832014,0.045733383729346704,0.16260676798317203,0.11687338425382532,1.0,,,,,0.0001816472998097396,4.804930945553155,0.14047474537251117,0.0,31.830261491317295,0.9995357870145115
dt_reference_0.25ms,dt_0.25ms_severity_1.0,High AD-like perturbation,1.0,223,5Hz,60.0,0.02,0.25,ac884c60d8359016,angular_parietal_context,0.020324877956073628,0.2932367368490702,0.029034979138330315,0.04914719579500792,0.09468678806824234,0.2742509523370809,0.5527321691618773,0.0013070971243432181,0.003973238594535182,0.007482470118725121,0.008727428305495244,0.008448882916389957,1.0,0.05202796531662375,0.40337119857225445,2.9547488832704927,True,0.5490874488971056,0.007482470118725121,0.09262878517836912,0.04276499956443265,0.12718039636277811,0.08441539679834546,1.0,,,,,0.00014874660767721926,4.051602595181351,0.12393419311056078,0.0,31.830261491317295,0.9995357870145115
dt_reference_0.25ms,dt_0.25ms_severity_1.0,High AD-like perturbation,1.0,251,pulse,60.0,0.02,0.25,ac884c60d8359016,semantic_expanded,0.0004377823358236327,0.009839114120004405,,,,,,,,,,,1.0,,,,False,,,,,,,,870.5,759.5,0.8461538461538461,0.01580043961595108,,,,,,
dt_reference_0.25ms,dt_0.25ms_severity_1.0,High AD-like perturbation,1.0,251,pulse,60.0,0.02,0.25,ac884c60d8359016,episodic_expanded,0.0010073629358431303,0.023253508819266234,,,,,,,,,,,1.0,,,,False,,,,,,,,435.0,425.0,0.9473684210526315,0.0014470891865640701,,,,,,
dt_reference_0.25ms,dt_0.25ms_severity_1.0,High AD-like perturbation,1.0,251,pulse,60.0,0.02,0.25,ac884c60d8359016,semantic_anatomical_core,0.0005023097524419056,0.011305954485156587,,,,,,,,,,,1.0,,,,False,,,,,,,,742.0,631.0,0.8,0.021913128263806404,,,,,,
dt_reference_0.25ms,dt_0.25ms_severity_1.0,High AD-like perturbation,1.0,251,pulse,60.0,0.02,0.25,ac884c60d8359016,episodic_anatomical_core,0.0010074838884575397,0.022496656394726366,,,,,,,,,,,1.0,,,,False,,,,,,,,425.0,415.0,0.9375,0.0013576717970516154,,,,,,
dt_reference_0.25ms,dt_0.25ms_severity_1.0,High AD-like perturbation,1.0,251,pulse,60.0,0.02,0.25,ac884c60d8359016,semantic_platel_peaks,0.00032046716862976917,0.007450993424982741,,,,,,,,,,,1.0,,,,False,,,,,,,,1251.5,972.0,0.8,0.01580043961595108,,,,,,
dt_reference_0.25ms,dt_0.25ms_severity_1.0,High AD-like perturbation,1.0,251,pulse,60.0,0.02,0.25,ac884c60d8359016,episodic_platel_peaks,0.0009434507183981229,0.020801408943274428,,,,,,,,,,,1.0,,,,False,,,,,,,,508.0,508.0,1.0,0.0030925925241034047,,,,,,
dt_reference_0.25ms,dt_0.25ms_severity_1.0,High AD-like perturbation,1.0,251,pulse,60.0,0.02,0.25,ac884c60d8359016,semantic_expanded_left,0.00048112085406193335,0.01133913334086558,,,,,,,,,,,1.0,,,,False,,,,,,,,744.0,522.0,0.7142857142857143,0.01580043961595108,,,,,,
dt_reference_0.25ms,dt_0.25ms_severity_1.0,High AD-like perturbation,1.0,251,pulse,60.0,0.02,0.25,ac884c60d8359016,episodic_expanded_left,0.0012101501585477167,0.028521012744286048,,,,,,,,,,,1.0,,,,False,,,,,,,,532.0,532.0,1.0,0.0016154194614790458,,,,,,
dt_reference_0.25ms,dt_0.25ms_severity_1.0,High AD-like perturbation,1.0,251,pulse,60.0,0.02,0.25,ac884c60d8359016,semantic_expanded_right,0.00038722073121228194,0.008537527847704111,,,,,,,,,,,1.0,,,,False,,,,,,,,997.0,997.0,1.0,0.014985370828491214,,,,,,
dt_reference_0.25ms,dt_0.25ms_severity_1.0,High AD-like perturbation,1.0,251,pulse,60.0,0.02,0.25,ac884c60d8359016,episodic_expanded_right,0.000859881319330704,0.018958852452251103,,,,,,,,,,,1.0,,,,False,,,,,,,,338.0,318.0,0.9090909090909091,0.0011396230362051766,,,,,,
dt_reference_0.25ms,dt_0.25ms_severity_1.0,High AD-like perturbation,1.0,251,pulse,60.0,0.02,0.25,ac884c60d8359016,shared_auditory_relay,0.0007829645472964267,0.017344549143991375,,,,,,,,,,,1.0,,,,False,,,,,,,,329.0,329.0,1.0,0.000751464081017633,,,,,,
dt_reference_0.25ms,dt_0.25ms_severity_1.0,High AD-like perturbation,1.0,251,pulse,60.0,0.02,0.25,ac884c60d8359016,anterior_temporal_context,0.0007058037721211662,0.015475213677931357,,,,,,,,,,,1.0,,,,False,,,,,,,,1047.0,1047.0,1.0,0.013636981824495652,,,,,,
dt_reference_0.25ms,dt_0.25ms_severity_1.0,High AD-like perturbation,1.0,251,pulse,60.0,0.02,0.25,ac884c60d8359016,hippocampal_context,0.0008765008303847074,0.016449070517622854,,,,,,,,,,,1.0,,,,False,,,,,,,,613.0,613.0,1.0,0.0018928797137920767,,,,,,
dt_reference_0.25ms,dt_0.25ms_severity_1.0,High AD-like perturbation,1.0,251,pulse,60.0,0.02,0.25,ac884c60d8359016,angular_parietal_context,0.0006288203257597851,0.013179364364325133,,,,,,,,,,,1.0,,,,False,,,,,,,,364.0,323.0,0.8333333333333334,0.0026762887052681783,,,,,,
dt_reference_0.25ms,dt_0.25ms_severity_1.0,High AD-like perturbation,1.0,251,2Hz,60.0,0.02,0.25,ac884c60d8359016,semantic_expanded,0.01063273705007131,0.27639406073594375,0.11789961322755503,0.1862221729909081,0.2380461887172714,0.31811139617410983,0.42077906245125757,0.0055169537300608145,0.007329965271203567,0.016674535075487176,0.019366876069367534,0.022079171206005124,1.0,0.16960801666982442,0.3504442548135699,1.0469806111653182,True,0.22217575315706803,0.016674535075487176,0.016207002267379172,0.027660264502669746,0.014864760694085873,0.012795503808583873,1.0,,,,,0.00029500478936528296,-2.578146410554954,0.12683342701997652,0.15384615384615385,31.539642057464302,0.9999796157826788
dt_reference_0.25ms,dt_0.25ms_severity_1.0,High AD-like perturbation,1.0,251,2Hz,60.0,0.02,0.25,ac884c60d8359016,episodic_expanded,0.002975505878541254,0.07399998215483565,0.029872982275319853,0.04125785818856564,0.05445390598470101,0.09593860667361644,0.11101108706187339,0.001606152849667527,0.0018775971997731667,0.002814016993638727,0.00234812663246292,0.003129072538101144,1.0,0.0387524278401874,0.09611115773552499,1.310417227975001,True,0.25025118730804774,0.00234812663246292,0.04138715239613677,0.06023323620868057,0.0416477927112944,0.018585443497386167,1.0,,,,,0.0005494888201239556,7.066814068530762,0.14826814096606522,0.2631578947368421,31.539642057464302,0.9999796157826788
dt_reference_0.25ms,dt_0.25ms_severity_1.0,High AD-like perturbation,1.0,251,2Hz,60.0,0.02,0.25,ac884c60d8359016,semantic_anatomical_core,0.008992155359626955,0.2151581289546974,0.08646740344217438,0.13588106083042298,0.15339696027219446,0.24072410417186116,0.34129996708136745,0.0038935573380753496,0.0035293438503428143,0.00811367446875462,0.009719851071280074,0.013148049845620163,1.0,0.11933614422113648,0.276057160973179,1.2099359564454424,True,0.23933301145496222,0.00811367446875462,0.016649337764075983,0.018525432126562748,0.01801240165400021,0.0005130304725625388,1.0,,,,,0.00025792981475142307,-3.13077295583399,0.12470239875710805,0.0,31.539642057464302,0.9999796157826788
dt_reference_0.25ms,dt_0.25ms_severity_1.0,High AD-like perturbation,1.0,251,2Hz,60.0,0.02,0.25,ac884c60d8359016,episodic_anatomical_core,0.003248933902725854,0.07535159160798774,0.027745963597912718,0.03850781115543639,0.055218774139322996,0.10103694767535838,0.11257849799009986,0.0015840107391922398,0.001891641784258548,0.002872033316886526,0.002362562277418683,0.003129973813452569,1.0,0.03686970805177325,0.09891537109569798,1.4237587353919883,True,0.2716411460196534,0.002362562277418683,0.037959205045462865,0.05456619211849798,0.039107264632839436,0.015458927485658545,1.0,,,,,0.0005841261227421124,8.072299172494969,0.1490387249113614,0.25,31.539642057464302,0.9999796157826788
dt_reference_0.25ms,dt_0.25ms_severity_1.0,High AD-like perturbation,1.0,251,2Hz,60.0,0.02,0.25,ac884c60d8359016,semantic_platel_peaks,0.011741926582342702,0.28258223161404944,0.1256437485262272,0.19542762038890243,0.2582702497991822,0.32710249218660514,0.4279907915003731,0.004689395036892709,0.006639942036205823,0.011382194236428365,0.01639411799741596,0.02024480640706797,1.0,0.18036570040531028,0.35715609441339546,0.9856297275267151,False,0.213979505005251,0.011382194236428365,0.01228328573931887,0.030713203782420435,0.009548692963739166,0.02116451081868127,1.0,,,,,0.00029500478936528296,-2.578146410554954,0.17752952689303556,0.4,31.539642057464302,0.9999796157826788
dt_reference_0.25ms,dt_0.25ms_severity_1.0,High AD-like perturbation,1.0,251,2Hz,60.0,0.02,0.25,ac884c60d8359016,episodic_platel_peaks,0.0014438641192507187,0.038362766426120555,0.024394158017330546,0.03069279867998619,0.026265257993130838,0.03850477235508098,0.06202152673049904,0.0010415095809773681,0.0009790591349280256,0.0011599563906262258,0.0008013605956137897,0.0017122110454832586,1.0,0.026807162041922288,0.047100651712124054,0.8131285264149766,False,0.15098018842150718,0.0010415095809773681,0.06848171373032695,0.106670194775921,0.06281261324353836,0.043857581532382645,1.0,,,,,0.0005133256330085989,1.071450163693975,0.13260729602436686,0.25,31.539642057464302,0.9999796157826788
dt_reference_0.25ms,dt_0.25ms_severity_1.0,High AD-like perturbation,1.0,251,2Hz,60.0,0.02,0.25,ac884c60d8359016,semantic_expanded_left,0.008515021161959221,0.21942678285050388,0.08620608881841531,0.1376070668669922,0.17143113873847773,0.2420063473152461,0.3541430204696822,0.0042417884425136505,0.00796150535851093,0.015754233534735977,0.013832511346419862,0.013279958099254231,1.0,0.12376148872193381,0.2824341887046638,1.1903522815260825,True,0.24457155950070955,0.013279958099254231,0.026170440271002352,0.05315017653916312,0.020925353769918834,0.03222482276924428,1.0,,,,,0.00029500478936528296,1.1461790692019131,0.12683342701997652,0.14285714285714285,31.539642057464302,0.9999796157826788
dt_reference_0.25ms,dt_0.25ms_severity_1.0,High AD-like perturbation,1.0,251,2Hz,60.0,0.02,0.25,ac884c60d8359016,episodic_expanded_left,0.00475320934812704,0.12248723938984052,0.0448673179216522,0.06874948125714414,0.0998048096038266,0.16432754136478928,0.1763576940811524,0.0025759561541632454,0.003575254075231073,0.0060640613113220046,0.006301661458200263,0.005693284739875118,1.0,0.06421455949292604,0.1592081328413094,1.3099416904433083,True,0.2603344450267165,0.005693284739875118,0.021829351360711256,0.017004517939747176,0.028000961748072345,0.010996443808325169,1.0,,,,,0.00036906781662354726,5.47950986727648,0.1490387249113614,0.125,31.539642057464302,0.9999796157826788
dt_reference_0.25ms,dt_0.25ms_severity_1.0,High AD-like perturbation,1.0,251,2Hz,60.0,0.02,0.25,ac884c60d8359016,semantic_expanded_right,0.01310340558620208,0.348151104517409,0.16124520889106483,0.2520124765610718,0.33054664619164725,0.4181496125968193,0.4999534345263676,0.007175458859422827,0.006748521599575907,0.01764859708157878,0.027115530888996407,0.03670868518564544,1.0,0.23243805173760154,0.43483112400481966,0.9036089408045539,False,0.1997799468134265,0.01764859708157878,0.006243564263755994,0.0021703524661763726,0.008804167618252914,0.006633815152076542,1.0,,,,,0.00026654389938435274,-4.535417133738475,0.12526118018547988,0.16666666666666666,31.539642057464302,0.9999796157826788
dt_reference_0.25ms,dt_0.25ms_severity_1.0,High AD-like perturbation,1.0,251,2Hz,60.0,0.02,0.25,ac884c60d8359016,episodic_expanded_right,0.0016826306279334104,0.04470667627251784,0.019889645990872108,0.02475961754447285,0.029710270364334917,0.05601140365170145,0.06987765129764109,0.001001463853461084,0.000986047752247703,0.001305839640127455,0.0008749595195893538,0.0017197620347570222,1.0,0.023386451224887188,0.05802062040681234,1.310892765506694,True,0.24016792958937896,0.001001463853461084,0.06094495343156228,0.10346195447761396,0.05529462367451645,0.048167330803097506,1.0,,,,,0.0008597026005610076,7.066814068530762,0.14826814096606522,0.36363636363636365,31.539642057464302,0.9999796157826788
dt_reference_0.25ms,dt_0.25ms_severity_1.0,High AD-like perturbation,1.0,251,2Hz,60.0,0.02,0.25,ac884c60d8359016,shared_auditory_relay,0.007306005875257835,0.08643239049138235,0.03949763962789363,0.05670721392505075,0.06682104877175994,0.09344793525717392,0.14145585442566752,0.0032086590708011713,0.0035741191889943264,0.0038304472932288187,0.005311979057666418,0.007224210989288911,1.0,0.05075247956909103,0.11114774328734857,1.1309284429758653,True,0.22008287962548684,0.0038304472932288187,0.06127530977265673,0.10444791509649143,0.05511424795305185,0.04933366714343958,1.0,,,,,0.002281599008629731,11.6593129312026,0.3417902036225727,0.6428571428571429,31.539642057464302,0.9999796157826788
dt_reference_0.25ms,dt_0.25ms_severity_1.0,High AD-like perturbation,1.0,251,2Hz,60.0,0.02,0.25,ac884c60d8359016,anterior_temporal_context,0.012580219052311015,0.28742603012417717,0.10226890978896608,0.16565131171042308,0.234021123860684,0.364998202287216,0.4348927824694816,0.0042519953142311625,0.0060312524116093265,0.008937988603748637,0.00913068147928848,0.019272055428477194,1.0,0.15496698542226883,0.3731739614616068,1.2678874317421502,True,0.26581620054016314,0.008937988603748637,0.04239291630358915,0.08168587998640917,0.03174298725959676,0.049942892726812405,1.0,,,,,0.0005449791829579831,-1.1491709575930076,0.254883221156247,0.3333333333333333,31.539642057464302,0.9999796157826788
dt_reference_0.25ms,dt_0.25ms_severity_1.0,High AD-like perturbation,1.0,251,2Hz,60.0,0.02,0.25,ac884c60d8359016,hippocampal_context,0.0015425433084351285,0.037123360405590826,0.01743238456250216,0.0241418725953651,0.0299954710533121,0.039341127248246704,0.05807882084059862,0.0007296435597631783,0.0009089153222463814,0.0010022589204046561,0.0004762916300671807,0.0011261484175216494,1.0,0.02157172294345139,0.046245587307313075,1.1001743023283181,True,0.20884925903924223,0.0009089153222463814,0.025419423161740194,0.026162191644026805,0.03307578209708289,0.006913590453056083,1.0,,,,,0.0005806846294815204,3.2255047805583628,0.1911725132778428,0.5,31.539642057464302,0.9999796157826788
dt_reference_0.25ms,dt_0.25ms_severity_1.0,High AD-like perturbation,1.0,251,2Hz,60.0,0.02,0.25,ac884c60d8359016,angular_parietal_context,0.009843740828236235,0.11391969971416785,0.03861291205491344,0.05154532946374898,0.08097325590966961,0.13400543381671323,0.19136201548637066,0.0014549556666937026,0.002113418714688296,0.0035282924583625004,0.002593005998726194,0.004331064414177858,1.0,0.04945204985024708,0.15243186486304167,1.6240622912409006,True,0.29983381661920666,0.002593005998726194,0.019245551740772207,0.02376746702800137,0.02049922373377342,0.003268243294227948,1.0,,,,,0.0005813728853670819,4.2768727313782815,0.2113846306582639,0.5,31.539642057464302,0.9999796157826788
dt_reference_0.25ms,dt_0.25ms_severity_1.0,High AD-like perturbation,1.0,251,5Hz,60.0,0.02,0.25,ac884c60d8359016,semantic_expanded,0.01082289831326199,0.20486642732610286,0.08089366962467598,0.12661950791726811,0.16674609347614522,0.2318145459720894,0.30980349847601746,0.007366704981578278,0.012748348512471482,0.01435651001576622,0.021545655483578036,0.02264583332536547,1.0,0.11787364951147897,0.2608042530751868,1.145726154650449,True,0.2373490423568253,0.01435651001576622,0.00793579791334197,-0.010058062015297773,0.014967261685289161,0.025025323700586934,1.0,,,,,0.0006466102237211446,-2.0032615650450873,0.0992521963101557,0.0,31.914716520328007,0.9999155301852687
dt_reference_0.25ms,dt_0.25ms_severity_1.0,High AD-like perturbation,1.0,251,5Hz,60.0,0.02,0.25,ac884c60d8359016,episodic_expanded,0.0034184689142002875,0.05960583520133217,0.0156742776743012,0.027218957256188163,0.03885886728574411,0.07806198986854347,0.08901635034559444,0.0013426564715466466,0.0015422205691273943,0.0021009147927250698,0.0018223670337479086,0.0032198843416431826,1.0,0.024473481637328286,0.07951305207806603,1.6999723422566326,True,0.3265675611547691,0.0018223670337479086,0.0434137533716603,0.060048484122878484,0.04579744649702688,0.014251037625851608,1.0,,,,,0.0007763049064175576,5.631465452644717,0.15164959585383736,0.3157894736842105,31.914716520328007,0.9999155301852687
dt_reference_0.25ms,dt_0.25ms_severity_1.0,High AD-like perturbation,1.0,251,5Hz,60.0,0.02,0.25,ac884c60d8359016,semantic_anatomical_core,0.009101987388415183,0.16463980245652926,0.05541354265158916,0.08777669827143246,0.10426982275140594,0.18063306677239702,0.26033717596185196,0.004232196590788408,0.007694021140468945,0.010082999612908684,0.009374159643096732,0.016316627331288566,1.0,0.07871007297009336,0.21265494154257458,1.4338941973511652,True,0.2752646888105977,0.009374159643096732,0.017777983118318876,-0.006661953649237587,0.028553383372142933,0.03521533702138052,1.0,,,,,0.0006357293604408731,-1.672263778294118,0.08953771315770545,0.0,31.914716520328007,0.9999155301852687
dt_reference_0.25ms,dt_0.25ms_severity_1.0,High AD-like perturbation,1.0,251,5Hz,60.0,0.02,0.25,ac884c60d8359016,episodic_anatomical_core,0.0037494093243509493,0.06011506173317711,0.014072544468784172,0.025192596753675477,0.03889126140834961,0.08077954113427435,0.08818052500297176,0.0013620937429842895,0.001583806128522758,0.0021662151064256135,0.00169510221711134,0.0033656065456821324,1.0,0.02307798230442688,0.08066293219229717,1.805388754909739,True,0.34880719162214996,0.00169510221711134,0.04259801861184558,0.06588988462877392,0.04290816241200721,0.022981722216766705,1.0,,,,,0.0010487787074109356,5.915957480566684,0.1586427975846148,0.3125,31.914716520328007,0.9999155301852687
dt_reference_0.25ms,dt_0.25ms_severity_1.0,High AD-like perturbation,1.0,251,5Hz,60.0,0.02,0.25,ac884c60d8359016,semantic_platel_peaks,0.01205159436439221,0.2094278207100564,0.09162900062884821,0.13970745774806198,0.19100580408781775,0.24298328603496563,0.3089755343689802,0.006617476857440545,0.013175034848002032,0.013841770645255326,0.02506130102885035,0.019673643615138625,1.0,0.1322753414192423,0.2647294566212167,1.0009745918668331,True,0.21528404380382585,0.013841770645255326,-0.007584883331878869,-0.014268619096580802,-0.006218734123486022,0.00804988497309478,1.0,,,,,0.00027931621872734347,-5.397032640660826,0.14842050560816408,0.0,31.914716520328007,0.9999155301852687
dt_reference_0.25ms,dt_0.25ms_severity_1.0,High AD-like perturbation,1.0,251,5Hz,60.0,0.02,0.25,ac884c60d8359016,episodic_platel_peaks,0.0015799436186853119,0.030156929694580312,0.013546100817678347,0.019748024110939077,0.021257680982551902,0.037162131408346566,0.046300225020273374,0.0008410365843108465,0.001015701645332012,0.001176231634048801,0.0010225390611839226,0.0014993290819811363,1.0,0.016627946293919962,0.03925255247175737,1.2391764776718686,True,0.22292040354059428,0.0010225390611839226,0.0584432272289073,0.049107879272217894,0.06985789842448172,0.02075001915226382,1.0,,,,,0.0011331358299457306,2.8441331394813685,0.1573254205454353,0.5,31.914716520328007,0.9999155301852687
dt_reference_0.25ms,dt_0.25ms_severity_1.0,High AD-like perturbation,1.0,251,5Hz,60.0,0.02,0.25,ac884c60d8359016,semantic_expanded_left,0.009453538941945266,0.17703434355875694,0.061171467049208415,0.09485128430150522,0.12497576638891233,0.190830994959929,0.2875904712313028,0.003359728625612742,0.008794603457082446,0.00646254996299446,0.01390683641579765,0.012137338341772282,1.0,0.08818341484363874,0.2300520997536253,1.3833813738594296,True,0.27373632450102997,0.008794603457082446,-0.0032389644745968033,-0.03387707853954406,0.007107917941203123,0.04098499648074718,1.0,,,,,0.00027931621872734347,0.4886075472296795,0.10971011129797502,0.0,31.914716520328007,0.9999155301852687
dt_reference_0.25ms,dt_0.25ms_severity_1.0,High AD-like perturbation,1.0,251,5Hz,60.0,0.02,0.25,ac884c60d8359016,episodic_expanded_left,0.005736344663265982,0.10742326425315439,0.025061295494034446,0.04837193707925284,0.06697998154234454,0.12722817536006462,0.17339046285659068,0.002156259439839778,0.002209715910434861,0.0033437274750929735,0.003508741489440619,0.005885160294518665,1.0,0.04319180589106136,0.14275729496692036,1.72473492649747,True,0.3488079638502411,0.0033437274750929735,0.03164541636864938,0.04587412711297508,0.033371193590862616,0.012502933522112465,1.0,,,,,0.0006579753878576122,4.899522512331256,0.0975524333344101,0.0,31.914716520328007,0.9999155301852687
dt_reference_0.25ms,dt_0.25ms_severity_1.0,High AD-like perturbation,1.0,251,5Hz,60.0,0.02,0.25,ac884c60d8359016,semantic_expanded_right,0.012420484246464839,0.23707407388686497,0.10697447847837586,0.16902775648507162,0.22247720892569867,0.28159987184225455,0.3337322243572756,0.016152596930566913,0.018479558582547954,0.03189288763924601,0.03338036461619013,0.04225257239762749,1.0,0.1575602087284928,0.29566719232274347,0.9080709354414683,False,0.2009617602126207,0.03189288763924601,0.019110560301280742,0.013760954508948512,0.0228266054293752,0.009065650920426686,1.0,,,,,0.0010461484490789097,-10.396582035036673,0.08953771315770545,0.0,31.914716520328007,0.9999155301852687
dt_reference_0.25ms,dt_0.25ms_severity_1.0,High AD-like perturbation,1.0,251,5Hz,60.0,0.02,0.25,ac884c60d8359016,episodic_expanded_right,0.0017327410966979642,0.03307342794644263,0.00980328334062295,0.015316145659007832,0.022544221899739533,0.04789563510591154,0.045699806657782484,0.0008360433662472654,0.0010763574958246819,0.0013200366953255648,0.0009464993689861723,0.001761660626850761,1.0,0.013867243823129864,0.0442872320621811,1.675209758015795,True,0.30432715845929714,0.0010763574958246819,0.055182090374671214,0.07422284113278188,0.05822369940319114,0.015999141729590743,1.0,,,,,0.0020249291094448507,5.969809372190782,0.21594310744516493,0.5454545454545454,31.914716520328007,0.9999155301852687
dt_reference_0.25ms,dt_0.25ms_severity_1.0,High AD-like perturbation,1.0,251,5Hz,60.0,0.02,0.25,ac884c60d8359016,shared_auditory_relay,0.007444876877716264,0.06600179001092038,0.02584004412626956,0.040420296209193476,0.05041277357727801,0.07645949402870235,0.10380856572743802,0.003790724478785882,0.004415439368376776,0.005320129358706705,0.004411152546116355,0.005266008843723315,1.0,0.035755475170353546,0.08569273281285457,1.2610086854674543,True,0.24660529327908273,0.004415439368376776,0.07183271211042155,0.13270401395279893,0.06502933347207834,0.06767468048072059,1.0,,,,,0.003977546611926119,7.855567377235131,0.2999241713005243,0.6428571428571429,31.914716520328007,0.9999155301852687
dt_reference_0.25ms,dt_0.25ms_severity_1.0,High AD-like perturbation,1.0,251,5Hz,60.0,0.02,0.25,ac884c60d8359016,anterior_temporal_context,0.014280401887696588,0.23684060644179308,0.06846401958236466,0.12454736414310176,0.1620354131579891,0.28468591328674064,0.3746544078120346,0.00790524826448399,0.01835254209279962,0.015035955904395257,0.04642184796406328,0.049463227041661464,1.0,0.11437124005184665,0.3113355899657197,1.4447461905820485,True,0.304848083233472,0.01835254209279962,-0.020069283147315844,-0.03542823858189637,-0.02246059718675734,0.012967641395139031,1.0,,,,,0.0011280725132936653,1.6988663518302705,0.16338467576783738,0.3333333333333333,31.914716520328007,0.9999155301852687
dt_reference_0.25ms,dt_0.25ms_severity_1.0,High AD-like perturbation,1.0,251,5Hz,60.0,0.02,0.25,ac884c60d8359016,hippocampal_context,0.0016493405216945318,0.02941504395984071,0.010638791878972058,0.016704608971691026,0.023367260391992963,0.03657554070076773,0.04283488206758921,0.0007543676912487047,0.0010013027808191998,0.0011012176803951973,0.00041540251548069447,0.0015577508386011587,1.0,0.014500449606724418,0.037918397548811336,1.38680036277053,True,0.2574768276150497,0.0010013027808191998,0.038387199487939436,0.0540904135595039,0.04450963012802457,0.009580783431479327,1.0,,,,,0.000892044758374233,4.280833270427518,0.09375604786849229,0.0,31.914716520328007,0.9999155301852687
dt_reference_0.25ms,dt_0.25ms_severity_1.0,High AD-like perturbation,1.0,251,5Hz,60.0,0.02,0.25,ac884c60d8359016,angular_parietal_context,0.010201198965108408,0.08995023889779007,0.02533860709937927,0.03711324622397411,0.06472502118997318,0.11156415438180389,0.14432370184512427,0.0013761367351824302,0.0025147503794475706,0.0037156850349557217,0.0024267493102412886,0.007229340067279331,1.0,0.03547522322504903,0.12124763459758964,1.773072934775294,True,0.33038328548190865,0.0025147503794475706,0.02664273204336678,0.049048873536667675,0.024584449382523518,0.024464424154144158,1.0,,,,,0.0007871819464545515,3.081565027943387,0.11359606641746561,0.0,31.914716520328007,0.9999155301852687
dt_reference_0.25ms,dt_0.25ms_severity_1.0,High AD-like perturbation,1.0,281,pulse,60.0,0.02,0.25,ac884c60d8359016,semantic_expanded,0.0004322405855056016,0.009710506356479213,,,,,,,,,,,1.0,,,,False,,,,,,,,951.5,854.5,0.8461538461538461,0.005258104275178519,,,,,,
dt_reference_0.25ms,dt_0.25ms_severity_1.0,High AD-like perturbation,1.0,281,pulse,60.0,0.02,0.25,ac884c60d8359016,episodic_expanded,0.0011452617558335074,0.0264501688586099,,,,,,,,,,,1.0,,,,False,,,,,,,,580.5,565.0,0.9473684210526315,0.004755488248815368,,,,,,
dt_reference_0.25ms,dt_0.25ms_severity_1.0,High AD-like perturbation,1.0,281,pulse,60.0,0.02,0.25,ac884c60d8359016,semantic_anatomical_core,0.0005016885438742385,0.011294320247932957,,,,,,,,,,,1.0,,,,False,,,,,,,,1042.0,923.0,0.8,0.018683448372923704,,,,,,
dt_reference_0.25ms,dt_0.25ms_severity_1.0,High AD-like perturbation,1.0,281,pulse,60.0,0.02,0.25,ac884c60d8359016,episodic_anatomical_core,0.0011074491883781372,0.024263071165261437,,,,,,,,,,,1.0,,,,False,,,,,,,,564.0,548.5,0.9375,0.004820706943039361,,,,,,
dt_reference_0.25ms,dt_0.25ms_severity_1.0,High AD-like perturbation,1.0,281,pulse,60.0,0.02,0.25,ac884c60d8359016,semantic_platel_peaks,0.00032865104189004363,0.007632779570049316,,,,,,,,,,,1.0,,,,False,,,,,,,,881.0,841.5,0.8,0.00351074559014202,,,,,,
dt_reference_0.25ms,dt_0.25ms_severity_1.0,High AD-like perturbation,1.0,281,pulse,60.0,0.02,0.25,ac884c60d8359016,episodic_platel_peaks,0.0012222511304408646,0.026985959155671816,,,,,,,,,,,1.0,,,,False,,,,,,,,634.0,634.0,1.0,0.003905505161825806,,,,,,
dt_reference_0.25ms,dt_0.25ms_severity_1.0,High AD-like perturbation,1.0,281,pulse,60.0,0.02,0.25,ac884c60d8359016,semantic_expanded_left,0.000478691811140894,0.011296918222114507,,,,,,,,,,,1.0,,,,False,,,,,,,,844.0,831.0,0.8571428571428571,0.005258104275178519,,,,,,
dt_reference_0.25ms,dt_0.25ms_severity_1.0,High AD-like perturbation,1.0,281,pulse,60.0,0.02,0.25,ac884c60d8359016,episodic_expanded_left,0.0014182890103945072,0.033471002830743224,,,,,,,,,,,1.0,,,,False,,,,,,,,697.0,666.0,0.875,0.0028119283499369535,,,,,,
dt_reference_0.25ms,dt_0.25ms_severity_1.0,High AD-like perturbation,1.0,281,pulse,60.0,0.02,0.25,ac884c60d8359016,semantic_expanded_right,0.000378047488931094,0.008346872292536936,,,,,,,,,,,1.0,,,,False,,,,,,,,1059.0,878.0,0.8333333333333334,0.02629652713509631,,,,,,
dt_reference_0.25ms,dt_0.25ms_severity_1.0,High AD-like perturbation,1.0,281,pulse,60.0,0.02,0.25,ac884c60d8359016,episodic_expanded_right,0.0009466964797891438,0.020902015878842488,,,,,,,,,,,1.0,,,,False,,,,,,,,464.0,464.0,1.0,0.004885925637263354,,,,,,
dt_reference_0.25ms,dt_0.25ms_severity_1.0,High AD-like perturbation,1.0,281,pulse,60.0,0.02,0.25,ac884c60d8359016,shared_auditory_relay,0.0008937263332841611,0.019456341509420043,,,,,,,,,,,1.0,,,,False,,,,,,,,339.0,339.0,1.0,0.0020423786985125673,,,,,,
dt_reference_0.25ms,dt_0.25ms_severity_1.0,High AD-like perturbation,1.0,281,pulse,60.0,0.02,0.25,ac884c60d8359016,anterior_temporal_context,0.0007087076152565806,0.015952760701810346,,,,,,,,,,,1.0,,,,False,,,,,,,,1084.0,1081.0,0.9444444444444444,0.008692199689608974,,,,,,
dt_reference_0.25ms,dt_0.25ms_severity_1.0,High AD-like perturbation,1.0,281,pulse,60.0,0.02,0.25,ac884c60d8359016,hippocampal_context,0.0010609089469921147,0.01964132118667464,,,,,,,,,,,1.0,,,,False,,,,,,,,768.0,768.0,1.0,0.004904108956669993,,,,,,
dt_reference_0.25ms,dt_0.25ms_severity_1.0,High AD-like perturbation,1.0,281,pulse,60.0,0.02,0.25,ac884c60d8359016,angular_parietal_context,0.0005795670817593874,0.012929825373186724,,,,,,,,,,,1.0,,,,False,,,,,,,,807.0,668.5,0.8333333333333334,0.0033772900088358637,,,,,,
dt_reference_0.25ms,dt_0.25ms_severity_1.0,High AD-like perturbation,1.0,281,2Hz,60.0,0.02,0.25,ac884c60d8359016,semantic_expanded,0.010801581480255226,0.27803980807952716,0.12219368131941775,0.19048887664369313,0.2531614187447634,0.3310169736473828,0.41328390947003707,0.005536739994940563,0.007135639600584526,0.017176440377361216,0.020097811205165378,0.0226406799068113,1.0,0.17528210379678524,0.3516248863489937,1.0043584759645994,True,0.21565627313370062,0.017176440377361216,0.015143301949418247,0.02260120150236174,0.013445067004200919,0.009156134498160821,1.0,,,,,0.0002001657077985719,-2.246628564110794,0.14021946259612011,0.15384615384615385,31.533990173502737,0.9999799166700455
dt_reference_0.25ms,dt_0.25ms_severity_1.0,High AD-like perturbation,1.0,281,2Hz,60.0,0.02,0.25,ac884c60d8359016,episodic_expanded,0.00334874846051913,0.08444948912842719,0.029555428851242675,0.043437847170471354,0.0481643828343421,0.08959852440819031,0.1477212558875511,0.0015620125870897902,0.0017356838354181097,0.0026318745348828344,0.0037251236022821993,0.004273671429826739,1.0,0.038585628909006325,0.11240196036968275,1.5425316717945452,True,0.2843643558441402,0.0026318745348828344,0.02970306897049762,0.055388025996945506,0.022993806359737964,0.03239421963720754,1.0,,,,,0.0004417054715775137,6.998924918116569,0.14362323263013133,0.47368421052631576,31.533990173502737,0.9999799166700455
dt_reference_0.25ms,dt_0.25ms_severity_1.0,High AD-like perturbation,1.0,281,2Hz,60.0,0.02,0.25,ac884c60d8359016,semantic_anatomical_core,0.00930637150957189,0.21472651956302266,0.09290263042879002,0.1409663953389344,0.17798281569098712,0.25550461713961814,0.3286192033068952,0.0038755116465986144,0.003239922274744743,0.008619359606158655,0.01243012362979171,0.01483915933791284,1.0,0.12757730826717442,0.2740985793342943,1.1033231058638209,True,0.22516244776062583,0.008619359606158655,0.011503811538487087,0.012819435141133014,0.01157133360972842,0.0012481015314045937,1.0,,,,,0.0001746571449264822,-2.4920264736510487,0.1358407542426025,0.0,31.533990173502737,0.9999799166700455
dt_reference_0.25ms,dt_0.25ms_severity_1.0,High AD-like perturbation,1.0,281,2Hz,60.0,0.02,0.25,ac884c60d8359016,episodic_anatomical_core,0.0035066902511709215,0.08037637436689263,0.027183085412142302,0.04041944241553444,0.048711513210579115,0.08978721188861999,0.13765853625461558,0.0015339379103591364,0.0017309540794984534,0.002710218882736512,0.003608964884420504,0.0037288927417944728,1.0,0.03603038081800157,0.10725425878340691,1.5737491291541486,True,0.2916043231897348,0.002710218882736512,0.024082054124473014,0.049622579935135226,0.01831766042984541,0.03130491950528982,1.0,,,,,0.0004332382347207453,7.496870477364005,0.17478793210682447,0.5,31.533990173502737,0.9999799166700455
dt_reference_0.25ms,dt_0.25ms_severity_1.0,High AD-like perturbation,1.0,281,2Hz,60.0,0.02,0.25,ac884c60d8359016,semantic_platel_peaks,0.011449956576614625,0.27733254831366666,0.12615451932322505,0.19890370838235646,0.2599504516248827,0.32332493758280273,0.40926075127276185,0.004714395639176183,0.006698663877931266,0.010304479019748552,0.011364943709247769,0.019292053835820746,1.0,0.18292981558040267,0.347302685588911,0.9249033287655475,False,0.20482857321098163,0.010304479019748552,0.015876690036268695,0.027666067292860853,0.013792324032596552,0.0138737432602643,1.0,,,,,0.00029873378739120326,-2.7374243831913034,0.18803358381571839,0.4,31.533990173502737,0.9999799166700455
dt_reference_0.25ms,dt_0.25ms_severity_1.0,High AD-like perturbation,1.0,281,2Hz,60.0,0.02,0.25,ac884c60d8359016,episodic_platel_peaks,0.0022374161672275607,0.059451720036444174,0.02120140413460459,0.033243904071980496,0.024758343325774042,0.05022694665144572,0.11456637662454931,0.0010791724070424533,0.0009098431277286707,0.0009393046575519736,0.0016967586548007417,0.002913724295797404,1.0,0.02722219283836481,0.0790298438806537,1.5376142727853939,True,0.27316378564609356,0.0010791724070424533,0.06468862162362801,0.10222831052028127,0.050762054675612255,0.05146625584466901,1.0,,,,,0.0004897684810339364,2.5166890893106277,0.06493566365381742,0.25,31.533990173502737,0.9999799166700455
dt_reference_0.25ms,dt_0.25ms_severity_1.0,High AD-like perturbation,1.0,281,2Hz,60.0,0.02,0.25,ac884c60d8359016,semantic_expanded_left,0.008072167181694527,0.20802040923561196,0.09106577906638968,0.14120688806836365,0.18712637241488914,0.24377087472165732,0.3117688530576937,0.0041828016596678185,0.00750016121079512,0.016026774149328425,0.014215950923948992,0.01383593594528422,1.0,0.12943645796043754,0.2630343896770388,1.0230073989257464,True,0.216935353340811,0.01383593594528422,0.026667771334014944,0.04573347011510493,0.020602681153797705,0.025130788961307226,1.0,,,,,0.00029873378739120326,-0.14347763561545707,0.14974358469049925,0.14285714285714285,31.533990173502737,0.9999799166700455
dt_reference_0.25ms,dt_0.25ms_severity_1.0,High AD-like perturbation,1.0,281,2Hz,60.0,0.02,0.25,ac884c60d8359016,episodic_expanded_left,0.005198517397198205,0.13396621898960845,0.05329241752276881,0.07277301420390091,0.08364833610823588,0.14654123561474794,0.22644657933821552,0.0024648779890707882,0.003324033776981037,0.006030515334748224,0.007901591010547441,0.008204365330941186,1.0,0.06878144152846075,0.17594559872273777,1.355038168094124,True,0.2592084167793607,0.006030515334748224,0.00876217587486002,0.01241570221703996,0.008712399540098094,0.0037033026769418657,1.0,,,,,0.00038555564278569543,6.068272497773132,0.23003360423535502,0.625,31.533990173502737,0.9999799166700455
dt_reference_0.25ms,dt_0.25ms_severity_1.0,High AD-like perturbation,1.0,281,2Hz,60.0,0.02,0.25,ac884c60d8359016,semantic_expanded_right,0.013985898161909373,0.37162764538810406,0.16396165395462176,0.25697055307534783,0.3424995799029444,0.4494886313542748,0.5478532834555803,0.007328936981919656,0.006788834410138246,0.018408576878174047,0.028413295557879355,0.0370484793128434,1.0,0.2373660126022437,0.47005283549330396,0.9857095530034516,False,0.21437719292659035,0.018408576878174047,0.0036188325648215483,-0.0005310671103814494,0.006287452854604132,0.006818519964985581,1.0,,,,,0.00018704055738233416,-3.260082963941237,0.1358407542426025,0.16666666666666666,31.533990173502737,0.9999799166700455
dt_reference_0.25ms,dt_0.25ms_severity_1.0,High AD-like perturbation,1.0,281,2Hz,60.0,0.02,0.25,ac884c60d8359016,episodic_expanded_right,0.002003461961116167,0.05323518322634408,0.016391138086532878,0.025927833104707174,0.027732862143382938,0.05478250229328041,0.09636519794102581,0.0009898596738034603,0.0009063079916317298,0.0011486188464611424,0.0017561711095596822,0.002226164578658774,1.0,0.021646111585019345,0.07180742676523108,1.7300251754949656,True,0.30952029490891964,0.0011486188464611424,0.050643962066135216,0.09836034977685106,0.037275213179377834,0.06108513659747322,1.0,,,,,0.0005802905999137131,6.998924918116569,0.11455522562850466,0.36363636363636365,31.533990173502737,0.9999799166700455
dt_reference_0.25ms,dt_0.25ms_severity_1.0,High AD-like perturbation,1.0,281,2Hz,60.0,0.02,0.25,ac884c60d8359016,shared_auditory_relay,0.007080057323551325,0.08822188778734895,0.0385767336628857,0.06178745859515375,0.06497994734800717,0.09868487111940062,0.1417484009333214,0.003366297423814934,0.0034290279591278985,0.003524822945073199,0.005502269252278329,0.006277976119260135,1.0,0.053612013179969886,0.1124541028565223,1.068708082657051,True,0.2215287008556234,0.003524822945073199,0.05233309217154553,0.09517108776455355,0.03965409553504107,0.05551699222951248,1.0,,,,,0.0018943141623861681,11.025324966249752,0.2546203598241418,0.6428571428571429,31.533990173502737,0.9999799166700455
dt_reference_0.25ms,dt_0.25ms_severity_1.0,High AD-like perturbation,1.0,281,2Hz,60.0,0.02,0.25,ac884c60d8359016,anterior_temporal_context,0.01201921586792858,0.2840894298586161,0.10939355792305129,0.1738214703143028,0.23344940558174213,0.3234896835270957,0.4483867227612165,0.004590156719201638,0.005802771715018013,0.008331101804298933,0.010023454842195316,0.013416815434891153,1.0,0.16291226631483924,0.36534620591544525,1.1651689909525214,True,0.24832724820612692,0.008331101804298933,0.04031544710639982,0.07881259721530057,0.029332821775184086,0.04947977544011648,1.0,,,,,0.0003391689831620526,-0.843649421994656,0.21357677690247123,0.2777777777777778,31.533990173502737,0.9999799166700455
dt_reference_0.25ms,dt_0.25ms_severity_1.0,High AD-like perturbation,1.0,281,2Hz,60.0,0.02,0.25,ac884c60d8359016,hippocampal_context,0.0020306622226936785,0.04479057886204018,0.01690780542924626,0.029140963047890486,0.026568138752076732,0.04462315322483765,0.08011955111970669,0.0008335059359325844,0.0007264725985418238,0.0006465529164147666,0.0004936375932537792,0.000529226254783333,1.0,0.02421916337027932,0.05842644711689908,1.2704725331242384,True,0.2551836876234481,0.0006465529164147666,0.0115933935813238,0.022157852573854088,0.010142506613337605,0.012015345960516483,1.0,,,,,0.0004898442649782231,3.9170551043586537,0.21921142071008134,0.5,31.533990173502737,0.9999799166700455
dt_reference_0.25ms,dt_0.25ms_severity_1.0,High AD-like perturbation,1.0,281,2Hz,60.0,0.02,0.25,ac884c60d8359016,angular_parietal_context,0.006719046688063294,0.09446466651952472,0.039383911556981226,0.0572693330566336,0.05970720405278318,0.1138781996890528,0.15137778040177724,0.0016608977917779157,0.0019067923240951336,0.0025734373428194205,0.0018503318724677252,0.003783450305333342,1.0,0.050396231683230354,0.12311068653682063,1.2885682322811023,True,0.24383035902092098,0.0019067923240951336,0.007454395380542335,0.021933098760764134,0.0025979669520543066,0.019335131808709827,1.0,,,,,0.0003820033808801804,2.3131374942394243,0.26297074207448967,0.5,31.533990173502737,0.9999799166700455
dt_reference_0.25ms,dt_0.25ms_severity_1.0,High AD-like perturbation,1.0,281,5Hz,60.0,0.02,0.25,ac884c60d8359016,semantic_expanded,0.01160942066533341,0.2193930913543188,0.08451302903984843,0.13514801973325705,0.18627521819965454,0.25601497798825396,0.3315543475694838,0.0072473718649713114,0.012861682176015344,0.01730364320437714,0.02318451529564131,0.025418815558252195,1.0,0.1257821581448922,0.2811956884650267,1.1606471795504365,True,0.24328436163759123,0.01730364320437714,0.013607498692395432,0.008341616761062062,0.01701951040897194,0.00867789364790988,1.0,,,,,0.0008680522822042125,-1.935996662162251,0.17624881125637504,0.15384615384615385,31.803015713984237,0.9999294834825031
dt_reference_0.25ms,dt_0.25ms_severity_1.0,High AD-like perturbation,1.0,281,5Hz,60.0,0.02,0.25,ac884c60d8359016,episodic_expanded,0.004201262721517342,0.07596844215216704,0.021185534973814375,0.03641832347369678,0.04467246273367026,0.07703341521708158,0.13403320307488564,0.0014026727375061048,0.0015678457123205485,0.002248632652999091,0.003899632473761774,0.004366665264630681,1.0,0.033259320157097164,0.10147191369428929,1.6092498762197294,True,0.32018489076073664,0.002248632652999091,0.037931523685610355,0.05833785820782426,0.03409682850909503,0.024241029698729225,1.0,,,,,0.0010918868946031557,7.7510616765550076,0.30865858967778564,0.7894736842105263,31.803015713984237,0.9999294834825031
dt_reference_0.25ms,dt_0.25ms_severity_1.0,High AD-like perturbation,1.0,281,5Hz,60.0,0.02,0.25,ac884c60d8359016,semantic_anatomical_core,0.010194305612141135,0.18392060012566572,0.06412675384468561,0.10141520849662317,0.13828445094332625,0.21226134693073548,0.2888213218736381,0.004436576043792771,0.007079486794744249,0.012725436063321414,0.014938841239068834,0.019251512310531127,1.0,0.0927010876924337,0.23906664328158417,1.3667546746837707,True,0.2703962797493044,0.012725436063321414,0.015013159073910268,0.018268214698231665,0.014425430238782778,0.003842784459448887,1.0,,,,,0.001071995165403683,-1.1707933181476053,0.17922302493999603,0.1,31.803015713984237,0.9999294834825031
dt_reference_0.25ms,dt_0.25ms_severity_1.0,High AD-like perturbation,1.0,281,5Hz,60.0,0.02,0.25,ac884c60d8359016,episodic_anatomical_core,0.004421887813777748,0.07241250319079655,0.020420135977453603,0.034272044487588124,0.04430638275129113,0.0762892549962275,0.1257432034494625,0.0014260874383676381,0.001528926737912113,0.0022402275652959234,0.0036988882013339304,0.0038853103541513665,1.0,0.03144123974781323,0.09684598478536079,1.6230341311394691,True,0.3199639852842584,0.0022402275652959234,0.03270631964949246,0.0535174896408637,0.028794298958249843,0.024723190682613853,1.0,,,,,0.0011733767022704678,7.977837796371247,0.3175513664135937,0.875,31.803015713984237,0.9999294834825031
dt_reference_0.25ms,dt_0.25ms_severity_1.0,High AD-like perturbation,1.0,281,5Hz,60.0,0.02,0.25,ac884c60d8359016,semantic_platel_peaks,0.011754401372995521,0.2061157681217599,0.09013508103407786,0.14219111844678484,0.19062259928988126,0.23955568837876282,0.2988346812047092,0.006899440535882447,0.012935857095189686,0.01464419789282224,0.02306141756357162,0.018056960492891672,1.0,0.13336764746187402,0.25882700603142833,0.9565794184214721,False,0.21054518235289255,0.01464419789282224,0.008552503809837029,-0.013087067222127777,0.01959086801580473,0.032677935237932505,1.0,,,,,0.00035187358376953526,-3.1205555404028944,0.17624881125637504,0.2,31.803015713984237,0.9999294834825031
dt_reference_0.25ms,dt_0.25ms_severity_1.0,High AD-like perturbation,1.0,281,5Hz,60.0,0.02,0.25,ac884c60d8359016,episodic_platel_peaks,0.0026879376599255778,0.05132354523682713,0.010592609997896912,0.027831791289440806,0.023750415328371823,0.046132368655962465,0.09636095368607492,0.0008816158061564268,0.0012216397085668324,0.0013272794927398804,0.002901852387160059,0.003306199240505327,1.0,0.021888848357361056,0.06863402552600752,1.6487279224844267,True,0.3549913363629138,0.0013272794927398804,0.07202824364598241,0.09560429625850386,0.06787425116058662,0.02773004509791724,1.0,,,,,0.0009038640182938984,6.9264157860931865,0.2077988599603758,0.5,31.803015713984237,0.9999294834825031
dt_reference_0.25ms,dt_0.25ms_severity_1.0,High AD-like perturbation,1.0,281,5Hz,60.0,0.02,0.25,ac884c60d8359016,semantic_expanded_left,0.009841772551493405,0.18438545365211828,0.06773650197359801,0.10461237356285596,0.14787342022295272,0.21007972650074555,0.28704374287258844,0.0033984594281730165,0.008978719701788665,0.008779342543433292,0.014855267355909276,0.014984124927546518,1.0,0.0978056470503973,0.23821174567274947,1.2842548806734373,True,0.2586206936322447,0.008978719701788665,0.013055930375892527,-0.004359076755162048,0.022089921933293004,0.02644899868845505,1.0,,,,,0.000854573388335278,-0.4055899741329596,0.20322201370517884,0.2857142857142857,31.803015713984237,0.9999294834825031
dt_reference_0.25ms,dt_0.25ms_severity_1.0,High AD-like perturbation,1.0,281,5Hz,60.0,0.02,0.25,ac884c60d8359016,episodic_expanded_left,0.006634360933017425,0.12429464752674924,0.04839851707930909,0.05905964663449684,0.08146319193544552,0.12324059545104853,0.2157833439450545,0.0022552203174319796,0.002234497994055507,0.003743011686005933,0.005554834709038481,0.007400100936410025,1.0,0.06146506043601965,0.16404490890194076,1.4162523663954072,True,0.2687165224018653,0.003743011686005933,0.018197704186265262,0.030373814423530533,0.015410940372880044,0.014962874050650488,1.0,,,,,0.0008329473342959526,7.3944199482603405,0.30035008503101296,0.875,31.803015713984237,0.9999294834825031
dt_reference_0.25ms,dt_0.25ms_severity_1.0,High AD-like perturbation,1.0,281,5Hz,60.0,0.02,0.25,ac884c60d8359016,semantic_expanded_right,0.01367167679814675,0.26104732006038867,0.105444654940614,0.17459681503972754,0.23464972178917012,0.31199426068413866,0.38296701503443153,0.015455355598408433,0.018423881565639753,0.03410461166802774,0.03618391622416711,0.04312004788458729,1.0,0.16176112305084323,0.33193583711840347,1.037039478427436,True,0.22794802964293776,0.03410461166802774,0.014159067008898338,0.02104231027728617,0.01194909888465088,0.009093211392635291,1.0,,,,,0.00126293304535674,-10.796301121462951,0.12951760143643992,0.0,31.803015713984237,0.9999294834825031
dt_reference_0.25ms,dt_0.25ms_severity_1.0,High AD-like perturbation,1.0,281,5Hz,60.0,0.02,0.25,ac884c60d8359016,episodic_expanded_right,0.0024317367495172815,0.04643163899543737,0.009273567026676336,0.022456861160089003,0.02449730828461238,0.04815091194820098,0.08325433834730077,0.0008724162306161069,0.0011000860972716834,0.0013508771097450736,0.0027376392326621834,0.002576689925878547,1.0,0.01799692979174306,0.06276664931391529,1.8022473860440518,True,0.37165325911960806,0.0013508771097450736,0.05766534318495545,0.08630190199211799,0.05278271664531002,0.033519185346807964,1.0,,,,,0.0013800760250586297,8.72541537822163,0.3264441431494018,0.7272727272727273,31.803015713984237,0.9999294834825031
dt_reference_0.25ms,dt_0.25ms_severity_1.0,High AD-like perturbation,1.0,281,5Hz,60.0,0.02,0.25,ac884c60d8359016,shared_auditory_relay,0.0075487455277550575,0.07078642434567,0.02557024390771938,0.0485139993904809,0.05270889549654449,0.08046614431941398,0.11097376933040651,0.0037381393084816987,0.004320522666041881,0.0053375151786978015,0.006266519557808798,0.0041088220490826605,1.0,0.04204989274427343,0.09063753320606185,1.1080064766244355,True,0.24826712763467806,0.004320522666041881,0.06808883494953578,0.09832238096716066,0.061348197208739144,0.036974183758421514,1.0,,,,,0.005137253726496593,10.36452133394557,0.39341090689989544,0.7857142857142857,31.803015713984237,0.9999294834825031
dt_reference_0.25ms,dt_0.25ms_severity_1.0,High AD-like perturbation,1.0,281,5Hz,60.0,0.02,0.25,ac884c60d8359016,anterior_temporal_context,0.013450762868029579,0.22835326694875793,0.07384715551202474,0.12253947711902301,0.22325773532362161,0.23725695522077722,0.34201941924304796,0.007229941029561766,0.01486318414848342,0.03767807022701551,0.029511993725371683,0.03762729028863931,1.0,0.13806035745630466,0.29041632276140367,1.0728234171233972,True,0.268806587458247,0.029511993725371683,0.005136445069749197,-0.02120004505808694,0.020230578557511644,0.041430623615598586,1.0,,,,,0.0012850278969075424,1.9322582981363976,0.19741362722483144,0.3888888888888889,31.803015713984237,0.9999294834825031
dt_reference_0.25ms,dt_0.25ms_severity_1.0,High AD-like perturbation,1.0,281,5Hz,60.0,0.02,0.25,ac884c60d8359016,hippocampal_context,0.0023295659125034296,0.037457310471077344,0.010070539056836362,0.02576714897367006,0.02262643468242936,0.03794583616046981,0.06558571328957281,0.000863751976011676,0.0008960983784013121,0.0009412861266054704,0.0010333550700412691,0.0012321015549070166,1.0,0.020791432495908195,0.0486931630448988,1.2277300582908017,True,0.29824450067590974,0.0009412861266054704,0.02497815634956225,0.036296237247817435,0.02375352918193947,0.012542708065877966,1.0,,,,,0.0011400425860739194,5.862232294469958,0.2828253550860304,1.0,31.803015713984237,0.9999294834825031
dt_reference_0.25ms,dt_0.25ms_severity_1.0,High AD-like perturbation,1.0,281,5Hz,60.0,0.02,0.25,ac884c60d8359016,angular_parietal_context,0.006935819350620508,0.0748986761556268,0.025956507288612,0.04559952640853862,0.04853549710760756,0.08845644736433393,0.11960836840733446,0.001433011940548508,0.002436070163924503,0.0036191175639811485,0.0026577521523728485,0.004696012008660528,1.0,0.03997242544428147,0.09780060720047226,1.2908383070851674,True,0.2682124389214655,0.0026577521523728485,0.018850328743396746,0.041270434300055336,0.012396154851376389,0.028874279448678947,1.0,,,,,0.0008743544000600623,4.973136698707901,0.3435835408631952,0.8333333333333334,31.803015713984237,0.9999294834825031
dt_reference_0.25ms,dt_0.25ms_severity_1.0,High AD-like perturbation,1.0,313,pulse,60.0,0.02,0.25,ac884c60d8359016,semantic_expanded,0.00041550472227993093,0.009482605369135026,,,,,,,,,,,1.0,,,,False,,,,,,,,1200.0,913.5,0.8461538461538461,0.01987638789260308,,,,,,
dt_reference_0.25ms,dt_0.25ms_severity_1.0,High AD-like perturbation,1.0,313,pulse,60.0,0.02,0.25,ac884c60d8359016,episodic_expanded,0.0009001529457713965,0.020769000767596805,,,,,,,,,,,1.0,,,,False,,,,,,,,427.0,427.0,1.0,0.0070601807661109005,,,,,,
dt_reference_0.25ms,dt_0.25ms_severity_1.0,High AD-like perturbation,1.0,313,pulse,60.0,0.02,0.25,ac884c60d8359016,semantic_anatomical_core,0.00047434730541723584,0.010804530937318372,,,,,,,,,,,1.0,,,,False,,,,,,,,1041.0,786.0,0.8,0.013248396947792007,,,,,,
dt_reference_0.25ms,dt_0.25ms_severity_1.0,High AD-like perturbation,1.0,313,pulse,60.0,0.02,0.25,ac884c60d8359016,episodic_anatomical_core,0.0008834562331449267,0.01958540839120261,,,,,,,,,,,1.0,,,,False,,,,,,,,423.5,423.5,1.0,0.007079385961665012,,,,,,
dt_reference_0.25ms,dt_0.25ms_severity_1.0,High AD-like perturbation,1.0,313,pulse,60.0,0.02,0.25,ac884c60d8359016,semantic_platel_peaks,0.00028797779809819514,0.006525437453869899,,,,,,,,,,,1.0,,,,False,,,,,,,,1122.5,1122.5,1.0,0.009344931477099399,,,,,,
dt_reference_0.25ms,dt_0.25ms_severity_1.0,High AD-like perturbation,1.0,313,pulse,60.0,0.02,0.25,ac884c60d8359016,episodic_platel_peaks,0.0009322714426089691,0.020547611061768962,,,,,,,,,,,1.0,,,,False,,,,,,,,521.0,521.0,1.0,0.00491922470711501,,,,,,
dt_reference_0.25ms,dt_0.25ms_severity_1.0,High AD-like perturbation,1.0,313,pulse,60.0,0.02,0.25,ac884c60d8359016,semantic_expanded_left,0.0004064527577846826,0.009575471877233325,,,,,,,,,,,1.0,,,,False,,,,,,,,878.0,878.0,1.0,0.009344931477099399,,,,,,
dt_reference_0.25ms,dt_0.25ms_severity_1.0,High AD-like perturbation,1.0,313,pulse,60.0,0.02,0.25,ac884c60d8359016,episodic_expanded_left,0.0010877773549659545,0.025626548895715928,,,,,,,,,,,1.0,,,,False,,,,,,,,536.0,536.0,1.0,0.0052124310739442795,,,,,,
dt_reference_0.25ms,dt_0.25ms_severity_1.0,High AD-like perturbation,1.0,313,pulse,60.0,0.02,0.25,ac884c60d8359016,semantic_expanded_right,0.00042606534752438757,0.00939063951517023,,,,,,,,,,,1.0,,,,False,,,,,,,,1522.0,949.0,0.6666666666666666,0.06458411868808568,,,,,,
dt_reference_0.25ms,dt_0.25ms_severity_1.0,High AD-like perturbation,1.0,313,pulse,60.0,0.02,0.25,ac884c60d8359016,episodic_expanded_right,0.0007636988299935362,0.016832207670247283,,,,,,,,,,,1.0,,,,False,,,,,,,,318.0,318.0,1.0,0.0070601807661109005,,,,,,
dt_reference_0.25ms,dt_0.25ms_severity_1.0,High AD-like perturbation,1.0,313,pulse,60.0,0.02,0.25,ac884c60d8359016,shared_auditory_relay,0.0006819683849213178,0.015437403452732626,,,,,,,,,,,1.0,,,,False,,,,,,,,330.0,330.0,1.0,0.0027352062088416033,,,,,,
dt_reference_0.25ms,dt_0.25ms_severity_1.0,High AD-like perturbation,1.0,313,pulse,60.0,0.02,0.25,ac884c60d8359016,anterior_temporal_context,0.0008379695051480583,0.01659259825326121,,,,,,,,,,,1.0,,,,False,,,,,,,,1255.0,804.0,0.8888888888888888,0.022808411069362287,,,,,,
dt_reference_0.25ms,dt_0.25ms_severity_1.0,High AD-like perturbation,1.0,313,pulse,60.0,0.02,0.25,ac884c60d8359016,hippocampal_context,0.0008682093548055155,0.016457654501991655,,,,,,,,,,,1.0,,,,False,,,,,,,,622.0,622.0,1.0,0.0045360397738838844,,,,,,
dt_reference_0.25ms,dt_0.25ms_severity_1.0,High AD-like perturbation,1.0,313,pulse,60.0,0.02,0.25,ac884c60d8359016,angular_parietal_context,0.0006586900382080254,0.013698355514500573,,,,,,,,,,,1.0,,,,False,,,,,,,,378.0,323.0,0.8333333333333334,0.007629136834341067,,,,,,
dt_reference_0.25ms,dt_0.25ms_severity_1.0,High AD-like perturbation,1.0,313,2Hz,60.0,0.02,0.25,ac884c60d8359016,semantic_expanded,0.014019735375568663,0.3665400506875279,0.11973868717182398,0.19816942770606746,0.33409492330717644,0.41833022614076626,0.5758292999594209,0.005297244122217155,0.007970295926089617,0.02196360643504306,0.023740169240589137,0.024941360357450513,1.0,0.19669768129644877,0.47787541417937635,1.2806545944605292,True,0.28047057582176094,0.02196360643504306,0.023493886854152223,0.013169840385178763,0.030802871250658094,0.01763303086547933,1.0,,,,,9.590853812879718e-05,-2.84376868131616,0.12992557571438554,0.07692307692307693,31.558756650538772,0.9999598847668326
dt_reference_0.25ms,dt_0.25ms_severity_1.0,High AD-like perturbation,1.0,313,2Hz,60.0,0.02,0.25,ac884c60d8359016,episodic_expanded,0.008926380081723802,0.22489840835827038,0.028400639958300097,0.08017484435262393,0.22584887541019535,0.20810621186217576,0.38964519324499725,0.0015666595972709532,0.0024439698179639993,0.005173767295456379,0.0054305543859030836,0.0067568923905685025,1.0,0.09523984668667936,0.302887729020236,1.66914592765856,True,0.44662149134319284,0.005173767295456379,0.0623113142829448,0.03576097932615219,0.08180574406124377,0.04604476473509159,1.0,,,,,6.891934155162094e-05,0.04314923939751344,0.18308426215909432,0.3684210526315789,31.558756650538772,0.9999598847668326
dt_reference_0.25ms,dt_0.25ms_severity_1.0,High AD-like perturbation,1.0,313,2Hz,60.0,0.02,0.25,ac884c60d8359016,semantic_anatomical_core,0.013143875990556364,0.3327203177951652,0.09110087912396188,0.155024152204511,0.29034682659564676,0.3542498364522607,0.5510024005221345,0.0035724322246160675,0.0034959655363503627,0.012958789226466982,0.015856285020218883,0.019344253667598125,1.0,0.1614663358052264,0.44024627332603383,1.447077383649026,True,0.31926588165933834,0.012958789226466982,0.032236075658343286,0.012791543026685446,0.04378004723610705,0.030988504209421605,1.0,,,,,9.033950657827416e-05,-2.8986929672875372,0.129403986596111,0.0,31.558756650538772,0.9999598847668326
dt_reference_0.25ms,dt_0.25ms_severity_1.0,High AD-like perturbation,1.0,313,2Hz,60.0,0.02,0.25,ac884c60d8359016,episodic_anatomical_core,0.009518393861354153,0.22183071885933747,0.026714149755637955,0.07660537815207058,0.21419048785524766,0.21036734233954393,0.3854621685131908,0.001531312749719587,0.0024218192956342996,0.005198716260233381,0.005294266938580704,0.0065738578667445206,1.0,0.09072939009606165,0.29967676176912383,1.723765349619316,True,0.45796098519405826,0.005198716260233381,0.062438455765928144,0.03281663136201188,0.0829188444804406,0.05010221311842872,1.0,,,,,6.485648360959884e-05,0.6337577060344232,0.20872362461694965,0.375,31.558756650538772,0.9999598847668326
dt_reference_0.25ms,dt_0.25ms_severity_1.0,High AD-like perturbation,1.0,313,2Hz,60.0,0.02,0.25,ac884c60d8359016,semantic_platel_peaks,0.014155595446483043,0.3270659218080845,0.12429981584758018,0.20440366683943992,0.3117517287231834,0.37234489103109897,0.49689389376889315,0.005079674300420511,0.010945834391238763,0.024804709720966732,0.011682348459221828,0.02399619002467299,1.0,0.1941981284164485,0.41829809352056596,1.1070021257606946,True,0.2431722896519231,0.011682348459221828,0.01411503100128596,0.010955821719216132,0.01728370722036698,0.006327885501150848,1.0,,,,,0.00035021200110596507,-2.84376868131616,0.15712666579241988,0.2,31.558756650538772,0.9999598847668326
dt_reference_0.25ms,dt_0.25ms_severity_1.0,High AD-like perturbation,1.0,313,2Hz,60.0,0.02,0.25,ac884c60d8359016,episodic_platel_peaks,0.005591401342045133,0.1481160395593667,0.02229921794919883,0.06209095179864095,0.15342070924037604,0.12386363289101479,0.262501319915916,0.0010380978300113819,0.0013043746298371246,0.0020513482431776765,0.0020531824806978563,0.004158757887808151,1.0,0.06602953637572413,0.19856070036417756,1.588396688008407,True,0.40554085140236007,0.0020513482431776765,0.06864527456612884,0.061028092403053215,0.08356518360852472,0.022537091205471503,1.0,,,,,8.808455439829332e-05,-3.588877522475455,0.1271343202991854,0.25,31.558756650538772,0.9999598847668326
dt_reference_0.25ms,dt_0.25ms_severity_1.0,High AD-like perturbation,1.0,313,2Hz,60.0,0.02,0.25,ac884c60d8359016,semantic_expanded_left,0.012383738865495214,0.31841194269313,0.09024112577711425,0.15474483046984275,0.28638473207839854,0.33739115572897377,0.5286541656219613,0.004107350794418595,0.008032172120063836,0.018153383780728297,0.015240712763372579,0.015351669653098279,1.0,0.1599704302558951,0.41972695542601773,1.3916458633006146,True,0.3112732750089502,0.015240712763372579,0.025549669315873373,0.019392901679721852,0.03251438185344757,0.01312148017372572,1.0,,,,,9.576154161605732e-05,-0.8771515793067157,0.1553167348862678,0.0,31.558756650538772,0.9999598847668326
dt_reference_0.25ms,dt_0.25ms_severity_1.0,High AD-like perturbation,1.0,313,2Hz,60.0,0.02,0.25,ac884c60d8359016,episodic_expanded_left,0.013802324519042682,0.3548867600910653,0.043146836375991836,0.11648484722632903,0.40213908107486096,0.3208528396657321,0.5974391174223231,0.0025578781509713214,0.0048266548692364976,0.012663557163750921,0.01402632323694821,0.011817776274920653,1.0,0.15857058686699813,0.4753343075678253,1.5838173413730678,True,0.45223497425170706,0.011817776274920653,0.05880569429406688,0.016619781131323695,0.08187722894626691,0.06525744781494322,1.0,,,,,4.765222417091319e-05,-0.8108991543372946,0.23902616204759675,0.375,31.558756650538772,0.9999598847668326
dt_reference_0.25ms,dt_0.25ms_severity_1.0,High AD-like perturbation,1.0,313,2Hz,60.0,0.02,0.25,ac884c60d8359016,semantic_expanded_right,0.01592839797065435,0.42194274379807756,0.15887826179211925,0.25377986429733174,0.38975338164700757,0.5186863233710911,0.6272141680783956,0.0068318477517176,0.007908896398118499,0.02657355859713508,0.03697961140808862,0.04052142018015982,1.0,0.2418570592421943,0.5440796892477942,1.1696633256204438,True,0.24966787663457188,0.02657355859713508,0.021438104392431073,0.006946779090635672,0.02909136064786862,0.022144581557232947,1.0,,,,,0.00016309102623601746,-5.870264542154406,0.12762920697084013,0.16666666666666666,31.558756650538772,0.9999598847668326
dt_reference_0.25ms,dt_0.25ms_severity_1.0,High AD-like perturbation,1.0,313,2Hz,60.0,0.02,0.25,ac884c60d8359016,episodic_expanded_right,0.0053802386727646164,0.14252234732314192,0.01869421764812879,0.055183191805865645,0.12684097846872666,0.13497837656897077,0.2541235955120913,0.000959554032231421,0.0012375006361421928,0.002113771642627892,0.002102541089354485,0.0038632982818105578,1.0,0.05720246469485684,0.19300306106759485,1.7544745139440525,True,0.4410080084346788,0.002102541089354485,0.06581693427182271,0.05490217752098068,0.08173425917622064,0.02683208165523996,1.0,,,,,7.721133819293957e-05,1.9842671701015322,0.1732969908349231,0.36363636363636365,31.558756650538772,0.9999598847668326
dt_reference_0.25ms,dt_0.25ms_severity_1.0,High AD-like perturbation,1.0,313,2Hz,60.0,0.02,0.25,ac884c60d8359016,shared_auditory_relay,0.010656798186187382,0.2005615599979075,0.03942891114336365,0.08502612130825295,0.1999503726788134,0.19840236948808715,0.33253749150826645,0.0031697991448426726,0.00409332162967346,0.004462949669194387,0.0061676739511222775,0.009647706793886835,1.0,0.09048086756768378,0.2669091883935552,1.5606643036946988,True,0.36874168412516917,0.004462949669194387,0.06594984792381017,0.05152603157018612,0.08243188124807102,0.0309058496778849,1.0,,,,,0.00016778679470419444,6.716323984738256,0.23166699257573942,0.6428571428571429,31.558756650538772,0.9999598847668326
dt_reference_0.25ms,dt_0.25ms_severity_1.0,High AD-like perturbation,1.0,313,2Hz,60.0,0.02,0.25,ac884c60d8359016,anterior_temporal_context,0.022878296420785385,0.5392475594373846,0.10479383631048013,0.2230758720657753,0.39462426678495693,0.702483069424739,0.7493045639855637,0.0043494644902515155,0.008209334094415422,0.01701130118909632,0.012345332243187696,0.019097618998552855,1.0,0.22093455936960232,0.7231531691813285,1.7106821451705982,True,0.366546286268256,0.012345332243187696,0.01922767823475184,0.03690917757506258,0.018137089972911045,0.018772087602151537,1.0,,,,,0.00017432701825847996,-2.342234751988596,0.16882134480712038,0.16666666666666666,31.558756650538772,0.9999598847668326
dt_reference_0.25ms,dt_0.25ms_severity_1.0,High AD-like perturbation,1.0,313,2Hz,60.0,0.02,0.25,ac884c60d8359016,hippocampal_context,0.005625334157875566,0.14158411635404813,0.016619314632061802,0.049651113560491865,0.13826498246442148,0.12079036361116291,0.2557590916547412,0.0007326642824872434,0.001043476593256362,0.001906059463926281,0.0017805556237787544,0.002090900883182462,1.0,0.05422593268829336,0.1926066000119169,1.8286022729332123,True,0.45851564249450266,0.0017805556237787544,0.0674523969623343,0.025868692983774432,0.09161444770691829,0.06574575472314385,1.0,,,,,0.00010617447797911517,-5.067400907435756,0.24629292658513807,0.5,31.558756650538772,0.9999598847668326
dt_reference_0.25ms,dt_0.25ms_severity_1.0,High AD-like perturbation,1.0,313,2Hz,60.0,0.02,0.25,ac884c60d8359016,angular_parietal_context,0.018377296815141383,0.30989802414953804,0.04147476350017927,0.08989317831314679,0.2504777782955286,0.24666811827716678,0.5724025512842604,0.0014330380968314146,0.0026644239350296713,0.006271073687555507,0.003945489738013815,0.007600723115430387,1.0,0.1079665203788518,0.42273342332845043,1.9691641706030392,True,0.45148683008526724,0.003945489738013815,0.04698740219529934,0.02301960613779942,0.0621599422868607,0.039140336149061275,1.0,,,,,7.419784073514624e-05,-1.1827106805358856,0.2392842163766964,0.0,31.558756650538772,0.9999598847668326
dt_reference_0.25ms,dt_0.25ms_severity_1.0,High AD-like perturbation,1.0,313,5Hz,60.0,0.02,0.25,ac884c60d8359016,semantic_expanded,0.012534720757381955,0.236986091649266,0.0796854278593619,0.13357400332922975,0.21222257799192393,0.2653608211713168,0.3674634089875611,0.006625671357780211,0.012184887267553547,0.017275194656910145,0.02629306789886463,0.028717664548131374,1.0,0.1304181657631394,0.3076631854017867,1.2382069883541735,True,0.2700370835472509,0.017275194656910145,0.027222838319150743,0.012566700447272483,0.03567734808508959,0.02311064763781711,1.0,,,,,0.0005415196346214568,-0.0996034552659116,0.10905881426902442,0.15384615384615385,31.88401281400259,0.9999246088242866
dt_reference_0.25ms,dt_0.25ms_severity_1.0,High AD-like perturbation,1.0,313,5Hz,60.0,0.02,0.25,ac884c60d8359016,episodic_expanded,0.007100374035864878,0.12900111738177336,0.01942485116933852,0.05268114766313215,0.11345708426162102,0.12376420156256289,0.22450272180697683,0.0014729788042805226,0.0020102208046631695,0.0035512811525560584,0.005729456663815135,0.006061514672338853,1.0,0.05359073482035706,0.17387472469958,1.6979927274058055,True,0.4146875185469286,0.0035512811525560584,0.03574324408488381,0.03627645178377685,0.04228327547425387,0.006006823690477017,1.0,,,,,0.00023417919395996023,5.937042043966594,0.2530851971367105,0.5789473684210527,31.88401281400259,0.9999246088242866
dt_reference_0.25ms,dt_0.25ms_severity_1.0,High AD-like perturbation,1.0,313,5Hz,60.0,0.02,0.25,ac884c60d8359016,semantic_anatomical_core,0.011248477490244066,0.20293755832729649,0.05838630278134279,0.10200647341978028,0.17157269494766492,0.21136744608196809,0.33246677003098796,0.004033941820556133,0.006793927095598605,0.013440116845243657,0.018721750394936378,0.024115888567354284,1.0,0.10154887665842774,0.2673825165552275,1.3967308539350218,True,0.3035054531157628,0.013440116845243657,0.027612432002231964,0.017100679194233217,0.03451308109941376,0.017412401905180546,1.0,,,,,0.0006223880797613379,2.303777254165608,0.12804527015807732,0.2,31.88401281400259,0.9999246088242866
dt_reference_0.25ms,dt_0.25ms_severity_1.0,High AD-like perturbation,1.0,313,5Hz,60.0,0.02,0.25,ac884c60d8359016,episodic_anatomical_core,0.007575646924342718,0.1269074056368568,0.018622548573486487,0.05118374670557741,0.10846470764316031,0.12361966281507829,0.22131336022483908,0.0015155404835291567,0.0020053399118206694,0.0034066802342884285,0.005419861715188403,0.0059433679952502,1.0,0.051911089697629365,0.17128094482148326,1.7222499814056613,True,0.42070434018315184,0.0034066802342884285,0.03990040876882503,0.03436993890386823,0.04917036677679369,0.014800427872925459,1.0,,,,,0.0002435353142239971,6.246871003327677,0.27377986896135853,0.6875,31.88401281400259,0.9999246088242866
dt_reference_0.25ms,dt_0.25ms_severity_1.0,High AD-like perturbation,1.0,313,5Hz,60.0,0.02,0.25,ac884c60d8359016,semantic_platel_peaks,0.013534563251026383,0.22771580686428808,0.08750167975648541,0.1407968401536673,0.2113767697206896,0.25702498942282564,0.3438836081495766,0.006619378293707228,0.012252855962293085,0.014541340280004648,0.021559437113185725,0.024270816316787475,1.0,0.135275828310176,0.29132409783522245,1.1067209685581123,True,0.2408684569589748,0.014541340280004648,0.02180905525345298,-0.0018354005372159372,0.03308672640422069,0.03492212694143663,1.0,,,,,0.00038562375663631077,-3.2509814284158436,0.10905881426902442,0.0,31.88401281400259,0.9999246088242866
dt_reference_0.25ms,dt_0.25ms_severity_1.0,High AD-like perturbation,1.0,313,5Hz,60.0,0.02,0.25,ac884c60d8359016,episodic_platel_peaks,0.004394753629009023,0.08384086118727226,0.01121008459479692,0.03716259926918569,0.07572877566212063,0.07080772960534527,0.15088806276221653,0.0008713426334632904,0.0013332265063105474,0.001901326710928231,0.0042183288342197926,0.00438781469939598,1.0,0.03541426238495994,0.11302339677483747,1.6742190543378541,True,0.42156373270170794,0.001901326710928231,0.024372412717932446,0.056305457096657935,0.019614542064399873,0.03669091503225806,1.0,,,,,0.00031205909435100265,5.473100583795834,0.11986435690642475,0.25,31.88401281400259,0.9999246088242866
dt_reference_0.25ms,dt_0.25ms_severity_1.0,High AD-like perturbation,1.0,313,5Hz,60.0,0.02,0.25,ac884c60d8359016,semantic_expanded_left,0.010811383160698738,0.20239621933936158,0.06396481579932346,0.10638070345476132,0.17699160077185574,0.2113327945948812,0.32959056084683347,0.0033355274540883815,0.008617644788319874,0.008455717676279523,0.01572318009825245,0.0161793128365623,1.0,0.10636832021681948,0.2647065040599737,1.3153251079858184,True,0.2860464549607927,0.008617644788319874,0.024460389275725573,0.003924676943246335,0.03476262588313539,0.030837948939889052,1.0,,,,,0.0005415196346214568,5.347401625141942,0.17485904062631835,0.2857142857142857,31.88401281400259,0.9999246088242866
dt_reference_0.25ms,dt_0.25ms_severity_1.0,High AD-like perturbation,1.0,313,5Hz,60.0,0.02,0.25,ac884c60d8359016,episodic_expanded_left,0.011082082912535006,0.2074638971316842,0.03820625720454761,0.07857729333801115,0.19954515212815477,0.21000869409904135,0.3475130035926161,0.002427231172587698,0.0031628774886572524,0.007557964976753637,0.00924638014012914,0.009055308398993114,1.0,0.087449112339275,0.2788406405890924,1.6729252019689689,True,0.3894318461919075,0.007557964976753637,0.03443507518465085,0.019489858107694633,0.04426562544915613,0.0247757673414615,1.0,,,,,0.0002080277874748626,5.536943377389747,0.30134721457236846,0.75,31.88401281400259,0.9999246088242866
dt_reference_0.25ms,dt_0.25ms_severity_1.0,High AD-like perturbation,1.0,313,5Hz,60.0,0.02,0.25,ac884c60d8359016,semantic_expanded_right,0.014545281286845714,0.27748743439236745,0.09926968965330361,0.16771852211885818,0.25446644028940835,0.3332013166612484,0.40968817977621064,0.013161193108304693,0.017228776698271765,0.035293556603872525,0.04396854931472434,0.0509727616636054,1.0,0.15990567423036328,0.3575908948203559,1.1610888687225283,True,0.25402771213370906,0.035293556603872525,0.029985287362575913,0.021208723951298632,0.036592070287043796,0.015383346335745163,1.0,,,,,0.0005444401407687649,-8.547352807562413,0.08359394421064012,0.0,31.88401281400259,0.9999246088242866
dt_reference_0.25ms,dt_0.25ms_severity_1.0,High AD-like perturbation,1.0,313,5Hz,60.0,0.02,0.25,ac884c60d8359016,episodic_expanded_right,0.0042045857619229686,0.08021293591715038,0.009875995990155243,0.03531940591496809,0.06450925934237382,0.07293782599874095,0.145034780217392,0.0008938854207061672,0.001277630163669783,0.0016686499425824185,0.0035502189143260987,0.004057505112367526,1.0,0.032841578167694875,0.10842185638895481,1.7230602528426426,True,0.4399431909019496,0.0016686499425824185,0.037051412985116765,0.053063045459859064,0.04030092549935161,0.012762119960507454,1.0,,,,,0.00047414912912946416,5.937042043966594,0.20320482375674692,0.45454545454545453,31.88401281400259,0.9999246088242866
dt_reference_0.25ms,dt_0.25ms_severity_1.0,High AD-like perturbation,1.0,313,5Hz,60.0,0.02,0.25,ac884c60d8359016,shared_auditory_relay,0.009635802394913585,0.12250871756992698,0.02725760157890476,0.057126293315176484,0.11172001110812861,0.12273606945617577,0.20148296972892538,0.003810288287050734,0.005027331154966839,0.005155128464221648,0.008930197148262244,0.006348175779487638,1.0,0.056776542226362005,0.1618799168581227,1.5115571185156662,True,0.3437593602007113,0.005155128464221648,0.05144644833989438,0.06275902773781901,0.05952659645164658,0.003232431286172427,1.0,,,,,0.0005661299427518474,7.044529633822114,0.29986475808714763,0.7857142857142857,31.88401281400259,0.9999246088242866
dt_reference_0.25ms,dt_0.25ms_severity_1.0,High AD-like perturbation,1.0,313,5Hz,60.0,0.02,0.25,ac884c60d8359016,anterior_temporal_context,0.01910932737706185,0.3249215973060985,0.0763331952846434,0.1458015098378803,0.234940288973275,0.4378234894946222,0.4523082484970063,0.008570131648286157,0.018055451927280582,0.02051586828599104,0.07206834346830665,0.042984085339500815,1.0,0.13736989241711273,0.43386697843994243,1.659186946016876,True,0.33600956666487125,0.02051586828599104,0.03236442112475301,-0.00349374080288279,0.04793574310985846,0.05142948391274125,1.0,,,,,0.0005221639007022549,2.6986161091543734,0.16001158241750235,0.2222222222222222,31.88401281400259,0.9999246088242866
dt_reference_0.25ms,dt_0.25ms_severity_1.0,High AD-like perturbation,1.0,313,5Hz,60.0,0.02,0.25,ac884c60d8359016,hippocampal_context,0.00442093144018126,0.07997418483201758,0.008837501907885407,0.029460670693318362,0.07046423711982965,0.06737840450972962,0.14548691192823474,0.0009377959091773823,0.0010965073840805521,0.0015513892473747583,0.004374146063398337,0.003070262809455552,1.0,0.02932970051607804,0.10903668466223951,1.8943793567514877,True,0.4637854937715159,0.0015513892473747583,0.04284493493320195,0.024476327947337825,0.05644801765532276,0.03197168970798493,1.0,,,,,0.0003767378067768279,5.951088951352023,0.2813964699484503,1.0,31.88401281400259,0.9999246088242866
dt_reference_0.25ms,dt_0.25ms_severity_1.0,High AD-like perturbation,1.0,313,5Hz,60.0,0.02,0.25,ac884c60d8359016,angular_parietal_context,0.01616400720883197,0.18469740820864197,0.02469788571513878,0.05562107904725522,0.13736210874051458,0.1448237489745923,0.3404356155465697,0.0015745692176524699,0.0028645543342596526,0.0051219934600460005,0.007283000384187264,0.009734086408629227,1.0,0.061373387895270075,0.2522697311864776,2.0392819840863954,True,0.447521980936274,0.0051219934600460005,0.027614494670224823,0.0270186026115408,0.0325259969096603,0.0055073942981195,1.0,,,,,0.00018109444025787846,6.334403031591555,0.28097743251032675,0.6666666666666666,31.88401281400259,0.9999246088242866
dt_reference_0.25ms,dt_0.25ms_severity_1.0,High AD-like perturbation,1.0,347,pulse,60.0,0.02,0.25,ac884c60d8359016,semantic_expanded,0.0003941647997574195,0.008859455988417047,,,,,,,,,,,1.0,,,,False,,,,,,,,814.5,697.5,0.8461538461538461,0.019204593901326773,,,,,,
dt_reference_0.25ms,dt_0.25ms_severity_1.0,High AD-like perturbation,1.0,347,pulse,60.0,0.02,0.25,ac884c60d8359016,episodic_expanded,0.001008408816197492,0.023180004359010707,,,,,,,,,,,1.0,,,,False,,,,,,,,449.0,386.5,0.8947368421052632,0.0051054777360671705,,,,,,
dt_reference_0.25ms,dt_0.25ms_severity_1.0,High AD-like perturbation,1.0,347,pulse,60.0,0.02,0.25,ac884c60d8359016,semantic_anatomical_core,0.00046925077839006567,0.010511430676546158,,,,,,,,,,,1.0,,,,False,,,,,,,,757.0,640.0,0.8,0.02920355779406192,,,,,,
dt_reference_0.25ms,dt_0.25ms_severity_1.0,High AD-like perturbation,1.0,347,pulse,60.0,0.02,0.25,ac884c60d8359016,episodic_anatomical_core,0.0010170186461042996,0.022259390874456136,,,,,,,,,,,1.0,,,,False,,,,,,,,438.5,376.0,0.875,0.005021707901440756,,,,,,
dt_reference_0.25ms,dt_0.25ms_severity_1.0,High AD-like perturbation,1.0,347,pulse,60.0,0.02,0.25,ac884c60d8359016,semantic_platel_peaks,0.0002795359995757571,0.0064114801601090595,,,,,,,,,,,1.0,,,,False,,,,,,,,873.0,753.5,0.8,0.019204593901326773,,,,,,
dt_reference_0.25ms,dt_0.25ms_severity_1.0,High AD-like perturbation,1.0,347,pulse,60.0,0.02,0.25,ac884c60d8359016,episodic_platel_peaks,0.000911836058045762,0.020088662465693498,,,,,,,,,,,1.0,,,,False,,,,,,,,528.0,528.0,1.0,0.00997978290942342,,,,,,
dt_reference_0.25ms,dt_0.25ms_severity_1.0,High AD-like perturbation,1.0,347,pulse,60.0,0.02,0.25,ac884c60d8359016,semantic_expanded_left,0.00043175749501155205,0.0101702461000478,,,,,,,,,,,1.0,,,,False,,,,,,,,762.0,528.0,0.7142857142857143,0.019204593901326773,,,,,,
dt_reference_0.25ms,dt_0.25ms_severity_1.0,High AD-like perturbation,1.0,347,pulse,60.0,0.02,0.25,ac884c60d8359016,episodic_expanded_left,0.0012990694183821617,0.030600176809065113,,,,,,,,,,,1.0,,,,False,,,,,,,,556.0,452.0,0.875,0.006305999046676955,,,,,,
dt_reference_0.25ms,dt_0.25ms_severity_1.0,High AD-like perturbation,1.0,347,pulse,60.0,0.02,0.25,ac884c60d8359016,semantic_expanded_right,0.0003503066552942649,0.007717606795211162,,,,,,,,,,,1.0,,,,False,,,,,,,,867.0,867.0,1.0,0.026777182195260693,,,,,,
dt_reference_0.25ms,dt_0.25ms_severity_1.0,High AD-like perturbation,1.0,347,pulse,60.0,0.02,0.25,ac884c60d8359016,episodic_expanded_right,0.0007970192873359137,0.017559133904238747,,,,,,,,,,,1.0,,,,False,,,,,,,,342.0,321.0,0.9090909090909091,0.0051054777360671705,,,,,,
dt_reference_0.25ms,dt_0.25ms_severity_1.0,High AD-like perturbation,1.0,347,pulse,60.0,0.02,0.25,ac884c60d8359016,shared_auditory_relay,0.0008089979230231755,0.01782579997220966,,,,,,,,,,,1.0,,,,False,,,,,,,,331.0,331.0,1.0,0.0014420979532590152,,,,,,
dt_reference_0.25ms,dt_0.25ms_severity_1.0,High AD-like perturbation,1.0,347,pulse,60.0,0.02,0.25,ac884c60d8359016,anterior_temporal_context,0.0007392812426293819,0.016705374658506866,,,,,,,,,,,1.0,,,,False,,,,,,,,1128.0,935.5,0.8888888888888888,0.03540478954693785,,,,,,
dt_reference_0.25ms,dt_0.25ms_severity_1.0,High AD-like perturbation,1.0,347,pulse,60.0,0.02,0.25,ac884c60d8359016,hippocampal_context,0.0008731575767824331,0.016422943930096887,,,,,,,,,,,1.0,,,,False,,,,,,,,665.0,665.0,1.0,0.00327353028506536,,,,,,
dt_reference_0.25ms,dt_0.25ms_severity_1.0,High AD-like perturbation,1.0,347,pulse,60.0,0.02,0.25,ac884c60d8359016,angular_parietal_context,0.00042928651682389555,0.009717568528970613,,,,,,,,,,,1.0,,,,False,,,,,,,,375.0,323.0,0.8333333333333334,0.005024890827921798,,,,,,
dt_reference_0.25ms,dt_0.25ms_severity_1.0,High AD-like perturbation,1.0,347,2Hz,60.0,0.02,0.25,ac884c60d8359016,semantic_expanded,0.011171125036186171,0.29115767824832395,0.1156082989547889,0.19075590612326987,0.23896787682488005,0.31066315074659745,0.46466901915615194,0.00559935197043153,0.007587669233001116,0.014819970571081123,0.019847858815748888,0.023175430153099443,1.0,0.17336940029523507,0.3726782570410637,1.10408136586554,True,0.23587701940626815,0.014819970571081123,0.01812854026939064,0.021066505972680612,0.019774824660802846,0.001291681311877766,1.0,,,,,0.00028252173827003624,-2.71661732933914,0.13782269418749993,0.07692307692307693,31.51847552417701,0.9999822182086183
dt_reference_0.25ms,dt_0.25ms_severity_1.0,High AD-like perturbation,1.0,347,2Hz,60.0,0.02,0.25,ac884c60d8359016,episodic_expanded,0.005316275867908274,0.12906572022527585,0.026464908549833965,0.04250925276669457,0.06883206231350102,0.1079709446575902,0.250035831991733,0.0015227430611211095,0.001838677257457657,0.0024454595677683077,0.0039816273812386515,0.0055191675191082245,1.0,0.04278890169802372,0.1764051484134017,2.0435841132302435,True,0.39123794478567575,0.0024454595677683077,0.029902293240352835,0.043452885537277136,0.03102942826828181,0.012423457268995325,1.0,,,,,0.00023610229554638096,6.812768759357289,0.16683142815657456,0.42105263157894735,31.51847552417701,0.9999822182086183
dt_reference_0.25ms,dt_0.25ms_severity_1.0,High AD-like perturbation,1.0,347,2Hz,60.0,0.02,0.25,ac884c60d8359016,semantic_anatomical_core,0.009490374317999716,0.23021136440505877,0.08266767878880957,0.14295402398965026,0.1659668216159587,0.21636977792625672,0.3841658664541273,0.003901960456341209,0.003601120445022924,0.008115595493303108,0.011903697689460918,0.014066214819213654,1.0,0.12661272335627596,0.2979609544188738,1.2347008995761528,True,0.2515307941369773,0.008115595493303108,0.016193208288128702,0.010042244740040026,0.020608228474230023,0.010565983734189996,1.0,,,,,0.00013279903897295275,-2.988835453372311,0.13849285778134288,0.0,31.51847552417701,0.9999822182086183
dt_reference_0.25ms,dt_0.25ms_severity_1.0,High AD-like perturbation,1.0,347,2Hz,60.0,0.02,0.25,ac884c60d8359016,episodic_anatomical_core,0.005654505464045768,0.12215648168721296,0.023948854613890513,0.04028653712396895,0.067073262361323,0.11020236714754558,0.2327128767090456,0.0014893561746847782,0.0018239333818312982,0.002470109754095444,0.0036346596996792426,0.004652145429173175,1.0,0.040750733330385855,0.16698188814040932,2.03479370107819,True,0.4006415230713942,0.002470109754095444,0.027430326671853397,0.03918677623032993,0.029313710574016816,0.009873065656313112,1.0,,,,,0.00024562094011509883,7.785090712393297,0.1688668272359558,0.4375,31.51847552417701,0.9999822182086183
dt_reference_0.25ms,dt_0.25ms_severity_1.0,High AD-like perturbation,1.0,347,2Hz,60.0,0.02,0.25,ac884c60d8359016,semantic_platel_peaks,0.01253279085033962,0.30104667011012703,0.12500472087842715,0.19614992603677267,0.2630768517904952,0.3388395390991804,0.47856629576442566,0.004965319841529887,0.006916668211832762,0.011687465423209297,0.01402462864704898,0.02182422038511001,1.0,0.1825536536065785,0.38540321883434386,1.0780480778887713,True,0.23310589352628602,0.011687465423209297,0.01837779743166416,0.02840676560538041,0.018078382412491854,0.010328383192888556,1.0,,,,,0.0003336024527686998,-3.261053577405483,0.13782269418749993,0.2,31.51847552417701,0.9999822182086183
dt_reference_0.25ms,dt_0.25ms_severity_1.0,High AD-like perturbation,1.0,347,2Hz,60.0,0.02,0.25,ac884c60d8359016,episodic_platel_peaks,0.0031117422809484826,0.0826929959387143,0.022098009482773597,0.029181582767770095,0.042585927726808026,0.052863144772217714,0.16852261074298625,0.0010252189524732275,0.0010468376134710917,0.000938241545614062,0.0026011722508491363,0.003508243276381194,1.0,0.029503413360150398,0.11295136432514154,1.936747916941886,True,0.335955590246376,0.0010468376134710917,0.05211155639239735,0.08208015598045225,0.0487070718828736,0.03337308409757865,1.0,,,,,0.0002049718552620261,1.9607413607545954,0.1871294853909397,0.5,31.51847552417701,0.9999822182086183
dt_reference_0.25ms,dt_0.25ms_severity_1.0,High AD-like perturbation,1.0,347,2Hz,60.0,0.02,0.25,ac884c60d8359016,semantic_expanded_left,0.009134796849094252,0.23547963166900993,0.08414592316417153,0.14599351788610473,0.18296824617170107,0.2258685219117593,0.398794412717204,0.004472603940675378,0.008566188997787012,0.016342296093424743,0.015058105346966786,0.015921018277717004,1.0,0.13193590854529816,0.3051696316541482,1.209774130991195,True,0.2559469371319865,0.015058105346966786,0.026890552827808206,0.04241757895866719,0.024740339581761122,0.01767723937690607,1.0,,,,,0.00028252173827003624,0.41843482331704374,0.11293412812119127,0.0,31.51847552417701,0.9999822182086183
dt_reference_0.25ms,dt_0.25ms_severity_1.0,High AD-like perturbation,1.0,347,2Hz,60.0,0.02,0.25,ac884c60d8359016,episodic_expanded_left,0.00884678422706097,0.22805515280288735,0.04139077344491301,0.07528089870272395,0.1189972368047401,0.18409237334240686,0.44124951232312387,0.002421892745287541,0.0034372089620474645,0.006216762733535666,0.007625558629797654,0.012685380329983082,1.0,0.07240355362182843,0.3107115443805982,2.101443432558102,True,0.4059250622758035,0.006216762733535666,0.011985444920819691,0.004410589659893712,0.01753287541679094,0.013122285756897226,1.0,,,,,0.00022789734658584804,7.402124168978359,0.15323341834962934,0.125,31.51847552417701,0.9999822182086183
dt_reference_0.25ms,dt_0.25ms_severity_1.0,High AD-like perturbation,1.0,347,2Hz,60.0,0.02,0.25,ac884c60d8359016,semantic_expanded_right,0.013546841254460075,0.36000053593642084,0.15883453748726165,0.24924268041336806,0.3121068674430095,0.4272910293781777,0.5414250813906291,0.007009952793638401,0.006720926237362394,0.01343945345697648,0.0261611597536906,0.03373531475263206,1.0,0.22781477226429114,0.455120919202634,0.9983886007398852,False,0.2158071016805499,0.01343945345697648,0.009366527710973077,-0.0002845670133059637,0.014809309739844567,0.01509387675315053,1.0,,,,,0.00019929050123995706,-3.572666194106506,0.13849285778134288,0.16666666666666666,31.51847552417701,0.9999822182086183
dt_reference_0.25ms,dt_0.25ms_severity_1.0,High AD-like perturbation,1.0,347,2Hz,60.0,0.02,0.25,ac884c60d8359016,episodic_expanded_right,0.0027486334248881298,0.07304355956239665,0.01692143746681192,0.02400391868219481,0.0398148136002849,0.06332540929639353,0.14168382181466688,0.0009574108658214723,0.0009835695456461816,0.0009619592630308397,0.002078976422931265,0.0024012847318405812,1.0,0.025287296229768948,0.10015326739400492,1.9857247939023852,True,0.3765508272955478,0.0009835695456461816,0.04781914155988598,0.08249518141466056,0.044525981119772684,0.03796920029488787,1.0,,,,,0.0002897792370003538,6.812768759357289,0.21704993097321507,0.6363636363636364,31.51847552417701,0.9999822182086183
dt_reference_0.25ms,dt_0.25ms_severity_1.0,High AD-like perturbation,1.0,347,2Hz,60.0,0.02,0.25,ac884c60d8359016,shared_auditory_relay,0.007901740366819692,0.10619258105059538,0.03589743294951778,0.059378275494199474,0.08065353624380442,0.11163091854921547,0.17931434964900342,0.00312082396152935,0.003511687101021103,0.0035517566536783338,0.006251819803020839,0.0062279801492115035,1.0,0.054656229216171796,0.13940961231268698,1.3508722031238567,True,0.2775903144027452,0.0035517566536783338,0.04833333081443622,0.08696828611869681,0.043828298304971106,0.0431399878137257,1.0,,,,,0.001071766307111477,10.682088623547774,0.2451648170333161,0.7857142857142857,31.51847552417701,0.9999822182086183
dt_reference_0.25ms,dt_0.25ms_severity_1.0,High AD-like perturbation,1.0,347,2Hz,60.0,0.02,0.25,ac884c60d8359016,anterior_temporal_context,0.013878446093382865,0.33653775188692636,0.1063497638707551,0.1717064604304057,0.24878064678178818,0.36414177645083273,0.5558900930156971,0.0045100449754287494,0.005985623250879817,0.009896253105751377,0.009306005948070592,0.016845543971718814,1.0,0.15697860378492906,0.4442271034505441,1.5007294852513349,True,0.2928260812283948,0.009306005948070592,0.03903323050707859,0.07803513103847509,0.031169376045925724,0.04686575499254937,1.0,,,,,0.00035026503153623434,1.0275518820053349,0.20099668972256063,0.3333333333333333,31.51847552417701,0.9999822182086183
dt_reference_0.25ms,dt_0.25ms_severity_1.0,High AD-like perturbation,1.0,347,2Hz,60.0,0.02,0.25,ac884c60d8359016,hippocampal_context,0.002503390598261882,0.056011811152286026,0.014959663923338997,0.02651432215155897,0.04521182239565029,0.049008213028252576,0.10277106924745723,0.0006590140863021328,0.0009650131120160711,0.0008215231009359082,0.001300917622016154,0.0010993686639923978,1.0,0.025913368192502353,0.07463733327588495,1.5262008932284712,True,0.3223410362064236,0.0009650131120160711,0.016457953628854247,0.012351258989625268,0.02234531877249786,0.009994059782872593,1.0,,,,,0.000263222185130918,4.271237666493879,0.18923613787488427,0.0,31.51847552417701,0.9999822182086183
dt_reference_0.25ms,dt_0.25ms_severity_1.0,High AD-like perturbation,1.0,347,2Hz,60.0,0.02,0.25,ac884c60d8359016,angular_parietal_context,0.007503727888514192,0.11036410806924364,0.03573778424648797,0.05205153924125502,0.08622195068091708,0.12273137924301931,0.18413049905091247,0.0015099397134970213,0.0021994903814602554,0.0024265727941053536,0.0034015344936362685,0.004406431418399065,1.0,0.04934010717533166,0.14670240082408978,1.5720597267556071,True,0.29839522292651044,0.0024265727941053536,0.013381475895792984,0.013555768770878497,0.015719832002476855,0.0021640632315983576,1.0,,,,,0.00019144196363823918,3.483213447218989,0.21283336414940818,0.6666666666666666,31.51847552417701,0.9999822182086183
dt_reference_0.25ms,dt_0.25ms_severity_1.0,High AD-like perturbation,1.0,347,5Hz,60.0,0.02,0.25,ac884c60d8359016,semantic_expanded,0.012897045699941594,0.24437460058932545,0.07989486482465283,0.12987115425828744,0.17916146636712252,0.24774570096109058,0.3999173488026036,0.007476348690621043,0.012752996805910584,0.019356635960575096,0.026351529000948802,0.028338254930846095,1.0,0.12231525790033006,0.31725991517651725,1.375060872297341,True,0.2789416681967892,0.019356635960575096,-0.0001404836097368173,-0.03363916834025641,0.00841231235166257,0.04205148069191898,1.0,,,,,0.0005224527354049657,1.519592581967081,0.12426489782098749,0.15384615384615385,31.84966242021785,0.9999298480896609
dt_reference_0.25ms,dt_0.25ms_severity_1.0,High AD-like perturbation,1.0,347,5Hz,60.0,0.02,0.25,ac884c60d8359016,episodic_expanded,0.009355653694641811,0.1551207971716543,0.018984600476035073,0.03157643494052077,0.05428736352922923,0.117679016543377,0.30989564244185414,0.0012637007452630383,0.0016366589928104647,0.0030243880162553935,0.0048432739919242835,0.009335792662810784,1.0,0.030972218679131143,0.2161434101043571,2.802942212695543,True,0.49778493720996714,0.0030243880162553935,0.012154448241769169,0.014125922120710156,0.015514073579814349,0.0013881514591041928,1.0,,,,,0.00015155496188445916,6.287710786413388,0.14728278759797978,0.21052631578947367,31.84966242021785,0.9999298480896609
dt_reference_0.25ms,dt_0.25ms_severity_1.0,High AD-like perturbation,1.0,347,5Hz,60.0,0.02,0.25,ac884c60d8359016,semantic_anatomical_core,0.011396576764320907,0.21436898725723216,0.053769789262603826,0.09195811431635076,0.1374918063048866,0.19619537965364925,0.3631375246079831,0.003967522720762306,0.007598630005376428,0.016506098721301123,0.01499835987348479,0.02127077994908301,1.0,0.08678612711653196,0.2818616488861298,1.6994508435661055,True,0.3302269435044145,0.01499835987348479,-0.0053464869504990225,-0.03544605898124426,0.0017180543255264922,0.03716411330677075,1.0,,,,,0.0004228007176810822,1.785883696971112,0.12414905204310836,0.2,31.84966242021785,0.9999298480896609
dt_reference_0.25ms,dt_0.25ms_severity_1.0,High AD-like perturbation,1.0,347,5Hz,60.0,0.02,0.25,ac884c60d8359016,episodic_anatomical_core,0.010054920887937252,0.1432149934935813,0.01711566787527164,0.029542462225740862,0.05071784138001599,0.11474816138624969,0.2826018774409806,0.001266605877847948,0.0017136171038782647,0.002284206253751192,0.004446224708597538,0.008065052988805964,1.0,0.029180246763520663,0.19949695720613536,2.77330275354299,True,0.5024186085444792,0.002284206253751192,0.0206527248648172,0.026536052724550816,0.025074072758614573,0.0014619799659362429,1.0,,,,,0.00012590518222338476,5.969367289400803,0.15899932767505276,0.1875,31.84966242021785,0.9999298480896609
dt_reference_0.25ms,dt_0.25ms_severity_1.0,High AD-like perturbation,1.0,347,5Hz,60.0,0.02,0.25,ac884c60d8359016,semantic_platel_peaks,0.013976687845754754,0.24541180282587316,0.09110199032932216,0.14142892410067745,0.19995849917058722,0.2704003631501488,0.3984728305252101,0.006794098535541655,0.012894888187719677,0.019970472528403876,0.02613012959503602,0.02344796708160138,1.0,0.1360768396317909,0.31857320258150246,1.2272033767199497,True,0.2596436824653459,0.019970472528403876,0.01310947413477978,-0.02718362667711311,0.026033706537976993,0.053217333215090104,1.0,,,,,0.0006699974650932194,2.052174811975143,0.12426489782098749,0.0,31.84966242021785,0.9999298480896609
dt_reference_0.25ms,dt_0.25ms_severity_1.0,High AD-like perturbation,1.0,347,5Hz,60.0,0.02,0.25,ac884c60d8359016,episodic_platel_peaks,0.005061282475925824,0.0966056204007154,0.01256405601778045,0.0218539126488837,0.043509083327188246,0.07349529807666784,0.19438245527817663,0.0008205602002443292,0.0009521148892158994,0.0044543522138625995,0.003940071281544714,0.005517730641915203,1.0,0.021496759848524224,0.13476449369002083,2.6482493131070677,True,0.48264040019926374,0.003940071281544714,-0.018610295590467764,-0.032865037437325745,-0.018308557866231194,0.01455647957109455,1.0,,,,,0.0002548327448517185,6.521543090492511,0.1042181071532741,0.25,31.84966242021785,0.9999298480896609
dt_reference_0.25ms,dt_0.25ms_severity_1.0,High AD-like perturbation,1.0,347,5Hz,60.0,0.02,0.25,ac884c60d8359016,semantic_expanded_left,0.012494725863447461,0.234075115633695,0.059982294472946625,0.10003734941995343,0.15310237603807417,0.2097628212337916,0.4186968106757643,0.0035073694637244995,0.00870648631070084,0.013712655407482933,0.019446236779719496,0.02121420930705085,1.0,0.09635815276454816,0.31242027502242925,1.6970094408150855,True,0.33374074421080424,0.013712655407482933,-0.0035181210758678137,-0.05768972150777504,0.011002386372121456,0.06869210787989649,1.0,,,,,0.0010715605217985757,4.579187586836878,0.15932810568276357,0.2857142857142857,31.84966242021785,0.9999298480896609
dt_reference_0.25ms,dt_0.25ms_severity_1.0,High AD-like perturbation,1.0,347,5Hz,60.0,0.02,0.25,ac884c60d8359016,episodic_expanded_left,0.016668676566602494,0.31226954776193894,0.038943792221629366,0.0580688495376469,0.0852842085370807,0.20197838494881581,0.6385679780413164,0.0020761132524134544,0.0025140532591041076,0.0034424378889322278,0.00745287140555641,0.021630140199629194,1.0,0.05482833202090935,0.43454221866714415,2.986502861301214,True,0.49345572036319707,0.0034424378889322278,0.01588220363094757,0.017407058267962613,0.019578212678936856,0.0021711544109742423,1.0,,,,,0.00011834644154351537,5.603597241048936,0.14758841794425864,0.125,31.84966242021785,0.9999298480896609
dt_reference_0.25ms,dt_0.25ms_severity_1.0,High AD-like perturbation,1.0,347,5Hz,60.0,0.02,0.25,ac884c60d8359016,semantic_expanded_right,0.013366418842518083,0.2551272707973227,0.10641789350403238,0.16860219514188457,0.20965599529843412,0.29260634455470647,0.3819801866060903,0.015936670009208228,0.018680202521156174,0.027323617824288646,0.03570886689048442,0.03785466056746767,1.0,0.15526472733222293,0.3221745252307482,1.0531123037795964,True,0.22414259218277427,0.027323617824288646,0.003237153856394179,-0.009588615172737779,0.005822238331203684,0.015410853503941464,1.0,,,,,0.0004169985411414112,-8.686679753765235,0.0766675258598533,0.0,31.84966242021785,0.9999298480896609
dt_reference_0.25ms,dt_0.25ms_severity_1.0,High AD-like perturbation,1.0,347,5Hz,60.0,0.02,0.25,ac884c60d8359016,episodic_expanded_right,0.004037091605943134,0.07705670273527186,0.009254749850336782,0.017170501077458482,0.03455643066293229,0.06856352940006805,0.15039167716962445,0.0007691967534632013,0.0010654717234200172,0.002657106146280077,0.0031474181807781975,0.004029424859876123,1.0,0.017496033429251306,0.10751078197841551,2.6193815640898728,True,0.5021141540567372,0.002657106146280077,0.008426692852590767,0.0108447859734577,0.01144993448069184,0.0006051485072341399,1.0,,,,,0.00021440987241772014,6.326139303612127,0.14728278759797978,0.2727272727272727,31.84966242021785,0.9999298480896609
dt_reference_0.25ms,dt_0.25ms_severity_1.0,High AD-like perturbation,1.0,347,5Hz,60.0,0.02,0.25,ac884c60d8359016,shared_auditory_relay,0.009795418395019262,0.11200042670138997,0.024625223993458654,0.0443086306387177,0.07234079517709974,0.12395116988161958,0.1893627124442508,0.0037187018310226596,0.004542539454846028,0.004593652671775922,0.007113061842639255,0.0051864613802032914,1.0,0.0411526673016821,0.1503906321465894,1.8696568573664931,True,0.36849996449386596,0.004593652671775922,0.03895611788917846,0.08183418338854175,0.04139060372665562,0.04044357966188612,1.0,,,,,0.0003369490833695643,7.567510908653238,0.20952419026410746,0.5714285714285714,31.84966242021785,0.9999298480896609
dt_reference_0.25ms,dt_0.25ms_severity_1.0,High AD-like perturbation,1.0,347,5Hz,60.0,0.02,0.25,ac884c60d8359016,anterior_temporal_context,0.019081258995273527,0.3399698905135308,0.06975844885437026,0.12986974238989696,0.2152880796135422,0.33377255570498376,0.5726485480489248,0.006295986603713916,0.018326478918443096,0.03352822887582287,0.04491029815210133,0.055217318175656956,1.0,0.11742269334832403,0.4575719956984896,1.962287505489435,True,0.37181101135592426,0.03352822887582287,0.012561714878052473,-0.04650099740581353,0.028220491088188658,0.07472148849400219,1.0,,,,,0.0005277107158259131,0.9248524646312807,0.1493461803952248,0.1111111111111111,31.84966242021785,0.9999298480896609
dt_reference_0.25ms,dt_0.25ms_severity_1.0,High AD-like perturbation,1.0,347,5Hz,60.0,0.02,0.25,ac884c60d8359016,hippocampal_context,0.003982255689921365,0.06776641185235197,0.009687772324119407,0.020243627216158223,0.045381475954526435,0.07041464246181554,0.12380355115588447,0.0007037443304374767,0.0011045362136276593,0.0004696649814964636,0.00226158619652968,0.002403772709762631,1.0,0.01964780513404007,0.09354440505276251,2.2512832102730562,True,0.4574947751987738,0.0011045362136276593,0.02332688868028108,0.024860506620326184,0.03021065800090742,0.005350151380581238,1.0,,,,,0.0001621944118692653,4.218111508751746,0.12481369457145888,0.5,31.84966242021785,0.9999298480896609
dt_reference_0.25ms,dt_0.25ms_severity_1.0,High AD-like perturbation,1.0,347,5Hz,60.0,0.02,0.25,ac884c60d8359016,angular_parietal_context,0.009675270193608738,0.12345050054405561,0.023827221319113464,0.04085629324644147,0.08773503684432073,0.13883894247674655,0.20911399337556336,0.0014285208492199144,0.002542735029552821,0.00477050584267264,0.004532876224593941,0.00847237388536212,1.0,0.039415625159634905,0.16718037957799808,2.0845659795263876,True,0.4015998012860655,0.004532876224593941,0.013425078009442011,0.020467953796623688,0.014991373793472835,0.005476580003150853,1.0,,,,,0.0001327196008377718,5.324182561288655,0.1666865656626778,0.0,31.84966242021785,0.9999298480896609
dt_reference_0.25ms,dt_0.25ms_severity_1.0,High AD-like perturbation,1.0,383,pulse,60.0,0.02,0.25,ac884c60d8359016,semantic_expanded,0.0004171404090065454,0.009448361710275733,,,,,,,,,,,1.0,,,,False,,,,,,,,967.5,890.5,0.8461538461538461,0.057854750379868945,,,,,,
dt_reference_0.25ms,dt_0.25ms_severity_1.0,High AD-like perturbation,1.0,383,pulse,60.0,0.02,0.25,ac884c60d8359016,episodic_expanded,0.0010071429624862217,0.022984345264927087,,,,,,,,,,,1.0,,,,False,,,,,,,,428.5,384.0,0.9473684210526315,0.02993095236801687,,,,,,
dt_reference_0.25ms,dt_0.25ms_severity_1.0,High AD-like perturbation,1.0,383,pulse,60.0,0.02,0.25,ac884c60d8359016,semantic_anatomical_core,0.0004904766295924978,0.011109127535711636,,,,,,,,,,,1.0,,,,False,,,,,,,,1125.0,1048.0,0.8,0.03613835072952347,,,,,,
dt_reference_0.25ms,dt_0.25ms_severity_1.0,High AD-like perturbation,1.0,383,pulse,60.0,0.02,0.25,ac884c60d8359016,episodic_anatomical_core,0.001013295131959519,0.021589082124482344,,,,,,,,,,,1.0,,,,False,,,,,,,,420.0,375.5,0.9375,0.02548343900101797,,,,,,
dt_reference_0.25ms,dt_0.25ms_severity_1.0,High AD-like perturbation,1.0,383,pulse,60.0,0.02,0.25,ac884c60d8359016,semantic_platel_peaks,0.00031551329079806294,0.007336128248258738,,,,,,,,,,,1.0,,,,False,,,,,,,,1697.5,1148.0,0.8,0.06617398609507863,,,,,,
dt_reference_0.25ms,dt_0.25ms_severity_1.0,High AD-like perturbation,1.0,383,pulse,60.0,0.02,0.25,ac884c60d8359016,episodic_platel_peaks,0.0009205469639106105,0.020295158655904984,,,,,,,,,,,1.0,,,,False,,,,,,,,521.0,521.0,1.0,0.03223679433493981,,,,,,
dt_reference_0.25ms,dt_0.25ms_severity_1.0,High AD-like perturbation,1.0,383,pulse,60.0,0.02,0.25,ac884c60d8359016,semantic_expanded_left,0.0004386765140793895,0.010329133439899304,,,,,,,,,,,1.0,,,,False,,,,,,,,916.0,762.0,0.7142857142857143,0.08608889776795496,,,,,,
dt_reference_0.25ms,dt_0.25ms_severity_1.0,High AD-like perturbation,1.0,383,pulse,60.0,0.02,0.25,ac884c60d8359016,episodic_expanded_left,0.001372349433865635,0.03231351570830403,,,,,,,,,,,1.0,,,,False,,,,,,,,541.0,452.0,0.875,0.03166102058413535,,,,,,
dt_reference_0.25ms,dt_0.25ms_severity_1.0,High AD-like perturbation,1.0,383,pulse,60.0,0.02,0.25,ac884c60d8359016,semantic_expanded_right,0.0003920149530882274,0.008642693942104285,,,,,,,,,,,1.0,,,,False,,,,,,,,1019.0,1019.0,1.0,0.018147019471318308,,,,,,
dt_reference_0.25ms,dt_0.25ms_severity_1.0,High AD-like perturbation,1.0,383,pulse,60.0,0.02,0.25,ac884c60d8359016,episodic_expanded_right,0.0007415382560284667,0.0163485809475574,,,,,,,,,,,1.0,,,,False,,,,,,,,316.0,316.0,1.0,0.017338494634114316,,,,,,
dt_reference_0.25ms,dt_0.25ms_severity_1.0,High AD-like perturbation,1.0,383,pulse,60.0,0.02,0.25,ac884c60d8359016,shared_auditory_relay,0.000863499519771128,0.018736955045416167,,,,,,,,,,,1.0,,,,False,,,,,,,,263.0,263.0,1.0,0.014979303814524225,,,,,,
dt_reference_0.25ms,dt_0.25ms_severity_1.0,High AD-like perturbation,1.0,383,pulse,60.0,0.02,0.25,ac884c60d8359016,anterior_temporal_context,0.0006765284592027662,0.015263428358992586,,,,,,,,,,,1.0,,,,False,,,,,,,,1189.0,1189.0,1.0,0.05224813169457021,,,,,,
dt_reference_0.25ms,dt_0.25ms_severity_1.0,High AD-like perturbation,1.0,383,pulse,60.0,0.02,0.25,ac884c60d8359016,hippocampal_context,0.0008740272250011544,0.01645245081479234,,,,,,,,,,,1.0,,,,False,,,,,,,,644.0,644.0,1.0,0.015644334152529728,,,,,,
dt_reference_0.25ms,dt_0.25ms_severity_1.0,High AD-like perturbation,1.0,383,pulse,60.0,0.02,0.25,ac884c60d8359016,angular_parietal_context,0.00047871413997625935,0.010716410805180982,,,,,,,,,,,1.0,,,,False,,,,,,,,360.0,360.0,1.0,0.03257914724775721,,,,,,
dt_reference_0.25ms,dt_0.25ms_severity_1.0,High AD-like perturbation,1.0,383,2Hz,60.0,0.02,0.25,ac884c60d8359016,semantic_expanded,0.017473266446362143,0.4553376205042887,0.11275176783073096,0.19921329243952138,0.43017182460694375,0.49611830382312094,0.7257890189108624,0.0055164178630093584,0.010056762681187189,0.028362491549027615,0.027637038097791545,0.03260486327017697,1.0,0.2058235445313273,0.5976264585665023,1.5378359974237366,True,0.33445853111569823,0.027637038097791545,0.0292490874155497,0.01693111514764037,0.038098998531736816,0.021167883384096448,1.0,,,,,0.00013370664152978495,-4.67093978523375,0.12916729214405936,0.07692307692307693,31.545661967080783,0.9998820652255406
dt_reference_0.25ms,dt_0.25ms_severity_1.0,High AD-like perturbation,1.0,383,2Hz,60.0,0.02,0.25,ac884c60d8359016,episodic_expanded,0.013205989829435114,0.3332914312789372,0.027668567355559105,0.08257468975735338,0.38070220874313476,0.4884849755850407,0.41038188406222675,0.0015219590748165345,0.0032909951320587044,0.006302634907709426,0.008975350539926565,0.007139827441173976,1.0,0.144934597634459,0.44678152085277906,1.6241674916449642,True,0.517291851606327,0.006302634907709426,0.08979315214968277,0.03959130759513012,0.12030845380941434,0.08071714621428422,1.0,,,,,3.1738949133885974e-05,-0.5869917558447317,0.13187121997566384,0.05263157894736842,31.545661967080783,0.9998820652255406
dt_reference_0.25ms,dt_0.25ms_severity_1.0,High AD-like perturbation,1.0,383,2Hz,60.0,0.02,0.25,ac884c60d8359016,semantic_anatomical_core,0.017070818543773073,0.4397116621973829,0.08119469770738275,0.14743917478769936,0.40074983666162145,0.48066830238175334,0.7106147306849863,0.003636027738278021,0.004233168178908131,0.011686844400740798,0.01749300298397276,0.027793622374444677,1.0,0.16370230489077034,0.5837011082664613,1.8341551726817875,True,0.3982071056091938,0.011686844400740798,0.04432795834742748,0.01807680660059631,0.060247091401702535,0.042170284801106225,1.0,,,,,9.880550484631101e-05,-5.2476104319609345,0.12893303200840595,0.0,31.545661967080783,0.9998820652255406
dt_reference_0.25ms,dt_0.25ms_severity_1.0,High AD-like perturbation,1.0,383,2Hz,60.0,0.02,0.25,ac884c60d8359016,episodic_anatomical_core,0.01400186721625999,0.32711428935453984,0.026193538406339863,0.08168771985623269,0.3679013566022585,0.4857249993889046,0.3984449773496932,0.0015000342224224437,0.0032456159253314563,0.006053162082685758,0.00850751045275521,0.007129858685111992,1.0,0.14268213481649972,0.43837975741595675,1.6193764753339437,True,0.5213071955029007,0.006053162082685758,0.09345074823785801,0.040524072963640016,0.1254899123228781,0.08496583935923807,1.0,,,,,3.2374548006086634e-05,0.15943914760908737,0.13141510447123453,0.0625,31.545661967080783,0.9998820652255406
dt_reference_0.25ms,dt_0.25ms_severity_1.0,High AD-like perturbation,1.0,383,2Hz,60.0,0.02,0.25,ac884c60d8359016,semantic_platel_peaks,0.014054306512053411,0.3323053137100063,0.12395240590538793,0.21158336183473433,0.33264229630410824,0.39529836687616166,0.46814025388702213,0.004751457568870243,0.013034824395364282,0.03255684360229593,0.029707192265518094,0.025395546533961623,1.0,0.20250905361058705,0.4189817404386523,1.0489009632046773,True,0.23680124545327558,0.025395546533961623,0.013128725880386667,0.015412880958887435,0.014117959583116537,0.001294921375770898,1.0,,,,,0.00013370664152978495,-4.67093978523375,0.17251991425154384,0.2,31.545661967080783,0.9998820652255406
dt_reference_0.25ms,dt_0.25ms_severity_1.0,High AD-like perturbation,1.0,383,2Hz,60.0,0.02,0.25,ac884c60d8359016,episodic_platel_peaks,0.008649364183079605,0.22782197223231182,0.02003787781764531,0.04332473870046504,0.2806177156815284,0.3276212744228981,0.2771281085244909,0.0009318044206159051,0.0020344723758998844,0.0038268044302124968,0.004596972545325438,0.0031918620660753455,1.0,0.09154430991195632,0.30760877134679343,1.748554520960313,True,0.5249134464537434,0.0031918620660753455,0.09456219927733889,0.05482154552582627,0.12226304771078647,0.0674415021849602,1.0,,,,,2.46367327265129e-05,-4.790059328339003,0.13029236723720394,0.0,31.545661967080783,0.9998820652255406
dt_reference_0.25ms,dt_0.25ms_severity_1.0,High AD-like perturbation,1.0,383,2Hz,60.0,0.02,0.25,ac884c60d8359016,semantic_expanded_left,0.016729005260724954,0.429159873467355,0.0825750637755259,0.14418361985744768,0.3810816190228796,0.5096384863027114,0.6813031764176041,0.00420344662644854,0.009239955702288022,0.01926202708118079,0.021293166975449418,0.018993974954351015,1.0,0.15243755798861627,0.5755059570453283,1.9166124598932481,True,0.39553023264592524,0.018993974954351015,0.02306264284334755,0.016979548663384494,0.030805905470859235,0.013826356807474741,1.0,,,,,6.390436816283707e-05,-3.4757502925172092,0.14503937016512913,0.0,31.545661967080783,0.9998820652255406
dt_reference_0.25ms,dt_0.25ms_severity_1.0,High AD-like perturbation,1.0,383,2Hz,60.0,0.02,0.25,ac884c60d8359016,episodic_expanded_left,0.020141475731110026,0.5167021613952434,0.04455357678107775,0.16167427395036765,0.5830265755691745,0.7250313020726871,0.6794684045402221,0.002603332708806108,0.005690494301390658,0.011767272779704251,0.020177740255030042,0.016088789976311146,1.0,0.2364161521567835,0.6893976253139444,1.5440077241731434,True,0.5013269880647621,0.011767272779704251,0.07788064211582271,0.02068128594280953,0.1086920663631103,0.08801078042030076,1.0,,,,,2.626500178581903e-05,-0.4183763873204269,0.15761369801042951,0.0,31.545661967080783,0.9998820652255406
dt_reference_0.25ms,dt_0.25ms_severity_1.0,High AD-like perturbation,1.0,383,2Hz,60.0,0.02,0.25,ac884c60d8359016,semantic_expanded_right,0.018341571162938865,0.4831121487929109,0.15395641937999935,0.27524580062444803,0.4855857366202623,0.4829567978155677,0.7731795743877603,0.007239503375124229,0.010945774945725675,0.04176252704236934,0.03587093811359456,0.0559691750369194,1.0,0.27790612787567004,0.620597197312084,1.1590595349542259,True,0.2733868295854712,0.03587093811359456,0.035435531987751845,0.016882681631896244,0.045392091592614404,0.02850940996071816,1.0,,,,,0.000241656212178476,-6.209310962969004,0.11822500391829777,0.16666666666666666,31.545661967080783,0.9998820652255406
dt_reference_0.25ms,dt_0.25ms_severity_1.0,High AD-like perturbation,1.0,383,2Hz,60.0,0.02,0.25,ac884c60d8359016,episodic_expanded_right,0.00816200008276245,0.21498493032041163,0.017182674766400473,0.0421747951725232,0.24858930589983944,0.32911347508744604,0.24786037090337354,0.0008897669581690493,0.0019032879018237954,0.0033757360370187447,0.003992365661188364,0.0031684878704239866,1.0,0.08885195617908548,0.2895480344664957,1.704327259116785,True,0.5332567151478921,0.0031684878704239866,0.10170566218354282,0.058501329247450704,0.13192484125571838,0.07342351200826767,1.0,,,,,3.3010146878287294e-05,-0.8402919231372553,0.11797160232374376,0.09090909090909091,31.545661967080783,0.9998820652255406
dt_reference_0.25ms,dt_0.25ms_severity_1.0,High AD-like perturbation,1.0,383,2Hz,60.0,0.02,0.25,ac884c60d8359016,shared_auditory_relay,0.01286645933211278,0.26689175668223764,0.03919556889219625,0.09196692615228132,0.31329066130596517,0.36424783833522456,0.33244221699893073,0.003290011345403733,0.004472424414929738,0.005010017704357595,0.005879317662659314,0.008029976163220126,1.0,0.1301408344512838,0.3519420433521608,1.4352641608862082,True,0.4077207824056472,0.005010017704357595,0.09132110385330716,0.05004516760289368,0.11856732925084112,0.06852216164794744,1.0,,,,,8.099119149052036e-05,4.950055927330543,0.14348092940029505,0.14285714285714285,31.545661967080783,0.9998820652255406
dt_reference_0.25ms,dt_0.25ms_severity_1.0,High AD-like perturbation,1.0,383,2Hz,60.0,0.02,0.25,ac884c60d8359016,anterior_temporal_context,0.05245445015502116,1.191947810824432,0.11448651513608131,0.25621167893113317,0.6220183559428565,1.5452568918222311,1.9933330703869037,0.004078978195311549,0.009066427407949704,0.027560878709666625,0.030538889728555046,0.023404554264818248,1.0,0.28657224421410044,1.6272252354813765,2.5054431681143505,True,0.5418152485966934,0.023404554264818248,0.012081882222812845,0.0306278583213777,0.010065071607620924,0.020562786713756775,1.0,,,,,0.00021919399718489663,-2.5571568337920985,0.16573005444974778,0.16666666666666666,31.545661967080783,0.9998820652255406
dt_reference_0.25ms,dt_0.25ms_severity_1.0,High AD-like perturbation,1.0,383,2Hz,60.0,0.02,0.25,ac884c60d8359016,hippocampal_context,0.007981355967387927,0.19561841960529947,0.01475766647561337,0.03767984223602296,0.21240489910396507,0.27749049699248546,0.25827429542822505,0.0005987178200616998,0.0017130353011401238,0.002582737165779919,0.0027770865408671542,0.0026073538482103325,1.0,0.06694605577524142,0.26749053972745696,1.9984169042948023,True,0.5569654313810286,0.002582737165779919,0.1026316961759859,0.039744829687273206,0.13920539915016983,0.09946056946289662,1.0,,,,,8.698353786307234e-05,-3.193837778464964,0.1794828031904592,0.0,31.545661967080783,0.9998820652255406
dt_reference_0.25ms,dt_0.25ms_severity_1.0,High AD-like perturbation,1.0,383,2Hz,60.0,0.02,0.25,ac884c60d8359016,angular_parietal_context,0.018063565735712522,0.33872718439790406,0.03768524206139698,0.08147131664676922,0.39994176732164455,0.49834086890032736,0.39733985043042847,0.0013787918170686756,0.003125179154393701,0.00553370662270166,0.004245961373583286,0.008188421068904826,1.0,0.14176329824553305,0.4528943334110689,1.675690413638336,True,0.4704686311143738,0.004245961373583286,0.08092009952423412,0.03418556355764077,0.10814445318386798,0.07395888962622721,1.0,,,,,2.7744747416680315e-05,-1.5382473978404982,0.09783295943178173,0.0,31.545661967080783,0.9998820652255406
dt_reference_0.25ms,dt_0.25ms_severity_1.0,High AD-like perturbation,1.0,383,5Hz,60.0,0.02,0.25,ac884c60d8359016,semantic_expanded,0.0240925676250242,0.4544042767857373,0.08076771108256703,0.1663813659826317,0.40963272695913244,0.4848022076556897,0.7321035857527015,0.008438476916490797,0.021452952455538753,0.06961690693031268,0.06346390871916542,0.06426625562044826,1.0,0.18107747708353186,0.6049376298336738,1.7401792945250465,True,0.39516484317352296,0.06346390871916542,0.033184894471402104,0.006584121556980892,0.04420086953207296,0.03761674797509207,1.0,,,,,0.0030700122325977297,4.492062691167385,0.10998798803925035,0.23076923076923078,31.884206423355188,0.9996381697502891
dt_reference_0.25ms,dt_0.25ms_severity_1.0,High AD-like perturbation,1.0,383,5Hz,60.0,0.02,0.25,ac884c60d8359016,episodic_expanded,0.015022081461311091,0.27793152842784336,0.024382197289651426,0.07997318659562727,0.3009881645600477,0.38580383477817837,0.3619398376036248,0.0013103350331220517,0.004145235907534558,0.010701001286522734,0.014285187068136996,0.011901059040361624,1.0,0.13070834193624387,0.3681559935582907,1.4939659703910921,True,0.502698946082348,0.010701001286522734,0.09648609880472214,0.022956230959116246,0.13521786408159167,0.11226163312247542,1.0,,,,,0.00028502929982587855,7.668973553997231,0.07769258502978571,0.10526315789473684,31.884206423355188,0.9996381697502891
dt_reference_0.25ms,dt_0.25ms_severity_1.0,High AD-like perturbation,1.0,383,5Hz,60.0,0.02,0.25,ac884c60d8359016,semantic_anatomical_core,0.024292215006200955,0.4501580454264123,0.05967039440326024,0.13634964068122388,0.3719044118633342,0.4711573842474648,0.7490271515227708,0.005535999414730829,0.021739219256826814,0.0706129657202188,0.059887092014117425,0.06711615583462414,1.0,0.15154513903489844,0.6056409270418612,1.99871512382726,True,0.4544379876275982,0.059887092014117425,0.05476759393747077,0.015292141881017844,0.07291172033116806,0.05761957845015022,1.0,,,,,0.003054629019857591,5.316750489023895,0.09327422232117676,0.2,31.884206423355188,0.9996381697502891
dt_reference_0.25ms,dt_0.25ms_severity_1.0,High AD-like perturbation,1.0,383,5Hz,60.0,0.02,0.25,ac884c60d8359016,episodic_anatomical_core,0.01581074435286813,0.2729886304118192,0.024384319907820022,0.07783979223161842,0.292206801526637,0.3822921378177967,0.35291371942212796,0.0012703407269917572,0.003602955062159773,0.008595320367652705,0.010764816270243558,0.010657374059907524,1.0,0.12812722759505604,0.36167103362673947,1.4971009693640367,True,0.5003337757954613,0.008595320367652705,0.09241535957830302,0.028183225424412872,0.12711726745357466,0.09893404202916178,1.0,,,,,0.00024719319029675724,7.660502352640872,0.07941506073768946,0.0625,31.884206423355188,0.9996381697502891
dt_reference_0.25ms,dt_0.25ms_severity_1.0,High AD-like perturbation,1.0,383,5Hz,60.0,0.02,0.25,ac884c60d8359016,semantic_platel_peaks,0.01850001361128686,0.28584315027794927,0.09283171265388586,0.1666063935598068,0.25381462432850044,0.3328924510257681,0.41920700378367803,0.006402294228344227,0.01611407988588972,0.0378836236574662,0.05428463621461637,0.018369216901612254,1.0,0.15776716739345525,0.3632759523719793,1.203268867190208,True,0.26742793750925337,0.018369216901612254,0.00923790530209927,-0.008047899915247392,0.015237221978092286,0.02328512189333968,1.0,,,,,0.006545425526628512,4.492062691167385,0.21755593462450423,0.4,31.884206423355188,0.9996381697502891
dt_reference_0.25ms,dt_0.25ms_severity_1.0,High AD-like perturbation,1.0,383,5Hz,60.0,0.02,0.25,ac884c60d8359016,episodic_platel_peaks,0.0104648334044202,0.19834196467653847,0.013871709290602842,0.047455139882195546,0.2150377139334878,0.2738483658236719,0.2672629579409483,0.0008965943488138955,0.0041214991957883975,0.013450376373231888,0.018480601513274953,0.012055910763317926,1.0,0.08566919811914293,0.2654454510975844,1.63156692865746,True,0.5532412928315588,0.012055910763317926,0.13399632441211298,0.011620545243678232,0.19679812573070535,0.18517758048702712,1.0,,,,,0.0006281815940994973,8.647262962379926,0.08952451640992573,0.25,31.884206423355188,0.9996381697502891
dt_reference_0.25ms,dt_0.25ms_severity_1.0,High AD-like perturbation,1.0,383,5Hz,60.0,0.02,0.25,ac884c60d8359016,semantic_expanded_left,0.022879956032336113,0.42710864254887754,0.06400781466361088,0.12186645777880054,0.3246317708335056,0.47277990243343926,0.7294549708853051,0.004450949053857344,0.012311038866221096,0.036578628298650294,0.0519942276589879,0.039023741393482934,1.0,0.12953887120801214,0.5831891679257241,2.1705788457843775,True,0.44884327711249195,0.036578628298650294,0.019805700315795184,-0.017730940432454597,0.03381486335500625,0.05154580378746085,1.0,,,,,0.003039245807117452,10.048211132079807,0.150250150883592,0.42857142857142855,31.884206423355188,0.9996381697502891
dt_reference_0.25ms,dt_0.25ms_severity_1.0,High AD-like perturbation,1.0,383,5Hz,60.0,0.02,0.25,ac884c60d8359016,episodic_expanded_left,0.022083540818287055,0.41224166376198523,0.0412779136660778,0.14451941898742648,0.4650411719862258,0.5497651397489989,0.5427347430896471,0.002220667646288028,0.005820582569660499,0.013292107594083773,0.01798376612262568,0.01508821964818716,1.0,0.2072828697975387,0.5415192680985309,1.3854117774357027,True,0.46805813416185593,0.013292107594083773,0.07690767165983996,0.018663690429720034,0.10656722678458469,0.08790353635486466,1.0,,,,,0.00024719319029675724,7.274770556976236,0.07012497926751438,0.0,31.884206423355188,0.9996381697502891
dt_reference_0.25ms,dt_0.25ms_severity_1.0,High AD-like perturbation,1.0,383,5Hz,60.0,0.02,0.25,ac884c60d8359016,semantic_expanded_right,0.025507281149826953,0.483444318824664,0.10191604240514171,0.22715650762979694,0.5168901693298358,0.4971302276981198,0.7347618176094884,0.015998361654676056,0.03738345513004417,0.13249577570197313,0.07746374725153411,0.10583689477202571,1.0,0.2531213403448969,0.6274971417771446,1.309779743265716,True,0.3414864092345539,0.07746374725153411,0.046564088627009025,0.03089918354641638,0.05458687570913967,0.02368769216272329,1.0,,,,,0.004807718879613121,-1.8074588432281566,0.09327422232117676,0.0,31.884206423355188,0.9996381697502891
dt_reference_0.25ms,dt_0.25ms_severity_1.0,High AD-like perturbation,1.0,383,5Hz,60.0,0.02,0.25,ac884c60d8359016,episodic_expanded_right,0.00988647465623767,0.18738022205061824,0.014402170358722335,0.044255025511937995,0.1948082893785363,0.27074215545479025,0.2413710338475605,0.0007731809403793462,0.0029521066875125663,0.008614994102600363,0.011347265538275038,0.009387138415577779,1.0,0.08242200944250391,0.2502936526502886,1.602520163346482,True,0.53733975800284,0.008614994102600363,0.11606452594960431,0.02724877148851246,0.16386850137859865,0.1366197298900862,1.0,,,,,0.0003139463390958719,7.668973553997231,0.08113753644559321,0.18181818181818182,31.884206423355188,0.9996381697502891
dt_reference_0.25ms,dt_0.25ms_severity_1.0,High AD-like perturbation,1.0,383,5Hz,60.0,0.02,0.25,ac884c60d8359016,shared_auditory_relay,0.015215529188498828,0.23115226317584714,0.031620973045815556,0.08015605436793609,0.23723731686875862,0.2859804175154265,0.3318600210610212,0.003710562240903371,0.005389901072450896,0.011592449647718099,0.01335514293331761,0.01270300975317665,1.0,0.1109910927859808,0.3047637775407083,1.457247540015608,True,0.4309137652274464,0.011592449647718099,0.0937003726724474,0.03285688335924545,0.12876706474155436,0.09591018138230892,1.0,,,,,0.0004766824080160714,10.255564721380823,0.14545041304333356,0.2857142857142857,31.884206423355188,0.9996381697502891
dt_reference_0.25ms,dt_0.25ms_severity_1.0,High AD-like perturbation,1.0,383,5Hz,60.0,0.02,0.25,ac884c60d8359016,anterior_temporal_context,0.03948687175957817,0.7079620919311315,0.0796590990890621,0.2213317521784363,0.49244882141386476,0.8495310190230556,1.1529129598598957,0.004725846084460805,0.031086956332695825,0.04177800006031649,0.08575934208941358,0.1364888235125318,1.0,0.24069258337989408,0.9525973966730297,1.9846749182273413,True,0.4825528721437411,0.04177800006031649,-0.029830747511421996,-0.01704178221828962,-0.04469753831900834,0.02765575610071872,1.0,,,,,0.002987215639192853,6.620148828446929,0.16069649949623965,0.3888888888888889,31.884206423355188,0.9996381697502891
dt_reference_0.25ms,dt_0.25ms_severity_1.0,High AD-like perturbation,1.0,383,5Hz,60.0,0.02,0.25,ac884c60d8359016,hippocampal_context,0.009806552601277276,0.1728569418717468,0.011845662316781913,0.03809790225387032,0.15403577934310994,0.23432211475425302,0.2607956511220952,0.0005057493626479535,0.0012906217078925463,0.0031555155973565824,0.00103650055664876,0.007264329882789802,1.0,0.05949589568506345,0.2357491517947747,1.9863905273396179,True,0.5770843867715237,0.0012906217078925463,0.09639552199225516,0.0295786884913109,0.13267405169089266,0.10309536319958176,1.0,,,,,0.0003896514855087907,6.2289324074460275,0.062110660601866,0.0,31.884206423355188,0.9996381697502891
dt_reference_0.25ms,dt_0.25ms_severity_1.0,High AD-like perturbation,1.0,383,5Hz,60.0,0.02,0.25,ac884c60d8359016,angular_parietal_context,0.01994390445663876,0.2795695127028685,0.03041420868839748,0.07740413525767921,0.2985812233731401,0.3881551345155764,0.36292073763971694,0.00128289579082942,0.004986307073024818,0.016549267452241976,0.017425497445991207,0.02079164574885675,1.0,0.1223341841734355,0.3717997284399276,1.6036981201275864,True,0.4739912533738624,0.016549267452241976,0.07956350903040411,0.030595607248116642,0.10531965138660812,0.07472404413849149,1.0,,,,,0.0004078476410072085,9.946415387991753,0.06227236031235145,0.0,31.884206423355188,0.9996381697502891
dt_reference_0.25ms,dt_0.25ms_severity_1.0,High AD-like perturbation,1.0,421,pulse,60.0,0.02,0.25,ac884c60d8359016,semantic_expanded,0.0003577780651271249,0.008102070834993083,,,,,,,,,,,1.0,,,,False,,,,,,,,969.5,907.0,0.9230769230769231,0.015125906181505746,,,,,,
dt_reference_0.25ms,dt_0.25ms_severity_1.0,High AD-like perturbation,1.0,421,pulse,60.0,0.02,0.25,ac884c60d8359016,episodic_expanded,0.0009820976475619074,0.02266558621316051,,,,,,,,,,,1.0,,,,False,,,,,,,,414.5,365.0,0.9473684210526315,0.004394431678338246,,,,,,
dt_reference_0.25ms,dt_0.25ms_severity_1.0,High AD-like perturbation,1.0,421,pulse,60.0,0.02,0.25,ac884c60d8359016,semantic_anatomical_core,0.00042126252086636007,0.009505708108517433,,,,,,,,,,,1.0,,,,False,,,,,,,,1070.0,1007.5,0.9,0.01639275276862817,,,,,,
dt_reference_0.25ms,dt_0.25ms_severity_1.0,High AD-like perturbation,1.0,421,pulse,60.0,0.02,0.25,ac884c60d8359016,episodic_anatomical_core,0.0009736121730930308,0.021506305053455733,,,,,,,,,,,1.0,,,,False,,,,,,,,409.5,360.0,0.9375,0.004307694525247055,,,,,,
dt_reference_0.25ms,dt_0.25ms_severity_1.0,High AD-like perturbation,1.0,421,pulse,60.0,0.02,0.25,ac884c60d8359016,semantic_platel_peaks,0.00026264491682595703,0.005903474492953225,,,,,,,,,,,1.0,,,,False,,,,,,,,859.5,721.5,0.8,0.006581987910907723,,,,,,
dt_reference_0.25ms,dt_0.25ms_severity_1.0,High AD-like perturbation,1.0,421,pulse,60.0,0.02,0.25,ac884c60d8359016,episodic_platel_peaks,0.0009598625105695958,0.0211767782875892,,,,,,,,,,,1.0,,,,False,,,,,,,,504.0,504.0,1.0,0.006141845883034728,,,,,,
dt_reference_0.25ms,dt_0.25ms_severity_1.0,High AD-like perturbation,1.0,421,pulse,60.0,0.02,0.25,ac884c60d8359016,semantic_expanded_left,0.000379487016478755,0.008949806103981998,,,,,,,,,,,1.0,,,,False,,,,,,,,752.0,627.0,0.8571428571428571,0.006581987910907723,,,,,,
dt_reference_0.25ms,dt_0.25ms_severity_1.0,High AD-like perturbation,1.0,421,pulse,60.0,0.02,0.25,ac884c60d8359016,episodic_expanded_left,0.0012165069602789987,0.02869004984588475,,,,,,,,,,,1.0,,,,False,,,,,,,,515.0,416.0,0.875,0.00443341529919008,,,,,,
dt_reference_0.25ms,dt_0.25ms_severity_1.0,High AD-like perturbation,1.0,421,pulse,60.0,0.02,0.25,ac884c60d8359016,semantic_expanded_right,0.0003324509552168898,0.00733463396330329,,,,,,,,,,,1.0,,,,False,,,,,,,,1187.0,1187.0,1.0,0.0260420721055066,,,,,,
dt_reference_0.25ms,dt_0.25ms_severity_1.0,High AD-like perturbation,1.0,421,pulse,60.0,0.02,0.25,ac884c60d8359016,episodic_expanded_right,0.0008116181474040226,0.017906166114936194,,,,,,,,,,,1.0,,,,False,,,,,,,,314.0,314.0,1.0,0.004220957372155864,,,,,,
dt_reference_0.25ms,dt_0.25ms_severity_1.0,High AD-like perturbation,1.0,421,pulse,60.0,0.02,0.25,ac884c60d8359016,shared_auditory_relay,0.0008069204985489784,0.01777573082047872,,,,,,,,,,,1.0,,,,False,,,,,,,,325.0,325.0,1.0,0.002326634368617531,,,,,,
dt_reference_0.25ms,dt_0.25ms_severity_1.0,High AD-like perturbation,1.0,421,pulse,60.0,0.02,0.25,ac884c60d8359016,anterior_temporal_context,0.0005658880323674594,0.012499558817367551,,,,,,,,,,,1.0,,,,False,,,,,,,,883.0,883.0,1.0,0.0167824374966633,,,,,,
dt_reference_0.25ms,dt_0.25ms_severity_1.0,High AD-like perturbation,1.0,421,pulse,60.0,0.02,0.25,ac884c60d8359016,hippocampal_context,0.0008951239535965641,0.016721761533235308,,,,,,,,,,,1.0,,,,False,,,,,,,,618.0,618.0,1.0,0.002787554233136825,,,,,,
dt_reference_0.25ms,dt_0.25ms_severity_1.0,High AD-like perturbation,1.0,421,pulse,60.0,0.02,0.25,ac884c60d8359016,angular_parietal_context,0.0004979367135065461,0.01105159307389518,,,,,,,,,,,1.0,,,,False,,,,,,,,356.0,356.0,1.0,0.005071985220016728,,,,,,
dt_reference_0.25ms,dt_0.25ms_severity_1.0,High AD-like perturbation,1.0,421,2Hz,60.0,0.02,0.25,ac884c60d8359016,semantic_expanded,0.010358312191884655,0.2663811154310503,0.11495213655700283,0.18489056871359066,0.2523000592920877,0.3133921216994963,0.3940842897516319,0.005231357197968777,0.007167866096716825,0.017759513709915294,0.020490936892718168,0.022204575429917512,1.0,0.17277924615895976,0.3353658984341325,0.9568060616752497,False,0.215811959537755,0.017759513709915294,0.01559680435760586,0.02204997002710372,0.014085245028241036,0.007964724998862685,1.0,,,,,0.00021829574268505958,-2.3070260241404537,0.1776939814868767,0.3076923076923077,31.53892996255849,0.9999805985602974
dt_reference_0.25ms,dt_0.25ms_severity_1.0,High AD-like perturbation,1.0,421,2Hz,60.0,0.02,0.25,ac884c60d8359016,episodic_expanded,0.003787241996160684,0.09461822451460791,0.026110338881968117,0.04889708309975735,0.06227945026573802,0.09832452719249918,0.16776731993448452,0.001570098862443084,0.0017094781600178223,0.0027012785080000852,0.00397083069102002,0.004584252145487422,1.0,0.04206941735011415,0.12660228713072666,1.5894597255487042,True,0.3187670096616193,0.0027012785080000852,0.03203454511096293,0.04907533997300603,0.029997808731092965,0.019077531241913068,1.0,,,,,0.0005375906682488774,7.069631572845763,0.24029620000465446,0.631578947368421,31.53892996255849,0.9999805985602974
dt_reference_0.25ms,dt_0.25ms_severity_1.0,High AD-like perturbation,1.0,421,2Hz,60.0,0.02,0.25,ac884c60d8359016,semantic_anatomical_core,0.00840727359329085,0.18429238449824245,0.08106826471650484,0.13231736045278197,0.16839947726846913,0.2181394075219842,0.27131833694444235,0.0034093666970509457,0.003223502002759914,0.008745857238151439,0.010465905234319799,0.012997529482644937,1.0,0.12262520721690902,0.23034069723361594,0.9095137586455614,False,0.21034014178062158,0.008745857238151439,0.013959383436321943,0.013572513800040518,0.014854695107441435,0.0012821813074009175,1.0,,,,,0.00021662646987574696,-2.7813851456106073,0.17515665792197094,0.2,31.53892996255849,0.9999805985602974
dt_reference_0.25ms,dt_0.25ms_severity_1.0,High AD-like perturbation,1.0,421,2Hz,60.0,0.02,0.25,ac884c60d8359016,episodic_anatomical_core,0.003925218261220932,0.0872258186485834,0.024496710818940177,0.04651749809210394,0.06070402180280259,0.09107207976713269,0.15313527507308083,0.0015383565415260936,0.001690471525228384,0.0027712995564321266,0.0036226870576763232,0.004321573926378482,1.0,0.040137377959763854,0.11641772582143706,1.5362924619781688,True,0.3128764356077158,0.0027712995564321266,0.02826720220163757,0.0434958260626894,0.02713637373761696,0.016359452325072438,1.0,,,,,0.0005453203048600974,7.13601169755861,0.2514236320748632,0.6875,31.53892996255849,0.9999805985602974
dt_reference_0.25ms,dt_0.25ms_severity_1.0,High AD-like perturbation,1.0,421,2Hz,60.0,0.02,0.25,ac884c60d8359016,semantic_platel_peaks,0.012379971160849998,0.29726810781235613,0.1237653307388231,0.19734427785951467,0.2711860523747308,0.3442618597866968,0.4549796697495133,0.0042251527413671545,0.006645642440537431,0.011295236633876828,0.015387583615744937,0.02174073326217367,1.0,0.18375524118546507,0.3786926240669078,1.0432419215893156,True,0.22795906735455468,0.011295236633876828,0.01419749855211827,0.025845013814318342,0.010991770477203563,0.01485324333711478,1.0,,,,,0.00022825906166779042,-2.3070260241404537,0.1726193343570652,0.4,31.53892996255849,0.9999805985602974
dt_reference_0.25ms,dt_0.25ms_severity_1.0,High AD-like perturbation,1.0,421,2Hz,60.0,0.02,0.25,ac884c60d8359016,episodic_platel_peaks,0.0027485963943326024,0.07303787894527143,0.014707511861313369,0.03111772616329063,0.036211913845639924,0.07183161240632588,0.1400143694420512,0.0010301009393423395,0.0008744996331758078,0.0010260702244297305,0.0022293598719705203,0.0028147707147951288,1.0,0.02601447656335118,0.09979121615227608,1.9395981527076653,True,0.3854390919615373,0.0010301009393423395,0.059028201363065295,0.09382750809649298,0.050782021829150176,0.04304548626734281,1.0,,,,,0.00042010592918739764,1.4991290995631923,0.22829693785676736,0.5,31.53892996255849,0.9999805985602974
dt_reference_0.25ms,dt_0.25ms_severity_1.0,High AD-like perturbation,1.0,421,2Hz,60.0,0.02,0.25,ac884c60d8359016,semantic_expanded_left,0.007690879245435774,0.19824026079765178,0.08435703857319105,0.13780217855281224,0.18761136503903134,0.23132686228831684,0.29506860183457206,0.004171708338330418,0.008406070656429034,0.017401106455803443,0.014884626997201085,0.013347294040649733,1.0,0.12893421541864622,0.2495112282654774,0.9524695756820367,False,0.21801371126378444,0.013347294040649733,0.026289353708399316,0.04169458666997513,0.022059876473606233,0.019634710196368897,1.0,,,,,0.00022825906166779042,0.2739412555062732,0.18149568545519928,0.42857142857142855,31.53892996255849,0.9999805985602974
dt_reference_0.25ms,dt_0.25ms_severity_1.0,High AD-like perturbation,1.0,421,2Hz,60.0,0.02,0.25,ac884c60d8359016,episodic_expanded_left,0.005998695528997455,0.15462249869803832,0.05604565748962804,0.09165439286088141,0.11914040053802008,0.16385587107563224,0.26080475167630995,0.0025734845450116972,0.003406850191573123,0.006395324095179857,0.008503645148450114,0.009158801817511724,1.0,0.08068563300830099,0.20347934987403635,1.3344986765670657,True,0.26373713710235674,0.006395324095179857,0.01303471017157093,0.010610226576264469,0.01614086886629864,0.005530642290034171,1.0,,,,,0.00047747302158734906,5.375356065913846,0.2282610185778702,0.625,31.53892996255849,0.9999805985602974
dt_reference_0.25ms,dt_0.25ms_severity_1.0,High AD-like perturbation,1.0,421,2Hz,60.0,0.02,0.25,ac884c60d8359016,semantic_expanded_right,0.01347031729607502,0.35794393314847306,0.15664364139045633,0.2480695353167722,0.33929351724266754,0.4245707609214058,0.526326510050423,0.006560165743440364,0.006112047647513874,0.01812530300953823,0.028208869111756237,0.03693956007272434,1.0,0.23153410292471657,0.4507624230556295,0.961142547668463,False,0.21361020781172543,0.01812530300953823,0.0049042550068124045,0.0024053533842323116,0.00611061358287584,0.003705260198643528,1.0,,,,,0.00021759315090075226,-2.7813851456106073,0.1306455519622687,0.16666666666666666,31.53892996255849,0.9999805985602974
dt_reference_0.25ms,dt_0.25ms_severity_1.0,High AD-like perturbation,1.0,421,2Hz,60.0,0.02,0.25,ac884c60d8359016,episodic_expanded_right,0.0021789121540975796,0.05789977840016842,0.012164185898923256,0.02608630815212169,0.032555958414499,0.05900131978283591,0.10791932837532077,0.0009579270420036111,0.0008577763668054131,0.0011409751044959286,0.0018542044148702906,0.0022945542607139342,1.0,0.02193495682181738,0.07877034753970442,1.8444207745303427,True,0.37379688222088203,0.0011409751044959286,0.051034380050354926,0.0875404533697476,0.04385474859588729,0.04368570477386031,1.0,,,,,0.0006129739364419962,7.069631572845763,0.2815744754757329,0.6363636363636364,31.53892996255849,0.9999805985602974
dt_reference_0.25ms,dt_0.25ms_severity_1.0,High AD-like perturbation,1.0,421,2Hz,60.0,0.02,0.25,ac884c60d8359016,shared_auditory_relay,0.007807572641569016,0.10467039525339177,0.03224929623037037,0.05863976974390594,0.08458797600019191,0.10760910296241774,0.17905297292219954,0.003145673765429295,0.003318284610007789,0.0037480139171176294,0.005672544391086063,0.00785243364777551,1.0,0.05533650505135698,0.13730470255739868,1.311077603227496,True,0.2910971280956294,0.0037480139171176294,0.04720020588315271,0.08190365795299065,0.04026876540077268,0.04163489255221797,1.0,,,,,0.0015849559252195666,9.86922309880592,0.34361983888008296,0.7857142857142857,31.53892996255849,0.9999805985602974
dt_reference_0.25ms,dt_0.25ms_severity_1.0,High AD-like perturbation,1.0,421,2Hz,60.0,0.02,0.25,ac884c60d8359016,anterior_temporal_context,0.013375102612759517,0.33053910568286776,0.12168080276000764,0.2045563928767305,0.2543408606124448,0.32139200077998475,0.5544008892748825,0.004225345083098405,0.007103465102242253,0.0093166576798151,0.009989455457248398,0.01950988378458348,1.0,0.18819542348041865,0.4273097794749193,1.1830507899660545,True,0.2513745693657092,0.0093166576798151,0.03685047687871365,0.0669872519628392,0.028656849378120963,0.03833040258471823,1.0,,,,,0.0003411734063827332,-0.21572732338097003,0.25400962615768197,0.3333333333333333,31.53892996255849,0.9999805985602974
dt_reference_0.25ms,dt_0.25ms_severity_1.0,High AD-like perturbation,1.0,421,2Hz,60.0,0.02,0.25,ac884c60d8359016,hippocampal_context,0.0024034857226141416,0.05381294204739382,0.01231441452457985,0.028272730795366702,0.0411475416219668,0.04522186600431598,0.10096773746736923,0.0006549974635621659,0.0006443284810266863,0.0009035709475886215,0.000965454394870379,0.0018361594931513197,1.0,0.025075286666045738,0.07197802785396713,1.5212903798705892,True,0.337427907827161,0.0009035709475886215,0.017061860701541653,0.01773689879813714,0.02000140771537242,0.002264508917235279,1.0,,,,,0.0005660272042074532,4.873870062513289,0.21144622008513633,0.5,31.53892996255849,0.9999805985602974
dt_reference_0.25ms,dt_0.25ms_severity_1.0,High AD-like perturbation,1.0,421,2Hz,60.0,0.02,0.25,ac884c60d8359016,angular_parietal_context,0.008010808660325726,0.11095565310876511,0.03639721115534177,0.0631687813089151,0.08265398445639459,0.12143430773275526,0.17879385057239153,0.0016264957214419404,0.0021310798452768456,0.0030352276887556395,0.0030700555520905377,0.0055658949894892215,1.0,0.05646106948218157,0.1459621193171135,1.370265641994902,True,0.27678435137295726,0.0030352276887556395,0.015310556050617307,0.020412583372554655,0.01564536499449726,0.004767218378057395,1.0,,,,,0.0004721014833022341,4.488560902308099,0.2595256744241242,0.6666666666666666,31.53892996255849,0.9999805985602974
dt_reference_0.25ms,dt_0.25ms_severity_1.0,High AD-like perturbation,1.0,421,5Hz,60.0,0.02,0.25,ac884c60d8359016,semantic_expanded,0.01086189658626238,0.2034339965476423,0.08156752630828266,0.12938715639530804,0.19031053858355543,0.23010469478477116,0.3038983690117688,0.007162861563321177,0.01229871469735884,0.01705239247496189,0.022610737216144993,0.022211361571012268,1.0,0.12550995372005094,0.25867839781164564,1.0433577964350573,True,0.2312820128468873,0.01705239247496189,0.016178959711173505,0.006931579168394661,0.02119456992449628,0.01426299075610162,1.0,,,,,0.0005374884097346655,-1.5931704196675556,0.10810784422502431,0.0,31.852798198263578,0.9999380916098047
dt_reference_0.25ms,dt_0.25ms_severity_1.0,High AD-like perturbation,1.0,421,5Hz,60.0,0.02,0.25,ac884c60d8359016,episodic_expanded,0.004373875247750187,0.08200023793170577,0.020390946552791684,0.04336881527537099,0.06185866826188348,0.08629471570712287,0.13084393519443385,0.0014936199027210356,0.001621905361118281,0.0029093633970290406,0.0029663428857668135,0.0047723671346608255,1.0,0.039507175106737825,0.10583344534964229,1.4216090204781615,True,0.31781534951819923,0.0029093633970290406,0.03521186882387069,0.04543060512328516,0.03594974926049383,0.009480855862791328,1.0,,,,,0.001004248815344555,5.266368203133778,0.22191048869503716,0.5789473684210527,31.852798198263578,0.9999380916098047
dt_reference_0.25ms,dt_0.25ms_severity_1.0,High AD-like perturbation,1.0,421,5Hz,60.0,0.02,0.25,ac884c60d8359016,semantic_anatomical_core,0.008861592614004616,0.1457076656997828,0.05891476287523819,0.09383759245509794,0.13347220546956262,0.15555585598833493,0.2218525543523201,0.004148685437452291,0.0071854402004235774,0.01229370452269194,0.010708648209440817,0.014391740882348514,1.0,0.09159513099577564,0.18434452964342368,1.0090617907748884,True,0.22774974699971554,0.010708648209440817,0.01583834341868959,0.009356103457226995,0.019357449048779285,0.01000134559155229,1.0,,,,,0.00041591784986177993,-1.2499276042115772,0.10777466731815925,0.0,31.852798198263578,0.9999380916098047
dt_reference_0.25ms,dt_0.25ms_severity_1.0,High AD-like perturbation,1.0,421,5Hz,60.0,0.02,0.25,ac884c60d8359016,episodic_anatomical_core,0.0044944067514335224,0.07818691803540838,0.01993726201084956,0.042711497306243365,0.06187186221277455,0.08364969814385428,0.12185649281864415,0.0014969531648913444,0.001640939535627908,0.0029990124883880493,0.0028365696608670886,0.004805587050429458,1.0,0.038858541917612226,0.10073225985786885,1.3742221124132399,True,0.3096511850631396,0.0028365696608670886,0.034985539218277684,0.044141012587092125,0.03644427563510234,0.007696736951989788,1.0,,,,,0.0010174877962702555,5.396614147055129,0.22496245642329105,0.625,31.852798198263578,0.9999380916098047
dt_reference_0.25ms,dt_0.25ms_severity_1.0,High AD-like perturbation,1.0,421,5Hz,60.0,0.02,0.25,ac884c60d8359016,semantic_platel_peaks,0.01289356345324225,0.2213631291265298,0.08850523255512253,0.13876235372573112,0.20243606511043308,0.25396803478987406,0.3340265935713788,0.0064293481440376,0.011687136004356625,0.013605120511371034,0.021611039230811466,0.01696438636175584,1.0,0.13373523037324517,0.282728239353488,1.0800364190139256,True,0.23521436651072475,0.013605120511371034,0.014210074939706357,-0.0010524594955467691,0.022112538746353057,0.023164998241899826,1.0,,,,,0.0002647213675542881,-6.416301592253916,0.1562046863855741,0.0,31.852798198263578,0.9999380916098047
dt_reference_0.25ms,dt_0.25ms_severity_1.0,High AD-like perturbation,1.0,421,5Hz,60.0,0.02,0.25,ac884c60d8359016,episodic_platel_peaks,0.0033540594470083764,0.06402750042965877,0.00822187108399812,0.02174736956920316,0.03835169046658825,0.0706667891846299,0.11499422346323289,0.0009483300875300863,0.0009484587898947546,0.0015951061963422107,0.0021338099818405116,0.0029676931410247093,1.0,0.02081011011125541,0.08767973917097995,2.0749589078496475,True,0.46560465545294766,0.0015951061963422107,0.04639017166460692,0.06700681254331249,0.04355291319090721,0.02345389935240528,1.0,,,,,0.000912097273810808,3.9353664447715486,0.1684410910982646,0.25,31.852798198263578,0.9999380916098047
dt_reference_0.25ms,dt_0.25ms_severity_1.0,High AD-like perturbation,1.0,421,5Hz,60.0,0.02,0.25,ac884c60d8359016,semantic_expanded_left,0.008483718954168041,0.15898287807241743,0.06385830370724499,0.10069094673709235,0.1505604261063969,0.17167353418236836,0.24134488453534972,0.0034259369738490354,0.008885098171532801,0.008653546328023074,0.014372400691335413,0.012386210242659469,1.0,0.09930963966020172,0.201543813637479,1.021087833194727,True,0.23030169480135357,0.008885098171532801,0.01596391278786934,-0.004777282956307755,0.02607927314944662,0.030856556105754374,1.0,,,,,0.0002647213675542881,-0.4848273522715238,0.12132551072415765,0.0,31.852798198263578,0.9999380916098047
dt_reference_0.25ms,dt_0.25ms_severity_1.0,High AD-like perturbation,1.0,421,5Hz,60.0,0.02,0.25,ac884c60d8359016,episodic_expanded_left,0.006258215131956873,0.11727746506572333,0.05467256377402688,0.08929441358779766,0.09665354019672005,0.10692126781475887,0.18113072106491654,0.002481526399422638,0.0026484094124741846,0.004610423161219425,0.004362927155675187,0.00793346478134963,1.0,0.07929591863730119,0.14304655986365966,0.851166285201305,False,0.18580958353894628,0.004362927155675187,0.02286817476318241,0.022302278807753362,0.026003619898718692,0.0037013410909653294,1.0,,,,,0.0008541673843904807,3.9958646033294904,0.21857870603696683,0.625,31.852798198263578,0.9999380916098047
dt_reference_0.25ms,dt_0.25ms_severity_1.0,High AD-like perturbation,1.0,421,5Hz,60.0,0.02,0.25,ac884c60d8359016,semantic_expanded_right,0.013636437157039105,0.26031350956229954,0.10418788100845755,0.166261583414995,0.24055525102173003,0.30842360655164236,0.38266491069747993,0.01497592809410648,0.01702382801932915,0.033602881188545854,0.035571332057682974,0.03983014765396985,1.0,0.15862255201719586,0.3320097614842227,1.0656277596753887,True,0.23226233089242104,0.033602881188545854,0.01639400663447767,0.01864044129309708,0.016309866699545945,0.0023305745935511338,1.0,,,,,0.0011417102983851124,-10.877641179522973,0.10328123447525184,0.0,31.852798198263578,0.9999380916098047
dt_reference_0.25ms,dt_0.25ms_severity_1.0,High AD-like perturbation,1.0,421,5Hz,60.0,0.02,0.25,ac884c60d8359016,episodic_expanded_right,0.003003446241054415,0.05733445054502287,0.007605107070474266,0.02106351408579356,0.03958980531231076,0.06964730320888732,0.0945181208163436,0.0008990032966497742,0.0009932667464607357,0.0018359259182911085,0.002016808853774609,0.0028708122737914573,1.0,0.019683445399675717,0.07830120602167108,1.9920517557550173,True,0.4498211154974522,0.0018359259182911085,0.047555562884558956,0.06855893143881696,0.04589587862226897,0.022663052816547992,1.0,,,,,0.001475961276925175,5.698079207280433,0.22191048869503716,0.5454545454545454,31.852798198263578,0.9999380916098047
dt_reference_0.25ms,dt_0.25ms_severity_1.0,High AD-like perturbation,1.0,421,5Hz,60.0,0.02,0.25,ac884c60d8359016,shared_auditory_relay,0.007810552484383157,0.08324885980369896,0.023945256078978145,0.04277649275596689,0.07550492679067514,0.08668888785873728,0.13467932675929592,0.003838387608899031,0.004533067644272496,0.005879612579521081,0.005534743680599088,0.006630263720392451,1.0,0.045227606489591704,0.1082718300586294,1.2593823807561961,True,0.30012310819636373,0.005534743680599088,0.0594991429915972,0.08571639190817722,0.056990801037431704,0.028725590870745513,1.0,,,,,0.0034613561679400218,9.328581049728282,0.2976892165750989,0.7857142857142857,31.852798198263578,0.9999380916098047
dt_reference_0.25ms,dt_0.25ms_severity_1.0,High AD-like perturbation,1.0,421,5Hz,60.0,0.02,0.25,ac884c60d8359016,anterior_temporal_context,0.01253405423754763,0.22251152560853446,0.07416302180674873,0.14524738840755277,0.20792069950454528,0.23539717887170533,0.3344302132312149,0.005847491252488425,0.019278174223739796,0.01752630665299767,0.03185991571182491,0.03006702070469892,1.0,0.13587016943919145,0.283352125704359,1.0603672812093148,True,0.25212256596346727,0.019278174223739796,0.01826421182353435,-0.004130084312113192,0.03341087155641374,0.03754095586852693,1.0,,,,,0.0014465264182011994,0.4047577018550951,0.19799824699475457,0.3333333333333333,31.852798198263578,0.9999380916098047
dt_reference_0.25ms,dt_0.25ms_severity_1.0,High AD-like perturbation,1.0,421,5Hz,60.0,0.02,0.25,ac884c60d8359016,hippocampal_context,0.002857845630498833,0.04761707309732281,0.00806281115033479,0.02094800002233509,0.043540767737561395,0.04126921053704134,0.08474196926665632,0.0007818993342150602,0.000828120000600723,0.0012560603576006835,0.0016470449858839897,0.003116012305985124,1.0,0.021935731293513783,0.06363823677770701,1.5366110597911216,True,0.38828484831354654,0.0012560603576006835,0.029775363594693717,0.02391960133098303,0.03606530840914937,0.01214570707816634,1.0,,,,,0.0010873319746433352,4.275989978177634,0.20544594068795408,0.5,31.852798198263578,0.9999380916098047
dt_reference_0.25ms,dt_0.25ms_severity_1.0,High AD-like perturbation,1.0,421,5Hz,60.0,0.02,0.25,ac884c60d8359016,angular_parietal_context,0.009366761950284979,0.0971556042056434,0.02452325810428811,0.04767071449019738,0.08251904701498168,0.09999639066896396,0.1603116597808933,0.0014225005158016338,0.002539265966031058,0.003873456273187381,0.0022490756104476452,0.00813468524681519,1.0,0.04826758628385259,0.12830284681688028,1.410426592795774,True,0.3243043176076337,0.002539265966031058,0.02451780491839657,0.029036061730552405,0.02596250711463253,0.0030735546159198768,1.0,,,,,0.0010284931263104258,3.2188304294439964,0.24932672894893135,0.6666666666666666,31.852798198263578,0.9999380916098047
dt_reference_0.25ms,dt_0.25ms_severity_1.0,High AD-like perturbation,1.0,461,pulse,60.0,0.02,0.25,ac884c60d8359016,semantic_expanded,0.00037765306796952745,0.008528778747933815,,,,,,,,,,,1.0,,,,False,,,,,,,,917.5,861.5,0.9230769230769231,0.01355741245573066,,,,,,
dt_reference_0.25ms,dt_0.25ms_severity_1.0,High AD-like perturbation,1.0,461,pulse,60.0,0.02,0.25,ac884c60d8359016,episodic_expanded,0.0009404331803060216,0.021733500494638392,,,,,,,,,,,1.0,,,,False,,,,,,,,466.0,419.0,0.9473684210526315,0.011059002070044116,,,,,,
dt_reference_0.25ms,dt_0.25ms_severity_1.0,High AD-like perturbation,1.0,461,pulse,60.0,0.02,0.25,ac884c60d8359016,semantic_anatomical_core,0.000430484598186409,0.009753430386378768,,,,,,,,,,,1.0,,,,False,,,,,,,,1086.0,1030.0,0.9,0.018413905731162156,,,,,,
dt_reference_0.25ms,dt_0.25ms_severity_1.0,High AD-like perturbation,1.0,461,pulse,60.0,0.02,0.25,ac884c60d8359016,episodic_anatomical_core,0.0009043085746828217,0.020212627878258123,,,,,,,,,,,1.0,,,,False,,,,,,,,458.5,411.5,0.9375,0.010974325017222761,,,,,,
dt_reference_0.25ms,dt_0.25ms_severity_1.0,High AD-like perturbation,1.0,461,pulse,60.0,0.02,0.25,ac884c60d8359016,semantic_platel_peaks,0.0002961106151829583,0.006857459335100511,,,,,,,,,,,1.0,,,,False,,,,,,,,984.5,789.0,0.8,0.006942052643492453,,,,,,
dt_reference_0.25ms,dt_0.25ms_severity_1.0,High AD-like perturbation,1.0,461,pulse,60.0,0.02,0.25,ac884c60d8359016,episodic_platel_peaks,0.0010451439222947134,0.023066513851030493,,,,,,,,,,,1.0,,,,False,,,,,,,,553.0,553.0,1.0,0.009422935644119924,,,,,,
dt_reference_0.25ms,dt_0.25ms_severity_1.0,High AD-like perturbation,1.0,461,pulse,60.0,0.02,0.25,ac884c60d8359016,semantic_expanded_left,0.0004083679590846519,0.009642099257615342,,,,,,,,,,,1.0,,,,False,,,,,,,,760.0,648.0,0.8571428571428571,0.023270399006593653,,,,,,
dt_reference_0.25ms,dt_0.25ms_severity_1.0,High AD-like perturbation,1.0,461,pulse,60.0,0.02,0.25,ac884c60d8359016,episodic_expanded_left,0.0010880674500369555,0.025690689288534456,,,,,,,,,,,1.0,,,,False,,,,,,,,580.0,486.0,0.875,0.009019096542019371,,,,,,
dt_reference_0.25ms,dt_0.25ms_severity_1.0,High AD-like perturbation,1.0,461,pulse,60.0,0.02,0.25,ac884c60d8359016,semantic_expanded_right,0.00034181902833521567,0.007544007273494647,,,,,,,,,,,1.0,,,,False,,,,,,,,1075.0,1075.0,1.0,0.010481579520197955,,,,,,
dt_reference_0.25ms,dt_0.25ms_severity_1.0,High AD-like perturbation,1.0,461,pulse,60.0,0.02,0.25,ac884c60d8359016,episodic_expanded_right,0.0008330628023198883,0.01838584548843736,,,,,,,,,,,1.0,,,,False,,,,,,,,352.0,352.0,1.0,0.01189806091574012,,,,,,
dt_reference_0.25ms,dt_0.25ms_severity_1.0,High AD-like perturbation,1.0,461,pulse,60.0,0.02,0.25,ac884c60d8359016,shared_auditory_relay,0.0007360742300531977,0.016522211929578798,,,,,,,,,,,1.0,,,,False,,,,,,,,311.0,311.0,1.0,0.0063857385751972424,,,,,,
dt_reference_0.25ms,dt_0.25ms_severity_1.0,High AD-like perturbation,1.0,461,pulse,60.0,0.02,0.25,ac884c60d8359016,anterior_temporal_context,0.0006806203231628107,0.014901957415159097,,,,,,,,,,,1.0,,,,False,,,,,,,,920.0,920.0,1.0,0.016486758416994193,,,,,,
dt_reference_0.25ms,dt_0.25ms_severity_1.0,High AD-like perturbation,1.0,461,pulse,60.0,0.02,0.25,ac884c60d8359016,hippocampal_context,0.0009767279877575734,0.017940521547877855,,,,,,,,,,,1.0,,,,False,,,,,,,,684.0,684.0,1.0,0.007441227251450701,,,,,,
dt_reference_0.25ms,dt_0.25ms_severity_1.0,High AD-like perturbation,1.0,461,pulse,60.0,0.02,0.25,ac884c60d8359016,angular_parietal_context,0.0005477852453658405,0.012049458491746151,,,,,,,,,,,1.0,,,,False,,,,,,,,522.0,522.0,1.0,0.014172051047032338,,,,,,
dt_reference_0.25ms,dt_0.25ms_severity_1.0,High AD-like perturbation,1.0,461,2Hz,60.0,0.02,0.25,ac884c60d8359016,semantic_expanded,0.012792153006182406,0.3304606757037494,0.11942632019249547,0.18688333645316632,0.2654435557094351,0.3053276318728828,0.5603896013945712,0.005446211575390383,0.007280468009944861,0.01795753107178683,0.01898195215673932,0.030009355850373943,1.0,0.17596365575608022,0.4303799206118385,1.290333290911388,True,0.2584419471153597,0.01795753107178683,0.01172679236944253,0.01603869297120518,0.013593118566714153,0.0024455744044910264,1.0,,,,,0.00021459973136828125,-1.544318169256749,0.19774353633814254,0.15384615384615385,31.525849545922714,0.9999731730858363
dt_reference_0.25ms,dt_0.25ms_severity_1.0,High AD-like perturbation,1.0,461,2Hz,60.0,0.02,0.25,ac884c60d8359016,episodic_expanded,0.0047985421817315155,0.1271678169144899,0.026954999994769815,0.05870043920240138,0.08876631898615574,0.14100211682933145,0.20583653500058968,0.001610697981339256,0.001836564243733777,0.0029579022213680846,0.00482652419525285,0.0058125543899389814,1.0,0.053203817855775395,0.16841148370557205,1.66238883580155,True,0.35650110713946814,0.0029579022213680846,0.022275411216703272,0.03818374033647304,0.02486227273144382,0.013321467605029218,1.0,,,,,0.0001763813306157047,4.54354444175077,0.22714763173929747,0.5263157894736842,31.525849545922714,0.9999731730858363
dt_reference_0.25ms,dt_0.25ms_severity_1.0,High AD-like perturbation,1.0,461,2Hz,60.0,0.02,0.25,ac884c60d8359016,semantic_anatomical_core,0.011363265575168013,0.2715652754331922,0.08894938189676972,0.13423774453997914,0.1866509007094874,0.21111599053925467,0.49095604752938193,0.003797420957770852,0.0033171059191183867,0.00829399417019318,0.010315697646317042,0.022236180096676585,1.0,0.12809412297502107,0.35835787061972496,1.48419675519875,True,0.2791160126575175,0.00829399417019318,0.011370377043406833,0.008622035089361112,0.01582623273166908,0.007204197642307966,1.0,,,,,0.0001926327049794896,-1.7136483224468047,0.19242607555834484,0.1,31.525849545922714,0.9999731730858363
dt_reference_0.25ms,dt_0.25ms_severity_1.0,High AD-like perturbation,1.0,461,2Hz,60.0,0.02,0.25,ac884c60d8359016,episodic_anatomical_core,0.004974437551894715,0.1289565101851637,0.024938929941572895,0.05924905514121267,0.08887678033959681,0.14401941091426937,0.20874523458251254,0.0015873134519712301,0.0018145671858217937,0.0029442646620443575,0.00427706219100495,0.005664075507914766,1.0,0.052567983716573716,0.1709400865853956,1.7012344527954164,True,0.3705971402535172,0.0029442646620443575,0.02283164720092342,0.03353190955538911,0.02568442463150644,0.007847484923882667,1.0,,,,,0.0001827556657849061,6.418020245667162,0.2345631902743038,0.625,31.525849545922714,0.9999731730858363
dt_reference_0.25ms,dt_0.25ms_severity_1.0,High AD-like perturbation,1.0,461,2Hz,60.0,0.02,0.25,ac884c60d8359016,semantic_platel_peaks,0.01304017273338196,0.32366956891056137,0.12496029174416776,0.20168964995557911,0.28484241261047316,0.3688391390492699,0.49834539742319334,0.004915846583482033,0.0068083667835697964,0.011499343606991865,0.014239863707563158,0.025380501386853292,1.0,0.1880442873462264,0.4163928061882566,1.1468726651479861,True,0.24311036287010937,0.011499343606991865,0.011067109262271085,0.019633612102457343,0.010510746885254616,0.009122865217202727,1.0,,,,,0.00021459973136828125,-0.6146966198996572,0.19774353633814254,0.2,31.525849545922714,0.9999731730858363
dt_reference_0.25ms,dt_0.25ms_severity_1.0,High AD-like perturbation,1.0,461,2Hz,60.0,0.02,0.25,ac884c60d8359016,episodic_platel_peaks,0.0034428410595778005,0.09148833623583616,0.019137389473428915,0.03162509588924185,0.0545962558355818,0.08722759074025618,0.17464601060527532,0.0010503932910327625,0.0009691449456910459,0.0010777101252558794,0.0037205071403169313,0.004022710011672358,1.0,0.031467650410005446,0.12553423565236627,1.9961395028265687,True,0.3921825081447532,0.0010777101252558794,0.02632334727798215,0.0755479839723988,0.02629014828973355,0.04925783568266525,1.0,,,,,0.00017847247156832502,-0.32570716077997586,0.18504411173934637,0.25,31.525849545922714,0.9999731730858363
dt_reference_0.25ms,dt_0.25ms_severity_1.0,High AD-like perturbation,1.0,461,2Hz,60.0,0.02,0.25,ac884c60d8359016,semantic_expanded_left,0.009776087198201932,0.2519492016070117,0.08905439425010007,0.13836861126494268,0.20150403662960506,0.24434757024736545,0.4121322117379333,0.0041877665413280205,0.00790972418897083,0.017579261432058155,0.014652076991497969,0.01958039331999909,1.0,0.1330426324074501,0.32750711202250365,1.2996376165531704,True,0.26205575475769777,0.014652076991497969,0.015880665169781424,0.031083219174549214,0.015804269233341824,0.01527894994120739,1.0,,,,,0.00021459973136828125,-0.33457319869972973,0.18200200837765715,0.14285714285714285,31.525849545922714,0.9999731730858363
dt_reference_0.25ms,dt_0.25ms_severity_1.0,High AD-like perturbation,1.0,461,2Hz,60.0,0.02,0.25,ac884c60d8359016,episodic_expanded_left,0.0056546774471790935,0.1457322791089654,0.04789532210670289,0.10098925727164221,0.13850351338456543,0.1791130176705549,0.19806529446306928,0.0025819403035902935,0.003780458993773579,0.006990978461990088,0.008530359204514722,0.007722233172834673,1.0,0.09094082196446562,0.18446095327589326,1.0203155096992371,True,0.24613536280118256,0.006990978461990088,0.014433627545982809,0.005954265735129879,0.02055740360983282,0.014603137874702942,1.0,,,,,0.00012041388235634054,4.873689452513175,0.19357472259658792,0.5,31.525849545922714,0.9999731730858363
dt_reference_0.25ms,dt_0.25ms_severity_1.0,High AD-like perturbation,1.0,461,2Hz,60.0,0.02,0.25,ac884c60d8359016,semantic_expanded_right,0.016310896448826294,0.4334376036520033,0.16015656582498652,0.2524082674862845,0.3496718102833079,0.3815260478781363,0.7619800064326346,0.0070828257094078684,0.006701272152793892,0.018343940298089924,0.02459136052109315,0.045993020867183224,1.0,0.23273147551844772,0.5655659656426792,1.2810289652696054,True,0.2548281394730217,0.018343940298089924,0.0075729195691036375,0.0009941667678611452,0.011381967900086479,0.010387801132225333,1.0,,,,,0.00033456532510983683,-5.001640405827823,0.20470459281567283,0.16666666666666666,31.525849545922714,0.9999731730858363
dt_reference_0.25ms,dt_0.25ms_severity_1.0,High AD-like perturbation,1.0,461,2Hz,60.0,0.02,0.25,ac884c60d8359016,episodic_expanded_right,0.004175898352315095,0.11096823406368006,0.015169999756956605,0.03411988220971287,0.05688996036132339,0.11100029025763461,0.21391268599531923,0.001004805565598402,0.0008922112968072669,0.001251496567861498,0.002730873958394628,0.004375131879577373,1.0,0.031126244224365766,0.15375843689526658,2.304462161903863,True,0.4668668514777536,0.001251496567861498,0.030117194887423735,0.0704132149378162,0.029167141853054815,0.04124607308476139,1.0,,,,,0.00023106874203437933,4.54354444175077,0.24835280345262908,0.5454545454545454,31.525849545922714,0.9999731730858363
dt_reference_0.25ms,dt_0.25ms_severity_1.0,High AD-like perturbation,1.0,461,2Hz,60.0,0.02,0.25,ac884c60d8359016,shared_auditory_relay,0.009512765431469086,0.12811107022773158,0.03632794416809628,0.06238369859054107,0.09656785446260899,0.12192644649063238,0.22874389751356614,0.0031772994155072547,0.0033573948358824953,0.003236797397303434,0.006751982231617091,0.007332713387194105,1.0,0.05809708018721973,0.17076217846460992,1.5554509083624914,True,0.31379666723743305,0.0033573948358824953,0.03990510726026699,0.07222158832601297,0.037679353779961705,0.034542234546051265,1.0,,,,,0.0005005388839693925,9.821670868800245,0.39655849627739886,0.8571428571428571,31.525849545922714,0.9999731730858363
dt_reference_0.25ms,dt_0.25ms_severity_1.0,High AD-like perturbation,1.0,461,2Hz,60.0,0.02,0.25,ac884c60d8359016,anterior_temporal_context,0.015515819980667185,0.3426482016454869,0.10372777165331286,0.1812578523824053,0.33234572383884414,0.40780285203207534,0.5133395533612872,0.004253282241454014,0.005749611471966549,0.008297060310825447,0.01027400435228537,0.01922428752462833,1.0,0.1731971494673361,0.45115490546209136,1.3812076865054577,True,0.28920254032044984,0.008297060310825447,0.030957664124586066,0.06454622995090166,0.023580925060954515,0.040965304889947145,1.0,,,,,0.00039133937374247196,-1.3754736173267403,0.2182168294777748,0.3333333333333333,31.525849545922714,0.9999731730858363
dt_reference_0.25ms,dt_0.25ms_severity_1.0,High AD-like perturbation,1.0,461,2Hz,60.0,0.02,0.25,ac884c60d8359016,hippocampal_context,0.0028010068346996943,0.06518765069451642,0.015046218403858655,0.03283693361301118,0.0541731732398998,0.055862395827297295,0.12048973405178223,0.00073211410220917,0.0008770631451171984,0.0008484718258415215,0.0020561317746914036,0.0012288324248374892,1.0,0.03151045592999763,0.08670183722490941,1.4602319355953002,True,0.33847164081703374,0.0008770631451171984,0.01933681185292004,0.012668555490558777,0.026015695493072616,0.013347140002513838,1.0,,,,,0.00019570403697488636,2.2168784860952244,0.20109943864535948,0.5,31.525849545922714,0.9999731730858363
dt_reference_0.25ms,dt_0.25ms_severity_1.0,High AD-like perturbation,1.0,461,2Hz,60.0,0.02,0.25,ac884c60d8359016,angular_parietal_context,0.009509498754662319,0.1491134120945686,0.040364570045145876,0.07695046736708394,0.13807872230744295,0.1427269424674046,0.22841122827845517,0.0018029519648950425,0.002493542760364329,0.0027426907340725396,0.004954585070852563,0.005753780968718558,1.0,0.07823547402487657,0.19286568175292568,1.3017016381730326,True,0.29460999945928723,0.0027426907340725396,0.01375271973118628,0.01025922678102706,0.017577982337599742,0.007318755556572682,1.0,,,,,0.00014251104694001926,1.9124803770566159,0.2567542419085994,0.5,31.525849545922714,0.9999731730858363
dt_reference_0.25ms,dt_0.25ms_severity_1.0,High AD-like perturbation,1.0,461,5Hz,60.0,0.02,0.25,ac884c60d8359016,semantic_expanded,0.018951014469705197,0.35667272246408427,0.08236291704430229,0.13032868673822018,0.24014318986749308,0.22805496055771746,0.6851063314641381,0.007110376568310628,0.012649563217656284,0.016654256771275792,0.03449746993460762,0.22511366889926834,1.0,0.1372974697466588,0.4830344984125898,1.8148211919642296,True,0.3459874526081665,0.016654256771275792,0.0829797068457052,-0.0029097338527910473,0.12480699249069663,0.12771672634348769,1.0,,,,,0.015403314638772647,12.504958651589709,0.1744789414960863,0.3076923076923077,31.823465571400238,0.9999105422998217
dt_reference_0.25ms,dt_0.25ms_severity_1.0,High AD-like perturbation,1.0,461,5Hz,60.0,0.02,0.25,ac884c60d8359016,episodic_expanded,0.00821380293074359,0.15629550459317268,0.015266050237580672,0.0337515712827027,0.09964227231760846,0.15801838979399016,0.28579814970922046,0.0011970196746523708,0.0015035916251427066,0.00354096808732045,0.007622403097871114,0.027511975969647978,1.0,0.03941860100600835,0.21627479581382125,2.4559170664711862,True,0.5340130773555607,0.00354096808732045,0.013840093378643982,0.019948461948651793,0.015486653411354568,0.004461808537297225,1.0,,,,,0.001161532160274814,12.627809922454084,0.23737791203777314,0.5263157894736842,31.823465571400238,0.9999105422998217
dt_reference_0.25ms,dt_0.25ms_severity_1.0,High AD-like perturbation,1.0,461,5Hz,60.0,0.02,0.25,ac884c60d8359016,semantic_anatomical_core,0.018276899747707083,0.3338448197785706,0.05945584574807201,0.09181494093492498,0.20297156654303297,0.16945021220964204,0.6779801394791632,0.004297248593752997,0.007296404350213125,0.014885754335632474,0.03334421797034207,0.21441639978601154,1.0,0.10933766599743207,0.4576663380875803,2.0655056997314314,True,0.3953382741972867,0.014885754335632474,0.08462567587572795,0.0083290949966159,0.12531970468565645,0.11699060968904056,1.0,,,,,0.023038384262885125,13.405238134596154,0.18696587865934913,0.4,31.823465571400238,0.9999105422998217
dt_reference_0.25ms,dt_0.25ms_severity_1.0,High AD-like perturbation,1.0,461,5Hz,60.0,0.02,0.25,ac884c60d8359016,episodic_anatomical_core,0.008290842803764078,0.14902153934253262,0.01487538459553316,0.034861121623442376,0.09550494944350459,0.1499267734779998,0.2729741961072798,0.0012352259423252904,0.0015098976998441536,0.003152993752668228,0.0064351166039769,0.02138176506428778,1.0,0.038642250663158205,0.20607570426955876,2.414923395860992,True,0.525004928026775,0.003152993752668228,0.01521898213248504,0.026259533829552175,0.016444081454679113,0.009815452374873062,1.0,,,,,0.001103037591514755,12.559881479612914,0.24457973925830184,0.5625,31.823465571400238,0.9999105422998217
dt_reference_0.25ms,dt_0.25ms_severity_1.0,High AD-like perturbation,1.0,461,5Hz,60.0,0.02,0.25,ac884c60d8359016,semantic_platel_peaks,0.017705940791481977,0.32140929753352315,0.09133437443718616,0.14378028373824622,0.23310122683858422,0.3096932651787565,0.5685844528659935,0.006676894847432243,0.012823186905614363,0.009486359092147541,0.029511854786713112,0.14636838997606869,1.0,0.14390871315717615,0.4298828135664466,1.5787894887301406,True,0.31916318903145063,0.012823186905614363,0.04991931252173381,-0.027981402137558984,0.08035820602648534,0.10833960816404432,1.0,,,,,0.011337190685081322,7.897025420399723,0.10321731400005056,0.0,31.823465571400238,0.9999105422998217
dt_reference_0.25ms,dt_0.25ms_severity_1.0,High AD-like perturbation,1.0,461,5Hz,60.0,0.02,0.25,ac884c60d8359016,episodic_platel_peaks,0.006916916839556296,0.13214774272148447,0.010119041241108555,0.018801200352954073,0.08187015874844993,0.12581461520202758,0.24861509520336272,0.0006967721129212748,0.001110687255240754,0.00280345708741893,0.012880100233939418,0.05351966089586966,1.0,0.029644681866118704,0.1844764710992297,2.637591601113704,True,0.5989970808215308,0.00280345708741893,0.019093757788150187,-0.0005805103015968822,0.02618758729483302,0.026768097596429903,1.0,,,,,0.004657786997298519,14.656591059001785,0.19251723569084167,0.5,31.823465571400238,0.9999105422998217
dt_reference_0.25ms,dt_0.25ms_severity_1.0,High AD-like perturbation,1.0,461,5Hz,60.0,0.02,0.25,ac884c60d8359016,semantic_expanded_left,0.01538958654806674,0.2881824783157213,0.06348258461031171,0.09792255725036762,0.20744687763128827,0.2314882236920042,0.5307273836572548,0.00334373318960346,0.008740697701227219,0.007312951947251474,0.02785638710118502,0.1458385287203136,1.0,0.11304744774105943,0.3889619435047487,1.7827005862314977,True,0.36841510480488054,0.008740697701227219,0.07414106279902204,-0.02305634466042752,0.11609854505470103,0.13915488971512854,1.0,,,,,0.015403314638772647,14.3055176176026,0.1593560959996526,0.14285714285714285,31.823465571400238,0.9999105422998217
dt_reference_0.25ms,dt_0.25ms_severity_1.0,High AD-like perturbation,1.0,461,5Hz,60.0,0.02,0.25,ac884c60d8359016,episodic_expanded_left,0.010872314597493552,0.20359290068955646,0.024416083597753848,0.04848182823705052,0.1382441612245422,0.21220576627841273,0.36230163290373263,0.001990994456571995,0.002084586053200803,0.005686538060434028,0.006648548315068176,0.022593350168613337,1.0,0.053980966891434286,0.27963025841228606,2.3729977579562913,True,0.49562615213574857,0.005686538060434028,0.006167618874010529,0.022144816766385758,0.00429329330276536,0.0178515234636204,1.0,,,,,0.0010293041530080038,12.05589014279586,0.24457973925830184,0.5,31.823465571400238,0.9999105422998217
dt_reference_0.25ms,dt_0.25ms_severity_1.0,High AD-like perturbation,1.0,461,5Hz,60.0,0.02,0.25,ac884c60d8359016,semantic_expanded_right,0.02310601371161673,0.4414405472999281,0.106858442290718,0.17345918104937316,0.2779928639959289,0.22467261705796435,0.8843913087314341,0.015120062539791514,0.018306484798692544,0.03792781227118976,0.042721815559438846,0.34748131628833967,1.0,0.16674940987622186,0.5998590107668299,1.8469417976969609,True,0.32355980041145255,0.03792781227118976,0.09181835089238836,0.017236876954845427,0.13351543992669224,0.11627856297184681,1.0,,,,,0.02698662244163258,2.6990249938265127,0.18953218635966101,0.5,31.823465571400238,0.9999105422998217
dt_reference_0.25ms,dt_0.25ms_severity_1.0,High AD-like perturbation,1.0,461,5Hz,60.0,0.02,0.25,ac884c60d8359016,episodic_expanded_right,0.006280339900379981,0.11998593601887589,0.009545031615052975,0.02349681531153136,0.07181918096699946,0.11766792180531589,0.2254491146577785,0.000719668553960665,0.0010845260006071378,0.0022049364414989696,0.008738904529693467,0.03350139824796698,1.0,0.02878470310463157,0.16727369766738712,2.5388363749860816,True,0.5724000025753727,0.0022049364414989696,0.021512567883277437,0.01775210713091783,0.026680013519943778,0.00892790638902595,1.0,,,,,0.001204538729320137,14.12844869743731,0.21063974180900244,0.5454545454545454,31.823465571400238,0.9999105422998217
dt_reference_0.25ms,dt_0.25ms_severity_1.0,High AD-like perturbation,1.0,461,5Hz,60.0,0.02,0.25,ac884c60d8359016,shared_auditory_relay,0.013396247895162939,0.15042346275461094,0.02419107946956075,0.041582677993834034,0.10099286201302426,0.11156644067498177,0.29248720180145515,0.0036339842416133208,0.004443895900563705,0.00545347517366061,0.012039655228463562,0.04136737874629156,1.0,0.04793057905228133,0.20609629303251983,2.1043002814980873,True,0.4307750721006601,0.00545347517366061,0.022843535720965823,0.057062094100696924,0.023527715876985003,0.03353437822371192,1.0,,,,,0.004522549256541164,13.944261903245993,0.3018797710919729,0.7142857142857143,31.823465571400238,0.9999105422998217
dt_reference_0.25ms,dt_0.25ms_severity_1.0,High AD-like perturbation,1.0,461,5Hz,60.0,0.02,0.25,ac884c60d8359016,anterior_temporal_context,0.02116824857678393,0.35246867533808135,0.0681644499636254,0.14157847380161787,0.306647877107167,0.3446534187544746,0.5856839095030254,0.007239370119401908,0.024352269150817646,0.036208491136829626,0.05848816150688407,0.11684948329126699,1.0,0.14116680114912727,0.47592752148005346,1.753341040475742,True,0.3744803031704802,0.036208491136829626,0.073857732278759,-0.041643658870858066,0.11847415731272731,0.1601178161835854,1.0,,,,,0.011318442744369384,10.05866144185628,0.15508048326299995,0.3333333333333333,31.823465571400238,0.9999105422998217
dt_reference_0.25ms,dt_0.25ms_severity_1.0,High AD-like perturbation,1.0,461,5Hz,60.0,0.02,0.25,ac884c60d8359016,hippocampal_context,0.005395207109128951,0.09161437339070053,0.00901186875692655,0.019531093096606385,0.06911580434796018,0.06000219673593946,0.1818265898120695,0.0007023286987871443,0.0010393614727105128,0.0019545451121871834,0.005811511698082661,0.007915909716534613,1.0,0.026414797111602415,0.12692453035135,2.2645526878840663,True,0.5144214389829987,0.0019545451121871834,0.032961637719637005,0.031899660627517215,0.04133503568535245,0.009435375057835232,1.0,,,,,0.000977892575788064,12.31337493275048,0.20646482465088464,0.5,31.823465571400238,0.9999105422998217
dt_reference_0.25ms,dt_0.25ms_severity_1.0,High AD-like perturbation,1.0,461,5Hz,60.0,0.02,0.25,ac884c60d8359016,angular_parietal_context,0.011564230414573197,0.16629245529233702,0.024551100958158982,0.047820647804389244,0.13067867686949902,0.11882956273533184,0.30518841809550507,0.001311886312807165,0.0030020465592463584,0.003501701426635793,0.009191020074630189,0.02364784941667525,1.0,0.06531549341637882,0.22255282579174362,1.7686506614710866,True,0.4292434696009938,0.003501701426635793,-0.006347632894243645,0.01690128337503681,-0.012756133597954274,0.029657416972991082,1.0,,,,,0.002579443156007777,12.614675038776813,0.2189249148485968,0.5,31.823465571400238,0.9999105422998217
dt_reference_0.25ms,dt_0.25ms_severity_1.0,High AD-like perturbation,1.0,503,pulse,60.0,0.02,0.25,ac884c60d8359016,semantic_expanded,0.00040947610888419754,0.009241870386455898,,,,,,,,,,,1.0,,,,False,,,,,,,,940.5,870.5,0.8461538461538461,0.02638301881731958,,,,,,
dt_reference_0.25ms,dt_0.25ms_severity_1.0,High AD-like perturbation,1.0,503,pulse,60.0,0.02,0.25,ac884c60d8359016,episodic_expanded,0.001065528564611456,0.02461698838258834,,,,,,,,,,,1.0,,,,False,,,,,,,,511.5,480.0,0.9473684210526315,0.015985496502812037,,,,,,
dt_reference_0.25ms,dt_0.25ms_severity_1.0,High AD-like perturbation,1.0,503,pulse,60.0,0.02,0.25,ac884c60d8359016,semantic_anatomical_core,0.00047718953638835603,0.010760281229329169,,,,,,,,,,,1.0,,,,False,,,,,,,,916.0,824.0,0.8,0.021958526756811578,,,,,,
dt_reference_0.25ms,dt_0.25ms_severity_1.0,High AD-like perturbation,1.0,503,pulse,60.0,0.02,0.25,ac884c60d8359016,episodic_anatomical_core,0.0010325454273011473,0.02276098008962714,,,,,,,,,,,1.0,,,,False,,,,,,,,504.5,473.0,0.9375,0.016341011981461383,,,,,,
dt_reference_0.25ms,dt_0.25ms_severity_1.0,High AD-like perturbation,1.0,503,pulse,60.0,0.02,0.25,ac884c60d8359016,semantic_platel_peaks,0.00033255535855874216,0.007729731439742576,,,,,,,,,,,1.0,,,,False,,,,,,,,1097.0,949.5,0.8,0.033381408041115564,,,,,,
dt_reference_0.25ms,dt_0.25ms_severity_1.0,High AD-like perturbation,1.0,503,pulse,60.0,0.02,0.25,ac884c60d8359016,episodic_platel_peaks,0.0011338651654218027,0.025025970209928406,,,,,,,,,,,1.0,,,,False,,,,,,,,569.0,569.0,1.0,0.012175733900322965,,,,,,
dt_reference_0.25ms,dt_0.25ms_severity_1.0,High AD-like perturbation,1.0,503,pulse,60.0,0.02,0.25,ac884c60d8359016,semantic_expanded_left,0.0004435475740775166,0.010466709405708955,,,,,,,,,,,1.0,,,,False,,,,,,,,812.0,672.0,0.7142857142857143,0.033381408041115564,,,,,,
dt_reference_0.25ms,dt_0.25ms_severity_1.0,High AD-like perturbation,1.0,503,pulse,60.0,0.02,0.25,ac884c60d8359016,episodic_expanded_left,0.001299888286526844,0.030674393797008228,,,,,,,,,,,1.0,,,,False,,,,,,,,641.0,578.0,0.875,0.01940178604689663,,,,,,
dt_reference_0.25ms,dt_0.25ms_severity_1.0,High AD-like perturbation,1.0,503,pulse,60.0,0.02,0.25,ac884c60d8359016,semantic_expanded_right,0.00036972606615865876,0.008160364917885582,,,,,,,,,,,1.0,,,,False,,,,,,,,1069.0,1069.0,1.0,0.014371183848855662,,,,,,
dt_reference_0.25ms,dt_0.25ms_severity_1.0,High AD-like perturbation,1.0,503,pulse,60.0,0.02,0.25,ac884c60d8359016,episodic_expanded_right,0.0008950851304911736,0.019755765054029987,,,,,,,,,,,1.0,,,,False,,,,,,,,382.0,382.0,1.0,0.01337393256197849,,,,,,
dt_reference_0.25ms,dt_0.25ms_severity_1.0,High AD-like perturbation,1.0,503,pulse,60.0,0.02,0.25,ac884c60d8359016,shared_auditory_relay,0.0008621486318606305,0.018833337926216456,,,,,,,,,,,1.0,,,,False,,,,,,,,352.0,352.0,1.0,0.01111220276349163,,,,,,
dt_reference_0.25ms,dt_0.25ms_severity_1.0,High AD-like perturbation,1.0,503,pulse,60.0,0.02,0.25,ac884c60d8359016,anterior_temporal_context,0.000802590406975646,0.01758487342862468,,,,,,,,,,,1.0,,,,False,,,,,,,,997.0,962.0,0.8888888888888888,0.022166952568233866,,,,,,
dt_reference_0.25ms,dt_0.25ms_severity_1.0,High AD-like perturbation,1.0,503,pulse,60.0,0.02,0.25,ac884c60d8359016,hippocampal_context,0.0010040466411271652,0.018626160692731392,,,,,,,,,,,1.0,,,,False,,,,,,,,721.0,721.0,1.0,0.011194647359200189,,,,,,
dt_reference_0.25ms,dt_0.25ms_severity_1.0,High AD-like perturbation,1.0,503,pulse,60.0,0.02,0.25,ac884c60d8359016,angular_parietal_context,0.0005372757514669651,0.012031207980235667,,,,,,,,,,,1.0,,,,False,,,,,,,,441.0,441.0,1.0,0.023205738901729354,,,,,,
dt_reference_0.25ms,dt_0.25ms_severity_1.0,High AD-like perturbation,1.0,503,2Hz,60.0,0.02,0.25,ac884c60d8359016,semantic_expanded,0.010451307382343327,0.2685658545716497,0.12594374506787684,0.1949589085529168,0.23657645135051308,0.2941724186991597,0.4117856915363664,0.005893111745757992,0.007695074761956136,0.016384908876054895,0.01836030349502206,0.022837948339669206,1.0,0.17630531487479018,0.33674193343149456,0.9335674201119828,False,0.2005860181794239,0.016384908876054895,0.015731197093401466,0.021055897798554078,0.014954628725914507,0.006101269072639571,1.0,,,,,0.00022739476594291208,-2.373505132463,0.14953968697796372,0.15384615384615385,31.536318302154413,0.9999777863116746
dt_reference_0.25ms,dt_0.25ms_severity_1.0,High AD-like perturbation,1.0,503,2Hz,60.0,0.02,0.25,ac884c60d8359016,episodic_expanded,0.0037621645195163784,0.09749200444994785,0.029741893010803565,0.045100112581885225,0.05501566153083129,0.09149661133146195,0.17214446871400058,0.0014733595451311516,0.0019007221942201559,0.002749170736397906,0.003829021904159886,0.004756687230393299,1.0,0.04016442315249838,0.13038228238359323,1.698757773840204,True,0.3043345084405974,0.002749170736397906,0.0308160271855309,0.054828287037806386,0.027482412907368685,0.0273458741304377,1.0,,,,,0.0003492710136500099,7.49865463131526,0.25455914080152325,0.631578947368421,31.536318302154413,0.9999777863116746
dt_reference_0.25ms,dt_0.25ms_severity_1.0,High AD-like perturbation,1.0,503,2Hz,60.0,0.02,0.25,ac884c60d8359016,semantic_anatomical_core,0.008689347869393016,0.19394896814719878,0.10013030090216059,0.14975082925881136,0.15677762874334025,0.1916501356457101,0.30333946675434953,0.0040383744731744475,0.0035288332376501633,0.007687135638656951,0.0096475560019167,0.013208487028280565,1.0,0.13342073402944368,0.23944386052323335,0.843704560934899,False,0.17770101082773426,0.007687135638656951,0.01379086176572503,0.013270557807870238,0.014890659389926928,0.0016201015820566898,1.0,,,,,0.00020782719233058966,-2.6856435556076947,0.15922771152989798,0.2,31.536318302154413,0.9999777863116746
dt_reference_0.25ms,dt_0.25ms_severity_1.0,High AD-like perturbation,1.0,503,2Hz,60.0,0.02,0.25,ac884c60d8359016,episodic_anatomical_core,0.003852837065616544,0.09230847777257956,0.027938142505268774,0.043685808497331016,0.05709637740833353,0.09226262788272742,0.1607903648351855,0.001437367636796201,0.0019095939938567226,0.002842221311227863,0.0037540234212326586,0.004220781151968514,1.0,0.03866881538467081,0.12340675533281834,1.6741788969346498,True,0.3064163794291946,0.002842221311227863,0.02698600556774048,0.0480550584350829,0.024873092215274367,0.02318196621980853,1.0,,,,,0.0003496752502025191,9.060588553205989,0.2664898401701506,0.6875,31.536318302154413,0.9999777863116746
dt_reference_0.25ms,dt_0.25ms_severity_1.0,High AD-like perturbation,1.0,503,2Hz,60.0,0.02,0.25,ac884c60d8359016,semantic_platel_peaks,0.011932412259269724,0.2887090053325807,0.12606689807451776,0.19730448702053538,0.25098079555753217,0.32308989611494365,0.45270905313669985,0.00506487100933865,0.007357894784661519,0.009812160733568677,0.012578828303523405,0.02068670645835758,1.0,0.17915509034207755,0.36723417342033954,1.0354912812375785,True,0.220015058104452,0.009812160733568677,0.015896287216189478,0.023613462173364377,0.01477783067344928,0.008835631499915097,1.0,,,,,0.00022739476594291208,-2.373505132463,0.09672039451206002,0.0,31.536318302154413,0.9999777863116746
dt_reference_0.25ms,dt_0.25ms_severity_1.0,High AD-like perturbation,1.0,503,2Hz,60.0,0.02,0.25,ac884c60d8359016,episodic_platel_peaks,0.0029396010494487945,0.0781095390954241,0.02022724645332662,0.02794082920879256,0.020222126447175203,0.047346328747258436,0.165080703803375,0.0009712124284068447,0.0009447808353932151,0.0009370760540130988,0.0017564502938654668,0.0033596079911871013,1.0,0.02330425413331619,0.1077963751047246,2.2096434206393143,True,0.34092385138698855,0.0009712124284068447,0.058228316910788704,0.10316890514771107,0.04834859710457879,0.05482030804313228,1.0,,,,,0.00033537770523572874,3.3546861681470785,0.21018251821347966,0.5,31.536318302154413,0.9999777863116746
dt_reference_0.25ms,dt_0.25ms_severity_1.0,High AD-like perturbation,1.0,503,2Hz,60.0,0.02,0.25,ac884c60d8359016,semantic_expanded_left,0.007730621935272468,0.1992211127290712,0.09849413898118997,0.15172263146230405,0.16995925656964575,0.20273622526300197,0.3128112798369705,0.004750777302477513,0.00880195164988367,0.016041876867169798,0.01261480031644193,0.013869960789629248,1.0,0.13505469546050614,0.24746177172947495,0.8736618736370532,False,0.18762665517891614,0.01261480031644193,0.024013578937079005,0.040982456192528806,0.019106172625949765,0.02187628356657904,1.0,,,,,0.00022739476594291208,0.23020905420679655,0.16891573608183225,0.2857142857142857,31.536318302154413,0.9999777863116746
dt_reference_0.25ms,dt_0.25ms_severity_1.0,High AD-like perturbation,1.0,503,2Hz,60.0,0.02,0.25,ac884c60d8359016,episodic_expanded_left,0.0054022686791875,0.1392185501425909,0.05283390465464151,0.08281741026044159,0.11893124431044029,0.16309703341758597,0.21342080623980503,0.002385668002510698,0.003748515130354307,0.006608364658666266,0.008071986265529817,0.008926468158458368,1.0,0.07932191696360424,0.18016904306132087,1.1835596976863045,True,0.2503027163073875,0.006608364658666266,0.012403929659929213,0.01651129615092594,0.013878621218610807,0.002632674932315133,1.0,,,,,0.0003347666186124809,7.579546614835007,0.22305282901451456,0.625,31.536318302154413,0.9999777863116746
dt_reference_0.25ms,dt_0.25ms_severity_1.0,High AD-like perturbation,1.0,503,2Hz,60.0,0.02,0.25,ac884c60d8359016,semantic_expanded_right,0.013625440403925998,0.3620480643529473,0.1610433583743657,0.2505161929885722,0.3293049079128385,0.4268473076829366,0.542075899061114,0.007310122920280838,0.006727391599893296,0.016735276121339966,0.02672263816890922,0.03760442385355448,1.0,0.23015537480656217,0.4582329179116386,0.9934729665869131,False,0.2135453811799316,0.016735276121339966,0.007448815249723927,0.0011293394045793507,0.010803084825879246,0.009673745421299895,1.0,,,,,0.000182393452177243,-2.9335052229530936,0.12545349459727168,0.0,31.536318302154413,0.9999777863116746
dt_reference_0.25ms,dt_0.25ms_severity_1.0,High AD-like perturbation,1.0,503,2Hz,60.0,0.02,0.25,ac884c60d8359016,episodic_expanded_right,0.0025693614943010173,0.06827172759616967,0.016742661850346032,0.02456029654274627,0.025449351272021383,0.05132913646385144,0.13885112061439936,0.0009099289368615077,0.0009637802527049184,0.001143692899567075,0.0018163322211220188,0.0025347173155316847,1.0,0.020337139455582406,0.09435327662682443,2.2139558499941048,True,0.35836630057380714,0.001143692899567075,0.04922812471113258,0.09314527792468684,0.04108620459612656,0.05205907332856028,1.0,,,,,0.0003500794867550283,7.49865463131526,0.27842053953877793,0.6363636363636364,31.536318302154413,0.9999777863116746
dt_reference_0.25ms,dt_0.25ms_severity_1.0,High AD-like perturbation,1.0,503,2Hz,60.0,0.02,0.25,ac884c60d8359016,shared_auditory_relay,0.007512320671858935,0.10198353461084493,0.03900730126211857,0.0642550300858571,0.06439812617359376,0.10438646875934342,0.1748168024415492,0.00311352701554987,0.003555569994831767,0.0037797552743707888,0.005551972410684326,0.0068382228884083145,1.0,0.05468526375351848,0.1329053213788396,1.2811748476788465,True,0.2514054467168245,0.0037797552743707888,0.04839598364677676,0.08983958760938064,0.04082740935919917,0.04901217825018147,1.0,,,,,0.0012507351334132832,11.69578883442745,0.3501910541768424,0.7857142857142857,31.536318302154413,0.9999777863116746
dt_reference_0.25ms,dt_0.25ms_severity_1.0,High AD-like perturbation,1.0,503,2Hz,60.0,0.02,0.25,ac884c60d8359016,anterior_temporal_context,0.012324857515502947,0.2803398353974029,0.1244676979087734,0.20419775322660147,0.2173527030191417,0.31281403372761774,0.43906948147380404,0.004891159401894224,0.006345389348332015,0.007829734257587396,0.009743417231156962,0.01559450359517119,1.0,0.17792611080058865,0.35459171625342284,0.994880590499705,False,0.21263470027369094,0.007829734257587396,0.03910256496951645,0.06870661262946962,0.029988148452180216,0.0387184641772894,1.0,,,,,0.0003718998326906475,-0.8235914707370795,0.24757802919180116,0.2777777777777778,31.536318302154413,0.9999777863116746
dt_reference_0.25ms,dt_0.25ms_severity_1.0,High AD-like perturbation,1.0,503,2Hz,60.0,0.02,0.25,ac884c60d8359016,hippocampal_context,0.002609515841704143,0.05781517882684682,0.0162461333889733,0.0298649585914186,0.0241295826063783,0.04626927532270636,0.11505660766541559,0.0005799160135886138,0.0007050834687646721,0.0008586203689985574,0.0008946456843122645,0.0014739304352030741,1.0,0.0233760275094334,0.07855451163300617,1.7486643553679362,True,0.3139975930510631,0.0008586203689985574,0.01756594890907463,0.02226761166384964,0.02004471677578752,0.00222289488806212,1.0,,,,,0.00032865906930173994,5.916816260915252,0.18164469916237325,0.5,31.536318302154413,0.9999777863116746
dt_reference_0.25ms,dt_0.25ms_severity_1.0,High AD-like perturbation,1.0,503,2Hz,60.0,0.02,0.25,ac884c60d8359016,angular_parietal_context,0.00722527483788517,0.10707082973464589,0.040550719209520865,0.06431809295877663,0.06431372936402316,0.11709064714106851,0.18000777883096614,0.001587904102040184,0.0019548643982142725,0.0031300403145622033,0.0022953966318214115,0.004329346168518543,1.0,0.054782411881734605,0.14024867942796074,1.3562024971099826,True,0.25824244978515587,0.0022953966318214115,0.010704724117620423,0.02178905839045103,0.00876464105638206,0.013024417334068969,1.0,,,,,0.00027502677772606177,4.556446758717216,0.20988218410571802,0.5,31.536318302154413,0.9999777863116746
dt_reference_0.25ms,dt_0.25ms_severity_1.0,High AD-like perturbation,1.0,503,5Hz,60.0,0.02,0.25,ac884c60d8359016,semantic_expanded,0.010666699592648602,0.19945067661678612,0.09103991826813751,0.13874810836106763,0.17570226325281763,0.21810146837082167,0.3007571920043283,0.008151158382155339,0.012715845693758623,0.015914842583025474,0.02039599811503082,0.022836161626200703,1.0,0.1291257977199839,0.2505306195002593,0.9562096764835964,False,0.20502937596689225,0.015914842583025474,0.01676639444417388,-8.52777425679966e-05,0.025279096027097176,0.025364373769665174,1.0,,,,,0.0008070419818942964,-1.9781411386954049,0.1308857934577444,0.15384615384615385,31.861849806722535,0.9999310761736999
dt_reference_0.25ms,dt_0.25ms_severity_1.0,High AD-like perturbation,1.0,503,5Hz,60.0,0.02,0.25,ac884c60d8359016,episodic_expanded,0.0034665969870993018,0.06481543737306941,0.024059104625419773,0.03047102806685424,0.030452316248089514,0.05798660902623433,0.11613658787265643,0.0012902306721099808,0.0016689833404918252,0.0023279738129403167,0.003091719111348017,0.004074355194569516,1.0,0.028669042737401094,0.08588062484085725,1.5828389542065722,True,0.27353084940565525,0.0023279738129403167,0.037790130568185906,0.058182078260812425,0.03584809957367199,0.022333978687140432,1.0,,,,,0.0014115061751729385,6.506507025116138,0.17670948749163987,0.2631578947368421,31.861849806722535,0.9999310761736999
dt_reference_0.25ms,dt_0.25ms_severity_1.0,High AD-like perturbation,1.0,503,5Hz,60.0,0.02,0.25,ac884c60d8359016,semantic_anatomical_core,0.008870232028591276,0.1482392624820252,0.07390985443084482,0.1087135124740874,0.12230006235809034,0.14949126500340817,0.22747660386823354,0.00502689938783777,0.00764890405331615,0.011084008718811008,0.009040653504284764,0.015933930986014994,1.0,0.10055612235143369,0.18343496861431138,0.8672677666121505,False,0.18516444921677425,0.009040653504284764,0.012057349609151223,0.004721307164442987,0.015879841573186226,0.011158534408743238,1.0,,,,,0.0007406456014761864,-1.974305227631709,0.11766946411696834,0.1,31.861849806722535,0.9999310761736999
dt_reference_0.25ms,dt_0.25ms_severity_1.0,High AD-like perturbation,1.0,503,5Hz,60.0,0.02,0.25,ac884c60d8359016,episodic_anatomical_core,0.0035384725817583767,0.060866881283219945,0.02325689086578262,0.02933069843987177,0.030523195414274455,0.05903068962095221,0.10692876424364975,0.0012910983893089705,0.0016304200010421243,0.002383989750929559,0.003080000115959925,0.003687936225738011,1.0,0.027606101155954528,0.08056205793905308,1.5451133884295152,True,0.27054467349819705,0.002383989750929559,0.03675086780482337,0.05795160592000155,0.034878555073352094,0.023073050846649457,1.0,,,,,0.001487933721730672,7.21309474464956,0.1759091670474407,0.25,31.861849806722535,0.9999310761736999
dt_reference_0.25ms,dt_0.25ms_severity_1.0,High AD-like perturbation,1.0,503,5Hz,60.0,0.02,0.25,ac884c60d8359016,semantic_platel_peaks,0.012242154411097002,0.21294977478140162,0.09235164107881066,0.14192593457145097,0.18449469744909047,0.23731627992178575,0.3268662813672797,0.006943571267143897,0.012709259813054534,0.014313608505739928,0.02121462997207576,0.017951952980353108,1.0,0.13162794503469535,0.27066835402107753,1.0400604101473963,True,0.21943274728548864,0.014313608505739928,0.021781477931832178,-0.010944032045037945,0.038207458584092455,0.0491514906291304,1.0,,,,,0.0003081246636179591,-4.645101815618907,0.1442678234339172,0.2,31.861849806722535,0.9999310761736999
dt_reference_0.25ms,dt_0.25ms_severity_1.0,High AD-like perturbation,1.0,503,5Hz,60.0,0.02,0.25,ac884c60d8359016,episodic_platel_peaks,0.0027562663081535854,0.05262606587292933,0.012820239728184676,0.02047282198304293,0.014886774793983844,0.030763888501800236,0.10906769711334294,0.0007700271170673101,0.0012658082893438598,0.001077642357274617,0.002020934536927268,0.002981012084449993,1.0,0.016834817162240227,0.07221601940605588,2.100870847604922,True,0.33824926788933773,0.0012658082893438598,0.05352147930725464,0.07605700178575082,0.051466922055299714,0.02459007973045111,1.0,,,,,0.0009693446832501063,2.7390686806932285,0.18645805111587127,0.25,31.861849806722535,0.9999310761736999
dt_reference_0.25ms,dt_0.25ms_severity_1.0,High AD-like perturbation,1.0,503,5Hz,60.0,0.02,0.25,ac884c60d8359016,semantic_expanded_left,0.008238436560037364,0.15433628646205338,0.07717809007185857,0.11342867811448627,0.13114045699288604,0.15764971762739122,0.2378017497939553,0.00408413582714717,0.0088960857858975,0.007806594383621861,0.012344775035827352,0.012480480693145873,1.0,0.1042585923375283,0.19154020328922255,0.8774809516732108,False,0.18609646556002604,0.0088960857858975,0.01881102061441984,-0.018864674892373128,0.036985683081686926,0.05585035797406006,1.0,,,,,0.0005090004734624731,0.06536484921780712,0.19185392249700944,0.2857142857142857,31.861849806722535,0.9999310761736999
dt_reference_0.25ms,dt_0.25ms_severity_1.0,High AD-like perturbation,1.0,503,5Hz,60.0,0.02,0.25,ac884c60d8359016,episodic_expanded_left,0.005009250748245864,0.09384173232475831,0.04975133693176367,0.052054385768961514,0.05964553178227106,0.09569094918506885,0.1537444506182314,0.002275163349800883,0.002422421712424502,0.004734117167300934,0.004511192765195688,0.007319121484670283,1.0,0.05578530909756997,0.12012556968007729,1.1065861252603215,True,0.20669085150889988,0.004511192765195688,0.021617950355952688,0.034809066354257186,0.019963297152169567,0.01484576920208762,1.0,,,,,0.0011758460242443647,5.627614221737408,0.1596729602530707,0.125,31.861849806722535,0.9999310761736999
dt_reference_0.25ms,dt_0.25ms_severity_1.0,High AD-like perturbation,1.0,503,5Hz,60.0,0.02,0.25,ac884c60d8359016,semantic_expanded_right,0.013499673130695049,0.2577525565426549,0.10739144633602833,0.16971931520125827,0.23540626607574724,0.301733813554536,0.3803794068828492,0.016268161927756323,0.01817571633176051,0.03244464897188253,0.033698203320921084,0.04178447053760981,1.0,0.15992419677836475,0.32768886233460187,1.0349384012939835,True,0.22396228637375845,0.03244464897188253,0.014721768273927918,0.018694119407237135,0.013572508972507424,0.005121610434729711,1.0,,,,,0.0010616602570275857,-10.933291260312549,0.09988311477783135,0.0,31.861849806722535,0.9999310761736999
dt_reference_0.25ms,dt_0.25ms_severity_1.0,High AD-like perturbation,1.0,503,5Hz,60.0,0.02,0.25,ac884c60d8359016,episodic_expanded_right,0.0023446669789927116,0.04476729934315078,0.011634672575147118,0.017836797759405044,0.015547578119662247,0.035138608771225585,0.08772809027231222,0.0007316816119594498,0.001149884587209779,0.0011447672041513242,0.002118891291283564,0.002268082349266189,1.0,0.014733520792031135,0.0613980998608266,2.0590917831528226,True,0.34037084730241085,0.001149884587209779,0.05396231078041913,0.08155509016736767,0.05173290199517442,0.029822188172193252,1.0,,,,,0.001587551140405985,7.07116430654001,0.18776241106424993,0.36363636363636365,31.861849806722535,0.9999310761736999
dt_reference_0.25ms,dt_0.25ms_severity_1.0,High AD-like perturbation,1.0,503,5Hz,60.0,0.02,0.25,ac884c60d8359016,shared_auditory_relay,0.007500624288151131,0.07093048389490417,0.027272217145253793,0.044958587827372234,0.04555649502227836,0.07239250763771028,0.11933101770814888,0.0035904461353145753,0.004410482998494615,0.005523016364388392,0.006318448290866695,0.00540744810232163,1.0,0.03940523840982121,0.0919956387954665,1.2231780396382725,True,0.24730870301973545,0.00540744810232163,0.07156553522007822,0.11203485001660951,0.06568554939615112,0.04634930062045839,1.0,,,,,0.005099803622902688,9.549589111628482,0.28674928237512093,0.7142857142857143,31.861849806722535,0.9999310761736999
dt_reference_0.25ms,dt_0.25ms_severity_1.0,High AD-like perturbation,1.0,503,5Hz,60.0,0.02,0.25,ac884c60d8359016,anterior_temporal_context,0.012697109096774975,0.2192050480070936,0.08693150093583703,0.1489415235617439,0.1778173637515826,0.25539699350335876,0.33267813296251825,0.0068873595158223215,0.021889088389967115,0.015533478891281462,0.03166286640954206,0.04080942654832916,1.0,0.1330156778528091,0.2800342479383035,1.07400697971001,True,0.2325173842167617,0.021889088389967115,0.02116586640420919,-0.020871788762581542,0.04511847331990581,0.06599026208248734,1.0,,,,,0.0013725318549093202,1.2597268087185003,0.15850934423395768,0.3333333333333333,31.861849806722535,0.9999310761736999
dt_reference_0.25ms,dt_0.25ms_severity_1.0,High AD-like perturbation,1.0,503,5Hz,60.0,0.02,0.25,ac884c60d8359016,hippocampal_context,0.0024609854130150104,0.038971614143121766,0.010758710483691432,0.02081789161019524,0.01745460280317055,0.03062754448243159,0.07565752704918544,0.0006158065096845181,0.0007977071372429762,0.0009212432441464715,0.0013958987082732326,0.001927782065470745,1.0,0.016920972266204006,0.05249844016316318,1.6334620909731206,True,0.30924813224657416,0.0009212432441464715,0.028436312943858268,0.0396517573111678,0.02988793259493717,0.009763824716230631,1.0,,,,,0.0014075308230176442,4.662006355997486,0.14409508592520506,0.5,31.861849806722535,0.9999310761736999
dt_reference_0.25ms,dt_0.25ms_severity_1.0,High AD-like perturbation,1.0,503,5Hz,60.0,0.02,0.25,ac884c60d8359016,angular_parietal_context,0.006905082740207162,0.07236721765227398,0.028172132493946962,0.04416691357380324,0.04636569027897555,0.08225797673818898,0.11353732206775506,0.0013431718641454466,0.0019853352024245033,0.003796378562123931,0.002928685025186422,0.005654232862577401,1.0,0.038504754544893216,0.09429264840358763,1.292108694534988,True,0.24594207252042258,0.002928685025186422,0.022039608331893605,0.04201915695534655,0.017495893108353283,0.024523263846993264,1.0,,,,,0.0012481951699040983,4.7455322139973966,0.10745058744851088,0.16666666666666666,31.861849806722535,0.9999310761736999
