scope,variant,condition,severity,seed,probe,global_coupling,input_peak_per_ms,dt_ms,pair,semantic_network,episodic_network,outcome,unit,semantic_value,episodic_value,semantic_minus_episodic_interaction
local_dynamics_counterfactual,expanded_targets_local_fixed,High AD-like perturbation with A1 and expanded target local dynamics held at baseline,1.0,11,2Hz,60.0,0.02,0.5,expanded_bilateral,semantic_expanded,episodic_expanded,transfer_gain,log2 ratio,5.461698160586193,4.680873714529521,0.7808244460566724
local_dynamics_counterfactual,expanded_targets_local_fixed,High AD-like perturbation with A1 and expanded target local dynamics held at baseline,1.0,23,2Hz,60.0,0.02,0.5,expanded_bilateral,semantic_expanded,episodic_expanded,transfer_gain,log2 ratio,6.371207572501622,5.753599633252513,0.6176079392491092
local_dynamics_counterfactual,expanded_targets_local_fixed,High AD-like perturbation with A1 and expanded target local dynamics held at baseline,1.0,37,2Hz,60.0,0.02,0.5,expanded_bilateral,semantic_expanded,episodic_expanded,transfer_gain,log2 ratio,5.101663582921888,4.506936620082677,0.5947269628392107
local_dynamics_counterfactual,expanded_targets_local_fixed,High AD-like perturbation with A1 and expanded target local dynamics held at baseline,1.0,53,2Hz,60.0,0.02,0.5,expanded_bilateral,semantic_expanded,episodic_expanded,transfer_gain,log2 ratio,6.042358139196421,5.125415754998627,0.9169423841977942
local_dynamics_counterfactual,expanded_targets_local_fixed,High AD-like perturbation with A1 and expanded target local dynamics held at baseline,1.0,71,2Hz,60.0,0.02,0.5,expanded_bilateral,semantic_expanded,episodic_expanded,transfer_gain,log2 ratio,5.430192441613501,4.7644706704824396,0.6657217711310617
local_dynamics_counterfactual,expanded_targets_local_fixed,High AD-like perturbation with A1 and expanded target local dynamics held at baseline,1.0,89,2Hz,60.0,0.02,0.5,expanded_bilateral,semantic_expanded,episodic_expanded,transfer_gain,log2 ratio,5.582347945314652,4.9191111043168245,0.6632368409978273
local_dynamics_counterfactual,expanded_targets_local_fixed,High AD-like perturbation with A1 and expanded target local dynamics held at baseline,1.0,107,2Hz,60.0,0.02,0.5,expanded_bilateral,semantic_expanded,episodic_expanded,transfer_gain,log2 ratio,5.241576080315911,4.631106111286023,0.6104699690298876
local_dynamics_counterfactual,expanded_targets_local_fixed,High AD-like perturbation with A1 and expanded target local dynamics held at baseline,1.0,127,2Hz,60.0,0.02,0.5,expanded_bilateral,semantic_expanded,episodic_expanded,transfer_gain,log2 ratio,5.943773074863773,5.271166429297328,0.6726066455664448
local_dynamics_counterfactual,expanded_targets_local_fixed,High AD-like perturbation with A1 and expanded target local dynamics held at baseline,1.0,149,2Hz,60.0,0.02,0.5,expanded_bilateral,semantic_expanded,episodic_expanded,transfer_gain,log2 ratio,5.181001082353939,4.6025262690577495,0.5784748132961894
local_dynamics_counterfactual,expanded_targets_local_fixed,High AD-like perturbation with A1 and expanded target local dynamics held at baseline,1.0,173,2Hz,60.0,0.02,0.5,expanded_bilateral,semantic_expanded,episodic_expanded,transfer_gain,log2 ratio,6.280266422652933,5.6354580369382425,0.6448083857146907
local_dynamics_counterfactual,expanded_targets_local_fixed,High AD-like perturbation with A1 and expanded target local dynamics held at baseline,1.0,197,2Hz,60.0,0.02,0.5,expanded_bilateral,semantic_expanded,episodic_expanded,transfer_gain,log2 ratio,6.0739421479303335,5.663826002594464,0.41011614533586993
local_dynamics_counterfactual,expanded_targets_local_fixed,High AD-like perturbation with A1 and expanded target local dynamics held at baseline,1.0,223,2Hz,60.0,0.02,0.5,expanded_bilateral,semantic_expanded,episodic_expanded,transfer_gain,log2 ratio,7.718883656821349,6.947062621483243,0.7718210353381059
local_dynamics_counterfactual,expanded_targets_local_fixed,High AD-like perturbation with A1 and expanded target local dynamics held at baseline,1.0,251,2Hz,60.0,0.02,0.5,expanded_bilateral,semantic_expanded,episodic_expanded,transfer_gain,log2 ratio,5.534787604747459,4.90589365009476,0.6288939546526988
local_dynamics_counterfactual,expanded_targets_local_fixed,High AD-like perturbation with A1 and expanded target local dynamics held at baseline,1.0,281,2Hz,60.0,0.02,0.5,expanded_bilateral,semantic_expanded,episodic_expanded,transfer_gain,log2 ratio,6.1670026050545,5.45015820860526,0.7168443964492397
local_dynamics_counterfactual,expanded_targets_local_fixed,High AD-like perturbation with A1 and expanded target local dynamics held at baseline,1.0,313,2Hz,60.0,0.02,0.5,expanded_bilateral,semantic_expanded,episodic_expanded,transfer_gain,log2 ratio,8.800486279901266,8.198411742289853,0.6020745376114132
local_dynamics_counterfactual,expanded_targets_local_fixed,High AD-like perturbation with A1 and expanded target local dynamics held at baseline,1.0,347,2Hz,60.0,0.02,0.5,expanded_bilateral,semantic_expanded,episodic_expanded,transfer_gain,log2 ratio,8.163352896892464,7.55916215083897,0.6041907460534937
local_dynamics_counterfactual,expanded_targets_local_fixed,High AD-like perturbation with A1 and expanded target local dynamics held at baseline,1.0,383,2Hz,60.0,0.02,0.5,expanded_bilateral,semantic_expanded,episodic_expanded,transfer_gain,log2 ratio,5.5967376969462235,4.994531299670275,0.6022063972759488
local_dynamics_counterfactual,expanded_targets_local_fixed,High AD-like perturbation with A1 and expanded target local dynamics held at baseline,1.0,421,2Hz,60.0,0.02,0.5,expanded_bilateral,semantic_expanded,episodic_expanded,transfer_gain,log2 ratio,7.34049975798579,6.501280336603612,0.839219421382178
local_dynamics_counterfactual,expanded_targets_local_fixed,High AD-like perturbation with A1 and expanded target local dynamics held at baseline,1.0,461,2Hz,60.0,0.02,0.5,expanded_bilateral,semantic_expanded,episodic_expanded,transfer_gain,log2 ratio,6.819087654413717,6.232450663635977,0.5866369907777393
local_dynamics_counterfactual,expanded_targets_local_fixed,High AD-like perturbation with A1 and expanded target local dynamics held at baseline,1.0,503,2Hz,60.0,0.02,0.5,expanded_bilateral,semantic_expanded,episodic_expanded,transfer_gain,log2 ratio,6.285640383576596,5.546233210753964,0.7394071728226326
local_dynamics_counterfactual,expanded_targets_local_fixed,High AD-like perturbation with A1 and expanded target local dynamics held at baseline,1.0,11,5Hz,60.0,0.02,0.5,expanded_bilateral,semantic_expanded,episodic_expanded,transfer_gain,log2 ratio,4.8823513612332805,4.28732273719452,0.5950286240387603
local_dynamics_counterfactual,expanded_targets_local_fixed,High AD-like perturbation with A1 and expanded target local dynamics held at baseline,1.0,23,5Hz,60.0,0.02,0.5,expanded_bilateral,semantic_expanded,episodic_expanded,transfer_gain,log2 ratio,7.5773975649473195,6.938606411153554,0.6387911537937656
local_dynamics_counterfactual,expanded_targets_local_fixed,High AD-like perturbation with A1 and expanded target local dynamics held at baseline,1.0,37,5Hz,60.0,0.02,0.5,expanded_bilateral,semantic_expanded,episodic_expanded,transfer_gain,log2 ratio,4.591336707787377,4.028745163966147,0.5625915438212301
local_dynamics_counterfactual,expanded_targets_local_fixed,High AD-like perturbation with A1 and expanded target local dynamics held at baseline,1.0,53,5Hz,60.0,0.02,0.5,expanded_bilateral,semantic_expanded,episodic_expanded,transfer_gain,log2 ratio,4.844242480352094,3.946698169539221,0.8975443108128727
local_dynamics_counterfactual,expanded_targets_local_fixed,High AD-like perturbation with A1 and expanded target local dynamics held at baseline,1.0,71,5Hz,60.0,0.02,0.5,expanded_bilateral,semantic_expanded,episodic_expanded,transfer_gain,log2 ratio,5.683060671723877,4.95692649381672,0.7261341779071566
local_dynamics_counterfactual,expanded_targets_local_fixed,High AD-like perturbation with A1 and expanded target local dynamics held at baseline,1.0,89,5Hz,60.0,0.02,0.5,expanded_bilateral,semantic_expanded,episodic_expanded,transfer_gain,log2 ratio,5.551785010653459,4.837162155531027,0.7146228551224318
local_dynamics_counterfactual,expanded_targets_local_fixed,High AD-like perturbation with A1 and expanded target local dynamics held at baseline,1.0,107,5Hz,60.0,0.02,0.5,expanded_bilateral,semantic_expanded,episodic_expanded,transfer_gain,log2 ratio,4.842485712985102,4.166249955606681,0.6762357573784206
local_dynamics_counterfactual,expanded_targets_local_fixed,High AD-like perturbation with A1 and expanded target local dynamics held at baseline,1.0,127,5Hz,60.0,0.02,0.5,expanded_bilateral,semantic_expanded,episodic_expanded,transfer_gain,log2 ratio,5.422155180571576,4.762266694783477,0.6598884857880991
local_dynamics_counterfactual,expanded_targets_local_fixed,High AD-like perturbation with A1 and expanded target local dynamics held at baseline,1.0,149,5Hz,60.0,0.02,0.5,expanded_bilateral,semantic_expanded,episodic_expanded,transfer_gain,log2 ratio,4.559975795539371,3.93476162559116,0.6252141699482108
local_dynamics_counterfactual,expanded_targets_local_fixed,High AD-like perturbation with A1 and expanded target local dynamics held at baseline,1.0,173,5Hz,60.0,0.02,0.5,expanded_bilateral,semantic_expanded,episodic_expanded,transfer_gain,log2 ratio,5.277909587515614,4.577969179237545,0.6999404082780689
local_dynamics_counterfactual,expanded_targets_local_fixed,High AD-like perturbation with A1 and expanded target local dynamics held at baseline,1.0,197,5Hz,60.0,0.02,0.5,expanded_bilateral,semantic_expanded,episodic_expanded,transfer_gain,log2 ratio,5.348701775170056,4.933164351482903,0.4155374236871534
local_dynamics_counterfactual,expanded_targets_local_fixed,High AD-like perturbation with A1 and expanded target local dynamics held at baseline,1.0,223,5Hz,60.0,0.02,0.5,expanded_bilateral,semantic_expanded,episodic_expanded,transfer_gain,log2 ratio,6.393852888290411,5.674376713423663,0.719476174866748
local_dynamics_counterfactual,expanded_targets_local_fixed,High AD-like perturbation with A1 and expanded target local dynamics held at baseline,1.0,251,5Hz,60.0,0.02,0.5,expanded_bilateral,semantic_expanded,episodic_expanded,transfer_gain,log2 ratio,5.290769363667478,4.66563233220053,0.6251370314669487
local_dynamics_counterfactual,expanded_targets_local_fixed,High AD-like perturbation with A1 and expanded target local dynamics held at baseline,1.0,281,5Hz,60.0,0.02,0.5,expanded_bilateral,semantic_expanded,episodic_expanded,transfer_gain,log2 ratio,5.012641690029464,4.327667034769648,0.6849746552598157
local_dynamics_counterfactual,expanded_targets_local_fixed,High AD-like perturbation with A1 and expanded target local dynamics held at baseline,1.0,313,5Hz,60.0,0.02,0.5,expanded_bilateral,semantic_expanded,episodic_expanded,transfer_gain,log2 ratio,7.722293931130975,7.136837456208866,0.5854564749221085
local_dynamics_counterfactual,expanded_targets_local_fixed,High AD-like perturbation with A1 and expanded target local dynamics held at baseline,1.0,347,5Hz,60.0,0.02,0.5,expanded_bilateral,semantic_expanded,episodic_expanded,transfer_gain,log2 ratio,6.014137763751637,5.422315399257678,0.5918223644939591
local_dynamics_counterfactual,expanded_targets_local_fixed,High AD-like perturbation with A1 and expanded target local dynamics held at baseline,1.0,383,5Hz,60.0,0.02,0.5,expanded_bilateral,semantic_expanded,episodic_expanded,transfer_gain,log2 ratio,5.179001081597905,4.652308942812853,0.5266921387850516
local_dynamics_counterfactual,expanded_targets_local_fixed,High AD-like perturbation with A1 and expanded target local dynamics held at baseline,1.0,421,5Hz,60.0,0.02,0.5,expanded_bilateral,semantic_expanded,episodic_expanded,transfer_gain,log2 ratio,7.587744218455561,6.646892475684177,0.9408517427713843
local_dynamics_counterfactual,expanded_targets_local_fixed,High AD-like perturbation with A1 and expanded target local dynamics held at baseline,1.0,461,5Hz,60.0,0.02,0.5,expanded_bilateral,semantic_expanded,episodic_expanded,transfer_gain,log2 ratio,5.933149842456047,5.357053483455513,0.5760963590005348
local_dynamics_counterfactual,expanded_targets_local_fixed,High AD-like perturbation with A1 and expanded target local dynamics held at baseline,1.0,503,5Hz,60.0,0.02,0.5,expanded_bilateral,semantic_expanded,episodic_expanded,transfer_gain,log2 ratio,5.768690971360622,4.977442171723857,0.7912487996367643
local_dynamics_counterfactual,expanded_targets_local_fixed,High AD-like perturbation with A1 and expanded target local dynamics held at baseline,1.0,11,2Hz,60.0,0.02,0.5,expanded_bilateral,semantic_expanded,episodic_expanded,functional_connectivity,Fisher-z difference,-2.1298211946418517,-2.198786369504554,0.06896517486270248
local_dynamics_counterfactual,expanded_targets_local_fixed,High AD-like perturbation with A1 and expanded target local dynamics held at baseline,1.0,23,2Hz,60.0,0.02,0.5,expanded_bilateral,semantic_expanded,episodic_expanded,functional_connectivity,Fisher-z difference,-2.131387289903483,-2.2092417309883157,0.07785444108483253
local_dynamics_counterfactual,expanded_targets_local_fixed,High AD-like perturbation with A1 and expanded target local dynamics held at baseline,1.0,37,2Hz,60.0,0.02,0.5,expanded_bilateral,semantic_expanded,episodic_expanded,functional_connectivity,Fisher-z difference,-2.1232359478464065,-2.190007116935312,0.06677116908890568
local_dynamics_counterfactual,expanded_targets_local_fixed,High AD-like perturbation with A1 and expanded target local dynamics held at baseline,1.0,53,2Hz,60.0,0.02,0.5,expanded_bilateral,semantic_expanded,episodic_expanded,functional_connectivity,Fisher-z difference,-2.1310690058046347,-2.2016738606888255,0.07060485488419088
local_dynamics_counterfactual,expanded_targets_local_fixed,High AD-like perturbation with A1 and expanded target local dynamics held at baseline,1.0,71,2Hz,60.0,0.02,0.5,expanded_bilateral,semantic_expanded,episodic_expanded,functional_connectivity,Fisher-z difference,-2.131378191205061,-2.19978799405212,0.068409802847059
local_dynamics_counterfactual,expanded_targets_local_fixed,High AD-like perturbation with A1 and expanded target local dynamics held at baseline,1.0,89,2Hz,60.0,0.02,0.5,expanded_bilateral,semantic_expanded,episodic_expanded,functional_connectivity,Fisher-z difference,-2.126871581987589,-2.1958974397883777,0.06902585780078851
local_dynamics_counterfactual,expanded_targets_local_fixed,High AD-like perturbation with A1 and expanded target local dynamics held at baseline,1.0,107,2Hz,60.0,0.02,0.5,expanded_bilateral,semantic_expanded,episodic_expanded,functional_connectivity,Fisher-z difference,-2.127503471128629,-2.19652431127339,0.06902084014476095
local_dynamics_counterfactual,expanded_targets_local_fixed,High AD-like perturbation with A1 and expanded target local dynamics held at baseline,1.0,127,2Hz,60.0,0.02,0.5,expanded_bilateral,semantic_expanded,episodic_expanded,functional_connectivity,Fisher-z difference,-2.1324422622478743,-2.206713243218447,0.07427098097057261
local_dynamics_counterfactual,expanded_targets_local_fixed,High AD-like perturbation with A1 and expanded target local dynamics held at baseline,1.0,149,2Hz,60.0,0.02,0.5,expanded_bilateral,semantic_expanded,episodic_expanded,functional_connectivity,Fisher-z difference,-2.1295249148414523,-2.1991237335851217,0.06959881874366936
local_dynamics_counterfactual,expanded_targets_local_fixed,High AD-like perturbation with A1 and expanded target local dynamics held at baseline,1.0,173,2Hz,60.0,0.02,0.5,expanded_bilateral,semantic_expanded,episodic_expanded,functional_connectivity,Fisher-z difference,-2.1188025737203824,-2.1909368788962214,0.07213430517583896
local_dynamics_counterfactual,expanded_targets_local_fixed,High AD-like perturbation with A1 and expanded target local dynamics held at baseline,1.0,197,2Hz,60.0,0.02,0.5,expanded_bilateral,semantic_expanded,episodic_expanded,functional_connectivity,Fisher-z difference,-2.1260127955243453,-2.2034227117328666,0.07740991620852133
local_dynamics_counterfactual,expanded_targets_local_fixed,High AD-like perturbation with A1 and expanded target local dynamics held at baseline,1.0,223,2Hz,60.0,0.02,0.5,expanded_bilateral,semantic_expanded,episodic_expanded,functional_connectivity,Fisher-z difference,-2.1102295844684464,-2.1864222840367793,0.07619269956833286
local_dynamics_counterfactual,expanded_targets_local_fixed,High AD-like perturbation with A1 and expanded target local dynamics held at baseline,1.0,251,2Hz,60.0,0.02,0.5,expanded_bilateral,semantic_expanded,episodic_expanded,functional_connectivity,Fisher-z difference,-2.1323791815907502,-2.205079493224803,0.07270031163405255
local_dynamics_counterfactual,expanded_targets_local_fixed,High AD-like perturbation with A1 and expanded target local dynamics held at baseline,1.0,281,2Hz,60.0,0.02,0.5,expanded_bilateral,semantic_expanded,episodic_expanded,functional_connectivity,Fisher-z difference,-2.1311040922235445,-2.2036750286805438,0.0725709364569993
local_dynamics_counterfactual,expanded_targets_local_fixed,High AD-like perturbation with A1 and expanded target local dynamics held at baseline,1.0,313,2Hz,60.0,0.02,0.5,expanded_bilateral,semantic_expanded,episodic_expanded,functional_connectivity,Fisher-z difference,-2.0160859341021014,-2.094965827201261,0.07887989309915966
local_dynamics_counterfactual,expanded_targets_local_fixed,High AD-like perturbation with A1 and expanded target local dynamics held at baseline,1.0,347,2Hz,60.0,0.02,0.5,expanded_bilateral,semantic_expanded,episodic_expanded,functional_connectivity,Fisher-z difference,-2.0773275333775634,-2.1567057551909343,0.07937822181337095
local_dynamics_counterfactual,expanded_targets_local_fixed,High AD-like perturbation with A1 and expanded target local dynamics held at baseline,1.0,383,2Hz,60.0,0.02,0.5,expanded_bilateral,semantic_expanded,episodic_expanded,functional_connectivity,Fisher-z difference,-2.1314958379475843,-2.2046119454657487,0.07311610751816433
local_dynamics_counterfactual,expanded_targets_local_fixed,High AD-like perturbation with A1 and expanded target local dynamics held at baseline,1.0,421,2Hz,60.0,0.02,0.5,expanded_bilateral,semantic_expanded,episodic_expanded,functional_connectivity,Fisher-z difference,-2.1159277395540728,-2.18895644214201,0.07302870258793703
local_dynamics_counterfactual,expanded_targets_local_fixed,High AD-like perturbation with A1 and expanded target local dynamics held at baseline,1.0,461,2Hz,60.0,0.02,0.5,expanded_bilateral,semantic_expanded,episodic_expanded,functional_connectivity,Fisher-z difference,-2.1143170635096036,-2.188306921534294,0.07398985802469049
local_dynamics_counterfactual,expanded_targets_local_fixed,High AD-like perturbation with A1 and expanded target local dynamics held at baseline,1.0,503,2Hz,60.0,0.02,0.5,expanded_bilateral,semantic_expanded,episodic_expanded,functional_connectivity,Fisher-z difference,-2.133583888595385,-2.20784356007589,0.07425967148050505
local_dynamics_counterfactual,expanded_targets_local_fixed,High AD-like perturbation with A1 and expanded target local dynamics held at baseline,1.0,11,5Hz,60.0,0.02,0.5,expanded_bilateral,semantic_expanded,episodic_expanded,functional_connectivity,Fisher-z difference,-1.2606376757897486,-1.3460957769398751,0.08545810115012653
local_dynamics_counterfactual,expanded_targets_local_fixed,High AD-like perturbation with A1 and expanded target local dynamics held at baseline,1.0,23,5Hz,60.0,0.02,0.5,expanded_bilateral,semantic_expanded,episodic_expanded,functional_connectivity,Fisher-z difference,-1.1932159496702177,-1.289371280231097,0.09615533056087933
local_dynamics_counterfactual,expanded_targets_local_fixed,High AD-like perturbation with A1 and expanded target local dynamics held at baseline,1.0,37,5Hz,60.0,0.02,0.5,expanded_bilateral,semantic_expanded,episodic_expanded,functional_connectivity,Fisher-z difference,-1.250482410184868,-1.3319694933584703,0.08148708317360231
local_dynamics_counterfactual,expanded_targets_local_fixed,High AD-like perturbation with A1 and expanded target local dynamics held at baseline,1.0,53,5Hz,60.0,0.02,0.5,expanded_bilateral,semantic_expanded,episodic_expanded,functional_connectivity,Fisher-z difference,-1.2455719424166114,-1.3246556740781033,0.07908373166149185
local_dynamics_counterfactual,expanded_targets_local_fixed,High AD-like perturbation with A1 and expanded target local dynamics held at baseline,1.0,71,5Hz,60.0,0.02,0.5,expanded_bilateral,semantic_expanded,episodic_expanded,functional_connectivity,Fisher-z difference,-1.2487299272027936,-1.3423697264088115,0.09363979920601784
local_dynamics_counterfactual,expanded_targets_local_fixed,High AD-like perturbation with A1 and expanded target local dynamics held at baseline,1.0,89,5Hz,60.0,0.02,0.5,expanded_bilateral,semantic_expanded,episodic_expanded,functional_connectivity,Fisher-z difference,-1.2492256339010492,-1.3494142309906592,0.10018859708960992
local_dynamics_counterfactual,expanded_targets_local_fixed,High AD-like perturbation with A1 and expanded target local dynamics held at baseline,1.0,107,5Hz,60.0,0.02,0.5,expanded_bilateral,semantic_expanded,episodic_expanded,functional_connectivity,Fisher-z difference,-1.2566661660989904,-1.3405516508678326,0.08388548476884217
local_dynamics_counterfactual,expanded_targets_local_fixed,High AD-like perturbation with A1 and expanded target local dynamics held at baseline,1.0,127,5Hz,60.0,0.02,0.5,expanded_bilateral,semantic_expanded,episodic_expanded,functional_connectivity,Fisher-z difference,-1.291253022206898,-1.3630183407144272,0.0717653185075291
local_dynamics_counterfactual,expanded_targets_local_fixed,High AD-like perturbation with A1 and expanded target local dynamics held at baseline,1.0,149,5Hz,60.0,0.02,0.5,expanded_bilateral,semantic_expanded,episodic_expanded,functional_connectivity,Fisher-z difference,-1.256553419659411,-1.33606137883542,0.07950795917600906
local_dynamics_counterfactual,expanded_targets_local_fixed,High AD-like perturbation with A1 and expanded target local dynamics held at baseline,1.0,173,5Hz,60.0,0.02,0.5,expanded_bilateral,semantic_expanded,episodic_expanded,functional_connectivity,Fisher-z difference,-1.2450745077181093,-1.3377072699136967,0.09263276219558736
local_dynamics_counterfactual,expanded_targets_local_fixed,High AD-like perturbation with A1 and expanded target local dynamics held at baseline,1.0,197,5Hz,60.0,0.02,0.5,expanded_bilateral,semantic_expanded,episodic_expanded,functional_connectivity,Fisher-z difference,-1.2857833537581709,-1.369156219899047,0.08337286614087613
local_dynamics_counterfactual,expanded_targets_local_fixed,High AD-like perturbation with A1 and expanded target local dynamics held at baseline,1.0,223,5Hz,60.0,0.02,0.5,expanded_bilateral,semantic_expanded,episodic_expanded,functional_connectivity,Fisher-z difference,-1.2760314575552807,-1.3651602362059054,0.08912877865062474
local_dynamics_counterfactual,expanded_targets_local_fixed,High AD-like perturbation with A1 and expanded target local dynamics held at baseline,1.0,251,5Hz,60.0,0.02,0.5,expanded_bilateral,semantic_expanded,episodic_expanded,functional_connectivity,Fisher-z difference,-1.2654723667385448,-1.3505961754093243,0.08512380867077951
local_dynamics_counterfactual,expanded_targets_local_fixed,High AD-like perturbation with A1 and expanded target local dynamics held at baseline,1.0,281,5Hz,60.0,0.02,0.5,expanded_bilateral,semantic_expanded,episodic_expanded,functional_connectivity,Fisher-z difference,-1.269152733689215,-1.3507259140049837,0.08157318031576866
local_dynamics_counterfactual,expanded_targets_local_fixed,High AD-like perturbation with A1 and expanded target local dynamics held at baseline,1.0,313,5Hz,60.0,0.02,0.5,expanded_bilateral,semantic_expanded,episodic_expanded,functional_connectivity,Fisher-z difference,-1.206689429595732,-1.292419650749411,0.08573022115367901
local_dynamics_counterfactual,expanded_targets_local_fixed,High AD-like perturbation with A1 and expanded target local dynamics held at baseline,1.0,347,5Hz,60.0,0.02,0.5,expanded_bilateral,semantic_expanded,episodic_expanded,functional_connectivity,Fisher-z difference,-1.2861466765636893,-1.3695452138484532,0.08339853728476387
local_dynamics_counterfactual,expanded_targets_local_fixed,High AD-like perturbation with A1 and expanded target local dynamics held at baseline,1.0,383,5Hz,60.0,0.02,0.5,expanded_bilateral,semantic_expanded,episodic_expanded,functional_connectivity,Fisher-z difference,-1.2669267471080459,-1.3515579214645035,0.08463117435645762
local_dynamics_counterfactual,expanded_targets_local_fixed,High AD-like perturbation with A1 and expanded target local dynamics held at baseline,1.0,421,5Hz,60.0,0.02,0.5,expanded_bilateral,semantic_expanded,episodic_expanded,functional_connectivity,Fisher-z difference,-1.2801556533950584,-1.3593160880096273,0.0791604346145689
local_dynamics_counterfactual,expanded_targets_local_fixed,High AD-like perturbation with A1 and expanded target local dynamics held at baseline,1.0,461,5Hz,60.0,0.02,0.5,expanded_bilateral,semantic_expanded,episodic_expanded,functional_connectivity,Fisher-z difference,-1.255203658596555,-1.346741235627503,0.09153757703094811
local_dynamics_counterfactual,expanded_targets_local_fixed,High AD-like perturbation with A1 and expanded target local dynamics held at baseline,1.0,503,5Hz,60.0,0.02,0.5,expanded_bilateral,semantic_expanded,episodic_expanded,functional_connectivity,Fisher-z difference,-1.2745466231351283,-1.3636886130454022,0.08914198991027389
local_dynamics_counterfactual,expanded_targets_local_fixed,High AD-like perturbation with A1 and expanded target local dynamics held at baseline,1.0,11,pulse,60.0,0.02,0.5,expanded_bilateral,semantic_expanded,episodic_expanded,response_latency,ms,52.5,-1.5,54.0
local_dynamics_counterfactual,expanded_targets_local_fixed,High AD-like perturbation with A1 and expanded target local dynamics held at baseline,1.0,23,pulse,60.0,0.02,0.5,expanded_bilateral,semantic_expanded,episodic_expanded,response_latency,ms,57.5,5.0,52.5
local_dynamics_counterfactual,expanded_targets_local_fixed,High AD-like perturbation with A1 and expanded target local dynamics held at baseline,1.0,37,pulse,60.0,0.02,0.5,expanded_bilateral,semantic_expanded,episodic_expanded,response_latency,ms,1201.5,95.5,1106.0
local_dynamics_counterfactual,expanded_targets_local_fixed,High AD-like perturbation with A1 and expanded target local dynamics held at baseline,1.0,53,pulse,60.0,0.02,0.5,expanded_bilateral,semantic_expanded,episodic_expanded,response_latency,ms,303.5,5.5,298.0
local_dynamics_counterfactual,expanded_targets_local_fixed,High AD-like perturbation with A1 and expanded target local dynamics held at baseline,1.0,71,pulse,60.0,0.02,0.5,expanded_bilateral,semantic_expanded,episodic_expanded,response_latency,ms,161.5,30.5,131.0
local_dynamics_counterfactual,expanded_targets_local_fixed,High AD-like perturbation with A1 and expanded target local dynamics held at baseline,1.0,89,pulse,60.0,0.02,0.5,expanded_bilateral,semantic_expanded,episodic_expanded,response_latency,ms,65.0,4.5,60.5
local_dynamics_counterfactual,expanded_targets_local_fixed,High AD-like perturbation with A1 and expanded target local dynamics held at baseline,1.0,107,pulse,60.0,0.02,0.5,expanded_bilateral,semantic_expanded,episodic_expanded,response_latency,ms,46.5,2.5,44.0
local_dynamics_counterfactual,expanded_targets_local_fixed,High AD-like perturbation with A1 and expanded target local dynamics held at baseline,1.0,127,pulse,60.0,0.02,0.5,expanded_bilateral,semantic_expanded,episodic_expanded,response_latency,ms,105.5,43.0,62.5
local_dynamics_counterfactual,expanded_targets_local_fixed,High AD-like perturbation with A1 and expanded target local dynamics held at baseline,1.0,149,pulse,60.0,0.02,0.5,expanded_bilateral,semantic_expanded,episodic_expanded,response_latency,ms,60.5,24.5,36.0
local_dynamics_counterfactual,expanded_targets_local_fixed,High AD-like perturbation with A1 and expanded target local dynamics held at baseline,1.0,173,pulse,60.0,0.02,0.5,expanded_bilateral,semantic_expanded,episodic_expanded,response_latency,ms,57.5,4.5,53.0
local_dynamics_counterfactual,expanded_targets_local_fixed,High AD-like perturbation with A1 and expanded target local dynamics held at baseline,1.0,197,pulse,60.0,0.02,0.5,expanded_bilateral,semantic_expanded,episodic_expanded,response_latency,ms,46.0,-2.0,48.0
local_dynamics_counterfactual,expanded_targets_local_fixed,High AD-like perturbation with A1 and expanded target local dynamics held at baseline,1.0,223,pulse,60.0,0.02,0.5,expanded_bilateral,semantic_expanded,episodic_expanded,response_latency,ms,2474.0,2600.5,-126.5
local_dynamics_counterfactual,expanded_targets_local_fixed,High AD-like perturbation with A1 and expanded target local dynamics held at baseline,1.0,251,pulse,60.0,0.02,0.5,expanded_bilateral,semantic_expanded,episodic_expanded,response_latency,ms,701.0,41.5,659.5
local_dynamics_counterfactual,expanded_targets_local_fixed,High AD-like perturbation with A1 and expanded target local dynamics held at baseline,1.0,281,pulse,60.0,0.02,0.5,expanded_bilateral,semantic_expanded,episodic_expanded,response_latency,ms,88.5,15.5,73.0
local_dynamics_counterfactual,expanded_targets_local_fixed,High AD-like perturbation with A1 and expanded target local dynamics held at baseline,1.0,313,pulse,60.0,0.02,0.5,expanded_bilateral,semantic_expanded,episodic_expanded,response_latency,ms,385.5,102.5,283.0
local_dynamics_counterfactual,expanded_targets_local_fixed,High AD-like perturbation with A1 and expanded target local dynamics held at baseline,1.0,347,pulse,60.0,0.02,0.5,expanded_bilateral,semantic_expanded,episodic_expanded,response_latency,ms,,,
local_dynamics_counterfactual,expanded_targets_local_fixed,High AD-like perturbation with A1 and expanded target local dynamics held at baseline,1.0,383,pulse,60.0,0.02,0.5,expanded_bilateral,semantic_expanded,episodic_expanded,response_latency,ms,10.5,-27.0,37.5
local_dynamics_counterfactual,expanded_targets_local_fixed,High AD-like perturbation with A1 and expanded target local dynamics held at baseline,1.0,421,pulse,60.0,0.02,0.5,expanded_bilateral,semantic_expanded,episodic_expanded,response_latency,ms,63.5,15.5,48.0
local_dynamics_counterfactual,expanded_targets_local_fixed,High AD-like perturbation with A1 and expanded target local dynamics held at baseline,1.0,461,pulse,60.0,0.02,0.5,expanded_bilateral,semantic_expanded,episodic_expanded,response_latency,ms,85.0,28.5,56.5
local_dynamics_counterfactual,expanded_targets_local_fixed,High AD-like perturbation with A1 and expanded target local dynamics held at baseline,1.0,503,pulse,60.0,0.02,0.5,expanded_bilateral,semantic_expanded,episodic_expanded,response_latency,ms,78.5,13.0,65.5
local_dynamics_counterfactual,expanded_targets_local_fixed,High AD-like perturbation with A1 and expanded target local dynamics held at baseline,1.0,11,2Hz,60.0,0.02,0.5,anatomical_core_only,semantic_anatomical_core,episodic_anatomical_core,transfer_gain,log2 ratio,5.576048340209141,4.574117638677982,1.0019307015311592
local_dynamics_counterfactual,expanded_targets_local_fixed,High AD-like perturbation with A1 and expanded target local dynamics held at baseline,1.0,23,2Hz,60.0,0.02,0.5,anatomical_core_only,semantic_anatomical_core,episodic_anatomical_core,transfer_gain,log2 ratio,6.422412960995497,5.672684189445867,0.7497287715496297
local_dynamics_counterfactual,expanded_targets_local_fixed,High AD-like perturbation with A1 and expanded target local dynamics held at baseline,1.0,37,2Hz,60.0,0.02,0.5,anatomical_core_only,semantic_anatomical_core,episodic_anatomical_core,transfer_gain,log2 ratio,5.164761387215484,4.418256174213138,0.7465052130023464
local_dynamics_counterfactual,expanded_targets_local_fixed,High AD-like perturbation with A1 and expanded target local dynamics held at baseline,1.0,53,2Hz,60.0,0.02,0.5,anatomical_core_only,semantic_anatomical_core,episodic_anatomical_core,transfer_gain,log2 ratio,6.237956096616041,4.997072346645312,1.2408837499707293
local_dynamics_counterfactual,expanded_targets_local_fixed,High AD-like perturbation with A1 and expanded target local dynamics held at baseline,1.0,71,2Hz,60.0,0.02,0.5,anatomical_core_only,semantic_anatomical_core,episodic_anatomical_core,transfer_gain,log2 ratio,5.521922780896731,4.668147958520398,0.8537748223763328
local_dynamics_counterfactual,expanded_targets_local_fixed,High AD-like perturbation with A1 and expanded target local dynamics held at baseline,1.0,89,2Hz,60.0,0.02,0.5,anatomical_core_only,semantic_anatomical_core,episodic_anatomical_core,transfer_gain,log2 ratio,5.698915925443382,4.828037724897606,0.8708782005457758
local_dynamics_counterfactual,expanded_targets_local_fixed,High AD-like perturbation with A1 and expanded target local dynamics held at baseline,1.0,107,2Hz,60.0,0.02,0.5,anatomical_core_only,semantic_anatomical_core,episodic_anatomical_core,transfer_gain,log2 ratio,5.3209679014936535,4.550540157926896,0.7704277435667573
local_dynamics_counterfactual,expanded_targets_local_fixed,High AD-like perturbation with A1 and expanded target local dynamics held at baseline,1.0,127,2Hz,60.0,0.02,0.5,anatomical_core_only,semantic_anatomical_core,episodic_anatomical_core,transfer_gain,log2 ratio,5.990445670402574,5.190660254050331,0.7997854163522424
local_dynamics_counterfactual,expanded_targets_local_fixed,High AD-like perturbation with A1 and expanded target local dynamics held at baseline,1.0,149,2Hz,60.0,0.02,0.5,anatomical_core_only,semantic_anatomical_core,episodic_anatomical_core,transfer_gain,log2 ratio,5.255705742193589,4.518330454796657,0.7373752873969321
local_dynamics_counterfactual,expanded_targets_local_fixed,High AD-like perturbation with A1 and expanded target local dynamics held at baseline,1.0,173,2Hz,60.0,0.02,0.5,anatomical_core_only,semantic_anatomical_core,episodic_anatomical_core,transfer_gain,log2 ratio,6.395858392707619,5.546433371750649,0.8494250209569696
local_dynamics_counterfactual,expanded_targets_local_fixed,High AD-like perturbation with A1 and expanded target local dynamics held at baseline,1.0,197,2Hz,60.0,0.02,0.5,anatomical_core_only,semantic_anatomical_core,episodic_anatomical_core,transfer_gain,log2 ratio,6.068172448705613,5.617667207882928,0.45050524082268506
local_dynamics_counterfactual,expanded_targets_local_fixed,High AD-like perturbation with A1 and expanded target local dynamics held at baseline,1.0,223,2Hz,60.0,0.02,0.5,anatomical_core_only,semantic_anatomical_core,episodic_anatomical_core,transfer_gain,log2 ratio,7.88555480958222,6.846463281179335,1.039091528402885
local_dynamics_counterfactual,expanded_targets_local_fixed,High AD-like perturbation with A1 and expanded target local dynamics held at baseline,1.0,251,2Hz,60.0,0.02,0.5,anatomical_core_only,semantic_anatomical_core,episodic_anatomical_core,transfer_gain,log2 ratio,5.630682812839472,4.815047753653958,0.8156350591855146
local_dynamics_counterfactual,expanded_targets_local_fixed,High AD-like perturbation with A1 and expanded target local dynamics held at baseline,1.0,281,2Hz,60.0,0.02,0.5,anatomical_core_only,semantic_anatomical_core,episodic_anatomical_core,transfer_gain,log2 ratio,6.333481302465854,5.365689391527649,0.9677919109382049
local_dynamics_counterfactual,expanded_targets_local_fixed,High AD-like perturbation with A1 and expanded target local dynamics held at baseline,1.0,313,2Hz,60.0,0.02,0.5,anatomical_core_only,semantic_anatomical_core,episodic_anatomical_core,transfer_gain,log2 ratio,8.894081642014731,8.10619610652569,0.7878855354890408
local_dynamics_counterfactual,expanded_targets_local_fixed,High AD-like perturbation with A1 and expanded target local dynamics held at baseline,1.0,347,2Hz,60.0,0.02,0.5,anatomical_core_only,semantic_anatomical_core,episodic_anatomical_core,transfer_gain,log2 ratio,8.242142936952837,7.478382007782159,0.7637609291706777
local_dynamics_counterfactual,expanded_targets_local_fixed,High AD-like perturbation with A1 and expanded target local dynamics held at baseline,1.0,383,2Hz,60.0,0.02,0.5,anatomical_core_only,semantic_anatomical_core,episodic_anatomical_core,transfer_gain,log2 ratio,5.690185478974423,4.912687425922032,0.7774980530523914
local_dynamics_counterfactual,expanded_targets_local_fixed,High AD-like perturbation with A1 and expanded target local dynamics held at baseline,1.0,421,2Hz,60.0,0.02,0.5,anatomical_core_only,semantic_anatomical_core,episodic_anatomical_core,transfer_gain,log2 ratio,7.455757392625657,6.401975360982785,1.0537820316428714
local_dynamics_counterfactual,expanded_targets_local_fixed,High AD-like perturbation with A1 and expanded target local dynamics held at baseline,1.0,461,2Hz,60.0,0.02,0.5,anatomical_core_only,semantic_anatomical_core,episodic_anatomical_core,transfer_gain,log2 ratio,6.865440246616204,6.160727866852739,0.7047123797634649
local_dynamics_counterfactual,expanded_targets_local_fixed,High AD-like perturbation with A1 and expanded target local dynamics held at baseline,1.0,503,2Hz,60.0,0.02,0.5,anatomical_core_only,semantic_anatomical_core,episodic_anatomical_core,transfer_gain,log2 ratio,6.398538346496432,5.449918795719824,0.9486195507766082
local_dynamics_counterfactual,expanded_targets_local_fixed,High AD-like perturbation with A1 and expanded target local dynamics held at baseline,1.0,11,5Hz,60.0,0.02,0.5,anatomical_core_only,semantic_anatomical_core,episodic_anatomical_core,transfer_gain,log2 ratio,4.985625832872964,4.184070466545451,0.8015553663275128
local_dynamics_counterfactual,expanded_targets_local_fixed,High AD-like perturbation with A1 and expanded target local dynamics held at baseline,1.0,23,5Hz,60.0,0.02,0.5,anatomical_core_only,semantic_anatomical_core,episodic_anatomical_core,transfer_gain,log2 ratio,7.655399845852995,6.853573667420312,0.801826178432683
local_dynamics_counterfactual,expanded_targets_local_fixed,High AD-like perturbation with A1 and expanded target local dynamics held at baseline,1.0,37,5Hz,60.0,0.02,0.5,anatomical_core_only,semantic_anatomical_core,episodic_anatomical_core,transfer_gain,log2 ratio,4.636022302711798,3.9331070646107396,0.7029152381010588
local_dynamics_counterfactual,expanded_targets_local_fixed,High AD-like perturbation with A1 and expanded target local dynamics held at baseline,1.0,53,5Hz,60.0,0.02,0.5,anatomical_core_only,semantic_anatomical_core,episodic_anatomical_core,transfer_gain,log2 ratio,5.030358575449428,3.8255231118228226,1.2048354636266057
local_dynamics_counterfactual,expanded_targets_local_fixed,High AD-like perturbation with A1 and expanded target local dynamics held at baseline,1.0,71,5Hz,60.0,0.02,0.5,anatomical_core_only,semantic_anatomical_core,episodic_anatomical_core,transfer_gain,log2 ratio,5.7824397960999345,4.844318035395921,0.9381217607040133
local_dynamics_counterfactual,expanded_targets_local_fixed,High AD-like perturbation with A1 and expanded target local dynamics held at baseline,1.0,89,5Hz,60.0,0.02,0.5,anatomical_core_only,semantic_anatomical_core,episodic_anatomical_core,transfer_gain,log2 ratio,5.667571420893318,4.746716595106952,0.9208548257863658
local_dynamics_counterfactual,expanded_targets_local_fixed,High AD-like perturbation with A1 and expanded target local dynamics held at baseline,1.0,107,5Hz,60.0,0.02,0.5,anatomical_core_only,semantic_anatomical_core,episodic_anatomical_core,transfer_gain,log2 ratio,4.95888704815512,4.0795015400084536,0.8793855081466662
local_dynamics_counterfactual,expanded_targets_local_fixed,High AD-like perturbation with A1 and expanded target local dynamics held at baseline,1.0,127,5Hz,60.0,0.02,0.5,anatomical_core_only,semantic_anatomical_core,episodic_anatomical_core,transfer_gain,log2 ratio,5.487899072010593,4.6831550025015165,0.8047440695090762
local_dynamics_counterfactual,expanded_targets_local_fixed,High AD-like perturbation with A1 and expanded target local dynamics held at baseline,1.0,149,5Hz,60.0,0.02,0.5,anatomical_core_only,semantic_anatomical_core,episodic_anatomical_core,transfer_gain,log2 ratio,4.647525588482298,3.8547209342361066,0.7928046542461917
local_dynamics_counterfactual,expanded_targets_local_fixed,High AD-like perturbation with A1 and expanded target local dynamics held at baseline,1.0,173,5Hz,60.0,0.02,0.5,anatomical_core_only,semantic_anatomical_core,episodic_anatomical_core,transfer_gain,log2 ratio,5.407027428089557,4.484551361406258,0.9224760666832985
local_dynamics_counterfactual,expanded_targets_local_fixed,High AD-like perturbation with A1 and expanded target local dynamics held at baseline,1.0,197,5Hz,60.0,0.02,0.5,anatomical_core_only,semantic_anatomical_core,episodic_anatomical_core,transfer_gain,log2 ratio,5.343552648722833,4.889752579119054,0.45380006960377894
local_dynamics_counterfactual,expanded_targets_local_fixed,High AD-like perturbation with A1 and expanded target local dynamics held at baseline,1.0,223,5Hz,60.0,0.02,0.5,anatomical_core_only,semantic_anatomical_core,episodic_anatomical_core,transfer_gain,log2 ratio,6.549402454343855,5.578215112324007,0.9711873420198476
local_dynamics_counterfactual,expanded_targets_local_fixed,High AD-like perturbation with A1 and expanded target local dynamics held at baseline,1.0,251,5Hz,60.0,0.02,0.5,anatomical_core_only,semantic_anatomical_core,episodic_anatomical_core,transfer_gain,log2 ratio,5.388220880891716,4.580245735399365,0.8079751454923505
local_dynamics_counterfactual,expanded_targets_local_fixed,High AD-like perturbation with A1 and expanded target local dynamics held at baseline,1.0,281,5Hz,60.0,0.02,0.5,anatomical_core_only,semantic_anatomical_core,episodic_anatomical_core,transfer_gain,log2 ratio,5.169051501438662,4.247535677449956,0.921515823988706
local_dynamics_counterfactual,expanded_targets_local_fixed,High AD-like perturbation with A1 and expanded target local dynamics held at baseline,1.0,313,5Hz,60.0,0.02,0.5,anatomical_core_only,semantic_anatomical_core,episodic_anatomical_core,transfer_gain,log2 ratio,7.810056461805946,7.047399372204426,0.7626570896015199
local_dynamics_counterfactual,expanded_targets_local_fixed,High AD-like perturbation with A1 and expanded target local dynamics held at baseline,1.0,347,5Hz,60.0,0.02,0.5,anatomical_core_only,semantic_anatomical_core,episodic_anatomical_core,transfer_gain,log2 ratio,6.059992825387787,5.351637060322819,0.7083557650649679
local_dynamics_counterfactual,expanded_targets_local_fixed,High AD-like perturbation with A1 and expanded target local dynamics held at baseline,1.0,383,5Hz,60.0,0.02,0.5,anatomical_core_only,semantic_anatomical_core,episodic_anatomical_core,transfer_gain,log2 ratio,5.246601642401032,4.5783044814683365,0.6682971609326955
local_dynamics_counterfactual,expanded_targets_local_fixed,High AD-like perturbation with A1 and expanded target local dynamics held at baseline,1.0,421,5Hz,60.0,0.02,0.5,anatomical_core_only,semantic_anatomical_core,episodic_anatomical_core,transfer_gain,log2 ratio,7.761683176135195,6.527230109452242,1.2344530666829527
local_dynamics_counterfactual,expanded_targets_local_fixed,High AD-like perturbation with A1 and expanded target local dynamics held at baseline,1.0,461,5Hz,60.0,0.02,0.5,anatomical_core_only,semantic_anatomical_core,episodic_anatomical_core,transfer_gain,log2 ratio,5.982217903708895,5.287031158778071,0.6951867449308233
local_dynamics_counterfactual,expanded_targets_local_fixed,High AD-like perturbation with A1 and expanded target local dynamics held at baseline,1.0,503,5Hz,60.0,0.02,0.5,anatomical_core_only,semantic_anatomical_core,episodic_anatomical_core,transfer_gain,log2 ratio,5.899369530755291,4.874007748321246,1.0253617824340457
local_dynamics_counterfactual,expanded_targets_local_fixed,High AD-like perturbation with A1 and expanded target local dynamics held at baseline,1.0,11,2Hz,60.0,0.02,0.5,anatomical_core_only,semantic_anatomical_core,episodic_anatomical_core,functional_connectivity,Fisher-z difference,-2.1184061949611923,-2.198766871995485,0.08036067703429284
local_dynamics_counterfactual,expanded_targets_local_fixed,High AD-like perturbation with A1 and expanded target local dynamics held at baseline,1.0,23,2Hz,60.0,0.02,0.5,anatomical_core_only,semantic_anatomical_core,episodic_anatomical_core,functional_connectivity,Fisher-z difference,-2.1190692570453744,-2.210658635175559,0.09158937813018442
local_dynamics_counterfactual,expanded_targets_local_fixed,High AD-like perturbation with A1 and expanded target local dynamics held at baseline,1.0,37,2Hz,60.0,0.02,0.5,anatomical_core_only,semantic_anatomical_core,episodic_anatomical_core,functional_connectivity,Fisher-z difference,-2.1119509984674782,-2.1896648617378136,0.07771386327033536
local_dynamics_counterfactual,expanded_targets_local_fixed,High AD-like perturbation with A1 and expanded target local dynamics held at baseline,1.0,53,2Hz,60.0,0.02,0.5,anatomical_core_only,semantic_anatomical_core,episodic_anatomical_core,functional_connectivity,Fisher-z difference,-2.11965552348182,-2.201963002851458,0.08230747936963789
local_dynamics_counterfactual,expanded_targets_local_fixed,High AD-like perturbation with A1 and expanded target local dynamics held at baseline,1.0,71,2Hz,60.0,0.02,0.5,anatomical_core_only,semantic_anatomical_core,episodic_anatomical_core,functional_connectivity,Fisher-z difference,-2.120270303720033,-2.199756368036608,0.07948606431657534
local_dynamics_counterfactual,expanded_targets_local_fixed,High AD-like perturbation with A1 and expanded target local dynamics held at baseline,1.0,89,2Hz,60.0,0.02,0.5,anatomical_core_only,semantic_anatomical_core,episodic_anatomical_core,functional_connectivity,Fisher-z difference,-2.116100732227105,-2.1964108253716006,0.08031009314449555
local_dynamics_counterfactual,expanded_targets_local_fixed,High AD-like perturbation with A1 and expanded target local dynamics held at baseline,1.0,107,2Hz,60.0,0.02,0.5,anatomical_core_only,semantic_anatomical_core,episodic_anatomical_core,functional_connectivity,Fisher-z difference,-2.1160488166063454,-2.196857345639275,0.08080852903292968
local_dynamics_counterfactual,expanded_targets_local_fixed,High AD-like perturbation with A1 and expanded target local dynamics held at baseline,1.0,127,2Hz,60.0,0.02,0.5,anatomical_core_only,semantic_anatomical_core,episodic_anatomical_core,functional_connectivity,Fisher-z difference,-2.120837546471118,-2.2078676984251935,0.08703015195407549
local_dynamics_counterfactual,expanded_targets_local_fixed,High AD-like perturbation with A1 and expanded target local dynamics held at baseline,1.0,149,2Hz,60.0,0.02,0.5,anatomical_core_only,semantic_anatomical_core,episodic_anatomical_core,functional_connectivity,Fisher-z difference,-2.1181706775064613,-2.1992406014001182,0.08106992389365697
local_dynamics_counterfactual,expanded_targets_local_fixed,High AD-like perturbation with A1 and expanded target local dynamics held at baseline,1.0,173,2Hz,60.0,0.02,0.5,anatomical_core_only,semantic_anatomical_core,episodic_anatomical_core,functional_connectivity,Fisher-z difference,-2.1083954122926536,-2.1918005396396576,0.083405127347004
local_dynamics_counterfactual,expanded_targets_local_fixed,High AD-like perturbation with A1 and expanded target local dynamics held at baseline,1.0,197,2Hz,60.0,0.02,0.5,anatomical_core_only,semantic_anatomical_core,episodic_anatomical_core,functional_connectivity,Fisher-z difference,-2.113393618582207,-2.2050835364261108,0.09168991784390368
local_dynamics_counterfactual,expanded_targets_local_fixed,High AD-like perturbation with A1 and expanded target local dynamics held at baseline,1.0,223,2Hz,60.0,0.02,0.5,anatomical_core_only,semantic_anatomical_core,episodic_anatomical_core,functional_connectivity,Fisher-z difference,-2.0992380784927347,-2.188032780052299,0.08879470155956426
local_dynamics_counterfactual,expanded_targets_local_fixed,High AD-like perturbation with A1 and expanded target local dynamics held at baseline,1.0,251,2Hz,60.0,0.02,0.5,anatomical_core_only,semantic_anatomical_core,episodic_anatomical_core,functional_connectivity,Fisher-z difference,-2.1204687547636096,-2.205694777900087,0.0852260231364772
local_dynamics_counterfactual,expanded_targets_local_fixed,High AD-like perturbation with A1 and expanded target local dynamics held at baseline,1.0,281,2Hz,60.0,0.02,0.5,anatomical_core_only,semantic_anatomical_core,episodic_anatomical_core,functional_connectivity,Fisher-z difference,-2.1201836408270434,-2.204748514994585,0.08456487416754177
local_dynamics_counterfactual,expanded_targets_local_fixed,High AD-like perturbation with A1 and expanded target local dynamics held at baseline,1.0,313,2Hz,60.0,0.02,0.5,anatomical_core_only,semantic_anatomical_core,episodic_anatomical_core,functional_connectivity,Fisher-z difference,-2.0045454160407883,-2.0968982494167823,0.09235283337599398
local_dynamics_counterfactual,expanded_targets_local_fixed,High AD-like perturbation with A1 and expanded target local dynamics held at baseline,1.0,347,2Hz,60.0,0.02,0.5,anatomical_core_only,semantic_anatomical_core,episodic_anatomical_core,functional_connectivity,Fisher-z difference,-2.0664989141593666,-2.1583999892769854,0.0919010751176188
local_dynamics_counterfactual,expanded_targets_local_fixed,High AD-like perturbation with A1 and expanded target local dynamics held at baseline,1.0,383,2Hz,60.0,0.02,0.5,anatomical_core_only,semantic_anatomical_core,episodic_anatomical_core,functional_connectivity,Fisher-z difference,-2.119744176180833,-2.2053838963003307,0.08563972011949783
local_dynamics_counterfactual,expanded_targets_local_fixed,High AD-like perturbation with A1 and expanded target local dynamics held at baseline,1.0,421,2Hz,60.0,0.02,0.5,anatomical_core_only,semantic_anatomical_core,episodic_anatomical_core,functional_connectivity,Fisher-z difference,-2.1055421171358937,-2.1902892707500836,0.08474715361418994
local_dynamics_counterfactual,expanded_targets_local_fixed,High AD-like perturbation with A1 and expanded target local dynamics held at baseline,1.0,461,2Hz,60.0,0.02,0.5,anatomical_core_only,semantic_anatomical_core,episodic_anatomical_core,functional_connectivity,Fisher-z difference,-2.103378157020362,-2.189709793186946,0.08633163616658424
local_dynamics_counterfactual,expanded_targets_local_fixed,High AD-like perturbation with A1 and expanded target local dynamics held at baseline,1.0,503,2Hz,60.0,0.02,0.5,anatomical_core_only,semantic_anatomical_core,episodic_anatomical_core,functional_connectivity,Fisher-z difference,-2.1220680831805754,-2.2089151118917654,0.08684702871118999
local_dynamics_counterfactual,expanded_targets_local_fixed,High AD-like perturbation with A1 and expanded target local dynamics held at baseline,1.0,11,5Hz,60.0,0.02,0.5,anatomical_core_only,semantic_anatomical_core,episodic_anatomical_core,functional_connectivity,Fisher-z difference,-1.248076688092748,-1.3460602490951639,0.09798356100241579
local_dynamics_counterfactual,expanded_targets_local_fixed,High AD-like perturbation with A1 and expanded target local dynamics held at baseline,1.0,23,5Hz,60.0,0.02,0.5,anatomical_core_only,semantic_anatomical_core,episodic_anatomical_core,functional_connectivity,Fisher-z difference,-1.1808502834826509,-1.2922681486396992,0.11141786515704832
local_dynamics_counterfactual,expanded_targets_local_fixed,High AD-like perturbation with A1 and expanded target local dynamics held at baseline,1.0,37,5Hz,60.0,0.02,0.5,anatomical_core_only,semantic_anatomical_core,episodic_anatomical_core,functional_connectivity,Fisher-z difference,-1.2371252503998935,-1.3308732396725675,0.09374798927267403
local_dynamics_counterfactual,expanded_targets_local_fixed,High AD-like perturbation with A1 and expanded target local dynamics held at baseline,1.0,53,5Hz,60.0,0.02,0.5,anatomical_core_only,semantic_anatomical_core,episodic_anatomical_core,functional_connectivity,Fisher-z difference,-1.2335148750678948,-1.3235699476597511,0.0900550725918563
local_dynamics_counterfactual,expanded_targets_local_fixed,High AD-like perturbation with A1 and expanded target local dynamics held at baseline,1.0,71,5Hz,60.0,0.02,0.5,anatomical_core_only,semantic_anatomical_core,episodic_anatomical_core,functional_connectivity,Fisher-z difference,-1.2345265035037007,-1.3438001458805446,0.1092736423768439
local_dynamics_counterfactual,expanded_targets_local_fixed,High AD-like perturbation with A1 and expanded target local dynamics held at baseline,1.0,89,5Hz,60.0,0.02,0.5,anatomical_core_only,semantic_anatomical_core,episodic_anatomical_core,functional_connectivity,Fisher-z difference,-1.2325779112128787,-1.352049559415503,0.11947164820262435
local_dynamics_counterfactual,expanded_targets_local_fixed,High AD-like perturbation with A1 and expanded target local dynamics held at baseline,1.0,107,5Hz,60.0,0.02,0.5,anatomical_core_only,semantic_anatomical_core,episodic_anatomical_core,functional_connectivity,Fisher-z difference,-1.2440843238309007,-1.3406841050466585,0.09659978121575774
local_dynamics_counterfactual,expanded_targets_local_fixed,High AD-like perturbation with A1 and expanded target local dynamics held at baseline,1.0,127,5Hz,60.0,0.02,0.5,anatomical_core_only,semantic_anatomical_core,episodic_anatomical_core,functional_connectivity,Fisher-z difference,-1.282267290102267,-1.3625831157011343,0.08031582559886741
local_dynamics_counterfactual,expanded_targets_local_fixed,High AD-like perturbation with A1 and expanded target local dynamics held at baseline,1.0,149,5Hz,60.0,0.02,0.5,anatomical_core_only,semantic_anatomical_core,episodic_anatomical_core,functional_connectivity,Fisher-z difference,-1.2443422137480467,-1.335513119151121,0.09117090540307426
local_dynamics_counterfactual,expanded_targets_local_fixed,High AD-like perturbation with A1 and expanded target local dynamics held at baseline,1.0,173,5Hz,60.0,0.02,0.5,anatomical_core_only,semantic_anatomical_core,episodic_anatomical_core,functional_connectivity,Fisher-z difference,-1.2303845140251557,-1.3388882770197286,0.10850376299457287
local_dynamics_counterfactual,expanded_targets_local_fixed,High AD-like perturbation with A1 and expanded target local dynamics held at baseline,1.0,197,5Hz,60.0,0.02,0.5,anatomical_core_only,semantic_anatomical_core,episodic_anatomical_core,functional_connectivity,Fisher-z difference,-1.272848053345208,-1.3704458460895181,0.09759779274431013
local_dynamics_counterfactual,expanded_targets_local_fixed,High AD-like perturbation with A1 and expanded target local dynamics held at baseline,1.0,223,5Hz,60.0,0.02,0.5,anatomical_core_only,semantic_anatomical_core,episodic_anatomical_core,functional_connectivity,Fisher-z difference,-1.2633715480427576,-1.3668172779928922,0.10344572995013457
local_dynamics_counterfactual,expanded_targets_local_fixed,High AD-like perturbation with A1 and expanded target local dynamics held at baseline,1.0,251,5Hz,60.0,0.02,0.5,anatomical_core_only,semantic_anatomical_core,episodic_anatomical_core,functional_connectivity,Fisher-z difference,-1.2533205083789154,-1.3513299629764453,0.09800945459752985
local_dynamics_counterfactual,expanded_targets_local_fixed,High AD-like perturbation with A1 and expanded target local dynamics held at baseline,1.0,281,5Hz,60.0,0.02,0.5,anatomical_core_only,semantic_anatomical_core,episodic_anatomical_core,functional_connectivity,Fisher-z difference,-1.2582281909527775,-1.3509224884801792,0.09269429752740166
local_dynamics_counterfactual,expanded_targets_local_fixed,High AD-like perturbation with A1 and expanded target local dynamics held at baseline,1.0,313,5Hz,60.0,0.02,0.5,anatomical_core_only,semantic_anatomical_core,episodic_anatomical_core,functional_connectivity,Fisher-z difference,-1.1967646432703356,-1.2940017878138708,0.09723714454353516
local_dynamics_counterfactual,expanded_targets_local_fixed,High AD-like perturbation with A1 and expanded target local dynamics held at baseline,1.0,347,5Hz,60.0,0.02,0.5,anatomical_core_only,semantic_anatomical_core,episodic_anatomical_core,functional_connectivity,Fisher-z difference,-1.2755761446775387,-1.3705675573947507,0.09499141271721201
local_dynamics_counterfactual,expanded_targets_local_fixed,High AD-like perturbation with A1 and expanded target local dynamics held at baseline,1.0,383,5Hz,60.0,0.02,0.5,anatomical_core_only,semantic_anatomical_core,episodic_anatomical_core,functional_connectivity,Fisher-z difference,-1.2556315685261443,-1.3519828323219751,0.09635126379583081
local_dynamics_counterfactual,expanded_targets_local_fixed,High AD-like perturbation with A1 and expanded target local dynamics held at baseline,1.0,421,5Hz,60.0,0.02,0.5,anatomical_core_only,semantic_anatomical_core,episodic_anatomical_core,functional_connectivity,Fisher-z difference,-1.2709196920759542,-1.36036958514728,0.08944989307132567
local_dynamics_counterfactual,expanded_targets_local_fixed,High AD-like perturbation with A1 and expanded target local dynamics held at baseline,1.0,461,5Hz,60.0,0.02,0.5,anatomical_core_only,semantic_anatomical_core,episodic_anatomical_core,functional_connectivity,Fisher-z difference,-1.2419677158344244,-1.3488485266072225,0.1068808107727981
local_dynamics_counterfactual,expanded_targets_local_fixed,High AD-like perturbation with A1 and expanded target local dynamics held at baseline,1.0,503,5Hz,60.0,0.02,0.5,anatomical_core_only,semantic_anatomical_core,episodic_anatomical_core,functional_connectivity,Fisher-z difference,-1.261310561435244,-1.3649126582144335,0.10360209677918952
local_dynamics_counterfactual,expanded_targets_local_fixed,High AD-like perturbation with A1 and expanded target local dynamics held at baseline,1.0,11,pulse,60.0,0.02,0.5,anatomical_core_only,semantic_anatomical_core,episodic_anatomical_core,response_latency,ms,77.0,-3.0,80.0
local_dynamics_counterfactual,expanded_targets_local_fixed,High AD-like perturbation with A1 and expanded target local dynamics held at baseline,1.0,23,pulse,60.0,0.02,0.5,anatomical_core_only,semantic_anatomical_core,episodic_anatomical_core,response_latency,ms,78.0,9.0,69.0
local_dynamics_counterfactual,expanded_targets_local_fixed,High AD-like perturbation with A1 and expanded target local dynamics held at baseline,1.0,37,pulse,60.0,0.02,0.5,anatomical_core_only,semantic_anatomical_core,episodic_anatomical_core,response_latency,ms,1313.0,81.0,1232.0
local_dynamics_counterfactual,expanded_targets_local_fixed,High AD-like perturbation with A1 and expanded target local dynamics held at baseline,1.0,53,pulse,60.0,0.02,0.5,anatomical_core_only,semantic_anatomical_core,episodic_anatomical_core,response_latency,ms,403.0,2.0,401.0
local_dynamics_counterfactual,expanded_targets_local_fixed,High AD-like perturbation with A1 and expanded target local dynamics held at baseline,1.0,71,pulse,60.0,0.02,0.5,anatomical_core_only,semantic_anatomical_core,episodic_anatomical_core,response_latency,ms,249.5,23.5,226.0
local_dynamics_counterfactual,expanded_targets_local_fixed,High AD-like perturbation with A1 and expanded target local dynamics held at baseline,1.0,89,pulse,60.0,0.02,0.5,anatomical_core_only,semantic_anatomical_core,episodic_anatomical_core,response_latency,ms,94.0,10.0,84.0
local_dynamics_counterfactual,expanded_targets_local_fixed,High AD-like perturbation with A1 and expanded target local dynamics held at baseline,1.0,107,pulse,60.0,0.02,0.5,anatomical_core_only,semantic_anatomical_core,episodic_anatomical_core,response_latency,ms,56.0,1.0,55.0
local_dynamics_counterfactual,expanded_targets_local_fixed,High AD-like perturbation with A1 and expanded target local dynamics held at baseline,1.0,127,pulse,60.0,0.02,0.5,anatomical_core_only,semantic_anatomical_core,episodic_anatomical_core,response_latency,ms,139.0,38.5,100.5
local_dynamics_counterfactual,expanded_targets_local_fixed,High AD-like perturbation with A1 and expanded target local dynamics held at baseline,1.0,149,pulse,60.0,0.02,0.5,anatomical_core_only,semantic_anatomical_core,episodic_anatomical_core,response_latency,ms,88.0,18.5,69.5
local_dynamics_counterfactual,expanded_targets_local_fixed,High AD-like perturbation with A1 and expanded target local dynamics held at baseline,1.0,173,pulse,60.0,0.02,0.5,anatomical_core_only,semantic_anatomical_core,episodic_anatomical_core,response_latency,ms,74.0,10.5,63.5
local_dynamics_counterfactual,expanded_targets_local_fixed,High AD-like perturbation with A1 and expanded target local dynamics held at baseline,1.0,197,pulse,60.0,0.02,0.5,anatomical_core_only,semantic_anatomical_core,episodic_anatomical_core,response_latency,ms,53.0,-2.0,55.0
local_dynamics_counterfactual,expanded_targets_local_fixed,High AD-like perturbation with A1 and expanded target local dynamics held at baseline,1.0,223,pulse,60.0,0.02,0.5,anatomical_core_only,semantic_anatomical_core,episodic_anatomical_core,response_latency,ms,2465.0,2644.0,-179.0
local_dynamics_counterfactual,expanded_targets_local_fixed,High AD-like perturbation with A1 and expanded target local dynamics held at baseline,1.0,251,pulse,60.0,0.02,0.5,anatomical_core_only,semantic_anatomical_core,episodic_anatomical_core,response_latency,ms,799.0,36.0,763.0
local_dynamics_counterfactual,expanded_targets_local_fixed,High AD-like perturbation with A1 and expanded target local dynamics held at baseline,1.0,281,pulse,60.0,0.02,0.5,anatomical_core_only,semantic_anatomical_core,episodic_anatomical_core,response_latency,ms,122.0,24.0,98.0
local_dynamics_counterfactual,expanded_targets_local_fixed,High AD-like perturbation with A1 and expanded target local dynamics held at baseline,1.0,313,pulse,60.0,0.02,0.5,anatomical_core_only,semantic_anatomical_core,episodic_anatomical_core,response_latency,ms,1378.0,99.0,1279.0
local_dynamics_counterfactual,expanded_targets_local_fixed,High AD-like perturbation with A1 and expanded target local dynamics held at baseline,1.0,347,pulse,60.0,0.02,0.5,anatomical_core_only,semantic_anatomical_core,episodic_anatomical_core,response_latency,ms,,,
local_dynamics_counterfactual,expanded_targets_local_fixed,High AD-like perturbation with A1 and expanded target local dynamics held at baseline,1.0,383,pulse,60.0,0.02,0.5,anatomical_core_only,semantic_anatomical_core,episodic_anatomical_core,response_latency,ms,9.0,-15.0,24.0
local_dynamics_counterfactual,expanded_targets_local_fixed,High AD-like perturbation with A1 and expanded target local dynamics held at baseline,1.0,421,pulse,60.0,0.02,0.5,anatomical_core_only,semantic_anatomical_core,episodic_anatomical_core,response_latency,ms,93.0,14.0,79.0
local_dynamics_counterfactual,expanded_targets_local_fixed,High AD-like perturbation with A1 and expanded target local dynamics held at baseline,1.0,461,pulse,60.0,0.02,0.5,anatomical_core_only,semantic_anatomical_core,episodic_anatomical_core,response_latency,ms,127.0,23.0,104.0
local_dynamics_counterfactual,expanded_targets_local_fixed,High AD-like perturbation with A1 and expanded target local dynamics held at baseline,1.0,503,pulse,60.0,0.02,0.5,anatomical_core_only,semantic_anatomical_core,episodic_anatomical_core,response_latency,ms,132.0,12.0,120.0
local_dynamics_counterfactual,expanded_targets_local_fixed,High AD-like perturbation with A1 and expanded target local dynamics held at baseline,1.0,11,2Hz,60.0,0.02,0.5,platel_peak_only,semantic_platel_peaks,episodic_platel_peaks,transfer_gain,log2 ratio,5.423817144750192,4.941763942580824,0.482053202169368
local_dynamics_counterfactual,expanded_targets_local_fixed,High AD-like perturbation with A1 and expanded target local dynamics held at baseline,1.0,23,2Hz,60.0,0.02,0.5,platel_peak_only,semantic_platel_peaks,episodic_platel_peaks,transfer_gain,log2 ratio,6.384400055357715,5.887934394034983,0.4964656613227323
local_dynamics_counterfactual,expanded_targets_local_fixed,High AD-like perturbation with A1 and expanded target local dynamics held at baseline,1.0,37,2Hz,60.0,0.02,0.5,platel_peak_only,semantic_platel_peaks,episodic_platel_peaks,transfer_gain,log2 ratio,5.141469545628341,4.786397672854522,0.35507187277381824
local_dynamics_counterfactual,expanded_targets_local_fixed,High AD-like perturbation with A1 and expanded target local dynamics held at baseline,1.0,53,2Hz,60.0,0.02,0.5,platel_peak_only,semantic_platel_peaks,episodic_platel_peaks,transfer_gain,log2 ratio,5.896860137655028,5.470413511682547,0.4264466259724813
local_dynamics_counterfactual,expanded_targets_local_fixed,High AD-like perturbation with A1 and expanded target local dynamics held at baseline,1.0,71,2Hz,60.0,0.02,0.5,platel_peak_only,semantic_platel_peaks,episodic_platel_peaks,transfer_gain,log2 ratio,5.453304881875924,5.051283425729645,0.4020214561462794
local_dynamics_counterfactual,expanded_targets_local_fixed,High AD-like perturbation with A1 and expanded target local dynamics held at baseline,1.0,89,2Hz,60.0,0.02,0.5,platel_peak_only,semantic_platel_peaks,episodic_platel_peaks,transfer_gain,log2 ratio,5.556188646629984,5.17743142324117,0.37875722338881435
local_dynamics_counterfactual,expanded_targets_local_fixed,High AD-like perturbation with A1 and expanded target local dynamics held at baseline,1.0,107,2Hz,60.0,0.02,0.5,platel_peak_only,semantic_platel_peaks,episodic_platel_peaks,transfer_gain,log2 ratio,5.284892918622219,4.872310615533825,0.41258230308839394
local_dynamics_counterfactual,expanded_targets_local_fixed,High AD-like perturbation with A1 and expanded target local dynamics held at baseline,1.0,127,2Hz,60.0,0.02,0.5,platel_peak_only,semantic_platel_peaks,episodic_platel_peaks,transfer_gain,log2 ratio,5.980777785445517,5.440976112605758,0.5398016728397597
local_dynamics_counterfactual,expanded_targets_local_fixed,High AD-like perturbation with A1 and expanded target local dynamics held at baseline,1.0,149,2Hz,60.0,0.02,0.5,platel_peak_only,semantic_platel_peaks,episodic_platel_peaks,transfer_gain,log2 ratio,5.204685022403268,4.78950640862681,0.41517861377645815
local_dynamics_counterfactual,expanded_targets_local_fixed,High AD-like perturbation with A1 and expanded target local dynamics held at baseline,1.0,173,2Hz,60.0,0.02,0.5,platel_peak_only,semantic_platel_peaks,episodic_platel_peaks,transfer_gain,log2 ratio,6.2410078811771745,5.828514981536376,0.4124928996407986
local_dynamics_counterfactual,expanded_targets_local_fixed,High AD-like perturbation with A1 and expanded target local dynamics held at baseline,1.0,197,2Hz,60.0,0.02,0.5,platel_peak_only,semantic_platel_peaks,episodic_platel_peaks,transfer_gain,log2 ratio,6.178110350663653,5.647435924339539,0.5306744263241141
local_dynamics_counterfactual,expanded_targets_local_fixed,High AD-like perturbation with A1 and expanded target local dynamics held at baseline,1.0,223,2Hz,60.0,0.02,0.5,platel_peak_only,semantic_platel_peaks,episodic_platel_peaks,transfer_gain,log2 ratio,7.596266805343981,7.18946377352502,0.4068030318189608
local_dynamics_counterfactual,expanded_targets_local_fixed,High AD-like perturbation with A1 and expanded target local dynamics held at baseline,1.0,251,2Hz,60.0,0.02,0.5,platel_peak_only,semantic_platel_peaks,episodic_platel_peaks,transfer_gain,log2 ratio,5.539806079833078,5.1703148435688675,0.3694912362642109
local_dynamics_counterfactual,expanded_targets_local_fixed,High AD-like perturbation with A1 and expanded target local dynamics held at baseline,1.0,281,2Hz,60.0,0.02,0.5,platel_peak_only,semantic_platel_peaks,episodic_platel_peaks,transfer_gain,log2 ratio,6.075707819954602,5.7044681236472,0.37123969630740206
local_dynamics_counterfactual,expanded_targets_local_fixed,High AD-like perturbation with A1 and expanded target local dynamics held at baseline,1.0,313,2Hz,60.0,0.02,0.5,platel_peak_only,semantic_platel_peaks,episodic_platel_peaks,transfer_gain,log2 ratio,8.810010973190423,8.456967423227645,0.3530435499627771
local_dynamics_counterfactual,expanded_targets_local_fixed,High AD-like perturbation with A1 and expanded target local dynamics held at baseline,1.0,347,2Hz,60.0,0.02,0.5,platel_peak_only,semantic_platel_peaks,episodic_platel_peaks,transfer_gain,log2 ratio,8.145347356412273,7.693225330465587,0.4521220259466858
local_dynamics_counterfactual,expanded_targets_local_fixed,High AD-like perturbation with A1 and expanded target local dynamics held at baseline,1.0,383,2Hz,60.0,0.02,0.5,platel_peak_only,semantic_platel_peaks,episodic_platel_peaks,transfer_gain,log2 ratio,5.5976968797060636,5.187532358549759,0.41016452115630475
local_dynamics_counterfactual,expanded_targets_local_fixed,High AD-like perturbation with A1 and expanded target local dynamics held at baseline,1.0,421,2Hz,60.0,0.02,0.5,platel_peak_only,semantic_platel_peaks,episodic_platel_peaks,transfer_gain,log2 ratio,7.256034305453947,6.602363516805719,0.6536707886482285
local_dynamics_counterfactual,expanded_targets_local_fixed,High AD-like perturbation with A1 and expanded target local dynamics held at baseline,1.0,461,2Hz,60.0,0.02,0.5,platel_peak_only,semantic_platel_peaks,episodic_platel_peaks,transfer_gain,log2 ratio,6.815679672836708,6.310533639009238,0.5051460338274705
local_dynamics_counterfactual,expanded_targets_local_fixed,High AD-like perturbation with A1 and expanded target local dynamics held at baseline,1.0,503,2Hz,60.0,0.02,0.5,platel_peak_only,semantic_platel_peaks,episodic_platel_peaks,transfer_gain,log2 ratio,6.242347205588871,5.745911311227619,0.4964358943612517
local_dynamics_counterfactual,expanded_targets_local_fixed,High AD-like perturbation with A1 and expanded target local dynamics held at baseline,1.0,11,5Hz,60.0,0.02,0.5,platel_peak_only,semantic_platel_peaks,episodic_platel_peaks,transfer_gain,log2 ratio,4.862855194293097,4.6019007222149,0.2609544720781969
local_dynamics_counterfactual,expanded_targets_local_fixed,High AD-like perturbation with A1 and expanded target local dynamics held at baseline,1.0,23,5Hz,60.0,0.02,0.5,platel_peak_only,semantic_platel_peaks,episodic_platel_peaks,transfer_gain,log2 ratio,7.550735222127321,7.0878075456438845,0.4629276764834369
local_dynamics_counterfactual,expanded_targets_local_fixed,High AD-like perturbation with A1 and expanded target local dynamics held at baseline,1.0,37,5Hz,60.0,0.02,0.5,platel_peak_only,semantic_platel_peaks,episodic_platel_peaks,transfer_gain,log2 ratio,4.6409409012051235,4.358704649074163,0.2822362521309607
local_dynamics_counterfactual,expanded_targets_local_fixed,High AD-like perturbation with A1 and expanded target local dynamics held at baseline,1.0,53,5Hz,60.0,0.02,0.5,platel_peak_only,semantic_platel_peaks,episodic_platel_peaks,transfer_gain,log2 ratio,4.710269745929967,4.243493251287479,0.46677649464248816
local_dynamics_counterfactual,expanded_targets_local_fixed,High AD-like perturbation with A1 and expanded target local dynamics held at baseline,1.0,71,5Hz,60.0,0.02,0.5,platel_peak_only,semantic_platel_peaks,episodic_platel_peaks,transfer_gain,log2 ratio,5.6806708447775724,5.275814325337944,0.40485651943962875
local_dynamics_counterfactual,expanded_targets_local_fixed,High AD-like perturbation with A1 and expanded target local dynamics held at baseline,1.0,89,5Hz,60.0,0.02,0.5,platel_peak_only,semantic_platel_peaks,episodic_platel_peaks,transfer_gain,log2 ratio,5.493916947406544,5.014080383987505,0.47983656341903913
local_dynamics_counterfactual,expanded_targets_local_fixed,High AD-like perturbation with A1 and expanded target local dynamics held at baseline,1.0,107,5Hz,60.0,0.02,0.5,platel_peak_only,semantic_platel_peaks,episodic_platel_peaks,transfer_gain,log2 ratio,4.8048550360156,4.37099879911445,0.4338562369011498
local_dynamics_counterfactual,expanded_targets_local_fixed,High AD-like perturbation with A1 and expanded target local dynamics held at baseline,1.0,127,5Hz,60.0,0.02,0.5,platel_peak_only,semantic_platel_peaks,episodic_platel_peaks,transfer_gain,log2 ratio,5.425917983877338,4.9123462293353075,0.5135717545420304
local_dynamics_counterfactual,expanded_targets_local_fixed,High AD-like perturbation with A1 and expanded target local dynamics held at baseline,1.0,149,5Hz,60.0,0.02,0.5,platel_peak_only,semantic_platel_peaks,episodic_platel_peaks,transfer_gain,log2 ratio,4.560908134692277,4.117884009150795,0.4430241255414824
local_dynamics_counterfactual,expanded_targets_local_fixed,High AD-like perturbation with A1 and expanded target local dynamics held at baseline,1.0,173,5Hz,60.0,0.02,0.5,platel_peak_only,semantic_platel_peaks,episodic_platel_peaks,transfer_gain,log2 ratio,5.212233480592964,4.791083829556259,0.4211496510367052
local_dynamics_counterfactual,expanded_targets_local_fixed,High AD-like perturbation with A1 and expanded target local dynamics held at baseline,1.0,197,5Hz,60.0,0.02,0.5,platel_peak_only,semantic_platel_peaks,episodic_platel_peaks,transfer_gain,log2 ratio,5.444664790896043,4.897886078071083,0.5467787128249606
local_dynamics_counterfactual,expanded_targets_local_fixed,High AD-like perturbation with A1 and expanded target local dynamics held at baseline,1.0,223,5Hz,60.0,0.02,0.5,platel_peak_only,semantic_platel_peaks,episodic_platel_peaks,transfer_gain,log2 ratio,6.281631728267984,5.901219726570785,0.3804120016971986
local_dynamics_counterfactual,expanded_targets_local_fixed,High AD-like perturbation with A1 and expanded target local dynamics held at baseline,1.0,251,5Hz,60.0,0.02,0.5,platel_peak_only,semantic_platel_peaks,episodic_platel_peaks,transfer_gain,log2 ratio,5.275775739444077,4.876553573259864,0.399222166184213
local_dynamics_counterfactual,expanded_targets_local_fixed,High AD-like perturbation with A1 and expanded target local dynamics held at baseline,1.0,281,5Hz,60.0,0.02,0.5,platel_peak_only,semantic_platel_peaks,episodic_platel_peaks,transfer_gain,log2 ratio,4.930538397636421,4.563161323153902,0.3673770744825191
local_dynamics_counterfactual,expanded_targets_local_fixed,High AD-like perturbation with A1 and expanded target local dynamics held at baseline,1.0,313,5Hz,60.0,0.02,0.5,platel_peak_only,semantic_platel_peaks,episodic_platel_peaks,transfer_gain,log2 ratio,7.73215455419798,7.380417741843801,0.3517368123541793
local_dynamics_counterfactual,expanded_targets_local_fixed,High AD-like perturbation with A1 and expanded target local dynamics held at baseline,1.0,347,5Hz,60.0,0.02,0.5,platel_peak_only,semantic_platel_peaks,episodic_platel_peaks,transfer_gain,log2 ratio,6.035576123597051,5.493965211674238,0.5416109119228123
local_dynamics_counterfactual,expanded_targets_local_fixed,High AD-like perturbation with A1 and expanded target local dynamics held at baseline,1.0,383,5Hz,60.0,0.02,0.5,platel_peak_only,semantic_platel_peaks,episodic_platel_peaks,transfer_gain,log2 ratio,5.200234809703206,4.803556075273233,0.3966787344299725
local_dynamics_counterfactual,expanded_targets_local_fixed,High AD-like perturbation with A1 and expanded target local dynamics held at baseline,1.0,421,5Hz,60.0,0.02,0.5,platel_peak_only,semantic_platel_peaks,episodic_platel_peaks,transfer_gain,log2 ratio,7.453502169133613,6.917688692118662,0.5358134770149512
local_dynamics_counterfactual,expanded_targets_local_fixed,High AD-like perturbation with A1 and expanded target local dynamics held at baseline,1.0,461,5Hz,60.0,0.02,0.5,platel_peak_only,semantic_platel_peaks,episodic_platel_peaks,transfer_gain,log2 ratio,5.928162517935346,5.437610124596791,0.4905523933385547
local_dynamics_counterfactual,expanded_targets_local_fixed,High AD-like perturbation with A1 and expanded target local dynamics held at baseline,1.0,503,5Hz,60.0,0.02,0.5,platel_peak_only,semantic_platel_peaks,episodic_platel_peaks,transfer_gain,log2 ratio,5.696580371416337,5.207913019754939,0.4886673516613982
local_dynamics_counterfactual,expanded_targets_local_fixed,High AD-like perturbation with A1 and expanded target local dynamics held at baseline,1.0,11,2Hz,60.0,0.02,0.5,platel_peak_only,semantic_platel_peaks,episodic_platel_peaks,functional_connectivity,Fisher-z difference,-2.141703335051045,-2.2068149085398105,0.06511157348876573
local_dynamics_counterfactual,expanded_targets_local_fixed,High AD-like perturbation with A1 and expanded target local dynamics held at baseline,1.0,23,2Hz,60.0,0.02,0.5,platel_peak_only,semantic_platel_peaks,episodic_platel_peaks,functional_connectivity,Fisher-z difference,-2.143980738116965,-2.21647327855245,0.07249254043548525
local_dynamics_counterfactual,expanded_targets_local_fixed,High AD-like perturbation with A1 and expanded target local dynamics held at baseline,1.0,37,2Hz,60.0,0.02,0.5,platel_peak_only,semantic_platel_peaks,episodic_platel_peaks,functional_connectivity,Fisher-z difference,-2.1357962729603783,-2.204855706448073,0.06905943348769483
local_dynamics_counterfactual,expanded_targets_local_fixed,High AD-like perturbation with A1 and expanded target local dynamics held at baseline,1.0,53,2Hz,60.0,0.02,0.5,platel_peak_only,semantic_platel_peaks,episodic_platel_peaks,functional_connectivity,Fisher-z difference,-2.142580387063729,-2.2104844421896424,0.06790405512591313
local_dynamics_counterfactual,expanded_targets_local_fixed,High AD-like perturbation with A1 and expanded target local dynamics held at baseline,1.0,71,2Hz,60.0,0.02,0.5,platel_peak_only,semantic_platel_peaks,episodic_platel_peaks,functional_connectivity,Fisher-z difference,-2.1431009990123906,-2.2103330589033203,0.06723205989092973
local_dynamics_counterfactual,expanded_targets_local_fixed,High AD-like perturbation with A1 and expanded target local dynamics held at baseline,1.0,89,2Hz,60.0,0.02,0.5,platel_peak_only,semantic_platel_peaks,episodic_platel_peaks,functional_connectivity,Fisher-z difference,-2.1378802271116566,-2.2059976892169715,0.06811746210531489
local_dynamics_counterfactual,expanded_targets_local_fixed,High AD-like perturbation with A1 and expanded target local dynamics held at baseline,1.0,107,2Hz,60.0,0.02,0.5,platel_peak_only,semantic_platel_peaks,episodic_platel_peaks,functional_connectivity,Fisher-z difference,-2.1405298543439746,-2.2067181909568507,0.06618833661287615
local_dynamics_counterfactual,expanded_targets_local_fixed,High AD-like perturbation with A1 and expanded target local dynamics held at baseline,1.0,127,2Hz,60.0,0.02,0.5,platel_peak_only,semantic_platel_peaks,episodic_platel_peaks,functional_connectivity,Fisher-z difference,-2.1445859128679543,-2.2139850088308357,0.06939909596288141
local_dynamics_counterfactual,expanded_targets_local_fixed,High AD-like perturbation with A1 and expanded target local dynamics held at baseline,1.0,149,2Hz,60.0,0.02,0.5,platel_peak_only,semantic_platel_peaks,episodic_platel_peaks,functional_connectivity,Fisher-z difference,-2.1420663422864537,-2.207771137448261,0.06570479516180727
local_dynamics_counterfactual,expanded_targets_local_fixed,High AD-like perturbation with A1 and expanded target local dynamics held at baseline,1.0,173,2Hz,60.0,0.02,0.5,platel_peak_only,semantic_platel_peaks,episodic_platel_peaks,functional_connectivity,Fisher-z difference,-2.129176078604999,-2.2000086263874583,0.07083254778245918
local_dynamics_counterfactual,expanded_targets_local_fixed,High AD-like perturbation with A1 and expanded target local dynamics held at baseline,1.0,197,2Hz,60.0,0.02,0.5,platel_peak_only,semantic_platel_peaks,episodic_platel_peaks,functional_connectivity,Fisher-z difference,-2.139584697501774,-2.210262293285655,0.07067759578388122
local_dynamics_counterfactual,expanded_targets_local_fixed,High AD-like perturbation with A1 and expanded target local dynamics held at baseline,1.0,223,2Hz,60.0,0.02,0.5,platel_peak_only,semantic_platel_peaks,episodic_platel_peaks,functional_connectivity,Fisher-z difference,-2.1204796066901492,-2.1946535243173915,0.07417391762724224
local_dynamics_counterfactual,expanded_targets_local_fixed,High AD-like perturbation with A1 and expanded target local dynamics held at baseline,1.0,251,2Hz,60.0,0.02,0.5,platel_peak_only,semantic_platel_peaks,episodic_platel_peaks,functional_connectivity,Fisher-z difference,-2.145251133476324,-2.212655331337468,0.06740419786114416
local_dynamics_counterfactual,expanded_targets_local_fixed,High AD-like perturbation with A1 and expanded target local dynamics held at baseline,1.0,281,2Hz,60.0,0.02,0.5,platel_peak_only,semantic_platel_peaks,episodic_platel_peaks,functional_connectivity,Fisher-z difference,-2.1419148668456205,-2.209884939113671,0.06797007226805052
local_dynamics_counterfactual,expanded_targets_local_fixed,High AD-like perturbation with A1 and expanded target local dynamics held at baseline,1.0,313,2Hz,60.0,0.02,0.5,platel_peak_only,semantic_platel_peaks,episodic_platel_peaks,functional_connectivity,Fisher-z difference,-2.0261125688114925,-2.1047451020174672,0.07863253320597474
local_dynamics_counterfactual,expanded_targets_local_fixed,High AD-like perturbation with A1 and expanded target local dynamics held at baseline,1.0,347,2Hz,60.0,0.02,0.5,platel_peak_only,semantic_platel_peaks,episodic_platel_peaks,functional_connectivity,Fisher-z difference,-2.090512426905597,-2.1721616226368483,0.08164919573125129
local_dynamics_counterfactual,expanded_targets_local_fixed,High AD-like perturbation with A1 and expanded target local dynamics held at baseline,1.0,383,2Hz,60.0,0.02,0.5,platel_peak_only,semantic_platel_peaks,episodic_platel_peaks,functional_connectivity,Fisher-z difference,-2.1439306739363295,-2.2113304253370214,0.06739975140069188
local_dynamics_counterfactual,expanded_targets_local_fixed,High AD-like perturbation with A1 and expanded target local dynamics held at baseline,1.0,421,2Hz,60.0,0.02,0.5,platel_peak_only,semantic_platel_peaks,episodic_platel_peaks,functional_connectivity,Fisher-z difference,-2.1266860282422106,-2.2030677886747947,0.07638176043258404
local_dynamics_counterfactual,expanded_targets_local_fixed,High AD-like perturbation with A1 and expanded target local dynamics held at baseline,1.0,461,2Hz,60.0,0.02,0.5,platel_peak_only,semantic_platel_peaks,episodic_platel_peaks,functional_connectivity,Fisher-z difference,-2.1256410204054355,-2.1998808220014094,0.07423980159597399
local_dynamics_counterfactual,expanded_targets_local_fixed,High AD-like perturbation with A1 and expanded target local dynamics held at baseline,1.0,503,2Hz,60.0,0.02,0.5,platel_peak_only,semantic_platel_peaks,episodic_platel_peaks,functional_connectivity,Fisher-z difference,-2.1445625816345326,-2.216911546497049,0.07234896486251641
local_dynamics_counterfactual,expanded_targets_local_fixed,High AD-like perturbation with A1 and expanded target local dynamics held at baseline,1.0,11,5Hz,60.0,0.02,0.5,platel_peak_only,semantic_platel_peaks,episodic_platel_peaks,functional_connectivity,Fisher-z difference,-1.273439014976753,-1.3597458893218213,0.08630687434506834
local_dynamics_counterfactual,expanded_targets_local_fixed,High AD-like perturbation with A1 and expanded target local dynamics held at baseline,1.0,23,5Hz,60.0,0.02,0.5,platel_peak_only,semantic_platel_peaks,episodic_platel_peaks,functional_connectivity,Fisher-z difference,-1.205628336902127,-1.3067247040099366,0.10109636710780956
local_dynamics_counterfactual,expanded_targets_local_fixed,High AD-like perturbation with A1 and expanded target local dynamics held at baseline,1.0,37,5Hz,60.0,0.02,0.5,platel_peak_only,semantic_platel_peaks,episodic_platel_peaks,functional_connectivity,Fisher-z difference,-1.2649578727479696,-1.356936546502874,0.09197867375490443
local_dynamics_counterfactual,expanded_targets_local_fixed,High AD-like perturbation with A1 and expanded target local dynamics held at baseline,1.0,53,5Hz,60.0,0.02,0.5,platel_peak_only,semantic_platel_peaks,episodic_platel_peaks,functional_connectivity,Fisher-z difference,-1.2571751407690934,-1.3395149635972896,0.08233982282819619
local_dynamics_counterfactual,expanded_targets_local_fixed,High AD-like perturbation with A1 and expanded target local dynamics held at baseline,1.0,71,5Hz,60.0,0.02,0.5,platel_peak_only,semantic_platel_peaks,episodic_platel_peaks,functional_connectivity,Fisher-z difference,-1.2628511671977618,-1.3527744097937329,0.08992324259597106
local_dynamics_counterfactual,expanded_targets_local_fixed,High AD-like perturbation with A1 and expanded target local dynamics held at baseline,1.0,89,5Hz,60.0,0.02,0.5,platel_peak_only,semantic_platel_peaks,episodic_platel_peaks,functional_connectivity,Fisher-z difference,-1.264800451825976,-1.3538910785351674,0.08909062670919154
local_dynamics_counterfactual,expanded_targets_local_fixed,High AD-like perturbation with A1 and expanded target local dynamics held at baseline,1.0,107,5Hz,60.0,0.02,0.5,platel_peak_only,semantic_platel_peaks,episodic_platel_peaks,functional_connectivity,Fisher-z difference,-1.2698468968183996,-1.3539949116039427,0.08414801478554312
local_dynamics_counterfactual,expanded_targets_local_fixed,High AD-like perturbation with A1 and expanded target local dynamics held at baseline,1.0,127,5Hz,60.0,0.02,0.5,platel_peak_only,semantic_platel_peaks,episodic_platel_peaks,functional_connectivity,Fisher-z difference,-1.2987888959274103,-1.3797101175152342,0.08092122158782389
local_dynamics_counterfactual,expanded_targets_local_fixed,High AD-like perturbation with A1 and expanded target local dynamics held at baseline,1.0,149,5Hz,60.0,0.02,0.5,platel_peak_only,semantic_platel_peaks,episodic_platel_peaks,functional_connectivity,Fisher-z difference,-1.2700321344766163,-1.3503803745048606,0.08034824002824426
local_dynamics_counterfactual,expanded_targets_local_fixed,High AD-like perturbation with A1 and expanded target local dynamics held at baseline,1.0,173,5Hz,60.0,0.02,0.5,platel_peak_only,semantic_platel_peaks,episodic_platel_peaks,functional_connectivity,Fisher-z difference,-1.2584810456805682,-1.347502587304295,0.08902154162372677
local_dynamics_counterfactual,expanded_targets_local_fixed,High AD-like perturbation with A1 and expanded target local dynamics held at baseline,1.0,197,5Hz,60.0,0.02,0.5,platel_peak_only,semantic_platel_peaks,episodic_platel_peaks,functional_connectivity,Fisher-z difference,-1.2969945536514682,-1.3777955466132579,0.08080099296178966
local_dynamics_counterfactual,expanded_targets_local_fixed,High AD-like perturbation with A1 and expanded target local dynamics held at baseline,1.0,223,5Hz,60.0,0.02,0.5,platel_peak_only,semantic_platel_peaks,episodic_platel_peaks,functional_connectivity,Fisher-z difference,-1.2861189528891606,-1.3743351605416287,0.08821620765246818
local_dynamics_counterfactual,expanded_targets_local_fixed,High AD-like perturbation with A1 and expanded target local dynamics held at baseline,1.0,251,5Hz,60.0,0.02,0.5,platel_peak_only,semantic_platel_peaks,episodic_platel_peaks,functional_connectivity,Fisher-z difference,-1.2772093894119416,-1.3620713748654762,0.08486198545353463
local_dynamics_counterfactual,expanded_targets_local_fixed,High AD-like perturbation with A1 and expanded target local dynamics held at baseline,1.0,281,5Hz,60.0,0.02,0.5,platel_peak_only,semantic_platel_peaks,episodic_platel_peaks,functional_connectivity,Fisher-z difference,-1.2796186073300273,-1.365434221901187,0.08581561457115972
local_dynamics_counterfactual,expanded_targets_local_fixed,High AD-like perturbation with A1 and expanded target local dynamics held at baseline,1.0,313,5Hz,60.0,0.02,0.5,platel_peak_only,semantic_platel_peaks,episodic_platel_peaks,functional_connectivity,Fisher-z difference,-1.2144205296871433,-1.309003188411951,0.09458265872480776
local_dynamics_counterfactual,expanded_targets_local_fixed,High AD-like perturbation with A1 and expanded target local dynamics held at baseline,1.0,347,5Hz,60.0,0.02,0.5,platel_peak_only,semantic_platel_peaks,episodic_platel_peaks,functional_connectivity,Fisher-z difference,-1.295403795082453,-1.383186299977119,0.08778250489466588
local_dynamics_counterfactual,expanded_targets_local_fixed,High AD-like perturbation with A1 and expanded target local dynamics held at baseline,1.0,383,5Hz,60.0,0.02,0.5,platel_peak_only,semantic_platel_peaks,episodic_platel_peaks,functional_connectivity,Fisher-z difference,-1.2782460436058212,-1.36570750512041,0.08746146151458878
local_dynamics_counterfactual,expanded_targets_local_fixed,High AD-like perturbation with A1 and expanded target local dynamics held at baseline,1.0,421,5Hz,60.0,0.02,0.5,platel_peak_only,semantic_platel_peaks,episodic_platel_peaks,functional_connectivity,Fisher-z difference,-1.285540188115553,-1.3746860198056694,0.08914583169011636
local_dynamics_counterfactual,expanded_targets_local_fixed,High AD-like perturbation with A1 and expanded target local dynamics held at baseline,1.0,461,5Hz,60.0,0.02,0.5,platel_peak_only,semantic_platel_peaks,episodic_platel_peaks,functional_connectivity,Fisher-z difference,-1.2671169597838332,-1.356338932948083,0.08922197316424985
local_dynamics_counterfactual,expanded_targets_local_fixed,High AD-like perturbation with A1 and expanded target local dynamics held at baseline,1.0,503,5Hz,60.0,0.02,0.5,platel_peak_only,semantic_platel_peaks,episodic_platel_peaks,functional_connectivity,Fisher-z difference,-1.2851454428779294,-1.3744862050796478,0.08934076220171838
local_dynamics_counterfactual,expanded_targets_local_fixed,High AD-like perturbation with A1 and expanded target local dynamics held at baseline,1.0,11,pulse,60.0,0.02,0.5,platel_peak_only,semantic_platel_peaks,episodic_platel_peaks,response_latency,ms,13.5,-4.0,17.5
local_dynamics_counterfactual,expanded_targets_local_fixed,High AD-like perturbation with A1 and expanded target local dynamics held at baseline,1.0,23,pulse,60.0,0.02,0.5,platel_peak_only,semantic_platel_peaks,episodic_platel_peaks,response_latency,ms,20.5,2.0,18.5
local_dynamics_counterfactual,expanded_targets_local_fixed,High AD-like perturbation with A1 and expanded target local dynamics held at baseline,1.0,37,pulse,60.0,0.02,0.5,platel_peak_only,semantic_platel_peaks,episodic_platel_peaks,response_latency,ms,447.0,449.0,-2.0
local_dynamics_counterfactual,expanded_targets_local_fixed,High AD-like perturbation with A1 and expanded target local dynamics held at baseline,1.0,53,pulse,60.0,0.02,0.5,platel_peak_only,semantic_platel_peaks,episodic_platel_peaks,response_latency,ms,134.0,41.0,93.0
local_dynamics_counterfactual,expanded_targets_local_fixed,High AD-like perturbation with A1 and expanded target local dynamics held at baseline,1.0,71,pulse,60.0,0.02,0.5,platel_peak_only,semantic_platel_peaks,episodic_platel_peaks,response_latency,ms,125.0,43.0,82.0
local_dynamics_counterfactual,expanded_targets_local_fixed,High AD-like perturbation with A1 and expanded target local dynamics held at baseline,1.0,89,pulse,60.0,0.02,0.5,platel_peak_only,semantic_platel_peaks,episodic_platel_peaks,response_latency,ms,26.0,6.0,20.0
local_dynamics_counterfactual,expanded_targets_local_fixed,High AD-like perturbation with A1 and expanded target local dynamics held at baseline,1.0,107,pulse,60.0,0.02,0.5,platel_peak_only,semantic_platel_peaks,episodic_platel_peaks,response_latency,ms,13.0,2.0,11.0
local_dynamics_counterfactual,expanded_targets_local_fixed,High AD-like perturbation with A1 and expanded target local dynamics held at baseline,1.0,127,pulse,60.0,0.02,0.5,platel_peak_only,semantic_platel_peaks,episodic_platel_peaks,response_latency,ms,66.5,49.0,17.5
local_dynamics_counterfactual,expanded_targets_local_fixed,High AD-like perturbation with A1 and expanded target local dynamics held at baseline,1.0,149,pulse,60.0,0.02,0.5,platel_peak_only,semantic_platel_peaks,episodic_platel_peaks,response_latency,ms,33.5,39.0,-5.5
local_dynamics_counterfactual,expanded_targets_local_fixed,High AD-like perturbation with A1 and expanded target local dynamics held at baseline,1.0,173,pulse,60.0,0.02,0.5,platel_peak_only,semantic_platel_peaks,episodic_platel_peaks,response_latency,ms,15.0,0.0,15.0
local_dynamics_counterfactual,expanded_targets_local_fixed,High AD-like perturbation with A1 and expanded target local dynamics held at baseline,1.0,197,pulse,60.0,0.02,0.5,platel_peak_only,semantic_platel_peaks,episodic_platel_peaks,response_latency,ms,9.5,-3.0,12.5
local_dynamics_counterfactual,expanded_targets_local_fixed,High AD-like perturbation with A1 and expanded target local dynamics held at baseline,1.0,223,pulse,60.0,0.02,0.5,platel_peak_only,semantic_platel_peaks,episodic_platel_peaks,response_latency,ms,2498.0,2547.0,-49.0
local_dynamics_counterfactual,expanded_targets_local_fixed,High AD-like perturbation with A1 and expanded target local dynamics held at baseline,1.0,251,pulse,60.0,0.02,0.5,platel_peak_only,semantic_platel_peaks,episodic_platel_peaks,response_latency,ms,254.0,210.0,44.0
local_dynamics_counterfactual,expanded_targets_local_fixed,High AD-like perturbation with A1 and expanded target local dynamics held at baseline,1.0,281,pulse,60.0,0.02,0.5,platel_peak_only,semantic_platel_peaks,episodic_platel_peaks,response_latency,ms,53.0,21.0,32.0
local_dynamics_counterfactual,expanded_targets_local_fixed,High AD-like perturbation with A1 and expanded target local dynamics held at baseline,1.0,313,pulse,60.0,0.02,0.5,platel_peak_only,semantic_platel_peaks,episodic_platel_peaks,response_latency,ms,280.0,287.0,-7.0
local_dynamics_counterfactual,expanded_targets_local_fixed,High AD-like perturbation with A1 and expanded target local dynamics held at baseline,1.0,347,pulse,60.0,0.02,0.5,platel_peak_only,semantic_platel_peaks,episodic_platel_peaks,response_latency,ms,,,
local_dynamics_counterfactual,expanded_targets_local_fixed,High AD-like perturbation with A1 and expanded target local dynamics held at baseline,1.0,383,pulse,60.0,0.02,0.5,platel_peak_only,semantic_platel_peaks,episodic_platel_peaks,response_latency,ms,-19.5,-28.0,8.5
local_dynamics_counterfactual,expanded_targets_local_fixed,High AD-like perturbation with A1 and expanded target local dynamics held at baseline,1.0,421,pulse,60.0,0.02,0.5,platel_peak_only,semantic_platel_peaks,episodic_platel_peaks,response_latency,ms,27.0,32.0,-5.0
local_dynamics_counterfactual,expanded_targets_local_fixed,High AD-like perturbation with A1 and expanded target local dynamics held at baseline,1.0,461,pulse,60.0,0.02,0.5,platel_peak_only,semantic_platel_peaks,episodic_platel_peaks,response_latency,ms,59.5,36.0,23.5
local_dynamics_counterfactual,expanded_targets_local_fixed,High AD-like perturbation with A1 and expanded target local dynamics held at baseline,1.0,503,pulse,60.0,0.02,0.5,platel_peak_only,semantic_platel_peaks,episodic_platel_peaks,response_latency,ms,49.5,18.0,31.5
local_dynamics_counterfactual,expanded_targets_local_fixed,High AD-like perturbation with A1 and expanded target local dynamics held at baseline,1.0,11,2Hz,60.0,0.02,0.5,expanded_left_only,semantic_expanded_left,episodic_expanded_left,transfer_gain,log2 ratio,5.552357745891254,4.734016138688686,0.8183416072025684
local_dynamics_counterfactual,expanded_targets_local_fixed,High AD-like perturbation with A1 and expanded target local dynamics held at baseline,1.0,23,2Hz,60.0,0.02,0.5,expanded_left_only,semantic_expanded_left,episodic_expanded_left,transfer_gain,log2 ratio,6.582958907035012,5.883413323152314,0.6995455838826983
local_dynamics_counterfactual,expanded_targets_local_fixed,High AD-like perturbation with A1 and expanded target local dynamics held at baseline,1.0,37,2Hz,60.0,0.02,0.5,expanded_left_only,semantic_expanded_left,episodic_expanded_left,transfer_gain,log2 ratio,5.1697319331732,4.534051101721374,0.6356808314518254
local_dynamics_counterfactual,expanded_targets_local_fixed,High AD-like perturbation with A1 and expanded target local dynamics held at baseline,1.0,53,2Hz,60.0,0.02,0.5,expanded_left_only,semantic_expanded_left,episodic_expanded_left,transfer_gain,log2 ratio,6.109199026485419,5.153977671695056,0.9552213547903623
local_dynamics_counterfactual,expanded_targets_local_fixed,High AD-like perturbation with A1 and expanded target local dynamics held at baseline,1.0,71,2Hz,60.0,0.02,0.5,expanded_left_only,semantic_expanded_left,episodic_expanded_left,transfer_gain,log2 ratio,5.46843580746047,4.771531184935277,0.6969046225251931
local_dynamics_counterfactual,expanded_targets_local_fixed,High AD-like perturbation with A1 and expanded target local dynamics held at baseline,1.0,89,2Hz,60.0,0.02,0.5,expanded_left_only,semantic_expanded_left,episodic_expanded_left,transfer_gain,log2 ratio,5.667051205547725,4.937629563478489,0.7294216420692363
local_dynamics_counterfactual,expanded_targets_local_fixed,High AD-like perturbation with A1 and expanded target local dynamics held at baseline,1.0,107,2Hz,60.0,0.02,0.5,expanded_left_only,semantic_expanded_left,episodic_expanded_left,transfer_gain,log2 ratio,5.29157350821858,4.617683326192739,0.6738901820258407
local_dynamics_counterfactual,expanded_targets_local_fixed,High AD-like perturbation with A1 and expanded target local dynamics held at baseline,1.0,127,2Hz,60.0,0.02,0.5,expanded_left_only,semantic_expanded_left,episodic_expanded_left,transfer_gain,log2 ratio,6.13830742979218,5.355651527675029,0.7826559021171509
local_dynamics_counterfactual,expanded_targets_local_fixed,High AD-like perturbation with A1 and expanded target local dynamics held at baseline,1.0,149,2Hz,60.0,0.02,0.5,expanded_left_only,semantic_expanded_left,episodic_expanded_left,transfer_gain,log2 ratio,5.235793442794803,4.6705277055749,0.565265737219903
local_dynamics_counterfactual,expanded_targets_local_fixed,High AD-like perturbation with A1 and expanded target local dynamics held at baseline,1.0,173,2Hz,60.0,0.02,0.5,expanded_left_only,semantic_expanded_left,episodic_expanded_left,transfer_gain,log2 ratio,6.437529462883402,5.709836487884608,0.7276929749987939
local_dynamics_counterfactual,expanded_targets_local_fixed,High AD-like perturbation with A1 and expanded target local dynamics held at baseline,1.0,197,2Hz,60.0,0.02,0.5,expanded_left_only,semantic_expanded_left,episodic_expanded_left,transfer_gain,log2 ratio,6.136401303175713,5.801014789467234,0.33538651370847905
local_dynamics_counterfactual,expanded_targets_local_fixed,High AD-like perturbation with A1 and expanded target local dynamics held at baseline,1.0,223,2Hz,60.0,0.02,0.5,expanded_left_only,semantic_expanded_left,episodic_expanded_left,transfer_gain,log2 ratio,7.766902013813054,6.986378219837134,0.7805237939759202
local_dynamics_counterfactual,expanded_targets_local_fixed,High AD-like perturbation with A1 and expanded target local dynamics held at baseline,1.0,251,2Hz,60.0,0.02,0.5,expanded_left_only,semantic_expanded_left,episodic_expanded_left,transfer_gain,log2 ratio,5.576150512269956,4.903941047547415,0.672209464722541
local_dynamics_counterfactual,expanded_targets_local_fixed,High AD-like perturbation with A1 and expanded target local dynamics held at baseline,1.0,281,2Hz,60.0,0.02,0.5,expanded_left_only,semantic_expanded_left,episodic_expanded_left,transfer_gain,log2 ratio,6.245925744802268,5.418722302198381,0.8272034426038868
local_dynamics_counterfactual,expanded_targets_local_fixed,High AD-like perturbation with A1 and expanded target local dynamics held at baseline,1.0,313,2Hz,60.0,0.02,0.5,expanded_left_only,semantic_expanded_left,episodic_expanded_left,transfer_gain,log2 ratio,8.845443943313342,8.229882605169532,0.6155613381438094
local_dynamics_counterfactual,expanded_targets_local_fixed,High AD-like perturbation with A1 and expanded target local dynamics held at baseline,1.0,347,2Hz,60.0,0.02,0.5,expanded_left_only,semantic_expanded_left,episodic_expanded_left,transfer_gain,log2 ratio,8.338840062832286,7.672013060865126,0.6668270019671603
local_dynamics_counterfactual,expanded_targets_local_fixed,High AD-like perturbation with A1 and expanded target local dynamics held at baseline,1.0,383,2Hz,60.0,0.02,0.5,expanded_left_only,semantic_expanded_left,episodic_expanded_left,transfer_gain,log2 ratio,5.6306458490791504,5.033887411577875,0.5967584375012756
local_dynamics_counterfactual,expanded_targets_local_fixed,High AD-like perturbation with A1 and expanded target local dynamics held at baseline,1.0,421,2Hz,60.0,0.02,0.5,expanded_left_only,semantic_expanded_left,episodic_expanded_left,transfer_gain,log2 ratio,7.634119450079296,6.693189315435889,0.9409301346434065
local_dynamics_counterfactual,expanded_targets_local_fixed,High AD-like perturbation with A1 and expanded target local dynamics held at baseline,1.0,461,2Hz,60.0,0.02,0.5,expanded_left_only,semantic_expanded_left,episodic_expanded_left,transfer_gain,log2 ratio,7.084366798702291,6.408201160266811,0.6761656384354797
local_dynamics_counterfactual,expanded_targets_local_fixed,High AD-like perturbation with A1 and expanded target local dynamics held at baseline,1.0,503,2Hz,60.0,0.02,0.5,expanded_left_only,semantic_expanded_left,episodic_expanded_left,transfer_gain,log2 ratio,6.360891088615751,5.646386521118155,0.7145045674975954
local_dynamics_counterfactual,expanded_targets_local_fixed,High AD-like perturbation with A1 and expanded target local dynamics held at baseline,1.0,11,5Hz,60.0,0.02,0.5,expanded_left_only,semantic_expanded_left,episodic_expanded_left,transfer_gain,log2 ratio,4.899191156674351,4.271545919859306,0.6276452368150451
local_dynamics_counterfactual,expanded_targets_local_fixed,High AD-like perturbation with A1 and expanded target local dynamics held at baseline,1.0,23,5Hz,60.0,0.02,0.5,expanded_left_only,semantic_expanded_left,episodic_expanded_left,transfer_gain,log2 ratio,7.78785344550846,7.060151764585438,0.7277016809230217
local_dynamics_counterfactual,expanded_targets_local_fixed,High AD-like perturbation with A1 and expanded target local dynamics held at baseline,1.0,37,5Hz,60.0,0.02,0.5,expanded_left_only,semantic_expanded_left,episodic_expanded_left,transfer_gain,log2 ratio,4.630012792883786,4.053133716905654,0.5768790759781321
local_dynamics_counterfactual,expanded_targets_local_fixed,High AD-like perturbation with A1 and expanded target local dynamics held at baseline,1.0,53,5Hz,60.0,0.02,0.5,expanded_left_only,semantic_expanded_left,episodic_expanded_left,transfer_gain,log2 ratio,4.932481459003325,3.986371989854219,0.9461094691491061
local_dynamics_counterfactual,expanded_targets_local_fixed,High AD-like perturbation with A1 and expanded target local dynamics held at baseline,1.0,71,5Hz,60.0,0.02,0.5,expanded_left_only,semantic_expanded_left,episodic_expanded_left,transfer_gain,log2 ratio,5.692486674704783,4.9827608943094885,0.7097257803952948
local_dynamics_counterfactual,expanded_targets_local_fixed,High AD-like perturbation with A1 and expanded target local dynamics held at baseline,1.0,89,5Hz,60.0,0.02,0.5,expanded_left_only,semantic_expanded_left,episodic_expanded_left,transfer_gain,log2 ratio,5.708941258980264,4.931523542278698,0.7774177167015663
local_dynamics_counterfactual,expanded_targets_local_fixed,High AD-like perturbation with A1 and expanded target local dynamics held at baseline,1.0,107,5Hz,60.0,0.02,0.5,expanded_left_only,semantic_expanded_left,episodic_expanded_left,transfer_gain,log2 ratio,4.928140429738075,4.216712524461007,0.711427905277068
local_dynamics_counterfactual,expanded_targets_local_fixed,High AD-like perturbation with A1 and expanded target local dynamics held at baseline,1.0,127,5Hz,60.0,0.02,0.5,expanded_left_only,semantic_expanded_left,episodic_expanded_left,transfer_gain,log2 ratio,5.621096379836227,4.861339071701314,0.7597573081349127
local_dynamics_counterfactual,expanded_targets_local_fixed,High AD-like perturbation with A1 and expanded target local dynamics held at baseline,1.0,149,5Hz,60.0,0.02,0.5,expanded_left_only,semantic_expanded_left,episodic_expanded_left,transfer_gain,log2 ratio,4.621569671641535,3.9885458798749007,0.6330237917666346
local_dynamics_counterfactual,expanded_targets_local_fixed,High AD-like perturbation with A1 and expanded target local dynamics held at baseline,1.0,173,5Hz,60.0,0.02,0.5,expanded_left_only,semantic_expanded_left,episodic_expanded_left,transfer_gain,log2 ratio,5.382112159180185,4.636395372601849,0.7457167865783356
local_dynamics_counterfactual,expanded_targets_local_fixed,High AD-like perturbation with A1 and expanded target local dynamics held at baseline,1.0,197,5Hz,60.0,0.02,0.5,expanded_left_only,semantic_expanded_left,episodic_expanded_left,transfer_gain,log2 ratio,5.419046833502382,5.082110205523142,0.33693662797923984
local_dynamics_counterfactual,expanded_targets_local_fixed,High AD-like perturbation with A1 and expanded target local dynamics held at baseline,1.0,223,5Hz,60.0,0.02,0.5,expanded_left_only,semantic_expanded_left,episodic_expanded_left,transfer_gain,log2 ratio,6.441455990240385,5.716217520019051,0.7252384702213339
local_dynamics_counterfactual,expanded_targets_local_fixed,High AD-like perturbation with A1 and expanded target local dynamics held at baseline,1.0,251,5Hz,60.0,0.02,0.5,expanded_left_only,semantic_expanded_left,episodic_expanded_left,transfer_gain,log2 ratio,5.369152849400672,4.70401478331111,0.665138066089562
local_dynamics_counterfactual,expanded_targets_local_fixed,High AD-like perturbation with A1 and expanded target local dynamics held at baseline,1.0,281,5Hz,60.0,0.02,0.5,expanded_left_only,semantic_expanded_left,episodic_expanded_left,transfer_gain,log2 ratio,5.081842729119552,4.298444828298462,0.7833979008210905
local_dynamics_counterfactual,expanded_targets_local_fixed,High AD-like perturbation with A1 and expanded target local dynamics held at baseline,1.0,313,5Hz,60.0,0.02,0.5,expanded_left_only,semantic_expanded_left,episodic_expanded_left,transfer_gain,log2 ratio,7.771261362154509,7.173579612781712,0.5976817493727973
local_dynamics_counterfactual,expanded_targets_local_fixed,High AD-like perturbation with A1 and expanded target local dynamics held at baseline,1.0,347,5Hz,60.0,0.02,0.5,expanded_left_only,semantic_expanded_left,episodic_expanded_left,transfer_gain,log2 ratio,6.226270576167293,5.560605724805879,0.6656648513614138
local_dynamics_counterfactual,expanded_targets_local_fixed,High AD-like perturbation with A1 and expanded target local dynamics held at baseline,1.0,383,5Hz,60.0,0.02,0.5,expanded_left_only,semantic_expanded_left,episodic_expanded_left,transfer_gain,log2 ratio,5.2462229336540425,4.719053187169151,0.5271697464848915
local_dynamics_counterfactual,expanded_targets_local_fixed,High AD-like perturbation with A1 and expanded target local dynamics held at baseline,1.0,421,5Hz,60.0,0.02,0.5,expanded_left_only,semantic_expanded_left,episodic_expanded_left,transfer_gain,log2 ratio,7.7247060640499505,6.718176911070088,1.0065291529798621
local_dynamics_counterfactual,expanded_targets_local_fixed,High AD-like perturbation with A1 and expanded target local dynamics held at baseline,1.0,461,5Hz,60.0,0.02,0.5,expanded_left_only,semantic_expanded_left,episodic_expanded_left,transfer_gain,log2 ratio,6.180288628454117,5.52062229472776,0.6596663337263573
local_dynamics_counterfactual,expanded_targets_local_fixed,High AD-like perturbation with A1 and expanded target local dynamics held at baseline,1.0,503,5Hz,60.0,0.02,0.5,expanded_left_only,semantic_expanded_left,episodic_expanded_left,transfer_gain,log2 ratio,5.821238650491978,5.060030624875073,0.7612080256169049
local_dynamics_counterfactual,expanded_targets_local_fixed,High AD-like perturbation with A1 and expanded target local dynamics held at baseline,1.0,11,2Hz,60.0,0.02,0.5,expanded_left_only,semantic_expanded_left,episodic_expanded_left,functional_connectivity,Fisher-z difference,-2.104250804144271,-2.2002939482435298,0.09604314409925863
local_dynamics_counterfactual,expanded_targets_local_fixed,High AD-like perturbation with A1 and expanded target local dynamics held at baseline,1.0,23,2Hz,60.0,0.02,0.5,expanded_left_only,semantic_expanded_left,episodic_expanded_left,functional_connectivity,Fisher-z difference,-2.102967972317196,-2.2070163707161012,0.10404839839890512
local_dynamics_counterfactual,expanded_targets_local_fixed,High AD-like perturbation with A1 and expanded target local dynamics held at baseline,1.0,37,2Hz,60.0,0.02,0.5,expanded_left_only,semantic_expanded_left,episodic_expanded_left,functional_connectivity,Fisher-z difference,-2.0935815547421246,-2.186878915038497,0.09329736029637248
local_dynamics_counterfactual,expanded_targets_local_fixed,High AD-like perturbation with A1 and expanded target local dynamics held at baseline,1.0,53,2Hz,60.0,0.02,0.5,expanded_left_only,semantic_expanded_left,episodic_expanded_left,functional_connectivity,Fisher-z difference,-2.1054460401781014,-2.2017756047177874,0.096329564539686
local_dynamics_counterfactual,expanded_targets_local_fixed,High AD-like perturbation with A1 and expanded target local dynamics held at baseline,1.0,71,2Hz,60.0,0.02,0.5,expanded_left_only,semantic_expanded_left,episodic_expanded_left,functional_connectivity,Fisher-z difference,-2.10411630038977,-2.199137320097835,0.09502101970806498
local_dynamics_counterfactual,expanded_targets_local_fixed,High AD-like perturbation with A1 and expanded target local dynamics held at baseline,1.0,89,2Hz,60.0,0.02,0.5,expanded_left_only,semantic_expanded_left,episodic_expanded_left,functional_connectivity,Fisher-z difference,-2.099585554965368,-2.1932974642423484,0.09371190927698025
local_dynamics_counterfactual,expanded_targets_local_fixed,High AD-like perturbation with A1 and expanded target local dynamics held at baseline,1.0,107,2Hz,60.0,0.02,0.5,expanded_left_only,semantic_expanded_left,episodic_expanded_left,functional_connectivity,Fisher-z difference,-2.099990107121769,-2.1942838051377627,0.09429369801599385
local_dynamics_counterfactual,expanded_targets_local_fixed,High AD-like perturbation with A1 and expanded target local dynamics held at baseline,1.0,127,2Hz,60.0,0.02,0.5,expanded_left_only,semantic_expanded_left,episodic_expanded_left,functional_connectivity,Fisher-z difference,-2.105856634426975,-2.2050148958193154,0.0991582613923403
local_dynamics_counterfactual,expanded_targets_local_fixed,High AD-like perturbation with A1 and expanded target local dynamics held at baseline,1.0,149,2Hz,60.0,0.02,0.5,expanded_left_only,semantic_expanded_left,episodic_expanded_left,functional_connectivity,Fisher-z difference,-2.1027637663571888,-2.1996497319886874,0.09688596563149865
local_dynamics_counterfactual,expanded_targets_local_fixed,High AD-like perturbation with A1 and expanded target local dynamics held at baseline,1.0,173,2Hz,60.0,0.02,0.5,expanded_left_only,semantic_expanded_left,episodic_expanded_left,functional_connectivity,Fisher-z difference,-2.090441295516547,-2.1882088796056323,0.09776758408908526
local_dynamics_counterfactual,expanded_targets_local_fixed,High AD-like perturbation with A1 and expanded target local dynamics held at baseline,1.0,197,2Hz,60.0,0.02,0.5,expanded_left_only,semantic_expanded_left,episodic_expanded_left,functional_connectivity,Fisher-z difference,-2.0962797979229655,-2.200098406823169,0.10381860890020356
local_dynamics_counterfactual,expanded_targets_local_fixed,High AD-like perturbation with A1 and expanded target local dynamics held at baseline,1.0,223,2Hz,60.0,0.02,0.5,expanded_left_only,semantic_expanded_left,episodic_expanded_left,functional_connectivity,Fisher-z difference,-2.08065715050718,-2.1822220327764112,0.10156488226923122
local_dynamics_counterfactual,expanded_targets_local_fixed,High AD-like perturbation with A1 and expanded target local dynamics held at baseline,1.0,251,2Hz,60.0,0.02,0.5,expanded_left_only,semantic_expanded_left,episodic_expanded_left,functional_connectivity,Fisher-z difference,-2.106127787861068,-2.204740087227479,0.09861229936641136
local_dynamics_counterfactual,expanded_targets_local_fixed,High AD-like perturbation with A1 and expanded target local dynamics held at baseline,1.0,281,2Hz,60.0,0.02,0.5,expanded_left_only,semantic_expanded_left,episodic_expanded_left,functional_connectivity,Fisher-z difference,-2.1058238985313573,-2.202571354597174,0.0967474560658168
local_dynamics_counterfactual,expanded_targets_local_fixed,High AD-like perturbation with A1 and expanded target local dynamics held at baseline,1.0,313,2Hz,60.0,0.02,0.5,expanded_left_only,semantic_expanded_left,episodic_expanded_left,functional_connectivity,Fisher-z difference,-1.9842032094889914,-2.088138741484986,0.1039355319959947
local_dynamics_counterfactual,expanded_targets_local_fixed,High AD-like perturbation with A1 and expanded target local dynamics held at baseline,1.0,347,2Hz,60.0,0.02,0.5,expanded_left_only,semantic_expanded_left,episodic_expanded_left,functional_connectivity,Fisher-z difference,-2.0410958565280373,-2.1453398190157147,0.10424396248767742
local_dynamics_counterfactual,expanded_targets_local_fixed,High AD-like perturbation with A1 and expanded target local dynamics held at baseline,1.0,383,2Hz,60.0,0.02,0.5,expanded_left_only,semantic_expanded_left,episodic_expanded_left,functional_connectivity,Fisher-z difference,-2.1053486139266226,-2.2046180920536114,0.09926947812698872
local_dynamics_counterfactual,expanded_targets_local_fixed,High AD-like perturbation with A1 and expanded target local dynamics held at baseline,1.0,421,2Hz,60.0,0.02,0.5,expanded_left_only,semantic_expanded_left,episodic_expanded_left,functional_connectivity,Fisher-z difference,-2.082078907367719,-2.1795125826980417,0.09743367533032288
local_dynamics_counterfactual,expanded_targets_local_fixed,High AD-like perturbation with A1 and expanded target local dynamics held at baseline,1.0,461,2Hz,60.0,0.02,0.5,expanded_left_only,semantic_expanded_left,episodic_expanded_left,functional_connectivity,Fisher-z difference,-2.081952225741844,-2.18172876626547,0.09977654052362572
local_dynamics_counterfactual,expanded_targets_local_fixed,High AD-like perturbation with A1 and expanded target local dynamics held at baseline,1.0,503,2Hz,60.0,0.02,0.5,expanded_left_only,semantic_expanded_left,episodic_expanded_left,functional_connectivity,Fisher-z difference,-2.10441044891894,-2.2048695401583376,0.10045909123939767
local_dynamics_counterfactual,expanded_targets_local_fixed,High AD-like perturbation with A1 and expanded target local dynamics held at baseline,1.0,11,5Hz,60.0,0.02,0.5,expanded_left_only,semantic_expanded_left,episodic_expanded_left,functional_connectivity,Fisher-z difference,-1.2314845824044587,-1.3438324476919643,0.11234786528750562
local_dynamics_counterfactual,expanded_targets_local_fixed,High AD-like perturbation with A1 and expanded target local dynamics held at baseline,1.0,23,5Hz,60.0,0.02,0.5,expanded_left_only,semantic_expanded_left,episodic_expanded_left,functional_connectivity,Fisher-z difference,-1.1484934088028829,-1.2742135645142263,0.12572015571134343
local_dynamics_counterfactual,expanded_targets_local_fixed,High AD-like perturbation with A1 and expanded target local dynamics held at baseline,1.0,37,5Hz,60.0,0.02,0.5,expanded_left_only,semantic_expanded_left,episodic_expanded_left,functional_connectivity,Fisher-z difference,-1.215564180012467,-1.3253265923766504,0.10976241236418338
local_dynamics_counterfactual,expanded_targets_local_fixed,High AD-like perturbation with A1 and expanded target local dynamics held at baseline,1.0,53,5Hz,60.0,0.02,0.5,expanded_left_only,semantic_expanded_left,episodic_expanded_left,functional_connectivity,Fisher-z difference,-1.2186950581185312,-1.3254989986089056,0.10680394049037445
local_dynamics_counterfactual,expanded_targets_local_fixed,High AD-like perturbation with A1 and expanded target local dynamics held at baseline,1.0,71,5Hz,60.0,0.02,0.5,expanded_left_only,semantic_expanded_left,episodic_expanded_left,functional_connectivity,Fisher-z difference,-1.216068977682095,-1.3403379660240677,0.12426898834197275
local_dynamics_counterfactual,expanded_targets_local_fixed,High AD-like perturbation with A1 and expanded target local dynamics held at baseline,1.0,89,5Hz,60.0,0.02,0.5,expanded_left_only,semantic_expanded_left,episodic_expanded_left,functional_connectivity,Fisher-z difference,-1.2219473905016738,-1.349236976093936,0.12728958559226222
local_dynamics_counterfactual,expanded_targets_local_fixed,High AD-like perturbation with A1 and expanded target local dynamics held at baseline,1.0,107,5Hz,60.0,0.02,0.5,expanded_left_only,semantic_expanded_left,episodic_expanded_left,functional_connectivity,Fisher-z difference,-1.2261006595343065,-1.3382580164936382,0.11215735695933171
local_dynamics_counterfactual,expanded_targets_local_fixed,High AD-like perturbation with A1 and expanded target local dynamics held at baseline,1.0,127,5Hz,60.0,0.02,0.5,expanded_left_only,semantic_expanded_left,episodic_expanded_left,functional_connectivity,Fisher-z difference,-1.2649757549431797,-1.359446277030651,0.09447052208747131
local_dynamics_counterfactual,expanded_targets_local_fixed,High AD-like perturbation with A1 and expanded target local dynamics held at baseline,1.0,149,5Hz,60.0,0.02,0.5,expanded_left_only,semantic_expanded_left,episodic_expanded_left,functional_connectivity,Fisher-z difference,-1.2264328510396934,-1.3351659097746649,0.10873305873497152
local_dynamics_counterfactual,expanded_targets_local_fixed,High AD-like perturbation with A1 and expanded target local dynamics held at baseline,1.0,173,5Hz,60.0,0.02,0.5,expanded_left_only,semantic_expanded_left,episodic_expanded_left,functional_connectivity,Fisher-z difference,-1.2160009853512488,-1.3362462869090266,0.1202453015577778
local_dynamics_counterfactual,expanded_targets_local_fixed,High AD-like perturbation with A1 and expanded target local dynamics held at baseline,1.0,197,5Hz,60.0,0.02,0.5,expanded_left_only,semantic_expanded_left,episodic_expanded_left,functional_connectivity,Fisher-z difference,-1.2605153092815202,-1.3684004282665634,0.10788511898504316
local_dynamics_counterfactual,expanded_targets_local_fixed,High AD-like perturbation with A1 and expanded target local dynamics held at baseline,1.0,223,5Hz,60.0,0.02,0.5,expanded_left_only,semantic_expanded_left,episodic_expanded_left,functional_connectivity,Fisher-z difference,-1.2477869688104009,-1.3624475107323273,0.11466054192192643
local_dynamics_counterfactual,expanded_targets_local_fixed,High AD-like perturbation with A1 and expanded target local dynamics held at baseline,1.0,251,5Hz,60.0,0.02,0.5,expanded_left_only,semantic_expanded_left,episodic_expanded_left,functional_connectivity,Fisher-z difference,-1.2362368110737358,-1.348511557486154,0.11227474641241808
local_dynamics_counterfactual,expanded_targets_local_fixed,High AD-like perturbation with A1 and expanded target local dynamics held at baseline,1.0,281,5Hz,60.0,0.02,0.5,expanded_left_only,semantic_expanded_left,episodic_expanded_left,functional_connectivity,Fisher-z difference,-1.2413038081383667,-1.3459406181915663,0.10463681005319958
local_dynamics_counterfactual,expanded_targets_local_fixed,High AD-like perturbation with A1 and expanded target local dynamics held at baseline,1.0,313,5Hz,60.0,0.02,0.5,expanded_left_only,semantic_expanded_left,episodic_expanded_left,functional_connectivity,Fisher-z difference,-1.1704493985583113,-1.2824791257833803,0.11202972722506899
local_dynamics_counterfactual,expanded_targets_local_fixed,High AD-like perturbation with A1 and expanded target local dynamics held at baseline,1.0,347,5Hz,60.0,0.02,0.5,expanded_left_only,semantic_expanded_left,episodic_expanded_left,functional_connectivity,Fisher-z difference,-1.2571261835433711,-1.3645666717221543,0.10744048817878316
local_dynamics_counterfactual,expanded_targets_local_fixed,High AD-like perturbation with A1 and expanded target local dynamics held at baseline,1.0,383,5Hz,60.0,0.02,0.5,expanded_left_only,semantic_expanded_left,episodic_expanded_left,functional_connectivity,Fisher-z difference,-1.235171311728108,-1.347032900016596,0.11186158828848791
local_dynamics_counterfactual,expanded_targets_local_fixed,High AD-like perturbation with A1 and expanded target local dynamics held at baseline,1.0,421,5Hz,60.0,0.02,0.5,expanded_left_only,semantic_expanded_left,episodic_expanded_left,functional_connectivity,Fisher-z difference,-1.2546900320863623,-1.352527722124376,0.09783769003801379
local_dynamics_counterfactual,expanded_targets_local_fixed,High AD-like perturbation with A1 and expanded target local dynamics held at baseline,1.0,461,5Hz,60.0,0.02,0.5,expanded_left_only,semantic_expanded_left,episodic_expanded_left,functional_connectivity,Fisher-z difference,-1.2241842022697478,-1.342566534367391,0.11838233209764315
local_dynamics_counterfactual,expanded_targets_local_fixed,High AD-like perturbation with A1 and expanded target local dynamics held at baseline,1.0,503,5Hz,60.0,0.02,0.5,expanded_left_only,semantic_expanded_left,episodic_expanded_left,functional_connectivity,Fisher-z difference,-1.2451682186973614,-1.361173374412465,0.11600515571510361
local_dynamics_counterfactual,expanded_targets_local_fixed,High AD-like perturbation with A1 and expanded target local dynamics held at baseline,1.0,11,pulse,60.0,0.02,0.5,expanded_left_only,semantic_expanded_left,episodic_expanded_left,response_latency,ms,72.0,5.0,67.0
local_dynamics_counterfactual,expanded_targets_local_fixed,High AD-like perturbation with A1 and expanded target local dynamics held at baseline,1.0,23,pulse,60.0,0.02,0.5,expanded_left_only,semantic_expanded_left,episodic_expanded_left,response_latency,ms,78.0,12.0,66.0
local_dynamics_counterfactual,expanded_targets_local_fixed,High AD-like perturbation with A1 and expanded target local dynamics held at baseline,1.0,37,pulse,60.0,0.02,0.5,expanded_left_only,semantic_expanded_left,episodic_expanded_left,response_latency,ms,1190.0,101.0,1089.0
local_dynamics_counterfactual,expanded_targets_local_fixed,High AD-like perturbation with A1 and expanded target local dynamics held at baseline,1.0,53,pulse,60.0,0.02,0.5,expanded_left_only,semantic_expanded_left,episodic_expanded_left,response_latency,ms,392.0,13.0,379.0
local_dynamics_counterfactual,expanded_targets_local_fixed,High AD-like perturbation with A1 and expanded target local dynamics held at baseline,1.0,71,pulse,60.0,0.02,0.5,expanded_left_only,semantic_expanded_left,episodic_expanded_left,response_latency,ms,152.0,31.0,121.0
local_dynamics_counterfactual,expanded_targets_local_fixed,High AD-like perturbation with A1 and expanded target local dynamics held at baseline,1.0,89,pulse,60.0,0.02,0.5,expanded_left_only,semantic_expanded_left,episodic_expanded_left,response_latency,ms,80.0,13.0,67.0
local_dynamics_counterfactual,expanded_targets_local_fixed,High AD-like perturbation with A1 and expanded target local dynamics held at baseline,1.0,107,pulse,60.0,0.02,0.5,expanded_left_only,semantic_expanded_left,episodic_expanded_left,response_latency,ms,72.0,9.0,63.0
local_dynamics_counterfactual,expanded_targets_local_fixed,High AD-like perturbation with A1 and expanded target local dynamics held at baseline,1.0,127,pulse,60.0,0.02,0.5,expanded_left_only,semantic_expanded_left,episodic_expanded_left,response_latency,ms,118.0,48.0,70.0
local_dynamics_counterfactual,expanded_targets_local_fixed,High AD-like perturbation with A1 and expanded target local dynamics held at baseline,1.0,149,pulse,60.0,0.02,0.5,expanded_left_only,semantic_expanded_left,episodic_expanded_left,response_latency,ms,78.0,17.0,61.0
local_dynamics_counterfactual,expanded_targets_local_fixed,High AD-like perturbation with A1 and expanded target local dynamics held at baseline,1.0,173,pulse,60.0,0.02,0.5,expanded_left_only,semantic_expanded_left,episodic_expanded_left,response_latency,ms,82.0,15.0,67.0
local_dynamics_counterfactual,expanded_targets_local_fixed,High AD-like perturbation with A1 and expanded target local dynamics held at baseline,1.0,197,pulse,60.0,0.02,0.5,expanded_left_only,semantic_expanded_left,episodic_expanded_left,response_latency,ms,70.0,6.0,64.0
local_dynamics_counterfactual,expanded_targets_local_fixed,High AD-like perturbation with A1 and expanded target local dynamics held at baseline,1.0,223,pulse,60.0,0.02,0.5,expanded_left_only,semantic_expanded_left,episodic_expanded_left,response_latency,ms,2468.0,2635.0,-167.0
local_dynamics_counterfactual,expanded_targets_local_fixed,High AD-like perturbation with A1 and expanded target local dynamics held at baseline,1.0,251,pulse,60.0,0.02,0.5,expanded_left_only,semantic_expanded_left,episodic_expanded_left,response_latency,ms,690.0,53.0,637.0
local_dynamics_counterfactual,expanded_targets_local_fixed,High AD-like perturbation with A1 and expanded target local dynamics held at baseline,1.0,281,pulse,60.0,0.02,0.5,expanded_left_only,semantic_expanded_left,episodic_expanded_left,response_latency,ms,114.0,29.0,85.0
local_dynamics_counterfactual,expanded_targets_local_fixed,High AD-like perturbation with A1 and expanded target local dynamics held at baseline,1.0,313,pulse,60.0,0.02,0.5,expanded_left_only,semantic_expanded_left,episodic_expanded_left,response_latency,ms,451.0,149.0,302.0
local_dynamics_counterfactual,expanded_targets_local_fixed,High AD-like perturbation with A1 and expanded target local dynamics held at baseline,1.0,347,pulse,60.0,0.02,0.5,expanded_left_only,semantic_expanded_left,episodic_expanded_left,response_latency,ms,,,
local_dynamics_counterfactual,expanded_targets_local_fixed,High AD-like perturbation with A1 and expanded target local dynamics held at baseline,1.0,383,pulse,60.0,0.02,0.5,expanded_left_only,semantic_expanded_left,episodic_expanded_left,response_latency,ms,28.0,-12.0,40.0
local_dynamics_counterfactual,expanded_targets_local_fixed,High AD-like perturbation with A1 and expanded target local dynamics held at baseline,1.0,421,pulse,60.0,0.02,0.5,expanded_left_only,semantic_expanded_left,episodic_expanded_left,response_latency,ms,78.0,13.0,65.0
local_dynamics_counterfactual,expanded_targets_local_fixed,High AD-like perturbation with A1 and expanded target local dynamics held at baseline,1.0,461,pulse,60.0,0.02,0.5,expanded_left_only,semantic_expanded_left,episodic_expanded_left,response_latency,ms,106.0,29.0,77.0
local_dynamics_counterfactual,expanded_targets_local_fixed,High AD-like perturbation with A1 and expanded target local dynamics held at baseline,1.0,503,pulse,60.0,0.02,0.5,expanded_left_only,semantic_expanded_left,episodic_expanded_left,response_latency,ms,82.0,14.0,68.0
local_dynamics_counterfactual,expanded_targets_local_fixed,High AD-like perturbation with A1 and expanded target local dynamics held at baseline,1.0,11,2Hz,60.0,0.02,0.5,expanded_right_only,semantic_expanded_right,episodic_expanded_right,transfer_gain,log2 ratio,5.371038575281134,4.627731290370357,0.7433072849107774
local_dynamics_counterfactual,expanded_targets_local_fixed,High AD-like perturbation with A1 and expanded target local dynamics held at baseline,1.0,23,2Hz,60.0,0.02,0.5,expanded_right_only,semantic_expanded_right,episodic_expanded_right,transfer_gain,log2 ratio,6.159456237968232,5.623785943352712,0.5356702946155201
local_dynamics_counterfactual,expanded_targets_local_fixed,High AD-like perturbation with A1 and expanded target local dynamics held at baseline,1.0,37,2Hz,60.0,0.02,0.5,expanded_right_only,semantic_expanded_right,episodic_expanded_right,transfer_gain,log2 ratio,5.033595232670574,4.479822138443982,0.5537730942265924
local_dynamics_counterfactual,expanded_targets_local_fixed,High AD-like perturbation with A1 and expanded target local dynamics held at baseline,1.0,53,2Hz,60.0,0.02,0.5,expanded_right_only,semantic_expanded_right,episodic_expanded_right,transfer_gain,log2 ratio,5.9755172519074256,5.096853838302198,0.8786634136052278
local_dynamics_counterfactual,expanded_targets_local_fixed,High AD-like perturbation with A1 and expanded target local dynamics held at baseline,1.0,71,2Hz,60.0,0.02,0.5,expanded_right_only,semantic_expanded_right,episodic_expanded_right,transfer_gain,log2 ratio,5.391949075766531,4.757410156029599,0.634538919736932
local_dynamics_counterfactual,expanded_targets_local_fixed,High AD-like perturbation with A1 and expanded target local dynamics held at baseline,1.0,89,2Hz,60.0,0.02,0.5,expanded_right_only,semantic_expanded_right,episodic_expanded_right,transfer_gain,log2 ratio,5.497644685081578,4.900592645155161,0.5970520399264174
local_dynamics_counterfactual,expanded_targets_local_fixed,High AD-like perturbation with A1 and expanded target local dynamics held at baseline,1.0,107,2Hz,60.0,0.02,0.5,expanded_right_only,semantic_expanded_right,episodic_expanded_right,transfer_gain,log2 ratio,5.191578652413241,4.644528896379305,0.5470497560339354
local_dynamics_counterfactual,expanded_targets_local_fixed,High AD-like perturbation with A1 and expanded target local dynamics held at baseline,1.0,127,2Hz,60.0,0.02,0.5,expanded_right_only,semantic_expanded_right,episodic_expanded_right,transfer_gain,log2 ratio,5.749238719935366,5.18668133091963,0.562557389015736
local_dynamics_counterfactual,expanded_targets_local_fixed,High AD-like perturbation with A1 and expanded target local dynamics held at baseline,1.0,149,2Hz,60.0,0.02,0.5,expanded_right_only,semantic_expanded_right,episodic_expanded_right,transfer_gain,log2 ratio,5.126208721913077,4.534524832540598,0.5916838893724794
local_dynamics_counterfactual,expanded_targets_local_fixed,High AD-like perturbation with A1 and expanded target local dynamics held at baseline,1.0,173,2Hz,60.0,0.02,0.5,expanded_right_only,semantic_expanded_right,episodic_expanded_right,transfer_gain,log2 ratio,6.123003382422467,5.561079585991879,0.5619237964305874
local_dynamics_counterfactual,expanded_targets_local_fixed,High AD-like perturbation with A1 and expanded target local dynamics held at baseline,1.0,197,2Hz,60.0,0.02,0.5,expanded_right_only,semantic_expanded_right,episodic_expanded_right,transfer_gain,log2 ratio,6.011482992684956,5.526637215721695,0.4848457769632608
local_dynamics_counterfactual,expanded_targets_local_fixed,High AD-like perturbation with A1 and expanded target local dynamics held at baseline,1.0,223,2Hz,60.0,0.02,0.5,expanded_right_only,semantic_expanded_right,episodic_expanded_right,transfer_gain,log2 ratio,7.67086529982964,6.907747023129354,0.7631182767002862
local_dynamics_counterfactual,expanded_targets_local_fixed,High AD-like perturbation with A1 and expanded target local dynamics held at baseline,1.0,251,2Hz,60.0,0.02,0.5,expanded_right_only,semantic_expanded_right,episodic_expanded_right,transfer_gain,log2 ratio,5.49342469722496,4.907846252642104,0.5855784445828558
local_dynamics_counterfactual,expanded_targets_local_fixed,High AD-like perturbation with A1 and expanded target local dynamics held at baseline,1.0,281,2Hz,60.0,0.02,0.5,expanded_right_only,semantic_expanded_right,episodic_expanded_right,transfer_gain,log2 ratio,6.088079465306733,5.48159411501214,0.6064853502945935
local_dynamics_counterfactual,expanded_targets_local_fixed,High AD-like perturbation with A1 and expanded target local dynamics held at baseline,1.0,313,2Hz,60.0,0.02,0.5,expanded_right_only,semantic_expanded_right,episodic_expanded_right,transfer_gain,log2 ratio,8.755528616489189,8.166940879410173,0.5885877370790151
local_dynamics_counterfactual,expanded_targets_local_fixed,High AD-like perturbation with A1 and expanded target local dynamics held at baseline,1.0,347,2Hz,60.0,0.02,0.5,expanded_right_only,semantic_expanded_right,episodic_expanded_right,transfer_gain,log2 ratio,7.9878657309526435,7.4463112408128165,0.541554490139827
local_dynamics_counterfactual,expanded_targets_local_fixed,High AD-like perturbation with A1 and expanded target local dynamics held at baseline,1.0,383,2Hz,60.0,0.02,0.5,expanded_right_only,semantic_expanded_right,episodic_expanded_right,transfer_gain,log2 ratio,5.562829544813296,4.955175187762676,0.6076543570506194
local_dynamics_counterfactual,expanded_targets_local_fixed,High AD-like perturbation with A1 and expanded target local dynamics held at baseline,1.0,421,2Hz,60.0,0.02,0.5,expanded_right_only,semantic_expanded_right,episodic_expanded_right,transfer_gain,log2 ratio,7.046880065892286,6.309371357771335,0.7375087081209513
local_dynamics_counterfactual,expanded_targets_local_fixed,High AD-like perturbation with A1 and expanded target local dynamics held at baseline,1.0,461,2Hz,60.0,0.02,0.5,expanded_right_only,semantic_expanded_right,episodic_expanded_right,transfer_gain,log2 ratio,6.553808510125142,6.056700167005142,0.49710834311999985
local_dynamics_counterfactual,expanded_targets_local_fixed,High AD-like perturbation with A1 and expanded target local dynamics held at baseline,1.0,503,2Hz,60.0,0.02,0.5,expanded_right_only,semantic_expanded_right,episodic_expanded_right,transfer_gain,log2 ratio,6.210389678537439,5.4460799003897735,0.7643097781476653
local_dynamics_counterfactual,expanded_targets_local_fixed,High AD-like perturbation with A1 and expanded target local dynamics held at baseline,1.0,11,5Hz,60.0,0.02,0.5,expanded_right_only,semantic_expanded_right,episodic_expanded_right,transfer_gain,log2 ratio,4.865511565792208,4.303099554529734,0.5624120112624746
local_dynamics_counterfactual,expanded_targets_local_fixed,High AD-like perturbation with A1 and expanded target local dynamics held at baseline,1.0,23,5Hz,60.0,0.02,0.5,expanded_right_only,semantic_expanded_right,episodic_expanded_right,transfer_gain,log2 ratio,7.366941684386181,6.817061057721669,0.5498806266645122
local_dynamics_counterfactual,expanded_targets_local_fixed,High AD-like perturbation with A1 and expanded target local dynamics held at baseline,1.0,37,5Hz,60.0,0.02,0.5,expanded_right_only,semantic_expanded_right,episodic_expanded_right,transfer_gain,log2 ratio,4.5526606226909685,4.004356611026639,0.5483040116643298
local_dynamics_counterfactual,expanded_targets_local_fixed,High AD-like perturbation with A1 and expanded target local dynamics held at baseline,1.0,53,5Hz,60.0,0.02,0.5,expanded_right_only,semantic_expanded_right,episodic_expanded_right,transfer_gain,log2 ratio,4.75600350170086,3.9070243492242227,0.8489791524766375
local_dynamics_counterfactual,expanded_targets_local_fixed,High AD-like perturbation with A1 and expanded target local dynamics held at baseline,1.0,71,5Hz,60.0,0.02,0.5,expanded_right_only,semantic_expanded_right,episodic_expanded_right,transfer_gain,log2 ratio,5.673634668742971,4.931092093323951,0.7425425754190202
local_dynamics_counterfactual,expanded_targets_local_fixed,High AD-like perturbation with A1 and expanded target local dynamics held at baseline,1.0,89,5Hz,60.0,0.02,0.5,expanded_right_only,semantic_expanded_right,episodic_expanded_right,transfer_gain,log2 ratio,5.394628762326652,4.742800768783357,0.6518279935432947
local_dynamics_counterfactual,expanded_targets_local_fixed,High AD-like perturbation with A1 and expanded target local dynamics held at baseline,1.0,107,5Hz,60.0,0.02,0.5,expanded_right_only,semantic_expanded_right,episodic_expanded_right,transfer_gain,log2 ratio,4.756830996232128,4.115787386752354,0.641043609479774
local_dynamics_counterfactual,expanded_targets_local_fixed,High AD-like perturbation with A1 and expanded target local dynamics held at baseline,1.0,127,5Hz,60.0,0.02,0.5,expanded_right_only,semantic_expanded_right,episodic_expanded_right,transfer_gain,log2 ratio,5.223213981306926,4.663194317865642,0.5600196634412837
local_dynamics_counterfactual,expanded_targets_local_fixed,High AD-like perturbation with A1 and expanded target local dynamics held at baseline,1.0,149,5Hz,60.0,0.02,0.5,expanded_right_only,semantic_expanded_right,episodic_expanded_right,transfer_gain,log2 ratio,4.498381919437205,3.880977371307419,0.6174045481297856
local_dynamics_counterfactual,expanded_targets_local_fixed,High AD-like perturbation with A1 and expanded target local dynamics held at baseline,1.0,173,5Hz,60.0,0.02,0.5,expanded_right_only,semantic_expanded_right,episodic_expanded_right,transfer_gain,log2 ratio,5.173707015851043,4.519542985873245,0.6541640299777987
local_dynamics_counterfactual,expanded_targets_local_fixed,High AD-like perturbation with A1 and expanded target local dynamics held at baseline,1.0,197,5Hz,60.0,0.02,0.5,expanded_right_only,semantic_expanded_right,episodic_expanded_right,transfer_gain,log2 ratio,5.278356716837731,4.784218497442665,0.4941382193950661
local_dynamics_counterfactual,expanded_targets_local_fixed,High AD-like perturbation with A1 and expanded target local dynamics held at baseline,1.0,223,5Hz,60.0,0.02,0.5,expanded_right_only,semantic_expanded_right,episodic_expanded_right,transfer_gain,log2 ratio,6.346249786340437,5.632535906828275,0.7137138795121611
local_dynamics_counterfactual,expanded_targets_local_fixed,High AD-like perturbation with A1 and expanded target local dynamics held at baseline,1.0,251,5Hz,60.0,0.02,0.5,expanded_right_only,semantic_expanded_right,episodic_expanded_right,transfer_gain,log2 ratio,5.2123858779342855,4.62724988108995,0.5851359968443353
local_dynamics_counterfactual,expanded_targets_local_fixed,High AD-like perturbation with A1 and expanded target local dynamics held at baseline,1.0,281,5Hz,60.0,0.02,0.5,expanded_right_only,semantic_expanded_right,episodic_expanded_right,transfer_gain,log2 ratio,4.943440650939375,4.356889241240834,0.5865514096985409
local_dynamics_counterfactual,expanded_targets_local_fixed,High AD-like perturbation with A1 and expanded target local dynamics held at baseline,1.0,313,5Hz,60.0,0.02,0.5,expanded_right_only,semantic_expanded_right,episodic_expanded_right,transfer_gain,log2 ratio,7.67332650010744,7.10009529963602,0.5732312004714206
local_dynamics_counterfactual,expanded_targets_local_fixed,High AD-like perturbation with A1 and expanded target local dynamics held at baseline,1.0,347,5Hz,60.0,0.02,0.5,expanded_right_only,semantic_expanded_right,episodic_expanded_right,transfer_gain,log2 ratio,5.80200495133598,5.284025073709476,0.5179798776265043
local_dynamics_counterfactual,expanded_targets_local_fixed,High AD-like perturbation with A1 and expanded target local dynamics held at baseline,1.0,383,5Hz,60.0,0.02,0.5,expanded_right_only,semantic_expanded_right,episodic_expanded_right,transfer_gain,log2 ratio,5.1117792295417654,4.585564698456556,0.5262145310852091
local_dynamics_counterfactual,expanded_targets_local_fixed,High AD-like perturbation with A1 and expanded target local dynamics held at baseline,1.0,421,5Hz,60.0,0.02,0.5,expanded_right_only,semantic_expanded_right,episodic_expanded_right,transfer_gain,log2 ratio,7.450782372861173,6.575608040298262,0.8751743325629109
local_dynamics_counterfactual,expanded_targets_local_fixed,High AD-like perturbation with A1 and expanded target local dynamics held at baseline,1.0,461,5Hz,60.0,0.02,0.5,expanded_right_only,semantic_expanded_right,episodic_expanded_right,transfer_gain,log2 ratio,5.6860110564579776,5.193484672183264,0.4925263842747132
local_dynamics_counterfactual,expanded_targets_local_fixed,High AD-like perturbation with A1 and expanded target local dynamics held at baseline,1.0,503,5Hz,60.0,0.02,0.5,expanded_right_only,semantic_expanded_right,episodic_expanded_right,transfer_gain,log2 ratio,5.716143292229265,4.894853718572641,0.8212895736566246
local_dynamics_counterfactual,expanded_targets_local_fixed,High AD-like perturbation with A1 and expanded target local dynamics held at baseline,1.0,11,2Hz,60.0,0.02,0.5,expanded_right_only,semantic_expanded_right,episodic_expanded_right,functional_connectivity,Fisher-z difference,-2.1553915851394327,-2.1972787907655795,0.041887205626146784
local_dynamics_counterfactual,expanded_targets_local_fixed,High AD-like perturbation with A1 and expanded target local dynamics held at baseline,1.0,23,2Hz,60.0,0.02,0.5,expanded_right_only,semantic_expanded_right,episodic_expanded_right,functional_connectivity,Fisher-z difference,-2.1598066074897706,-2.2114670912605305,0.051660483770759935
local_dynamics_counterfactual,expanded_targets_local_fixed,High AD-like perturbation with A1 and expanded target local dynamics held at baseline,1.0,37,2Hz,60.0,0.02,0.5,expanded_right_only,semantic_expanded_right,episodic_expanded_right,functional_connectivity,Fisher-z difference,-2.1528903409506888,-2.193135318832127,0.04024497788143844
local_dynamics_counterfactual,expanded_targets_local_fixed,High AD-like perturbation with A1 and expanded target local dynamics held at baseline,1.0,53,2Hz,60.0,0.02,0.5,expanded_right_only,semantic_expanded_right,episodic_expanded_right,functional_connectivity,Fisher-z difference,-2.156691971431168,-2.2015721166598636,0.04488014522869577
local_dynamics_counterfactual,expanded_targets_local_fixed,High AD-like perturbation with A1 and expanded target local dynamics held at baseline,1.0,71,2Hz,60.0,0.02,0.5,expanded_right_only,semantic_expanded_right,episodic_expanded_right,functional_connectivity,Fisher-z difference,-2.158640082020352,-2.2004386680064054,0.04179858598605346
local_dynamics_counterfactual,expanded_targets_local_fixed,High AD-like perturbation with A1 and expanded target local dynamics held at baseline,1.0,89,2Hz,60.0,0.02,0.5,expanded_right_only,semantic_expanded_right,episodic_expanded_right,functional_connectivity,Fisher-z difference,-2.1541576090098102,-2.1984974153344075,0.04433980632459722
local_dynamics_counterfactual,expanded_targets_local_fixed,High AD-like perturbation with A1 and expanded target local dynamics held at baseline,1.0,107,2Hz,60.0,0.02,0.5,expanded_right_only,semantic_expanded_right,episodic_expanded_right,functional_connectivity,Fisher-z difference,-2.1550168351354886,-2.198764817409017,0.043747982273528496
local_dynamics_counterfactual,expanded_targets_local_fixed,High AD-like perturbation with A1 and expanded target local dynamics held at baseline,1.0,127,2Hz,60.0,0.02,0.5,expanded_right_only,semantic_expanded_right,episodic_expanded_right,functional_connectivity,Fisher-z difference,-2.1590278900687743,-2.2084115906175787,0.04938370054880448
local_dynamics_counterfactual,expanded_targets_local_fixed,High AD-like perturbation with A1 and expanded target local dynamics held at baseline,1.0,149,2Hz,60.0,0.02,0.5,expanded_right_only,semantic_expanded_right,episodic_expanded_right,functional_connectivity,Fisher-z difference,-2.1562860633257155,-2.1985977351815564,0.04231167185584095
local_dynamics_counterfactual,expanded_targets_local_fixed,High AD-like perturbation with A1 and expanded target local dynamics held at baseline,1.0,173,2Hz,60.0,0.02,0.5,expanded_right_only,semantic_expanded_right,episodic_expanded_right,functional_connectivity,Fisher-z difference,-2.1471638519242178,-2.19366487818681,0.04650102626259223
local_dynamics_counterfactual,expanded_targets_local_fixed,High AD-like perturbation with A1 and expanded target local dynamics held at baseline,1.0,197,2Hz,60.0,0.02,0.5,expanded_right_only,semantic_expanded_right,episodic_expanded_right,functional_connectivity,Fisher-z difference,-2.1557457931257256,-2.2067470166425642,0.05100122351683867
local_dynamics_counterfactual,expanded_targets_local_fixed,High AD-like perturbation with A1 and expanded target local dynamics held at baseline,1.0,223,2Hz,60.0,0.02,0.5,expanded_right_only,semantic_expanded_right,episodic_expanded_right,functional_connectivity,Fisher-z difference,-2.139802018429713,-2.190622535297147,0.05082051686743405
local_dynamics_counterfactual,expanded_targets_local_fixed,High AD-like perturbation with A1 and expanded target local dynamics held at baseline,1.0,251,2Hz,60.0,0.02,0.5,expanded_right_only,semantic_expanded_right,episodic_expanded_right,functional_connectivity,Fisher-z difference,-2.1586305753204322,-2.2054188992221264,0.046788323901694184
local_dynamics_counterfactual,expanded_targets_local_fixed,High AD-like perturbation with A1 and expanded target local dynamics held at baseline,1.0,281,2Hz,60.0,0.02,0.5,expanded_right_only,semantic_expanded_right,episodic_expanded_right,functional_connectivity,Fisher-z difference,-2.1563842859157316,-2.204778702763914,0.04839441684818224
local_dynamics_counterfactual,expanded_targets_local_fixed,High AD-like perturbation with A1 and expanded target local dynamics held at baseline,1.0,313,2Hz,60.0,0.02,0.5,expanded_right_only,semantic_expanded_right,episodic_expanded_right,functional_connectivity,Fisher-z difference,-2.0479686587152113,-2.1017929129175363,0.05382425420232506
local_dynamics_counterfactual,expanded_targets_local_fixed,High AD-like perturbation with A1 and expanded target local dynamics held at baseline,1.0,347,2Hz,60.0,0.02,0.5,expanded_right_only,semantic_expanded_right,episodic_expanded_right,functional_connectivity,Fisher-z difference,-2.1135592102270886,-2.1680716913661535,0.05451248113906493
local_dynamics_counterfactual,expanded_targets_local_fixed,High AD-like perturbation with A1 and expanded target local dynamics held at baseline,1.0,383,2Hz,60.0,0.02,0.5,expanded_right_only,semantic_expanded_right,episodic_expanded_right,functional_connectivity,Fisher-z difference,-2.1576430619685465,-2.204605798877886,0.0469627369093395
local_dynamics_counterfactual,expanded_targets_local_fixed,High AD-like perturbation with A1 and expanded target local dynamics held at baseline,1.0,421,2Hz,60.0,0.02,0.5,expanded_right_only,semantic_expanded_right,episodic_expanded_right,functional_connectivity,Fisher-z difference,-2.149776571740426,-2.198400301585978,0.04862372984555208
local_dynamics_counterfactual,expanded_targets_local_fixed,High AD-like perturbation with A1 and expanded target local dynamics held at baseline,1.0,461,2Hz,60.0,0.02,0.5,expanded_right_only,semantic_expanded_right,episodic_expanded_right,functional_connectivity,Fisher-z difference,-2.1466819012773626,-2.1948850768031187,0.04820317552575615
local_dynamics_counterfactual,expanded_targets_local_fixed,High AD-like perturbation with A1 and expanded target local dynamics held at baseline,1.0,503,2Hz,60.0,0.02,0.5,expanded_right_only,semantic_expanded_right,episodic_expanded_right,functional_connectivity,Fisher-z difference,-2.1627573282718298,-2.2108175799934426,0.04806025172161288
local_dynamics_counterfactual,expanded_targets_local_fixed,High AD-like perturbation with A1 and expanded target local dynamics held at baseline,1.0,11,5Hz,60.0,0.02,0.5,expanded_right_only,semantic_expanded_right,episodic_expanded_right,functional_connectivity,Fisher-z difference,-1.2897907691750385,-1.3483591061877862,0.05856833701274766
local_dynamics_counterfactual,expanded_targets_local_fixed,High AD-like perturbation with A1 and expanded target local dynamics held at baseline,1.0,23,5Hz,60.0,0.02,0.5,expanded_right_only,semantic_expanded_right,episodic_expanded_right,functional_connectivity,Fisher-z difference,-1.2379384905375523,-1.304528995947968,0.06659050541041567
local_dynamics_counterfactual,expanded_targets_local_fixed,High AD-like perturbation with A1 and expanded target local dynamics held at baseline,1.0,37,5Hz,60.0,0.02,0.5,expanded_right_only,semantic_expanded_right,episodic_expanded_right,functional_connectivity,Fisher-z difference,-1.2854006403572689,-1.33861239434029,0.053211753983021026
local_dynamics_counterfactual,expanded_targets_local_fixed,High AD-like perturbation with A1 and expanded target local dynamics held at baseline,1.0,53,5Hz,60.0,0.02,0.5,expanded_right_only,semantic_expanded_right,episodic_expanded_right,functional_connectivity,Fisher-z difference,-1.2724488267146914,-1.323812349547301,0.0513635228326097
local_dynamics_counterfactual,expanded_targets_local_fixed,High AD-like perturbation with A1 and expanded target local dynamics held at baseline,1.0,71,5Hz,60.0,0.02,0.5,expanded_right_only,semantic_expanded_right,episodic_expanded_right,functional_connectivity,Fisher-z difference,-1.281390876723492,-1.3444014867935552,0.06301061007006314
local_dynamics_counterfactual,expanded_targets_local_fixed,High AD-like perturbation with A1 and expanded target local dynamics held at baseline,1.0,89,5Hz,60.0,0.02,0.5,expanded_right_only,semantic_expanded_right,episodic_expanded_right,functional_connectivity,Fisher-z difference,-1.2765038773004247,-1.349591485887382,0.0730876085869574
local_dynamics_counterfactual,expanded_targets_local_fixed,High AD-like perturbation with A1 and expanded target local dynamics held at baseline,1.0,107,5Hz,60.0,0.02,0.5,expanded_right_only,semantic_expanded_right,episodic_expanded_right,functional_connectivity,Fisher-z difference,-1.2872316726636743,-1.3428452852420274,0.05561361257835307
local_dynamics_counterfactual,expanded_targets_local_fixed,High AD-like perturbation with A1 and expanded target local dynamics held at baseline,1.0,127,5Hz,60.0,0.02,0.5,expanded_right_only,semantic_expanded_right,episodic_expanded_right,functional_connectivity,Fisher-z difference,-1.3175302894706165,-1.3665904043982036,0.049060114927587106
local_dynamics_counterfactual,expanded_targets_local_fixed,High AD-like perturbation with A1 and expanded target local dynamics held at baseline,1.0,149,5Hz,60.0,0.02,0.5,expanded_right_only,semantic_expanded_right,episodic_expanded_right,functional_connectivity,Fisher-z difference,-1.2866739882791287,-1.3369568478961753,0.050282859617046594
local_dynamics_counterfactual,expanded_targets_local_fixed,High AD-like perturbation with A1 and expanded target local dynamics held at baseline,1.0,173,5Hz,60.0,0.02,0.5,expanded_right_only,semantic_expanded_right,episodic_expanded_right,functional_connectivity,Fisher-z difference,-1.2741480300849697,-1.3391682529183668,0.06502022283339715
local_dynamics_counterfactual,expanded_targets_local_fixed,High AD-like perturbation with A1 and expanded target local dynamics held at baseline,1.0,197,5Hz,60.0,0.02,0.5,expanded_right_only,semantic_expanded_right,episodic_expanded_right,functional_connectivity,Fisher-z difference,-1.3110513982348215,-1.3699120115315306,0.05886061329670911
local_dynamics_counterfactual,expanded_targets_local_fixed,High AD-like perturbation with A1 and expanded target local dynamics held at baseline,1.0,223,5Hz,60.0,0.02,0.5,expanded_right_only,semantic_expanded_right,episodic_expanded_right,functional_connectivity,Fisher-z difference,-1.3042759463001607,-1.3678729616794838,0.06359701537932305
local_dynamics_counterfactual,expanded_targets_local_fixed,High AD-like perturbation with A1 and expanded target local dynamics held at baseline,1.0,251,5Hz,60.0,0.02,0.5,expanded_right_only,semantic_expanded_right,episodic_expanded_right,functional_connectivity,Fisher-z difference,-1.2947079224033535,-1.3526807933324947,0.05797287092914116
local_dynamics_counterfactual,expanded_targets_local_fixed,High AD-like perturbation with A1 and expanded target local dynamics held at baseline,1.0,281,5Hz,60.0,0.02,0.5,expanded_right_only,semantic_expanded_right,episodic_expanded_right,functional_connectivity,Fisher-z difference,-1.2970016592400635,-1.3555112098184008,0.05850955057833729
local_dynamics_counterfactual,expanded_targets_local_fixed,High AD-like perturbation with A1 and expanded target local dynamics held at baseline,1.0,313,5Hz,60.0,0.02,0.5,expanded_right_only,semantic_expanded_right,episodic_expanded_right,functional_connectivity,Fisher-z difference,-1.2429294606331527,-1.3023601757154422,0.059430715082289476
local_dynamics_counterfactual,expanded_targets_local_fixed,High AD-like perturbation with A1 and expanded target local dynamics held at baseline,1.0,347,5Hz,60.0,0.02,0.5,expanded_right_only,semantic_expanded_right,episodic_expanded_right,functional_connectivity,Fisher-z difference,-1.3151671695840077,-1.374523755974752,0.05935658639074437
local_dynamics_counterfactual,expanded_targets_local_fixed,High AD-like perturbation with A1 and expanded target local dynamics held at baseline,1.0,383,5Hz,60.0,0.02,0.5,expanded_right_only,semantic_expanded_right,episodic_expanded_right,functional_connectivity,Fisher-z difference,-1.2986821824879835,-1.3560829429124108,0.05740076042442732
local_dynamics_counterfactual,expanded_targets_local_fixed,High AD-like perturbation with A1 and expanded target local dynamics held at baseline,1.0,421,5Hz,60.0,0.02,0.5,expanded_right_only,semantic_expanded_right,episodic_expanded_right,functional_connectivity,Fisher-z difference,-1.3056212747037546,-1.366104453894879,0.06048317919112445
local_dynamics_counterfactual,expanded_targets_local_fixed,High AD-like perturbation with A1 and expanded target local dynamics held at baseline,1.0,461,5Hz,60.0,0.02,0.5,expanded_right_only,semantic_expanded_right,episodic_expanded_right,functional_connectivity,Fisher-z difference,-1.2862231149233623,-1.350915936887615,0.06469282196425263
local_dynamics_counterfactual,expanded_targets_local_fixed,High AD-like perturbation with A1 and expanded target local dynamics held at baseline,1.0,503,5Hz,60.0,0.02,0.5,expanded_right_only,semantic_expanded_right,episodic_expanded_right,functional_connectivity,Fisher-z difference,-1.3039250275728953,-1.3662038516783395,0.062278824105444164
local_dynamics_counterfactual,expanded_targets_local_fixed,High AD-like perturbation with A1 and expanded target local dynamics held at baseline,1.0,11,pulse,60.0,0.02,0.5,expanded_right_only,semantic_expanded_right,episodic_expanded_right,response_latency,ms,33.0,-8.0,41.0
local_dynamics_counterfactual,expanded_targets_local_fixed,High AD-like perturbation with A1 and expanded target local dynamics held at baseline,1.0,23,pulse,60.0,0.02,0.5,expanded_right_only,semantic_expanded_right,episodic_expanded_right,response_latency,ms,37.0,-2.0,39.0
local_dynamics_counterfactual,expanded_targets_local_fixed,High AD-like perturbation with A1 and expanded target local dynamics held at baseline,1.0,37,pulse,60.0,0.02,0.5,expanded_right_only,semantic_expanded_right,episodic_expanded_right,response_latency,ms,1213.0,90.0,1123.0
local_dynamics_counterfactual,expanded_targets_local_fixed,High AD-like perturbation with A1 and expanded target local dynamics held at baseline,1.0,53,pulse,60.0,0.02,0.5,expanded_right_only,semantic_expanded_right,episodic_expanded_right,response_latency,ms,215.0,-2.0,217.0
local_dynamics_counterfactual,expanded_targets_local_fixed,High AD-like perturbation with A1 and expanded target local dynamics held at baseline,1.0,71,pulse,60.0,0.02,0.5,expanded_right_only,semantic_expanded_right,episodic_expanded_right,response_latency,ms,171.0,30.0,141.0
local_dynamics_counterfactual,expanded_targets_local_fixed,High AD-like perturbation with A1 and expanded target local dynamics held at baseline,1.0,89,pulse,60.0,0.02,0.5,expanded_right_only,semantic_expanded_right,episodic_expanded_right,response_latency,ms,50.0,-4.0,54.0
local_dynamics_counterfactual,expanded_targets_local_fixed,High AD-like perturbation with A1 and expanded target local dynamics held at baseline,1.0,107,pulse,60.0,0.02,0.5,expanded_right_only,semantic_expanded_right,episodic_expanded_right,response_latency,ms,21.0,-4.0,25.0
local_dynamics_counterfactual,expanded_targets_local_fixed,High AD-like perturbation with A1 and expanded target local dynamics held at baseline,1.0,127,pulse,60.0,0.02,0.5,expanded_right_only,semantic_expanded_right,episodic_expanded_right,response_latency,ms,93.0,38.0,55.0
local_dynamics_counterfactual,expanded_targets_local_fixed,High AD-like perturbation with A1 and expanded target local dynamics held at baseline,1.0,149,pulse,60.0,0.02,0.5,expanded_right_only,semantic_expanded_right,episodic_expanded_right,response_latency,ms,43.0,32.0,11.0
local_dynamics_counterfactual,expanded_targets_local_fixed,High AD-like perturbation with A1 and expanded target local dynamics held at baseline,1.0,173,pulse,60.0,0.02,0.5,expanded_right_only,semantic_expanded_right,episodic_expanded_right,response_latency,ms,33.0,-6.0,39.0
local_dynamics_counterfactual,expanded_targets_local_fixed,High AD-like perturbation with A1 and expanded target local dynamics held at baseline,1.0,197,pulse,60.0,0.02,0.5,expanded_right_only,semantic_expanded_right,episodic_expanded_right,response_latency,ms,22.0,-10.0,32.0
local_dynamics_counterfactual,expanded_targets_local_fixed,High AD-like perturbation with A1 and expanded target local dynamics held at baseline,1.0,223,pulse,60.0,0.02,0.5,expanded_right_only,semantic_expanded_right,episodic_expanded_right,response_latency,ms,2480.0,2566.0,-86.0
local_dynamics_counterfactual,expanded_targets_local_fixed,High AD-like perturbation with A1 and expanded target local dynamics held at baseline,1.0,251,pulse,60.0,0.02,0.5,expanded_right_only,semantic_expanded_right,episodic_expanded_right,response_latency,ms,712.0,30.0,682.0
local_dynamics_counterfactual,expanded_targets_local_fixed,High AD-like perturbation with A1 and expanded target local dynamics held at baseline,1.0,281,pulse,60.0,0.02,0.5,expanded_right_only,semantic_expanded_right,episodic_expanded_right,response_latency,ms,63.0,2.0,61.0
local_dynamics_counterfactual,expanded_targets_local_fixed,High AD-like perturbation with A1 and expanded target local dynamics held at baseline,1.0,313,pulse,60.0,0.02,0.5,expanded_right_only,semantic_expanded_right,episodic_expanded_right,response_latency,ms,320.0,56.0,264.0
local_dynamics_counterfactual,expanded_targets_local_fixed,High AD-like perturbation with A1 and expanded target local dynamics held at baseline,1.0,347,pulse,60.0,0.02,0.5,expanded_right_only,semantic_expanded_right,episodic_expanded_right,response_latency,ms,,,
local_dynamics_counterfactual,expanded_targets_local_fixed,High AD-like perturbation with A1 and expanded target local dynamics held at baseline,1.0,383,pulse,60.0,0.02,0.5,expanded_right_only,semantic_expanded_right,episodic_expanded_right,response_latency,ms,-7.0,-42.0,35.0
local_dynamics_counterfactual,expanded_targets_local_fixed,High AD-like perturbation with A1 and expanded target local dynamics held at baseline,1.0,421,pulse,60.0,0.02,0.5,expanded_right_only,semantic_expanded_right,episodic_expanded_right,response_latency,ms,49.0,18.0,31.0
local_dynamics_counterfactual,expanded_targets_local_fixed,High AD-like perturbation with A1 and expanded target local dynamics held at baseline,1.0,461,pulse,60.0,0.02,0.5,expanded_right_only,semantic_expanded_right,episodic_expanded_right,response_latency,ms,64.0,28.0,36.0
local_dynamics_counterfactual,expanded_targets_local_fixed,High AD-like perturbation with A1 and expanded target local dynamics held at baseline,1.0,503,pulse,60.0,0.02,0.5,expanded_right_only,semantic_expanded_right,episodic_expanded_right,response_latency,ms,75.0,12.0,63.0
