scope,variant,condition,severity,seed,probe,global_coupling,input_peak_per_ms,dt_ms,b_signature,network,network_response,transfer,segment_transfer_1,segment_transfer_2,segment_transfer_3,segment_transfer_4,segment_transfer_5,segment_locked_transfer_1,segment_locked_transfer_2,segment_locked_transfer_3,segment_locked_transfer_4,segment_locked_transfer_5,target_response_coverage,transfer_first_half,transfer_second_half,transfer_split_abs_log2,transfer_nonstationary_flag,transfer_log2_slope_per_s,locked_transfer_segment_median,evoked_fc_z,evoked_fc_first_half_z,evoked_fc_second_half_z,evoked_fc_split_abs_z,fc_valid_fraction,relative_latency_raw_ms,relative_latency_ms,latency_valid_fraction,median_pulse_tail_energy_fraction,median_target_fit_r_squared,median_target_snr_db,median_target_phase_consistency,target_frequency_qa_valid_fraction,a1_snr_db_min,a1_phase_consistency_min
local_dynamics_counterfactual,expanded_targets_local_fixed,High AD-like perturbation with A1 and expanded target local dynamics held at baseline,1.0,11,pulse,60.0,0.02,0.5,d695e3c87e6723ff,semantic_expanded,0.00013891107765300973,0.003694540791603502,,,,,,,,,,,1.0,,,,False,,,,,,,,375.5,375.5,1.0,0.005161041204986206,,,,,,
local_dynamics_counterfactual,expanded_targets_local_fixed,High AD-like perturbation with A1 and expanded target local dynamics held at baseline,1.0,11,pulse,60.0,0.02,0.5,d695e3c87e6723ff,episodic_expanded,0.00019924087611886728,0.005333604327423571,,,,,,,,,,,1.0,,,,False,,,,,,,,263.5,263.5,1.0,0.0019594598983386116,,,,,,
local_dynamics_counterfactual,expanded_targets_local_fixed,High AD-like perturbation with A1 and expanded target local dynamics held at baseline,1.0,11,pulse,60.0,0.02,0.5,d695e3c87e6723ff,semantic_anatomical_core,0.00013027179284325264,0.0034771008549531364,,,,,,,,,,,1.0,,,,False,,,,,,,,402.0,402.0,1.0,0.005210579164703617,,,,,,
local_dynamics_counterfactual,expanded_targets_local_fixed,High AD-like perturbation with A1 and expanded target local dynamics held at baseline,1.0,11,pulse,60.0,0.02,0.5,d695e3c87e6723ff,episodic_anatomical_core,0.00020394340824902914,0.005444489636090223,,,,,,,,,,,1.0,,,,False,,,,,,,,246.0,246.0,1.0,0.0016243438084073635,,,,,,
local_dynamics_counterfactual,expanded_targets_local_fixed,High AD-like perturbation with A1 and expanded target local dynamics held at baseline,1.0,11,pulse,60.0,0.02,0.5,d695e3c87e6723ff,semantic_platel_peaks,0.00014843570122659083,0.0039934710415986605,,,,,,,,,,,1.0,,,,False,,,,,,,,337.0,337.0,1.0,0.004001353806953733,,,,,,
local_dynamics_counterfactual,expanded_targets_local_fixed,High AD-like perturbation with A1 and expanded target local dynamics held at baseline,1.0,11,pulse,60.0,0.02,0.5,d695e3c87e6723ff,episodic_platel_peaks,0.00019416732315783892,0.005162651392160997,,,,,,,,,,,1.0,,,,False,,,,,,,,287.0,287.0,1.0,0.0033821486016313053,,,,,,
local_dynamics_counterfactual,expanded_targets_local_fixed,High AD-like perturbation with A1 and expanded target local dynamics held at baseline,1.0,11,pulse,60.0,0.02,0.5,d695e3c87e6723ff,semantic_expanded_left,0.00014388022574579056,0.003856571568243694,,,,,,,,,,,1.0,,,,False,,,,,,,,396.0,396.0,1.0,0.005260117124421029,,,,,,
local_dynamics_counterfactual,expanded_targets_local_fixed,High AD-like perturbation with A1 and expanded target local dynamics held at baseline,1.0,11,pulse,60.0,0.02,0.5,d695e3c87e6723ff,episodic_expanded_left,0.00020351276709325517,0.005454964692181904,,,,,,,,,,,1.0,,,,False,,,,,,,,263.0,263.0,1.0,0.0026723509207496245,,,,,,
local_dynamics_counterfactual,expanded_targets_local_fixed,High AD-like perturbation with A1 and expanded target local dynamics held at baseline,1.0,11,pulse,60.0,0.02,0.5,d695e3c87e6723ff,semantic_expanded_right,0.00013311373821143208,0.0035393176087325584,,,,,,,,,,,1.0,,,,False,,,,,,,,355.0,355.0,1.0,0.004803207165228364,,,,,,
local_dynamics_counterfactual,expanded_targets_local_fixed,High AD-like perturbation with A1 and expanded target local dynamics held at baseline,1.0,11,pulse,60.0,0.02,0.5,d695e3c87e6723ff,episodic_expanded_right,0.0001961340463193125,0.005214943950468159,,,,,,,,,,,1.0,,,,False,,,,,,,,264.0,264.0,1.0,0.0012581901299336608,,,,,,
local_dynamics_counterfactual,expanded_targets_local_fixed,High AD-like perturbation with A1 and expanded target local dynamics held at baseline,1.0,11,pulse,60.0,0.02,0.5,d695e3c87e6723ff,shared_auditory_relay,0.00045450419980771963,0.011729986822774114,,,,,,,,,,,1.0,,,,False,,,,,,,,284.0,284.0,1.0,0.0010440962310467392,,,,,,
local_dynamics_counterfactual,expanded_targets_local_fixed,High AD-like perturbation with A1 and expanded target local dynamics held at baseline,1.0,11,pulse,60.0,0.02,0.5,d695e3c87e6723ff,anterior_temporal_context,0.0005624080069416271,0.013663189665270928,,,,,,,,,,,1.0,,,,False,,,,,,,,505.0,476.0,0.9444444444444444,0.006113421828211245,,,,,,
local_dynamics_counterfactual,expanded_targets_local_fixed,High AD-like perturbation with A1 and expanded target local dynamics held at baseline,1.0,11,pulse,60.0,0.02,0.5,d695e3c87e6723ff,hippocampal_context,0.0005577083013051528,0.012088802793104793,,,,,,,,,,,1.0,,,,False,,,,,,,,690.0,690.0,1.0,0.00524386688440404,,,,,,
local_dynamics_counterfactual,expanded_targets_local_fixed,High AD-like perturbation with A1 and expanded target local dynamics held at baseline,1.0,11,pulse,60.0,0.02,0.5,d695e3c87e6723ff,angular_parietal_context,0.0008110599156614587,0.015186474540269876,,,,,,,,,,,1.0,,,,False,,,,,,,,1064.0,1064.0,1.0,0.00598383240319046,,,,,,
local_dynamics_counterfactual,expanded_targets_local_fixed,High AD-like perturbation with A1 and expanded target local dynamics held at baseline,1.0,11,2Hz,60.0,0.02,0.5,d695e3c87e6723ff,semantic_expanded,0.0005283131110382862,0.012327315875057877,0.005158592630154563,0.010711888832118424,0.0139394045835833,0.012811234341237977,0.016628550977443812,0.0003115611056794127,0.00031972435188239504,0.00022807212824403215,0.00036501778550331835,0.0002671964139768391,1.0,0.00997065032467467,0.01432241121296668,0.522514883290474,False,0.18177113241221657,0.0003115611056794127,0.0170142246802584,0.02017247134313449,0.01592154377797276,0.0042509275651617315,1.0,,,,,0.0004753247317986764,9.322387832005,0.11272441777319044,0.3076923076923077,31.50704754982769,0.9999920223830556
local_dynamics_counterfactual,expanded_targets_local_fixed,High AD-like perturbation with A1 and expanded target local dynamics held at baseline,1.0,11,2Hz,60.0,0.02,0.5,d695e3c87e6723ff,episodic_expanded,0.000598407718759565,0.01418251907052333,0.007069786248680395,0.012940555755906292,0.01517788071694622,0.014306708792580296,0.019568538716756522,0.0006033935415622461,0.0006642143513672238,0.0004718625549293097,0.000591470821930948,0.0005464459580482608,1.0,0.011896475745957723,0.01619289995959949,0.44482713089516845,False,0.15411936476363955,0.000591470821930948,0.032022272537324495,0.037931818959074035,0.02901072405026524,0.008921094908808793,1.0,,,,,0.0013692073072990585,11.695079822605907,0.313465339332744,0.8947368421052632,31.50704754982769,0.9999920223830556
local_dynamics_counterfactual,expanded_targets_local_fixed,High AD-like perturbation with A1 and expanded target local dynamics held at baseline,1.0,11,2Hz,60.0,0.02,0.5,d695e3c87e6723ff,semantic_anatomical_core,0.0005011209067819133,0.011791136846038787,0.004829706773472003,0.01053778070590948,0.01376661103903278,0.012453603267180447,0.015289257401309337,0.00026974524062454644,0.00027327040808784514,0.0001921785289714803,0.0003213550926533209,0.0002317484568926266,1.0,0.00972834769249439,0.013573130922692052,0.48048684958586396,False,0.1783006911952516,0.00026974524062454644,0.015639180289461936,0.018236576458304753,0.014772735091022001,0.0034638413672827516,1.0,,,,,0.0004608065475777967,10.198147667555478,0.088107636541535,0.1,31.50704754982769,0.9999920223830556
local_dynamics_counterfactual,expanded_targets_local_fixed,High AD-like perturbation with A1 and expanded target local dynamics held at baseline,1.0,11,2Hz,60.0,0.02,0.5,d695e3c87e6723ff,episodic_anatomical_core,0.0005862215210993546,0.01376511336325571,0.007005005861343127,0.012724719603380605,0.014568800314004308,0.013714329117531664,0.019104696944230323,0.0006300871008998816,0.0006958535363315402,0.0004918433524800289,0.0006036564081230094,0.0005666901646951725,1.0,0.011672201236880174,0.015620149497541598,0.42033159966115974,False,0.15014943014421112,0.0006036564081230094,0.03445690074719437,0.040415712424531666,0.03132458310709122,0.009091129317440445,1.0,,,,,0.0016572184885022545,11.967531495230928,0.3154905408432057,1.0,31.50704754982769,0.9999920223830556
local_dynamics_counterfactual,expanded_targets_local_fixed,High AD-like perturbation with A1 and expanded target local dynamics held at baseline,1.0,11,2Hz,60.0,0.02,0.5,d695e3c87e6723ff,semantic_platel_peaks,0.0005610361782136398,0.013179467583920693,0.005700632310753792,0.011187592434097294,0.014001476131509387,0.013315084280686137,0.018757405653621474,0.00035499353486508295,0.00037242804787218734,0.00026544863398668915,0.00039750228029149465,0.000288392544591392,1.0,0.010368130149319869,0.015493455843135799,0.579503242393077,False,0.18438474247021908,0.00035499353486508295,0.017713883117469117,0.021642082119367544,0.01634806472155115,0.0052940173978163925,1.0,,,,,0.0005435429048531448,4.664213131932566,0.30826347456075875,0.6,31.50704754982769,0.9999920223830556
local_dynamics_counterfactual,expanded_targets_local_fixed,High AD-like perturbation with A1 and expanded target local dynamics held at baseline,1.0,11,2Hz,60.0,0.02,0.5,d695e3c87e6723ff,episodic_platel_peaks,0.0006752594175957594,0.015950473437092112,0.007822317932085179,0.014685659728954867,0.017642491449705793,0.017524057365118403,0.02047799100109426,0.0005710853158159194,0.0006179870507802955,0.0004377836404330899,0.0005900813562188718,0.0005373897324591805,1.0,0.01320109273265921,0.018340049614758096,0.4743401868728915,False,0.15158704890091712,0.0005710853158159194,0.026818945599949268,0.03122875380266843,0.025014709226656637,0.006214044576011792,1.0,,,,,0.0008524293876572275,8.298269479050568,0.2450953930930168,0.5,31.50704754982769,0.9999920223830556
local_dynamics_counterfactual,expanded_targets_local_fixed,High AD-like perturbation with A1 and expanded target local dynamics held at baseline,1.0,11,2Hz,60.0,0.02,0.5,d695e3c87e6723ff,semantic_expanded_left,0.0005668444285984703,0.013309553799384762,0.005134728705348057,0.011110046279625165,0.014229425380904792,0.013354891832534806,0.01957596889318536,0.00032720389633674135,0.00032303356703917356,0.0002504184044196404,0.0003829450635968465,0.00030119932323277224,1.0,0.010385168449721928,0.015741491808865297,0.6000476532008997,False,0.20634754878139605,0.00032303356703917356,0.015031677414950484,0.020046380257753814,0.01267909608353322,0.0073672841742205945,1.0,,,,,0.00040932914991542724,11.434847416535225,0.1763749708821905,0.42857142857142855,31.50704754982769,0.9999920223830556
local_dynamics_counterfactual,expanded_targets_local_fixed,High AD-like perturbation with A1 and expanded target local dynamics held at baseline,1.0,11,2Hz,60.0,0.02,0.5,d695e3c87e6723ff,episodic_expanded_left,0.0006312198794931985,0.014821094680471837,0.0070423031279834266,0.012869911538286444,0.015735364863508405,0.01430347672985017,0.021640396293541555,0.0006085627610752859,0.0006625071642811009,0.00047431292912032127,0.0006050003342709462,0.0005352780359631081,1.0,0.012190807461357079,0.017110217250628987,0.4890643916175306,False,0.1695789549527818,0.0006050003342709462,0.029076152510147252,0.03701557104888269,0.024783616225022398,0.012231954823860289,1.0,,,,,0.0015025791717961923,12.865005950518304,0.37179141062623033,1.0,31.50704754982769,0.9999920223830556
local_dynamics_counterfactual,expanded_targets_local_fixed,High AD-like perturbation with A1 and expanded target local dynamics held at baseline,1.0,11,2Hz,60.0,0.02,0.5,d695e3c87e6723ff,semantic_expanded_right,0.0004833599072180715,0.011417566582170347,0.00518256746382108,0.010328000393850269,0.013655294921857759,0.012289708325923838,0.014124905342779917,0.0002966661572766799,0.0003164490369331225,0.0002077199389650078,0.0003479297591207903,0.00023703215158590515,1.0,0.009572677456146325,0.013031259390408464,0.44498211338004834,False,0.1571947160430371,0.0002966661572766799,0.018996771945566315,0.02029856242851517,0.019163991472412295,0.0011345709561028754,1.0,,,,,0.0005294286152729422,8.279646922617774,0.10408860329834402,0.16666666666666666,31.50704754982769,0.9999920223830556
local_dynamics_counterfactual,expanded_targets_local_fixed,High AD-like perturbation with A1 and expanded target local dynamics held at baseline,1.0,11,2Hz,60.0,0.02,0.5,d695e3c87e6723ff,episodic_expanded_right,0.0005745443291351044,0.01357145686754053,0.007097376624334941,0.0130115877466253,0.014640147531125256,0.014309941585638416,0.017695041362226868,0.0005982682301423126,0.0006659259376325614,0.00046942483975159364,0.0005782438676124734,0.0005578468851799885,1.0,0.01160925029968488,0.015324762114984741,0.4005898701728079,False,0.13865977457449716,0.0005782438676124734,0.034968392564501745,0.03884806686926539,0.033237831875508085,0.005610234993757304,1.0,,,,,0.0013593644910061542,9.881475964014125,0.31212666518159077,0.8181818181818182,31.50704754982769,0.9999920223830556
local_dynamics_counterfactual,expanded_targets_local_fixed,High AD-like perturbation with A1 and expanded target local dynamics held at baseline,1.0,11,2Hz,60.0,0.02,0.5,d695e3c87e6723ff,shared_auditory_relay,0.006804877417060454,0.06715974561432986,0.03333347904243578,0.054825366269439804,0.0614214808763324,0.07365861648053507,0.09637564320818891,0.0032377190926174315,0.003799073927756367,0.004204089973473517,0.004910975128824122,0.005266207718505834,1.0,0.04905804523221171,0.08048600684577946,0.7142482312436689,False,0.17447020602335786,0.004204089973473517,0.06328419650929135,0.08009826345705753,0.05544404335366355,0.024654220103393985,1.0,,,,,0.0030642111413411444,12.795750450780169,0.38610665384537646,0.7857142857142857,31.50704754982769,0.9999920223830556
local_dynamics_counterfactual,expanded_targets_local_fixed,High AD-like perturbation with A1 and expanded target local dynamics held at baseline,1.0,11,2Hz,60.0,0.02,0.5,d695e3c87e6723ff,anterior_temporal_context,0.01417706317734292,0.2496587121327163,0.07714924193719172,0.1034233619467598,0.15311665121951426,0.23947514797068623,0.43957366227116207,0.00302776594824945,0.004227110008924648,0.004965322127747894,0.012894435946231644,0.013489544755782333,1.0,0.10623824826714623,0.3309261153958399,1.6392058842006267,True,0.3116037980027314,0.004965322127747894,0.047885028675743686,0.07375112974520812,0.03843644138381894,0.03531468836138918,1.0,,,,,0.00019547805020075915,1.0752274979516652,0.2404876924332784,0.4444444444444444,31.50704754982769,0.9999920223830556
local_dynamics_counterfactual,expanded_targets_local_fixed,High AD-like perturbation with A1 and expanded target local dynamics held at baseline,1.0,11,2Hz,60.0,0.02,0.5,d695e3c87e6723ff,hippocampal_context,0.0016819644614824113,0.034011744539587836,0.014426958843251065,0.027293668068135483,0.03653152836422257,0.032235981360317835,0.05143484151552615,0.0005610677377459757,0.0010957117040058608,0.0007352711241603669,0.00043932804999257156,0.0007452890495039451,1.0,0.026670057905278245,0.04013692446193455,0.5897091155355296,False,0.19540315477408543,0.0007352711241603669,0.010994212417132316,0.012314218010700272,0.011073865558627221,0.001240352452073051,1.0,,,,,0.0006517831436301247,6.368619225338083,0.24339565380262196,0.5,31.50704754982769,0.9999920223830556
local_dynamics_counterfactual,expanded_targets_local_fixed,High AD-like perturbation with A1 and expanded target local dynamics held at baseline,1.0,11,2Hz,60.0,0.02,0.5,d695e3c87e6723ff,angular_parietal_context,0.0076612203508090925,0.08301102364221935,0.033098193138228295,0.054000502513118526,0.07391670719635264,0.08702923588775141,0.13035201666862312,0.00151581117557136,0.0020578700322789445,0.001790021305487267,0.003600045048116611,0.0033702447095613893,1.0,0.052305319710702625,0.10344545150880698,0.9838406230702794,False,0.2321852185135873,0.0020578700322789445,0.009088739150610496,0.016659279272122653,0.005889442120773031,0.010769837151349621,1.0,,,,,0.0006632053077009203,5.035952021671239,0.19433994668552934,0.5,31.50704754982769,0.9999920223830556
local_dynamics_counterfactual,expanded_targets_local_fixed,High AD-like perturbation with A1 and expanded target local dynamics held at baseline,1.0,11,5Hz,60.0,0.02,0.5,d695e3c87e6723ff,semantic_expanded,0.0006480854487895669,0.011422427491034615,0.004455155087270004,0.009705787570547481,0.013736279737176262,0.011640040018402704,0.014513971577590351,0.0005408654188517731,0.0005939190025589148,0.0002386025940646009,0.000750167243185203,0.000601952593556304,1.0,0.009555808688281188,0.012996119586278448,0.4436310483026488,False,0.1834984205317224,0.0005939190025589148,0.03838407520604402,0.04215606855447415,0.03705824318523561,0.005097825369238543,1.0,,,,,0.0015824507807249422,1.5631129411479958,0.1620081909318437,0.3076923076923077,31.700963826681686,0.9999542099060206
local_dynamics_counterfactual,expanded_targets_local_fixed,High AD-like perturbation with A1 and expanded target local dynamics held at baseline,1.0,11,5Hz,60.0,0.02,0.5,d695e3c87e6723ff,episodic_expanded,0.0008359936996132403,0.014774645305409636,0.0063278314983897105,0.01181308666512469,0.015485717443072675,0.01423902504976049,0.02165597961720954,0.0009571165556849167,0.0009859918659558067,0.0004864768286417401,0.0006637042162675817,0.0011035504464144757,1.0,0.011506976217771563,0.01741522461593468,0.5978403059587039,False,0.1909714541003964,0.0009571165556849167,0.04989068194642836,0.0683367240655795,0.039923259459690885,0.028413464605888616,1.0,,,,,0.0029190362432151007,4.637644357961618,0.3206539627581662,0.8947368421052632,31.700963826681686,0.9999542099060206
local_dynamics_counterfactual,expanded_targets_local_fixed,High AD-like perturbation with A1 and expanded target local dynamics held at baseline,1.0,11,5Hz,60.0,0.02,0.5,d695e3c87e6723ff,semantic_anatomical_core,0.0006147970576302179,0.010864938316524082,0.004083731993917834,0.009461175613217784,0.013512033189221694,0.011345406770426385,0.013126170103590207,0.0004746762763806714,0.0005487518103111456,0.00020265685055999573,0.0007722818125162695,0.0005108528911548534,1.0,0.009278625860766629,0.012238641563825248,0.39946036694304576,False,0.18154944263556527,0.0005108528911548534,0.03747216457447807,0.037687412261840976,0.03834399712110454,0.0006565848592635648,1.0,,,,,0.001437799630086889,1.3634270768159253,0.1434728064124563,0.3,31.700963826681686,0.9999542099060206
local_dynamics_counterfactual,expanded_targets_local_fixed,High AD-like perturbation with A1 and expanded target local dynamics held at baseline,1.0,11,5Hz,60.0,0.02,0.5,d695e3c87e6723ff,episodic_anatomical_core,0.0008126196623717175,0.014356069836636724,0.006284441021775716,0.01164482967553118,0.014938453840031335,0.013603624480300551,0.021149051585723642,0.0009947056391106897,0.0010152306953380022,0.0005205734503494194,0.0006610047698281479,0.00112223812239538,1.0,0.011306709474332412,0.016851825432017558,0.5757257449260087,False,0.1862887409701111,0.0009947056391106897,0.05289738894363813,0.07206392602451188,0.042393277468167304,0.029670648556344575,1.0,,,,,0.0031672164230882593,5.025337098053537,0.3338251734319168,1.0,31.700963826681686,0.9999542099060206
local_dynamics_counterfactual,expanded_targets_local_fixed,High AD-like perturbation with A1 and expanded target local dynamics held at baseline,1.0,11,5Hz,60.0,0.02,0.5,d695e3c87e6723ff,semantic_platel_peaks,0.000692575843308311,0.012378977755036496,0.004993274971349714,0.010227887607934482,0.013908318475466828,0.012110840152894193,0.01709115176536532,0.0005790434028118804,0.0006328537334097284,0.000296456265218714,0.0006868055947824573,0.0007336720921319374,1.0,0.009974550788729775,0.014344354220866997,0.5241592447366399,False,0.18970867315005366,0.0006328537334097284,0.036533470381914186,0.04505638097920382,0.03251341571777079,0.012542965261433031,1.0,,,,,0.001828866952234276,1.163741212483855,0.1620081909318437,0.2,31.700963826681686,0.9999542099060206
local_dynamics_counterfactual,expanded_targets_local_fixed,High AD-like perturbation with A1 and expanded target local dynamics held at baseline,1.0,11,5Hz,60.0,0.02,0.5,d695e3c87e6723ff,episodic_platel_peaks,0.0009775288902923532,0.01732920960751264,0.006711453956085527,0.012970703584799173,0.017769576376121046,0.01772844471910218,0.02568711688105514,0.000889129043000569,0.0009512780463028477,0.0003677559393645691,0.0007016761149772489,0.0012160925328781186,1.0,0.012480537767963538,0.021086610214597568,0.7566470936840372,False,0.2161752342196589,0.000889129043000569,0.04046490663325496,0.058023591813045804,0.03257413285529695,0.025449458957748854,1.0,,,,,0.0013498999650003451,2.0041706194905338,0.20507087219467723,0.5,31.700963826681686,0.9999542099060206
local_dynamics_counterfactual,expanded_targets_local_fixed,High AD-like perturbation with A1 and expanded target local dynamics held at baseline,1.0,11,5Hz,60.0,0.02,0.5,d695e3c87e6723ff,semantic_expanded_left,0.0006660266910471074,0.011735280380869613,0.004759342037068758,0.010385582687390291,0.014292649753615605,0.011957306072592929,0.014487253721565676,0.0006403194743068523,0.0006738502491287158,0.0003262565147028412,0.0008475974820235619,0.0006120853263197498,1.0,0.010220170575346996,0.013074769283511277,0.3553662138428125,False,0.17076052073731846,0.0006403194743068523,0.03958695183257182,0.044017931280325,0.037007145305449615,0.007010785974875387,1.0,,,,,0.0019240399834863364,1.163741212483855,0.1359199701945168,0.2857142857142857,31.700963826681686,0.9999542099060206
local_dynamics_counterfactual,expanded_targets_local_fixed,High AD-like perturbation with A1 and expanded target local dynamics held at baseline,1.0,11,5Hz,60.0,0.02,0.5,d695e3c87e6723ff,episodic_expanded_left,0.0008358323578834335,0.014727228207242649,0.006586563416405765,0.012024143589509005,0.016086092463724368,0.01417460210940539,0.020953955347916293,0.001002044672597774,0.0009999801935984863,0.0006090329302937446,0.0007181177987148445,0.0009852598705629432,1.0,0.012005877216923004,0.01701468765244171,0.5030398484009663,False,0.17883118151214505,0.0009852598705629432,0.050244794268558254,0.06697237290767247,0.04017655245572814,0.026795820451944327,1.0,,,,,0.0031672164230882593,5.1452264578236715,0.3338251734319168,1.0,31.700963826681686,0.9999542099060206
local_dynamics_counterfactual,expanded_targets_local_fixed,High AD-like perturbation with A1 and expanded target local dynamics held at baseline,1.0,11,5Hz,60.0,0.02,0.5,d695e3c87e6723ff,semantic_expanded_right,0.0006271539994891029,0.011117915001045328,0.004170409837543905,0.009070488888309587,0.013201567537903717,0.011331192060105499,0.014540738707538454,0.0004568585105526805,0.0005234690972611,0.00017449827154014202,0.0006639364848094771,0.0005919876025583286,1.0,0.008934633626105602,0.012917942996810724,0.5318958827624853,False,0.19623632032612634,0.0005234690972611,0.037181198579516225,0.04029420582862331,0.037109341065021596,0.003184864763601712,1.0,,,,,0.001437799630086889,1.7160823848248807,0.18309675812024895,0.3333333333333333,31.700963826681686,0.9999542099060206
local_dynamics_counterfactual,expanded_targets_local_fixed,High AD-like perturbation with A1 and expanded target local dynamics held at baseline,1.0,11,5Hz,60.0,0.02,0.5,d695e3c87e6723ff,episodic_expanded_right,0.0008361110390530998,0.014822215071897297,0.006079263029985861,0.01160573437259204,0.014907749987604097,0.014303740789533304,0.022381523936368962,0.0009142028556384277,0.000972199215499028,0.00038858277284149615,0.0006134136871133077,0.0012360430219143783,1.0,0.011028806915476348,0.017825190483583966,0.6926407635164427,False,0.2031117266886478,0.0009142028556384277,0.04953656962429846,0.06970107522348655,0.03966996646365362,0.030031108759832927,1.0,,,,,0.0022217452831445605,3.404623818133789,0.3064177947894998,0.8181818181818182,31.700963826681686,0.9999542099060206
local_dynamics_counterfactual,expanded_targets_local_fixed,High AD-like perturbation with A1 and expanded target local dynamics held at baseline,1.0,11,5Hz,60.0,0.02,0.5,d695e3c87e6723ff,shared_auditory_relay,0.007689293484350669,0.06399509116126115,0.026830829392059226,0.04424534689451299,0.053756177455689676,0.06340957870942067,0.10094575540226841,0.004478065713661973,0.004465932144109314,0.003728154335911586,0.0045915280064496855,0.007686328507554051,1.0,0.04136887255824402,0.07971260777405276,0.9462622868697834,False,0.21712042176842283,0.004478065713661973,0.07202657123803444,0.0966957575159633,0.05991266353253451,0.036783093983428786,1.0,,,,,0.005782070497912961,6.725212293850171,0.3771169940255636,0.7857142857142857,31.700963826681686,0.9999542099060206
local_dynamics_counterfactual,expanded_targets_local_fixed,High AD-like perturbation with A1 and expanded target local dynamics held at baseline,1.0,11,5Hz,60.0,0.02,0.5,d695e3c87e6723ff,anterior_temporal_context,0.011869489829616114,0.17326982602891602,0.07655909273941978,0.08691178586649173,0.12501965463183998,0.1705937318239642,0.28640308550295773,0.014517251867259048,0.012225533243861678,0.01771027952613031,0.017792393540076328,0.03193112575004766,1.0,0.09621915239635433,0.22474339779090965,1.2238827390576235,True,0.2389871848300672,0.01771027952613031,0.0161961924528218,0.03874471391312168,0.008701182648546713,0.03004353126457497,1.0,,,,,0.002038721082336492,0.40988078211376944,0.2038163234570139,0.2777777777777778,31.700963826681686,0.9999542099060206
local_dynamics_counterfactual,expanded_targets_local_fixed,High AD-like perturbation with A1 and expanded target local dynamics held at baseline,1.0,11,5Hz,60.0,0.02,0.5,d695e3c87e6723ff,hippocampal_context,0.0020662611363181024,0.030874199516316866,0.012323611305183562,0.023506674654447397,0.03599258356858695,0.02883842850055216,0.04365761077008722,0.0008150616511993305,0.0015446421936316593,0.0009462947922463937,0.00036468988350131916,0.0016582655254331839,1.0,0.024716579538639438,0.03586405336463814,0.5370594448438515,False,0.19722691368345033,0.0009462947922463937,0.03074969696396767,0.03531290490658657,0.027671961772250016,0.007640943134336553,1.0,,,,,0.0018271530625367793,2.698717675286817,0.2173533467109579,0.5,31.700963826681686,0.9999542099060206
local_dynamics_counterfactual,expanded_targets_local_fixed,High AD-like perturbation with A1 and expanded target local dynamics held at baseline,1.0,11,5Hz,60.0,0.02,0.5,d695e3c87e6723ff,angular_parietal_context,0.01073607009514682,0.08345835057163395,0.02858250807874456,0.04682467551011207,0.06415706893472367,0.07887669097244213,0.13191636944960747,0.0030318661391890538,0.0035034931858861206,0.0031661863132681984,0.0039224450500972155,0.005847811750003673,1.0,0.045903659237392126,0.10420400466908579,1.1827296543381924,True,0.258258419358986,0.0035034931858861206,0.025671706808585965,0.045326336823398525,0.017317136530097026,0.0280092002933015,1.0,,,,,0.001442514747379331,2.4145699428770175,0.18068096073894493,0.3333333333333333,31.700963826681686,0.9999542099060206
local_dynamics_counterfactual,expanded_targets_local_fixed,High AD-like perturbation with A1 and expanded target local dynamics held at baseline,1.0,23,pulse,60.0,0.02,0.5,d695e3c87e6723ff,semantic_expanded,0.00013741151221055315,0.0036566039431372875,,,,,,,,,,,1.0,,,,False,,,,,,,,380.5,380.5,1.0,0.0076920018311366686,,,,,,
local_dynamics_counterfactual,expanded_targets_local_fixed,High AD-like perturbation with A1 and expanded target local dynamics held at baseline,1.0,23,pulse,60.0,0.02,0.5,d695e3c87e6723ff,episodic_expanded,0.00019848886085785172,0.0053175364256819345,,,,,,,,,,,1.0,,,,False,,,,,,,,270.0,270.0,1.0,0.005599735498138508,,,,,,
local_dynamics_counterfactual,expanded_targets_local_fixed,High AD-like perturbation with A1 and expanded target local dynamics held at baseline,1.0,23,pulse,60.0,0.02,0.5,d695e3c87e6723ff,semantic_anatomical_core,0.00012853489326467257,0.003433197859344145,,,,,,,,,,,1.0,,,,False,,,,,,,,403.0,403.0,1.0,0.008235874262595755,,,,,,
local_dynamics_counterfactual,expanded_targets_local_fixed,High AD-like perturbation with A1 and expanded target local dynamics held at baseline,1.0,23,pulse,60.0,0.02,0.5,d695e3c87e6723ff,episodic_anatomical_core,0.00020333870300138905,0.005432332400544131,,,,,,,,,,,1.0,,,,False,,,,,,,,258.0,258.0,1.0,0.00546746283644035,,,,,,
local_dynamics_counterfactual,expanded_targets_local_fixed,High AD-like perturbation with A1 and expanded target local dynamics held at baseline,1.0,23,pulse,60.0,0.02,0.5,d695e3c87e6723ff,semantic_platel_peaks,0.00014706117029685394,0.003957642549508074,,,,,,,,,,,1.0,,,,False,,,,,,,,344.0,344.0,1.0,0.006597325811473166,,,,,,
local_dynamics_counterfactual,expanded_targets_local_fixed,High AD-like perturbation with A1 and expanded target local dynamics held at baseline,1.0,23,pulse,60.0,0.02,0.5,d695e3c87e6723ff,episodic_platel_peaks,0.00019283407155101464,0.005131424278039753,,,,,,,,,,,1.0,,,,False,,,,,,,,293.0,293.0,1.0,0.010482000125359898,,,,,,
local_dynamics_counterfactual,expanded_targets_local_fixed,High AD-like perturbation with A1 and expanded target local dynamics held at baseline,1.0,23,pulse,60.0,0.02,0.5,d695e3c87e6723ff,semantic_expanded_left,0.00014254671269179798,0.0038233033706973657,,,,,,,,,,,1.0,,,,False,,,,,,,,402.0,402.0,1.0,0.007429410093526446,,,,,,
local_dynamics_counterfactual,expanded_targets_local_fixed,High AD-like perturbation with A1 and expanded target local dynamics held at baseline,1.0,23,pulse,60.0,0.02,0.5,d695e3c87e6723ff,episodic_expanded_left,0.00020279260992530726,0.005439183089099434,,,,,,,,,,,1.0,,,,False,,,,,,,,270.0,270.0,1.0,0.005204643279685198,,,,,,
local_dynamics_counterfactual,expanded_targets_local_fixed,High AD-like perturbation with A1 and expanded target local dynamics held at baseline,1.0,23,pulse,60.0,0.02,0.5,d695e3c87e6723ff,semantic_expanded_right,0.0001314204449824342,0.0034971727588879093,,,,,,,,,,,1.0,,,,False,,,,,,,,359.0,359.0,1.0,0.008274960435502802,,,,,,
local_dynamics_counterfactual,expanded_targets_local_fixed,High AD-like perturbation with A1 and expanded target local dynamics held at baseline,1.0,23,pulse,60.0,0.02,0.5,d695e3c87e6723ff,episodic_expanded_right,0.0001953588615360659,0.0051986103749884745,,,,,,,,,,,1.0,,,,False,,,,,,,,270.0,270.0,1.0,0.0069030374045097875,,,,,,
local_dynamics_counterfactual,expanded_targets_local_fixed,High AD-like perturbation with A1 and expanded target local dynamics held at baseline,1.0,23,pulse,60.0,0.02,0.5,d695e3c87e6723ff,shared_auditory_relay,0.0004242114188420357,0.011078953713054576,,,,,,,,,,,1.0,,,,False,,,,,,,,287.0,253.5,0.9285714285714286,0.0024419162262911114,,,,,,
local_dynamics_counterfactual,expanded_targets_local_fixed,High AD-like perturbation with A1 and expanded target local dynamics held at baseline,1.0,23,pulse,60.0,0.02,0.5,d695e3c87e6723ff,anterior_temporal_context,0.0004504186748403897,0.011383011726711885,,,,,,,,,,,1.0,,,,False,,,,,,,,463.0,458.0,0.9444444444444444,0.011613111329321985,,,,,,
local_dynamics_counterfactual,expanded_targets_local_fixed,High AD-like perturbation with A1 and expanded target local dynamics held at baseline,1.0,23,pulse,60.0,0.02,0.5,d695e3c87e6723ff,hippocampal_context,0.0005588449792208125,0.01210514076445328,,,,,,,,,,,1.0,,,,False,,,,,,,,684.0,684.0,1.0,0.0032942032080300896,,,,,,
local_dynamics_counterfactual,expanded_targets_local_fixed,High AD-like perturbation with A1 and expanded target local dynamics held at baseline,1.0,23,pulse,60.0,0.02,0.5,d695e3c87e6723ff,angular_parietal_context,0.0007458233195647897,0.014433436831177333,,,,,,,,,,,1.0,,,,False,,,,,,,,778.0,778.0,1.0,0.008280262765023121,,,,,,
local_dynamics_counterfactual,expanded_targets_local_fixed,High AD-like perturbation with A1 and expanded target local dynamics held at baseline,1.0,23,2Hz,60.0,0.02,0.5,d695e3c87e6723ff,semantic_expanded,0.001008766172395561,0.02315568125194003,0.0035876249980235147,0.007938856944438286,0.016460731076786354,0.01954893411197147,0.04479007227472459,0.0002938669818045198,0.0004201887104466036,0.0001699786679576375,0.0004783973238463051,0.0004842355461235072,1.0,0.009456582084872838,0.0313535217816957,1.729236756567828,True,0.42921213624595955,0.0004201887104466036,0.015497757992956204,0.015773662649242612,0.01840335402859916,0.0026296913793565496,1.0,,,,,0.00020184828786951048,8.029796916227465,0.2833664904829269,0.7692307692307693,31.502889967380987,0.9999933267135798
local_dynamics_counterfactual,expanded_targets_local_fixed,High AD-like perturbation with A1 and expanded target local dynamics held at baseline,1.0,23,2Hz,60.0,0.02,0.5,d695e3c87e6723ff,episodic_expanded,0.0012528822713007736,0.029831552519398237,0.0047814414697537454,0.00997650961361449,0.01691226654556912,0.02359422610505179,0.060189704505983044,0.0005882126409689795,0.0007342040137652229,0.00042888274968330795,0.0007309005772609014,0.0006423614601573684,1.0,0.010786171614208482,0.04085995648996665,1.921504774553729,True,0.4274912605567856,0.0006423614601573684,0.02157637339689787,0.0359258532989951,0.022175567950370394,0.013750285348624706,1.0,,,,,0.00031072782408592126,11.683620372476188,0.40475529589506126,1.0,31.502889967380987,0.9999933267135798
local_dynamics_counterfactual,expanded_targets_local_fixed,High AD-like perturbation with A1 and expanded target local dynamics held at baseline,1.0,23,2Hz,60.0,0.02,0.5,d695e3c87e6723ff,semantic_anatomical_core,0.0009031206633205158,0.021200013043328088,0.0033559167875309957,0.0077218401262033765,0.01658051871295113,0.01846885599487536,0.04031967723633868,0.0002513565599993784,0.00038624427273465924,0.0001381299819489411,0.0004404176267713049,0.00043583824996067615,1.0,0.009344622031215995,0.028544052979746607,1.61098198159736,True,0.42157441988712796,0.00038624427273465924,0.015039001313542237,0.013416400011242027,0.01830103204770922,0.004884632036467194,1.0,,,,,0.0002273260500338381,8.286199525296084,0.26837741612914295,0.7,31.502889967380987,0.9999933267135798
local_dynamics_counterfactual,expanded_targets_local_fixed,High AD-like perturbation with A1 and expanded target local dynamics held at baseline,1.0,23,2Hz,60.0,0.02,0.5,d695e3c87e6723ff,episodic_anatomical_core,0.0012594136735673963,0.029476852018699696,0.004724372781908584,0.00991364764125834,0.016297618924040056,0.023062815440728718,0.059751147394316556,0.0006158330763153638,0.0007589686837464187,0.00045715273411134225,0.0007475092979726912,0.0006554076106862586,1.0,0.010548971240850486,0.04041042151325687,1.9376250891098719,True,0.42698120836083614,0.0006554076106862586,0.02257307672281621,0.03889317571718087,0.02283793495031932,0.016055240766861552,1.0,,,,,0.00035493497455979517,11.964517867393791,0.4188314902099085,1.0,31.502889967380987,0.9999933267135798
local_dynamics_counterfactual,expanded_targets_local_fixed,High AD-like perturbation with A1 and expanded target local dynamics held at baseline,1.0,23,2Hz,60.0,0.02,0.5,d695e3c87e6723ff,semantic_platel_peaks,0.0011285646328686309,0.025648487299720225,0.004006977577748936,0.008496714717858836,0.01617794422941801,0.021337994445318746,0.050203689172462145,0.00033642705347089707,0.00045119178539968716,0.00018839056113678247,0.0005054376655808355,0.0005230708565577684,1.0,0.00967364106717213,0.03488201802475223,1.8503525927466862,True,0.43114308175214416,0.00045119178539968716,0.015460565321206888,0.017853467413821905,0.017931628275529667,7.816086170776143e-05,1.0,,,,,0.00017772687742023674,4.2454428163426,0.2980010630717556,1.0,31.502889967380987,0.9999933267135798
local_dynamics_counterfactual,expanded_targets_local_fixed,High AD-like perturbation with A1 and expanded target local dynamics held at baseline,1.0,23,2Hz,60.0,0.02,0.5,d695e3c87e6723ff,episodic_platel_peaks,0.0013009076027344804,0.030732580688374884,0.005620981133226365,0.010990767958598656,0.01940681019305423,0.026691623237853044,0.06018966113422407,0.0005469268043929085,0.0007159547328683187,0.0003676988167255665,0.0007142490916323475,0.000642463509067184,1.0,0.012143072595470431,0.04180908052584337,1.7836827987465655,True,0.40606692415994383,0.000642463509067184,0.01717420222583074,0.028017586992082566,0.017478366056370032,0.010539220935712534,1.0,,,,,0.00035365300213713313,7.3019272846263785,0.365365001165898,1.0,31.502889967380987,0.9999933267135798
local_dynamics_counterfactual,expanded_targets_local_fixed,High AD-like perturbation with A1 and expanded target local dynamics held at baseline,1.0,23,2Hz,60.0,0.02,0.5,d695e3c87e6723ff,semantic_expanded_left,0.0011579201575771046,0.02718970273074461,0.0033301055423851306,0.00826372600262779,0.01691140180813583,0.02066326102128888,0.054867338964605356,0.0003124769598781372,0.00042921718048916395,0.00017606249728644734,0.0005197147823949106,0.0005319489291228316,1.0,0.009707906011938309,0.03725747937623819,1.9402980271755181,True,0.47034096151961857,0.00042921718048916395,0.016388674356935435,0.015153016798903293,0.020151026337684737,0.004998009538781444,1.0,,,,,0.00012515419515457538,8.542602134364701,0.28208532363043226,0.5714285714285714,31.502889967380987,0.9999933267135798
local_dynamics_counterfactual,expanded_targets_local_fixed,High AD-like perturbation with A1 and expanded target local dynamics held at baseline,1.0,23,2Hz,60.0,0.02,0.5,d695e3c87e6723ff,episodic_expanded_left,0.0014000939947703657,0.03287630780395326,0.004502998282807247,0.009763181664136452,0.01743180847897083,0.024381288615703132,0.06772330854635451,0.0005972105965719964,0.0007315891586912301,0.0004304774355439591,0.0007659567754104136,0.0006460862928138287,1.0,0.010935197189791425,0.04531116758422814,2.050887430758315,True,0.4570870172353678,0.0006460862928138287,0.02236406147348899,0.034729891186304804,0.02424354950133356,0.010486341684971243,1.0,,,,,0.0002789598772749424,12.946338227769337,0.34053990546543667,1.0,31.502889967380987,0.9999933267135798
local_dynamics_counterfactual,expanded_targets_local_fixed,High AD-like perturbation with A1 and expanded target local dynamics held at baseline,1.0,23,2Hz,60.0,0.02,0.5,d695e3c87e6723ff,semantic_expanded_right,0.0008347531896837602,0.019720170520112303,0.0038650586182996933,0.007626759353373349,0.01602207023736657,0.018494700547046786,0.03656365721817145,0.0002763653455556423,0.0004113501518871217,0.00016410506499658085,0.00044036461385353067,0.0004408018350862906,1.0,0.009211764578062973,0.02638512708248923,1.5181754859601377,True,0.38808331097230075,0.0004113501518871217,0.014606841628976975,0.01639430849958193,0.016655681719513583,0.0002613732199316515,1.0,,,,,0.0002714433725629628,7.0933930110468335,0.29649744752698287,1.0,31.502889967380987,0.9999933267135798
local_dynamics_counterfactual,expanded_targets_local_fixed,High AD-like perturbation with A1 and expanded target local dynamics held at baseline,1.0,23,2Hz,60.0,0.02,0.5,d695e3c87e6723ff,episodic_expanded_right,0.0011458191996865247,0.02706877946953051,0.005077102208981568,0.010194498831887278,0.016408209168510986,0.022832571086409466,0.05349414560923086,0.0005793502543017766,0.0007368282148867573,0.0004272939712704907,0.0006974488260830072,0.0006386581019981591,1.0,0.010639176968822066,0.036846016851331334,1.7921221183491438,True,0.39789550387820344,0.0006386581019981591,0.02078868532030675,0.037121815411685403,0.020107586399407226,0.017014229012278177,1.0,,,,,0.0005074656218199136,9.64865001511394,0.43454314445792597,1.0,31.502889967380987,0.9999933267135798
local_dynamics_counterfactual,expanded_targets_local_fixed,High AD-like perturbation with A1 and expanded target local dynamics held at baseline,1.0,23,2Hz,60.0,0.02,0.5,d695e3c87e6723ff,shared_auditory_relay,0.007832194441240118,0.09832357253521963,0.030071847171205267,0.050764708504202956,0.065611592751898,0.09441221483659452,0.17574599383420259,0.0032797854845499756,0.003919923260871286,0.0042128706197245725,0.004978431499313899,0.00620206879876562,1.0,0.04802371885583801,0.12975718733160338,1.4339954202971594,True,0.29945802278208505,0.0042128706197245725,0.03665552616175403,0.08511577337873844,0.03152963083591316,0.053586142542825274,1.0,,,,,0.0007831123270333196,12.139003160859929,0.46195194644636295,0.7142857142857143,31.502889967380987,0.9999933267135798
local_dynamics_counterfactual,expanded_targets_local_fixed,High AD-like perturbation with A1 and expanded target local dynamics held at baseline,1.0,23,2Hz,60.0,0.02,0.5,d695e3c87e6723ff,anterior_temporal_context,0.025341661299140464,0.4110729246401119,0.06485771650898794,0.1101676988414244,0.21549234520758456,0.32774802559065014,0.7808256943721386,0.002842548300206437,0.005007447398940408,0.006642948117900066,0.014951850804561729,0.01858745579642185,1.0,0.12174817555721842,0.5619062509506588,2.2064292965805237,True,0.43760932929286095,0.006642948117900066,0.02908000727337389,0.07423274123755443,0.023604878413573983,0.05062786282398044,1.0,,,,,0.00015829761724761582,0.8854783143992183,0.2418737966467731,0.4444444444444444,31.502889967380987,0.9999933267135798
local_dynamics_counterfactual,expanded_targets_local_fixed,High AD-like perturbation with A1 and expanded target local dynamics held at baseline,1.0,23,2Hz,60.0,0.02,0.5,d695e3c87e6723ff,hippocampal_context,0.00301999876387676,0.06621267328790002,0.010417402380350773,0.023518705222619552,0.0434685963834103,0.05205671618622942,0.12933840912804326,0.0005459618319689745,0.0011330018290768682,0.0005978039142312386,0.000652246390452797,0.0018110336840525105,1.0,0.025661103930944198,0.08955348844139993,1.8031663956873663,True,0.42072211192570247,0.000652246390452797,0.010750033619843556,0.01154134660101146,0.014425729790918553,0.0028843831899070926,1.0,,,,,0.00016775754334857895,4.805590709530924,0.1816280362860042,0.5,31.502889967380987,0.9999933267135798
local_dynamics_counterfactual,expanded_targets_local_fixed,High AD-like perturbation with A1 and expanded target local dynamics held at baseline,1.0,23,2Hz,60.0,0.02,0.5,d695e3c87e6723ff,angular_parietal_context,0.008250472548149401,0.127302757477705,0.025273869001515764,0.04549471383251625,0.07482700787055933,0.11543009719804538,0.23527332275971602,0.0015100144285342947,0.0020541103858781455,0.0018431002366992378,0.003938443016331867,0.0038761457613147184,1.0,0.04830442330323926,0.17185475183101734,1.8309625333605961,True,0.389024361245736,0.0020541103858781455,0.008172635326535262,0.014130057172902027,0.008496154755540199,0.005633902417361829,1.0,,,,,0.0001628686845815963,5.199831329436991,0.23033783128442614,0.5,31.502889967380987,0.9999933267135798
local_dynamics_counterfactual,expanded_targets_local_fixed,High AD-like perturbation with A1 and expanded target local dynamics held at baseline,1.0,23,5Hz,60.0,0.02,0.5,d695e3c87e6723ff,semantic_expanded,0.004316177658744937,0.07396867895899781,0.0030591593029298176,0.01188189093389191,0.03293033977814479,0.03256111092803424,0.15615654040922833,0.00044165897869791426,0.001584770599013873,0.001832975830079721,0.0022588495097382606,0.015708398641009674,1.0,0.014819464737995728,0.1031777315390768,2.79956638771066,True,0.6400906685747476,0.001832975830079721,0.10580966312472585,0.06849834802437729,0.14147850769987177,0.07298015967549448,1.0,,,,,0.0022252840531280516,10.26078471419753,0.18063805491703175,0.46153846153846156,31.705832990557617,0.9998400611050323
local_dynamics_counterfactual,expanded_targets_local_fixed,High AD-like perturbation with A1 and expanded target local dynamics held at baseline,1.0,23,5Hz,60.0,0.02,0.5,d695e3c87e6723ff,episodic_expanded,0.005219732354689462,0.09281813181926797,0.00391366732099214,0.010657015292966978,0.035603095243306314,0.04265455179704077,0.19703561064571554,0.0008016098313843892,0.0013693058593308254,0.0009979544331084314,0.003579314491032383,0.02119486145763385,1.0,0.014237412663747635,0.13004524640711024,3.191254767689104,True,0.6654239590812421,0.0013693058593308254,0.10661735297881902,0.0768121226455718,0.1435476362122302,0.06673551356665841,1.0,,,,,0.0022421220626872573,12.661405138035363,0.24900819382108777,0.8421052631578947,31.705832990557617,0.9998400611050323
local_dynamics_counterfactual,expanded_targets_local_fixed,High AD-like perturbation with A1 and expanded target local dynamics held at baseline,1.0,23,5Hz,60.0,0.02,0.5,d695e3c87e6723ff,semantic_anatomical_core,0.003946966922167459,0.06913675601563593,0.002894339896859937,0.012561853546535185,0.03258937994545559,0.028649489339086804,0.14588677616429646,0.0004005397765379742,0.0016826990694729968,0.0019717124750225933,0.002006754555434572,0.014267367434275332,1.0,0.015149398118649696,0.09627587185636324,2.6679138058926695,True,0.6250200986444269,0.0019717124750225933,0.10470288683469131,0.06705941296614587,0.1394914450195695,0.07243203205342363,1.0,,,,,0.002077750139416523,9.130363842549897,0.19581223448628765,0.5,31.705832990557617,0.9998400611050323
local_dynamics_counterfactual,expanded_targets_local_fixed,High AD-like perturbation with A1 and expanded target local dynamics held at baseline,1.0,23,5Hz,60.0,0.02,0.5,d695e3c87e6723ff,episodic_anatomical_core,0.005224404955213407,0.09133473056374034,0.003857886755433645,0.010162064272796862,0.03467349275531087,0.04249104628367108,0.19388713488034529,0.0008345037648244597,0.0013109806632744011,0.0008776276792711292,0.003588265091420868,0.020855094949607755,1.0,0.0136395186397406,0.12801984710276518,3.2305028552957626,True,0.6683245160465464,0.0013109806632744011,0.10669159143923804,0.07826830023574119,0.14368266235287364,0.06541436211713245,1.0,,,,,0.0022584568546316075,12.780672348517395,0.2505763138206046,0.9375,31.705832990557617,0.9998400611050323
local_dynamics_counterfactual,expanded_targets_local_fixed,High AD-like perturbation with A1 and expanded target local dynamics held at baseline,1.0,23,5Hz,60.0,0.02,0.5,d695e3c87e6723ff,semantic_platel_peaks,0.004694148394432407,0.07976584878523406,0.0033354731004174437,0.010959244064950116,0.03300359050092554,0.037862110736997516,0.1684009904748874,0.00046407716185559536,0.0013975047583584508,0.0016874762942855452,0.0021162021628007214,0.01627981556459039,1.0,0.014290847216662359,0.11146106932096231,2.963376546718091,True,0.6552168682970672,0.0016874762942855452,0.10434717104747092,0.0693791014442951,0.1400024772088448,0.07062337576454969,1.0,,,,,0.0019302162257049948,7.999942970902266,0.16142476048554255,0.4,31.705832990557617,0.9998400611050323
local_dynamics_counterfactual,expanded_targets_local_fixed,High AD-like perturbation with A1 and expanded target local dynamics held at baseline,1.0,23,5Hz,60.0,0.02,0.5,d695e3c87e6723ff,episodic_platel_peaks,0.005492100435349621,0.09707581037234846,0.004570338056370301,0.013405666849600815,0.0383258436279673,0.04300231099000675,0.20704948838475248,0.0007678121338792619,0.0017105277187421043,0.0014509684812374678,0.0031376417526779755,0.021234869204150745,1.0,0.016682982292126922,0.13596562262152054,3.0267928116013048,True,0.6342316549645983,0.0017105277187421043,0.0934880339203263,0.07382329474668735,0.12432875296785711,0.050505458221169766,1.0,,,,,0.002239553208351952,11.536023204785092,0.20412501611067618,0.5,31.705832990557617,0.9998400611050323
local_dynamics_counterfactual,expanded_targets_local_fixed,High AD-like perturbation with A1 and expanded target local dynamics held at baseline,1.0,23,5Hz,60.0,0.02,0.5,d695e3c87e6723ff,semantic_expanded_left,0.004962882317855884,0.08690948761128411,0.003064569459679907,0.012744795909118272,0.03656933888327534,0.037936566790695375,0.18313020854825993,0.0004713318695090309,0.001768325303756942,0.0019802769279622804,0.004586992591510661,0.023181225113279934,1.0,0.016053780614859074,0.12124797037133649,2.916975604911315,True,0.668788200425718,0.0019802769279622804,0.12258325885878543,0.07387431061859881,0.1650294435936408,0.09115513297504199,1.0,,,,,0.0029115544595799125,11.753334575883763,0.18063805491703175,0.42857142857142855,31.705832990557617,0.9998400611050323
local_dynamics_counterfactual,expanded_targets_local_fixed,High AD-like perturbation with A1 and expanded target local dynamics held at baseline,1.0,23,5Hz,60.0,0.02,0.5,d695e3c87e6723ff,episodic_expanded_left,0.005810877383929893,0.10175949048647402,0.0037394802147670855,0.010180707203799265,0.03855637486661594,0.04678990833221349,0.2151193725842438,0.000801881780696144,0.0012935026098036323,0.0009527311842323545,0.004770971528857448,0.024440219841269022,1.0,0.014628516824620451,0.14249778729402152,3.284084109145221,True,0.6946335702151322,0.0012935026098036323,0.1198663620488389,0.07507322166948843,0.1629748499000128,0.08790162823052436,1.0,,,,,0.0025331343891085156,12.903169835539913,0.23461265028736983,0.875,31.705832990557617,0.9998400611050323
local_dynamics_counterfactual,expanded_targets_local_fixed,High AD-like perturbation with A1 and expanded target local dynamics held at baseline,1.0,23,5Hz,60.0,0.02,0.5,d695e3c87e6723ff,semantic_expanded_right,0.0035616888897821663,0.06295475462254245,0.0030537586972101244,0.01107741019720025,0.029653455901003694,0.027947335105921883,0.13315588567220396,0.00041385415687607605,0.001420269136093296,0.0016966315903673645,0.0011123630583332548,0.010644553368472129,1.0,0.01368005084842295,0.08780059784049364,2.682157170510005,True,0.6113931367237773,0.001420269136093296,0.08903606739066627,0.06312238543015576,0.11792757180610276,0.054805186375947,1.0,,,,,0.0015170161429797768,7.732135985346045,0.1922084951965079,0.5,31.705832990557617,0.9998400611050323
local_dynamics_counterfactual,expanded_targets_local_fixed,High AD-like perturbation with A1 and expanded target local dynamics held at baseline,1.0,23,5Hz,60.0,0.02,0.5,d695e3c87e6723ff,episodic_expanded_right,0.0047898086970600585,0.08466242856791964,0.004095968161274469,0.011155607629315674,0.03287602621587426,0.03888468376745723,0.18047203929681582,0.0008013379743012272,0.0014495514134929928,0.0010453242919336247,0.0026853004986979036,0.018380446457758517,1.0,0.013856764960387636,0.11868090329144045,3.098425426232986,True,0.6362143479473515,0.0014495514134929928,0.09336834390879917,0.07855102362165516,0.1241204225244476,0.04556939890279245,1.0,,,,,0.0021892773352735206,12.40523968627244,0.24900819382108777,0.8181818181818182,31.705832990557617,0.9998400611050323
local_dynamics_counterfactual,expanded_targets_local_fixed,High AD-like perturbation with A1 and expanded target local dynamics held at baseline,1.0,23,5Hz,60.0,0.02,0.5,d695e3c87e6723ff,shared_auditory_relay,0.013336453879586438,0.18077522289959025,0.02314390234741877,0.04339778817468554,0.0830575645843085,0.11184722942063406,0.35336934930159003,0.004117160334686866,0.004861520936030814,0.004152845600030518,0.008059419142702692,0.04594021687541497,1.0,0.04611738848855525,0.24608515978335802,2.415774934163061,True,0.4615390911424145,0.004861520936030814,0.09451614761929215,0.09893808454511802,0.12290616176001301,0.023968077214894995,1.0,,,,,0.0029104909977539783,12.400297489489144,0.3186304949936668,0.7857142857142857,31.705832990557617,0.9998400611050323
local_dynamics_counterfactual,expanded_targets_local_fixed,High AD-like perturbation with A1 and expanded target local dynamics held at baseline,1.0,23,5Hz,60.0,0.02,0.5,d695e3c87e6723ff,anterior_temporal_context,0.08720858304930917,0.8161198836287074,0.05769039144191822,0.08925305972469869,0.34815202677353985,0.6797478788068813,1.5929756792932916,0.009529881128114037,0.01479739953389179,0.046217468672733825,0.10157049065231384,0.4185717741089852,1.0,0.15069638276003394,1.1317627662448209,2.9088548874877835,True,0.6251762483799008,0.046217468672733825,0.06850565792901887,0.043552195735198106,0.09581353617117166,0.05226134043597356,1.0,,,,,0.008246514609965505,7.035031262997502,0.24554059775826176,0.6111111111111112,31.705832990557617,0.9998400611050323
local_dynamics_counterfactual,expanded_targets_local_fixed,High AD-like perturbation with A1 and expanded target local dynamics held at baseline,1.0,23,5Hz,60.0,0.02,0.5,d695e3c87e6723ff,hippocampal_context,0.010444442510585971,0.17806411944693343,0.008157370004070692,0.019790955517810693,0.08151146489173894,0.10913066327232533,0.36706273062678774,0.0006849544650675141,0.0016602549983298917,0.002123974496523503,0.0047598514109647725,0.026473447313641207,1.0,0.030436033266511953,0.24893245904973738,3.03190211040557,True,0.6723350412429074,0.002123974496523503,0.09000837218324483,0.03789748203300235,0.12460460298124676,0.08670712094824441,1.0,,,,,0.0015907311142926983,11.591476088108628,0.11986928157922272,0.5,31.705832990557617,0.9998400611050323
local_dynamics_counterfactual,expanded_targets_local_fixed,High AD-like perturbation with A1 and expanded target local dynamics held at baseline,1.0,23,5Hz,60.0,0.02,0.5,d695e3c87e6723ff,angular_parietal_context,0.02277191698354451,0.30587175277004236,0.020459910945468375,0.04293877143012401,0.11901551788175488,0.21013722748054928,0.6098529545898026,0.002510873518932364,0.004348391400381781,0.004908316764769508,0.01658003216874683,0.05539178089513323,1.0,0.05292523960686036,0.4244253483441617,3.003483021393713,True,0.6043079132432089,0.004908316764769508,0.08133485806461391,0.054765124837282866,0.10829248900117316,0.0535273641638903,1.0,,,,,0.002530644193267928,12.552553298473764,0.1312327677751054,0.0,31.705832990557617,0.9998400611050323
local_dynamics_counterfactual,expanded_targets_local_fixed,High AD-like perturbation with A1 and expanded target local dynamics held at baseline,1.0,37,pulse,60.0,0.02,0.5,d695e3c87e6723ff,semantic_expanded,0.00018690945490932575,0.00495058293933762,,,,,,,,,,,1.0,,,,False,,,,,,,,1524.5,1524.5,1.0,0.03844720781426671,,,,,,
local_dynamics_counterfactual,expanded_targets_local_fixed,High AD-like perturbation with A1 and expanded target local dynamics held at baseline,1.0,37,pulse,60.0,0.02,0.5,d695e3c87e6723ff,episodic_expanded,0.00022282920449510292,0.005956110013113824,,,,,,,,,,,1.0,,,,False,,,,,,,,360.5,360.5,1.0,0.03855879048221113,,,,,,
local_dynamics_counterfactual,expanded_targets_local_fixed,High AD-like perturbation with A1 and expanded target local dynamics held at baseline,1.0,37,pulse,60.0,0.02,0.5,d695e3c87e6723ff,semantic_anatomical_core,0.0001860362963568654,0.004951755060305577,,,,,,,,,,,1.0,,,,False,,,,,,,,1638.0,1638.0,1.0,0.048432904835730775,,,,,,
local_dynamics_counterfactual,expanded_targets_local_fixed,High AD-like perturbation with A1 and expanded target local dynamics held at baseline,1.0,37,pulse,60.0,0.02,0.5,d695e3c87e6723ff,episodic_anatomical_core,0.00022396583166993638,0.005974644494739239,,,,,,,,,,,1.0,,,,False,,,,,,,,330.0,330.0,1.0,0.034955707143649,,,,,,
local_dynamics_counterfactual,expanded_targets_local_fixed,High AD-like perturbation with A1 and expanded target local dynamics held at baseline,1.0,37,pulse,60.0,0.02,0.5,d695e3c87e6723ff,semantic_platel_peaks,0.00018241009957438008,0.004911955206143464,,,,,,,,,,,1.0,,,,False,,,,,,,,770.5,770.5,1.0,0.03305994548065896,,,,,,
local_dynamics_counterfactual,expanded_targets_local_fixed,High AD-like perturbation with A1 and expanded target local dynamics held at baseline,1.0,37,pulse,60.0,0.02,0.5,d695e3c87e6723ff,episodic_platel_peaks,0.00023106518267910578,0.006139074039244121,,,,,,,,,,,1.0,,,,False,,,,,,,,740.0,740.0,1.0,0.0472670588271861,,,,,,
local_dynamics_counterfactual,expanded_targets_local_fixed,High AD-like perturbation with A1 and expanded target local dynamics held at baseline,1.0,37,pulse,60.0,0.02,0.5,d695e3c87e6723ff,semantic_expanded_left,0.00019817887390660726,0.005308722390530823,,,,,,,,,,,1.0,,,,False,,,,,,,,1514.0,1514.0,1.0,0.03334024074271059,,,,,,
local_dynamics_counterfactual,expanded_targets_local_fixed,High AD-like perturbation with A1 and expanded target local dynamics held at baseline,1.0,37,pulse,60.0,0.02,0.5,d695e3c87e6723ff,episodic_expanded_left,0.0002261263613226827,0.006057366528425743,,,,,,,,,,,1.0,,,,False,,,,,,,,359.0,359.0,1.0,0.03656446344036572,,,,,,
local_dynamics_counterfactual,expanded_targets_local_fixed,High AD-like perturbation with A1 and expanded target local dynamics held at baseline,1.0,37,pulse,60.0,0.02,0.5,d695e3c87e6723ff,semantic_expanded_right,0.00017376179941249736,0.00461660445514653,,,,,,,,,,,1.0,,,,False,,,,,,,,1535.0,1535.0,1.0,0.04734486092219892,,,,,,
local_dynamics_counterfactual,expanded_targets_local_fixed,High AD-like perturbation with A1 and expanded target local dynamics held at baseline,1.0,37,pulse,60.0,0.02,0.5,d695e3c87e6723ff,episodic_expanded_right,0.00022043127225686307,0.005856546128063753,,,,,,,,,,,1.0,,,,False,,,,,,,,362.0,362.0,1.0,0.03855879048221113,,,,,,
local_dynamics_counterfactual,expanded_targets_local_fixed,High AD-like perturbation with A1 and expanded target local dynamics held at baseline,1.0,37,pulse,60.0,0.02,0.5,d695e3c87e6723ff,shared_auditory_relay,0.0006181773567082163,0.014892154670956729,,,,,,,,,,,1.0,,,,False,,,,,,,,326.0,326.0,1.0,0.018689929098942175,,,,,,
local_dynamics_counterfactual,expanded_targets_local_fixed,High AD-like perturbation with A1 and expanded target local dynamics held at baseline,1.0,37,pulse,60.0,0.02,0.5,d695e3c87e6723ff,anterior_temporal_context,0.0007889093743932919,0.018879539225778227,,,,,,,,,,,1.0,,,,False,,,,,,,,809.0,719.0,0.8888888888888888,0.04479838211000027,,,,,,
local_dynamics_counterfactual,expanded_targets_local_fixed,High AD-like perturbation with A1 and expanded target local dynamics held at baseline,1.0,37,pulse,60.0,0.02,0.5,d695e3c87e6723ff,hippocampal_context,0.0006117222681313912,0.013280434619926071,,,,,,,,,,,1.0,,,,False,,,,,,,,833.0,833.0,1.0,0.04679250062391961,,,,,,
local_dynamics_counterfactual,expanded_targets_local_fixed,High AD-like perturbation with A1 and expanded target local dynamics held at baseline,1.0,37,pulse,60.0,0.02,0.5,d695e3c87e6723ff,angular_parietal_context,0.0008505001408176481,0.01646929937497329,,,,,,,,,,,1.0,,,,False,,,,,,,,1091.0,1091.0,1.0,0.04007972244743063,,,,,,
local_dynamics_counterfactual,expanded_targets_local_fixed,High AD-like perturbation with A1 and expanded target local dynamics held at baseline,1.0,37,2Hz,60.0,0.02,0.5,d695e3c87e6723ff,semantic_expanded,0.0004106702986384073,0.009604778721693288,0.006089660902787739,0.006591994074066022,0.009372507965433107,0.01410390545321316,0.010137952686096952,0.00028376530991795984,0.0002961445139472322,0.00020414365717088444,0.00032422106462426826,0.00034532821233042586,1.0,0.006921548642716544,0.011677568714472685,0.7545731635383778,False,0.12839864645923843,0.0002961445139472322,0.023606873182085167,0.02708297481299231,0.023949377026303398,0.003133597786688914,1.0,,,,,0.0010672883707677494,9.637520166012628,0.1318974164383782,0.23076923076923078,31.506478746022303,0.9999918129805084
local_dynamics_counterfactual,expanded_targets_local_fixed,High AD-like perturbation with A1 and expanded target local dynamics held at baseline,1.0,37,2Hz,60.0,0.02,0.5,d695e3c87e6723ff,episodic_expanded,0.0005315758668618362,0.012571674208981148,0.00791944860173569,0.0070901825899683055,0.011166825846942756,0.018481799126076996,0.01522156644469831,0.000567103717782649,0.0006214706915355934,0.0004109008674095194,0.0006025813822108621,0.0006616926336737219,1.0,0.008116508773025128,0.015840352509956006,0.9646732348518134,False,0.1633750202466947,0.0006025813822108621,0.04080438166405055,0.054923672075490544,0.03772686407356207,0.017196808001928472,1.0,,,,,0.0020025984037749245,11.977805947847422,0.23545093268021672,0.7894736842105263,31.506478746022303,0.9999918129805084
local_dynamics_counterfactual,expanded_targets_local_fixed,High AD-like perturbation with A1 and expanded target local dynamics held at baseline,1.0,37,2Hz,60.0,0.02,0.5,d695e3c87e6723ff,semantic_anatomical_core,0.0003765020929359567,0.008866375113551215,0.0058575444206034714,0.0067289178022379,0.008734109718383211,0.013306670678176211,0.00849281688891075,0.00024497936643176404,0.000254611740743024,0.00018395064968911885,0.00028261402005855875,0.0003127296272905176,1.0,0.00675118112921225,0.010585579972954062,0.6488884842689775,False,0.10277987809443467,0.000254611740743024,0.022101400368305137,0.02368671788629762,0.023087961842515145,0.0005987560437824765,1.0,,,,,0.0009819860609962539,10.732595479590387,0.1217532645460185,0.1,31.506478746022303,0.9999918129805084
local_dynamics_counterfactual,expanded_targets_local_fixed,High AD-like perturbation with A1 and expanded target local dynamics held at baseline,1.0,37,2Hz,60.0,0.02,0.5,d695e3c87e6723ff,episodic_anatomical_core,0.0005251849486554938,0.012355514714328213,0.007793620466227698,0.00689183440674772,0.010766419660502194,0.01834411106772621,0.014983091763632212,0.0005958249045143097,0.0006513594061250129,0.0004369632142156694,0.0006285037015474886,0.000676580953869353,1.0,0.007914994083520591,0.015608308333905974,0.9796540059642838,False,0.16491482990912593,0.0006285037015474886,0.043561881476595364,0.05915297756569629,0.039931997262404845,0.019220980303291446,1.0,,,,,0.002165924019205956,12.355802415749727,0.2474981731827163,0.875,31.506478746022303,0.9999918129805084
local_dynamics_counterfactual,expanded_targets_local_fixed,High AD-like perturbation with A1 and expanded target local dynamics held at baseline,1.0,37,2Hz,60.0,0.02,0.5,d695e3c87e6723ff,semantic_platel_peaks,0.00046110252581998203,0.01083684329485374,0.006483513623871784,0.006452753419770974,0.01037342775631483,0.015373831968620596,0.012894293979890054,0.0003209024438178707,0.00033801132410353604,0.00021143882372762137,0.0003642498522622689,0.00036457644994640297,1.0,0.007246113424868835,0.013458242211612945,0.8932106971873481,False,0.16181300103363708,0.00033801132410353604,0.02362606794354868,0.03000806560265979,0.02296620130774895,0.007041864294910841,1.0,,,,,0.0010672883707677494,5.404308223732696,0.17485570815356963,0.4,31.506478746022303,0.9999918129805084
local_dynamics_counterfactual,expanded_targets_local_fixed,High AD-like perturbation with A1 and expanded target local dynamics held at baseline,1.0,37,2Hz,60.0,0.02,0.5,d695e3c87e6723ff,episodic_platel_peaks,0.0006062725206835797,0.014322003735492406,0.009222134267077834,0.008408858487186888,0.013477720116361122,0.019751171892856353,0.017870891036678105,0.0005157345862051004,0.0005726574001310435,0.00034958477637812683,0.0005697044259096832,0.0006478233350325006,1.0,0.009429222689212863,0.017923445366774683,0.9266372383344432,False,0.15704171848045212,0.0005697044259096832,0.028779905296106086,0.04195287759556436,0.02539613206212765,0.016556745533436713,1.0,,,,,0.0013783928688039793,8.926395570950435,0.1738495732744833,0.5,31.506478746022303,0.9999918129805084
local_dynamics_counterfactual,expanded_targets_local_fixed,High AD-like perturbation with A1 and expanded target local dynamics held at baseline,1.0,37,2Hz,60.0,0.02,0.5,d695e3c87e6723ff,semantic_expanded_left,0.000434796834901009,0.010208963415346438,0.00595161077008586,0.006473643939359854,0.009623063256933897,0.014976949652538214,0.011749456381209864,0.00030465695401381596,0.00030460215806034905,0.00021868338156644007,0.0003146426945441941,0.00038931326598686086,1.0,0.006948317738568723,0.012646956046546162,0.8640545558153361,False,0.15862888738561073,0.00030465695401381596,0.025712263728513114,0.027980256575521643,0.027275868941550988,0.0007043876339706545,1.0,,,,,0.0010672883707677494,11.827670793168148,0.17017214038064774,0.2857142857142857,31.506478746022303,0.9999918129805084
local_dynamics_counterfactual,expanded_targets_local_fixed,High AD-like perturbation with A1 and expanded target local dynamics held at baseline,1.0,37,2Hz,60.0,0.02,0.5,d695e3c87e6723ff,episodic_expanded_left,0.0005495275489050877,0.012902823093857853,0.007641937824901853,0.006860446028581684,0.011549109723067314,0.01920289880540945,0.015781056818298007,0.0005777279704601738,0.0006293520086114892,0.00040614404483807606,0.0005986415691336891,0.0006854109998205148,1.0,0.00810526567833737,0.016378575134084573,1.014878473156295,True,0.17886583128302191,0.0005986415691336891,0.04249435731429918,0.05442273293014146,0.04127553747559782,0.01314719545454364,1.0,,,,,0.0020690007221872975,12.924829444622269,0.25562891063211246,1.0,31.506478746022303,0.9999918129805084
local_dynamics_counterfactual,expanded_targets_local_fixed,High AD-like perturbation with A1 and expanded target local dynamics held at baseline,1.0,37,2Hz,60.0,0.02,0.5,d695e3c87e6723ff,semantic_expanded_right,0.00038252267299870537,0.009036350757611332,0.006230913166790748,0.0067125078672180686,0.00912847637147258,0.013281753203961928,0.008747475741082512,0.0002643062961536207,0.00028792170646298063,0.00019057064356964897,0.00033409101996909415,0.0003063126398455492,1.0,0.006894882677509752,0.010782484779685164,0.6450917712614193,False,0.09816840553286582,0.00028792170646298063,0.02150148263565722,0.02618569305046298,0.020622885111055807,0.005562807939407173,1.0,,,,,0.0010822892011157492,9.047821080283175,0.10955755378631539,0.16666666666666666,31.506478746022303,0.9999918129805084
local_dynamics_counterfactual,expanded_targets_local_fixed,High AD-like perturbation with A1 and expanded target local dynamics held at baseline,1.0,37,2Hz,60.0,0.02,0.5,d695e3c87e6723ff,episodic_expanded_right,0.0005185200981031076,0.012249024207113022,0.008207036957453775,0.0073276123665508295,0.01079719584331998,0.017787777897389032,0.01468191184520138,0.0005566748420830918,0.0006136880714655076,0.0004157134026308554,0.0006065471242042403,0.0006387950318461771,1.0,0.00812776746339885,0.015319816625409627,0.9144679965473315,False,0.14788420921036735,0.0006065471242042403,0.03911440601380192,0.05542461122083963,0.03417819067152633,0.021246420549313298,1.0,,,,,0.0018878258330597975,10.778177117595513,0.22417512869443218,0.6363636363636364,31.506478746022303,0.9999918129805084
local_dynamics_counterfactual,expanded_targets_local_fixed,High AD-like perturbation with A1 and expanded target local dynamics held at baseline,1.0,37,2Hz,60.0,0.02,0.5,d695e3c87e6723ff,shared_auditory_relay,0.006680018022710747,0.06491421106548688,0.03482849188036795,0.040857228524608484,0.05415701230549569,0.08582278721897726,0.08995254366402025,0.0031137236362155387,0.003538457335823919,0.0042137579427501196,0.005098694506612446,0.005510241166189062,1.0,0.04055225052915218,0.08219617342082039,1.0192892499770632,True,0.19042807800013367,0.0042137579427501196,0.07247855861278264,0.10809718434935568,0.06098292492050621,0.047114259428849475,1.0,,,,,0.0037190292602609087,13.208765319461346,0.3387277912582377,0.7142857142857143,31.506478746022303,0.9999918129805084
local_dynamics_counterfactual,expanded_targets_local_fixed,High AD-like perturbation with A1 and expanded target local dynamics held at baseline,1.0,37,2Hz,60.0,0.02,0.5,d695e3c87e6723ff,anterior_temporal_context,0.010555950249412787,0.22622036422751007,0.0749563407346215,0.11804878896067462,0.21080582509846718,0.2782232388496375,0.29449160215456294,0.003062828871281036,0.004100978235100442,0.006485950875128091,0.008772712039641365,0.010155532518131467,1.0,0.11953116674918894,0.29644615727346213,1.31038325781625,True,0.25925339077124887,0.006485950875128091,0.05549365713666583,0.08253636172452686,0.04623976191566925,0.036296599808857605,1.0,,,,,0.00031502355536527915,0.44306061114147566,0.2129922675177746,0.3333333333333333,31.506478746022303,0.9999918129805084
local_dynamics_counterfactual,expanded_targets_local_fixed,High AD-like perturbation with A1 and expanded target local dynamics held at baseline,1.0,37,2Hz,60.0,0.02,0.5,d695e3c87e6723ff,hippocampal_context,0.0013947083320250365,0.028900292170116835,0.016328049076885228,0.018323562403190042,0.024760389541141823,0.03674402727890558,0.040168491371069655,0.0005346010441233459,0.0008425287018382897,0.00030640771663702476,0.0005010709666051778,0.0008228144087831424,1.0,0.019560982271201593,0.03550594123287758,0.8600816336865394,False,0.1800616727226038,0.0005346010441233459,0.01722068897454912,0.02218598283086935,0.01857280442554235,0.0036131784053269993,1.0,,,,,0.0008437785999452774,7.800934634428124,0.1492140332215555,0.5,31.506478746022303,0.9999918129805084
local_dynamics_counterfactual,expanded_targets_local_fixed,High AD-like perturbation with A1 and expanded target local dynamics held at baseline,1.0,37,2Hz,60.0,0.02,0.5,d695e3c87e6723ff,angular_parietal_context,0.0066640001893333856,0.07345978770717952,0.033354230597981024,0.0390270434311776,0.07102706444335496,0.10031914259133075,0.09913371813767953,0.0014921040433542494,0.00231329961645638,0.0013032825201001938,0.003937018749294415,0.002271377669480618,1.0,0.04307151686451255,0.09468465854413746,1.1363965569478862,True,0.2252531501942576,0.002271377669480618,0.01836932114348272,0.022808993847510606,0.01925056309500145,0.003558430752509157,1.0,,,,,0.0006329437104649616,6.009028480219564,0.14907602075229598,0.3333333333333333,31.506478746022303,0.9999918129805084
local_dynamics_counterfactual,expanded_targets_local_fixed,High AD-like perturbation with A1 and expanded target local dynamics held at baseline,1.0,37,5Hz,60.0,0.02,0.5,d695e3c87e6723ff,semantic_expanded,0.0005307016629230779,0.009335856042450675,0.007873299541515,0.006235610323506433,0.008418828992952597,0.0126871412194609,0.009638854535618285,0.0005798034854428048,0.0005408931392720228,0.0003234477091588888,0.00020816547604596725,0.0011251296832759652,1.0,0.006793458332422961,0.01125720098504222,0.7286300606710392,False,0.08042755153361002,0.0005408931392720228,0.048541964722996475,0.07143527565615479,0.03775088938366285,0.03368438627249194,1.0,,,,,0.0024565821607724914,1.631835131598609,0.12717081517628975,0.07692307692307693,31.718844092163764,0.9999517351879927
local_dynamics_counterfactual,expanded_targets_local_fixed,High AD-like perturbation with A1 and expanded target local dynamics held at baseline,1.0,37,5Hz,60.0,0.02,0.5,d695e3c87e6723ff,episodic_expanded,0.0006960819996909989,0.01235029764517957,0.009229227956271407,0.00668181146539665,0.011067170352023118,0.016535680310865563,0.01512313308888251,0.0008098844800482043,0.0007609302274339894,0.0005926878130366863,0.0005553060252048714,0.0016513791133762885,1.0,0.007808908974349239,0.015591354143910042,0.9975533340667571,False,0.13661107932876712,0.0007609302274339894,0.06401753782313271,0.09777296682867431,0.05217403819329469,0.04559892863537962,1.0,,,,,0.004472821215057321,6.022098687761255,0.27199519435878106,0.6842105263157895,31.718844092163764,0.9999517351879927
local_dynamics_counterfactual,expanded_targets_local_fixed,High AD-like perturbation with A1 and expanded target local dynamics held at baseline,1.0,37,5Hz,60.0,0.02,0.5,d695e3c87e6723ff,semantic_anatomical_core,0.00048255407959714653,0.00852679672447978,0.00787762264089953,0.006278630051779173,0.007565389249262905,0.01195324546072571,0.007716231563084359,0.0005780849053749747,0.0005380046085836502,0.00027428661893728467,0.0001566546759691402,0.0010446705904872899,1.0,0.00670218152180344,0.009992041191775937,0.5761486634020718,False,0.04345764634596683,0.0005380046085836502,0.04842675497963093,0.06869750717739312,0.03739969696533496,0.03129781021205816,1.0,,,,,0.002543811979858146,0.31036838439416997,0.11612890112154453,0.0,31.718844092163764,0.9999517351879927
local_dynamics_counterfactual,expanded_targets_local_fixed,High AD-like perturbation with A1 and expanded target local dynamics held at baseline,1.0,37,5Hz,60.0,0.02,0.5,d695e3c87e6723ff,episodic_anatomical_core,0.0006835871940887304,0.012063907953614499,0.0089857940441194,0.006424365622015178,0.010682030920617811,0.016331622709444396,0.014821505277527947,0.0008334766462043549,0.000779959571874514,0.0006267601758852825,0.0006093239752033749,0.0016589323917000562,1.0,0.007549899159008611,0.015281390825319638,1.0172465750735427,True,0.13949951939372873,0.000779959571874514,0.06808487165705615,0.1030248641342072,0.05616422052020506,0.046860643614002134,1.0,,,,,0.004809737645835699,6.124245241128378,0.2784804516205788,0.8125,31.718844092163764,0.9999517351879927
local_dynamics_counterfactual,expanded_targets_local_fixed,High AD-like perturbation with A1 and expanded target local dynamics held at baseline,1.0,37,5Hz,60.0,0.02,0.5,d695e3c87e6723ff,semantic_platel_peaks,0.0006001513548867614,0.010614067652627752,0.007919105960231404,0.006180138979524181,0.00986233767867742,0.013785365894328152,0.01258163062109288,0.0005511465560344781,0.0005126027040484455,0.0003780855381927954,0.0002525380646824364,0.0011218844368295535,1.0,0.0069836730038714085,0.01320691746237343,0.919235861713249,False,0.12466226296547074,0.0005126027040484455,0.045016534847867905,0.07239730995500829,0.03387244723080506,0.038524862724203225,1.0,,,,,0.0023562885848914528,2.238321361142939,0.10508698706679932,0.2,31.718844092163764,0.9999517351879927
local_dynamics_counterfactual,expanded_targets_local_fixed,High AD-like perturbation with A1 and expanded target local dynamics held at baseline,1.0,37,5Hz,60.0,0.02,0.5,d695e3c87e6723ff,episodic_platel_peaks,0.0008257846538875467,0.014640953144687758,0.010970252756504905,0.008329514998778233,0.014073615190149142,0.018136926735825433,0.0183285471565139,0.0008071863228197171,0.0007558966812297684,0.0004938779730846588,0.0004118848382095642,0.0016609030874986757,1.0,0.009612293707215044,0.0182770292549794,0.9270789577227035,False,0.13018084743333322,0.0007558966812297684,0.04327511915628596,0.07693271029753104,0.02875931064327016,0.04817339965426089,1.0,,,,,0.002057486276300924,2.59988452399881,0.09884505606045615,0.25,31.718844092163764,0.9999517351879927
local_dynamics_counterfactual,expanded_targets_local_fixed,High AD-like perturbation with A1 and expanded target local dynamics held at baseline,1.0,37,5Hz,60.0,0.02,0.5,d695e3c87e6723ff,semantic_expanded_left,0.0005528793556012669,0.009737838850400027,0.008215696073308666,0.006198200533541665,0.008345201166518433,0.012726623535749288,0.011179136795398458,0.0006462385900134545,0.000601989051661885,0.00037326173022941893,0.0002478180092172393,0.001502696288590814,1.0,0.006922893149506576,0.011804342269185863,0.7698706713603682,False,0.09633182641019107,0.000601989051661885,0.055511029118060155,0.0761331647094455,0.046730640252615634,0.029402524456829872,1.0,,,,,0.002883339730340495,2.238321361142939,0.15469479672674513,0.14285714285714285,31.718844092163764,0.9999517351879927
local_dynamics_counterfactual,expanded_targets_local_fixed,High AD-like perturbation with A1 and expanded target local dynamics held at baseline,1.0,37,5Hz,60.0,0.02,0.5,d695e3c87e6723ff,episodic_expanded_left,0.000718687703741756,0.012658213716788703,0.009011239305272822,0.006546073886087783,0.011109629983550317,0.01726508212495464,0.015781656301401027,0.0008121317952023309,0.0007472310771957187,0.0006580616944380522,0.0006292358817885015,0.0017393212732731039,1.0,0.007649555391206223,0.016163249510905815,1.079269468450796,True,0.15080288913270246,0.0007472310771957187,0.06875129162065828,0.0991514612798216,0.06065771602112333,0.038493745258698274,1.0,,,,,0.004835128048273796,6.621431577964737,0.2973193014942104,0.875,31.718844092163764,0.9999517351879927
local_dynamics_counterfactual,expanded_targets_local_fixed,High AD-like perturbation with A1 and expanded target local dynamics held at baseline,1.0,37,5Hz,60.0,0.02,0.5,d695e3c87e6723ff,semantic_expanded_right,0.0005048276881318577,0.008950467283793916,0.0075451726934995834,0.006273245903582005,0.008493106421082055,0.012647781390751008,0.008310795230366234,0.0005201980923556822,0.00048599785544915043,0.00028028166856492733,0.00017485761246454978,0.0008424302460850646,1.0,0.006666443511071146,0.010735420163852604,0.6873894499817086,False,0.06452327665702895,0.00048599785544915043,0.04157290032793279,0.06673738660286406,0.028771138514710057,0.037966248088154006,1.0,,,,,0.0021565180427887687,0.8826927127994153,0.10330514588490196,0.0,31.718844092163764,0.9999517351879927
local_dynamics_counterfactual,expanded_targets_local_fixed,High AD-like perturbation with A1 and expanded target local dynamics held at baseline,1.0,37,5Hz,60.0,0.02,0.5,d695e3c87e6723ff,episodic_expanded_right,0.0006796414876540848,0.012049871754197536,0.009452489916562352,0.006820363661643438,0.01102487299595533,0.015837093699539246,0.014492088159577346,0.0008076433836204376,0.0007748805271800604,0.0005338083749460342,0.0004900622970711022,0.0015678834140650819,1.0,0.007971582170615093,0.015039693836118828,0.9158371996827178,False,0.12241926952483162,0.0007748805271800604,0.05928378402560716,0.09639447237752702,0.04369036036546606,0.05270411201206096,1.0,,,,,0.00431851635375935,4.883671005383946,0.26177167385252115,0.5454545454545454,31.718844092163764,0.9999517351879927
local_dynamics_counterfactual,expanded_targets_local_fixed,High AD-like perturbation with A1 and expanded target local dynamics held at baseline,1.0,37,5Hz,60.0,0.02,0.5,d695e3c87e6723ff,shared_auditory_relay,0.007399805969680258,0.05630654465177322,0.03207499111667499,0.03197626078872976,0.04870865272723637,0.07167475202971453,0.0762835152757573,0.0040614497259722675,0.0040122786527294245,0.0046497532548636705,0.0046428338210985935,0.009447826117932075,1.0,0.03436022521578231,0.07143228373961752,1.0558367533042388,True,0.18321543433687995,0.0046428338210985935,0.09164540145179689,0.1331627856519319,0.07905015105641111,0.05411263459552079,1.0,,,,,0.008129507214472531,7.781444303698612,0.32038492098357385,0.7857142857142857,31.718844092163764,0.9999517351879927
local_dynamics_counterfactual,expanded_targets_local_fixed,High AD-like perturbation with A1 and expanded target local dynamics held at baseline,1.0,37,5Hz,60.0,0.02,0.5,d695e3c87e6723ff,anterior_temporal_context,0.014132929610497193,0.2316742645688056,0.06686598852004977,0.09382999169293485,0.1824387122395209,0.2609048368896873,0.2932813051923254,0.010133692515359782,0.009997492503284676,0.0182265965980074,0.017005876061081143,0.04061754503034225,1.0,0.10203154822262579,0.30770925141712824,1.5925525161568055,True,0.28706419616292117,0.017005876061081143,0.04400364698857126,0.03857215609085836,0.054811072930426585,0.016238916839568227,1.0,,,,,0.002347165888626934,0.8838175168367539,0.170124527385272,0.2777777777777778,31.718844092163764,0.9999517351879927
local_dynamics_counterfactual,expanded_targets_local_fixed,High AD-like perturbation with A1 and expanded target local dynamics held at baseline,1.0,37,5Hz,60.0,0.02,0.5,d695e3c87e6723ff,hippocampal_context,0.001653599357849304,0.026626202508269213,0.017878680831810573,0.018363770216508313,0.021208142598472153,0.031132901271770395,0.03692708560909593,0.0007798693469194233,0.0006696954006774463,0.0007591285090131422,0.0003940163793118029,0.0022157006006069545,1.0,0.017716010735113977,0.032801014727418476,0.8886866699924563,False,0.1427227984731454,0.0007591285090131422,0.037127649216728134,0.05094315713319511,0.0353273175453884,0.015615839587806712,1.0,,,,,0.002289268794359811,4.226080564311481,0.20825771551046635,0.5,31.718844092163764,0.9999517351879927
local_dynamics_counterfactual,expanded_targets_local_fixed,High AD-like perturbation with A1 and expanded target local dynamics held at baseline,1.0,37,5Hz,60.0,0.02,0.5,d695e3c87e6723ff,angular_parietal_context,0.007888594819010806,0.06960543646919354,0.0337507127844278,0.035308182930155176,0.06514419783554509,0.08778505518591703,0.09755541526948545,0.0024091031681829967,0.0029337282445183904,0.0024482865456186445,0.0032096644860246837,0.007489104934347968,1.0,0.03950959498512715,0.09011779433745266,1.1896089463206094,True,0.218829037477611,0.0029337282445183904,0.03458210806496371,0.056391790438262035,0.029001509143952112,0.027390281294309923,1.0,,,,,0.0016880009841991894,3.7587028968337455,0.15529587731498842,0.16666666666666666,31.718844092163764,0.9999517351879927
local_dynamics_counterfactual,expanded_targets_local_fixed,High AD-like perturbation with A1 and expanded target local dynamics held at baseline,1.0,53,pulse,60.0,0.02,0.5,d695e3c87e6723ff,semantic_expanded,0.00015661670782224894,0.004147525892143276,,,,,,,,,,,1.0,,,,False,,,,,,,,626.5,626.5,1.0,0.017578232050757446,,,,,,
local_dynamics_counterfactual,expanded_targets_local_fixed,High AD-like perturbation with A1 and expanded target local dynamics held at baseline,1.0,53,pulse,60.0,0.02,0.5,d695e3c87e6723ff,episodic_expanded,0.0002029363659224419,0.005427650200819464,,,,,,,,,,,1.0,,,,False,,,,,,,,270.5,270.5,1.0,0.0012610648520617427,,,,,,
local_dynamics_counterfactual,expanded_targets_local_fixed,High AD-like perturbation with A1 and expanded target local dynamics held at baseline,1.0,53,pulse,60.0,0.02,0.5,d695e3c87e6723ff,semantic_anatomical_core,0.00015150780107045433,0.004034474388068316,,,,,,,,,,,1.0,,,,False,,,,,,,,728.0,728.0,1.0,0.021351642712579624,,,,,,
local_dynamics_counterfactual,expanded_targets_local_fixed,High AD-like perturbation with A1 and expanded target local dynamics held at baseline,1.0,53,pulse,60.0,0.02,0.5,d695e3c87e6723ff,episodic_anatomical_core,0.00020615311053422282,0.005500940516388199,,,,,,,,,,,1.0,,,,False,,,,,,,,250.5,250.5,1.0,0.0012274399082848005,,,,,,
local_dynamics_counterfactual,expanded_targets_local_fixed,High AD-like perturbation with A1 and expanded target local dynamics held at baseline,1.0,53,pulse,60.0,0.02,0.5,d695e3c87e6723ff,semantic_platel_peaks,0.00015929640299441086,0.004276774346053612,,,,,,,,,,,1.0,,,,False,,,,,,,,457.5,457.5,1.0,0.010199529888726452,,,,,,
local_dynamics_counterfactual,expanded_targets_local_fixed,High AD-like perturbation with A1 and expanded target local dynamics held at baseline,1.0,53,pulse,60.0,0.02,0.5,d695e3c87e6723ff,episodic_platel_peaks,0.00020294775851709325,0.005395587323686298,,,,,,,,,,,1.0,,,,False,,,,,,,,332.0,332.0,1.0,0.006052001762581712,,,,,,
local_dynamics_counterfactual,expanded_targets_local_fixed,High AD-like perturbation with A1 and expanded target local dynamics held at baseline,1.0,53,pulse,60.0,0.02,0.5,d695e3c87e6723ff,semantic_expanded_left,0.00016645233057606973,0.004457908977760253,,,,,,,,,,,1.0,,,,False,,,,,,,,716.0,716.0,1.0,0.023158256471082033,,,,,,
local_dynamics_counterfactual,expanded_targets_local_fixed,High AD-like perturbation with A1 and expanded target local dynamics held at baseline,1.0,53,pulse,60.0,0.02,0.5,d695e3c87e6723ff,episodic_expanded_left,0.00020655730836894887,0.005531996315179934,,,,,,,,,,,1.0,,,,False,,,,,,,,271.0,271.0,1.0,0.0012866843044205853,,,,,,
local_dynamics_counterfactual,expanded_targets_local_fixed,High AD-like perturbation with A1 and expanded target local dynamics held at baseline,1.0,53,pulse,60.0,0.02,0.5,d695e3c87e6723ff,semantic_expanded_right,0.000145141814609458,0.0038587533105356258,,,,,,,,,,,1.0,,,,False,,,,,,,,537.0,537.0,1.0,0.009617915838431431,,,,,,
local_dynamics_counterfactual,expanded_targets_local_fixed,High AD-like perturbation with A1 and expanded target local dynamics held at baseline,1.0,53,pulse,60.0,0.02,0.5,d695e3c87e6723ff,episodic_expanded_right,0.00020030295323407316,0.005325272293045151,,,,,,,,,,,1.0,,,,False,,,,,,,,270.0,270.0,1.0,0.0009530897710923983,,,,,,
local_dynamics_counterfactual,expanded_targets_local_fixed,High AD-like perturbation with A1 and expanded target local dynamics held at baseline,1.0,53,pulse,60.0,0.02,0.5,d695e3c87e6723ff,shared_auditory_relay,0.0006122860318065531,0.014622082861343696,,,,,,,,,,,1.0,,,,False,,,,,,,,297.0,297.0,1.0,0.0026531614612338955,,,,,,
local_dynamics_counterfactual,expanded_targets_local_fixed,High AD-like perturbation with A1 and expanded target local dynamics held at baseline,1.0,53,pulse,60.0,0.02,0.5,d695e3c87e6723ff,anterior_temporal_context,0.0007146854915989092,0.01651180295100715,,,,,,,,,,,1.0,,,,False,,,,,,,,644.0,599.0,0.9444444444444444,0.011238005758661636,,,,,,
local_dynamics_counterfactual,expanded_targets_local_fixed,High AD-like perturbation with A1 and expanded target local dynamics held at baseline,1.0,53,pulse,60.0,0.02,0.5,d695e3c87e6723ff,hippocampal_context,0.0005313046556738737,0.01177154106756039,,,,,,,,,,,1.0,,,,False,,,,,,,,671.0,671.0,1.0,0.004512638507891943,,,,,,
local_dynamics_counterfactual,expanded_targets_local_fixed,High AD-like perturbation with A1 and expanded target local dynamics held at baseline,1.0,53,pulse,60.0,0.02,0.5,d695e3c87e6723ff,angular_parietal_context,0.000766789648881575,0.014889434519569355,,,,,,,,,,,1.0,,,,False,,,,,,,,1072.0,1072.0,1.0,0.010815666172630195,,,,,,
local_dynamics_counterfactual,expanded_targets_local_fixed,High AD-like perturbation with A1 and expanded target local dynamics held at baseline,1.0,53,2Hz,60.0,0.02,0.5,d695e3c87e6723ff,semantic_expanded,0.0007882552568441975,0.01843594958611879,0.004889572462701345,0.009644523726383643,0.015047303687090924,0.020787474022184938,0.03125074568781834,0.0002898643824984371,0.0002701578803302693,0.00014879589175655422,0.00024212318685338857,0.000904320347519087,1.0,0.00934525322006978,0.024386915088336493,1.383801609665684,True,0.32300766662646907,0.0002701578803302693,0.015694079618135487,0.026816978231151374,0.014117307995016126,0.012699670236135248,1.0,,,,,0.00038443453787484483,7.018899748542554,0.1136329770233307,0.23076923076923078,31.50914576849327,0.9999925053745945
local_dynamics_counterfactual,expanded_targets_local_fixed,High AD-like perturbation with A1 and expanded target local dynamics held at baseline,1.0,53,2Hz,60.0,0.02,0.5,d695e3c87e6723ff,episodic_expanded,0.0008160779173362131,0.019300745438220725,0.006544341061508608,0.011203925664543653,0.015307480574931432,0.021730962439082954,0.03230890259725393,0.0005802292056376401,0.000562554438773351,0.00040384384876499744,0.0005563461276522989,0.0012354888492786234,1.0,0.01057870663736137,0.025223128211013746,1.2535839590333064,True,0.27814857841230495,0.000562554438773351,0.029112555127249872,0.047430729371805216,0.025370498970032615,0.0220602304017726,1.0,,,,,0.0011093934816858164,9.65621692101991,0.18014143642646896,0.3684210526315789,31.50914576849327,0.9999925053745945
local_dynamics_counterfactual,expanded_targets_local_fixed,High AD-like perturbation with A1 and expanded target local dynamics held at baseline,1.0,53,2Hz,60.0,0.02,0.5,d695e3c87e6723ff,semantic_anatomical_core,0.0007931493677165715,0.018655667848755598,0.004612709757323797,0.009442962101901781,0.015139418431414923,0.02147849931867484,0.031504703897910255,0.0002493835964499035,0.00023294910457187512,0.00010868256966712963,0.00018623103706139004,0.0008973566917917962,1.0,0.009143049703986918,0.024795304379262757,1.4393195676508488,True,0.3364671733636517,0.00023294910457187512,0.014308861069869883,0.02463676095766608,0.013236224929255086,0.011400536028410993,1.0,,,,,0.00034303566247112505,7.512687571809613,0.10674190888185309,0.2,31.50914576849327,0.9999925053745945
local_dynamics_counterfactual,expanded_targets_local_fixed,High AD-like perturbation with A1 and expanded target local dynamics held at baseline,1.0,53,2Hz,60.0,0.02,0.5,d695e3c87e6723ff,episodic_anatomical_core,0.0007858661360182627,0.018454488553404123,0.00642946366014447,0.010902674121649358,0.014489472542290884,0.021232061389330856,0.03057590597028132,0.0006083834522440832,0.000590589416350322,0.0004289727433577533,0.0005831840830304774,0.001226800406223733,1.0,0.01020668443150766,0.024082690648009136,1.2384822936243638,True,0.27304061552870335,0.000590589416350322,0.031241409660544405,0.0508743868207354,0.027145304763964026,0.02372908205677137,1.0,,,,,0.0011257567780909583,9.752533703506842,0.18780117943160332,0.4375,31.50914576849327,0.9999925053745945
local_dynamics_counterfactual,expanded_targets_local_fixed,High AD-like perturbation with A1 and expanded target local dynamics held at baseline,1.0,53,2Hz,60.0,0.02,0.5,d695e3c87e6723ff,semantic_platel_peaks,0.0007667339661619955,0.01829359217736143,0.005376043296338704,0.010053282250526298,0.014897921598720415,0.019756468995481287,0.03141284556006151,0.0003305149336368008,0.00031581051053006855,0.00020866198607834928,0.00029196130967080493,0.0009216096319151013,1.0,0.009681979606117715,0.024046721256033965,1.3124662370669067,True,0.30340672370079963,0.00031581051053006855,0.016769037715725004,0.028625182107484166,0.014616737264122005,0.014008444843362161,1.0,,,,,0.0004803431405592251,5.001617011851087,0.1767706308248208,0.4,31.50914576849327,0.9999925053745945
local_dynamics_counterfactual,expanded_targets_local_fixed,High AD-like perturbation with A1 and expanded target local dynamics held at baseline,1.0,53,2Hz,60.0,0.02,0.5,d695e3c87e6723ff,episodic_platel_peaks,0.0009740949468848353,0.023009826796669897,0.007729265968428605,0.013084635310123757,0.01795814310081401,0.022518172495910673,0.04091517167561976,0.0005371911478387679,0.0005214601249510677,0.00038209807198331003,0.0004910171263724335,0.0012986943308441095,1.0,0.012256928148009784,0.030201613343826254,1.301028165451642,True,0.2795840605604921,0.0005214601249510677,0.02311730934377857,0.03820026337305986,0.020132459179394983,0.018067804193664876,1.0,,,,,0.0006365048609974777,8.09506791293057,0.16059362212325548,0.0,31.50914576849327,0.9999925053745945
local_dynamics_counterfactual,expanded_targets_local_fixed,High AD-like perturbation with A1 and expanded target local dynamics held at baseline,1.0,53,2Hz,60.0,0.02,0.5,d695e3c87e6723ff,semantic_expanded_left,0.0008339878740913503,0.01957899520464545,0.004610415214567425,0.009794365767119763,0.015500691827853581,0.02279365191014865,0.03322247641401271,0.00031039642219726776,0.00027783956871280655,0.00015337594438551171,0.00025541948056907786,0.0009338278669740385,1.0,0.009526175139265843,0.026060064491671423,1.4518716761059363,True,0.3458495078846229,0.00027783956871280655,0.013746270860956393,0.027546122631946383,0.011363202456389401,0.016182920175556982,1.0,,,,,0.00026929687644816624,7.018899748542554,0.14580789646320347,0.42857142857142855,31.50914576849327,0.9999925053745945
local_dynamics_counterfactual,expanded_targets_local_fixed,High AD-like perturbation with A1 and expanded target local dynamics held at baseline,1.0,53,2Hz,60.0,0.02,0.5,d695e3c87e6723ff,episodic_expanded_left,0.0008446384238771532,0.01982903128989461,0.006333095957169485,0.01130803177956639,0.016271041529388675,0.02316195301054409,0.032602852486642936,0.0005885165750555102,0.0005657040771857965,0.0003875272607283024,0.0005736434783949265,0.0012612165461944646,1.0,0.011010554508880208,0.02586128222942405,1.2319066801225347,True,0.2881219881891717,0.0005736434783949265,0.027573450844507574,0.04548319484644604,0.02371286330279484,0.021770331543651204,1.0,,,,,0.0010963741834087992,9.752533703506842,0.16120554286597838,0.375,31.50914576849327,0.9999925053745945
local_dynamics_counterfactual,expanded_targets_local_fixed,High AD-like perturbation with A1 and expanded target local dynamics held at baseline,1.0,53,2Hz,60.0,0.02,0.5,d695e3c87e6723ff,semantic_expanded_right,0.0007349005367225189,0.017359636364856462,0.005185632476759578,0.009496974089025733,0.014607176941914175,0.018957869407078956,0.02939603580041309,0.0002706904920050975,0.00026268857471480793,0.00014435260687281298,0.00022951905422964063,0.0008757452201410669,1.0,0.009167767385174828,0.022821187864512083,1.3157315432254304,True,0.30016582536831526,0.00026268857471480793,0.017641888375314583,0.02608783383035636,0.01687141353364285,0.009216420296713511,1.0,,,,,0.0004779538181080012,7.2009737376997,0.09339884762665024,0.0,31.50914576849327,0.9999925053745945
local_dynamics_counterfactual,expanded_targets_local_fixed,High AD-like perturbation with A1 and expanded target local dynamics held at baseline,1.0,53,2Hz,60.0,0.02,0.5,d695e3c87e6723ff,episodic_expanded_right,0.0007953066398518931,0.018786534199522063,0.0067626324026976185,0.011100777990688775,0.01440098110060608,0.02038838125238649,0.03201760298325131,0.0005720585372521275,0.0005594223364235377,0.000420847436329568,0.0005395703523375844,0.001210285974520079,1.0,0.010163796385467851,0.02460072130628484,1.27526123794408,True,0.2681751686354382,0.0005594223364235377,0.03065165940999217,0.0493782638971644,0.027028134637270395,0.022350129259894002,1.0,,,,,0.0011316874238160857,9.623774020705037,0.1819559821512023,0.36363636363636365,31.50914576849327,0.9999925053745945
local_dynamics_counterfactual,expanded_targets_local_fixed,High AD-like perturbation with A1 and expanded target local dynamics held at baseline,1.0,53,2Hz,60.0,0.02,0.5,d695e3c87e6723ff,shared_auditory_relay,0.006975433136377649,0.07685461945716887,0.03205993943796083,0.05013988089156283,0.0657780531841539,0.08563880161188553,0.11916556721147284,0.003124502208736575,0.003476030873998735,0.004256608496518206,0.004864474536251126,0.006158068538756979,1.0,0.046659432557757445,0.09836019365984901,1.0759058131441426,True,0.2280276844431481,0.004256608496518206,0.05349868251908438,0.09038175223429838,0.044123968316283575,0.04625778391801481,1.0,,,,,0.001953549640873131,11.244184577467294,0.2826769602013188,0.6428571428571429,31.50914576849327,0.9999925053745945
local_dynamics_counterfactual,expanded_targets_local_fixed,High AD-like perturbation with A1 and expanded target local dynamics held at baseline,1.0,53,2Hz,60.0,0.02,0.5,d695e3c87e6723ff,anterior_temporal_context,0.011899054035665036,0.24516322313421327,0.07119630302293287,0.15924447326564883,0.1973114550799826,0.2809188086517255,0.3878820294709071,0.003024875852115722,0.005266913093842043,0.005779948725154519,0.010900621275340366,0.011107080008743072,1.0,0.13662251194083966,0.3192175632729423,1.2243448075391947,True,0.28551986628037235,0.005779948725154519,0.046799231721214196,0.07576146387528845,0.03595651640936201,0.039804947465926444,1.0,,,,,0.0002197913186570144,1.8494989580076642,0.21410626448768974,0.3888888888888889,31.50914576849327,0.9999925053745945
local_dynamics_counterfactual,expanded_targets_local_fixed,High AD-like perturbation with A1 and expanded target local dynamics held at baseline,1.0,53,2Hz,60.0,0.02,0.5,d695e3c87e6723ff,hippocampal_context,0.0017927647632976487,0.03779114445933409,0.013309763911707474,0.02692630042735726,0.0316131293626896,0.042467652460567024,0.060050533157039815,0.000509346960634926,0.0006807034756564597,0.00034124330286819794,0.0007121156137925071,0.0018459175435951644,1.0,0.024266101972769225,0.047517769498189824,0.9695247397956912,False,0.250236624323038,0.0006807034756564597,0.011779174652855105,0.018748960356804782,0.011325718085264764,0.007423242271540018,1.0,,,,,0.0005599636083455373,5.721433167037557,0.12834220790113604,0.5,31.50914576849327,0.9999925053745945
local_dynamics_counterfactual,expanded_targets_local_fixed,High AD-like perturbation with A1 and expanded target local dynamics held at baseline,1.0,53,2Hz,60.0,0.02,0.5,d695e3c87e6723ff,angular_parietal_context,0.006398106707773975,0.08567848331240975,0.031227269909689298,0.053441539397342225,0.07687916569723345,0.10297111536527084,0.13184008090710986,0.0015024791215902092,0.0015926224873318105,0.0014716527517064694,0.0032510339371722456,0.005015055951692402,1.0,0.051310011508524885,0.1099956513929057,1.1001342346301548,True,0.25510137978193076,0.0015926224873318105,0.011467422549473307,0.023648021059832002,0.007842449126108889,0.015805571933723114,1.0,,,,,0.0005305914088807873,5.040972511048851,0.12681537996415881,0.16666666666666666,31.50914576849327,0.9999925053745945
local_dynamics_counterfactual,expanded_targets_local_fixed,High AD-like perturbation with A1 and expanded target local dynamics held at baseline,1.0,53,5Hz,60.0,0.02,0.5,d695e3c87e6723ff,semantic_expanded,0.0006354439678763973,0.011124662984766793,0.005203111911941686,0.008820810775518252,0.0097108965053241,0.012097686872578887,0.01648209092747291,0.0007199051724083783,0.0012033383535117038,0.00033312956258561247,0.0005281942661266532,0.0008357830897346974,1.0,0.008122369599253183,0.013447106477438029,0.7273231877501702,False,0.18913266573550241,0.0007199051724083783,0.05344796480137239,0.10388665929615644,0.025893344318613138,0.0779933149775433,1.0,,,,,0.004243981679706632,3.4079706405326697,0.08304079047590847,0.07692307692307693,31.78383103623553,0.9999483913539754
local_dynamics_counterfactual,expanded_targets_local_fixed,High AD-like perturbation with A1 and expanded target local dynamics held at baseline,1.0,53,5Hz,60.0,0.02,0.5,d695e3c87e6723ff,episodic_expanded,0.000656783085647051,0.01166753038830617,0.006095655468265419,0.008081550297125147,0.009588707488301911,0.01245579185182893,0.018161176783500606,0.0009254555499470417,0.0012531151629109323,0.000745474937211207,0.0007047345331616355,0.0011570024558217138,1.0,0.007941191669037543,0.014445800110393406,0.8632226906979503,False,0.1887060800452891,0.0009254555499470417,0.07133106445314821,0.12530967163266538,0.046843959109328266,0.07846571252333712,1.0,,,,,0.005392434945025282,5.912869656627953,0.25857869148955565,0.631578947368421,31.78383103623553,0.9999483913539754
local_dynamics_counterfactual,expanded_targets_local_fixed,High AD-like perturbation with A1 and expanded target local dynamics held at baseline,1.0,53,5Hz,60.0,0.02,0.5,d695e3c87e6723ff,semantic_anatomical_core,0.0006351061233881086,0.011207107300719403,0.005094419756812017,0.009204453167641412,0.009940184190613013,0.01230176571729689,0.01632846100221292,0.000717010120379207,0.0012054497115915263,0.00025802419917829287,0.0005261325179037699,0.0008748373382362667,1.0,0.008447457707528597,0.013407117378831504,0.6664099537451048,False,0.18896298218256447,0.000717010120379207,0.05203179227456051,0.09899282201720849,0.024500505699500234,0.07449231631770825,1.0,,,,,0.003400242798330344,3.9166139204532513,0.07039494303392585,0.0,31.78383103623553,0.9999483913539754
local_dynamics_counterfactual,expanded_targets_local_fixed,High AD-like perturbation with A1 and expanded target local dynamics held at baseline,1.0,53,5Hz,60.0,0.02,0.5,d695e3c87e6723ff,episodic_anatomical_core,0.0006356809429303087,0.011197011915657425,0.005950595811653327,0.007705666181678357,0.009105629490954602,0.012009397456896193,0.01744273303167041,0.00093562285615166,0.001224621956791154,0.0007990051502751065,0.0007376721975737904,0.001183973211599305,1.0,0.007605232523200796,0.013875672642202724,0.8674934469217908,False,0.1871606163199255,0.00093562285615166,0.0753880550887435,0.12969260545796515,0.051113822868306,0.07857878258965915,1.0,,,,,0.006216026390648832,6.09445753453784,0.266488437833044,0.75,31.78383103623553,0.9999483913539754
local_dynamics_counterfactual,expanded_targets_local_fixed,High AD-like perturbation with A1 and expanded target local dynamics held at baseline,1.0,53,5Hz,60.0,0.02,0.5,d695e3c87e6723ff,semantic_platel_peaks,0.0006266162847012866,0.011136593950043697,0.005378151556461136,0.008271730780639556,0.009465968559458722,0.01179908057110415,0.01704535196848154,0.0006822495579925622,0.0011338280937519068,0.0003942190675124797,0.0005891156328219332,0.0007554793319493275,1.0,0.007681676653128385,0.013694445423196772,0.8340977006475884,False,0.19204027275657323,0.0006822495579925622,0.05279587082876217,0.10767618752432767,0.025642325632766066,0.0820338618915616,1.0,,,,,0.004243981679706632,2.9243746331731364,0.10458092838880872,0.2,31.78383103623553,0.9999483913539754
local_dynamics_counterfactual,expanded_targets_local_fixed,High AD-like perturbation with A1 and expanded target local dynamics held at baseline,1.0,53,5Hz,60.0,0.02,0.5,d695e3c87e6723ff,episodic_platel_peaks,0.0007625438195586481,0.013517220871805062,0.0071513539702348534,0.009869324139716891,0.011966896457426771,0.014260371331197425,0.020436753268979764,0.000978751091319219,0.0014063599196391012,0.0006072486811020373,0.0006285257570042929,0.0011456812201227095,1.0,0.009770673977257812,0.016419659033547737,0.7488941815127594,False,0.17803718747890918,0.000978751091319219,0.06069566889790738,0.10990484446513045,0.034811012596805975,0.07509383186832447,1.0,,,,,0.003160785264152366,4.182085475828865,0.10359472645721027,0.25,31.78383103623553,0.9999483913539754
local_dynamics_counterfactual,expanded_targets_local_fixed,High AD-like perturbation with A1 and expanded target local dynamics held at baseline,1.0,53,5Hz,60.0,0.02,0.5,d695e3c87e6723ff,semantic_expanded_left,0.0006818124567854962,0.012009236261540473,0.00541858049984394,0.009613958301287568,0.009796745238847328,0.013224619636448833,0.018092651106272412,0.0008022613422775227,0.0014656137375953328,0.00039436690358792426,0.0005701519351730237,0.0008149630855144884,1.0,0.008405172802106045,0.014731620757981458,0.8095667776780582,False,0.19694288446029665,0.0008022613422775227,0.052373938179276415,0.11232809851465257,0.02171800079264143,0.09061009772201115,1.0,,,,,0.004243981679706632,2.9243746331731364,0.10081540846146464,0.14285714285714285,31.78383103623553,0.9999483913539754
local_dynamics_counterfactual,expanded_targets_local_fixed,High AD-like perturbation with A1 and expanded target local dynamics held at baseline,1.0,53,5Hz,60.0,0.02,0.5,d695e3c87e6723ff,episodic_expanded_left,0.0006861590425351224,0.012085795694679033,0.00605734758533298,0.008091060945920136,0.009395455877960566,0.012784491851065134,0.01941950373246432,0.0009144687575208362,0.0012623970328230324,0.0008287219636529584,0.0007656635039920726,0.0011185878182505317,1.0,0.007802380353727868,0.015207472392799126,0.9627941508902415,False,0.20107452407453905,0.0009144687575208362,0.06857864234285432,0.12507870795654547,0.045180448756961894,0.07989825919958357,1.0,,,,,0.005665766646823445,6.490101353536215,0.2598976453339301,0.75,31.78383103623553,0.9999483913539754
local_dynamics_counterfactual,expanded_targets_local_fixed,High AD-like perturbation with A1 and expanded target local dynamics held at baseline,1.0,53,5Hz,60.0,0.02,0.5,d695e3c87e6723ff,semantic_expanded_right,0.0005813473974824483,0.010305245381921187,0.004996211382108133,0.008093097587814428,0.009625800062982063,0.011066785411626973,0.015014898576544448,0.0006460032784192865,0.0009879978304570647,0.0002814011633806882,0.0004893242757904681,0.0008571349862374327,1.0,0.00784908168578543,0.012274594600705183,0.6450795978222794,False,0.18132244701070835,0.0006460032784192865,0.05452199142346837,0.0954452200776603,0.030068687844584847,0.06537653223307546,1.0,,,,,0.003490247670877522,3.9166139204532513,0.060847534170319226,0.0,31.78383103623553,0.9999483913539754
local_dynamics_counterfactual,expanded_targets_local_fixed,High AD-like perturbation with A1 and expanded target local dynamics held at baseline,1.0,53,5Hz,60.0,0.02,0.5,d695e3c87e6723ff,episodic_expanded_right,0.0006354187533648172,0.011263740410735383,0.006134205617944828,0.00807205082763545,0.009785934018581643,0.012135543005032447,0.016984385734336502,0.0009365743420799875,0.0012439015386512115,0.0006705902659565268,0.0006486540884358138,0.0011967363321291398,1.0,0.008082472561628052,0.013722276486147343,0.7636512305056604,False,0.17633763601603925,0.0009365743420799875,0.07408348656344212,0.1255406353087853,0.04850746946169464,0.07703316584709065,1.0,,,,,0.0052042073945101075,4.958287849471987,0.20350316342867084,0.5454545454545454,31.78383103623553,0.9999483913539754
local_dynamics_counterfactual,expanded_targets_local_fixed,High AD-like perturbation with A1 and expanded target local dynamics held at baseline,1.0,53,5Hz,60.0,0.02,0.5,d695e3c87e6723ff,shared_auditory_relay,0.00687903051099661,0.05201967051596983,0.0265794049305937,0.03557423505151424,0.04496079282234293,0.0543357358143443,0.07993010250308819,0.004307214861092504,0.004782746813157526,0.004559589675242688,0.0049757084521347495,0.007359277867202868,1.0,0.03474426634165178,0.06476136751474934,0.8983585328968633,False,0.18939644412226508,0.004782746813157526,0.0916008852869163,0.1475011273193373,0.06829029596349451,0.07921083135584278,1.0,,,,,0.010862435005724314,7.55538719270057,0.35153711363407936,0.7857142857142857,31.78383103623553,0.9999483913539754
local_dynamics_counterfactual,expanded_targets_local_fixed,High AD-like perturbation with A1 and expanded target local dynamics held at baseline,1.0,53,5Hz,60.0,0.02,0.5,d695e3c87e6723ff,anterior_temporal_context,0.011089632054848936,0.1712206552738449,0.06561775382844422,0.14518155520986795,0.12936148815099627,0.18238004675465622,0.24580403158385059,0.011212482879974534,0.0240082738636503,0.01828319101933628,0.026702564541880077,0.027907880488172155,1.0,0.11771268089319897,0.20736394673061734,0.8168953355378239,False,0.2069895326056388,0.0240082738636503,0.026766912927776956,0.03164956963373694,0.024190680320454877,0.007458889313282063,1.0,,,,,0.004464730737213207,1.7332347884843136,0.1918632183597634,0.3333333333333333,31.78383103623553,0.9999483913539754
local_dynamics_counterfactual,expanded_targets_local_fixed,High AD-like perturbation with A1 and expanded target local dynamics held at baseline,1.0,53,5Hz,60.0,0.02,0.5,d695e3c87e6723ff,hippocampal_context,0.001312740247728439,0.021741513196680568,0.011920249830810036,0.017014208111484793,0.016509553989861293,0.025454518308781635,0.03143293394391936,0.0007409993991732034,0.0013564081774268258,0.0009204309353510672,0.0008194623310938169,0.0016013436125913182,1.0,0.015143792657961414,0.026603594518856324,0.8128946236828565,False,0.16894533459438318,0.0009204309353510672,0.039131894887223274,0.07090790564040167,0.026861712757767373,0.0440461928826343,1.0,,,,,0.002868437400650292,3.9013228187424125,0.15286660816487538,0.5,31.78383103623553,0.9999483913539754
local_dynamics_counterfactual,expanded_targets_local_fixed,High AD-like perturbation with A1 and expanded target local dynamics held at baseline,1.0,53,5Hz,60.0,0.02,0.5,d695e3c87e6723ff,angular_parietal_context,0.007383198280264657,0.06548745482335794,0.02732386061810547,0.04146342125760043,0.05516229083969921,0.07557615858718221,0.09869272684083032,0.0029021740046355116,0.0046205649678001314,0.004142026758753602,0.0034916479055028694,0.004958628574999991,1.0,0.040198060544160454,0.08322732970733199,1.0499314533301796,True,0.22858284455439445,0.004142026758753602,0.03326160931928198,0.08260082253716156,0.013494862587471665,0.06910595994968989,1.0,,,,,0.0023494095611351073,4.101003168038053,0.14927493678853931,0.0,31.78383103623553,0.9999483913539754
local_dynamics_counterfactual,expanded_targets_local_fixed,High AD-like perturbation with A1 and expanded target local dynamics held at baseline,1.0,71,pulse,60.0,0.02,0.5,d695e3c87e6723ff,semantic_expanded,0.0001472782980260504,0.003909151563762749,,,,,,,,,,,1.0,,,,False,,,,,,,,504.5,484.5,0.9230769230769231,0.0868107378547106,,,,,,
local_dynamics_counterfactual,expanded_targets_local_fixed,High AD-like perturbation with A1 and expanded target local dynamics held at baseline,1.0,71,pulse,60.0,0.02,0.5,d695e3c87e6723ff,episodic_expanded,0.0002008755305784837,0.005380082190883981,,,,,,,,,,,1.0,,,,False,,,,,,,,295.5,295.5,1.0,0.02321232185434611,,,,,,
local_dynamics_counterfactual,expanded_targets_local_fixed,High AD-like perturbation with A1 and expanded target local dynamics held at baseline,1.0,71,pulse,60.0,0.02,0.5,d695e3c87e6723ff,semantic_anatomical_core,0.00014038638464480474,0.0037447143694316638,,,,,,,,,,,1.0,,,,False,,,,,,,,589.0,574.5,0.9,0.09468419571901926,,,,,,
local_dynamics_counterfactual,expanded_targets_local_fixed,High AD-like perturbation with A1 and expanded target local dynamics held at baseline,1.0,71,pulse,60.0,0.02,0.5,d695e3c87e6723ff,episodic_anatomical_core,0.0002052575556258551,0.005479260766991991,,,,,,,,,,,1.0,,,,False,,,,,,,,272.5,272.5,1.0,0.0213234975559405,,,,,,
local_dynamics_counterfactual,expanded_targets_local_fixed,High AD-like perturbation with A1 and expanded target local dynamics held at baseline,1.0,71,pulse,60.0,0.02,0.5,d695e3c87e6723ff,semantic_platel_peaks,0.00015338563120634378,0.004118180511479224,,,,,,,,,,,1.0,,,,False,,,,,,,,448.5,448.5,1.0,0.03999615467736925,,,,,,
local_dynamics_counterfactual,expanded_targets_local_fixed,High AD-like perturbation with A1 and expanded target local dynamics held at baseline,1.0,71,pulse,60.0,0.02,0.5,d695e3c87e6723ff,episodic_platel_peaks,0.00019684994913109964,0.0052332917295555255,,,,,,,,,,,1.0,,,,False,,,,,,,,334.0,334.0,1.0,0.05421997332171305,,,,,,
local_dynamics_counterfactual,expanded_targets_local_fixed,High AD-like perturbation with A1 and expanded target local dynamics held at baseline,1.0,71,pulse,60.0,0.02,0.5,d695e3c87e6723ff,semantic_expanded_left,0.00015470410459465038,0.004146823952847525,,,,,,,,,,,1.0,,,,False,,,,,,,,516.0,476.0,0.8571428571428571,0.07361365757253088,,,,,,
local_dynamics_counterfactual,expanded_targets_local_fixed,High AD-like perturbation with A1 and expanded target local dynamics held at baseline,1.0,71,pulse,60.0,0.02,0.5,d695e3c87e6723ff,episodic_expanded_left,0.0002061255278428161,0.005525168697957652,,,,,,,,,,,1.0,,,,False,,,,,,,,289.0,289.0,1.0,0.0227657419519256,,,,,,
local_dynamics_counterfactual,expanded_targets_local_fixed,High AD-like perturbation with A1 and expanded target local dynamics held at baseline,1.0,71,pulse,60.0,0.02,0.5,d695e3c87e6723ff,semantic_expanded_right,0.00013861485702935052,0.0036851012057011307,,,,,,,,,,,1.0,,,,False,,,,,,,,493.0,493.0,1.0,0.09468419571901926,,,,,,
local_dynamics_counterfactual,expanded_targets_local_fixed,High AD-like perturbation with A1 and expanded target local dynamics held at baseline,1.0,71,pulse,60.0,0.02,0.5,d695e3c87e6723ff,episodic_expanded_right,0.0001970573507498783,0.005238805539343344,,,,,,,,,,,1.0,,,,False,,,,,,,,302.0,302.0,1.0,0.02321232185434611,,,,,,
local_dynamics_counterfactual,expanded_targets_local_fixed,High AD-like perturbation with A1 and expanded target local dynamics held at baseline,1.0,71,pulse,60.0,0.02,0.5,d695e3c87e6723ff,shared_auditory_relay,0.00042399024842199723,0.011072947194966092,,,,,,,,,,,1.0,,,,False,,,,,,,,224.0,224.0,1.0,0.01565848326867292,,,,,,
local_dynamics_counterfactual,expanded_targets_local_fixed,High AD-like perturbation with A1 and expanded target local dynamics held at baseline,1.0,71,pulse,60.0,0.02,0.5,d695e3c87e6723ff,anterior_temporal_context,0.0005620129086441381,0.014351488936031108,,,,,,,,,,,1.0,,,,False,,,,,,,,646.0,646.0,1.0,0.034831171922187716,,,,,,
local_dynamics_counterfactual,expanded_targets_local_fixed,High AD-like perturbation with A1 and expanded target local dynamics held at baseline,1.0,71,pulse,60.0,0.02,0.5,d695e3c87e6723ff,hippocampal_context,0.00055085449172478,0.012045416181466989,,,,,,,,,,,1.0,,,,False,,,,,,,,681.0,681.0,1.0,0.01036814964968491,,,,,,
local_dynamics_counterfactual,expanded_targets_local_fixed,High AD-like perturbation with A1 and expanded target local dynamics held at baseline,1.0,71,pulse,60.0,0.02,0.5,d695e3c87e6723ff,angular_parietal_context,0.0007676185199236059,0.014837826320362044,,,,,,,,,,,1.0,,,,False,,,,,,,,1073.0,1073.0,1.0,0.038244269374281964,,,,,,
local_dynamics_counterfactual,expanded_targets_local_fixed,High AD-like perturbation with A1 and expanded target local dynamics held at baseline,1.0,71,2Hz,60.0,0.02,0.5,d695e3c87e6723ff,semantic_expanded,0.0005143278128728827,0.012061048014754085,0.005169482243117106,0.008363257543215505,0.010442604710165592,0.015950274583766626,0.016712396048868223,0.00029956352270631213,0.0003062746629560661,0.000380490515742489,0.0003797466232822672,0.0002769919203489599,1.0,0.007981904565215877,0.015097355013391447,0.9194908835686797,False,0.2158549071171538,0.0003062746629560661,0.01542811096951062,0.022487503417085244,0.013466758672065277,0.009020744745019967,1.0,,,,,0.0005591680859613479,8.889418439036579,0.2241019572910364,0.6153846153846154,31.505314666668227,0.9999904518478988
local_dynamics_counterfactual,expanded_targets_local_fixed,High AD-like perturbation with A1 and expanded target local dynamics held at baseline,1.0,71,2Hz,60.0,0.02,0.5,d695e3c87e6723ff,episodic_expanded,0.0006366881919417441,0.015028612303653398,0.006311802735271358,0.008953998339303094,0.011881919922092771,0.01926211781826868,0.022966615619308458,0.0005913460139580673,0.0006243010308341503,0.0006612526529437294,0.0006777709961085884,0.0005184075473482206,1.0,0.008857985267249225,0.019371408712556527,1.1288783694825724,True,0.24159954416847362,0.0006243010308341503,0.0310138711899266,0.05000122007313469,0.025668901404604663,0.02433231866853003,1.0,,,,,0.0014739346345944426,11.417328952633214,0.2912307101453956,0.9473684210526315,31.505314666668227,0.9999904518478988
local_dynamics_counterfactual,expanded_targets_local_fixed,High AD-like perturbation with A1 and expanded target local dynamics held at baseline,1.0,71,2Hz,60.0,0.02,0.5,d695e3c87e6723ff,semantic_anatomical_core,0.0004823620595234026,0.011356985611647231,0.004997224355112049,0.008476822564683037,0.009947432297003862,0.015183477127052647,0.015413270713167988,0.00025863422931363497,0.0002627813074592843,0.0003234280970716734,0.000332175891569281,0.00023880945760064196,1.0,0.00793954177886595,0.01400442927837647,0.818755539081303,False,0.20454275010282857,0.0002627813074592843,0.013740192257610511,0.01853155422778613,0.01229345343043081,0.006238100797355319,1.0,,,,,0.0005437730066281676,9.745643973944976,0.19133066803459675,0.5,31.505314666668227,0.9999904518478988
local_dynamics_counterfactual,expanded_targets_local_fixed,High AD-like perturbation with A1 and expanded target local dynamics held at baseline,1.0,71,2Hz,60.0,0.02,0.5,d695e3c87e6723ff,episodic_anatomical_core,0.0006243035231824145,0.01469217286832114,0.006202237238615402,0.008776812423237787,0.01153337887267572,0.018639484940381187,0.022682996154825642,0.000618802169523981,0.0006503903319493062,0.0006802437226963869,0.0007021755234289916,0.0005333201082386004,1.0,0.008672181008787538,0.01893300419953158,1.1264365746760991,True,0.24140471074897982,0.0006503903319493062,0.0334622081181636,0.05374572125690633,0.02766261736492939,0.026083103891976944,1.0,,,,,0.0015018599747348427,12.430021825962841,0.3026589301711145,1.0,31.505314666668227,0.9999904518478988
local_dynamics_counterfactual,expanded_targets_local_fixed,High AD-like perturbation with A1 and expanded target local dynamics held at baseline,1.0,71,2Hz,60.0,0.02,0.5,d695e3c87e6723ff,semantic_platel_peaks,0.0005657121838476291,0.013451641542281295,0.005446363168148777,0.008326538528524012,0.011230034996252454,0.017634334026190225,0.01916619866108756,0.0003398719668034748,0.00035416266642121925,0.0004538872861722517,0.000426274341504908,0.0002943637214871895,1.0,0.008093721696345174,0.017247673139405124,1.0915265952338278,True,0.23564982956742783,0.00035416266642121925,0.016290975774253265,0.026324260437010902,0.013819849777179257,0.012504410659831645,1.0,,,,,0.0005591680859613479,4.911025414757405,0.23672757096782404,0.8,31.505314666668227,0.9999904518478988
local_dynamics_counterfactual,expanded_targets_local_fixed,High AD-like perturbation with A1 and expanded target local dynamics held at baseline,1.0,71,2Hz,60.0,0.02,0.5,d695e3c87e6723ff,episodic_platel_peaks,0.0007284646541985113,0.017208487296453096,0.0073236234685568,0.010310206624734636,0.013473454656739924,0.02445991302906291,0.024317180675326948,0.0005473176215874056,0.0006045618475044013,0.0006460092793279929,0.0006333267049909249,0.00048315373219473307,1.0,0.010119342471695013,0.022186582199341186,1.1325718896909769,True,0.23545194626816862,0.0006045618475044013,0.02328630320498913,0.03808005529574741,0.019343083350260724,0.018736971945486684,1.0,,,,,0.0008077593630242408,7.7024555754541515,0.25051817820423267,0.75,31.505314666668227,0.9999904518478988
local_dynamics_counterfactual,expanded_targets_local_fixed,High AD-like perturbation with A1 and expanded target local dynamics held at baseline,1.0,71,2Hz,60.0,0.02,0.5,d695e3c87e6723ff,semantic_expanded_left,0.0005348525388831928,0.012557439541580197,0.00500843243624312,0.008664293894524625,0.010741067691164757,0.015156820980704947,0.0190670019548761,0.00032127647313648844,0.0003039122961968139,0.0003977886123990066,0.0003925915629236895,0.0002997649721183108,1.0,0.008223834695784062,0.015762831073077296,0.9386435015114843,False,0.23320535316906074,0.00032127647313648844,0.015132959007955301,0.022863791866749316,0.01282481572544206,0.010038976141307256,1.0,,,,,0.0005283779272949873,10.885060938997754,0.2241019572910364,0.5714285714285714,31.505314666668227,0.9999904518478988
local_dynamics_counterfactual,expanded_targets_local_fixed,High AD-like perturbation with A1 and expanded target local dynamics held at baseline,1.0,71,2Hz,60.0,0.02,0.5,d695e3c87e6723ff,episodic_expanded_left,0.0006478979596050269,0.01521155620545743,0.006139956888957673,0.008723572310047339,0.012448177777024312,0.018198399957125508,0.024383443422740774,0.0006039513862507987,0.0006145943461912411,0.000670850926964999,0.0006940357842710456,0.0005668966829049041,1.0,0.008831382202596931,0.019672054206476032,1.1554364580641294,True,0.2520011778898645,0.0006145943461912411,0.03022857932412551,0.050551607293816594,0.02465397973130708,0.025897627562509514,1.0,,,,,0.0014802307573080764,13.131203276712077,0.31984253534638407,1.0,31.505314666668227,0.9999904518478988
local_dynamics_counterfactual,expanded_targets_local_fixed,High AD-like perturbation with A1 and expanded target local dynamics held at baseline,1.0,71,2Hz,60.0,0.02,0.5,d695e3c87e6723ff,semantic_expanded_right,0.0004903822991941875,0.011584278684561996,0.005335710724281766,0.008072680542190748,0.010152435145946612,0.016785265170145128,0.014648563122573038,0.0002793180068871445,0.000308655392831174,0.0003639446380751822,0.00036732194859295743,0.0002559489302450016,1.0,0.007747091575281209,0.014459974058192975,0.9003382656258756,False,0.19850446106524677,0.000308655392831174,0.015723262931065938,0.02211121496742117,0.014108701618688492,0.00800251334873268,1.0,,,,,0.0006775260221647539,7.7058891032480785,0.23356453459198256,0.6666666666666666,31.505314666668227,0.9999904518478988
local_dynamics_counterfactual,expanded_targets_local_fixed,High AD-like perturbation with A1 and expanded target local dynamics held at baseline,1.0,71,2Hz,60.0,0.02,0.5,d695e3c87e6723ff,episodic_expanded_right,0.0006285356336411745,0.014847868602194093,0.0064884582236443165,0.009190510883700972,0.011341420693364608,0.02038801123829509,0.0216321142121023,0.0005790037347126501,0.0006341610194040161,0.0006517917072922727,0.0006618873746524662,0.00047406589816416215,1.0,0.008884668469192903,0.01907535794535266,1.1023202809010144,True,0.23119791044708285,0.0006341610194040161,0.03179916305572769,0.049450832852452796,0.02668382307790225,0.022767009774550546,1.0,,,,,0.0012046045305998954,10.401244611116944,0.26476529549085376,0.9090909090909091,31.505314666668227,0.9999904518478988
local_dynamics_counterfactual,expanded_targets_local_fixed,High AD-like perturbation with A1 and expanded target local dynamics held at baseline,1.0,71,2Hz,60.0,0.02,0.5,d695e3c87e6723ff,shared_auditory_relay,0.007188601696906449,0.07236327212893462,0.03419329142854478,0.05084099587207847,0.06003563373943774,0.09451151189712667,0.10038323010976566,0.0033905538865992377,0.0038995052702176184,0.00478084448250428,0.004982565667252082,0.005023592699675948,1.0,0.046854766886255485,0.09115349600858472,0.9601021574656691,False,0.20009819551528968,0.00478084448250428,0.05988478237269222,0.09867200019205544,0.04854735704034328,0.05012464315171216,1.0,,,,,0.002891646213754373,13.287961790365106,0.348387257689465,0.7142857142857143,31.505314666668227,0.9999904518478988
local_dynamics_counterfactual,expanded_targets_local_fixed,High AD-like perturbation with A1 and expanded target local dynamics held at baseline,1.0,71,2Hz,60.0,0.02,0.5,d695e3c87e6723ff,anterior_temporal_context,0.010914626637313043,0.25025626646578153,0.07359847302126152,0.11544113705332786,0.1884560413426269,0.316734765781448,0.38821338144031226,0.002912959749162828,0.004169494968380661,0.0059069800824405674,0.010703313266902211,0.009856495180050912,1.0,0.1141802127193386,0.3275676929449053,1.5204804199424697,True,0.31271610159179986,0.0059069800824405674,0.05136704512616459,0.07985890992292968,0.0412512128566655,0.038607697066264185,1.0,,,,,0.0002743509053672044,1.227156712673411,0.24967171349797435,0.5,31.505314666668227,0.9999904518478988
local_dynamics_counterfactual,expanded_targets_local_fixed,High AD-like perturbation with A1 and expanded target local dynamics held at baseline,1.0,71,2Hz,60.0,0.02,0.5,d695e3c87e6723ff,hippocampal_context,0.00148460009789063,0.03068070069363779,0.013288326413028306,0.020998587303690277,0.02735926817829604,0.03303331919580744,0.04796462959432298,0.0005597809215873945,0.0008288109347520436,0.0006896936546167368,0.0007975189954104796,0.0007485678618924188,1.0,0.020493515092138963,0.037938581680092266,0.888498285379869,False,0.21786263320580956,0.0007485678618924188,0.013208618012745081,0.019763228656977272,0.013258456532074771,0.0065047721249025005,1.0,,,,,0.0007539988417095689,7.499508370837056,0.21632422385182612,0.5,31.505314666668227,0.9999904518478988
local_dynamics_counterfactual,expanded_targets_local_fixed,High AD-like perturbation with A1 and expanded target local dynamics held at baseline,1.0,71,2Hz,60.0,0.02,0.5,d695e3c87e6723ff,angular_parietal_context,0.007670599101873016,0.08121897733690456,0.029572072190907774,0.046177780214161135,0.06751119450842673,0.10067381161056141,0.1258162007060298,0.001597931596856641,0.0019431522077721143,0.002583812261474956,0.003921467509080671,0.003615854993809961,1.0,0.04524041627220621,0.10549627109183088,1.2215078966079604,True,0.2651219313847735,0.002583812261474956,0.010788250753806163,0.023642605098284447,0.007004983840528305,0.01663762125775614,1.0,,,,,0.0006296925375767204,5.387632577164522,0.16028116194319447,0.3333333333333333,31.505314666668227,0.9999904518478988
local_dynamics_counterfactual,expanded_targets_local_fixed,High AD-like perturbation with A1 and expanded target local dynamics held at baseline,1.0,71,5Hz,60.0,0.02,0.5,d695e3c87e6723ff,semantic_expanded,0.001128233597778308,0.019897398024526305,0.0055540810236821385,0.014042369385233393,0.013140809624707116,0.026712652149190972,0.02880978458912031,0.0007491705800551835,0.0024112483813633415,0.0008755074742982062,0.0010787715984612637,0.0008368110041131688,1.0,0.01171252116141811,0.025508414358515044,1.1229215671753294,True,0.2838807163041841,0.0008755074742982062,0.05029338980026094,0.1078397857901727,0.02794924560340696,0.07989054018676574,1.0,,,,,0.0017258392076276996,6.404298276264027,0.20960981615578436,0.5384615384615384,31.724591200113494,0.9999483222787054
local_dynamics_counterfactual,expanded_targets_local_fixed,High AD-like perturbation with A1 and expanded target local dynamics held at baseline,1.0,71,5Hz,60.0,0.02,0.5,d695e3c87e6723ff,episodic_expanded,0.00132410377374573,0.023501090269373935,0.0057918928132887956,0.014950932951309599,0.016875136078621896,0.03136717116630114,0.03499630309947534,0.000904522459882967,0.0022651118458900557,0.0015470515952840682,0.0012144815837626997,0.0007373071086099095,1.0,0.013207410834274671,0.030509193493456713,1.207896372949335,True,0.3129605676312087,0.0012144815837626997,0.05361733361810028,0.10265838679312182,0.038287843575023836,0.06437054321809799,1.0,,,,,0.002007330072759106,6.923550574123178,0.27544411793716356,0.8947368421052632,31.724591200113494,0.9999483222787054
local_dynamics_counterfactual,expanded_targets_local_fixed,High AD-like perturbation with A1 and expanded target local dynamics held at baseline,1.0,71,5Hz,60.0,0.02,0.5,d695e3c87e6723ff,semantic_anatomical_core,0.0010678914481460783,0.018875243004944087,0.00558962788837874,0.013937236832003886,0.01215680030553204,0.025770950828679372,0.02697526747677562,0.0007568501425944177,0.0024381037532366988,0.0006884387936256502,0.0010321320320307347,0.0008943714611812485,1.0,0.011508738162330032,0.024034648641411957,1.0623860505101526,True,0.2714213718023923,0.0008943714611812485,0.05102422280244455,0.10914724782683315,0.027114019550538902,0.08203322827629425,1.0,,,,,0.0018919299480765206,6.716399647794676,0.18883064145200124,0.5,31.724591200113494,0.9999483222787054
local_dynamics_counterfactual,expanded_targets_local_fixed,High AD-like perturbation with A1 and expanded target local dynamics held at baseline,1.0,71,5Hz,60.0,0.02,0.5,d695e3c87e6723ff,episodic_anatomical_core,0.0012862054952075984,0.022687675774496843,0.0056010017512828315,0.014501931873144521,0.01663028607580564,0.030020588756000655,0.03388647051883213,0.0009098411133639317,0.002175343626499803,0.0015820226507935592,0.0011982793829861838,0.0007193068470915309,1.0,0.012904868705861725,0.02938923370482084,1.1873722791076986,True,0.31218061794818175,0.0011982793829861838,0.05515802021301194,0.10270013046383264,0.04011541308356097,0.06258471738027166,1.0,,,,,0.0021032965520793034,6.967815351163641,0.28292008656403034,1.0,31.724591200113494,0.9999483222787054
local_dynamics_counterfactual,expanded_targets_local_fixed,High AD-like perturbation with A1 and expanded target local dynamics held at baseline,1.0,71,5Hz,60.0,0.02,0.5,d695e3c87e6723ff,semantic_platel_peaks,0.0012164276071248595,0.02182087448696275,0.005473399619674028,0.014111455158449096,0.014838677269530552,0.028746954346795035,0.0319325236545923,0.0006947596363967262,0.0022445897755390652,0.001071202498694666,0.0011257638946455717,0.0007028438373159775,1.0,0.011984102007419306,0.028315697662642584,1.2404802673970379,True,0.30577886514592034,0.001071202498694666,0.04712237979066333,0.10263412432486455,0.028284813354238002,0.07434931097062654,1.0,,,,,0.0011561301941690472,5.726605688739333,0.20998222319189147,0.6,31.724591200113494,0.9999483222787054
local_dynamics_counterfactual,expanded_targets_local_fixed,High AD-like perturbation with A1 and expanded target local dynamics held at baseline,1.0,71,5Hz,60.0,0.02,0.5,d695e3c87e6723ff,episodic_platel_peaks,0.0015592335210463677,0.027646940630690276,0.0068412784862017136,0.016788037739353737,0.017594395781427342,0.040378684646493475,0.03948513416886112,0.0009686395665500197,0.0026008557571295466,0.0014156710405110122,0.0012718959654086958,0.0007584659880100682,1.0,0.014659989224320791,0.036263953071262546,1.306652156330284,True,0.3162051880586272,0.0012718959654086958,0.047437374466948616,0.10217735456051419,0.031765747406846345,0.07041160715366784,1.0,,,,,0.001611072081650844,6.722243201109454,0.19734870688946055,0.5,31.724591200113494,0.9999483222787054
local_dynamics_counterfactual,expanded_targets_local_fixed,High AD-like perturbation with A1 and expanded target local dynamics held at baseline,1.0,71,5Hz,60.0,0.02,0.5,d695e3c87e6723ff,semantic_expanded_left,0.0011542462204274684,0.020337594961119806,0.005822724496260982,0.016409600915898943,0.014431362642652995,0.024363987841207753,0.030910841240273074,0.0008370874834504403,0.003008190476751842,0.0010471788019659287,0.0013433676623814566,0.0008675268612456749,1.0,0.01331192355567314,0.025500979762367756,0.9378336234520125,False,0.26934517221787624,0.0010471788019659287,0.05500404700848582,0.11529141377646386,0.027540566858872663,0.08775084691759119,1.0,,,,,0.0027265197088354176,5.847514859736673,0.20960981615578436,0.5714285714285714,31.724591200113494,0.9999483222787054
local_dynamics_counterfactual,expanded_targets_local_fixed,High AD-like perturbation with A1 and expanded target local dynamics held at baseline,1.0,71,5Hz,60.0,0.02,0.5,d695e3c87e6723ff,episodic_expanded_left,0.0013684127430482517,0.024111167630632126,0.005787705874729796,0.015766701820846264,0.018382559568069154,0.030217269311386498,0.037092477973463954,0.0008981503752211677,0.0023634078618541073,0.0017323166321653993,0.0012784968893752202,0.0008199586353363341,1.0,0.013795933859592359,0.031200125448869975,1.1773087124943864,True,0.3149309334491299,0.0012784968893752202,0.05373971737751231,0.10204676090039205,0.03815116641953552,0.06389559448085654,1.0,,,,,0.0022663094033308906,7.038971895160115,0.2885007902059928,1.0,31.724591200113494,0.9999483222787054
local_dynamics_counterfactual,expanded_targets_local_fixed,High AD-like perturbation with A1 and expanded target local dynamics held at baseline,1.0,71,5Hz,60.0,0.02,0.5,d695e3c87e6723ff,semantic_expanded_right,0.0010978855380209542,0.019466728927549873,0.005297831974951713,0.012016632151016438,0.011965666851335538,0.029287725371328396,0.026851539937713505,0.0006704873374844212,0.0019327628358511574,0.0007319794252070466,0.0008662916297863192,0.0008071826797378962,1.0,0.010305283934582372,0.025515851122156305,1.3080095108986465,True,0.2984162603904919,0.0008071826797378962,0.04558273259203607,0.10038815780388154,0.028357924347941262,0.07203023345594027,1.0,,,,,0.0014244405710519548,6.716399647794676,0.180779218787746,0.5,31.724591200113494,0.9999483222787054
local_dynamics_counterfactual,expanded_targets_local_fixed,High AD-like perturbation with A1 and expanded target local dynamics held at baseline,1.0,71,5Hz,60.0,0.02,0.5,d695e3c87e6723ff,episodic_expanded_right,0.0012918790687984417,0.02290644950548099,0.0057960827807602665,0.014177371948457217,0.015491325711064603,0.03256083191492356,0.0330185875288928,0.0009109397524120204,0.0021709040395449858,0.001381599988149548,0.0011536715728886488,0.0006629868251631002,1.0,0.0126439937100764,0.02983356234084931,1.2384840334042848,True,0.31099020181328774,0.0011536715728886488,0.05349494985868825,0.10327001268585159,0.03842452073051216,0.06484549195533942,1.0,,,,,0.001871862661341428,6.923550574123178,0.2673178093193631,0.8181818181818182,31.724591200113494,0.9999483222787054
local_dynamics_counterfactual,expanded_targets_local_fixed,High AD-like perturbation with A1 and expanded target local dynamics held at baseline,1.0,71,5Hz,60.0,0.02,0.5,d695e3c87e6723ff,shared_auditory_relay,0.010016074619041212,0.08716613391544206,0.027508929466092024,0.053433065083794515,0.06604637767738371,0.12378846248845261,0.11593974677981159,0.0044320712581947305,0.006415274487295587,0.006410317395554165,0.005511984513264561,0.0061652499034917365,1.0,0.04868868791174264,0.1128616397956081,1.212896688390023,True,0.2681439424970963,0.0061652499034917365,0.0629328186082347,0.12245249409474562,0.041393376428350566,0.08105911766639506,1.0,,,,,0.003980955221777216,8.341949918657583,0.32160712561004345,0.7857142857142857,31.724591200113494,0.9999483222787054
local_dynamics_counterfactual,expanded_targets_local_fixed,High AD-like perturbation with A1 and expanded target local dynamics held at baseline,1.0,71,5Hz,60.0,0.02,0.5,d695e3c87e6723ff,anterior_temporal_context,0.021706571625618096,0.37767957421949466,0.06501754283252419,0.19543576423797393,0.23710068601613102,0.3852831629771291,0.4696307906224112,0.010392278528064201,0.03530505286856474,0.03242335796907615,0.03616050995782591,0.03581315479988269,1.0,0.1692749671320679,0.3966358554970583,1.2284464625714648,True,0.334223838040395,0.03530505286856474,0.012495542932436586,0.06489182109972472,-0.027996213400948388,0.09288803450067311,1.0,,,,,0.0012488392486868505,3.925507230866404,0.21849883534097636,0.4444444444444444,31.724591200113494,0.9999483222787054
local_dynamics_counterfactual,expanded_targets_local_fixed,High AD-like perturbation with A1 and expanded target local dynamics held at baseline,1.0,71,5Hz,60.0,0.02,0.5,d695e3c87e6723ff,hippocampal_context,0.002913120372247267,0.045911171330715116,0.01110235890452262,0.028824656652884712,0.03272322711499436,0.048935916866235524,0.07801812248620901,0.0006695060643903631,0.0026178377124373518,0.0022511047332875334,0.001965379306957017,0.0015742039315019606,1.0,0.025199709410433188,0.05961604658335746,1.2422936092657397,True,0.31947381969456545,0.001965379306957017,0.0368313663885315,0.05764796259530897,0.029579392455341608,0.028068570139967365,1.0,,,,,0.0011593319412167569,4.529484161701417,0.14743270054613547,0.5,31.724591200113494,0.9999483222787054
local_dynamics_counterfactual,expanded_targets_local_fixed,High AD-like perturbation with A1 and expanded target local dynamics held at baseline,1.0,71,5Hz,60.0,0.02,0.5,d695e3c87e6723ff,angular_parietal_context,0.010584622594079154,0.10547401167131668,0.02652193295102858,0.061955939197619,0.09264034706275581,0.12752679324726862,0.1608235380746027,0.0028856796893325072,0.007594285081437403,0.006823798115496721,0.006410145305822932,0.005687575345539076,1.0,0.062187954298926686,0.13566214497191212,1.1253111437920982,True,0.312096369173811,0.006410145305822932,0.031580151321256626,0.0720630480751036,0.017227704115484726,0.054835343959618865,1.0,,,,,0.0012332763167501315,5.365703752758306,0.1667616571659497,0.16666666666666666,31.724591200113494,0.9999483222787054
local_dynamics_counterfactual,expanded_targets_local_fixed,High AD-like perturbation with A1 and expanded target local dynamics held at baseline,1.0,89,pulse,60.0,0.02,0.5,d695e3c87e6723ff,semantic_expanded,0.00013918397792438296,0.003699839867249154,,,,,,,,,,,1.0,,,,False,,,,,,,,388.0,388.0,1.0,0.00484475083575204,,,,,,
local_dynamics_counterfactual,expanded_targets_local_fixed,High AD-like perturbation with A1 and expanded target local dynamics held at baseline,1.0,89,pulse,60.0,0.02,0.5,d695e3c87e6723ff,episodic_expanded,0.00020092511277286713,0.005382126040182296,,,,,,,,,,,1.0,,,,False,,,,,,,,269.5,269.5,1.0,0.006998429649615912,,,,,,
local_dynamics_counterfactual,expanded_targets_local_fixed,High AD-like perturbation with A1 and expanded target local dynamics held at baseline,1.0,89,pulse,60.0,0.02,0.5,d695e3c87e6723ff,semantic_anatomical_core,0.00013011627100260556,0.003473172185043778,,,,,,,,,,,1.0,,,,False,,,,,,,,419.0,419.0,1.0,0.004569749251376437,,,,,,
local_dynamics_counterfactual,expanded_targets_local_fixed,High AD-like perturbation with A1 and expanded target local dynamics held at baseline,1.0,89,pulse,60.0,0.02,0.5,d695e3c87e6723ff,episodic_anatomical_core,0.00020598383112895065,0.005499479468240885,,,,,,,,,,,1.0,,,,False,,,,,,,,259.0,259.0,1.0,0.00662628586984629,,,,,,
local_dynamics_counterfactual,expanded_targets_local_fixed,High AD-like perturbation with A1 and expanded target local dynamics held at baseline,1.0,89,pulse,60.0,0.02,0.5,d695e3c87e6723ff,semantic_platel_peaks,0.00014905135350035077,0.004004240111040832,,,,,,,,,,,1.0,,,,False,,,,,,,,349.5,349.5,1.0,0.006224026906072586,,,,,,
local_dynamics_counterfactual,expanded_targets_local_fixed,High AD-like perturbation with A1 and expanded target local dynamics held at baseline,1.0,89,pulse,60.0,0.02,0.5,d695e3c87e6723ff,episodic_platel_peaks,0.00019491650403066232,0.005183732666849756,,,,,,,,,,,1.0,,,,False,,,,,,,,297.0,297.0,1.0,0.008001436004469235,,,,,,
local_dynamics_counterfactual,expanded_targets_local_fixed,High AD-like perturbation with A1 and expanded target local dynamics held at baseline,1.0,89,pulse,60.0,0.02,0.5,d695e3c87e6723ff,semantic_expanded_left,0.00014483418346109643,0.0038819891495523308,,,,,,,,,,,1.0,,,,False,,,,,,,,404.0,404.0,1.0,0.004516242074667115,,,,,,
local_dynamics_counterfactual,expanded_targets_local_fixed,High AD-like perturbation with A1 and expanded target local dynamics held at baseline,1.0,89,pulse,60.0,0.02,0.5,d695e3c87e6723ff,episodic_expanded_left,0.00020615997089886754,0.005525703607922072,,,,,,,,,,,1.0,,,,False,,,,,,,,271.0,271.0,1.0,0.005929745352999101,,,,,,
local_dynamics_counterfactual,expanded_targets_local_fixed,High AD-like perturbation with A1 and expanded target local dynamics held at baseline,1.0,89,pulse,60.0,0.02,0.5,d695e3c87e6723ff,semantic_expanded_right,0.00013259207146488393,0.0035262373272900143,,,,,,,,,,,1.0,,,,False,,,,,,,,372.0,372.0,1.0,0.005579755793167918,,,,,,
local_dynamics_counterfactual,expanded_targets_local_fixed,High AD-like perturbation with A1 and expanded target local dynamics held at baseline,1.0,89,pulse,60.0,0.02,0.5,d695e3c87e6723ff,episodic_expanded_right,0.000197117943226685,0.005242279131815652,,,,,,,,,,,1.0,,,,False,,,,,,,,268.0,268.0,1.0,0.007915651135208835,,,,,,
local_dynamics_counterfactual,expanded_targets_local_fixed,High AD-like perturbation with A1 and expanded target local dynamics held at baseline,1.0,89,pulse,60.0,0.02,0.5,d695e3c87e6723ff,shared_auditory_relay,0.00041961856148127534,0.010992378530243442,,,,,,,,,,,1.0,,,,False,,,,,,,,288.0,288.0,1.0,0.003405350669868342,,,,,,
local_dynamics_counterfactual,expanded_targets_local_fixed,High AD-like perturbation with A1 and expanded target local dynamics held at baseline,1.0,89,pulse,60.0,0.02,0.5,d695e3c87e6723ff,anterior_temporal_context,0.0005194705608679488,0.013791107684502243,,,,,,,,,,,1.0,,,,False,,,,,,,,506.0,498.5,0.9444444444444444,0.012226668998709916,,,,,,
local_dynamics_counterfactual,expanded_targets_local_fixed,High AD-like perturbation with A1 and expanded target local dynamics held at baseline,1.0,89,pulse,60.0,0.02,0.5,d695e3c87e6723ff,hippocampal_context,0.0005494747347080609,0.012048173512909993,,,,,,,,,,,1.0,,,,False,,,,,,,,660.0,660.0,1.0,0.002859337876498955,,,,,,
local_dynamics_counterfactual,expanded_targets_local_fixed,High AD-like perturbation with A1 and expanded target local dynamics held at baseline,1.0,89,pulse,60.0,0.02,0.5,d695e3c87e6723ff,angular_parietal_context,0.0008152254448503989,0.015341715101127699,,,,,,,,,,,1.0,,,,False,,,,,,,,1047.0,1047.0,1.0,0.010453177039081392,,,,,,
local_dynamics_counterfactual,expanded_targets_local_fixed,High AD-like perturbation with A1 and expanded target local dynamics held at baseline,1.0,89,2Hz,60.0,0.02,0.5,d695e3c87e6723ff,semantic_expanded,0.0005740634461697187,0.01340256488812609,0.004861765134067726,0.009169378473024344,0.016169326764382767,0.014808628159904792,0.018237352432611167,0.0002925207213313045,0.00025944893397615175,0.00022023100976904293,0.0005408581071469463,0.00041265995603223066,1.0,0.010056991805043542,0.016066865739923095,0.6758896830163132,False,0.22531152724980347,0.0002925207213313045,0.01993467989862393,0.022990210417568397,0.020392051571642564,0.0025981588459258326,1.0,,,,,0.00042825009023261806,7.291838462606859,0.08889279270914138,0.07692307692307693,31.500163096314072,0.9999880350881575
local_dynamics_counterfactual,expanded_targets_local_fixed,High AD-like perturbation with A1 and expanded target local dynamics held at baseline,1.0,89,2Hz,60.0,0.02,0.5,d695e3c87e6723ff,episodic_expanded,0.0007079778818985136,0.016728999203747486,0.006460914300947231,0.009196736104418329,0.01844921341508423,0.018827289233242017,0.024959848373473,0.0005958982342004481,0.0005609644662569798,0.0004227608001261407,0.0008225506434073543,0.00043453077875936453,1.0,0.010808090816207474,0.021081204750247252,0.9638456143382176,False,0.24666146490213997,0.0005609644662569798,0.03490283126187951,0.0489882518315397,0.03164590184858936,0.01734234998295034,1.0,,,,,0.0010620424407031814,11.391189624168256,0.14441842242030503,0.21052631578947367,31.500163096314072,0.9999880350881575
local_dynamics_counterfactual,expanded_targets_local_fixed,High AD-like perturbation with A1 and expanded target local dynamics held at baseline,1.0,89,2Hz,60.0,0.02,0.5,d695e3c87e6723ff,semantic_anatomical_core,0.0005459905068036934,0.012839343104651593,0.0045799608965142475,0.009364225828700086,0.015877519860132194,0.013869403735552966,0.01712393969539411,0.0002454083319689793,0.00021229446264254664,0.00018961313915559977,0.0004950416930159107,0.00041552149676320736,1.0,0.010047742142134835,0.015137764295702532,0.5912808031213822,False,0.2185944540859263,0.0002454083319689793,0.01791223412395046,0.019200298037029342,0.01900959179961168,0.00019070623741766074,1.0,,,,,0.00039548757153978764,7.445203360728092,0.08631124617701807,0.1,31.500163096314072,0.9999880350881575
local_dynamics_counterfactual,expanded_targets_local_fixed,High AD-like perturbation with A1 and expanded target local dynamics held at baseline,1.0,89,2Hz,60.0,0.02,0.5,d695e3c87e6723ff,episodic_anatomical_core,0.000697624444071042,0.01641410927708069,0.006381438969603254,0.00891672994341434,0.01795260037580261,0.018668996332717437,0.024494289905508802,0.0006255660130601769,0.0005909739387401906,0.0004408539195086505,0.0008461670748371128,0.00042557259152885046,1.0,0.010494217070122033,0.020742621072204894,0.9830036698526117,False,0.24735206547704414,0.0005909739387401906,0.03680563679916129,0.05248254600092851,0.03304543096076831,0.0194371150401602,1.0,,,,,0.0011017184797970092,11.654476088231291,0.15655774036268127,0.25,31.500163096314072,0.9999880350881575
local_dynamics_counterfactual,expanded_targets_local_fixed,High AD-like perturbation with A1 and expanded target local dynamics held at baseline,1.0,89,2Hz,60.0,0.02,0.5,d695e3c87e6723ff,semantic_platel_peaks,0.0006097508100873233,0.014445941996449566,0.0053620815346554496,0.008771022037636828,0.016513074794152902,0.016588743557545246,0.02045658753582716,0.0003399546364106823,0.00031636310412274917,0.0002583469948774916,0.0005740845343538984,0.0004102126221818617,1.0,0.009962719213315045,0.017867601712141513,0.8427345321984276,False,0.23913943167115606,0.0003399546364106823,0.02150565268605496,0.027419362322330512,0.020893476532459924,0.006525885789870588,1.0,,,,,0.00042825009023261806,5.615124240044187,0.1330902793697268,0.0,31.500163096314072,0.9999880350881575
local_dynamics_counterfactual,expanded_targets_local_fixed,High AD-like perturbation with A1 and expanded target local dynamics held at baseline,1.0,89,2Hz,60.0,0.02,0.5,d695e3c87e6723ff,episodic_platel_peaks,0.0007950850127707992,0.01878091248737452,0.007465281927730327,0.010420904027690208,0.020366220846077934,0.02031840804581696,0.028760817255816064,0.0005386453038438085,0.0005104984510899436,0.0003919822541296563,0.0007822297212612512,0.000507169146846364,1.0,0.011929425629310576,0.023753864104256655,0.9936376368671727,False,0.2427489487297491,0.0005104984510899436,0.027623083362682828,0.04060160767156036,0.02456295798679428,0.01603864968476608,1.0,,,,,0.0006923216171456636,7.374350395021914,0.13312976904111523,0.0,31.500163096314072,0.9999880350881575
local_dynamics_counterfactual,expanded_targets_local_fixed,High AD-like perturbation with A1 and expanded target local dynamics held at baseline,1.0,89,2Hz,60.0,0.02,0.5,d695e3c87e6723ff,semantic_expanded_left,0.0006138077731497155,0.014410852821993048,0.00461043115425854,0.010332191462220959,0.017602034445844312,0.016403431286639306,0.019015024311004262,0.00031887734977274827,0.000273178646167133,0.0002137228112267852,0.0005879740278286171,0.00043410219683487003,1.0,0.010952712656753405,0.017186840304785192,0.6500161124028494,False,0.237759187868777,0.00031887734977274827,0.01966618270027574,0.02081007241054413,0.02110942125077043,0.0002993488402262996,1.0,,,,,0.0003495939349842381,7.291838462606859,0.08889279270914138,0.14285714285714285,31.500163096314072,0.9999880350881575
local_dynamics_counterfactual,expanded_targets_local_fixed,High AD-like perturbation with A1 and expanded target local dynamics held at baseline,1.0,89,2Hz,60.0,0.02,0.5,d695e3c87e6723ff,episodic_expanded_left,0.0007269701969769068,0.017067656965064546,0.006213319035919203,0.009482030106244262,0.019557574353588413,0.019300037400264612,0.02493499940347508,0.0006162806619582384,0.0005645639716762437,0.0004225181584679078,0.000858006864021012,0.0004255965866311861,1.0,0.011411549888781881,0.02131786452381669,0.9015681778827067,False,0.2517404011155628,0.0005645639716762437,0.036065887625006454,0.0467984247427561,0.03410813376379443,0.012690290978961669,1.0,,,,,0.001070468273999814,11.988952414701034,0.1530344170892484,0.125,31.500163096314072,0.9999880350881575
local_dynamics_counterfactual,expanded_targets_local_fixed,High AD-like perturbation with A1 and expanded target local dynamics held at baseline,1.0,89,2Hz,60.0,0.02,0.5,d695e3c87e6723ff,semantic_expanded_right,0.0005276950646930555,0.012464824101616733,0.005126800385470211,0.008137431627064465,0.014853233517851127,0.013368877776014003,0.01749148559114846,0.00026834258522647674,0.00024640926472773627,0.00022693739327818516,0.0004975177103432254,0.0003922768429971784,1.0,0.009234523659702554,0.015019873934177492,0.7017632536297755,False,0.21286386663083023,0.00026834258522647674,0.02020317709697212,0.025170348424592665,0.0196746818925147,0.005495666532077965,1.0,,,,,0.0005319751908458015,7.488963561396836,0.09178946460800412,0.0,31.500163096314072,0.9999880350881575
local_dynamics_counterfactual,expanded_targets_local_fixed,High AD-like perturbation with A1 and expanded target local dynamics held at baseline,1.0,89,2Hz,60.0,0.02,0.5,d695e3c87e6723ff,episodic_expanded_right,0.0006941652891142275,0.016397061115759653,0.006718376018174147,0.008920025988803034,0.017403665172458994,0.018366120879501038,0.02498472210670833,0.0005761899203439136,0.0005573879102994485,0.00042300358112743613,0.000788559613380066,0.000443652518888374,1.0,0.010236543522122537,0.020847172249609566,1.0261230507937293,True,0.24158252868871719,0.0005573879102994485,0.03373977489875257,0.051178078920323306,0.029183669933384292,0.021994408986939013,1.0,,,,,0.0009013864736413524,9.983511413605157,0.14441842242030503,0.2727272727272727,31.500163096314072,0.9999880350881575
local_dynamics_counterfactual,expanded_targets_local_fixed,High AD-like perturbation with A1 and expanded target local dynamics held at baseline,1.0,89,2Hz,60.0,0.02,0.5,d695e3c87e6723ff,shared_auditory_relay,0.0068302087512508505,0.07366228047857348,0.03471755288032847,0.04792650433964609,0.07316401839682868,0.08268713415282462,0.10837751375592551,0.003418836592552737,0.0037425007124153435,0.004319934127737214,0.005414928863330408,0.004648569931075584,1.0,0.04785602896264544,0.09235622186115554,0.9485084673791375,False,0.20357478662444214,0.004319934127737214,0.06051481901599062,0.09431122610719705,0.050843879918754026,0.04346734618844303,1.0,,,,,0.0021545756062807953,13.15680514163973,0.2247846060499456,0.5714285714285714,31.500163096314072,0.9999880350881575
local_dynamics_counterfactual,expanded_targets_local_fixed,High AD-like perturbation with A1 and expanded target local dynamics held at baseline,1.0,89,2Hz,60.0,0.02,0.5,d695e3c87e6723ff,anterior_temporal_context,0.012600015373734466,0.2628674331920336,0.07324623375645296,0.1157407404719872,0.20696257872348586,0.3448990849112851,0.34565323662141473,0.0028945720094755464,0.004998386121150725,0.006684799976814635,0.010242667003738522,0.009825802784961968,1.0,0.1173692315560445,0.34920612201147744,1.5730245971224528,True,0.3026137711024946,0.006684799976814635,0.050587015510724254,0.07789030393395226,0.0415906592588593,0.03629964467509296,1.0,,,,,0.00018164361532369,1.6782881924562019,0.1667513433183679,0.16666666666666666,31.500163096314072,0.9999880350881575
local_dynamics_counterfactual,expanded_targets_local_fixed,High AD-like perturbation with A1 and expanded target local dynamics held at baseline,1.0,89,2Hz,60.0,0.02,0.5,d695e3c87e6723ff,hippocampal_context,0.0017082424028479078,0.03510373928906529,0.013387389548437002,0.020641831236721926,0.04071791682618192,0.03834021758639747,0.05051982441314082,0.0005406507390120938,0.0006139274171487275,0.00036685088916098697,0.0009838342785055832,0.0006459649938343106,1.0,0.0224665159149364,0.044396438903169806,0.9826675506027749,False,0.23626187325319623,0.0006139274171487275,0.016944848889923047,0.02085332964232286,0.01699817191839263,0.0038551577239302297,1.0,,,,,0.0005511491982126415,5.624244478111648,0.10853120292312426,0.0,31.500163096314072,0.9999880350881575
local_dynamics_counterfactual,expanded_targets_local_fixed,High AD-like perturbation with A1 and expanded target local dynamics held at baseline,1.0,89,2Hz,60.0,0.02,0.5,d695e3c87e6723ff,angular_parietal_context,0.006859988203360825,0.0821181137908741,0.02849376290943836,0.0488170006095668,0.08629007246088949,0.10264652361694022,0.11542933809280692,0.0016483903378762504,0.0022733547944169766,0.00142010023576402,0.0052453883553934665,0.002087897268398876,1.0,0.05130103253246704,0.10418142164702446,1.0220382609126122,True,0.2554406493373751,0.002087897268398876,0.01794622090637251,0.022164785686269926,0.018525339470591446,0.0036394462156784796,1.0,,,,,0.00036508780486144143,5.715704343385294,0.09726353262821275,0.0,31.500163096314072,0.9999880350881575
local_dynamics_counterfactual,expanded_targets_local_fixed,High AD-like perturbation with A1 and expanded target local dynamics held at baseline,1.0,89,5Hz,60.0,0.02,0.5,d695e3c87e6723ff,semantic_expanded,0.0010466491814016831,0.018166795178561134,0.004551164947625013,0.016201635385690253,0.01830052573082122,0.023755670817244928,0.02085331628502735,0.0005094463817825578,0.0013192486673764337,0.002118280273840515,0.0008276556327271043,0.0006028315934223783,1.0,0.01326620050979091,0.021847586956627245,0.719718707822449,False,0.24720353030803818,0.0008276556327271043,0.04979475567388953,0.0914958522902628,0.027304222307850613,0.0641916299824122,1.0,,,,,0.0014069694860280313,3.856527292411212,0.18365287552745702,0.3076923076923077,31.72139143982335,0.9999317386347014
local_dynamics_counterfactual,expanded_targets_local_fixed,High AD-like perturbation with A1 and expanded target local dynamics held at baseline,1.0,89,5Hz,60.0,0.02,0.5,d695e3c87e6723ff,episodic_expanded,0.0012129019419217118,0.0216289441460599,0.005656351717433461,0.012284949022685681,0.018095273341872473,0.03169453559073609,0.02849193360136037,0.0008237854946827011,0.0010167282352669365,0.0018950090975324667,0.0009383183758662838,0.0005893089784356037,1.0,0.012208448884749392,0.028017430200604005,1.1984447219486924,True,0.30162809259131335,0.0009383183758662838,0.04657233421453218,0.10281392481307128,0.02736307714264655,0.07545084767042473,1.0,,,,,0.0009608965905738565,5.080264085394863,0.24398035526140405,0.6842105263157895,31.72139143982335,0.9999317386347014
local_dynamics_counterfactual,expanded_targets_local_fixed,High AD-like perturbation with A1 and expanded target local dynamics held at baseline,1.0,89,5Hz,60.0,0.02,0.5,d695e3c87e6723ff,semantic_anatomical_core,0.000990610228500484,0.017430652563102042,0.004384902768206915,0.017569618580852535,0.01864202048001993,0.021389781735307756,0.01942920529468303,0.0004760641854623863,0.0014184568714163373,0.002150872846296301,0.0007076868082890865,0.0006303353206560502,1.0,0.013903013623190331,0.020313466297806844,0.5470388066433618,False,0.22895295790754033,0.0007076868082890865,0.05296933264688122,0.08904341578972262,0.02988452469347739,0.05915889109624523,1.0,,,,,0.0017643518203685482,3.6653558672997475,0.1965316352917285,0.4,31.72139143982335,0.9999317386347014
local_dynamics_counterfactual,expanded_targets_local_fixed,High AD-like perturbation with A1 and expanded target local dynamics held at baseline,1.0,89,5Hz,60.0,0.02,0.5,d695e3c87e6723ff,episodic_anatomical_core,0.0012055934888240138,0.021203571063774712,0.005538966829137538,0.011395491505261758,0.017344883199572836,0.03146782589095458,0.028154143879214104,0.0008527580502568411,0.0009676854104398337,0.0018200855438101195,0.0008758530351170976,0.0005662393061785075,1.0,0.011672599106214725,0.027628844332233362,1.2430493800863769,True,0.30783656551295896,0.0008758530351170976,0.046908293114111585,0.10455511198492481,0.028081992108557018,0.07647311987636779,1.0,,,,,0.0009051659431606462,5.121859213726454,0.24492799462553486,0.75,31.72139143982335,0.9999317386347014
local_dynamics_counterfactual,expanded_targets_local_fixed,High AD-like perturbation with A1 and expanded target local dynamics held at baseline,1.0,89,5Hz,60.0,0.02,0.5,d695e3c87e6723ff,semantic_platel_peaks,0.0010978187179617829,0.019171392652698956,0.004859584512733423,0.013847105524842956,0.017511620418972283,0.026882399308390193,0.023420867242537606,0.0005170187903023999,0.0011323622349722002,0.001990560746526218,0.0006914585746370035,0.0005081971131096933,1.0,0.012112039589155436,0.02410029475382268,0.9926089651491944,False,0.27474283557095197,0.0006914585746370035,0.0451708030398785,0.09517691376579174,0.02383457480341005,0.07134233896238168,1.0,,,,,0.0010546656967523882,4.677542060794613,0.18365287552745702,0.4,31.72139143982335,0.9999317386347014
local_dynamics_counterfactual,expanded_targets_local_fixed,High AD-like perturbation with A1 and expanded target local dynamics held at baseline,1.0,89,5Hz,60.0,0.02,0.5,d695e3c87e6723ff,episodic_platel_peaks,0.0013008592834814468,0.023059897320247193,0.006646057454855211,0.015296772418380884,0.02024025792010028,0.03180812714857011,0.03045058728394692,0.0007955923365899722,0.0013056143647916432,0.0020713141044779444,0.0008901397242754093,0.0008747326823923715,1.0,0.01403467199119507,0.029299534851110177,1.0618824145636034,True,0.2723983457198303,0.0008901397242754093,0.04631925886739224,0.10234986219459465,0.023625679306516257,0.07872418288807839,1.0,,,,,0.0012064217948525857,4.847288022552938,0.22379185678615499,0.5,31.72139143982335,0.9999317386347014
local_dynamics_counterfactual,expanded_targets_local_fixed,High AD-like perturbation with A1 and expanded target local dynamics held at baseline,1.0,89,5Hz,60.0,0.02,0.5,d695e3c87e6723ff,semantic_expanded_left,0.001168012504983485,0.020570880138176827,0.0045237338987840015,0.018209183800642806,0.021112856811022044,0.027934607961358535,0.02224989136869831,0.0005587989313710483,0.001498968524709033,0.0025774194686468328,0.0015817784278308888,0.0006526540842749256,1.0,0.01471137869065333,0.02488491613859116,0.7583390687373011,False,0.26069059777657494,0.001498968524709033,0.049122561708407834,0.09242704021214407,0.02627118616571696,0.06615585404642711,1.0,,,,,0.0006968082608895809,3.856527292411212,0.18365287552745702,0.42857142857142855,31.72139143982335,0.9999317386347014
local_dynamics_counterfactual,expanded_targets_local_fixed,High AD-like perturbation with A1 and expanded target local dynamics held at baseline,1.0,89,5Hz,60.0,0.02,0.5,d695e3c87e6723ff,episodic_expanded_left,0.0013212614207741993,0.023269879562057925,0.005478964648423946,0.012827330765374005,0.019600385634922817,0.035338746049168,0.029672558362180745,0.0008339685741382072,0.0009394562448619532,0.0021142835192648358,0.0012530592822364926,0.00045545763211677417,1.0,0.01289037247847546,0.03028119953232512,1.2321284038607834,True,0.3168169049296029,0.0009394562448619532,0.04484055744291715,0.09638022534168139,0.028045924488409986,0.06833430085327141,1.0,,,,,0.0005859924737349753,5.121859213726454,0.19822925800331015,0.5,31.72139143982335,0.9999317386347014
local_dynamics_counterfactual,expanded_targets_local_fixed,High AD-like perturbation with A1 and expanded target local dynamics held at baseline,1.0,89,5Hz,60.0,0.02,0.5,d695e3c87e6723ff,semantic_expanded_right,0.000905058637222914,0.016043671677775973,0.004578762333049333,0.014415417629074839,0.015862810278219154,0.020201890671167917,0.019544401043465755,0.0004644525988526011,0.0011610764453592053,0.001740931723813516,0.0004330656142050629,0.0005568124658744672,1.0,0.011962989986641486,0.01918097907861432,0.6810983469075955,False,0.23371646283950157,0.0005568124658744672,0.05046694963937123,0.09056466436838152,0.028337258449984266,0.06222740591839726,1.0,,,,,0.0014617970793529,3.8602441347646366,0.1861218696667116,0.16666666666666666,31.72139143982335,0.9999317386347014
local_dynamics_counterfactual,expanded_targets_local_fixed,High AD-like perturbation with A1 and expanded target local dynamics held at baseline,1.0,89,5Hz,60.0,0.02,0.5,d695e3c87e6723ff,episodic_expanded_right,0.0011340950482108115,0.020103723512009734,0.005839481873736091,0.011765500964345445,0.016705738520453848,0.028426124257911724,0.02735828405611962,0.0008137267545733194,0.0011003559878841613,0.0016984758415841375,0.0007026334563492528,0.0007624969867137393,1.0,0.011562600260032696,0.025922896291071848,1.164761040036602,True,0.28643928025302373,0.0008137267545733194,0.0483041109861472,0.10924762428446115,0.026680229796883115,0.08256739448757804,1.0,,,,,0.0011300664532947202,4.949114828297139,0.2614390837196092,0.8181818181818182,31.72139143982335,0.9999317386347014
local_dynamics_counterfactual,expanded_targets_local_fixed,High AD-like perturbation with A1 and expanded target local dynamics held at baseline,1.0,89,5Hz,60.0,0.02,0.5,d695e3c87e6723ff,shared_auditory_relay,0.008002142638478635,0.07481867053034819,0.02758690362061467,0.0438538626419366,0.060668851421311606,0.09121988601201593,0.10910812771239121,0.0043144337059442435,0.004368032398117966,0.006443644939672321,0.004088076223198148,0.007019807109646819,1.0,0.04416802138629145,0.09584789264052608,1.1177445076308603,True,0.25120253572078516,0.004368032398117966,0.05848643315393645,0.12121747869102603,0.038810436880626714,0.08240704181039932,1.0,,,,,0.0026383106962842295,5.983777460076256,0.3034214810803519,0.7857142857142857,31.72139143982335,0.9999317386347014
local_dynamics_counterfactual,expanded_targets_local_fixed,High AD-like perturbation with A1 and expanded target local dynamics held at baseline,1.0,89,5Hz,60.0,0.02,0.5,d695e3c87e6723ff,anterior_temporal_context,0.01972157094774424,0.22383793355878423,0.06489761256737432,0.08144546818833334,0.19077603773472013,0.3305928882300404,0.21952193819043536,0.010452494562565952,0.010676150108026066,0.03535588422777939,0.04895188227101018,0.027567716427680355,1.0,0.09341444391178626,0.2967836217351321,1.667693933327146,True,0.2768702492636134,0.027567716427680355,0.01548882604557204,0.039979188407313515,0.011990045037365319,0.027989143369948198,1.0,,,,,0.0006723619979390194,3.6728525431626267,0.17879451156723186,0.2777777777777778,31.72139143982335,0.9999317386347014
local_dynamics_counterfactual,expanded_targets_local_fixed,High AD-like perturbation with A1 and expanded target local dynamics held at baseline,1.0,89,5Hz,60.0,0.02,0.5,d695e3c87e6723ff,hippocampal_context,0.002998752166219835,0.04741079899578855,0.010984969938678438,0.020849778162622182,0.04246792545483397,0.07294302012206738,0.05858324451768855,0.0006799424924046221,0.00076360887421213,0.0026985020520238464,0.0014564398110367333,0.001456290315925222,1.0,0.026189024453287246,0.0616441470880813,1.2350016019202863,True,0.33183261246847,0.001456290315925222,0.02708023119647976,0.06331588992873752,0.01614177672507027,0.047174113203667246,1.0,,,,,0.000153860752453161,3.483815726165905,0.12182508058705763,0.0,31.72139143982335,0.9999317386347014
local_dynamics_counterfactual,expanded_targets_local_fixed,High AD-like perturbation with A1 and expanded target local dynamics held at baseline,1.0,89,5Hz,60.0,0.02,0.5,d695e3c87e6723ff,angular_parietal_context,0.008192750991640583,0.09124979017433169,0.02431987300243062,0.05173551325210011,0.07288917133085246,0.12813168034659292,0.12470260538386532,0.0025757860939677924,0.0038759510776877914,0.00561857336631382,0.007336421455023504,0.004059364477743337,1.0,0.04811217407078965,0.11954788391066695,1.3131146956200421,True,0.3012484195439673,0.004059364477743337,0.028143365082700995,0.06928930504208851,0.015793740049401896,0.05349556499268661,1.0,,,,,0.00030356043077045536,4.401218980902637,0.16163289417177745,0.0,31.72139143982335,0.9999317386347014
local_dynamics_counterfactual,expanded_targets_local_fixed,High AD-like perturbation with A1 and expanded target local dynamics held at baseline,1.0,107,pulse,60.0,0.02,0.5,d695e3c87e6723ff,semantic_expanded,0.0001356272166598355,0.003608795004971832,,,,,,,,,,,1.0,,,,False,,,,,,,,369.5,369.5,1.0,0.019827656147181683,,,,,,
local_dynamics_counterfactual,expanded_targets_local_fixed,High AD-like perturbation with A1 and expanded target local dynamics held at baseline,1.0,107,pulse,60.0,0.02,0.5,d695e3c87e6723ff,episodic_expanded,0.0001973802151563242,0.005284576602067492,,,,,,,,,,,1.0,,,,False,,,,,,,,267.0,267.0,1.0,0.010343231236962869,,,,,,
local_dynamics_counterfactual,expanded_targets_local_fixed,High AD-like perturbation with A1 and expanded target local dynamics held at baseline,1.0,107,pulse,60.0,0.02,0.5,d695e3c87e6723ff,semantic_anatomical_core,0.00012684973705568624,0.003387348986181061,,,,,,,,,,,1.0,,,,False,,,,,,,,381.0,381.0,1.0,0.021521165908293855,,,,,,
local_dynamics_counterfactual,expanded_targets_local_fixed,High AD-like perturbation with A1 and expanded target local dynamics held at baseline,1.0,107,pulse,60.0,0.02,0.5,d695e3c87e6723ff,episodic_anatomical_core,0.0002019589617343125,0.005393988926326339,,,,,,,,,,,1.0,,,,False,,,,,,,,249.0,249.0,1.0,0.010020785656708888,,,,,,
local_dynamics_counterfactual,expanded_targets_local_fixed,High AD-like perturbation with A1 and expanded target local dynamics held at baseline,1.0,107,pulse,60.0,0.02,0.5,d695e3c87e6723ff,semantic_platel_peaks,0.00014550272733994553,0.003916159463118514,,,,,,,,,,,1.0,,,,False,,,,,,,,336.5,336.5,1.0,0.01189978902227168,,,,,,
local_dynamics_counterfactual,expanded_targets_local_fixed,High AD-like perturbation with A1 and expanded target local dynamics held at baseline,1.0,107,pulse,60.0,0.02,0.5,d695e3c87e6723ff,episodic_platel_peaks,0.00019318514822749716,0.005140504952485256,,,,,,,,,,,1.0,,,,False,,,,,,,,293.0,293.0,1.0,0.0203648144249733,,,,,,
local_dynamics_counterfactual,expanded_targets_local_fixed,High AD-like perturbation with A1 and expanded target local dynamics held at baseline,1.0,107,pulse,60.0,0.02,0.5,d695e3c87e6723ff,semantic_expanded_left,0.00014050528866474022,0.0037667122373370708,,,,,,,,,,,1.0,,,,False,,,,,,,,396.0,396.0,1.0,0.01189978902227168,,,,,,
local_dynamics_counterfactual,expanded_targets_local_fixed,High AD-like perturbation with A1 and expanded target local dynamics held at baseline,1.0,107,pulse,60.0,0.02,0.5,d695e3c87e6723ff,episodic_expanded_left,0.00020109350003138807,0.005390981041464935,,,,,,,,,,,1.0,,,,False,,,,,,,,266.0,266.0,1.0,0.009686180215120695,,,,,,
local_dynamics_counterfactual,expanded_targets_local_fixed,High AD-like perturbation with A1 and expanded target local dynamics held at baseline,1.0,107,pulse,60.0,0.02,0.5,d695e3c87e6723ff,semantic_expanded_right,0.00012993613265411337,0.003457498361254355,,,,,,,,,,,1.0,,,,False,,,,,,,,343.0,343.0,1.0,0.021521165908293855,,,,,,
local_dynamics_counterfactual,expanded_targets_local_fixed,High AD-like perturbation with A1 and expanded target local dynamics held at baseline,1.0,107,pulse,60.0,0.02,0.5,d695e3c87e6723ff,episodic_expanded_right,0.00019467964433809586,0.005180272319327326,,,,,,,,,,,1.0,,,,False,,,,,,,,268.0,268.0,1.0,0.012003484704996235,,,,,,
local_dynamics_counterfactual,expanded_targets_local_fixed,High AD-like perturbation with A1 and expanded target local dynamics held at baseline,1.0,107,pulse,60.0,0.02,0.5,d695e3c87e6723ff,shared_auditory_relay,0.0004831940371949386,0.012295463057912664,,,,,,,,,,,1.0,,,,False,,,,,,,,286.0,252.5,0.9285714285714286,0.006039727824057086,,,,,,
local_dynamics_counterfactual,expanded_targets_local_fixed,High AD-like perturbation with A1 and expanded target local dynamics held at baseline,1.0,107,pulse,60.0,0.02,0.5,d695e3c87e6723ff,anterior_temporal_context,0.0004963364788315639,0.013033455255840947,,,,,,,,,,,1.0,,,,False,,,,,,,,453.0,446.0,0.9444444444444444,0.021788147129449435,,,,,,
local_dynamics_counterfactual,expanded_targets_local_fixed,High AD-like perturbation with A1 and expanded target local dynamics held at baseline,1.0,107,pulse,60.0,0.02,0.5,d695e3c87e6723ff,hippocampal_context,0.000533603170060397,0.011675992508202306,,,,,,,,,,,1.0,,,,False,,,,,,,,627.0,627.0,1.0,0.004093236610007046,,,,,,
local_dynamics_counterfactual,expanded_targets_local_fixed,High AD-like perturbation with A1 and expanded target local dynamics held at baseline,1.0,107,pulse,60.0,0.02,0.5,d695e3c87e6723ff,angular_parietal_context,0.0008530385498277285,0.015531118537178742,,,,,,,,,,,1.0,,,,False,,,,,,,,1075.0,705.5,0.8333333333333334,0.01778113050249127,,,,,,
local_dynamics_counterfactual,expanded_targets_local_fixed,High AD-like perturbation with A1 and expanded target local dynamics held at baseline,1.0,107,2Hz,60.0,0.02,0.5,d695e3c87e6723ff,semantic_expanded,0.00045175229388269914,0.010582936703575942,0.005442891225888659,0.009089839951837427,0.012790754031577357,0.01115362845127053,0.01319191108223254,0.0002794609251899701,0.0003408582202709091,0.0002988670811004677,0.00040649070147146167,0.000238712218583952,1.0,0.009240393767165728,0.011800142126777225,0.35277799962192663,False,0.14248016300674032,0.0002988670811004677,0.019214413383033774,0.013363495010309917,0.02375316948446779,0.010389674474157872,1.0,,,,,0.0007852132798399358,8.95742227926003,0.18062240367347415,0.46153846153846156,31.503835896104984,0.9999915111125826
local_dynamics_counterfactual,expanded_targets_local_fixed,High AD-like perturbation with A1 and expanded target local dynamics held at baseline,1.0,107,2Hz,60.0,0.02,0.5,d695e3c87e6723ff,episodic_expanded,0.0005817137961603751,0.013701617890065278,0.007237915292930078,0.011533385342364226,0.014275177452659549,0.01397680647732148,0.01950559936782642,0.000570121745679059,0.0006795680762351088,0.0005443702516167261,0.0006899967345479961,0.0005069216200445417,1.0,0.011251841074635567,0.01580423748803933,0.49015035004001933,False,0.15688515604409037,0.000570121745679059,0.03425199408818051,0.03318471180176335,0.03536076302684153,0.0021760512250781835,1.0,,,,,0.0015854456555308705,11.913253922528506,0.33102390253976594,1.0,31.503835896104984,0.9999915111125826
local_dynamics_counterfactual,expanded_targets_local_fixed,High AD-like perturbation with A1 and expanded target local dynamics held at baseline,1.0,107,2Hz,60.0,0.02,0.5,d695e3c87e6723ff,semantic_anatomical_core,0.00041957537881387073,0.009880299495924573,0.005202822159351034,0.00867216292856651,0.011928929046861473,0.010663273186810854,0.012022463082750026,0.000236679844564172,0.0002949456982748861,0.00026707666876417434,0.000360310780284823,0.00020552404758163073,1.0,0.008803364855667403,0.010880648121673903,0.3056375287101725,False,0.13574594901920498,0.00026707666876417434,0.017860176598685693,0.010687765404300843,0.02348519215744889,0.012797426753148046,1.0,,,,,0.0007616249375214101,10.001764920618832,0.150155622932779,0.3,31.503835896104984,0.9999915111125826
local_dynamics_counterfactual,expanded_targets_local_fixed,High AD-like perturbation with A1 and expanded target local dynamics held at baseline,1.0,107,2Hz,60.0,0.02,0.5,d695e3c87e6723ff,episodic_anatomical_core,0.0005750675883221795,0.013541981663725132,0.0071454244028775725,0.011484477851369882,0.013874146476739279,0.013721089697340524,0.019490816884114647,0.000598472288563307,0.0007099461446077906,0.0005613518911694689,0.0007086887625306085,0.0005255709159356048,1.0,0.01109334159942447,0.01564339424558147,0.4958595694540252,False,0.15760578472370926,0.000598472288563307,0.03633828459560012,0.035902911180827266,0.036977590912418146,0.0010746797315908801,1.0,,,,,0.001898977932193624,12.247274044957138,0.3417910880245757,1.0,31.503835896104984,0.9999915111125826
local_dynamics_counterfactual,expanded_targets_local_fixed,High AD-like perturbation with A1 and expanded target local dynamics held at baseline,1.0,107,2Hz,60.0,0.02,0.5,d695e3c87e6723ff,semantic_platel_peaks,0.0005055144842351304,0.011969567039807148,0.005875609426680107,0.009876152384970334,0.01413015724999657,0.012263787679022696,0.015742090362695024,0.0003231146362614299,0.00038217072758342437,0.00033923530459237385,0.0004531272848036555,0.0002547253780666073,1.0,0.009982424066723538,0.013711522233578594,0.4579266480791073,False,0.15780085349889503,0.00033923530459237385,0.01879211078266732,0.015445408168444266,0.021218218705257322,0.0057728105368130556,1.0,,,,,0.0007852132798399358,5.053425387965729,0.2949776331750543,0.8,31.503835896104984,0.9999915111125826
local_dynamics_counterfactual,expanded_targets_local_fixed,High AD-like perturbation with A1 and expanded target local dynamics held at baseline,1.0,107,2Hz,60.0,0.02,0.5,d695e3c87e6723ff,episodic_platel_peaks,0.000643499384809359,0.015200794756899002,0.008389456475452204,0.012125934378036083,0.015430543960296016,0.016433220387754473,0.021435738512458582,0.0005233521013093916,0.0006269280914339381,0.0005542874553493038,0.0006803472189523163,0.00047478329552981476,1.0,0.012280587928778591,0.01766702371610969,0.5246793851524083,False,0.15726285259059442,0.0005542874553493038,0.026869839969793446,0.025684215232280674,0.028437944951651948,0.0027537297193712743,1.0,,,,,0.0011308036232542396,8.584217040355083,0.29328827359757614,1.0,31.503835896104984,0.9999915111125826
local_dynamics_counterfactual,expanded_targets_local_fixed,High AD-like perturbation with A1 and expanded target local dynamics held at baseline,1.0,107,2Hz,60.0,0.02,0.5,d695e3c87e6723ff,semantic_expanded_left,0.00047313227513077306,0.011108634746478996,0.005081776823332327,0.009842311357322204,0.013927809676619317,0.01137143359056571,0.013764977016514437,0.00030111530734582866,0.000358020932409725,0.0002879829014607202,0.00042662419254367313,0.00026321304771742283,1.0,0.00962871059059506,0.012443371867730283,0.3699629551249188,False,0.15417698201502722,0.00030111530734582866,0.01913826249940382,0.014355596517975844,0.022478881832553706,0.008123285314577861,1.0,,,,,0.0007852132798399358,11.402893401898059,0.2949776331750543,0.5714285714285714,31.503835896104984,0.9999915111125826
local_dynamics_counterfactual,expanded_targets_local_fixed,High AD-like perturbation with A1 and expanded target local dynamics held at baseline,1.0,107,2Hz,60.0,0.02,0.5,d695e3c87e6723ff,episodic_expanded_left,0.0005823478381412994,0.01367289819221341,0.006925736297026128,0.01181039733475855,0.015371500211313272,0.01347749356339763,0.018985868168884867,0.0005802441885029022,0.0006911688765589111,0.0005263552361945324,0.0006916893071098703,0.0005366409847329431,1.0,0.011488979113946167,0.015589925715850326,0.44036344489028606,False,0.15501339681805326,0.0005802441885029022,0.03505446597561901,0.03258323611732309,0.036895186546721914,0.004311950429398824,1.0,,,,,0.001898977932193624,12.598591823284629,0.32337251128056455,1.0,31.503835896104984,0.9999915111125826
local_dynamics_counterfactual,expanded_targets_local_fixed,High AD-like perturbation with A1 and expanded target local dynamics held at baseline,1.0,107,2Hz,60.0,0.02,0.5,d695e3c87e6723ff,semantic_expanded_right,0.00042680898242661286,0.010082116464167129,0.005829666655339139,0.008394897026758925,0.01174652673283971,0.010939995088411952,0.01264270312930728,0.00025936379454246245,0.0003245182496572246,0.00031016262324066025,0.00038730736153891706,0.0002164920158610385,1.0,0.00886773739525164,0.01119016257749606,0.33559304411893454,False,0.13078334399845382,0.00031016262324066025,0.01929056426666373,0.01237139350264399,0.02502745713638187,0.01265606363373788,1.0,,,,,0.0008062482435522433,7.926408207779735,0.1715193636055759,0.3333333333333333,31.503835896104984,0.9999915111125826
local_dynamics_counterfactual,expanded_targets_local_fixed,High AD-like perturbation with A1 and expanded target local dynamics held at baseline,1.0,107,2Hz,60.0,0.02,0.5,d695e3c87e6723ff,episodic_expanded_right,0.0005812526747197029,0.01373039791317028,0.007564165821636323,0.011262870645679383,0.013257046384772462,0.014494617889117975,0.020039558018299316,0.0005601758903174473,0.0006681619874683765,0.0005630018483101703,0.0006883083037327815,0.00047884812412615513,1.0,0.011019597678193622,0.016021495363791344,0.5399372551897498,False,0.15875691527012725,0.0005630018483101703,0.033449522200742016,0.03378618748620361,0.03382633950696115,4.015202075754315e-05,1.0,,,,,0.0014992672607636592,9.9820745033929,0.3474205226121435,1.0,31.503835896104984,0.9999915111125826
local_dynamics_counterfactual,expanded_targets_local_fixed,High AD-like perturbation with A1 and expanded target local dynamics held at baseline,1.0,107,2Hz,60.0,0.02,0.5,d695e3c87e6723ff,shared_auditory_relay,0.006774545622612511,0.06986540305113977,0.03466769030819619,0.052380572172681626,0.06295978355689666,0.07638727910448619,0.10505011438014683,0.003103790085548832,0.003687489210108538,0.004243076361398167,0.0049119603603788985,0.005164206210659747,1.0,0.04970119449884874,0.08515642028928952,0.7768347792920924,False,0.1871564398290333,0.004243076361398167,0.06358046794629059,0.07743318990534423,0.05739047965839489,0.02004271024694934,1.0,,,,,0.0031762189550996744,13.073211655501071,0.40590937978004515,0.7857142857142857,31.503835896104984,0.9999915111125826
local_dynamics_counterfactual,expanded_targets_local_fixed,High AD-like perturbation with A1 and expanded target local dynamics held at baseline,1.0,107,2Hz,60.0,0.02,0.5,d695e3c87e6723ff,anterior_temporal_context,0.012060202284307013,0.21996591306410718,0.06988765945041835,0.13959048502688304,0.25241641097171946,0.25234995140666283,0.2336384416596049,0.0029171369331192033,0.00714434780774336,0.009562523607210077,0.009338923520883865,0.008926469622860854,1.0,0.1671382543538382,0.2475295511954026,0.5665587978443349,False,0.21682806323262094,0.008926469622860854,0.05299638066129924,0.06519985243986848,0.047203428160982316,0.01799642427888616,1.0,,,,,0.00031211843520956295,0.8456390131654816,0.2543633491033247,0.4444444444444444,31.503835896104984,0.9999915111125826
local_dynamics_counterfactual,expanded_targets_local_fixed,High AD-like perturbation with A1 and expanded target local dynamics held at baseline,1.0,107,2Hz,60.0,0.02,0.5,d695e3c87e6723ff,hippocampal_context,0.0015548094848262407,0.031013894091012732,0.015131403538629965,0.026886873183725346,0.03978421378572254,0.02916139157038972,0.03953919191951764,0.0005869109144663169,0.0010612346657571865,0.0005154391257665459,0.0008340252737497091,0.0006312914275028509,1.0,0.027650970303690098,0.034025543814297156,0.299288112689161,False,0.14443163629051756,0.0006312914275028509,0.013775833052029958,0.009142785191467849,0.01808886245564091,0.008946077264173062,1.0,,,,,0.0008625044183659392,6.514028560373306,0.2491435935135159,0.5,31.503835896104984,0.9999915111125826
local_dynamics_counterfactual,expanded_targets_local_fixed,High AD-like perturbation with A1 and expanded target local dynamics held at baseline,1.0,107,2Hz,60.0,0.02,0.5,d695e3c87e6723ff,angular_parietal_context,0.007594035205512045,0.0765358444581319,0.03137895786769096,0.05211241203067859,0.07538083945387253,0.08208083374193514,0.10886484946350147,0.0015120400788630457,0.0024051042089189615,0.0014140757215514593,0.004305338270466841,0.0030550174836144746,1.0,0.05006719547715097,0.09240724037809925,0.8841402505886251,False,0.21223780407111753,0.0024051042089189615,0.014728710412294989,0.013818498731535366,0.01608594811513172,0.002267449383596354,1.0,,,,,0.0006997165416911533,5.256037934912622,0.169870985061306,0.3333333333333333,31.503835896104984,0.9999915111125826
local_dynamics_counterfactual,expanded_targets_local_fixed,High AD-like perturbation with A1 and expanded target local dynamics held at baseline,1.0,107,5Hz,60.0,0.02,0.5,d695e3c87e6723ff,semantic_expanded,0.0006346089728794556,0.011111132821214962,0.003951993865948571,0.010937670347020385,0.013268014896575276,0.013721928325151875,0.010710818716132898,0.0003855657926984527,0.0007604374791186989,0.00027975548647656153,0.0008905239952283173,0.0005881130844254785,1.0,0.009599788373011448,0.012435318603156704,0.37336896393273705,False,0.1602005023458225,0.0005881130844254785,0.04235056939455912,0.04889455441861357,0.03843151999526327,0.010463034423350295,1.0,,,,,0.002071489130319515,2.1997286811552565,0.12016559192287753,0.15384615384615385,31.78473988780987,0.9999536742514625
local_dynamics_counterfactual,expanded_targets_local_fixed,High AD-like perturbation with A1 and expanded target local dynamics held at baseline,1.0,107,5Hz,60.0,0.02,0.5,d695e3c87e6723ff,episodic_expanded,0.0007641973546897565,0.01358534929264484,0.00550428953777142,0.012091332771934415,0.015487412842662746,0.017492784589313144,0.014207317193149355,0.0007743064238060007,0.0009280571880243602,0.0005768803875128275,0.0009767874826804776,0.001047139675073317,1.0,0.01114279671474734,0.015655137477570028,0.4905247996315521,False,0.1634399230129475,0.0009280571880243602,0.055434209034334235,0.06760762822641352,0.048517459137851486,0.01909016908856203,1.0,,,,,0.0036382307914606393,6.346343277097559,0.23353521870698152,0.8421052631578947,31.78473988780987,0.9999536742514625
local_dynamics_counterfactual,expanded_targets_local_fixed,High AD-like perturbation with A1 and expanded target local dynamics held at baseline,1.0,107,5Hz,60.0,0.02,0.5,d695e3c87e6723ff,semantic_anatomical_core,0.0006043248463317106,0.010665439942971353,0.0036951199299709065,0.010907180343112104,0.012900081908702194,0.012984806010094366,0.00999230768871462,0.00033670487280077095,0.0007694932836334076,0.0002204396169257142,0.0009192996070329509,0.000505455781183223,1.0,0.00942569612962483,0.011777330161484757,0.3213414504593896,False,0.1560969845910453,0.000505455781183223,0.04145855704024677,0.047051182451279275,0.03791556455643587,0.009135617894843406,1.0,,,,,0.002015699199552745,0.7549517586420074,0.11604221136902741,0.1,31.78473988780987,0.9999536742514625
local_dynamics_counterfactual,expanded_targets_local_fixed,High AD-like perturbation with A1 and expanded target local dynamics held at baseline,1.0,107,5Hz,60.0,0.02,0.5,d695e3c87e6723ff,episodic_anatomical_core,0.0007572907180016185,0.013352342465918375,0.005452322381137069,0.011829226907704589,0.015138030324705454,0.01726875212723955,0.014013463578266792,0.0008136539830407849,0.0009321774733171591,0.0006212086706194024,0.0009817029657857106,0.0010823702009393648,1.0,0.010919135366419433,0.015411179506407538,0.4971186631166729,False,0.16347748272398152,0.0009321774733171591,0.05827310727625431,0.07067556449812129,0.05131809610279931,0.01935746839532198,1.0,,,,,0.003928306771442069,6.517357972910993,0.2515714208014037,1.0,31.78473988780987,0.9999536742514625
local_dynamics_counterfactual,expanded_targets_local_fixed,High AD-like perturbation with A1 and expanded target local dynamics held at baseline,1.0,107,5Hz,60.0,0.02,0.5,d695e3c87e6723ff,semantic_platel_peaks,0.0006721383609076574,0.01189120229608244,0.004382359876350108,0.011004870660977054,0.013732716496555719,0.015083625815186207,0.012168546323975706,0.00041776834401958306,0.0007200103922828087,0.00034815306791190865,0.0008255923973313445,0.000662488995591322,1.0,0.009856543802698462,0.01362563373084566,0.46716957213304944,False,0.1700797502577479,0.000662488995591322,0.04012172222814121,0.04963975925991481,0.034519657414645626,0.015120101845269185,1.0,,,,,0.0022708168628687853,2.431084804884711,0.12016559192287753,0.2,31.78473988780987,0.9999536742514625
local_dynamics_counterfactual,expanded_targets_local_fixed,High AD-like perturbation with A1 and expanded target local dynamics held at baseline,1.0,107,5Hz,60.0,0.02,0.5,d695e3c87e6723ff,episodic_platel_peaks,0.0008330920889222962,0.014766261236048909,0.006244148170822391,0.01314321701932015,0.01686969324461401,0.01885486636380986,0.015402892899045765,0.0007121037323671301,0.001001073521674288,0.00045528310835011356,0.0009897532062729739,0.0009699361753454759,1.0,0.012052585182509394,0.017051387511144038,0.5005465133633229,False,0.15629339007052262,0.0009699361753454759,0.04621464525801773,0.06094594776946819,0.037405212145329554,0.023540735624138637,1.0,,,,,0.0023023585012368897,2.5990486566570423,0.16819496158095326,0.25,31.78473988780987,0.9999536742514625
local_dynamics_counterfactual,expanded_targets_local_fixed,High AD-like perturbation with A1 and expanded target local dynamics held at baseline,1.0,107,5Hz,60.0,0.02,0.5,d695e3c87e6723ff,semantic_expanded_left,0.0006799238179863225,0.01197316535014923,0.003824188836524684,0.011986653602639107,0.014048229442613329,0.014184179136955608,0.012653882568569108,0.00041915766362654225,0.0008289383535581743,0.0003453086198245218,0.0009722802080278809,0.0007308911796936358,1.0,0.01037756187631187,0.013370757933498728,0.3656137141715022,False,0.18477812996819276,0.0007308911796936358,0.04496435981734738,0.04985353369399189,0.04218789026470216,0.0076656434292897285,1.0,,,,,0.0022708168628687853,2.431084804884711,0.12008156811754744,0.14285714285714285,31.78473988780987,0.9999536742514625
local_dynamics_counterfactual,expanded_targets_local_fixed,High AD-like perturbation with A1 and expanded target local dynamics held at baseline,1.0,107,5Hz,60.0,0.02,0.5,d695e3c87e6723ff,episodic_expanded_left,0.0008051302482663906,0.014177996616518177,0.005336070164096704,0.01265672312458958,0.01630176620806895,0.018229367547766752,0.014868473423466273,0.0007828195555143557,0.0008965086990584018,0.0006476783962907164,0.0010503083757090327,0.0010821627137457593,1.0,0.011710414080371266,0.016280818933246417,0.4753811792499275,False,0.17415872765070245,0.0008965086990584018,0.055818721821032244,0.06434343609970246,0.05133626414601166,0.013007171953690798,1.0,,,,,0.003928306771442069,7.176203080924811,0.25681425006956465,1.0,31.78473988780987,0.9999536742514625
local_dynamics_counterfactual,expanded_targets_local_fixed,High AD-like perturbation with A1 and expanded target local dynamics held at baseline,1.0,107,5Hz,60.0,0.02,0.5,d695e3c87e6723ff,semantic_expanded_right,0.0005817416535881109,0.010311164087376578,0.004084070160794822,0.00998048634639359,0.012531132126996018,0.013274741889717773,0.009066121559782692,0.0003546660204491432,0.0006975973028226151,0.0002266469115468624,0.0008156424244055613,0.0004732263976936067,1.0,0.008880307138130743,0.01156532408492652,0.38112421369397176,False,0.13562287472345202,0.0004732263976936067,0.03973677897177086,0.047935575143235244,0.03467514972582439,0.013260425417410855,1.0,,,,,0.002015699199552745,1.7164587804292624,0.16198222249479077,0.16666666666666666,31.78473988780987,0.9999536742514625
local_dynamics_counterfactual,expanded_targets_local_fixed,High AD-like perturbation with A1 and expanded target local dynamics held at baseline,1.0,107,5Hz,60.0,0.02,0.5,d695e3c87e6723ff,episodic_expanded_right,0.0007344279775431135,0.013017474922242579,0.005677812019690466,0.011551199055434504,0.014713740431411092,0.016785964290110457,0.01357556058903729,0.0007658858720683093,0.0009607158805578695,0.0005138213400398397,0.0009084130036354036,0.0010132501195843848,1.0,0.010602692421807836,0.015053501328556804,0.5056684200131758,False,0.15272111837519212,0.0009084130036354036,0.055049696247636226,0.07087182035312457,0.04569865412969131,0.025173166223433262,1.0,,,,,0.003385000619105072,5.059206001029687,0.23253387086929284,0.7272727272727273,31.78473988780987,0.9999536742514625
local_dynamics_counterfactual,expanded_targets_local_fixed,High AD-like perturbation with A1 and expanded target local dynamics held at baseline,1.0,107,5Hz,60.0,0.02,0.5,d695e3c87e6723ff,shared_auditory_relay,0.007436915479097064,0.05899175706161418,0.026178243746585297,0.04568757403336138,0.05891128443500809,0.07145120645197149,0.07425863062009831,0.004068583662210293,0.0043615668349844755,0.0043784022119949615,0.005174029436233305,0.007565292603726867,1.0,0.04203716764328241,0.07140710553873145,0.7644021728200864,False,0.18267686648337084,0.0043784022119949615,0.08022100125314108,0.09777648153718188,0.0715975412281839,0.026178940308997978,1.0,,,,,0.007441537431144063,8.39856694117536,0.3069669425574454,0.7857142857142857,31.78473988780987,0.9999536742514625
local_dynamics_counterfactual,expanded_targets_local_fixed,High AD-like perturbation with A1 and expanded target local dynamics held at baseline,1.0,107,5Hz,60.0,0.02,0.5,d695e3c87e6723ff,anterior_temporal_context,0.009552353167177115,0.14415258840664805,0.062453131516374924,0.0790817275215068,0.12139414111132572,0.16974273224404826,0.21686086076129257,0.010150908719784827,0.009648151059832053,0.01956669195001409,0.012578587810394627,0.03303637601205221,1.0,0.0814057723947481,0.18605678709562343,1.1925400157869204,True,0.234689063599516,0.012578587810394627,0.034071122482437544,0.03501875164203657,0.03606117999923878,0.0010424283572022103,1.0,,,,,0.0029811586330522055,2.034164700877839,0.1987298031262162,0.3888888888888889,31.78473988780987,0.9999536742514625
local_dynamics_counterfactual,expanded_targets_local_fixed,High AD-like perturbation with A1 and expanded target local dynamics held at baseline,1.0,107,5Hz,60.0,0.02,0.5,d695e3c87e6723ff,hippocampal_context,0.002099538143733341,0.03153729516292025,0.011300743241685118,0.02584279697052981,0.03827099633861617,0.04047519658513737,0.03285366719398384,0.0006783827922090999,0.0011425674472135261,0.0008859853081295277,0.0009305993732067934,0.0013373919972976616,1.0,0.025045604428292918,0.03691629654621047,0.5597003999175894,False,0.18632746883537946,0.0009305993732067934,0.02968813858074604,0.03253433522987423,0.0291865814220456,0.003347753807828629,1.0,,,,,0.0019336878264175628,4.641924491756839,0.18324557563560334,0.5,31.78473988780987,0.9999536742514625
local_dynamics_counterfactual,expanded_targets_local_fixed,High AD-like perturbation with A1 and expanded target local dynamics held at baseline,1.0,107,5Hz,60.0,0.02,0.5,d695e3c87e6723ff,angular_parietal_context,0.00623489725577378,0.061140587868805024,0.02408054679615435,0.04866392222189184,0.06097627089017425,0.07786547838710195,0.07389202776461669,0.002416904748179223,0.0034180507521228464,0.00240118675553446,0.004764463596212706,0.005112038932005311,1.0,0.04444281540058453,0.07357666805052603,0.7272981320835844,False,0.19566161924984804,0.0034180507521228464,0.03265964615893001,0.04338218752210915,0.0274089905972037,0.01597319692490545,1.0,,,,,0.0018251502237486283,4.888366483922088,0.1755082196080059,0.16666666666666666,31.78473988780987,0.9999536742514625
local_dynamics_counterfactual,expanded_targets_local_fixed,High AD-like perturbation with A1 and expanded target local dynamics held at baseline,1.0,127,pulse,60.0,0.02,0.5,d695e3c87e6723ff,semantic_expanded,0.00014507396814031226,0.0038609669266739233,,,,,,,,,,,1.0,,,,False,,,,,,,,428.5,428.5,1.0,0.0009277367942738714,,,,,,
local_dynamics_counterfactual,expanded_targets_local_fixed,High AD-like perturbation with A1 and expanded target local dynamics held at baseline,1.0,127,pulse,60.0,0.02,0.5,d695e3c87e6723ff,episodic_expanded,0.00020633499730314344,0.0055325901699052405,,,,,,,,,,,1.0,,,,False,,,,,,,,308.0,308.0,1.0,0.0009261519046274389,,,,,,
local_dynamics_counterfactual,expanded_targets_local_fixed,High AD-like perturbation with A1 and expanded target local dynamics held at baseline,1.0,127,pulse,60.0,0.02,0.5,d695e3c87e6723ff,semantic_anatomical_core,0.0001364410970995257,0.0036461465146684128,,,,,,,,,,,1.0,,,,False,,,,,,,,464.0,464.0,1.0,0.0009897889052491345,,,,,,
local_dynamics_counterfactual,expanded_targets_local_fixed,High AD-like perturbation with A1 and expanded target local dynamics held at baseline,1.0,127,pulse,60.0,0.02,0.5,d695e3c87e6723ff,episodic_anatomical_core,0.0002107487033943859,0.005633338342995194,,,,,,,,,,,1.0,,,,False,,,,,,,,287.5,287.5,1.0,0.0007298438793449545,,,,,,
local_dynamics_counterfactual,expanded_targets_local_fixed,High AD-like perturbation with A1 and expanded target local dynamics held at baseline,1.0,127,pulse,60.0,0.02,0.5,d695e3c87e6723ff,semantic_platel_peaks,0.00015403924884535122,0.004146856589077299,,,,,,,,,,,1.0,,,,False,,,,,,,,390.0,390.0,1.0,0.00074181480256151,,,,,,
local_dynamics_counterfactual,expanded_targets_local_fixed,High AD-like perturbation with A1 and expanded target local dynamics held at baseline,1.0,127,pulse,60.0,0.02,0.5,d695e3c87e6723ff,episodic_platel_peaks,0.00020296341813461592,0.005404856080923352,,,,,,,,,,,1.0,,,,False,,,,,,,,340.0,340.0,1.0,0.0017078804891251394,,,,,,
local_dynamics_counterfactual,expanded_targets_local_fixed,High AD-like perturbation with A1 and expanded target local dynamics held at baseline,1.0,127,pulse,60.0,0.02,0.5,d695e3c87e6723ff,semantic_expanded_left,0.00015096691375861908,0.004050618305017155,,,,,,,,,,,1.0,,,,False,,,,,,,,442.0,442.0,1.0,0.0009277367942738714,,,,,,
local_dynamics_counterfactual,expanded_targets_local_fixed,High AD-like perturbation with A1 and expanded target local dynamics held at baseline,1.0,127,pulse,60.0,0.02,0.5,d695e3c87e6723ff,episodic_expanded_left,0.00021139311874117384,0.0056719238342300485,,,,,,,,,,,1.0,,,,False,,,,,,,,306.0,306.0,1.0,0.0005245608468532675,,,,,,
local_dynamics_counterfactual,expanded_targets_local_fixed,High AD-like perturbation with A1 and expanded target local dynamics held at baseline,1.0,127,pulse,60.0,0.02,0.5,d695e3c87e6723ff,semantic_expanded_right,0.00013819886491895435,0.003680195092785158,,,,,,,,,,,1.0,,,,False,,,,,,,,415.0,415.0,1.0,0.0008968279093929537,,,,,,
local_dynamics_counterfactual,expanded_targets_local_fixed,High AD-like perturbation with A1 and expanded target local dynamics held at baseline,1.0,127,pulse,60.0,0.02,0.5,d695e3c87e6723ff,episodic_expanded_right,0.00020265636353003038,0.005396679307187361,,,,,,,,,,,1.0,,,,False,,,,,,,,310.0,310.0,1.0,0.0012978796668486735,,,,,,
local_dynamics_counterfactual,expanded_targets_local_fixed,High AD-like perturbation with A1 and expanded target local dynamics held at baseline,1.0,127,pulse,60.0,0.02,0.5,d695e3c87e6723ff,shared_auditory_relay,0.00047416423340977876,0.012160404568028962,,,,,,,,,,,1.0,,,,False,,,,,,,,303.0,303.0,1.0,0.0009526924613497097,,,,,,
local_dynamics_counterfactual,expanded_targets_local_fixed,High AD-like perturbation with A1 and expanded target local dynamics held at baseline,1.0,127,pulse,60.0,0.02,0.5,d695e3c87e6723ff,anterior_temporal_context,0.0004901620165622176,0.01297231355556393,,,,,,,,,,,1.0,,,,False,,,,,,,,543.0,543.0,1.0,0.0018131787697916071,,,,,,
local_dynamics_counterfactual,expanded_targets_local_fixed,High AD-like perturbation with A1 and expanded target local dynamics held at baseline,1.0,127,pulse,60.0,0.02,0.5,d695e3c87e6723ff,hippocampal_context,0.0006019116448159867,0.012888153102939571,,,,,,,,,,,1.0,,,,False,,,,,,,,731.0,731.0,1.0,0.0020028204360265723,,,,,,
local_dynamics_counterfactual,expanded_targets_local_fixed,High AD-like perturbation with A1 and expanded target local dynamics held at baseline,1.0,127,pulse,60.0,0.02,0.5,d695e3c87e6723ff,angular_parietal_context,0.0009197858113924874,0.01666571133672066,,,,,,,,,,,1.0,,,,False,,,,,,,,1076.0,1076.0,1.0,0.0013168960324042634,,,,,,
local_dynamics_counterfactual,expanded_targets_local_fixed,High AD-like perturbation with A1 and expanded target local dynamics held at baseline,1.0,127,2Hz,60.0,0.02,0.5,d695e3c87e6723ff,semantic_expanded,0.0007481875051771423,0.017218184690093296,0.004431845937682125,0.00752532755040941,0.013413146517168725,0.016865284322408438,0.031104935485025322,0.0002986426210984627,0.00029368550298118157,0.00015819302051414897,0.0005053203859443674,0.0006877141647768526,1.0,0.008255103712293986,0.022904702788706887,1.4722855970331548,True,0.33932790565955284,0.0002986426210984627,0.014393402255760157,0.024009299442952048,0.014058349337457646,0.009950950105494401,1.0,,,,,0.000544224181677988,6.137949745033822,0.25563820780636176,0.6153846153846154,31.50771634048845,0.9999921560785374
local_dynamics_counterfactual,expanded_targets_local_fixed,High AD-like perturbation with A1 and expanded target local dynamics held at baseline,1.0,127,2Hz,60.0,0.02,0.5,d695e3c87e6723ff,episodic_expanded,0.0008990344388264532,0.021352521878592108,0.005824115291695543,0.009468642368725511,0.015050527505714936,0.02186989137875086,0.039076347491660855,0.0005955368396933663,0.0006043263963639722,0.00040762019365328354,0.0007800257365890585,0.0006123441185553429,1.0,0.00989579325639888,0.028592940625739683,1.530771735945181,True,0.3350043086234763,0.0006043263963639722,0.024090866702855474,0.045792838554815356,0.020841198841204923,0.024951639713610432,1.0,,,,,0.0007463843988685381,11.888176972193554,0.27657118040774775,0.8421052631578947,31.50771634048845,0.9999921560785374
local_dynamics_counterfactual,expanded_targets_local_fixed,High AD-like perturbation with A1 and expanded target local dynamics held at baseline,1.0,127,2Hz,60.0,0.02,0.5,d695e3c87e6723ff,semantic_anatomical_core,0.0006691478661758082,0.015714532894646756,0.004179677179064631,0.0072019606554747885,0.013020283082016297,0.015581626957285502,0.02795775118344234,0.00025640367892521264,0.00025394264881963355,0.00012615861677433586,0.0004632264281267529,0.0007473523280921854,1.0,0.00792286394197962,0.020793023907366717,1.392005650670032,True,0.3298477025092662,0.00025640367892521264,0.013211542932240968,0.021450840043898557,0.013083189456358849,0.008367650587539709,1.0,,,,,0.0005994289082904558,6.232347246926347,0.23721804590813572,0.6,31.50771634048845,0.9999921560785374
local_dynamics_counterfactual,expanded_targets_local_fixed,High AD-like perturbation with A1 and expanded target local dynamics held at baseline,1.0,127,2Hz,60.0,0.02,0.5,d695e3c87e6723ff,episodic_anatomical_core,0.0008991315850082947,0.021104622644873,0.005762220754858664,0.009355477046827427,0.014511856262131901,0.02185426917050444,0.03866403165524737,0.0006226978798807427,0.000633355310247175,0.00043664362234590394,0.0008052461596624014,0.0005937033572966796,1.0,0.00968228577248029,0.02830006417802667,1.5473857437044152,True,0.3358311247951727,0.0006226978798807427,0.025351825334333018,0.04903284740026737,0.021609663487426253,0.02742318391284112,1.0,,,,,0.0007769184217812919,12.496831676941884,0.28398534680278215,0.875,31.50771634048845,0.9999921560785374
local_dynamics_counterfactual,expanded_targets_local_fixed,High AD-like perturbation with A1 and expanded target local dynamics held at baseline,1.0,127,2Hz,60.0,0.02,0.5,d695e3c87e6723ff,semantic_platel_peaks,0.0008478024052079831,0.01938919159430361,0.004841624188288039,0.008159525084524845,0.013969239756255471,0.018919986516186742,0.035546257535862553,0.0003416517581858389,0.000333760612990067,0.0001952979980209537,0.0005236091164368498,0.0005903933689603669,1.0,0.008782351776864039,0.025934432949166752,1.5621895979820049,True,0.3482811654838666,0.0003416517581858389,0.01481968643424101,0.025960576958042637,0.01412852911139996,0.011832047846642678,1.0,,,,,0.0004184697305024132,4.327244081892987,0.2660648142992486,0.6,31.50771634048845,0.9999921560785374
local_dynamics_counterfactual,expanded_targets_local_fixed,High AD-like perturbation with A1 and expanded target local dynamics held at baseline,1.0,127,2Hz,60.0,0.02,0.5,d695e3c87e6723ff,episodic_platel_peaks,0.0009544337240029437,0.022545064987999748,0.006592191674994006,0.010568841594116007,0.01706923955499684,0.021708849946002466,0.0412577713319937,0.0005556333094949544,0.0005605893377531917,0.00034506012226787714,0.0007041688316927845,0.0007423905972020708,1.0,0.010896031390931435,0.03002004687521358,1.4621234648741177,True,0.3165068816322661,0.0005605893377531917,0.019642290688208594,0.03775512204459336,0.016874609666269413,0.020880512378323945,1.0,,,,,0.0007938785866488107,6.355503282585014,0.2557983032937339,0.75,31.50771634048845,0.9999921560785374
local_dynamics_counterfactual,expanded_targets_local_fixed,High AD-like perturbation with A1 and expanded target local dynamics held at baseline,1.0,127,2Hz,60.0,0.02,0.5,d695e3c87e6723ff,semantic_expanded_left,0.0008510096908884017,0.0199779775292815,0.004320679016315102,0.007549077655401675,0.013627710262014538,0.018263346640238123,0.038177111060461275,0.0003173902898553712,0.0002967280535538851,0.00018224772152359412,0.000552722852928894,0.0006709829356899537,1.0,0.008484037403657529,0.02699187758814156,1.6697024495148556,True,0.3780667404110998,0.0003173902898553712,0.013436404865076747,0.02489010885549203,0.01291897779986871,0.01197113105562332,1.0,,,,,0.0004184697305024132,6.3267447488188715,0.25563820780636176,0.5714285714285714,31.50771634048845,0.9999921560785374
local_dynamics_counterfactual,expanded_targets_local_fixed,High AD-like perturbation with A1 and expanded target local dynamics held at baseline,1.0,127,2Hz,60.0,0.02,0.5,d695e3c87e6723ff,episodic_expanded_left,0.0009713909726097148,0.022804002387663367,0.005678481498318842,0.009240004013500879,0.015803206611874163,0.023717983059783454,0.04198686821112375,0.0006061677475787263,0.00060611689739005,0.0004028756122937839,0.0008446776888324494,0.0005767581825241199,1.0,0.010208473542442623,0.03066965443405333,1.5870447529940068,True,0.3566369065020788,0.00060611689739005,0.024352130775527295,0.044450280961208746,0.022121018405863297,0.02232926255534545,1.0,,,,,0.0006832829356906989,12.556620244039816,0.26205046099921003,0.875,31.50771634048845,0.9999921560785374
local_dynamics_counterfactual,expanded_targets_local_fixed,High AD-like perturbation with A1 and expanded target local dynamics held at baseline,1.0,127,2Hz,60.0,0.02,0.5,d695e3c87e6723ff,semantic_expanded_right,0.0006282282885140062,0.014839634471889674,0.004545873077167545,0.007501652165470752,0.013201961006796431,0.01557424391480352,0.02534285556587365,0.00028100234313154627,0.0002906741497080815,0.00013731327629327934,0.0004619832364409476,0.000704862593783256,1.0,0.008032347579155108,0.01943641779368037,1.274868744551454,True,0.30058907090800596,0.0002906741497080815,0.015350399646443568,0.023128490030412063,0.015197720875046583,0.00793076915536548,1.0,,,,,0.0007661618082089316,5.621417287582357,0.24243134915457915,0.6666666666666666,31.50771634048845,0.9999921560785374
local_dynamics_counterfactual,expanded_targets_local_fixed,High AD-like perturbation with A1 and expanded target local dynamics held at baseline,1.0,127,2Hz,60.0,0.02,0.5,d695e3c87e6723ff,episodic_expanded_right,0.0008464115051658992,0.01999342847036389,0.005973484097994202,0.00970293824286501,0.01433369718966285,0.02016580194499591,0.03636758344563753,0.0005850923755818935,0.0006025411845716013,0.0004124206509496484,0.0007203222694117995,0.0006501257041353522,1.0,0.009592690206449624,0.026656845951264482,1.474498718896357,True,0.3133717107448737,0.0006025411845716013,0.023829602630183654,0.047135396148421965,0.019561379276546553,0.027574016871875412,1.0,,,,,0.0009570481163220235,10.829159921535755,0.2990938211543226,0.8181818181818182,31.50771634048845,0.9999921560785374
local_dynamics_counterfactual,expanded_targets_local_fixed,High AD-like perturbation with A1 and expanded target local dynamics held at baseline,1.0,127,2Hz,60.0,0.02,0.5,d695e3c87e6723ff,shared_auditory_relay,0.008806123853000735,0.09401050019741011,0.031481189500733274,0.04918051252467633,0.0680044152147921,0.096551094071935,0.16489465737094675,0.0031669401004468657,0.0035708291481966453,0.004201045929142802,0.00502935982205243,0.005914036350044542,1.0,0.04626966199222774,0.12396073814101995,1.4217447858645307,True,0.28755856160837706,0.004201045929142802,0.043835460997107306,0.09403403247378642,0.035436961662188154,0.05859707081159826,1.0,,,,,0.0013146710416802043,12.644384714146245,0.3618450559690055,0.7857142857142857,31.50771634048845,0.9999921560785374
local_dynamics_counterfactual,expanded_targets_local_fixed,High AD-like perturbation with A1 and expanded target local dynamics held at baseline,1.0,127,2Hz,60.0,0.02,0.5,d695e3c87e6723ff,anterior_temporal_context,0.02428385415617852,0.32171302387748085,0.0722403737830038,0.12282905704810781,0.17227464947395166,0.253187497171384,0.5795132905597877,0.002858312350919421,0.004975169855041273,0.005761667530846646,0.009609295784700734,0.02072197648411071,1.0,0.11924200144427946,0.42741353408824273,1.8417400959046748,True,0.3525741621528249,0.005761667530846646,0.033250303587218775,0.07821370287750255,0.025414567208526296,0.05279913566897626,1.0,,,,,0.0002251086226767729,1.7799761076661336,0.2290659248975867,0.3888888888888889,31.50771634048845,0.9999921560785374
local_dynamics_counterfactual,expanded_targets_local_fixed,High AD-like perturbation with A1 and expanded target local dynamics held at baseline,1.0,127,2Hz,60.0,0.02,0.5,d695e3c87e6723ff,hippocampal_context,0.0021851577395807335,0.047796801507291396,0.012536500386075846,0.022458480093407958,0.03627269292118676,0.05289168212069266,0.08063638793884588,0.0005583797842880466,0.0008823330138552264,0.0006378869112480993,0.0008785027608217077,0.001186339672760575,1.0,0.02377999087619089,0.06250689676702832,1.3942672183407732,True,0.33031866270564214,0.0008785027608217077,0.007949681387010426,0.016856082202262118,0.008867904567060336,0.007988177635201783,1.0,,,,,0.0003208155696308723,6.216975912573568,0.18580078858661975,0.5,31.50771634048845,0.9999921560785374
local_dynamics_counterfactual,expanded_targets_local_fixed,High AD-like perturbation with A1 and expanded target local dynamics held at baseline,1.0,127,2Hz,60.0,0.02,0.5,d695e3c87e6723ff,angular_parietal_context,0.008422916826265761,0.10854628594385504,0.028437132600486748,0.046602509904628296,0.07043997042970075,0.11437177232933826,0.19307680927177087,0.0016115861471785893,0.0019907929069788353,0.0013204882256496184,0.004869342107097905,0.0031914535232393263,1.0,0.047405670174494284,0.1453530403714002,1.616429714087214,True,0.34109527180879823,0.0019907929069788353,0.009780087119818667,0.022534899288032165,0.008163086812770153,0.014371812475262011,1.0,,,,,0.0003124467726315916,6.028204436000863,0.19490289532293326,0.16666666666666666,31.50771634048845,0.9999921560785374
local_dynamics_counterfactual,expanded_targets_local_fixed,High AD-like perturbation with A1 and expanded target local dynamics held at baseline,1.0,127,5Hz,60.0,0.02,0.5,d695e3c87e6723ff,semantic_expanded,0.0009625078243064311,0.01660563829123364,0.003429172464713436,0.007894313120574302,0.013851316191799459,0.01524273505866723,0.029404910916942847,0.0004155502392950697,0.0006614704286192585,0.0002576513111639617,0.0009691889635196546,0.0016246660851783985,1.0,0.008140729908581147,0.021979240849989253,1.4329114979683828,True,0.3574742823269103,0.0006614704286192585,0.007768478669817125,0.025601474781930932,0.0026309010035555,0.02297057377837543,1.0,,,,,0.0006520779062310078,2.8129041462881537,0.16306816558537895,0.07692307692307693,31.83050309123724,0.9999445430701107
local_dynamics_counterfactual,expanded_targets_local_fixed,High AD-like perturbation with A1 and expanded target local dynamics held at baseline,1.0,127,5Hz,60.0,0.02,0.5,d695e3c87e6723ff,episodic_expanded,0.0011510254410729958,0.020534751257979874,0.004681811577230977,0.008707826036474723,0.015465169110607333,0.01994756580141462,0.03706840019677194,0.0008143792409403294,0.0007050162660171682,0.00045398075632629265,0.001348102934509758,0.0018667980756466155,1.0,0.009099162479491186,0.0275704873703016,1.5993191048925168,True,0.35829651811610586,0.0008143792409403294,0.032968083237589235,0.06652582514191238,0.02750951059788179,0.039016314544030595,1.0,,,,,0.0011017456440545192,4.234480153662274,0.22255453229694716,0.7894736842105263,31.83050309123724,0.9999445430701107
local_dynamics_counterfactual,expanded_targets_local_fixed,High AD-like perturbation with A1 and expanded target local dynamics held at baseline,1.0,127,5Hz,60.0,0.02,0.5,d695e3c87e6723ff,semantic_anatomical_core,0.0008738873926865948,0.015389572498479472,0.0031793088504200595,0.007923073148655488,0.013667023952779434,0.0141842256848665,0.026821445425432175,0.0003620964285399271,0.0007205822935152751,0.00024265649162330053,0.0008746220211505591,0.0013798334952746627,1.0,0.00806744213313846,0.0202115702722218,1.3249981819997698,True,0.349667959439602,0.0007205822935152751,0.003281335325167264,0.01938191503579042,-0.0023290200743584016,0.02171093511014882,1.0,,,,,0.0004831780286120302,2.7595141805347185,0.15097043072670052,0.1,31.83050309123724,0.9999445430701107
local_dynamics_counterfactual,expanded_targets_local_fixed,High AD-like perturbation with A1 and expanded target local dynamics held at baseline,1.0,127,5Hz,60.0,0.02,0.5,d695e3c87e6723ff,episodic_anatomical_core,0.0011529130600985177,0.020289669866723807,0.004638895353567628,0.008476030666478007,0.01493728753265348,0.01986937446157713,0.03674532762648083,0.0008531602443769904,0.0007120633689149833,0.0004949000709963021,0.0013871572650447515,0.0018431996975731152,1.0,0.00882269830056234,0.027305910955508245,1.6299214307668086,True,0.3600250478753777,0.0008531602443769904,0.036374531875224964,0.07239804565347625,0.030776794796780308,0.04162125085669595,1.0,,,,,0.0012026395665386547,4.301978298897142,0.2410855946481424,0.9375,31.83050309123724,0.9999445430701107
local_dynamics_counterfactual,expanded_targets_local_fixed,High AD-like perturbation with A1 and expanded target local dynamics held at baseline,1.0,127,5Hz,60.0,0.02,0.5,d695e3c87e6723ff,semantic_platel_peaks,0.0010664421819523734,0.01828873530967661,0.003815978340125694,0.007957391006817154,0.014074660681032105,0.01694270322414505,0.032789079931663134,0.0004517040961984865,0.0005695204172460288,0.0002941294897576999,0.0010152811277113292,0.0020726405047011456,1.0,0.008281336726081945,0.02438992398474166,1.5583496985135024,True,0.364823887238462,0.0005695204172460288,0.011183088710375119,0.03139424498375778,0.006238809671620117,0.02515543531213766,1.0,,,,,0.000791885569692119,2.8129041462881537,0.13508409620160344,0.0,31.83050309123724,0.9999445430701107
local_dynamics_counterfactual,expanded_targets_local_fixed,High AD-like perturbation with A1 and expanded target local dynamics held at baseline,1.0,127,5Hz,60.0,0.02,0.5,d695e3c87e6723ff,episodic_platel_peaks,0.0012121170617719493,0.02148979294896716,0.00520774977447121,0.010112952857773187,0.01769235594784126,0.020436586745565626,0.038069404944077574,0.0007482177276191544,0.0007774171646991529,0.00035199430898884846,0.0011546279617382202,0.0017468328824688816,1.0,0.010367019777366539,0.028559918557111395,1.46199064525453,True,0.33773749609206916,0.0007774171646991529,0.02050042317624176,0.05003907648792795,0.013561858906150335,0.03647721758177762,1.0,,,,,0.0006451973321570104,2.623807137899101,0.17267977266073783,0.25,31.83050309123724,0.9999445430701107
local_dynamics_counterfactual,expanded_targets_local_fixed,High AD-like perturbation with A1 and expanded target local dynamics held at baseline,1.0,127,5Hz,60.0,0.02,0.5,d695e3c87e6723ff,semantic_expanded_left,0.0010987543047517164,0.019355688813559726,0.0034852503896628784,0.008214271575266148,0.014494676860759647,0.01667150373728867,0.03599617799761534,0.0004525409164297699,0.000730280712489576,0.00029265304933395525,0.0012586403608231668,0.002357504984815669,1.0,0.00860466505491322,0.0259388132863393,1.5919215369393123,True,0.3879099364104027,0.000730280712489576,0.00609553253967126,0.023530293940975815,0.001634950869552561,0.021895343071423254,1.0,,,,,0.0007525139451139973,4.006373840076907,0.11453740206275008,0.14285714285714285,31.83050309123724,0.9999445430701107
local_dynamics_counterfactual,expanded_targets_local_fixed,High AD-like perturbation with A1 and expanded target local dynamics held at baseline,1.0,127,5Hz,60.0,0.02,0.5,d695e3c87e6723ff,episodic_expanded_left,0.0012582251614412703,0.02216493221180268,0.004646662476895906,0.008510227184880929,0.01598706816804072,0.021136458909670575,0.04082584864049971,0.0008354440449006437,0.0006679624354833533,0.00048634759312886415,0.0015834361763188045,0.0023720586449253347,1.0,0.009272767446246161,0.029948866711367608,1.691429532513227,True,0.3791448187757393,0.0008354440449006437,0.03463098260119751,0.06537339034432946,0.03137909864159693,0.03399429170273253,1.0,,,,,0.0011070569489517457,4.4103197431615175,0.2438121050107142,1.0,31.83050309123724,0.9999445430701107
local_dynamics_counterfactual,expanded_targets_local_fixed,High AD-like perturbation with A1 and expanded target local dynamics held at baseline,1.0,127,5Hz,60.0,0.02,0.5,d695e3c87e6723ff,semantic_expanded_right,0.0008035535971202645,0.014246314130970578,0.003373996837537477,0.007586817537579691,0.013236511726909305,0.013936413639103985,0.02402057201991349,0.00038158317868918775,0.0005991437545243824,0.00022683583272271185,0.0007463031349113661,0.0011196327920109516,1.0,0.0077018086144592995,0.0186240990676414,1.2739014589974544,True,0.32703862824341773,0.0005991437545243824,0.00944142479996299,0.02767265562288605,0.0036268511375584385,0.024045804485327612,1.0,,,,,0.0005020260114248498,2.327023906554344,0.17301874956623425,0.0,31.83050309123724,0.9999445430701107
local_dynamics_counterfactual,expanded_targets_local_fixed,High AD-like perturbation with A1 and expanded target local dynamics held at baseline,1.0,127,5Hz,60.0,0.02,0.5,d695e3c87e6723ff,episodic_expanded_right,0.0010730620080778872,0.01902446644987104,0.00471722655856354,0.008910012933170354,0.01496030748763578,0.018825546090869193,0.03365677233675314,0.000793845562874795,0.0007441255809379683,0.0004237679594314024,0.0011477453586155246,0.0014691605802805107,1.0,0.008928807748942029,0.025380986237700905,1.5072086772718074,True,0.3374482174564727,0.000793845562874795,0.03130518387398095,0.0676782599394953,0.02363992255416665,0.044038337385328655,1.0,,,,,0.0009744429606366456,3.8362097113726583,0.2106936822618514,0.6363636363636364,31.83050309123724,0.9999445430701107
local_dynamics_counterfactual,expanded_targets_local_fixed,High AD-like perturbation with A1 and expanded target local dynamics held at baseline,1.0,127,5Hz,60.0,0.02,0.5,d695e3c87e6723ff,shared_auditory_relay,0.00853989143950699,0.07618896423995497,0.024209114962608334,0.03910168355799005,0.059498546703317175,0.07680441875941907,0.1304081112992528,0.00419349394536819,0.0038533482059844824,0.004039782914399512,0.005789689713786489,0.0076930389898996355,1.0,0.037355906640608984,0.10046260704176935,1.427250336883944,True,0.2916390658695063,0.00419349394536819,0.043094917889334144,0.09831038664664221,0.032034870404407896,0.06627551624223432,1.0,,,,,0.0028824653201848793,5.0195417195274015,0.2963868914392913,0.7857142857142857,31.83050309123724,0.9999445430701107
local_dynamics_counterfactual,expanded_targets_local_fixed,High AD-like perturbation with A1 and expanded target local dynamics held at baseline,1.0,127,5Hz,60.0,0.02,0.5,d695e3c87e6723ff,anterior_temporal_context,0.027638848862630443,0.2814059095120739,0.06682697283532871,0.07659889973232906,0.1503357116200359,0.22440179197035162,0.4816014527838359,0.01039815630267857,0.009120752774928135,0.018479039451185526,0.03369467296047099,0.07696338386228425,1.0,0.09135557140733032,0.3752945668531437,2.0384587836593204,True,0.36246816263886056,0.018479039451185526,-0.01131373528595505,0.0022894492949763704,-0.016820615953198892,0.01911006524817526,1.0,,,,,0.0011077073749291566,2.337900174773301,0.13642854951534647,0.16666666666666666,31.83050309123724,0.9999445430701107
local_dynamics_counterfactual,expanded_targets_local_fixed,High AD-like perturbation with A1 and expanded target local dynamics held at baseline,1.0,127,5Hz,60.0,0.02,0.5,d695e3c87e6723ff,hippocampal_context,0.0026752424380240302,0.04429482035935757,0.009485799554345828,0.017782072461586286,0.03331594811740088,0.04689508609261516,0.07649505510348062,0.0006949061413841748,0.0009932676010982276,0.0008439819458681011,0.0017857057805913984,0.004145805309346241,1.0,0.018957278645336167,0.05940816646385782,1.6479093854084363,True,0.37110318424885547,0.0009932676010982276,0.02134019230212229,0.03312734020512895,0.02357809233753797,0.009549247867590975,1.0,,,,,0.0007685431763488904,1.7293972051897692,0.17443472391434578,0.5,31.83050309123724,0.9999445430701107
local_dynamics_counterfactual,expanded_targets_local_fixed,High AD-like perturbation with A1 and expanded target local dynamics held at baseline,1.0,127,5Hz,60.0,0.02,0.5,d695e3c87e6723ff,angular_parietal_context,0.008939543271351703,0.09469769471934296,0.02321270882081054,0.04016668495309037,0.06490394544020314,0.09254488210709651,0.167893308773267,0.0026230182184672937,0.002745968541806719,0.002093397200864625,0.006720301517615735,0.010834383107619862,1.0,0.04136635717728734,0.12676801189200587,1.6156609267683386,True,0.3456634846087112,0.002745968541806719,0.014613177124259804,0.03722918316171485,0.009650922410110997,0.027578260751603852,1.0,,,,,0.0006232054595964875,3.023549997279544,0.11487763855316442,0.0,31.83050309123724,0.9999445430701107
local_dynamics_counterfactual,expanded_targets_local_fixed,High AD-like perturbation with A1 and expanded target local dynamics held at baseline,1.0,149,pulse,60.0,0.02,0.5,d695e3c87e6723ff,semantic_expanded,0.0001375429563905841,0.0036612876655653394,,,,,,,,,,,1.0,,,,False,,,,,,,,383.5,383.5,1.0,0.011560086764639129,,,,,,
local_dynamics_counterfactual,expanded_targets_local_fixed,High AD-like perturbation with A1 and expanded target local dynamics held at baseline,1.0,149,pulse,60.0,0.02,0.5,d695e3c87e6723ff,episodic_expanded,0.00020145741755999975,0.0053956005586550245,,,,,,,,,,,1.0,,,,False,,,,,,,,289.5,289.5,1.0,0.01892813775408904,,,,,,
local_dynamics_counterfactual,expanded_targets_local_fixed,High AD-like perturbation with A1 and expanded target local dynamics held at baseline,1.0,149,pulse,60.0,0.02,0.5,d695e3c87e6723ff,semantic_anatomical_core,0.00012864561406400633,0.003436910258225418,,,,,,,,,,,1.0,,,,False,,,,,,,,413.0,413.0,1.0,0.011517001652892704,,,,,,
local_dynamics_counterfactual,expanded_targets_local_fixed,High AD-like perturbation with A1 and expanded target local dynamics held at baseline,1.0,149,pulse,60.0,0.02,0.5,d695e3c87e6723ff,episodic_anatomical_core,0.00020595512976448102,0.005503093461888064,,,,,,,,,,,1.0,,,,False,,,,,,,,267.5,267.5,1.0,0.015112498407442035,,,,,,
local_dynamics_counterfactual,expanded_targets_local_fixed,High AD-like perturbation with A1 and expanded target local dynamics held at baseline,1.0,149,pulse,60.0,0.02,0.5,d695e3c87e6723ff,semantic_platel_peaks,0.0001473599919757707,0.003967474065399454,,,,,,,,,,,1.0,,,,False,,,,,,,,357.0,357.0,1.0,0.011860915133587252,,,,,,
local_dynamics_counterfactual,expanded_targets_local_fixed,High AD-like perturbation with A1 and expanded target local dynamics held at baseline,1.0,149,pulse,60.0,0.02,0.5,d695e3c87e6723ff,episodic_platel_peaks,0.00019764512872555906,0.005263015054257124,,,,,,,,,,,1.0,,,,False,,,,,,,,330.0,330.0,1.0,0.028918334873306348,,,,,,
local_dynamics_counterfactual,expanded_targets_local_fixed,High AD-like perturbation with A1 and expanded target local dynamics held at baseline,1.0,149,pulse,60.0,0.02,0.5,d695e3c87e6723ff,semantic_expanded_left,0.00014250727409016026,0.003820889301101474,,,,,,,,,,,1.0,,,,False,,,,,,,,402.0,402.0,1.0,0.011173088172198158,,,,,,
local_dynamics_counterfactual,expanded_targets_local_fixed,High AD-like perturbation with A1 and expanded target local dynamics held at baseline,1.0,149,pulse,60.0,0.02,0.5,d695e3c87e6723ff,episodic_expanded_left,0.0002051067385527959,0.005499299231731685,,,,,,,,,,,1.0,,,,False,,,,,,,,275.0,275.0,1.0,0.013149227512151074,,,,,,
local_dynamics_counterfactual,expanded_targets_local_fixed,High AD-like perturbation with A1 and expanded target local dynamics held at baseline,1.0,149,pulse,60.0,0.02,0.5,d695e3c87e6723ff,semantic_expanded_right,0.00013175125240774522,0.003508352719393499,,,,,,,,,,,1.0,,,,False,,,,,,,,365.0,365.0,1.0,0.014813696080356549,,,,,,
local_dynamics_counterfactual,expanded_targets_local_fixed,High AD-like perturbation with A1 and expanded target local dynamics held at baseline,1.0,149,pulse,60.0,0.02,0.5,d695e3c87e6723ff,episodic_expanded_right,0.00019880336592887528,0.00529385730104945,,,,,,,,,,,1.0,,,,False,,,,,,,,304.0,304.0,1.0,0.021045132911862642,,,,,,
local_dynamics_counterfactual,expanded_targets_local_fixed,High AD-like perturbation with A1 and expanded target local dynamics held at baseline,1.0,149,pulse,60.0,0.02,0.5,d695e3c87e6723ff,shared_auditory_relay,0.0004324437320092504,0.01127859615517315,,,,,,,,,,,1.0,,,,False,,,,,,,,287.0,287.0,1.0,0.010156897986730811,,,,,,
local_dynamics_counterfactual,expanded_targets_local_fixed,High AD-like perturbation with A1 and expanded target local dynamics held at baseline,1.0,149,pulse,60.0,0.02,0.5,d695e3c87e6723ff,anterior_temporal_context,0.0004709727129878226,0.012128239728456116,,,,,,,,,,,1.0,,,,False,,,,,,,,563.0,542.5,0.9444444444444444,0.016461353351305448,,,,,,
local_dynamics_counterfactual,expanded_targets_local_fixed,High AD-like perturbation with A1 and expanded target local dynamics held at baseline,1.0,149,pulse,60.0,0.02,0.5,d695e3c87e6723ff,hippocampal_context,0.0005478253838848888,0.011969055259227757,,,,,,,,,,,1.0,,,,False,,,,,,,,684.0,684.0,1.0,0.0072740505296670695,,,,,,
local_dynamics_counterfactual,expanded_targets_local_fixed,High AD-like perturbation with A1 and expanded target local dynamics held at baseline,1.0,149,pulse,60.0,0.02,0.5,d695e3c87e6723ff,angular_parietal_context,0.0008275294700098287,0.015380266950710347,,,,,,,,,,,1.0,,,,False,,,,,,,,1068.0,1068.0,1.0,0.021279860485071828,,,,,,
local_dynamics_counterfactual,expanded_targets_local_fixed,High AD-like perturbation with A1 and expanded target local dynamics held at baseline,1.0,149,2Hz,60.0,0.02,0.5,d695e3c87e6723ff,semantic_expanded,0.00043335155887121564,0.010147758093143009,0.003920683463486725,0.006408497813824551,0.00991741188034386,0.01415043813265227,0.01319623662100554,0.0002969995911415142,0.00030285750623899714,0.0002489921979569193,0.00045537547941505805,0.00034745134418428435,1.0,0.006850438158600823,0.01263080111206977,0.8826779734857004,False,0.23223437750066145,0.00030285750623899714,0.01732631646498172,0.028467774192324796,0.013259648865612891,0.015208125326711905,1.0,,,,,0.000769373475463242,9.524635986445599,0.09966086328769909,0.3076923076923077,31.50544274106756,0.999991100657718
local_dynamics_counterfactual,expanded_targets_local_fixed,High AD-like perturbation with A1 and expanded target local dynamics held at baseline,1.0,149,2Hz,60.0,0.02,0.5,d695e3c87e6723ff,episodic_expanded,0.0005661457018589546,0.013432856937771806,0.005220016019560039,0.008472602712561342,0.012084396391641192,0.017337885439253273,0.019520342029702382,0.0005960032086127818,0.0006150659259412586,0.0005158870227136824,0.0007295848800971064,0.0005608418470273655,1.0,0.008799414353373506,0.016862019569312665,0.9382979254346759,False,0.2419377606708229,0.0005960032086127818,0.03169029104946555,0.05121605339661539,0.024428934694854562,0.02678711870176083,1.0,,,,,0.0016175930183924825,12.269897771168187,0.2692375117655724,0.8421052631578947,31.50544274106756,0.999991100657718
local_dynamics_counterfactual,expanded_targets_local_fixed,High AD-like perturbation with A1 and expanded target local dynamics held at baseline,1.0,149,2Hz,60.0,0.02,0.5,d695e3c87e6723ff,semantic_anatomical_core,0.0004009785978737008,0.00944327814854848,0.0037297012905595167,0.006051010060201743,0.009275587775602303,0.01347525294291007,0.011913750244471033,0.00025318211175369307,0.0002647397082069621,0.00020774830144421928,0.00041669181477613237,0.00031401044809971725,1.0,0.006488701201265564,0.011696128891854753,0.8500294771725225,False,0.22530278574916096,0.0002647397082069621,0.015892278138919462,0.02584069868672584,0.012334188154942732,0.01350651053178311,1.0,,,,,0.0007420284678915645,10.148091323028368,0.08977101124807432,0.2,31.50544274106756,0.999991100657718
local_dynamics_counterfactual,expanded_targets_local_fixed,High AD-like perturbation with A1 and expanded target local dynamics held at baseline,1.0,149,2Hz,60.0,0.02,0.5,d695e3c87e6723ff,episodic_anatomical_core,0.000563755166981108,0.013242992429925061,0.0051522294707648675,0.008442197914125588,0.01180650000365861,0.017050324419665315,0.019350755368552946,0.0006231171099231815,0.000643609956163328,0.0005349649154591837,0.00075114141503773,0.000574569465919722,1.0,0.008672832348903287,0.0166273866828834,0.9389863121148058,False,0.24161754456885773,0.0006231171099231815,0.033988334769059804,0.05467334287403097,0.026160133299521212,0.02851320957450976,1.0,,,,,0.001736206084514691,13.218326789495944,0.2772387957830692,0.8125,31.50544274106756,0.999991100657718
local_dynamics_counterfactual,expanded_targets_local_fixed,High AD-like perturbation with A1 and expanded target local dynamics held at baseline,1.0,149,2Hz,60.0,0.02,0.5,d695e3c87e6723ff,semantic_platel_peaks,0.00048346591565270506,0.011322241125778,0.0042775273650561395,0.0071171995468812576,0.010891296126513569,0.015327426774810495,0.015108646719280439,0.0003418781180887683,0.0003413084652222675,0.0002981866761836983,0.00047654885914794016,0.0003614345181435386,1.0,0.007481421840921724,0.01414511048768137,0.9189190608525141,False,0.23738924155392419,0.0003418781180887683,0.017361301123801198,0.029892461966376942,0.012840185880330285,0.017052276086046658,1.0,,,,,0.000714683460319887,5.372246630202067,0.1942080473393338,0.4,31.50544274106756,0.999991100657718
local_dynamics_counterfactual,expanded_targets_local_fixed,High AD-like perturbation with A1 and expanded target local dynamics held at baseline,1.0,149,2Hz,60.0,0.02,0.5,d695e3c87e6723ff,episodic_platel_peaks,0.0006076071548538576,0.014352894109308503,0.006201898905808621,0.009193895411286025,0.013277950298334623,0.01912948949085511,0.01977587100403044,0.0005562818694820707,0.0005731393284918463,0.0005202750685185109,0.0006952947376676434,0.0005510552255312456,1.0,0.009721426081514634,0.017846375694756045,0.8763912462179584,False,0.22014844300300315,0.0005562818694820707,0.025868003109433706,0.04121496356203938,0.020196143321693887,0.021018820240345494,1.0,,,,,0.0012846637865219779,8.738653284311013,0.26562038109210795,1.0,31.50544274106756,0.999991100657718
local_dynamics_counterfactual,expanded_targets_local_fixed,High AD-like perturbation with A1 and expanded target local dynamics held at baseline,1.0,149,2Hz,60.0,0.02,0.5,d695e3c87e6723ff,semantic_expanded_left,0.0004551655883944585,0.010687298183401748,0.003580698941177022,0.006477855963871593,0.010279090829309907,0.01465071158446907,0.014560643230225047,0.000316984936935424,0.0003019898408478073,0.000256946465656037,0.0004852255387683031,0.0003956059358415529,1.0,0.006944200566592913,0.013448370584465949,0.9535508629782133,False,0.26124521812059714,0.000316984936935424,0.016539276785347813,0.02952180516346254,0.01177242381913106,0.01774938134433148,1.0,,,,,0.000714683460319887,12.502233794374982,0.1772767914370455,0.2857142857142857,31.50544274106756,0.999991100657718
local_dynamics_counterfactual,expanded_targets_local_fixed,High AD-like perturbation with A1 and expanded target local dynamics held at baseline,1.0,149,2Hz,60.0,0.02,0.5,d695e3c87e6723ff,episodic_expanded_left,0.0006040455936944918,0.014183004033662506,0.00489136992914393,0.008298012672131833,0.0126573702280912,0.017834214165311987,0.02164700171961228,0.0006053639126609374,0.0006155041355462805,0.00049010762538542,0.0007664097404127314,0.0005823942944601256,1.0,0.008884152803178011,0.01803110613123012,1.0211817907789642,True,0.26977616716192493,0.0006053639126609374,0.029726270884498196,0.05071679578452416,0.022446001990017825,0.028270793794506338,1.0,,,,,0.0015983576237473818,13.916609136636316,0.24886331384564836,0.625,31.50544274106756,0.999991100657718
local_dynamics_counterfactual,expanded_targets_local_fixed,High AD-like perturbation with A1 and expanded target local dynamics held at baseline,1.0,149,2Hz,60.0,0.02,0.5,d695e3c87e6723ff,semantic_expanded_right,0.00040790185776076585,0.009635456272463807,0.004292949246329371,0.006339882278773084,0.009568458926730658,0.013667247368263295,0.011959681876971315,0.00027827428644092514,0.00030372766457243013,0.00024128416977881468,0.00042736173322384044,0.00030515830435824773,1.0,0.006757941755106749,0.011862934303501597,0.8118050839931883,False,0.20322353688072559,0.00030372766457243013,0.01811335614461563,0.027413743221187056,0.014746873912094722,0.012666869309092334,1.0,,,,,0.0008776123022065652,8.344844956004582,0.09352662236447087,0.3333333333333333,31.50544274106756,0.999991100657718
local_dynamics_counterfactual,expanded_targets_local_fixed,High AD-like perturbation with A1 and expanded target local dynamics held at baseline,1.0,149,2Hz,60.0,0.02,0.5,d695e3c87e6723ff,episodic_expanded_right,0.0005385821441603821,0.012722385545571077,0.005570743501142718,0.008650866124365608,0.011537359934863276,0.016855369612491795,0.017602611109479336,0.0005867872485416702,0.0006146280283205872,0.000543022402467409,0.0006945294001347838,0.0005400869829410779,1.0,0.008715484152260165,0.015768733314892067,0.8554140600903865,False,0.21409935417972054,0.0005867872485416702,0.033654311214432915,0.05171531100870661,0.026411867399691303,0.02530344360901531,1.0,,,,,0.0016175930183924825,10.678756599191427,0.27615740440530256,1.0,31.50544274106756,0.999991100657718
local_dynamics_counterfactual,expanded_targets_local_fixed,High AD-like perturbation with A1 and expanded target local dynamics held at baseline,1.0,149,2Hz,60.0,0.02,0.5,d695e3c87e6723ff,shared_auditory_relay,0.006325148604268737,0.06456494211753122,0.03063801066457193,0.04598165441195003,0.05747366242723773,0.07736431437056643,0.09526432282968632,0.003287530192658315,0.0037195720309888968,0.004310679916701292,0.004959657048659699,0.005194880599386904,1.0,0.04329759063855358,0.08055620198093802,0.895708919376681,False,0.20119183284128864,0.004310679916701292,0.06720748780049324,0.10121503193914298,0.05406885878686788,0.0471461731522751,1.0,,,,,0.003759216092557971,13.68538534279708,0.42321552434606236,0.7857142857142857,31.50544274106756,0.999991100657718
local_dynamics_counterfactual,expanded_targets_local_fixed,High AD-like perturbation with A1 and expanded target local dynamics held at baseline,1.0,149,2Hz,60.0,0.02,0.5,d695e3c87e6723ff,anterior_temporal_context,0.01069729484868669,0.20651113443151575,0.07299014451353479,0.11652830050213175,0.14523772643139005,0.23359733241938227,0.3424681085871703,0.002780373619038797,0.004350644791796621,0.00490825882993275,0.011934150734536709,0.015502221566844424,1.0,0.10708579241256985,0.2707143044287774,1.338004037469108,True,0.2731867776542905,0.00490825882993275,0.05534324399249161,0.0811264168239822,0.04513834839350469,0.035988068430477506,1.0,,,,,0.00026075160708127765,0.8383178228915282,0.21290321439666315,0.3888888888888889,31.50544274106756,0.999991100657718
local_dynamics_counterfactual,expanded_targets_local_fixed,High AD-like perturbation with A1 and expanded target local dynamics held at baseline,1.0,149,2Hz,60.0,0.02,0.5,d695e3c87e6723ff,hippocampal_context,0.0016102709177165742,0.03222026474412902,0.011500293346256468,0.02118646177961958,0.030708072031154398,0.04219698384587979,0.04495595683312569,0.0005237070208824498,0.0008737655092701202,0.0005588033016042875,0.0005889754926682584,0.0006988667109917857,1.0,0.021573421568274298,0.040041822221049954,0.892252622096759,False,0.24638402341703586,0.0005889754926682584,0.010833540007363468,0.01977885459229267,0.008643837576244234,0.011135017016048437,1.0,,,,,0.0007473550394855311,7.844985068525131,0.15661466173532737,0.5,31.50544274106756,0.999991100657718
local_dynamics_counterfactual,expanded_targets_local_fixed,High AD-like perturbation with A1 and expanded target local dynamics held at baseline,1.0,149,2Hz,60.0,0.02,0.5,d695e3c87e6723ff,angular_parietal_context,0.006699254825370159,0.07581970733668093,0.025629967121293246,0.042067439855428296,0.0648995242834437,0.09156619211927992,0.11916582647829228,0.001542059152949529,0.0018567840284609927,0.0018200396966469089,0.004334137306482822,0.003875774045349415,1.0,0.042992761727425326,0.09803771126093476,1.1892430164196643,True,0.27781225396699005,0.0018567840284609927,0.00891840818542914,0.02403510323118991,0.003797161226619049,0.02023794200457086,1.0,,,,,0.0006668537850208489,5.934144590767048,0.14833461464085695,0.16666666666666666,31.50544274106756,0.999991100657718
local_dynamics_counterfactual,expanded_targets_local_fixed,High AD-like perturbation with A1 and expanded target local dynamics held at baseline,1.0,149,5Hz,60.0,0.02,0.5,d695e3c87e6723ff,semantic_expanded,0.0005204864618488133,0.009135107359435271,0.00287232518123978,0.005986421036211022,0.009097215226491989,0.011546897953763355,0.012492435531248862,0.0005018683922005456,0.0005946845225794253,0.0003452884448163793,0.00034822586619652067,0.0008329246833336691,1.0,0.006356736676626661,0.011249848585445598,0.8235473518278703,False,0.2594633615293604,0.0005018683922005456,0.04247073553107737,0.06703944789682198,0.03163444178215408,0.0354050061146679,1.0,,,,,0.0025359594007685615,0.7448783496765206,0.1615367856158502,0.3076923076923077,31.738907886424656,0.9999597101595713
local_dynamics_counterfactual,expanded_targets_local_fixed,High AD-like perturbation with A1 and expanded target local dynamics held at baseline,1.0,149,5Hz,60.0,0.02,0.5,d695e3c87e6723ff,episodic_expanded,0.0006507568312221572,0.011571390664738074,0.003732181166520964,0.007827716119022048,0.010921693875919703,0.014538572264837379,0.016245217053527362,0.0008589491204505663,0.0009103825378804052,0.0006841033031415762,0.0007434578780374718,0.001163766138434757,1.0,0.008084593096344126,0.014226533125299834,0.8153370645292354,False,0.25685352247388743,0.0008589491204505663,0.05992560848956824,0.09180961342482505,0.04574828238660148,0.04606133103822357,1.0,,,,,0.005343908919529516,5.871263238232044,0.2641320680443016,0.8947368421052632,31.738907886424656,0.9999597101595713
local_dynamics_counterfactual,expanded_targets_local_fixed,High AD-like perturbation with A1 and expanded target local dynamics held at baseline,1.0,149,5Hz,60.0,0.02,0.5,d695e3c87e6723ff,semantic_anatomical_core,0.00048661813274955296,0.008595058726719725,0.002687866924050017,0.005733024863499666,0.008668410876504922,0.011008043504363883,0.011538139395946528,0.0004584992641929309,0.0005618963718617208,0.0002823486248679359,0.00030083711225751094,0.00078539946717188,1.0,0.006060943317640658,0.010540603911121235,0.7983432712675738,False,0.25724717988258566,0.0004584992641929309,0.04120957076400546,0.06437859925967798,0.030833182247625695,0.033545417012052284,1.0,,,,,0.0023443097834560667,-0.3040123954921625,0.1527447468145673,0.2,31.738907886424656,0.9999597101595713
local_dynamics_counterfactual,expanded_targets_local_fixed,High AD-like perturbation with A1 and expanded target local dynamics held at baseline,1.0,149,5Hz,60.0,0.02,0.5,d695e3c87e6723ff,episodic_anatomical_core,0.0006479456928799806,0.01142592664804033,0.0036954215849264744,0.007768570202838784,0.010670621476383696,0.014316994359175257,0.016143269343866517,0.0008901005144287795,0.0009348564243235675,0.0007260081116743517,0.0008068668880707177,0.001175765833591027,1.0,0.007962700865924993,0.014060193849510199,0.8202867189958126,False,0.2568125742831165,0.0008901005144287795,0.06344497090983614,0.09608332198937394,0.04902043712888621,0.047062884860487736,1.0,,,,,0.005734582682926814,6.04078235771553,0.2801054446724399,1.0,31.738907886424656,0.9999597101595713
local_dynamics_counterfactual,expanded_targets_local_fixed,High AD-like perturbation with A1 and expanded target local dynamics held at baseline,1.0,149,5Hz,60.0,0.02,0.5,d695e3c87e6723ff,semantic_platel_peaks,0.0005686244868171487,0.010041293433734347,0.0031765816332637326,0.006496221390282236,0.009735757101277526,0.012547383701239322,0.013990941061911559,0.0005230114567092233,0.0006042059593971557,0.00040516382278480616,0.0003959858953260774,0.0008465133452447369,1.0,0.00686576311189032,0.012422413542846409,0.8554535148600201,False,0.2613802939304512,0.0005230114567092233,0.03994208272788574,0.06651760085903094,0.02852819053943236,0.037989410319598585,1.0,,,,,0.0025359594007685615,1.12971256359553,0.1439527080132844,0.4,31.738907886424656,0.9999597101595713
local_dynamics_counterfactual,expanded_targets_local_fixed,High AD-like perturbation with A1 and expanded target local dynamics held at baseline,1.0,149,5Hz,60.0,0.02,0.5,d695e3c87e6723ff,episodic_platel_peaks,0.0006990900272434478,0.012390108465320133,0.004332168537202784,0.008565351979488848,0.012199686834972254,0.01611090678365016,0.016419245695397745,0.0008264644997461204,0.0008876410560150343,0.0005857941505029107,0.0005439426691450958,0.0012052799759121678,1.0,0.00900761654452334,0.015037883799952842,0.7393842405183642,False,0.23779532049957564,0.0008264644997461204,0.04983112185767688,0.07876661908541219,0.03561955395913308,0.04314706512627911,1.0,,,,,0.0031280348000218283,1.6653362337936868,0.18882890495504534,0.5,31.738907886424656,0.9999597101595713
local_dynamics_counterfactual,expanded_targets_local_fixed,High AD-like perturbation with A1 and expanded target local dynamics held at baseline,1.0,149,5Hz,60.0,0.02,0.5,d695e3c87e6723ff,semantic_expanded_left,0.0005497315546319246,0.009681018335529262,0.0028536169931763582,0.006300464440718139,0.009439261920267282,0.011699387754882983,0.01395603557430152,0.0005552523313125993,0.000674708444442181,0.00037686873493213987,0.00041951074188687263,0.0009682596443146993,1.0,0.006614361104136188,0.011989956292998146,0.858152684483112,False,0.27364770364679136,0.0005552523313125993,0.044642131771023934,0.07035074408111684,0.03372101917526786,0.03662972490584898,1.0,,,,,0.0025359594007685615,1.12971256359553,0.1439527080132844,0.2857142857142857,31.738907886424656,0.9999597101595713
local_dynamics_counterfactual,expanded_targets_local_fixed,High AD-like perturbation with A1 and expanded target local dynamics held at baseline,1.0,149,5Hz,60.0,0.02,0.5,d695e3c87e6723ff,episodic_expanded_left,0.000687320300434802,0.012104017633381061,0.003564922681162847,0.007803062640259305,0.011227055799322176,0.014819081417704251,0.017768968327456638,0.0008698306727357887,0.0009202743593492217,0.0007177506581654005,0.0008860160874763793,0.0011472333169712384,1.0,0.008144704563878159,0.015064640248361435,0.8872319476581468,False,0.2780089046723954,0.0008860160874763793,0.05891200289093021,0.09110763090779965,0.04592578229430122,0.04518184861349843,1.0,,,,,0.005539513806886109,6.396570261328856,0.2702217564315284,1.0,31.738907886424656,0.9999597101595713
local_dynamics_counterfactual,expanded_targets_local_fixed,High AD-like perturbation with A1 and expanded target local dynamics held at baseline,1.0,149,5Hz,60.0,0.02,0.5,d695e3c87e6723ff,semantic_expanded_right,0.0004863671869351836,0.008619980210361438,0.002891156019365022,0.005688030963429269,0.008767563139594953,0.011396395704465472,0.011182326433000623,0.00045361697535703017,0.0005241518530094889,0.0003163544732496357,0.0002890539902337398,0.0007165056730186409,1.0,0.006109146528256828,0.010555425733233063,0.7889420191726277,False,0.24527901941192917,0.00045361697535703017,0.04029933929113082,0.06372815171252712,0.02954786438904029,0.034180287323486824,1.0,,,,,0.0024447057084744928,0.2501213639448697,0.18203036223516939,0.3333333333333333,31.738907886424656,0.9999597101595713
local_dynamics_counterfactual,expanded_targets_local_fixed,High AD-like perturbation with A1 and expanded target local dynamics held at baseline,1.0,149,5Hz,60.0,0.02,0.5,d695e3c87e6723ff,episodic_expanded_right,0.0006241652172493246,0.011062201491405584,0.003907287059362033,0.00785244748951053,0.010624637416205188,0.014263372846266744,0.014852132788622659,0.0008482036960162557,0.000900597041368899,0.0006520332988135947,0.0006238369982539575,0.0011805372149955615,1.0,0.008024925277625192,0.013435053305522348,0.7434421814003227,False,0.23569814027537894,0.0008482036960162557,0.06093921408820626,0.09251159594185046,0.04557078247890174,0.04694081346294872,1.0,,,,,0.004474745006010861,4.673127150477342,0.2640625089386967,0.8181818181818182,31.738907886424656,0.9999597101595713
local_dynamics_counterfactual,expanded_targets_local_fixed,High AD-like perturbation with A1 and expanded target local dynamics held at baseline,1.0,149,5Hz,60.0,0.02,0.5,d695e3c87e6723ff,shared_auditory_relay,0.006274477841342762,0.05036251513170826,0.022576519726681146,0.037240869633618764,0.04567167620472962,0.05836747691101031,0.07201469455106833,0.004215525622973599,0.004256553590428181,0.0044093606871193625,0.004531741495596709,0.007764514307771929,1.0,0.035628203728160696,0.06162318699254407,0.790453548020246,False,0.1997607183692317,0.0044093606871193625,0.08953012446415409,0.12390253366506704,0.07488565717657955,0.04901687648848749,1.0,,,,,0.010345156465149052,8.123477227929278,0.3633293956449273,0.7857142857142857,31.738907886424656,0.9999597101595713
local_dynamics_counterfactual,expanded_targets_local_fixed,High AD-like perturbation with A1 and expanded target local dynamics held at baseline,1.0,149,5Hz,60.0,0.02,0.5,d695e3c87e6723ff,anterior_temporal_context,0.008782558978951967,0.13656799264615832,0.0699473323662143,0.08318380202946087,0.12401545428354069,0.15305988814933727,0.20143668462773195,0.011014465960551814,0.012700278954640666,0.01793018774806179,0.014699277225122426,0.026636545137761543,1.0,0.0881879417737042,0.171585135174585,0.9602712642135827,False,0.19658463604426257,0.014699277225122426,0.04138376211142157,0.029183574703715593,0.05121007435193635,0.022026499648220756,1.0,,,,,0.00322085619747442,1.0125104650447427,0.19588662232525048,0.3333333333333333,31.738907886424656,0.9999597101595713
local_dynamics_counterfactual,expanded_targets_local_fixed,High AD-like perturbation with A1 and expanded target local dynamics held at baseline,1.0,149,5Hz,60.0,0.02,0.5,d695e3c87e6723ff,hippocampal_context,0.0017045591849493731,0.026182723157895653,0.00796759976696149,0.01743918157641628,0.026452457051086984,0.032238543876636334,0.03641660708808646,0.0007927740943381863,0.0012250972267589058,0.0005069741267356788,0.0005102396757670089,0.0019306948229812638,1.0,0.018441308197780844,0.03208356183693374,0.7988933131411228,False,0.2635606553105453,0.0007927740943381863,0.03205457101690204,0.04465532381418873,0.02802571464628199,0.016629609167906737,1.0,,,,,0.002753142296524347,3.991636773358326,0.18048279620047902,0.5,31.738907886424656,0.9999597101595713
local_dynamics_counterfactual,expanded_targets_local_fixed,High AD-like perturbation with A1 and expanded target local dynamics held at baseline,1.0,149,5Hz,60.0,0.02,0.5,d695e3c87e6723ff,angular_parietal_context,0.007292874380513989,0.06219953524984391,0.019813791240775615,0.03635546516214473,0.05622964439964938,0.07832857633480278,0.09061983331127589,0.0026506116365017066,0.003388034950710432,0.003282373725909479,0.004327218131773568,0.00570621552369051,1.0,0.037304814514512015,0.07941926182873553,1.0901271166493718,True,0.27470051212076013,0.003388034950710432,0.028123247141104174,0.05649953788536509,0.01646176963796468,0.04003776824740041,1.0,,,,,0.0025051251270115094,3.16619440644966,0.16420655637185683,0.3333333333333333,31.738907886424656,0.9999597101595713
local_dynamics_counterfactual,expanded_targets_local_fixed,High AD-like perturbation with A1 and expanded target local dynamics held at baseline,1.0,173,pulse,60.0,0.02,0.5,d695e3c87e6723ff,semantic_expanded,0.00013784993112215846,0.0036687286520356082,,,,,,,,,,,1.0,,,,False,,,,,,,,380.5,380.5,1.0,0.0030592240128178164,,,,,,
local_dynamics_counterfactual,expanded_targets_local_fixed,High AD-like perturbation with A1 and expanded target local dynamics held at baseline,1.0,173,pulse,60.0,0.02,0.5,d695e3c87e6723ff,episodic_expanded,0.00019908487919187873,0.005337313956506561,,,,,,,,,,,1.0,,,,False,,,,,,,,269.5,269.5,1.0,0.0023906924089453843,,,,,,
local_dynamics_counterfactual,expanded_targets_local_fixed,High AD-like perturbation with A1 and expanded target local dynamics held at baseline,1.0,173,pulse,60.0,0.02,0.5,d695e3c87e6723ff,semantic_anatomical_core,0.00012891457969527753,0.0034447028121502624,,,,,,,,,,,1.0,,,,False,,,,,,,,399.0,399.0,1.0,0.0032129440091673254,,,,,,
local_dynamics_counterfactual,expanded_targets_local_fixed,High AD-like perturbation with A1 and expanded target local dynamics held at baseline,1.0,173,pulse,60.0,0.02,0.5,d695e3c87e6723ff,episodic_anatomical_core,0.0002039948907554865,0.005452375927685383,,,,,,,,,,,1.0,,,,False,,,,,,,,259.5,259.5,1.0,0.0021852819141989378,,,,,,
local_dynamics_counterfactual,expanded_targets_local_fixed,High AD-like perturbation with A1 and expanded target local dynamics held at baseline,1.0,173,pulse,60.0,0.02,0.5,d695e3c87e6723ff,semantic_platel_peaks,0.00014741712827383703,0.003967008705496757,,,,,,,,,,,1.0,,,,False,,,,,,,,338.5,338.5,1.0,0.002791476183631652,,,,,,
local_dynamics_counterfactual,expanded_targets_local_fixed,High AD-like perturbation with A1 and expanded target local dynamics held at baseline,1.0,173,pulse,60.0,0.02,0.5,d695e3c87e6723ff,episodic_platel_peaks,0.00019326000958942003,0.005145134475065559,,,,,,,,,,,1.0,,,,False,,,,,,,,291.0,291.0,1.0,0.003157097644518988,,,,,,
local_dynamics_counterfactual,expanded_targets_local_fixed,High AD-like perturbation with A1 and expanded target local dynamics held at baseline,1.0,173,pulse,60.0,0.02,0.5,d695e3c87e6723ff,semantic_expanded_left,0.000143355850517282,0.0038467501091330146,,,,,,,,,,,1.0,,,,False,,,,,,,,406.0,406.0,1.0,0.0030592240128178164,,,,,,
local_dynamics_counterfactual,expanded_targets_local_fixed,High AD-like perturbation with A1 and expanded target local dynamics held at baseline,1.0,173,pulse,60.0,0.02,0.5,d695e3c87e6723ff,episodic_expanded_left,0.00020383006937819487,0.005469489656654349,,,,,,,,,,,1.0,,,,False,,,,,,,,273.0,273.0,1.0,0.00235794265759018,,,,,,
local_dynamics_counterfactual,expanded_targets_local_fixed,High AD-like perturbation with A1 and expanded target local dynamics held at baseline,1.0,173,pulse,60.0,0.02,0.5,d695e3c87e6723ff,semantic_expanded_right,0.00013142635849451432,0.0034989457439179895,,,,,,,,,,,1.0,,,,False,,,,,,,,355.0,355.0,1.0,0.0026645521647085716,,,,,,
local_dynamics_counterfactual,expanded_targets_local_fixed,High AD-like perturbation with A1 and expanded target local dynamics held at baseline,1.0,173,pulse,60.0,0.02,0.5,d695e3c87e6723ff,episodic_expanded_right,0.0001956338317836488,0.005208332414645247,,,,,,,,,,,1.0,,,,False,,,,,,,,266.0,266.0,1.0,0.0023906924089453843,,,,,,
local_dynamics_counterfactual,expanded_targets_local_fixed,High AD-like perturbation with A1 and expanded target local dynamics held at baseline,1.0,173,pulse,60.0,0.02,0.5,d695e3c87e6723ff,shared_auditory_relay,0.00043762277416595127,0.011383090161139873,,,,,,,,,,,1.0,,,,False,,,,,,,,290.0,256.0,0.9285714285714286,0.0010028775881380507,,,,,,
local_dynamics_counterfactual,expanded_targets_local_fixed,High AD-like perturbation with A1 and expanded target local dynamics held at baseline,1.0,173,pulse,60.0,0.02,0.5,d695e3c87e6723ff,anterior_temporal_context,0.0004831580124973928,0.012098539313680752,,,,,,,,,,,1.0,,,,False,,,,,,,,504.0,504.0,1.0,0.004172953237805006,,,,,,
local_dynamics_counterfactual,expanded_targets_local_fixed,High AD-like perturbation with A1 and expanded target local dynamics held at baseline,1.0,173,pulse,60.0,0.02,0.5,d695e3c87e6723ff,hippocampal_context,0.0005662613920528249,0.012234612848407538,,,,,,,,,,,1.0,,,,False,,,,,,,,674.0,674.0,1.0,0.002043665310886094,,,,,,
local_dynamics_counterfactual,expanded_targets_local_fixed,High AD-like perturbation with A1 and expanded target local dynamics held at baseline,1.0,173,pulse,60.0,0.02,0.5,d695e3c87e6723ff,angular_parietal_context,0.0007612700559793435,0.01465811071978017,,,,,,,,,,,1.0,,,,False,,,,,,,,704.0,704.0,1.0,0.0037336473938645314,,,,,,
local_dynamics_counterfactual,expanded_targets_local_fixed,High AD-like perturbation with A1 and expanded target local dynamics held at baseline,1.0,173,2Hz,60.0,0.02,0.5,d695e3c87e6723ff,semantic_expanded,0.0009398047262290855,0.021741142411607444,0.004838534366888581,0.006533663608139562,0.013159639853616862,0.020993936283517933,0.04189169829220059,0.00030406626266359495,0.00035263906896765214,0.0003594896896644453,0.0003063784564266207,0.0005819405491780474,1.0,0.008050055598772372,0.029732293855224266,1.884960119348325,True,0.39560266624079743,0.00035263906896765214,0.028015862948106214,0.024703795890391723,0.033561655382894864,0.008857859492503142,1.0,,,,,0.0002944792702211929,4.552711997503797,0.16169389115941257,0.3076923076923077,31.50792781349601,0.9999913923048561
local_dynamics_counterfactual,expanded_targets_local_fixed,High AD-like perturbation with A1 and expanded target local dynamics held at baseline,1.0,173,2Hz,60.0,0.02,0.5,d695e3c87e6723ff,episodic_expanded,0.0011583532374407986,0.027486022187306128,0.006488616153760953,0.0081957223827492,0.01656614241123433,0.029254395949394097,0.05165017976157522,0.000597204031544941,0.0006861236131653123,0.0006431792144768184,0.0005285210636521931,0.0008408064699885162,1.0,0.01015395339860755,0.037606065212337926,1.8889238186252506,True,0.3910645845952638,0.0006431792144768184,0.03986889777795799,0.04519453819514102,0.045683674966260815,0.0004891367711197941,1.0,,,,,0.00046241753644093997,8.6569126557002,0.2135077729975103,0.5263157894736842,31.50792781349601,0.9999913923048561
local_dynamics_counterfactual,expanded_targets_local_fixed,High AD-like perturbation with A1 and expanded target local dynamics held at baseline,1.0,173,2Hz,60.0,0.02,0.5,d695e3c87e6723ff,semantic_anatomical_core,0.0008868482393009321,0.020813420938724122,0.004565859305183495,0.00620440760295676,0.011901131414658105,0.019358007777930595,0.04079425072755261,0.00026199190749217884,0.00030985418642719587,0.0003140759893998951,0.00028380346444892664,0.0005928476202583064,1.0,0.007350381174435535,0.028555892466199342,1.9578975023354215,True,0.39801900893991277,0.00030985418642719587,0.025629589053165196,0.022108612572550673,0.030835208903357145,0.008726596330806472,1.0,,,,,0.00025743913694714626,5.235212747910465,0.130495951478107,0.1,31.50792781349601,0.9999913923048561
local_dynamics_counterfactual,expanded_targets_local_fixed,High AD-like perturbation with A1 and expanded target local dynamics held at baseline,1.0,173,2Hz,60.0,0.02,0.5,d695e3c87e6723ff,episodic_anatomical_core,0.0011508028893130499,0.027006977792396993,0.00640529325796463,0.008172832974994364,0.01635649623225313,0.02898524571101637,0.050578764617654766,0.0006244081034980085,0.0007148428380917009,0.0006693124564101554,0.0005502882747903583,0.0008824830034500117,1.0,0.010046027869628764,0.03693117165013946,1.8782138506666948,True,0.38944005503301393,0.0006693124564101554,0.04142087616336743,0.04822935948815149,0.04708537456934555,0.0011439849188059417,1.0,,,,,0.000518984495696595,8.71992358192313,0.23297768071248523,0.625,31.50792781349601,0.9999913923048561
local_dynamics_counterfactual,expanded_targets_local_fixed,High AD-like perturbation with A1 and expanded target local dynamics held at baseline,1.0,173,2Hz,60.0,0.02,0.5,d695e3c87e6723ff,semantic_platel_peaks,0.0009972191923829769,0.023221855291308675,0.005307957443041892,0.00727358596920024,0.015019016825679656,0.023378973831561355,0.04373261449803599,0.0003481406774678899,0.00039017873696852985,0.0004025500606546374,0.00031526493876313195,0.00054954084295479,1.0,0.00912404559818608,0.03161798015557885,1.7929996455016848,True,0.38847173396796,0.00039017873696852985,0.030228688579639153,0.025715603427390883,0.036386147203217103,0.01067054377582622,1.0,,,,,0.0003592130974570118,3.5223465126282694,0.2066091481441941,0.6,31.50792781349601,0.9999913923048561
local_dynamics_counterfactual,expanded_targets_local_fixed,High AD-like perturbation with A1 and expanded target local dynamics held at baseline,1.0,173,2Hz,60.0,0.02,0.5,d695e3c87e6723ff,episodic_platel_peaks,0.0012488857079962048,0.029492550495293736,0.0073444394354161,0.009009948494833627,0.01705184506113495,0.030257146625831642,0.05616938780069771,0.0005626075432204298,0.0006402890665185334,0.0006119916313715746,0.0004562317639613105,0.0007779422255460538,1.0,0.010792191466848558,0.04037598764357744,1.9035097014119524,True,0.3808902381391738,0.0006119916313715746,0.033620358962261294,0.036908661526911454,0.038765960780208206,0.0018572992532967514,1.0,,,,,0.0003079577684158008,6.477208429571798,0.15177530080228624,0.25,31.50792781349601,0.9999913923048561
local_dynamics_counterfactual,expanded_targets_local_fixed,High AD-like perturbation with A1 and expanded target local dynamics held at baseline,1.0,173,2Hz,60.0,0.02,0.5,d695e3c87e6723ff,semantic_expanded_left,0.0010474385068895504,0.02458254985699532,0.004724184512203968,0.006503468298957495,0.015499772030832608,0.025234922048553897,0.04663796388096582,0.0003200941377211996,0.00037164233765666943,0.00038873041199358004,0.00033382681137380697,0.00070586762095033,1.0,0.008791659537482758,0.03370289455191634,1.9386650784717714,True,0.42814377928227654,0.00037164233765666943,0.02882163645618291,0.025696497487518392,0.034761990142438984,0.009065492654920591,1.0,,,,,0.0002944792702211929,3.5223465126282694,0.1685316917757438,0.42857142857142855,31.50792781349601,0.9999913923048561
local_dynamics_counterfactual,expanded_targets_local_fixed,High AD-like perturbation with A1 and expanded target local dynamics held at baseline,1.0,173,2Hz,60.0,0.02,0.5,d695e3c87e6723ff,episodic_expanded_left,0.0012420326928032303,0.02914952084922072,0.006360792034413042,0.007922340978421122,0.018199637529517622,0.03145103230219476,0.05456480622453166,0.0006030327724882857,0.0006982184083555222,0.0006439709867160958,0.0005621639307673294,0.0009267858000623166,1.0,0.010576034707051511,0.039941265049039665,1.9170812111864823,True,0.4095246737731375,0.0006439709867160958,0.04115875749370501,0.04447541271946519,0.04807270680618625,0.0035972940867210618,1.0,,,,,0.0004903050017531219,9.426048665804045,0.2573187096544659,0.75,31.50792781349601,0.9999913923048561
local_dynamics_counterfactual,expanded_targets_local_fixed,High AD-like perturbation with A1 and expanded target local dynamics held at baseline,1.0,173,2Hz,60.0,0.02,0.5,d695e3c87e6723ff,semantic_expanded_right,0.0008142319821252096,0.019228162908710163,0.004955652083250191,0.006563999112776522,0.011172817299016676,0.01746569138705415,0.03762845201140928,0.000288840941444342,0.0003346074985602246,0.0003324484861173496,0.0002811869968624216,0.00047977098357579695,1.0,0.007371008268352607,0.026229477012179703,1.831255160224877,True,0.36306155319931843,0.0003324484861173496,0.027210089440029523,0.023711094293265053,0.03236132062335074,0.008650226330085685,1.0,,,,,0.00026774585763633674,5.415078893597309,0.14412546627904857,0.16666666666666666,31.50792781349601,0.9999913923048561
local_dynamics_counterfactual,expanded_targets_local_fixed,High AD-like perturbation with A1 and expanded target local dynamics held at baseline,1.0,173,2Hz,60.0,0.02,0.5,d695e3c87e6723ff,episodic_expanded_right,0.0010974954517226662,0.025917455713557025,0.006619008979238325,0.008478537538090507,0.015079260449236565,0.02721117940234362,0.04889124059976318,0.0005914316295313099,0.0006742383284505384,0.0006423884157336949,0.0004968915638944784,0.0007628035733035764,1.0,0.009748717026462718,0.03540739480880853,1.8607664260640202,True,0.3726044954173901,0.0006423884157336949,0.03857903806221096,0.04591366367081685,0.04329464312633538,0.0026190205444814665,1.0,,,,,0.0003877417526958471,8.604923836596914,0.17926894819940004,0.36363636363636365,31.50792781349601,0.9999913923048561
local_dynamics_counterfactual,expanded_targets_local_fixed,High AD-like perturbation with A1 and expanded target local dynamics held at baseline,1.0,173,2Hz,60.0,0.02,0.5,d695e3c87e6723ff,shared_auditory_relay,0.00800397371214699,0.09741029008013403,0.03348044250494554,0.04728760186437086,0.07217841465502794,0.10463014507612382,0.1679290204383225,0.0032468902860402758,0.0037375836864355044,0.004553674962740346,0.004897457351239047,0.0065250724130607,1.0,0.04807837953621665,0.12854511136230942,1.4188145682843825,True,0.2899343410022075,0.004553674962740346,0.05240859064960661,0.08671358274523658,0.051041214272855816,0.03567236847238076,1.0,,,,,0.0009059669537201387,10.415322383468302,0.24752583389009752,0.6428571428571429,31.50792781349601,0.9999913923048561
local_dynamics_counterfactual,expanded_targets_local_fixed,High AD-like perturbation with A1 and expanded target local dynamics held at baseline,1.0,173,2Hz,60.0,0.02,0.5,d695e3c87e6723ff,anterior_temporal_context,0.017800313126391607,0.3245834203660237,0.06876825387963965,0.15167643014225657,0.28569031779782794,0.35324464798534844,0.4901001623537677,0.0029465818904380442,0.007507641572212327,0.009013700829664111,0.012717891714255934,0.012639056781153351,1.0,0.16892695835466467,0.4160103906619574,1.3002199826604715,True,0.3443097399484038,0.009013700829664111,0.044272358061997016,0.07066949221782035,0.03968142348680744,0.030988068731012904,1.0,,,,,0.00022767620415370393,1.7631141207893728,0.21361041215455928,0.5,31.50792781349601,0.9999913923048561
local_dynamics_counterfactual,expanded_targets_local_fixed,High AD-like perturbation with A1 and expanded target local dynamics held at baseline,1.0,173,2Hz,60.0,0.02,0.5,d695e3c87e6723ff,hippocampal_context,0.002448320573614948,0.05384208696391409,0.01364909572350755,0.020692514071364472,0.041585212609312215,0.05333606397122,0.09789126357067957,0.0005575921111611062,0.00105864569690934,0.0008378245819953946,0.0009198783881492488,0.0020197347323613066,1.0,0.025846968248285862,0.07143820221111037,1.4667007067686932,True,0.3525375949255827,0.0009198783881492488,0.027303190709200217,0.015155918597604578,0.036614568805208934,0.021458650207604357,1.0,,,,,0.0002875339374175945,3.959524155240649,0.23342983515111537,0.5,31.50792781349601,0.9999913923048561
local_dynamics_counterfactual,expanded_targets_local_fixed,High AD-like perturbation with A1 and expanded target local dynamics held at baseline,1.0,173,2Hz,60.0,0.02,0.5,d695e3c87e6723ff,angular_parietal_context,0.008939937053122045,0.1212724008309082,0.03026462896682166,0.041442573860418726,0.07796723859485025,0.11833874904951804,0.22063698295576903,0.0015588588750568139,0.0020870046488707383,0.0020388879813706667,0.003455921685272319,0.004635027657296262,1.0,0.0494961480190215,0.16280289275235207,1.7177381756767618,True,0.36228385838452914,0.0020870046488707383,0.024453681031796962,0.02087344855769126,0.02988770633856288,0.009014257780871619,1.0,,,,,0.0002973875742424692,3.9000358143811136,0.16806147919276265,0.16666666666666666,31.50792781349601,0.9999913923048561
local_dynamics_counterfactual,expanded_targets_local_fixed,High AD-like perturbation with A1 and expanded target local dynamics held at baseline,1.0,173,5Hz,60.0,0.02,0.5,d695e3c87e6723ff,semantic_expanded,0.0008596120817147861,0.015025656331490557,0.003600755351196833,0.010718835619783398,0.010522474066537847,0.014472958251334213,0.025950250826163045,0.00032262688421057115,0.0005700849826333721,0.0003307628199729917,0.0006477984489637,0.0025846108067371695,1.0,0.00886579871059276,0.01927921389071426,1.1207237139378463,True,0.30659828181145443,0.0005700849826333721,0.05394804021681268,0.03630790949937396,0.06708055797112356,0.030772648471749597,1.0,,,,,0.0018412345994816004,4.955360055958069,0.07082733452678318,0.0,31.70554292004268,0.999938995165652
local_dynamics_counterfactual,expanded_targets_local_fixed,High AD-like perturbation with A1 and expanded target local dynamics held at baseline,1.0,173,5Hz,60.0,0.02,0.5,d695e3c87e6723ff,episodic_expanded,0.0010155810316526553,0.01807217567874394,0.0049663511765630905,0.010391265388821508,0.013476978688638149,0.02094831608554255,0.029640692913383067,0.0007553837189981723,0.000859595748697808,0.00035326306865448513,0.000934927308340451,0.0019981069604110757,1.0,0.009522655608259555,0.02370890075606201,1.3159929120330491,True,0.3083052454433791,0.000859595748697808,0.058279556875256606,0.06256622801070175,0.06330191215635923,0.0007356841456574864,1.0,,,,,0.0016820115496933852,4.752096749195731,0.1359504275540486,0.21052631578947367,31.70554292004268,0.999938995165652
local_dynamics_counterfactual,expanded_targets_local_fixed,High AD-like perturbation with A1 and expanded target local dynamics held at baseline,1.0,173,5Hz,60.0,0.02,0.5,d695e3c87e6723ff,semantic_anatomical_core,0.0008246378675966575,0.014550635672988536,0.003363441670115565,0.011088210312669952,0.00980002268021578,0.013212695485215463,0.02553598744925619,0.0002647965505152111,0.0005637456349313946,0.0002779278179631167,0.00053281211411221,0.0027916794612750746,1.0,0.008847538775513602,0.0185568228895345,1.0686016434575796,True,0.30509708487949005,0.00053281211411221,0.055165209884880315,0.03433667378025366,0.06981312741012274,0.035476453629869086,1.0,,,,,0.0028785626271412568,5.019407189417295,0.07538195070311576,0.0,31.70554292004268,0.999938995165652
local_dynamics_counterfactual,expanded_targets_local_fixed,High AD-like perturbation with A1 and expanded target local dynamics held at baseline,1.0,173,5Hz,60.0,0.02,0.5,d695e3c87e6723ff,episodic_anatomical_core,0.0010030543386838967,0.017680290636608312,0.004908175504762402,0.010021752816100842,0.013455655659023711,0.020844373392286897,0.028730358913500065,0.0008014087686093919,0.0008794623279608254,0.0003795933581704237,0.0009423572761962368,0.0019155104697695744,1.0,0.009312992709469187,0.023197844308101838,1.316673992900313,True,0.30775788454082087,0.0008794623279608254,0.06006968207101232,0.06661751156176042,0.064321089195304,0.002296422366456427,1.0,,,,,0.0017041296733785738,5.16869812749292,0.14748548402756276,0.25,31.70554292004268,0.999938995165652
local_dynamics_counterfactual,expanded_targets_local_fixed,High AD-like perturbation with A1 and expanded target local dynamics held at baseline,1.0,173,5Hz,60.0,0.02,0.5,d695e3c87e6723ff,semantic_platel_peaks,0.0008905072966288133,0.015770963890595898,0.004001449790686416,0.010152541913051719,0.011663210164859451,0.016123921415439484,0.026742503776023697,0.0003674872353976097,0.0005573779583311502,0.0003860427092868098,0.0007659830115932473,0.002215986712931026,1.0,0.008897775878982635,0.020429039432920133,1.199104705734876,True,0.30742206696042534,0.0005573779583311502,0.05149218468440807,0.03851611883632307,0.062308330867868224,0.023792212031545155,1.0,,,,,0.0017680934584964891,4.630551639793924,0.07082733452678318,0.0,31.70554292004268,0.999938995165652
local_dynamics_counterfactual,expanded_targets_local_fixed,High AD-like perturbation with A1 and expanded target local dynamics held at baseline,1.0,173,5Hz,60.0,0.02,0.5,d695e3c87e6723ff,episodic_platel_peaks,0.0011143036508536957,0.019757345220172477,0.0055722007238089705,0.01261543616898154,0.01395439772954577,0.021182094476238887,0.033297288766027854,0.000669375551324695,0.0008545986176111634,0.00033947713261044723,0.0008701473307207146,0.002384166812225132,1.0,0.010951995291237858,0.02570173153338935,1.230671826064258,True,0.2952913158369657,0.0008545986176111634,0.05270866677026003,0.051392744388344756,0.058866056700041816,0.00747331231169706,1.0,,,,,0.0018181395488369723,4.443508129189546,0.06996639649726613,0.0,31.70554292004268,0.999938995165652
local_dynamics_counterfactual,expanded_targets_local_fixed,High AD-like perturbation with A1 and expanded target local dynamics held at baseline,1.0,173,5Hz,60.0,0.02,0.5,d695e3c87e6723ff,semantic_expanded_left,0.0009309535624648424,0.016400886779439343,0.0036316912173282637,0.010768729762292617,0.011038474071484488,0.016832499144929944,0.028352633016457043,0.00035103689570202583,0.0005952517399076426,0.00037483050047274673,0.001062226988762182,0.003153906546945253,1.0,0.008980307075424784,0.02138481691441315,1.2517501727815092,True,0.32869699243876,0.0005952517399076426,0.05507128945180163,0.03432976299758355,0.06980962287252566,0.035479859874942114,1.0,,,,,0.002398531047228758,4.955360055958069,0.06463416574695775,0.0,31.70554292004268,0.999938995165652
local_dynamics_counterfactual,expanded_targets_local_fixed,High AD-like perturbation with A1 and expanded target local dynamics held at baseline,1.0,173,5Hz,60.0,0.02,0.5,d695e3c87e6723ff,episodic_expanded_left,0.0010764960888066967,0.01896495290729894,0.004911662808722946,0.01008129310733677,0.014068087673652573,0.022703550164697116,0.031068332795619543,0.000768821945526661,0.0008658440341647989,0.0002967392076455301,0.0010926619094206152,0.002018824970850439,1.0,0.009397712202014045,0.025137613073777095,1.4194661740031176,True,0.3246780002227954,0.0008658440341647989,0.05783137695310679,0.06026679089389557,0.0644793816346761,0.004212590740780536,1.0,,,,,0.0015977216383506465,5.67234626398818,0.13378665344091034,0.25,31.70554292004268,0.999938995165652
local_dynamics_counterfactual,expanded_targets_local_fixed,High AD-like perturbation with A1 and expanded target local dynamics held at baseline,1.0,173,5Hz,60.0,0.02,0.5,d695e3c87e6723ff,semantic_expanded_right,0.0007763803541730535,0.013765740305889736,0.003570083006316527,0.01066917264896404,0.01003059478728035,0.01244417235618608,0.023751427867383528,0.0002965161431457488,0.0005459822552967551,0.0002918760424738715,0.00039505946932188866,0.002118075765045335,1.0,0.008752750447904955,0.017380933852811975,0.9896972550941817,False,0.2844995711841491,0.00039505946932188866,0.05282479098182372,0.038286056001164366,0.06435149306972145,0.02606543706855708,1.0,,,,,0.0018046640289890448,4.854532742351067,0.07847853509302849,0.0,31.70554292004268,0.999938995165652
local_dynamics_counterfactual,expanded_targets_local_fixed,High AD-like perturbation with A1 and expanded target local dynamics held at baseline,1.0,173,5Hz,60.0,0.02,0.5,d695e3c87e6723ff,episodic_expanded_right,0.0009712791719042618,0.01722142603568955,0.005021648466003409,0.010710768472978667,0.012910706756126556,0.01932878090150686,0.02827865538086904,0.0007421803790169285,0.0008533925534199695,0.00042055378076043503,0.0007999629751385836,0.001977601566698156,1.0,0.009649260148026561,0.022361390216765573,1.2125196500629816,True,0.2919324906639627,0.0007999629751385836,0.05872773679740642,0.06486566512750794,0.06212444267804235,0.0027412224494655843,1.0,,,,,0.001777104994939105,4.396748866001977,0.1359504275540486,0.18181818181818182,31.70554292004268,0.999938995165652
local_dynamics_counterfactual,expanded_targets_local_fixed,High AD-like perturbation with A1 and expanded target local dynamics held at baseline,1.0,173,5Hz,60.0,0.02,0.5,d695e3c87e6723ff,shared_auditory_relay,0.006855341893252313,0.06406205011945999,0.02478755356088682,0.04077296866512055,0.053174646690889685,0.07396013541852554,0.0986673496988724,0.004031296619605545,0.004061106855958013,0.0035901300404873045,0.00444665154372371,0.009793672178752044,1.0,0.03840887671106984,0.08200473199564183,1.0942673892438706,True,0.24225242991488677,0.004061106855958013,0.06808888758350413,0.0967898068175141,0.06394346331112813,0.032846343506385975,1.0,,,,,0.0046844220201394116,7.060492111314105,0.24294426619703233,0.5,31.70554292004268,0.999938995165652
local_dynamics_counterfactual,expanded_targets_local_fixed,High AD-like perturbation with A1 and expanded target local dynamics held at baseline,1.0,173,5Hz,60.0,0.02,0.5,d695e3c87e6723ff,anterior_temporal_context,0.014314038376919243,0.21388775177125127,0.05931521910049861,0.09609521959053048,0.16163853155821997,0.24189358656691587,0.3267736876204199,0.00987775632557695,0.016072601982871693,0.0284689081609999,0.035472885905869334,0.03742202748834821,1.0,0.10635687660616217,0.27769650327445833,1.384595695855107,True,0.3127735570893701,0.0284689081609999,-0.0038498813320047252,0.001417328027930105,-0.005483257604202216,0.006900585632132321,1.0,,,,,0.0019691795984018157,1.6036602782672054,0.1576666282017306,0.2222222222222222,31.70554292004268,0.999938995165652
local_dynamics_counterfactual,expanded_targets_local_fixed,High AD-like perturbation with A1 and expanded target local dynamics held at baseline,1.0,173,5Hz,60.0,0.02,0.5,d695e3c87e6723ff,hippocampal_context,0.0026052902983208174,0.040046397936364025,0.009875334718721067,0.020031206657292588,0.037479075354662786,0.04702190016425031,0.06132282814544396,0.0007093492995989078,0.0012737344985328462,0.0002764136050931242,0.0024991479400535126,0.0027466241496535474,1.0,0.021654167350683776,0.0522797991569157,1.2716089000043036,True,0.32500644355428326,0.0012737344985328462,0.03679897787157764,0.027032671379323584,0.045271168443466264,0.01823849706414268,1.0,,,,,0.0006323838513542235,3.698261073214549,0.08699263077680869,0.0,31.70554292004268,0.999938995165652
local_dynamics_counterfactual,expanded_targets_local_fixed,High AD-like perturbation with A1 and expanded target local dynamics held at baseline,1.0,173,5Hz,60.0,0.02,0.5,d695e3c87e6723ff,angular_parietal_context,0.009094489914290127,0.08578183059484466,0.023348908143371656,0.04147106939720682,0.05878356914189203,0.0929030997354816,0.1446029173597251,0.0024134419404463095,0.0031748733149115646,0.002105612641693838,0.006336518719052652,0.009479255847823529,1.0,0.03942857266081266,0.11362947257939215,1.527023691546272,True,0.32124804082187525,0.0031748733149115646,0.03352724324691271,0.03406241755336832,0.03696860995533306,0.002906192401964741,1.0,,,,,0.0008983497548376573,3.9658507615608807,0.09261190716046985,0.0,31.70554292004268,0.999938995165652
local_dynamics_counterfactual,expanded_targets_local_fixed,High AD-like perturbation with A1 and expanded target local dynamics held at baseline,1.0,197,pulse,60.0,0.02,0.5,d695e3c87e6723ff,semantic_expanded,0.00013988270877967194,0.003719149862117356,,,,,,,,,,,1.0,,,,False,,,,,,,,369.0,369.0,1.0,0.007947229272997168,,,,,,
local_dynamics_counterfactual,expanded_targets_local_fixed,High AD-like perturbation with A1 and expanded target local dynamics held at baseline,1.0,197,pulse,60.0,0.02,0.5,d695e3c87e6723ff,episodic_expanded,0.00020129767401770793,0.005384492222599221,,,,,,,,,,,1.0,,,,False,,,,,,,,262.5,262.5,1.0,0.006289308884488379,,,,,,
local_dynamics_counterfactual,expanded_targets_local_fixed,High AD-like perturbation with A1 and expanded target local dynamics held at baseline,1.0,197,pulse,60.0,0.02,0.5,d695e3c87e6723ff,semantic_anatomical_core,0.00013126661702748775,0.003502242193849042,,,,,,,,,,,1.0,,,,False,,,,,,,,378.0,378.0,1.0,0.008934308440761533,,,,,,
local_dynamics_counterfactual,expanded_targets_local_fixed,High AD-like perturbation with A1 and expanded target local dynamics held at baseline,1.0,197,pulse,60.0,0.02,0.5,d695e3c87e6723ff,episodic_anatomical_core,0.0002057818267834924,0.0054912222086603195,,,,,,,,,,,1.0,,,,False,,,,,,,,246.0,246.0,1.0,0.006035267089279513,,,,,,
local_dynamics_counterfactual,expanded_targets_local_fixed,High AD-like perturbation with A1 and expanded target local dynamics held at baseline,1.0,197,pulse,60.0,0.02,0.5,d695e3c87e6723ff,semantic_platel_peaks,0.0001494431620847505,0.004019622744627095,,,,,,,,,,,1.0,,,,False,,,,,,,,333.0,333.0,1.0,0.006689318925293077,,,,,,
local_dynamics_counterfactual,expanded_targets_local_fixed,High AD-like perturbation with A1 and expanded target local dynamics held at baseline,1.0,197,pulse,60.0,0.02,0.5,d695e3c87e6723ff,episodic_platel_peaks,0.00019751954688303284,0.005250170092093094,,,,,,,,,,,1.0,,,,False,,,,,,,,288.0,288.0,1.0,0.009893418760001639,,,,,,
local_dynamics_counterfactual,expanded_targets_local_fixed,High AD-like perturbation with A1 and expanded target local dynamics held at baseline,1.0,197,pulse,60.0,0.02,0.5,d695e3c87e6723ff,semantic_expanded_left,0.0001447849689870072,0.003878733948788949,,,,,,,,,,,1.0,,,,False,,,,,,,,394.0,394.0,1.0,0.007325135654456034,,,,,,
local_dynamics_counterfactual,expanded_targets_local_fixed,High AD-like perturbation with A1 and expanded target local dynamics held at baseline,1.0,197,pulse,60.0,0.02,0.5,d695e3c87e6723ff,episodic_expanded_left,0.00020502936342153716,0.005492658236319187,,,,,,,,,,,1.0,,,,False,,,,,,,,263.0,263.0,1.0,0.006461631069923479,,,,,,
local_dynamics_counterfactual,expanded_targets_local_fixed,High AD-like perturbation with A1 and expanded target local dynamics held at baseline,1.0,197,pulse,60.0,0.02,0.5,d695e3c87e6723ff,semantic_expanded_right,0.0001341634052044474,0.003566131598483654,,,,,,,,,,,1.0,,,,False,,,,,,,,344.0,344.0,1.0,0.011517303012910107,,,,,,
local_dynamics_counterfactual,expanded_targets_local_fixed,High AD-like perturbation with A1 and expanded target local dynamics held at baseline,1.0,197,pulse,60.0,0.02,0.5,d695e3c87e6723ff,episodic_expanded_right,0.0001985837180876503,0.00527845630436685,,,,,,,,,,,1.0,,,,False,,,,,,,,262.0,262.0,1.0,0.006182410656862882,,,,,,
local_dynamics_counterfactual,expanded_targets_local_fixed,High AD-like perturbation with A1 and expanded target local dynamics held at baseline,1.0,197,pulse,60.0,0.02,0.5,d695e3c87e6723ff,shared_auditory_relay,0.000371034512795649,0.009866441060346742,,,,,,,,,,,1.0,,,,False,,,,,,,,282.0,249.0,0.9285714285714286,0.0030126111758658155,,,,,,
local_dynamics_counterfactual,expanded_targets_local_fixed,High AD-like perturbation with A1 and expanded target local dynamics held at baseline,1.0,197,pulse,60.0,0.02,0.5,d695e3c87e6723ff,anterior_temporal_context,0.0005731777207694591,0.01466953404546547,,,,,,,,,,,1.0,,,,False,,,,,,,,605.0,539.0,0.9444444444444444,0.011568045289276107,,,,,,
local_dynamics_counterfactual,expanded_targets_local_fixed,High AD-like perturbation with A1 and expanded target local dynamics held at baseline,1.0,197,pulse,60.0,0.02,0.5,d695e3c87e6723ff,hippocampal_context,0.0005588598096899545,0.012140804713674219,,,,,,,,,,,1.0,,,,False,,,,,,,,684.0,684.0,1.0,0.004099433630419187,,,,,,
local_dynamics_counterfactual,expanded_targets_local_fixed,High AD-like perturbation with A1 and expanded target local dynamics held at baseline,1.0,197,pulse,60.0,0.02,0.5,d695e3c87e6723ff,angular_parietal_context,0.0008140145340958363,0.015278168690483299,,,,,,,,,,,1.0,,,,False,,,,,,,,1053.0,692.5,0.8333333333333334,0.010753883697104758,,,,,,
local_dynamics_counterfactual,expanded_targets_local_fixed,High AD-like perturbation with A1 and expanded target local dynamics held at baseline,1.0,197,2Hz,60.0,0.02,0.5,d695e3c87e6723ff,semantic_expanded,0.0008053068082762501,0.018844024301404336,0.00339494182554983,0.009146666476259977,0.011116627365017187,0.014353445379423978,0.03748563867218027,0.00032908352123619427,0.0002805129752580572,0.00042007701637792726,0.0003954688298589418,0.00044898186107831856,1.0,0.008291391428417874,0.02536548740199153,1.6131807478473745,True,0.3789918789397011,0.0003954688298589418,0.020717360368432542,0.044181556770823305,0.01656865450957392,0.027612902261249385,1.0,,,,,0.00020590117883034775,7.009841452694195,0.09605620881285681,0.15384615384615385,31.49717492020141,0.9999957238222832
local_dynamics_counterfactual,expanded_targets_local_fixed,High AD-like perturbation with A1 and expanded target local dynamics held at baseline,1.0,197,2Hz,60.0,0.02,0.5,d695e3c87e6723ff,episodic_expanded,0.0011770640571545786,0.028031846429867082,0.004339104379226015,0.010482763844055845,0.013864987744613493,0.019894750895484543,0.05780715650215817,0.0006281578162000293,0.0005486322339731631,0.0006919390900999487,0.000739962791032038,0.0005563406483267917,1.0,0.009979333819133674,0.03843386639441391,1.9453627015767425,True,0.41979632587786936,0.0006281578162000293,0.02736203516415734,0.06612396583629829,0.02301509603130048,0.04310886980499781,1.0,,,,,0.00032590119407704954,10.02594826309517,0.18140152076939106,0.42105263157894735,31.49717492020141,0.9999957238222832
local_dynamics_counterfactual,expanded_targets_local_fixed,High AD-like perturbation with A1 and expanded target local dynamics held at baseline,1.0,197,2Hz,60.0,0.02,0.5,d695e3c87e6723ff,semantic_anatomical_core,0.0007042271562823142,0.0165844650197641,0.0032277600768831974,0.009136758808320499,0.010196978144653566,0.013063199441868616,0.032455709865090984,0.00028668026192764574,0.00024949216765422967,0.0003786748434235841,0.000336638768361182,0.0004436946746242816,1.0,0.007848852350998605,0.0221519952299951,1.4968830226191954,True,0.35877440146776923,0.000336638768361182,0.02052687854595234,0.041889115567801054,0.016239922943592007,0.025649192624209047,1.0,,,,,0.00020469733833189396,7.029785837331028,0.09545720852137843,0.1,31.49717492020141,0.9999957238222832
local_dynamics_counterfactual,expanded_targets_local_fixed,High AD-like perturbation with A1 and expanded target local dynamics held at baseline,1.0,197,2Hz,60.0,0.02,0.5,d695e3c87e6723ff,episodic_anatomical_core,0.0012100498720487224,0.028373939517408745,0.004241603262359421,0.010208148676497034,0.013365465578563229,0.019929496397526513,0.0589162735287039,0.0006554240703460671,0.0005753165577390098,0.0007095429278496912,0.0007621404240977589,0.000548941594608544,1.0,0.00973431218911809,0.03902328327158384,2.003184216819849,True,0.42785765965241507,0.0006554240703460671,0.028119666042290086,0.06981263961261291,0.023725538634309398,0.046087100978303513,1.0,,,,,0.0003279424031871203,10.535518726653779,0.20100426463087134,0.5,31.49717492020141,0.9999957238222832
local_dynamics_counterfactual,expanded_targets_local_fixed,High AD-like perturbation with A1 and expanded target local dynamics held at baseline,1.0,197,2Hz,60.0,0.02,0.5,d695e3c87e6723ff,semantic_platel_peaks,0.0009473711717307074,0.02223125404622375,0.003733392892976811,0.009304799393886109,0.01245999123386639,0.016444908521750665,0.04487864678672075,0.000373706792333353,0.0003202746681059189,0.00046160542097690364,0.00045362600648208966,0.00045447603222948855,1.0,0.009014636628759166,0.03014396046538662,1.7415277336239048,True,0.3998266943465745,0.00045362600648208966,0.01975067189295287,0.045049276884286005,0.01631042647253423,0.028738850411751775,1.0,,,,,0.00020590117883034775,4.5433567588101305,0.09605620881285681,0.2,31.49717492020141,0.9999957238222832
local_dynamics_counterfactual,expanded_targets_local_fixed,High AD-like perturbation with A1 and expanded target local dynamics held at baseline,1.0,197,2Hz,60.0,0.02,0.5,d695e3c87e6723ff,episodic_platel_peaks,0.001101250171154694,0.026013730786150643,0.005667199307486503,0.012614905803500033,0.01550526925834636,0.019739082639273237,0.05165572342290528,0.0005880044324331319,0.0005272706748275912,0.0006868361178362928,0.0007265090987417235,0.0006385358249742196,1.0,0.011268085046449597,0.03506261308346132,1.6376911610079348,True,0.3511183116374017,0.0006385358249742196,0.023335485155039415,0.05276896115487633,0.017307232458755508,0.035461728696120826,1.0,,,,,0.0004148627411680317,7.150623428769812,0.11992817181394183,0.25,31.49717492020141,0.9999957238222832
local_dynamics_counterfactual,expanded_targets_local_fixed,High AD-like perturbation with A1 and expanded target local dynamics held at baseline,1.0,197,2Hz,60.0,0.02,0.5,d695e3c87e6723ff,semantic_expanded_left,0.0008497602365779171,0.019951677031585745,0.0030123409947221424,0.009182461661889598,0.012553320959525832,0.015031258753339737,0.0397221947861607,0.00034943970707257437,0.00027764452121453677,0.0004549845833430456,0.0003985749843433729,0.00043150917509277573,1.0,0.008790566126584624,0.0268686250635589,1.6118945114830867,True,0.40764948207173646,0.0003985749843433729,0.02285935800762313,0.04563262163608694,0.019106455702598862,0.026526165933488076,1.0,,,,,0.00020590117883034775,7.009841452694195,0.11263584514986416,0.2857142857142857,31.49717492020141,0.9999957238222832
local_dynamics_counterfactual,expanded_targets_local_fixed,High AD-like perturbation with A1 and expanded target local dynamics held at baseline,1.0,197,2Hz,60.0,0.02,0.5,d695e3c87e6723ff,episodic_expanded_left,0.001322500804149496,0.031051239846975054,0.003843159606989043,0.010244025031900866,0.015227655257184917,0.0214980539414984,0.06469097780668492,0.0006405988516975085,0.0005324304925013219,0.0006880411748429384,0.0007612186909467868,0.0005538841747235847,1.0,0.01042173604463186,0.042771770730344785,2.037063314672627,True,0.4607911414180789,0.0006405988516975085,0.029249835247640587,0.06667720665515837,0.026498596065738178,0.0401786105894202,1.0,,,,,0.0002809413366714475,11.213678413997462,0.2263251973726078,0.625,31.49717492020141,0.9999957238222832
local_dynamics_counterfactual,expanded_targets_local_fixed,High AD-like perturbation with A1 and expanded target local dynamics held at baseline,1.0,197,2Hz,60.0,0.02,0.5,d695e3c87e6723ff,semantic_expanded_right,0.0007534444752576383,0.017797864876709767,0.00382613721987697,0.009111010827865734,0.009844359462415651,0.013706197041836728,0.03537501173401484,0.0003099131602886812,0.00028341106442120444,0.00038784764616064347,0.0003923868821011247,0.0004671620517315985,1.0,0.007820562501809148,0.02394644123465869,1.6144669842116621,True,0.350334275807666,0.00038784764616064347,0.018575362729241953,0.04273049190555967,0.014030853316548976,0.028699638589010694,1.0,,,,,0.0002333855529357276,7.002295034452615,0.07504232735731413,0.0,31.49717492020141,0.9999957238222832
local_dynamics_counterfactual,expanded_targets_local_fixed,High AD-like perturbation with A1 and expanded target local dynamics held at baseline,1.0,197,2Hz,60.0,0.02,0.5,d695e3c87e6723ff,episodic_expanded_right,0.0010712918775219117,0.025306055994546748,0.0048990488918489675,0.010727066506382176,0.012624260394099616,0.018411020563556927,0.05165584840672622,0.0006159583973770719,0.0005653269908346507,0.0006958590879646662,0.000719300430512156,0.0005588080163784025,1.0,0.00955571154817353,0.03453591143879563,1.8536620884808588,True,0.37880151033765963,0.0006159583973770719,0.02547423508067409,0.0655707250174382,0.01953159599686278,0.04603912902057542,1.0,,,,,0.00045726112688382337,9.383291531068508,0.13432384580400228,0.2727272727272727,31.49717492020141,0.9999957238222832
local_dynamics_counterfactual,expanded_targets_local_fixed,High AD-like perturbation with A1 and expanded target local dynamics held at baseline,1.0,197,2Hz,60.0,0.02,0.5,d695e3c87e6723ff,shared_auditory_relay,0.0068876815202422335,0.08803215730330502,0.0296083380876538,0.05033423127698396,0.06366022302242659,0.07843648280657334,0.15291196343788585,0.0038208947024536985,0.004062429470388441,0.0046105198830521535,0.0049861251532597435,0.005183042051337899,1.0,0.04629910209738209,0.1142676272874459,1.3033606172418974,True,0.268861834604251,0.0046105198830521535,0.04551388094532435,0.10096295136803807,0.03587744536803307,0.065085506000005,1.0,,,,,0.0007678285266246587,12.148034590998805,0.2967135540157969,0.6428571428571429,31.49717492020141,0.9999957238222832
local_dynamics_counterfactual,expanded_targets_local_fixed,High AD-like perturbation with A1 and expanded target local dynamics held at baseline,1.0,197,2Hz,60.0,0.02,0.5,d695e3c87e6723ff,anterior_temporal_context,0.015286161888109974,0.27442334566873544,0.07278555137280135,0.14261005164485802,0.24865088410157257,0.25346728432131893,0.47568673397358935,0.0031552271033455956,0.0065547588726017755,0.007305450578330595,0.010829343094252666,0.014055570817140265,1.0,0.15374034975912562,0.3551708967909657,1.2080175143353724,True,0.3123149734247085,0.007305450578330595,0.03867088944306507,0.07847105844473867,0.029818600650606923,0.04865245779413175,1.0,,,,,0.00016848335581265417,0.864520613903007,0.19205647748281612,0.2777777777777778,31.49717492020141,0.9999957238222832
local_dynamics_counterfactual,expanded_targets_local_fixed,High AD-like perturbation with A1 and expanded target local dynamics held at baseline,1.0,197,2Hz,60.0,0.02,0.5,d695e3c87e6723ff,hippocampal_context,0.002356146222941927,0.051634120281887026,0.009152997468089218,0.02334449749373347,0.0278360059485869,0.04406202187234961,0.10123391007363981,0.0005322312190628431,0.000591997180600048,0.0006293934749416924,0.0004336456213909968,0.0006022294866476951,1.0,0.0208770518657494,0.07011831475782593,1.7478733250006153,True,0.3925531116977529,0.000591997180600048,0.015241593625087672,0.03559087777551835,0.01270728809154362,0.02288358968397473,1.0,,,,,0.0001739318332715234,4.817015691242701,0.11963965431146763,0.0,31.49717492020141,0.9999957238222832
local_dynamics_counterfactual,expanded_targets_local_fixed,High AD-like perturbation with A1 and expanded target local dynamics held at baseline,1.0,197,2Hz,60.0,0.02,0.5,d695e3c87e6723ff,angular_parietal_context,0.011073980850261471,0.13871575394450658,0.023432823419463452,0.052726989722359674,0.07572043014767184,0.11407057843501019,0.2669420349391403,0.0016527248511965693,0.0018273736196058796,0.002069606497952613,0.004533590328459349,0.0032921618805057005,1.0,0.05135827138573125,0.1879164890452904,1.871423113762761,True,0.40665803999742656,0.002069606497952613,0.01419379499730765,0.034563756013137714,0.011736607388672719,0.022827148624464996,1.0,,,,,0.0001768036937891404,4.84151431189077,0.14816837282830175,0.16666666666666666,31.49717492020141,0.9999957238222832
local_dynamics_counterfactual,expanded_targets_local_fixed,High AD-like perturbation with A1 and expanded target local dynamics held at baseline,1.0,197,5Hz,60.0,0.02,0.5,d695e3c87e6723ff,semantic_expanded,0.0008992014720450392,0.015781362421058792,0.002773058965523825,0.007656532126543152,0.009493543631873503,0.012058879476586461,0.030727404751453358,0.00048808852768161387,0.0004998375491068053,0.0003470806070266783,0.000843425264144835,0.0009684102038234444,1.0,0.00715021758325827,0.02113311085822668,1.56344610269227,True,0.3797642148376596,0.0004998375491068053,0.013233846852613656,0.03873930453735006,0.007103894732662994,0.03163540980468707,1.0,,,,,0.0001558541700469318,2.5384911631784197,0.12045134110951511,0.0,31.76369003338271,0.9999544930839213
local_dynamics_counterfactual,expanded_targets_local_fixed,High AD-like perturbation with A1 and expanded target local dynamics held at baseline,1.0,197,5Hz,60.0,0.02,0.5,d695e3c87e6723ff,episodic_expanded,0.001292393412060394,0.023117187869929723,0.0038327885294097037,0.008752980245886841,0.011646120392080872,0.016103656757182387,0.04686349002240028,0.0009300187503234354,0.0004494323351190989,0.0006247604322765878,0.001440664130510352,0.0011261796839795513,1.0,0.008528239779976651,0.0315673591932837,1.888113668658371,True,0.40517691464565386,0.0009300187503234354,0.02682973898296867,0.08125712402137433,0.01778462562928064,0.06347249839209369,1.0,,,,,0.0002875846478834765,6.560802819318917,0.15330599591065527,0.2631578947368421,31.76369003338271,0.9999544930839213
local_dynamics_counterfactual,expanded_targets_local_fixed,High AD-like perturbation with A1 and expanded target local dynamics held at baseline,1.0,197,5Hz,60.0,0.02,0.5,d695e3c87e6723ff,semantic_anatomical_core,0.0007876114049675802,0.013924340295622914,0.0024893597322402984,0.007641804792587864,0.008726366066799874,0.011010301709575449,0.02666841056176231,0.00041938178542907944,0.0005831924957829196,0.0002670329258180196,0.0007166346680753718,0.0008828583300913171,1.0,0.0067595583087779795,0.01850190039160103,1.4526725779702803,True,0.3684719557774077,0.0005831924957829196,0.012695476263649991,0.033069983825010786,0.007287030170175804,0.025782953654834982,1.0,,,,,0.00015734813425155592,1.2098743256257678,0.1249667045269323,0.0,31.76369003338271,0.9999544930839213
local_dynamics_counterfactual,expanded_targets_local_fixed,High AD-like perturbation with A1 and expanded target local dynamics held at baseline,1.0,197,5Hz,60.0,0.02,0.5,d695e3c87e6723ff,episodic_anatomical_core,0.0013310359711369763,0.02341355095475535,0.003781900763623154,0.008564935929899497,0.011279897399053133,0.016098032117200404,0.047789819722964096,0.0009720333136117433,0.00047275763063995115,0.0006724949306158381,0.0014714698420491613,0.0010564812252996207,1.0,0.00834684668487269,0.03206597801771472,1.9417402334941167,True,0.41147049021813537,0.0009720333136117433,0.028511414732143837,0.08788493074755402,0.01906641525683032,0.0688185154907237,1.0,,,,,0.00028849970429961624,6.672278652781388,0.15828631565858903,0.3125,31.76369003338271,0.9999544930839213
local_dynamics_counterfactual,expanded_targets_local_fixed,High AD-like perturbation with A1 and expanded target local dynamics held at baseline,1.0,197,5Hz,60.0,0.02,0.5,d695e3c87e6723ff,semantic_platel_peaks,0.0010539177635605864,0.018527958595361275,0.0032204994427240067,0.007852222024782418,0.010482136155722754,0.01374143753764121,0.036646588977761574,0.0005327019571690491,0.00036985305489588516,0.0004299127439315908,0.0009412676331959643,0.0009971318770546475,1.0,0.0077602793272814035,0.025006327086556476,1.6881126834188538,True,0.3912002605786169,0.0005327019571690491,0.012974268892633076,0.04364823749966516,0.006820023504711496,0.03682821399495367,1.0,,,,,7.317461108868883e-05,2.5384911631784197,0.13641433273910936,0.0,31.76369003338271,0.9999544930839213
local_dynamics_counterfactual,expanded_targets_local_fixed,High AD-like perturbation with A1 and expanded target local dynamics held at baseline,1.0,197,5Hz,60.0,0.02,0.5,d695e3c87e6723ff,episodic_platel_peaks,0.0011996292818736603,0.021275481380259715,0.004472788841498181,0.010278524949688799,0.012634216085067056,0.016000658034060353,0.041553879978165544,0.0008412910575383292,0.0004675832983362676,0.0004671568138724953,0.0013307877455260072,0.0011326968053491757,1.0,0.00935903549184503,0.028593189423273675,1.611239790480605,True,0.35349856332271745,0.0008412910575383292,0.022414168149482713,0.06078324670607608,0.013441360879141918,0.04734188582693416,1.0,,,,,0.0004042523030148293,3.694652337555508,0.12489854924532398,0.25,31.76369003338271,0.9999544930839213
local_dynamics_counterfactual,expanded_targets_local_fixed,High AD-like perturbation with A1 and expanded target local dynamics held at baseline,1.0,197,5Hz,60.0,0.02,0.5,d695e3c87e6723ff,semantic_expanded_left,0.0009545875484069679,0.01682621353546785,0.0027931244826464854,0.008046893857785259,0.011148427308722448,0.012647766123768629,0.03259979984181982,0.0005695187953548369,0.0005289141248359038,0.0004316336884892332,0.0010754771343552219,0.001592572931906643,1.0,0.007924330879810655,0.022444217774908515,1.5019827901572878,True,0.3871100672692728,0.0005695187953548369,0.010550529924840957,0.03348140414767312,0.00414386600553294,0.029337538142140185,1.0,,,,,0.00012671034504030398,4.328873918919365,0.10829916246097018,0.0,31.76369003338271,0.9999544930839213
local_dynamics_counterfactual,expanded_targets_local_fixed,High AD-like perturbation with A1 and expanded target local dynamics held at baseline,1.0,197,5Hz,60.0,0.02,0.5,d695e3c87e6723ff,episodic_expanded_left,0.0014653954059158402,0.025830062475654145,0.0037261896792501197,0.008682507472317878,0.013051694536483248,0.017519044235579824,0.05286596959240259,0.0009803568334329337,0.0003992180883340152,0.0007023046706777094,0.001616612468889001,0.001528205312660102,1.0,0.00909631877272949,0.035411215013003206,1.960851627408404,True,0.4332936530425755,0.0009803568334329337,0.02567654474463357,0.07837815299923051,0.017496056963135418,0.060882096036095096,1.0,,,,,0.00016667235140821468,7.2443742833150875,0.15006505065993875,0.125,31.76369003338271,0.9999544930839213
local_dynamics_counterfactual,expanded_targets_local_fixed,High AD-like perturbation with A1 and expanded target local dynamics held at baseline,1.0,197,5Hz,60.0,0.02,0.5,d695e3c87e6723ff,semantic_expanded_right,0.0008345843829561227,0.01480139303711039,0.002753137596998873,0.007285107178103382,0.008084312539740113,0.011497411701625354,0.02896255214268002,0.00041830122692610496,0.0004723594318351975,0.0002790906988646981,0.0006614423993535374,0.0005888699374957983,1.0,0.006451725989659496,0.019898593883961667,1.6249094152272525,True,0.3724183624060464,0.0004723594318351975,0.015917163780386354,0.043997204927027,0.010063923459793048,0.033933281467233956,1.0,,,,,0.00016162762241711537,1.2098743256257678,0.13676027918317035,0.0,31.76369003338271,0.9999544930839213
local_dynamics_counterfactual,expanded_targets_local_fixed,High AD-like perturbation with A1 and expanded target local dynamics held at baseline,1.0,197,5Hz,60.0,0.02,0.5,d695e3c87e6723ff,episodic_expanded_right,0.001166573780165524,0.02068924051257418,0.003942436959927106,0.008824025021475996,0.010391916529130454,0.014802620363642402,0.04154254076889617,0.000882265361403567,0.0005059626047845984,0.0005557781601562929,0.0012838655997534905,0.0008299151102940627,1.0,0.007995638187485386,0.02814075049590568,1.8153757099083394,True,0.37706017624873245,0.0008299151102940627,0.027982933221303772,0.08413609504351816,0.018073194295425865,0.06606290074809229,1.0,,,,,0.0006733002820963341,5.4970227247479535,0.15828183526237563,0.36363636363636365,31.76369003338271,0.9999544930839213
local_dynamics_counterfactual,expanded_targets_local_fixed,High AD-like perturbation with A1 and expanded target local dynamics held at baseline,1.0,197,5Hz,60.0,0.02,0.5,d695e3c87e6723ff,shared_auditory_relay,0.007073780592663505,0.0694933640479065,0.023124387384434425,0.03887117908133611,0.04997415018793727,0.06053171071185853,0.1191314759689407,0.004409583806192958,0.0033235944069166874,0.003909345162246495,0.005854695985678176,0.004418031816441323,1.0,0.03627495671408459,0.09017464867214442,1.3137480044006893,True,0.26845627171225334,0.004409583806192958,0.043972282170048047,0.10623247702407851,0.03157322548460064,0.07465925153947786,1.0,,,,,0.0015198135453143857,8.419258126620417,0.2443419860107,0.6428571428571429,31.76369003338271,0.9999544930839213
local_dynamics_counterfactual,expanded_targets_local_fixed,High AD-like perturbation with A1 and expanded target local dynamics held at baseline,1.0,197,5Hz,60.0,0.02,0.5,d695e3c87e6723ff,anterior_temporal_context,0.01642048506469263,0.21946081740185802,0.06977624798126904,0.11367887154783196,0.20271726586101305,0.20161322651338784,0.3694463378190005,0.013062635041783907,0.017656987657195478,0.030724288889973448,0.03515805375700576,0.058985296909218866,1.0,0.1264052634997806,0.2810882476676499,1.1529665973200118,True,0.28178699743380436,0.030724288889973448,-0.0027416552926687217,0.0021075241504365846,-0.0015853052012505045,0.003692829351687089,1.0,,,,,0.0008897348588139398,2.0778148073594744,0.13521036070285444,0.2222222222222222,31.76369003338271,0.9999544930839213
local_dynamics_counterfactual,expanded_targets_local_fixed,High AD-like perturbation with A1 and expanded target local dynamics held at baseline,1.0,197,5Hz,60.0,0.02,0.5,d695e3c87e6723ff,hippocampal_context,0.002622569111056646,0.043223995672846606,0.007778765924763065,0.01787033931600283,0.024460669964090263,0.03829013025271738,0.08251016915739524,0.0009036662519861987,0.0005706761148927859,0.0005319934085020972,0.0014399829129058406,0.0020155402828919795,1.0,0.01685105397977297,0.05880291485595701,1.8030488409056247,True,0.3956661508793804,0.0009036662519861987,0.014082267885667864,0.044252620022569876,0.00780623422680038,0.0364463857957695,1.0,,,,,9.091982113856867e-05,5.1041348065624295,0.10133693000470179,0.0,31.76369003338271,0.9999544930839213
local_dynamics_counterfactual,expanded_targets_local_fixed,High AD-like perturbation with A1 and expanded target local dynamics held at baseline,1.0,197,5Hz,60.0,0.02,0.5,d695e3c87e6723ff,angular_parietal_context,0.010911638257394213,0.10875840581494924,0.020528937471988393,0.043030799406246274,0.06172846699825464,0.08859684471483795,0.20420088507323067,0.0030013101141936494,0.001785752252479935,0.003453037700344767,0.007097889056717323,0.007910671362485446,1.0,0.0430405036654452,0.14645266912325974,1.7666676210974495,True,0.38352010939175957,0.003453037700344767,0.010383992480639544,0.04358079375948677,0.0018544816246491443,0.04172631213483763,1.0,,,,,9.257376185456412e-05,5.61943275481683,0.06824539091931597,0.0,31.76369003338271,0.9999544930839213
local_dynamics_counterfactual,expanded_targets_local_fixed,High AD-like perturbation with A1 and expanded target local dynamics held at baseline,1.0,223,pulse,60.0,0.02,0.5,d695e3c87e6723ff,semantic_expanded,0.002502866576739549,0.0662711313919557,,,,,,,,,,,1.0,,,,False,,,,,,,,2816.0,2797.0,0.7692307692307693,0.11469886517960674,,,,,,
local_dynamics_counterfactual,expanded_targets_local_fixed,High AD-like perturbation with A1 and expanded target local dynamics held at baseline,1.0,223,pulse,60.0,0.02,0.5,d695e3c87e6723ff,episodic_expanded,0.0021717401284057462,0.05817494200857433,,,,,,,,,,,1.0,,,,False,,,,,,,,2978.5,2865.0,0.15789473684210525,0.22282018839817558,,,,,,
local_dynamics_counterfactual,expanded_targets_local_fixed,High AD-like perturbation with A1 and expanded target local dynamics held at baseline,1.0,223,pulse,60.0,0.02,0.5,d695e3c87e6723ff,semantic_anatomical_core,0.0026501363354107456,0.07046847916943218,,,,,,,,,,,1.0,,,,False,,,,,,,,2801.0,2790.0,0.9,0.07538964676132716,,,,,,
local_dynamics_counterfactual,expanded_targets_local_fixed,High AD-like perturbation with A1 and expanded target local dynamics held at baseline,1.0,223,pulse,60.0,0.02,0.5,d695e3c87e6723ff,episodic_anatomical_core,0.0020791541920337385,0.05530508533348114,,,,,,,,,,,1.0,,,,False,,,,,,,,3001.0,2892.0,0.0625,0.23228546021196472,,,,,,
local_dynamics_counterfactual,expanded_targets_local_fixed,High AD-like perturbation with A1 and expanded target local dynamics held at baseline,1.0,223,pulse,60.0,0.02,0.5,d695e3c87e6723ff,semantic_platel_peaks,0.0021980039363811684,0.0593178707627888,,,,,,,,,,,1.0,,,,False,,,,,,,,2869.5,2821.5,0.6,0.1367817182480481,,,,,,
local_dynamics_counterfactual,expanded_targets_local_fixed,High AD-like perturbation with A1 and expanded target local dynamics held at baseline,1.0,223,pulse,60.0,0.02,0.5,d695e3c87e6723ff,episodic_platel_peaks,0.002586704942680204,0.06875915661512719,,,,,,,,,,,1.0,,,,False,,,,,,,,2908.0,2838.0,0.5,0.1609436257492371,,,,,,
local_dynamics_counterfactual,expanded_targets_local_fixed,High AD-like perturbation with A1 and expanded target local dynamics held at baseline,1.0,223,pulse,60.0,0.02,0.5,d695e3c87e6723ff,semantic_expanded_left,0.0026607098229662167,0.07125536023665795,,,,,,,,,,,1.0,,,,False,,,,,,,,2806.0,2792.0,0.8571428571428571,0.0803388709747012,,,,,,
local_dynamics_counterfactual,expanded_targets_local_fixed,High AD-like perturbation with A1 and expanded target local dynamics held at baseline,1.0,223,pulse,60.0,0.02,0.5,d695e3c87e6723ff,episodic_expanded_left,0.0022412250898458303,0.060021314526649334,,,,,,,,,,,1.0,,,,False,,,,,,,,2997.0,2892.0,0.125,0.23228546021196472,,,,,,
local_dynamics_counterfactual,expanded_targets_local_fixed,High AD-like perturbation with A1 and expanded target local dynamics held at baseline,1.0,223,pulse,60.0,0.02,0.5,d695e3c87e6723ff,semantic_expanded_right,0.0023187161228084368,0.06163554350694903,,,,,,,,,,,1.0,,,,False,,,,,,,,2826.0,2802.0,0.6666666666666666,0.11555195468424831,,,,,,
local_dynamics_counterfactual,expanded_targets_local_fixed,High AD-like perturbation with A1 and expanded target local dynamics held at baseline,1.0,223,pulse,60.0,0.02,0.5,d695e3c87e6723ff,episodic_expanded_right,0.002121205610994775,0.056385367504711244,,,,,,,,,,,1.0,,,,False,,,,,,,,2960.0,2838.0,0.18181818181818182,0.2006252361850744,,,,,,
local_dynamics_counterfactual,expanded_targets_local_fixed,High AD-like perturbation with A1 and expanded target local dynamics held at baseline,1.0,223,pulse,60.0,0.02,0.5,d695e3c87e6723ff,shared_auditory_relay,0.0032041370546912287,0.08039479435122654,,,,,,,,,,,1.0,,,,False,,,,,,,,2936.0,2869.5,0.35714285714285715,0.23089537474751948,,,,,,
local_dynamics_counterfactual,expanded_targets_local_fixed,High AD-like perturbation with A1 and expanded target local dynamics held at baseline,1.0,223,pulse,60.0,0.02,0.5,d695e3c87e6723ff,anterior_temporal_context,0.0038207313674436575,0.08551073213691862,,,,,,,,,,,1.0,,,,False,,,,,,,,2916.0,2878.0,0.3888888888888889,0.1732395597070118,,,,,,
local_dynamics_counterfactual,expanded_targets_local_fixed,High AD-like perturbation with A1 and expanded target local dynamics held at baseline,1.0,223,pulse,60.0,0.02,0.5,d695e3c87e6723ff,hippocampal_context,0.005163852881027663,0.11681053263940053,,,,,,,,,,,1.0,,,,False,,,,,,,,3086.0,,0.0,0.3329670577110104,,,,,,
local_dynamics_counterfactual,expanded_targets_local_fixed,High AD-like perturbation with A1 and expanded target local dynamics held at baseline,1.0,223,pulse,60.0,0.02,0.5,d695e3c87e6723ff,angular_parietal_context,0.003205435117932851,0.08509785821236582,,,,,,,,,,,1.0,,,,False,,,,,,,,2936.0,2950.0,0.16666666666666666,0.17372279989326742,,,,,,
local_dynamics_counterfactual,expanded_targets_local_fixed,High AD-like perturbation with A1 and expanded target local dynamics held at baseline,1.0,223,2Hz,60.0,0.02,0.5,d695e3c87e6723ff,semantic_expanded,0.002516862172470581,0.05893175003005246,0.029920664732638918,0.043386749198297464,0.08860654914797989,0.05353180113588741,0.0651012767587805,0.00034141315514165624,0.0007692006739511312,0.0007081131767556395,0.0011037590291517714,0.0005376563567877523,1.0,0.058507341433706,0.058876211566483344,0.009067179334698652,False,0.127311446035683,0.0007081131767556395,0.03654225331599378,0.026039044366589863,0.0484165811588297,0.022377536792239836,1.0,,,,,5.783176237716958e-05,1.0924097133465116,0.07978166990009586,0.07692307692307693,31.488584426422822,0.9999830847122709
local_dynamics_counterfactual,expanded_targets_local_fixed,High AD-like perturbation with A1 and expanded target local dynamics held at baseline,1.0,223,2Hz,60.0,0.02,0.5,d695e3c87e6723ff,episodic_expanded,0.0028837492648299294,0.06822508647474271,0.029815776125231126,0.04129105321996717,0.08490301778487291,0.06780425846707126,0.09670244690172905,0.0004849829055471148,0.0011915137756177475,0.0008752467561880961,0.0011622822602736986,0.00048168238707346235,1.0,0.05392308595150534,0.07985326191902109,0.5664482788307965,False,0.20552498371630865,0.0008752467561880961,0.04436733811036107,0.03251776918499914,0.05491078236972799,0.022393013184728847,1.0,,,,,5.936159849861955e-05,7.455341789012639,0.13478599379779627,0.0,31.488584426422822,0.9999830847122709
local_dynamics_counterfactual,expanded_targets_local_fixed,High AD-like perturbation with A1 and expanded target local dynamics held at baseline,1.0,223,2Hz,60.0,0.02,0.5,d695e3c87e6723ff,semantic_anatomical_core,0.002485140800205137,0.05845029036677652,0.03114842367898874,0.04490614305647939,0.09163847400787212,0.050942081096582076,0.059793052145584676,0.00033682186984885197,0.0007351405167069794,0.0006847499646044088,0.0010810373401514022,0.0005400678808606809,1.0,0.061053386937537535,0.05555276874507951,0.13621251376181584,False,0.10317912415467007,0.0006847499646044088,0.03473639207645453,0.024750500186536552,0.04708092448042717,0.02233042429389062,1.0,,,,,4.880627569842089e-05,1.029479055825566,0.07204269863144312,0.0,31.488584426422822,0.9999830847122709
local_dynamics_counterfactual,expanded_targets_local_fixed,High AD-like perturbation with A1 and expanded target local dynamics held at baseline,1.0,223,2Hz,60.0,0.02,0.5,d695e3c87e6723ff,episodic_anatomical_core,0.002831258498868343,0.06650033658982966,0.028810927971855603,0.039563076760531314,0.08093259929187942,0.06704396357099479,0.09618650578552704,0.0005007899180638245,0.0012061074270471354,0.0008966541101418898,0.0011925498895885103,0.00043469658730396505,1.0,0.05112055107818033,0.07896875142381114,0.6273784914864022,False,0.21196947880942008,0.0008966541101418898,0.04517450485780902,0.03342626879854377,0.05540639316008791,0.021980124361544146,1.0,,,,,6.115128581857254e-05,7.891285576009127,0.1357733198114917,0.0,31.488584426422822,0.9999830847122709
local_dynamics_counterfactual,expanded_targets_local_fixed,High AD-like perturbation with A1 and expanded target local dynamics held at baseline,1.0,223,2Hz,60.0,0.02,0.5,d695e3c87e6723ff,semantic_platel_peaks,0.002500832469562643,0.05941153208500675,0.02791732219919382,0.041456704875445595,0.0836173882938023,0.05690628408020944,0.07261206106343214,0.00034833449248324305,0.0008136455349723763,0.0007670242750129314,0.001073876462235596,0.0004661586775489387,1.0,0.05462116663848967,0.06336153962558529,0.2141472634114681,False,0.16075399001671534,0.0007670242750129314,0.03887936518775553,0.027637113070711025,0.050305814335800766,0.02266870126508974,1.0,,,,,6.0850328518768926e-05,0.6146721157304509,0.1076370035581247,0.2,31.488584426422822,0.9999830847122709
local_dynamics_counterfactual,expanded_targets_local_fixed,High AD-like perturbation with A1 and expanded target local dynamics held at baseline,1.0,223,2Hz,60.0,0.02,0.5,d695e3c87e6723ff,episodic_platel_peaks,0.0032087583669930396,0.07575279718856874,0.03493967902314984,0.04848919231289236,0.09940717284294512,0.06658437594074006,0.10471332694413611,0.0004841584259866756,0.0012799812782986297,0.0007975282020811528,0.0009608319414312124,0.000872353390933135,1.0,0.0643515572372043,0.08486883832233341,0.399259869591338,False,0.18122670393564538,0.000872353390933135,0.038953350345090315,0.02746648927700729,0.050283557385315356,0.022817068108308067,1.0,,,,,4.4608529005174535e-05,1.221452229444613,0.11035500676117496,0.0,31.488584426422822,0.9999830847122709
local_dynamics_counterfactual,expanded_targets_local_fixed,High AD-like perturbation with A1 and expanded target local dynamics held at baseline,1.0,223,2Hz,60.0,0.02,0.5,d695e3c87e6723ff,semantic_expanded_left,0.0026329882991976876,0.061774324626024675,0.030916581549481428,0.04718598275168055,0.09309735560446539,0.05463886172529368,0.06797450848541854,0.0003316231152486055,0.0007389911740036435,0.0006407994354006788,0.0011634656303757252,0.000514417616215678,1.0,0.0628244262974608,0.06012188564490984,0.06343533348608217,False,0.12423975442465177,0.0006407994354006788,0.03854436041216066,0.028284244916140507,0.050991590481836005,0.022707345565695498,1.0,,,,,6.693941381252788e-05,0.6146721157304509,0.07978166990009586,0.0,31.488584426422822,0.9999830847122709
local_dynamics_counterfactual,expanded_targets_local_fixed,High AD-like perturbation with A1 and expanded target local dynamics held at baseline,1.0,223,2Hz,60.0,0.02,0.5,d695e3c87e6723ff,episodic_expanded_left,0.0030098827535963353,0.07061690109431547,0.02992249618349179,0.04213669789751243,0.08827494563203937,0.07616436951919865,0.09697533860281078,0.0004753341323071863,0.0011714398486053423,0.0009951259646715455,0.001450248755459482,0.00034554132244427505,1.0,0.055571790849427774,0.08305326206172363,0.5796841005209634,False,0.21234068699754244,0.0009951259646715455,0.04712918754469352,0.03479278777256789,0.05780298740013623,0.02301019962756834,1.0,,,,,5.556533232309313e-05,7.953197172266372,0.14172368829150012,0.0,31.488584426422822,0.9999830847122709
local_dynamics_counterfactual,expanded_targets_local_fixed,High AD-like perturbation with A1 and expanded target local dynamics held at baseline,1.0,223,2Hz,60.0,0.02,0.5,d695e3c87e6723ff,semantic_expanded_right,0.002381381691288957,0.05621997784078533,0.028956829415637594,0.039893415294586024,0.0843323690660962,0.052447171159234,0.06234949439218795,0.0003514922125268551,0.0008006451194827901,0.0007824979914057403,0.001047116444720961,0.0005619449040661929,1.0,0.054486912231120614,0.05765634679016072,0.08156969215547893,False,0.13038313764671414,0.0007824979914057403,0.03454014621982691,0.02379384381703922,0.0458415718358234,0.02204772801878418,1.0,,,,,4.880627569842089e-05,1.837718672949892,0.08093871039875422,0.16666666666666666,31.488584426422822,0.9999830847122709
local_dynamics_counterfactual,expanded_targets_local_fixed,High AD-like perturbation with A1 and expanded target local dynamics held at baseline,1.0,223,2Hz,60.0,0.02,0.5,d695e3c87e6723ff,episodic_expanded_right,0.0027920158184543613,0.06591428329982062,0.02970943668932113,0.040462379851431474,0.08165989089391314,0.06036178721482803,0.0964303231266128,0.0004948275385385478,0.0012119316917356788,0.0007698089602863812,0.0009314954055029907,0.0006714621579137066,1.0,0.05232329486037022,0.07677655616186223,0.5532124571406299,False,0.19870928043507494,0.0007698089602863812,0.04160548867602861,0.03024275059743039,0.05201857733931974,0.021775826741889354,1.0,,,,,6.220762019926163e-05,6.7493037129699704,0.1308178895475715,0.0,31.488584426422822,0.9999830847122709
local_dynamics_counterfactual,expanded_targets_local_fixed,High AD-like perturbation with A1 and expanded target local dynamics held at baseline,1.0,223,2Hz,60.0,0.02,0.5,d695e3c87e6723ff,shared_auditory_relay,0.008627036114894435,0.14891318238400633,0.06812535313944702,0.09473997704137072,0.16886442719336867,0.14604139572055044,0.22090763906974795,0.0030462250768041473,0.004233695410117997,0.004414753871849882,0.004694973769627038,0.004643595134049956,1.0,0.10778814527550133,0.1805276811297324,0.7440215523128271,False,0.20093456673289492,0.004414753871849882,0.04376762246412038,0.037621196180164976,0.05009108117206608,0.012469884991901103,1.0,,,,,0.00016410339937006357,9.325629292068765,0.12361370279954592,0.21428571428571427,31.488584426422822,0.9999830847122709
local_dynamics_counterfactual,expanded_targets_local_fixed,High AD-like perturbation with A1 and expanded target local dynamics held at baseline,1.0,223,2Hz,60.0,0.02,0.5,d695e3c87e6723ff,anterior_temporal_context,0.01999372505042549,0.3807924645313541,0.08412925323444592,0.2044053547949943,0.29466276576059114,0.4790361680078306,0.6024145683853781,0.0028411649756557673,0.007077888021352421,0.007874398119813083,0.013884708956007177,0.01835199264185612,1.0,0.2032450742246172,0.4964422261039191,1.2884054445517565,True,0.3454428013551577,0.007874398119813083,0.03225212940500919,0.038142025340576056,0.030483365382899516,0.0076586599576765405,1.0,,,,,9.105441926110514e-05,0.4614709105910781,0.14351061493149742,0.2222222222222222,31.488584426422822,0.9999830847122709
local_dynamics_counterfactual,expanded_targets_local_fixed,High AD-like perturbation with A1 and expanded target local dynamics held at baseline,1.0,223,2Hz,60.0,0.02,0.5,d695e3c87e6723ff,hippocampal_context,0.006825304951634918,0.13863254418794602,0.0659361284986571,0.07996694906018559,0.1834696943873701,0.13602063449294977,0.18923660782161342,0.0010466750625209274,0.00266456179621215,0.0025126530942096823,0.0025659157388129425,0.0011618379531972366,1.0,0.10437247447721365,0.16622459013297525,0.671392531554997,False,0.19042250071188613,0.0025126530942096823,0.03866046721283871,0.024502894184930242,0.049564309142301255,0.025061414957371013,1.0,,,,,2.6737054970304985e-05,2.2927016863330008,0.060204386448811806,0.0,31.488584426422822,0.9999830847122709
local_dynamics_counterfactual,expanded_targets_local_fixed,High AD-like perturbation with A1 and expanded target local dynamics held at baseline,1.0,223,2Hz,60.0,0.02,0.5,d695e3c87e6723ff,angular_parietal_context,0.03406275738591332,0.36794490643938343,0.07620107987379823,0.12268347247580805,0.2558011255492495,0.3297792175807962,0.6123121766674275,0.0014242074724705172,0.003747335512939762,0.004718370406319414,0.0062486014248516655,0.00719946550085127,1.0,0.14701320229537837,0.46652679016281673,1.666014209894412,True,0.3719663814067258,0.004718370406319414,0.0281129167515457,0.02322097380743498,0.03368772000374122,0.010466746196306241,1.0,,,,,5.3757014999267216e-05,0.863391423446469,0.13249670862630497,0.0,31.488584426422822,0.9999830847122709
local_dynamics_counterfactual,expanded_targets_local_fixed,High AD-like perturbation with A1 and expanded target local dynamics held at baseline,1.0,223,5Hz,60.0,0.02,0.5,d695e3c87e6723ff,semantic_expanded,0.0018521199487281316,0.03256612638125375,0.015177277336748741,0.02353268509131139,0.04745173483194555,0.029861882894444636,0.036442280447741025,0.0006904503158426765,0.0015913894855508364,0.0034403396741632336,0.0013000562365093613,0.0024335977485741237,1.0,0.03169027452763828,0.03304673634892756,0.06046764254900259,False,0.14355198301660588,0.0015913894855508364,0.022987403465812163,0.02664514403633814,0.01996171787521074,0.006683426161127399,1.0,,,,,0.0003865984741843187,8.63233436748991,0.10851107153033507,0.07692307692307693,31.74229295444572,0.9999426920366876
local_dynamics_counterfactual,expanded_targets_local_fixed,High AD-like perturbation with A1 and expanded target local dynamics held at baseline,1.0,223,5Hz,60.0,0.02,0.5,d695e3c87e6723ff,episodic_expanded,0.002174090627309065,0.03864221669851825,0.015688911917598747,0.022706464674342657,0.04553900293794099,0.038658196311718185,0.05539932385630374,0.0006083637180712645,0.0012817835327479745,0.0016208692808073225,0.001592508982627675,0.0016458743706527612,1.0,0.029588391376391437,0.04575730664527325,0.6289708709984589,False,0.22039586819300516,0.001592508982627675,0.030826589639973107,0.03600698767097773,0.029249745300888457,0.006757242370089272,1.0,,,,,0.00021633363300332942,7.636059139961229,0.15235329188954475,0.05263157894736842,31.74229295444572,0.9999426920366876
local_dynamics_counterfactual,expanded_targets_local_fixed,High AD-like perturbation with A1 and expanded target local dynamics held at baseline,1.0,223,5Hz,60.0,0.02,0.5,d695e3c87e6723ff,semantic_anatomical_core,0.0018182279997142903,0.032119689351866446,0.015670375818804313,0.024208253110213025,0.04902852087961588,0.02825625115877687,0.033356916757437925,0.0007977964948073158,0.0017824371317449383,0.0038537420940472633,0.001180084789387829,0.002543781889400324,1.0,0.03294786073819915,0.031054032839644734,0.08540415939901909,False,0.12014817113074479,0.0017824371317449383,0.022173653765006216,0.025090080670727592,0.01922973911951606,0.005860341551211533,1.0,,,,,0.00046531666556076656,8.67612084036831,0.11310982377883604,0.0,31.74229295444572,0.9999426920366876
local_dynamics_counterfactual,expanded_targets_local_fixed,High AD-like perturbation with A1 and expanded target local dynamics held at baseline,1.0,223,5Hz,60.0,0.02,0.5,d695e3c87e6723ff,episodic_anatomical_core,0.002138983821859666,0.03773245271577276,0.01519738121440936,0.0218291135195351,0.0433602706047056,0.038119387886805814,0.055278654131062734,0.0006100263932656438,0.0012447561457253238,0.001372899561372411,0.0016421556712498575,0.001457936006568749,1.0,0.02811923561197838,0.04527760027292082,0.6872401199119714,False,0.2265035453054435,0.001372899561372411,0.032140814665800696,0.037589534509789094,0.03062494587095371,0.006964588638835385,1.0,,,,,0.00021327569635304355,7.59108497002828,0.1573694481171648,0.0625,31.74229295444572,0.9999426920366876
local_dynamics_counterfactual,expanded_targets_local_fixed,High AD-like perturbation with A1 and expanded target local dynamics held at baseline,1.0,223,5Hz,60.0,0.02,0.5,d695e3c87e6723ff,semantic_platel_peaks,0.0018561319791307912,0.033096303616822295,0.01438585303169761,0.022709224241692975,0.04483542186418072,0.03201237582258177,0.040795330375582466,0.0005545834612801168,0.001267645337045568,0.0027601248675595213,0.0013461125505610271,0.0022637217607122165,1.0,0.029769700848209915,0.035750142923464664,0.2641042853741095,False,0.17514289174669853,0.0013461125505610271,0.02385161584221561,0.028510115489977485,0.02099979122570781,0.007510324264269674,1.0,,,,,0.00013976375779900518,8.446536855657657,0.08671101283351314,0.2,31.74229295444572,0.9999426920366876
local_dynamics_counterfactual,expanded_targets_local_fixed,High AD-like perturbation with A1 and expanded target local dynamics held at baseline,1.0,223,5Hz,60.0,0.02,0.5,d695e3c87e6723ff,episodic_platel_peaks,0.0024052264829054837,0.04264938745691901,0.018409281232237947,0.02630741229539858,0.053478500688140515,0.038636252745208495,0.05896262913691654,0.0007061471377413812,0.0015961238643664609,0.0027450961565565943,0.001301768166082869,0.0023580653454808747,1.0,0.03500395654870605,0.04852868844983768,0.47131986872445497,False,0.1956610471281804,0.0015961238643664609,0.025875675118653893,0.03111512548602437,0.023694489819640674,0.0074206356663836966,1.0,,,,,0.0003143200089053555,7.265770772433397,0.11754688798483451,0.0,31.74229295444572,0.9999426920366876
local_dynamics_counterfactual,expanded_targets_local_fixed,High AD-like perturbation with A1 and expanded target local dynamics held at baseline,1.0,223,5Hz,60.0,0.02,0.5,d695e3c87e6723ff,semantic_expanded_left,0.0019397367191974588,0.034179213157203736,0.015542425881770525,0.02584477033635814,0.049957833069592165,0.030520002368651208,0.038033382889386194,0.0007730809536120329,0.001764799264627231,0.0038415013481663944,0.0016299425183672648,0.0029169146377263115,1.0,0.03408945308791471,0.033835668999380085,0.010780540054079956,False,0.14109959125467797,0.001764799264627231,0.023280509386278615,0.028651425571192265,0.01848300474932452,0.010168420821867745,1.0,,,,,0.00044878846512752535,8.54894653675607,0.10851107153033507,0.0,31.74229295444572,0.9999426920366876
local_dynamics_counterfactual,expanded_targets_local_fixed,High AD-like perturbation with A1 and expanded target local dynamics held at baseline,1.0,223,5Hz,60.0,0.02,0.5,d695e3c87e6723ff,episodic_expanded_left,0.0022750523011225987,0.04008765559484183,0.015629840069487186,0.02332275830459853,0.04737101131362955,0.043174474791073184,0.05599322368716803,0.000594346338401961,0.001204966005521987,0.0013992933617852261,0.0020063963268470864,0.0016003266765123422,1.0,0.030590218944284063,0.04767017082389789,0.6400163624719798,False,0.22851693294518582,0.0013992933617852261,0.03163016328132402,0.035690194922830876,0.03056249473061854,0.005127700192212335,1.0,,,,,0.0002093406676004217,7.706740270336678,0.14930848889366283,0.0,31.74229295444572,0.9999426920366876
local_dynamics_counterfactual,expanded_targets_local_fixed,High AD-like perturbation with A1 and expanded target local dynamics held at baseline,1.0,223,5Hz,60.0,0.02,0.5,d695e3c87e6723ff,semantic_expanded_right,0.0017499003831805838,0.03102916917957972,0.014820707469273536,0.021427440073931218,0.04507135318348699,0.029217954809776576,0.03491774076721476,0.0006166516409696626,0.0014350190106503069,0.0030810706546467964,0.001036936087648002,0.0020303638389916885,1.0,0.029459947539994744,0.032276198922963184,0.13171582515208585,False,0.146004374778534,0.0014350190106503069,0.02269429754534571,0.024638862501484015,0.021440431001096962,0.003198431500387053,1.0,,,,,0.00031587903354968194,8.67612084036831,0.10528235034368835,0.16666666666666666,31.74229295444572,0.9999426920366876
local_dynamics_counterfactual,expanded_targets_local_fixed,High AD-like perturbation with A1 and expanded target local dynamics held at baseline,1.0,223,5Hz,60.0,0.02,0.5,d695e3c87e6723ff,episodic_expanded_right,0.002100663955444676,0.037248895931129955,0.0157482070234803,0.02210645633220466,0.043777844953568186,0.034614344454847595,0.0548117233057072,0.0006227116910665436,0.0013634982375392,0.00187753140064427,0.0012639999514627886,0.001692718420388544,1.0,0.02861937359248948,0.04392120009731418,0.6179253795249391,False,0.2122748034408243,0.0013634982375392,0.030023015998622192,0.03632378041912458,0.027936995871158374,0.008386784547966208,1.0,,,,,0.0002503888490401618,6.792691500639112,0.17851077892121758,0.09090909090909091,31.74229295444572,0.9999426920366876
local_dynamics_counterfactual,expanded_targets_local_fixed,High AD-like perturbation with A1 and expanded target local dynamics held at baseline,1.0,223,5Hz,60.0,0.02,0.5,d695e3c87e6723ff,shared_auditory_relay,0.008164465271614404,0.09649029338054237,0.042265527717480336,0.05998821958514152,0.10039827466299363,0.09331016526414866,0.14710233150458837,0.003503323473621082,0.0043516253666634535,0.004371828438791074,0.005975105576677455,0.006158840311932305,1.0,0.06676906698930545,0.1185693114192514,0.8284788684288817,False,0.21179442664732584,0.004371828438791074,0.0374694766647306,0.039983523719257646,0.0375653176734143,0.002418206045843349,1.0,,,,,0.0006432042982643105,8.418778285154373,0.1730200026862841,0.35714285714285715,31.74229295444572,0.9999426920366876
local_dynamics_counterfactual,expanded_targets_local_fixed,High AD-like perturbation with A1 and expanded target local dynamics held at baseline,1.0,223,5Hz,60.0,0.02,0.5,d695e3c87e6723ff,anterior_temporal_context,0.01566858930588368,0.2335866504841216,0.0730052119176851,0.11525233236894758,0.18092610718825564,0.2923490269339229,0.3604627965111875,0.011026305398569152,0.01516324361219857,0.02888170522405382,0.03923018434692764,0.05235870707035196,1.0,0.12369484429553551,0.30433734245509525,1.2988859958100565,True,0.29752269190939357,0.02888170522405382,0.005917799554420465,-0.011376657851171354,0.019449391274302646,0.030826049125474,1.0,,,,,0.0003048613174340131,3.3080281434717813,0.16232524228669265,0.16666666666666666,31.74229295444572,0.9999426920366876
local_dynamics_counterfactual,expanded_targets_local_fixed,High AD-like perturbation with A1 and expanded target local dynamics held at baseline,1.0,223,5Hz,60.0,0.02,0.5,d695e3c87e6723ff,hippocampal_context,0.005004663988901231,0.07710739741910401,0.03423586203912398,0.04393177519207673,0.09807636583259673,0.07531652107490189,0.10595662985566034,0.0009873878747762236,0.0021480189454516187,0.0020935647768865616,0.0029136474132924616,0.0022469353588706227,1.0,0.05720111604665673,0.09281228333441553,0.6982724573137484,False,0.20187444004859484,0.0021480189454516187,0.022450531681101556,0.019601368539479556,0.025084603765505253,0.005483235226025698,1.0,,,,,0.00010806494618270657,5.029351986838058,0.06422784295745276,0.0,31.74229295444572,0.9999426920366876
local_dynamics_counterfactual,expanded_targets_local_fixed,High AD-like perturbation with A1 and expanded target local dynamics held at baseline,1.0,223,5Hz,60.0,0.02,0.5,d695e3c87e6723ff,angular_parietal_context,0.026469854915034206,0.21206186137761324,0.046457945954241193,0.0731109251298316,0.14278852612437495,0.1871177392596836,0.3522065983138268,0.0019513151009656461,0.004570146018999769,0.007316025499989132,0.007527650312044424,0.011910268988686903,1.0,0.08584324918239235,0.2698282143983285,1.6522646220638035,True,0.3600318374320122,0.007316025499989132,0.016424451708539914,0.030314872411677404,0.010769210165462647,0.019545662246214755,1.0,,,,,0.00011671507108607093,6.281748550851325,0.11367709938957468,0.0,31.74229295444572,0.9999426920366876
local_dynamics_counterfactual,expanded_targets_local_fixed,High AD-like perturbation with A1 and expanded target local dynamics held at baseline,1.0,251,pulse,60.0,0.02,0.5,d695e3c87e6723ff,semantic_expanded,0.00016938208890524852,0.004486412137586909,,,,,,,,,,,1.0,,,,False,,,,,,,,1024.0,1024.0,1.0,0.06266103989826696,,,,,,
local_dynamics_counterfactual,expanded_targets_local_fixed,High AD-like perturbation with A1 and expanded target local dynamics held at baseline,1.0,251,pulse,60.0,0.02,0.5,d695e3c87e6723ff,episodic_expanded,0.00020958773041674853,0.005612672955981616,,,,,,,,,,,1.0,,,,False,,,,,,,,306.5,306.5,1.0,0.03163463857323731,,,,,,
local_dynamics_counterfactual,expanded_targets_local_fixed,High AD-like perturbation with A1 and expanded target local dynamics held at baseline,1.0,251,pulse,60.0,0.02,0.5,d695e3c87e6723ff,semantic_anatomical_core,0.0001658532561632776,0.004418482897280913,,,,,,,,,,,1.0,,,,False,,,,,,,,1124.0,1124.0,1.0,0.06642207080053333,,,,,,
local_dynamics_counterfactual,expanded_targets_local_fixed,High AD-like perturbation with A1 and expanded target local dynamics held at baseline,1.0,251,pulse,60.0,0.02,0.5,d695e3c87e6723ff,episodic_anatomical_core,0.0002119505723802494,0.005658895571169323,,,,,,,,,,,1.0,,,,False,,,,,,,,285.0,285.0,1.0,0.03128790677720309,,,,,,
local_dynamics_counterfactual,expanded_targets_local_fixed,High AD-like perturbation with A1 and expanded target local dynamics held at baseline,1.0,251,pulse,60.0,0.02,0.5,d695e3c87e6723ff,semantic_platel_peaks,0.00016928347257918886,0.004543548232070035,,,,,,,,,,,1.0,,,,False,,,,,,,,577.5,577.5,1.0,0.04913405384488079,,,,,,
local_dynamics_counterfactual,expanded_targets_local_fixed,High AD-like perturbation with A1 and expanded target local dynamics held at baseline,1.0,251,pulse,60.0,0.02,0.5,d695e3c87e6723ff,episodic_platel_peaks,0.0002122661985843006,0.005647065735104091,,,,,,,,,,,1.0,,,,False,,,,,,,,501.0,501.0,1.0,0.053362831921743445,,,,,,
local_dynamics_counterfactual,expanded_targets_local_fixed,High AD-like perturbation with A1 and expanded target local dynamics held at baseline,1.0,251,pulse,60.0,0.02,0.5,d695e3c87e6723ff,semantic_expanded_left,0.00018049971167452553,0.004837127906038163,,,,,,,,,,,1.0,,,,False,,,,,,,,1014.0,1014.0,1.0,0.05334323822725333,,,,,,
local_dynamics_counterfactual,expanded_targets_local_fixed,High AD-like perturbation with A1 and expanded target local dynamics held at baseline,1.0,251,pulse,60.0,0.02,0.5,d695e3c87e6723ff,episodic_expanded_left,0.00021441855144407716,0.005746103133021261,,,,,,,,,,,1.0,,,,False,,,,,,,,311.0,311.0,1.0,0.03145642283925719,,,,,,
local_dynamics_counterfactual,expanded_targets_local_fixed,High AD-like perturbation with A1 and expanded target local dynamics held at baseline,1.0,251,pulse,60.0,0.02,0.5,d695e3c87e6723ff,semantic_expanded_right,0.00015641152900775862,0.004161125002124009,,,,,,,,,,,1.0,,,,False,,,,,,,,1034.0,1034.0,1.0,0.0656903253829026,,,,,,
local_dynamics_counterfactual,expanded_targets_local_fixed,High AD-like perturbation with A1 and expanded target local dynamics held at baseline,1.0,251,pulse,60.0,0.02,0.5,d695e3c87e6723ff,episodic_expanded_right,0.0002060744060332368,0.00548234115913681,,,,,,,,,,,1.0,,,,False,,,,,,,,302.0,302.0,1.0,0.03163463857323731,,,,,,
local_dynamics_counterfactual,expanded_targets_local_fixed,High AD-like perturbation with A1 and expanded target local dynamics held at baseline,1.0,251,pulse,60.0,0.02,0.5,d695e3c87e6723ff,shared_auditory_relay,0.0004886115086499796,0.012419534512901507,,,,,,,,,,,1.0,,,,False,,,,,,,,305.0,272.5,0.9285714285714286,0.017838781175768224,,,,,,
local_dynamics_counterfactual,expanded_targets_local_fixed,High AD-like perturbation with A1 and expanded target local dynamics held at baseline,1.0,251,pulse,60.0,0.02,0.5,d695e3c87e6723ff,anterior_temporal_context,0.0006291663902846399,0.016260810673140794,,,,,,,,,,,1.0,,,,False,,,,,,,,1041.0,609.5,0.8333333333333334,0.04521047657753208,,,,,,
local_dynamics_counterfactual,expanded_targets_local_fixed,High AD-like perturbation with A1 and expanded target local dynamics held at baseline,1.0,251,pulse,60.0,0.02,0.5,d695e3c87e6723ff,hippocampal_context,0.0005091417892386405,0.011579889903673316,,,,,,,,,,,1.0,,,,False,,,,,,,,635.0,635.0,1.0,0.024470107010238468,,,,,,
local_dynamics_counterfactual,expanded_targets_local_fixed,High AD-like perturbation with A1 and expanded target local dynamics held at baseline,1.0,251,pulse,60.0,0.02,0.5,d695e3c87e6723ff,angular_parietal_context,0.000780240715549514,0.015393562535021157,,,,,,,,,,,1.0,,,,False,,,,,,,,1088.0,1088.0,1.0,0.0425928056899712,,,,,,
local_dynamics_counterfactual,expanded_targets_local_fixed,High AD-like perturbation with A1 and expanded target local dynamics held at baseline,1.0,251,2Hz,60.0,0.02,0.5,d695e3c87e6723ff,semantic_expanded,0.0005530770993101022,0.012967931887026454,0.003601510895466848,0.008079004366767147,0.014168466482813877,0.016471714773536265,0.017728954377994648,0.0003100988439871953,0.0003671449634514036,0.00023677681610727444,0.00043339016479422413,0.0003319281516926652,1.0,0.009013429285262298,0.016007259514091772,0.828578326615556,False,0.281330394621974,0.0003319281516926652,0.014446091454939313,0.02444357828260345,0.01109131098783219,0.013352267294771262,1.0,,,,,0.0005624336052061363,8.715181374463413,0.3471511988906222,0.9230769230769231,31.5068080923524,0.9999928498361494
local_dynamics_counterfactual,expanded_targets_local_fixed,High AD-like perturbation with A1 and expanded target local dynamics held at baseline,1.0,251,2Hz,60.0,0.02,0.5,d695e3c87e6723ff,episodic_expanded,0.0007028347907495982,0.01657643457742203,0.004940030551379665,0.010809010621185512,0.01736286976261965,0.018450732589469946,0.025243205590032507,0.0005979612135108401,0.000715458097960415,0.00047180379550401354,0.0007705257365557558,0.0006096150004131963,1.0,0.011408915101401832,0.02053641948266156,0.8480230610865289,False,0.2739025070342555,0.0006096150004131963,0.025728374218242006,0.04087352760254326,0.020269163364064126,0.020604364238479132,1.0,,,,,0.0012586440644146712,11.564801065041664,0.42234804910710944,1.0,31.5068080923524,0.9999928498361494
local_dynamics_counterfactual,expanded_targets_local_fixed,High AD-like perturbation with A1 and expanded target local dynamics held at baseline,1.0,251,2Hz,60.0,0.02,0.5,d695e3c87e6723ff,semantic_anatomical_core,0.000519988974557231,0.012246228778247886,0.003347327206245502,0.007815130146634791,0.013490500396765184,0.016282823665598977,0.015951431133389052,0.0002704863411461113,0.0003249338590773418,0.0002063129781851402,0.00037957432613907227,0.0003005546080655585,1.0,0.008677395489352244,0.015024999328785019,0.7920309370505585,False,0.2782108927387224,0.0003005546080655585,0.013565233825720155,0.022657509460978234,0.010511151592561621,0.012146357868416613,1.0,,,,,0.000554699577715978,9.519201134387288,0.34219008126215394,0.9,31.5068080923524,0.9999928498361494
local_dynamics_counterfactual,expanded_targets_local_fixed,High AD-like perturbation with A1 and expanded target local dynamics held at baseline,1.0,251,2Hz,60.0,0.02,0.5,d695e3c87e6723ff,episodic_anatomical_core,0.000690914177419255,0.016266981937586352,0.0049106739808229,0.010713568773604265,0.016972142677661707,0.017785310809619745,0.025009336828581214,0.0006232866659839559,0.0007448750840010154,0.0004932453176277727,0.0007962167794832244,0.0006270075182827768,1.0,0.011235394189770992,0.02013125778106534,0.8413865713905126,False,0.2714097378448684,0.0006270075182827768,0.02752860628887705,0.04339475715922829,0.021734605162504608,0.021660151996723682,1.0,,,,,0.0012975904278187955,12.042780603373659,0.4248637649312903,1.0,31.5068080923524,0.9999928498361494
local_dynamics_counterfactual,expanded_targets_local_fixed,High AD-like perturbation with A1 and expanded target local dynamics held at baseline,1.0,251,2Hz,60.0,0.02,0.5,d695e3c87e6723ff,semantic_platel_peaks,0.0006025598564109793,0.014282825350968444,0.004035350386926104,0.008681184941515603,0.015265827918469426,0.017020282956420572,0.020831236824331134,0.00035033151849011765,0.00041258853491627124,0.00026215272401287237,0.0004851602153775783,0.00035303273568144136,1.0,0.009604041640905794,0.01780280019718856,0.8903906162299644,False,0.28536282170470995,0.00035303273568144136,0.014156653816554208,0.025475519848313116,0.01046020687294296,0.015015312975370156,1.0,,,,,0.0005624336052061363,4.9318027208974415,0.4022926496717392,0.8,31.5068080923524,0.9999928498361494
local_dynamics_counterfactual,expanded_targets_local_fixed,High AD-like perturbation with A1 and expanded target local dynamics held at baseline,1.0,251,2Hz,60.0,0.02,0.5,d695e3c87e6723ff,episodic_platel_peaks,0.0007911038046439251,0.01868849103135927,0.005511136093844413,0.012271657956546797,0.01929160239451028,0.02185428775207263,0.027763060847335447,0.0005704399963447158,0.0006776113280825833,0.00044301294183491876,0.0007191922354356326,0.0005916856606197812,1.0,0.012754739570927657,0.02321100632720364,0.8637756309764624,False,0.2749038064907212,0.0005916856606197812,0.02097520979863135,0.03468394084409282,0.016115952944775174,0.018567987899317646,1.0,,,,,0.0007676476202705951,8.012004289415996,0.3566524427773363,1.0,31.5068080923524,0.9999928498361494
local_dynamics_counterfactual,expanded_targets_local_fixed,High AD-like perturbation with A1 and expanded target local dynamics held at baseline,1.0,251,2Hz,60.0,0.02,0.5,d695e3c87e6723ff,semantic_expanded_left,0.0005761937102636709,0.013530878792474381,0.003487411122569212,0.008069084828491078,0.01495344430032292,0.017188006095812367,0.018594276486970568,0.00032832144357472054,0.0003678844525659303,0.0002494399603008306,0.00046037904796827027,0.000351283045418032,1.0,0.009142242247963265,0.016850908929962483,0.8822064591922173,False,0.29600928739736015,0.000351283045418032,0.013140983441236914,0.023664329936900035,0.009680558604918251,0.013983771331981783,1.0,,,,,0.0005624336052061363,10.323220894311163,0.36000883874545114,1.0,31.5068080923524,0.9999928498361494
local_dynamics_counterfactual,expanded_targets_local_fixed,High AD-like perturbation with A1 and expanded target local dynamics held at baseline,1.0,251,2Hz,60.0,0.02,0.5,d695e3c87e6723ff,episodic_expanded_left,0.000710027693002427,0.016673730521840777,0.004792554505290935,0.010475263894275985,0.017926035542489022,0.018589087017852394,0.02530031761129737,0.0006017323196211045,0.0007149509531471624,0.0004685993237393352,0.0008098795422670959,0.0006286572257470566,1.0,0.011445298196656852,0.02067604603324719,0.8532052679553578,False,0.28140234147281407,0.0006286572257470566,0.0246305733244366,0.03913549323668074,0.019508450124727884,0.019627043111952854,1.0,,,,,0.001282884482447122,12.638119716560222,0.40778439692270074,1.0,31.5068080923524,0.9999928498361494
local_dynamics_counterfactual,expanded_targets_local_fixed,High AD-like perturbation with A1 and expanded target local dynamics held at baseline,1.0,251,2Hz,60.0,0.02,0.5,d695e3c87e6723ff,semantic_expanded_right,0.0005261077198642719,0.012428406166795986,0.0037193437407547886,0.008088936099392608,0.013424695905697455,0.015785274107322767,0.016903901776294656,0.00029288764082907067,0.0003664069607931455,0.00022475653290789698,0.0004079834557399536,0.0003136396684189451,1.0,0.00888643127986719,0.015205847839808617,0.7749501940388945,False,0.2666515018465876,0.0003136396684189451,0.015751199468641713,0.02522282662830687,0.012502063370746127,0.012720763257560741,1.0,,,,,0.0005636423583595396,7.73280598476411,0.34219008126215394,0.8333333333333334,31.5068080923524,0.9999928498361494
local_dynamics_counterfactual,expanded_targets_local_fixed,High AD-like perturbation with A1 and expanded target local dynamics held at baseline,1.0,251,2Hz,60.0,0.02,0.5,d695e3c87e6723ff,episodic_expanded_right,0.0006976035891111774,0.016479706382421324,0.005092044716783669,0.011153390672357513,0.016817396444358083,0.01831340790223803,0.025186222491377346,0.0005942137412338125,0.0007159656025128364,0.00047503018074310466,0.0007330842177255371,0.0005911495700811498,1.0,0.01137264766321381,0.02039773583835486,0.842840854217699,False,0.266402672595697,0.0005942137412338125,0.02682617511204741,0.04261156196840577,0.021029876603400364,0.021581685365005408,1.0,,,,,0.001024879684140223,10.160339190617488,0.4268491710223658,1.0,31.5068080923524,0.9999928498361494
local_dynamics_counterfactual,expanded_targets_local_fixed,High AD-like perturbation with A1 and expanded target local dynamics held at baseline,1.0,251,2Hz,60.0,0.02,0.5,d695e3c87e6723ff,shared_auditory_relay,0.006217497586551645,0.07000686818099593,0.028803103540391867,0.04991516311186341,0.06634061031749912,0.07761993210326534,0.10694450386299031,0.0031693016536418856,0.0037613524841356846,0.004148760817039517,0.004924592051414947,0.00524789955897463,1.0,0.04777795695046899,0.086940560965968,0.8636842407991001,False,0.22110406802065985,0.004148760817039517,0.05572762578607199,0.08182488085868656,0.04542130015774153,0.03640358070094502,1.0,,,,,0.0025419435162862825,12.63469490238974,0.44084300667834375,0.8571428571428571,31.5068080923524,0.9999928498361494
local_dynamics_counterfactual,expanded_targets_local_fixed,High AD-like perturbation with A1 and expanded target local dynamics held at baseline,1.0,251,2Hz,60.0,0.02,0.5,d695e3c87e6723ff,anterior_temporal_context,0.008643327843584233,0.17948249224872045,0.07369218881732835,0.1095649004605975,0.1724669685763023,0.18800031793161837,0.28227860237312186,0.0028707334083192823,0.004352837976151112,0.005956869672100433,0.009094199978445603,0.009493750151913926,1.0,0.10766905549286089,0.23039410410533442,1.0975001247362304,True,0.23270108625841318,0.005956869672100433,0.05194273195474139,0.07404211683973384,0.04281483314419522,0.03122728369553862,1.0,,,,,0.00023541337294213927,0.9488445700801597,0.24395598739524746,0.5,31.5068080923524,0.9999928498361494
local_dynamics_counterfactual,expanded_targets_local_fixed,High AD-like perturbation with A1 and expanded target local dynamics held at baseline,1.0,251,2Hz,60.0,0.02,0.5,d695e3c87e6723ff,hippocampal_context,0.0016294951886840965,0.033887148248479756,0.010809368078914867,0.023271940810802923,0.03907164517331683,0.038529617047021104,0.04718239796661152,0.0005257075934407406,0.0011074803788721109,0.0006316772612675216,0.0006758798872670163,0.0010352979544602388,1.0,0.02573478166104583,0.040186724929657955,0.6429994653577167,False,0.24896547154517223,0.0006758798872670163,0.008938521645231172,0.014828552276695536,0.007767176315645425,0.007061375961050111,1.0,,,,,0.0006390261161209887,6.404805612099777,0.23912694771073786,0.5,31.5068080923524,0.9999928498361494
local_dynamics_counterfactual,expanded_targets_local_fixed,High AD-like perturbation with A1 and expanded target local dynamics held at baseline,1.0,251,2Hz,60.0,0.02,0.5,d695e3c87e6723ff,angular_parietal_context,0.009883392725425742,0.09781333544065852,0.02553938408248212,0.04849976322980598,0.08817252140022785,0.10668773754341551,0.1580070911517743,0.0015297714631019906,0.0022329203988396304,0.002015541166556468,0.004930241243870407,0.004297167812295777,1.0,0.052022586663870815,0.12646779531198776,1.2815600134576322,True,0.319786604618372,0.0022329203988396304,0.006901920881045407,0.01849328149029625,0.0028877687996553556,0.015605512690640894,1.0,,,,,0.0005744699257508867,5.544473735469455,0.2607564061711821,0.6666666666666666,31.5068080923524,0.9999928498361494
local_dynamics_counterfactual,expanded_targets_local_fixed,High AD-like perturbation with A1 and expanded target local dynamics held at baseline,1.0,251,5Hz,60.0,0.02,0.5,d695e3c87e6723ff,semantic_expanded,0.0008649585696206356,0.01516018789542338,0.0032030901922459687,0.008069813446771197,0.01333511959315959,0.014604686004544775,0.026183083777525228,0.00037683329710327615,0.0005033269569988925,0.0002572001915143366,0.0006640270335862091,0.0013512742556093425,1.0,0.008687837871117838,0.019609149507227284,1.1744578784484399,True,0.34590107539620224,0.0005033269569988925,0.033550310509124465,0.039007247554518086,0.035019676392992125,0.0039875711615259615,1.0,,,,,0.001016722251218627,2.016924603976657,0.15361173839298237,0.23076923076923078,31.726676104795395,0.9999626990937732
local_dynamics_counterfactual,expanded_targets_local_fixed,High AD-like perturbation with A1 and expanded target local dynamics held at baseline,1.0,251,5Hz,60.0,0.02,0.5,d695e3c87e6723ff,episodic_expanded,0.001081054331116306,0.019204351536089,0.004185091739711274,0.010947754159012061,0.016481050542281297,0.01717590238668526,0.033893796510256514,0.000838337953128468,0.0010075432585385563,0.0005202162245002312,0.0010662097793568534,0.0015806357853765272,1.0,0.011097456895811701,0.024808394060739525,1.1605992422281275,True,0.3342565568996108,0.0010075432585385563,0.0453909656792129,0.06766813017347761,0.040430347008956806,0.027237783164520808,1.0,,,,,0.002330770564406004,6.726153283600126,0.2841186474895816,0.8421052631578947,31.726676104795395,0.9999626990937732
local_dynamics_counterfactual,expanded_targets_local_fixed,High AD-like perturbation with A1 and expanded target local dynamics held at baseline,1.0,251,5Hz,60.0,0.02,0.5,d695e3c87e6723ff,semantic_anatomical_core,0.000813102090555259,0.014362187100882209,0.0030100629888911734,0.007744186118829943,0.012743258854392843,0.014292447782733706,0.02447779634289854,0.00030665724251895956,0.0004378474394601371,0.00020465178811755885,0.0006347845671137639,0.0012875782710618602,1.0,0.008329814743500783,0.01853624294798145,1.1539925430562974,True,0.3465641844522597,0.0004378474394601371,0.03222931789916713,0.03393971499359144,0.035061274231757034,0.0011215592381655926,1.0,,,,,0.0009263683919306098,1.2680265494832692,0.13372554349577845,0.2,31.726676104795395,0.9999626990937732
local_dynamics_counterfactual,expanded_targets_local_fixed,High AD-like perturbation with A1 and expanded target local dynamics held at baseline,1.0,251,5Hz,60.0,0.02,0.5,d695e3c87e6723ff,episodic_anatomical_core,0.0010706403775309966,0.018892796425260767,0.004138653586667811,0.010816217446970687,0.01610961982304483,0.016691281409660846,0.033490577311350446,0.0008826996303148401,0.0010493828037587184,0.0005708879341500841,0.0011136051245839856,0.0015859530435374178,1.0,0.010912663754557721,0.024408252675001366,1.1613657169477574,True,0.33294711709657526,0.0010493828037587184,0.04762828867098512,0.0717964345412271,0.04202635802487372,0.029770076516353376,1.0,,,,,0.0025522656528146337,6.785302870885891,0.2881208093621396,1.0,31.726676104795395,0.9999626990937732
local_dynamics_counterfactual,expanded_targets_local_fixed,High AD-like perturbation with A1 and expanded target local dynamics held at baseline,1.0,251,5Hz,60.0,0.02,0.5,d695e3c87e6723ff,semantic_platel_peaks,0.0009320145935592715,0.016481104919195057,0.003520028950774653,0.008750037726142927,0.014287814414447634,0.015270548657004602,0.028891696172944282,0.00042999276361793226,0.0005669813639585391,0.00034198638135208507,0.0007062240822509786,0.0013213796455554152,1.0,0.009302164416921306,0.02137246302644322,1.2001148330459954,True,0.3438691082243186,0.0005669813639585391,0.032763787871967515,0.04288505765118858,0.03239043697150757,0.010494620679681009,1.0,,,,,0.0012226509592634383,2.2072063003669316,0.15007280535848522,0.2,31.726676104795395,0.9999626990937732
local_dynamics_counterfactual,expanded_targets_local_fixed,High AD-like perturbation with A1 and expanded target local dynamics held at baseline,1.0,251,5Hz,60.0,0.02,0.5,d695e3c87e6723ff,episodic_platel_peaks,0.0011825318379049003,0.02096319806764585,0.0046130734049710815,0.01238116793242811,0.018509001976120674,0.01950247492946532,0.0361865227583097,0.0007546536099150778,0.0009346614613608996,0.00036322835806126033,0.0009296609453800892,0.001506893741782098,1.0,0.012406686224446517,0.026949441198405977,1.1191375298141117,True,0.3299407231293324,0.0009296609453800892,0.03814030497845204,0.05510667816970115,0.034415376222373374,0.020691301947327774,1.0,,,,,0.0012935371686341735,2.7267558356063035,0.16558689889075595,0.25,31.726676104795395,0.9999626990937732
local_dynamics_counterfactual,expanded_targets_local_fixed,High AD-like perturbation with A1 and expanded target local dynamics held at baseline,1.0,251,5Hz,60.0,0.02,0.5,d695e3c87e6723ff,semantic_expanded_left,0.0009226737339793231,0.01625422040349959,0.0034400523716873726,0.008246912227045652,0.0139804630055351,0.015486701366916742,0.02846483583104852,0.0004304247644403699,0.0005413024903584069,0.0003295469357755691,0.0008157055686384179,0.001815846244485661,1.0,0.008948921542187408,0.02119056410328844,1.2436362584432439,True,0.3503230309187786,0.0005413024903584069,0.03483538823438205,0.04007237055373271,0.03700368015230644,0.003068690401426266,1.0,,,,,0.0012226509592634383,3.082141853198937,0.15361173839298237,0.2857142857142857,31.726676104795395,0.9999626990937732
local_dynamics_counterfactual,expanded_targets_local_fixed,High AD-like perturbation with A1 and expanded target local dynamics held at baseline,1.0,251,5Hz,60.0,0.02,0.5,d695e3c87e6723ff,episodic_expanded_left,0.0011282080707416646,0.019875002362701958,0.004183239311668903,0.010823553808764536,0.016870896451093232,0.017678989136032042,0.035418474802656225,0.0008636195050890403,0.0010246870644305792,0.0005944603013751623,0.0011964967553369274,0.0017624358050384499,1.0,0.011235533173101503,0.025789201495297526,1.198698515943257,True,0.3435740406528338,0.0010246870644305792,0.045566389582649545,0.06676880665621465,0.041558291706592046,0.025210514949622606,1.0,,,,,0.0025522656528146337,7.122556913779448,0.2785399945372373,1.0,31.726676104795395,0.9999626990937732
local_dynamics_counterfactual,expanded_targets_local_fixed,High AD-like perturbation with A1 and expanded target local dynamics held at baseline,1.0,251,5Hz,60.0,0.02,0.5,d695e3c87e6723ff,semantic_expanded_right,0.0007976242112021667,0.014139792085940848,0.0029824507510709235,0.007896517784210527,0.012719565474581555,0.01377290413483394,0.024084237835411117,0.0003299144137079477,0.0004680156292538483,0.00020073601461147484,0.0005405527659561127,0.001005559870180409,1.0,0.008434371283623962,0.01814575310607804,1.1052794984536356,True,0.34147911987362584,0.0004680156292538483,0.03226523278386687,0.037942124555303464,0.03303567263367781,0.004906451921625657,1.0,,,,,0.0009140429937977701,1.7228980801956197,0.15244408910974616,0.16666666666666666,31.726676104795395,0.9999626990937732
local_dynamics_counterfactual,expanded_targets_local_fixed,High AD-like perturbation with A1 and expanded target local dynamics held at baseline,1.0,251,5Hz,60.0,0.02,0.5,d695e3c87e6723ff,episodic_expanded_right,0.0010467607022978634,0.018556330771250563,0.004186944988048493,0.011073379709085276,0.016100213036375398,0.016687131856179985,0.0324347518711484,0.000813796491990033,0.0009906862817582358,0.0004552447314097162,0.0009501098005703092,0.0014175889294069152,1.0,0.010961077472427852,0.023864888410180522,1.1224999685129975,True,0.3249390731463878,0.0009501098005703092,0.045215541775776254,0.06856745369074056,0.039302402311321566,0.029265051379418996,1.0,,,,,0.0020771931733173377,5.815075174879738,0.2891557785809745,0.7272727272727273,31.726676104795395,0.9999626990937732
local_dynamics_counterfactual,expanded_targets_local_fixed,High AD-like perturbation with A1 and expanded target local dynamics held at baseline,1.0,251,5Hz,60.0,0.02,0.5,d695e3c87e6723ff,shared_auditory_relay,0.0067613083724589905,0.06556273138689536,0.02239630913433151,0.04158031172800667,0.05701067265647853,0.06492652883056707,0.10638671351101113,0.004186421277323135,0.004359246216056315,0.004191578803961755,0.005214936189869342,0.009333173677940362,1.0,0.04066803915590609,0.08335326354090312,1.0353432546308796,True,0.2569438835314688,0.004359246216056315,0.0668265751889031,0.09653816624147735,0.06005578373097327,0.03648238251050408,1.0,,,,,0.005226479890878766,8.037426792386292,0.3866121204529314,0.7857142857142857,31.726676104795395,0.9999626990937732
local_dynamics_counterfactual,expanded_targets_local_fixed,High AD-like perturbation with A1 and expanded target local dynamics held at baseline,1.0,251,5Hz,60.0,0.02,0.5,d695e3c87e6723ff,anterior_temporal_context,0.014265722766349263,0.19645854416262964,0.07345481994897024,0.08247806846869737,0.15101257882077665,0.1686404220839425,0.3282300006334191,0.011888678459593101,0.011384521325186988,0.02139465027093659,0.01955886348770071,0.0583176156551735,1.0,0.09409886275043845,0.25781129352132365,1.454066270677628,True,0.2675712008847783,0.01955886348770071,0.04416607842485612,0.03484119474832051,0.057531668607483724,0.022690473859163215,1.0,,,,,0.0014289894116019664,2.158966839058435,0.1658544359260005,0.3333333333333333,31.726676104795395,0.9999626990937732
local_dynamics_counterfactual,expanded_targets_local_fixed,High AD-like perturbation with A1 and expanded target local dynamics held at baseline,1.0,251,5Hz,60.0,0.02,0.5,d695e3c87e6723ff,hippocampal_context,0.0023761090891175974,0.038153394649338646,0.007899772958276777,0.02136041646596229,0.03606209511598236,0.03342058639498698,0.06600822005924953,0.0007918569710016907,0.0015410418445357867,0.0008387960653745113,0.0010514957378244634,0.0030841701750474663,1.0,0.023664417135326483,0.048350039477547575,1.0307976793348195,True,0.33856612358455107,0.0010514957378244634,0.02904632505884848,0.03541951572753001,0.03024741236094623,0.005172103366583778,1.0,,,,,0.0016901633182719866,4.581597116763805,0.1924876007542754,0.5,31.726676104795395,0.9999626990937732
local_dynamics_counterfactual,expanded_targets_local_fixed,High AD-like perturbation with A1 and expanded target local dynamics held at baseline,1.0,251,5Hz,60.0,0.02,0.5,d695e3c87e6723ff,angular_parietal_context,0.010242237702930769,0.09314843294457827,0.02145233412825775,0.04534968880526599,0.07848598703474799,0.09253459648235886,0.1588064105647353,0.0026677387951202303,0.0035516530250075543,0.003095845704684608,0.005703416799398519,0.009227529967046583,1.0,0.047551949490173884,0.12241762491591522,1.3642348894305532,True,0.34025127193618954,0.0035516530250075543,0.0228248988140035,0.04301293370475833,0.017181227836227088,0.025831705868531243,1.0,,,,,0.0014130036958765468,4.287640112433218,0.15538012268932108,0.16666666666666666,31.726676104795395,0.9999626990937732
local_dynamics_counterfactual,expanded_targets_local_fixed,High AD-like perturbation with A1 and expanded target local dynamics held at baseline,1.0,281,pulse,60.0,0.02,0.5,d695e3c87e6723ff,semantic_expanded,0.0001398847937839437,0.003717438839678362,,,,,,,,,,,1.0,,,,False,,,,,,,,411.5,411.5,1.0,0.002143380819461766,,,,,,
local_dynamics_counterfactual,expanded_targets_local_fixed,High AD-like perturbation with A1 and expanded target local dynamics held at baseline,1.0,281,pulse,60.0,0.02,0.5,d695e3c87e6723ff,episodic_expanded,0.00019945382709725146,0.005344712391883928,,,,,,,,,,,1.0,,,,False,,,,,,,,280.5,280.5,1.0,0.0005733211414567391,,,,,,
local_dynamics_counterfactual,expanded_targets_local_fixed,High AD-like perturbation with A1 and expanded target local dynamics held at baseline,1.0,281,pulse,60.0,0.02,0.5,d695e3c87e6723ff,semantic_anatomical_core,0.0001312811282440024,0.0035047249932873077,,,,,,,,,,,1.0,,,,False,,,,,,,,447.0,447.0,1.0,0.003410043943180197,,,,,,
local_dynamics_counterfactual,expanded_targets_local_fixed,High AD-like perturbation with A1 and expanded target local dynamics held at baseline,1.0,281,pulse,60.0,0.02,0.5,d695e3c87e6723ff,episodic_anatomical_core,0.00020407948042001334,0.005450180902839733,,,,,,,,,,,1.0,,,,False,,,,,,,,273.0,273.0,1.0,0.0005141711660676604,,,,,,
local_dynamics_counterfactual,expanded_targets_local_fixed,High AD-like perturbation with A1 and expanded target local dynamics held at baseline,1.0,281,pulse,60.0,0.02,0.5,d695e3c87e6723ff,semantic_platel_peaks,0.00014885440643227645,0.004000354887129034,,,,,,,,,,,1.0,,,,False,,,,,,,,376.5,376.5,1.0,0.0011531730569940212,,,,,,
local_dynamics_counterfactual,expanded_targets_local_fixed,High AD-like perturbation with A1 and expanded target local dynamics held at baseline,1.0,281,pulse,60.0,0.02,0.5,d695e3c87e6723ff,episodic_platel_peaks,0.0001947866730714277,0.005180865150328509,,,,,,,,,,,1.0,,,,False,,,,,,,,312.0,312.0,1.0,0.0028191704175791798,,,,,,
local_dynamics_counterfactual,expanded_targets_local_fixed,High AD-like perturbation with A1 and expanded target local dynamics held at baseline,1.0,281,pulse,60.0,0.02,0.5,d695e3c87e6723ff,semantic_expanded_left,0.00014615300318655686,0.003919161782787021,,,,,,,,,,,1.0,,,,False,,,,,,,,438.0,438.0,1.0,0.0021274854753512633,,,,,,
local_dynamics_counterfactual,expanded_targets_local_fixed,High AD-like perturbation with A1 and expanded target local dynamics held at baseline,1.0,281,pulse,60.0,0.02,0.5,d695e3c87e6723ff,episodic_expanded_left,0.0002047951375822543,0.0054916783029663185,,,,,,,,,,,1.0,,,,False,,,,,,,,287.0,287.0,1.0,0.0003331336803413612,,,,,,
local_dynamics_counterfactual,expanded_targets_local_fixed,High AD-like perturbation with A1 and expanded target local dynamics held at baseline,1.0,281,pulse,60.0,0.02,0.5,d695e3c87e6723ff,semantic_expanded_right,0.00013257188281422835,0.003526098766181042,,,,,,,,,,,1.0,,,,False,,,,,,,,385.0,385.0,1.0,0.004576104322514666,,,,,,
local_dynamics_counterfactual,expanded_targets_local_fixed,High AD-like perturbation with A1 and expanded target local dynamics held at baseline,1.0,281,pulse,60.0,0.02,0.5,d695e3c87e6723ff,episodic_expanded_right,0.00019556923765361297,0.005201679518723408,,,,,,,,,,,1.0,,,,False,,,,,,,,274.0,274.0,1.0,0.000898914328889063,,,,,,
local_dynamics_counterfactual,expanded_targets_local_fixed,High AD-like perturbation with A1 and expanded target local dynamics held at baseline,1.0,281,pulse,60.0,0.02,0.5,d695e3c87e6723ff,shared_auditory_relay,0.0005166045203765722,0.012921504267045794,,,,,,,,,,,1.0,,,,False,,,,,,,,229.0,229.0,1.0,0.0004946363245447394,,,,,,
local_dynamics_counterfactual,expanded_targets_local_fixed,High AD-like perturbation with A1 and expanded target local dynamics held at baseline,1.0,281,pulse,60.0,0.02,0.5,d695e3c87e6723ff,anterior_temporal_context,0.0004962223918886133,0.013081293061213172,,,,,,,,,,,1.0,,,,False,,,,,,,,581.0,550.0,0.9444444444444444,0.003076459241305741,,,,,,
local_dynamics_counterfactual,expanded_targets_local_fixed,High AD-like perturbation with A1 and expanded target local dynamics held at baseline,1.0,281,pulse,60.0,0.02,0.5,d695e3c87e6723ff,hippocampal_context,0.0005758645592325078,0.012397264358447974,,,,,,,,,,,1.0,,,,False,,,,,,,,695.0,695.0,1.0,0.0014418136284279324,,,,,,
local_dynamics_counterfactual,expanded_targets_local_fixed,High AD-like perturbation with A1 and expanded target local dynamics held at baseline,1.0,281,pulse,60.0,0.02,0.5,d695e3c87e6723ff,angular_parietal_context,0.0008626180640998959,0.015822713730909307,,,,,,,,,,,1.0,,,,False,,,,,,,,1072.0,1072.0,1.0,0.0011403595665993632,,,,,,
local_dynamics_counterfactual,expanded_targets_local_fixed,High AD-like perturbation with A1 and expanded target local dynamics held at baseline,1.0,281,2Hz,60.0,0.02,0.5,d695e3c87e6723ff,semantic_expanded,0.0008605259936038373,0.020099549147850886,0.0049075203626728495,0.0072776920828483945,0.01047069130497906,0.023685238102479987,0.036521538506940975,0.00028901444935578563,0.00030560608778533026,0.000277545997760251,0.0003115999129714004,0.000290044737938863,1.0,0.007621456468905758,0.02743369976853249,1.8478105704807724,True,0.37468990114037926,0.000290044737938863,0.0157421210508973,0.022289093954687377,0.01728055187189594,0.005008542082791438,1.0,,,,,0.00014578318867286555,8.61369730024433,0.15342528362909674,0.46153846153846156,31.504484471263194,0.9999877789323885
local_dynamics_counterfactual,expanded_targets_local_fixed,High AD-like perturbation with A1 and expanded target local dynamics held at baseline,1.0,281,2Hz,60.0,0.02,0.5,d695e3c87e6723ff,episodic_expanded,0.0010285547185970132,0.024173031390147797,0.006464600400810447,0.008668505630374456,0.012112214303678733,0.020812747449706643,0.048127181833257184,0.00057464498752971,0.0006081837477644906,0.0005893421044352073,0.0006832204995534596,0.00040777947398915065,1.0,0.009324020309539995,0.032970873762510976,1.8221680683819874,True,0.35280249525012986,0.0005893421044352073,0.027134473091398385,0.04428878425001856,0.02744646373663361,0.01684232051338495,1.0,,,,,0.0004471292896658374,10.678769069292526,0.3343694160103732,0.8947368421052632,31.504484471263194,0.9999877789323885
local_dynamics_counterfactual,expanded_targets_local_fixed,High AD-like perturbation with A1 and expanded target local dynamics held at baseline,1.0,281,2Hz,60.0,0.02,0.5,d695e3c87e6723ff,semantic_anatomical_core,0.0008488345626758836,0.019932678654205272,0.004605639300164263,0.006997505616689021,0.009964918693850395,0.024730877476611172,0.035654517183138404,0.00025271927288419635,0.00027053626207818607,0.00022090183580343882,0.0002492419531874373,0.00028580737565309577,1.0,0.007231938937997962,0.02728774193391946,1.9157986145532535,True,0.3863311926703845,0.00025271927288419635,0.013876763546540816,0.02010056415380332,0.015387502693711702,0.004713061460091617,1.0,,,,,0.0001394994357568069,9.18985940101915,0.12403841300899655,0.3,31.504484471263194,0.9999877789323885
local_dynamics_counterfactual,expanded_targets_local_fixed,High AD-like perturbation with A1 and expanded target local dynamics held at baseline,1.0,281,2Hz,60.0,0.02,0.5,d695e3c87e6723ff,episodic_anatomical_core,0.0010119292418915428,0.02382685190528281,0.0064160508737837255,0.008521113535470798,0.011764354566048813,0.019474979069598247,0.04797676609825709,0.000601407246400506,0.0006364654662780687,0.0006117134907777459,0.0007101221444032004,0.0004167306365718473,1.0,0.00915261951674876,0.03250791086871078,1.8285342309812704,True,0.34988323784878067,0.0006117134907777459,0.02847610529227025,0.0475140546010797,0.028522782082482927,0.018991272518596773,1.0,,,,,0.0005430454359641734,11.21547786206083,0.3459756793638348,1.0,31.504484471263194,0.9999877789323885
local_dynamics_counterfactual,expanded_targets_local_fixed,High AD-like perturbation with A1 and expanded target local dynamics held at baseline,1.0,281,2Hz,60.0,0.02,0.5,d695e3c87e6723ff,semantic_platel_peaks,0.0008698001048624039,0.020707927761163585,0.005365941377964161,0.007903584584604901,0.011176471480257287,0.022291547584873082,0.03870035874011316,0.00032475641549065,0.00034039874866085087,0.0003436400764760996,0.00038736136059072863,0.00023286434327130892,1.0,0.008257088603126581,0.028163248314968928,1.7701086509424673,True,0.35984026178558437,0.00034039874866085087,0.017503948050362362,0.023641983881493474,0.01917859093804809,0.004463392943445384,1.0,,,,,0.00014578318867286555,5.79377025565496,0.2969012864474826,0.8,31.504484471263194,0.9999877789323885
local_dynamics_counterfactual,expanded_targets_local_fixed,High AD-like perturbation with A1 and expanded target local dynamics held at baseline,1.0,281,2Hz,60.0,0.02,0.5,d695e3c87e6723ff,episodic_platel_peaks,0.0011457811925333578,0.027062661386261882,0.007116520889019713,0.009815098832983753,0.013689712195501729,0.026552381411736173,0.05211257689177826,0.000542577044042755,0.0005691712405563207,0.0005637220822532308,0.0006344207028483574,0.0004123448385003044,1.0,0.010418437587292901,0.03691988255963824,1.82525902539396,True,0.35902708581355197,0.0005637220822532308,0.023748639416057038,0.03691636294176844,0.02452409818382036,0.012392264757948083,1.0,,,,,0.00030504519816321185,8.220984984378132,0.18050217399071744,0.5,31.504484471263194,0.9999877789323885
local_dynamics_counterfactual,expanded_targets_local_fixed,High AD-like perturbation with A1 and expanded target local dynamics held at baseline,1.0,281,2Hz,60.0,0.02,0.5,d695e3c87e6723ff,semantic_expanded_left,0.0009170228889128667,0.02152524876957654,0.004774961694247632,0.007103325613148168,0.011022470794907447,0.02565373935929126,0.039173009982433,0.0002989504771556046,0.0003085673862563781,0.000290164351248062,0.00032154535937653505,0.000350196094762846,1.0,0.007685967103887549,0.029509892098852405,1.9408999388925467,True,0.39626002258526527,0.0003085673862563781,0.013473590259875911,0.021983801347764696,0.014544862232511222,0.007438939115253474,1.0,,,,,0.00013505191829499275,9.847633993195911,0.22264796228010095,0.5714285714285714,31.504484471263194,0.9999877789323885
local_dynamics_counterfactual,expanded_targets_local_fixed,High AD-like perturbation with A1 and expanded target local dynamics held at baseline,1.0,281,2Hz,60.0,0.02,0.5,d695e3c87e6723ff,episodic_expanded_left,0.0010149141940415047,0.023823048225564462,0.0064296911430278955,0.00845363117339353,0.012732125507835427,0.0205864668278853,0.047322292913755025,0.0005742607732652866,0.0006063320835509254,0.0005883368046449611,0.0007196143252970452,0.00041106626673247196,1.0,0.009478597181419756,0.032419077371511604,1.7740975698905586,True,0.35217252216792416,0.0005883368046449611,0.02680085063414023,0.04181840423007757,0.027519445115446916,0.014298959114630656,1.0,,,,,0.0005430454359641734,12.32589271381741,0.38803822192976334,1.0,31.504484471263194,0.9999877789323885
local_dynamics_counterfactual,expanded_targets_local_fixed,High AD-like perturbation with A1 and expanded target local dynamics held at baseline,1.0,281,2Hz,60.0,0.02,0.5,d695e3c87e6723ff,semantic_expanded_right,0.0007946129490766364,0.01876827906945584,0.005043759018855007,0.007456338754162839,0.009946533626092012,0.02186778684051728,0.03404953501178799,0.0002794086590233156,0.00030267320867752377,0.00026547637758188563,0.0003019620807218212,0.00024022526596989636,1.0,0.007557487291097745,0.025503579629125375,1.7547212020689977,True,0.35311977969549324,0.0002794086590233156,0.018010651841918694,0.022594386561610058,0.020016241511280657,0.002578145050329401,1.0,,,,,0.000263195029035046,8.344787760373675,0.1038961059125025,0.3333333333333333,31.504484471263194,0.9999877789323885
local_dynamics_counterfactual,expanded_targets_local_fixed,High AD-like perturbation with A1 and expanded target local dynamics held at baseline,1.0,281,2Hz,60.0,0.02,0.5,d695e3c87e6723ff,episodic_expanded_right,0.0010384751000919287,0.02452815613923081,0.006499699194334585,0.008888841767823313,0.011522485797674235,0.021041515284134206,0.048945760836921516,0.0005750294588560959,0.0006100410667346698,0.0005903491219960576,0.0006486672577250257,0.0004045189616959951,1.0,0.009171964275803558,0.03353206213137666,1.8702385668734156,True,0.35343246833233527,0.0005903491219960576,0.02746809554865654,0.04675916426995954,0.027373482357820302,0.019385681912139237,1.0,,,,,0.0004047637105195623,8.981588268592564,0.28545903026583364,0.8181818181818182,31.504484471263194,0.9999877789323885
local_dynamics_counterfactual,expanded_targets_local_fixed,High AD-like perturbation with A1 and expanded target local dynamics held at baseline,1.0,281,2Hz,60.0,0.02,0.5,d695e3c87e6723ff,shared_auditory_relay,0.008775742781661296,0.09828197590690513,0.03213376034760581,0.04541255788193814,0.059607151425311256,0.09592377338225926,0.17727432313687713,0.0030368365299204532,0.003497703415727099,0.0044008831177470425,0.0049125394878525965,0.004856019205426126,1.0,0.04420942412427825,0.1308244835280772,1.565206716600402,True,0.3003220421374754,0.0044008831177470425,0.045352972498538084,0.09504894138808298,0.040083684825539104,0.05496525656254388,1.0,,,,,0.0010993063657471769,12.10876534595188,0.34728556276738276,0.7857142857142857,31.504484471263194,0.9999877789323885
local_dynamics_counterfactual,expanded_targets_local_fixed,High AD-like perturbation with A1 and expanded target local dynamics held at baseline,1.0,281,2Hz,60.0,0.02,0.5,d695e3c87e6723ff,anterior_temporal_context,0.01059995390748493,0.21814320105118412,0.06964498849298476,0.12879171571949086,0.18038074434524742,0.2273974283885076,0.3655669497569329,0.003046493721413896,0.004328153566264918,0.0055742375418058165,0.010705472579839056,0.011182946923949784,1.0,0.11810596627712881,0.28538306211262415,1.2728178651684126,True,0.2802132267090375,0.0055742375418058165,0.04453446659220962,0.07534443666958762,0.03737376681346382,0.0379706698561238,1.0,,,,,0.00021400209139837978,-0.9916332142596005,0.2532381694960933,0.3888888888888889,31.504484471263194,0.9999877789323885
local_dynamics_counterfactual,expanded_targets_local_fixed,High AD-like perturbation with A1 and expanded target local dynamics held at baseline,1.0,281,2Hz,60.0,0.02,0.5,d695e3c87e6723ff,hippocampal_context,0.0019670026856627556,0.04302340011820664,0.0146106700552457,0.02085434912415565,0.02949218819380008,0.040874853699437594,0.07804090762911493,0.0005617848827772514,0.0009066971846533717,0.0005334188759937328,0.0005952225406371778,0.00043780393882591746,1.0,0.02259895078818626,0.0558950973036804,1.3064659527575977,True,0.2902640854835383,0.0005617848827772514,0.012161228724795818,0.012316285273900551,0.016145526328128122,0.003829241054227571,1.0,,,,,0.00024868335419808707,5.2153696354333645,0.2595454083879726,0.5,31.504484471263194,0.9999877789323885
local_dynamics_counterfactual,expanded_targets_local_fixed,High AD-like perturbation with A1 and expanded target local dynamics held at baseline,1.0,281,2Hz,60.0,0.02,0.5,d695e3c87e6723ff,angular_parietal_context,0.009622852241591753,0.10997518997473496,0.03069950605990636,0.046407791960730346,0.06988842602831595,0.11143199462498408,0.19941386685658233,0.0015409454696815855,0.001873019511246527,0.002184137849909237,0.0039707321556085185,0.003175601587476675,1.0,0.048141349828849184,0.14720253558998925,1.612454023264066,True,0.33313406668700263,0.002184137849909237,0.011248646889530232,0.019497206316494067,0.010975407659509485,0.008521798656984582,1.0,,,,,0.00029366953778570126,5.923785857233079,0.23517722397873264,0.6666666666666666,31.504484471263194,0.9999877789323885
local_dynamics_counterfactual,expanded_targets_local_fixed,High AD-like perturbation with A1 and expanded target local dynamics held at baseline,1.0,281,5Hz,60.0,0.02,0.5,d695e3c87e6723ff,semantic_expanded,0.0007123177332059727,0.012502003098591253,0.004030686696418016,0.005491800147001718,0.0075926792111851195,0.014522947822169193,0.02158251310357343,0.000581853339275597,0.0006252390972736691,0.00028713373209048173,0.0015885339615050902,0.0011830742669181537,1.0,0.005791438767749391,0.01670377804032465,1.528180739890249,True,0.3122256955100046,0.0006252390972736691,0.02987136107780827,0.07911764972297522,0.018028145946421215,0.061089503776554005,1.0,,,,,0.0024655906145270023,4.703362569350982,0.17701158873332687,0.15384615384615385,31.72793940212749,0.9999343958856364
local_dynamics_counterfactual,expanded_targets_local_fixed,High AD-like perturbation with A1 and expanded target local dynamics held at baseline,1.0,281,5Hz,60.0,0.02,0.5,d695e3c87e6723ff,episodic_expanded,0.0008606699842099658,0.015193641358963493,0.005137443199914239,0.005799246025073441,0.008978216570284322,0.01349944498202567,0.028795127361229727,0.0008406136706201446,0.0008059960349046845,0.0006983267873739125,0.0008922622331467466,0.00048737777736172734,1.0,0.006786572223345975,0.02038943346818942,1.5870667058286974,True,0.30961836818411975,0.0008059960349046845,0.04526101074189201,0.10377300325125893,0.03311934609111315,0.07065365716014578,1.0,,,,,0.0019837536228445307,4.667578540876098,0.3071150624047614,0.7368421052631579,31.72793940212749,0.9999343958856364
local_dynamics_counterfactual,expanded_targets_local_fixed,High AD-like perturbation with A1 and expanded target local dynamics held at baseline,1.0,281,5Hz,60.0,0.02,0.5,d695e3c87e6723ff,semantic_anatomical_core,0.0006995443619570096,0.012337969501002341,0.0038057659866777413,0.0054589057386543694,0.0071192311782947585,0.014977297696427973,0.021048624334189546,0.0005662065527985787,0.0006360768226729084,0.00020839876265490393,0.0018579844886189847,0.00137422246516806,1.0,0.005543317164592202,0.01654098898309612,1.5772240357357112,True,0.31955140153680056,0.0006360768226729084,0.027323609116267463,0.07926488495706342,0.014838012092539784,0.06442687286452364,1.0,,,,,0.0031132394742212632,5.2674687237600395,0.17682418192402186,0.2,31.72793940212749,0.9999343958856364
local_dynamics_counterfactual,expanded_targets_local_fixed,High AD-like perturbation with A1 and expanded target local dynamics held at baseline,1.0,281,5Hz,60.0,0.02,0.5,d695e3c87e6723ff,episodic_anatomical_core,0.0008485194863171612,0.01500169956468666,0.0050808079046285445,0.005619653729007457,0.008709509905999549,0.012714857611987816,0.02879611783808534,0.0008631082193117982,0.0008163421029238154,0.0007629485555686552,0.0007937253375193278,0.0004283389417806554,1.0,0.006616462327375095,0.02015641041322127,1.6071067851336376,True,0.3091725584113575,0.0007937253375193278,0.04803557240491814,0.10878147440015402,0.03600671944248919,0.07277475495766483,1.0,,,,,0.0020387534938298146,4.715722239537053,0.3189821576443246,0.875,31.72793940212749,0.9999343958856364
local_dynamics_counterfactual,expanded_targets_local_fixed,High AD-like perturbation with A1 and expanded target local dynamics held at baseline,1.0,281,5Hz,60.0,0.02,0.5,d695e3c87e6723ff,semantic_platel_peaks,0.0007250857911709727,0.012973568403310647,0.004364372873919691,0.005641158585373303,0.008219906004094635,0.014021586402158906,0.02289828062565997,0.0005673294013139387,0.0005830654258331461,0.00042122817370881106,0.0012005033647334497,0.0008656207531986961,1.0,0.006170466795550704,0.017276593984762084,1.4853672852225892,True,0.3048186096688705,0.0005830654258331461,0.03035525940038584,0.07630841535365865,0.019426221053050734,0.05688219430060791,1.0,,,,,0.0023572196119656663,3.8954912848891325,0.1818137062568207,0.0,31.72793940212749,0.9999343958856364
local_dynamics_counterfactual,expanded_targets_local_fixed,High AD-like perturbation with A1 and expanded target local dynamics held at baseline,1.0,281,5Hz,60.0,0.02,0.5,d695e3c87e6723ff,episodic_platel_peaks,0.0009511102339281173,0.0168700717242452,0.005653529654386228,0.006818099258505791,0.010190044236153693,0.016705415122950918,0.03088769919473714,0.0008490147012921095,0.0008386809642396962,0.0005101858117465912,0.001336826288062152,0.0007989568018033422,1.0,0.00766010211852446,0.022611700775757262,1.5616339805392894,True,0.3096245804262397,0.0008386809642396962,0.03477689258554969,0.0931259230383808,0.02018253708372372,0.07294338595465708,1.0,,,,,0.00200001153348367,4.159654876830858,0.11056681215488112,0.25,31.72793940212749,0.9999343958856364
local_dynamics_counterfactual,expanded_targets_local_fixed,High AD-like perturbation with A1 and expanded target local dynamics held at baseline,1.0,281,5Hz,60.0,0.02,0.5,d695e3c87e6723ff,semantic_expanded_left,0.0007557891697081182,0.013319163173465508,0.004126047828369653,0.005571163337576459,0.008127025543245858,0.01572136120420074,0.022897302882251246,0.0006460080360333183,0.000667082393082713,0.0003669451575031564,0.001755333280287471,0.001336020481879716,1.0,0.0060388135282071174,0.017831768243281053,1.5621127413739628,True,0.32206830289887317,0.000667082393082713,0.029771367873905174,0.0819465905258522,0.01810284689269368,0.0638437436331585,1.0,,,,,0.0031920285313832286,4.351238976135484,0.19684067322319324,0.2857142857142857,31.72793940212749,0.9999343958856364
local_dynamics_counterfactual,expanded_targets_local_fixed,High AD-like perturbation with A1 and expanded target local dynamics held at baseline,1.0,281,5Hz,60.0,0.02,0.5,d695e3c87e6723ff,episodic_expanded_left,0.000851416613882839,0.015004391784662022,0.0052020866094640225,0.005699833979495509,0.009564043396848411,0.013555360672674563,0.028176781989060498,0.0008336369497058795,0.0007840411579918291,0.0007876215727851955,0.0008727324835421672,0.00039983843549377566,1.0,0.007031220716451285,0.02002917343085747,1.5102557970424688,True,0.30622803782742425,0.0007876215727851955,0.048137396486934714,0.09658544755903647,0.03836105593154139,0.058224391627495084,1.0,,,,,0.002141978667394906,4.935530437673972,0.3333807216625716,1.0,31.72793940212749,0.9999343958856364
local_dynamics_counterfactual,expanded_targets_local_fixed,High AD-like perturbation with A1 and expanded target local dynamics held at baseline,1.0,281,5Hz,60.0,0.02,0.5,d695e3c87e6723ff,semantic_expanded_right,0.0006616010572868027,0.011734977598935567,0.0039375295489729525,0.005413567513123408,0.007093465782431668,0.013415887511641935,0.020343220084099313,0.0005240698095723097,0.0005860204568629961,0.00022468147737717277,0.0014375846314733985,0.0010476371732525145,1.0,0.005554197499876864,0.01564714149565982,1.4942487384065364,True,0.3023830881211358,0.0005860204568629961,0.029971354281711365,0.07628870892009826,0.017953445000148748,0.05833526391994951,1.0,,,,,0.0024114051132463343,4.916117798425663,0.16188205827311947,0.0,31.72793940212749,0.9999343958856364
local_dynamics_counterfactual,expanded_targets_local_fixed,High AD-like perturbation with A1 and expanded target local dynamics held at baseline,1.0,281,5Hz,60.0,0.02,0.5,d695e3c87e6723ff,episodic_expanded_right,0.00086739970808424,0.015385277927812115,0.005073603077720455,0.005900391937785319,0.008428273423507293,0.013443759942890675,0.02942704245187965,0.0008476487798228999,0.0008285656966605864,0.0006191555930083277,0.000912229013716495,0.0005940827013608987,1.0,0.00655043617602958,0.020756173418182085,1.6638776146149257,True,0.3130086985408154,0.0008285656966605864,0.0423846249968493,0.1109605589434814,0.02787763625068491,0.08308292269279649,1.0,,,,,0.0016588130107052512,3.9209445390026243,0.22732225952013072,0.5454545454545454,31.72793940212749,0.9999343958856364
local_dynamics_counterfactual,expanded_targets_local_fixed,High AD-like perturbation with A1 and expanded target local dynamics held at baseline,1.0,281,5Hz,60.0,0.02,0.5,d695e3c87e6723ff,shared_auditory_relay,0.00874680923567155,0.06827887645121328,0.024627332908995516,0.031092171887511295,0.043694749127637045,0.06641270029064178,0.12037931584325262,0.004239135873720265,0.004109490287106315,0.004679700023167538,0.004400953403194015,0.005407188370044044,1.0,0.031877836541877105,0.09040181639566723,1.5037980391961074,True,0.28367091029308594,0.004400953403194015,0.06614670572669065,0.14189369988365053,0.0498534948139609,0.09204020506968963,1.0,,,,,0.00452186616519884,5.849423390795602,0.3329687631070358,0.7857142857142857,31.72793940212749,0.9999343958856364
local_dynamics_counterfactual,expanded_targets_local_fixed,High AD-like perturbation with A1 and expanded target local dynamics held at baseline,1.0,281,5Hz,60.0,0.02,0.5,d695e3c87e6723ff,anterior_temporal_context,0.010244851631603788,0.15939753639944257,0.0626786703190464,0.08230189336016737,0.12853329494792368,0.16857826338909698,0.260932054622139,0.010206173598557827,0.009170305327768977,0.021761867401516893,0.022033340479771724,0.023231564320866746,1.0,0.08569166458053722,0.20812903475286215,1.280251458178511,True,0.2574838206020016,0.021761867401516893,0.018805915451873288,0.028382814659569863,0.01894475406260341,0.009438060596966454,1.0,,,,,0.0014772873308019907,-1.1689272517502043,0.17788119599923463,0.1111111111111111,31.72793940212749,0.9999343958856364
local_dynamics_counterfactual,expanded_targets_local_fixed,High AD-like perturbation with A1 and expanded target local dynamics held at baseline,1.0,281,5Hz,60.0,0.02,0.5,d695e3c87e6723ff,hippocampal_context,0.0016914749191819039,0.02758122382952743,0.01116620259991088,0.01324594838748905,0.020750126423096787,0.02685584260018395,0.04798770391896715,0.0007082409192707443,0.0009876690739372357,0.0006902660375863833,0.00045034970014781706,0.0004655182050676891,1.0,0.015696380633019646,0.03554628201428753,1.1792667360794382,True,0.2613368570269442,0.0006902660375863833,0.02763092822155944,0.04266045149788034,0.026324080263576764,0.01633637123430358,1.0,,,,,0.0010852459748098564,2.680301555017492,0.21543090039160395,0.5,31.72793940212749,0.9999343958856364
local_dynamics_counterfactual,expanded_targets_local_fixed,High AD-like perturbation with A1 and expanded target local dynamics held at baseline,1.0,281,5Hz,60.0,0.02,0.5,d695e3c87e6723ff,angular_parietal_context,0.009222102164135996,0.07431145108091977,0.024596981188830407,0.03379445653178213,0.05357544855412568,0.07801511296830176,0.12656732651692212,0.0027058670857378225,0.0028154790529533757,0.0033967522604153124,0.004264691929232635,0.004369819204139658,1.0,0.03663516735249237,0.0975630733318538,1.4131059991057668,True,0.29668353584863694,0.0033967522604153124,0.025031827006604834,0.05508277888947902,0.01600128916070425,0.03908148972877477,1.0,,,,,0.0011880403909398374,2.175704675596852,0.18720650723442545,0.5,31.72793940212749,0.9999343958856364
local_dynamics_counterfactual,expanded_targets_local_fixed,High AD-like perturbation with A1 and expanded target local dynamics held at baseline,1.0,313,pulse,60.0,0.02,0.5,d695e3c87e6723ff,semantic_expanded,0.00021526364210066917,0.005689304967219995,,,,,,,,,,,1.0,,,,False,,,,,,,,2749.0,708.5,0.38461538461538464,0.16197454182809043,,,,,,
local_dynamics_counterfactual,expanded_targets_local_fixed,High AD-like perturbation with A1 and expanded target local dynamics held at baseline,1.0,313,pulse,60.0,0.02,0.5,d695e3c87e6723ff,episodic_expanded,0.00022899208877361446,0.006109890873825646,,,,,,,,,,,1.0,,,,False,,,,,,,,379.5,367.5,0.9473684210526315,0.10305201085971663,,,,,,
local_dynamics_counterfactual,expanded_targets_local_fixed,High AD-like perturbation with A1 and expanded target local dynamics held at baseline,1.0,313,pulse,60.0,0.02,0.5,d695e3c87e6723ff,semantic_anatomical_core,0.00021946212081344288,0.0058291035952194245,,,,,,,,,,,1.0,,,,False,,,,,,,,2769.0,1703.0,0.2,0.16615064634962823,,,,,,
local_dynamics_counterfactual,expanded_targets_local_fixed,High AD-like perturbation with A1 and expanded target local dynamics held at baseline,1.0,313,pulse,60.0,0.02,0.5,d695e3c87e6723ff,episodic_anatomical_core,0.00022719070074412402,0.006057474258295596,,,,,,,,,,,1.0,,,,False,,,,,,,,348.0,348.0,1.0,0.09195569170201426,,,,,,
local_dynamics_counterfactual,expanded_targets_local_fixed,High AD-like perturbation with A1 and expanded target local dynamics held at baseline,1.0,313,pulse,60.0,0.02,0.5,d695e3c87e6723ff,semantic_platel_peaks,0.00020200442028313667,0.005437822071334169,,,,,,,,,,,1.0,,,,False,,,,,,,,1311.5,603.5,0.6,0.14247903595965675,,,,,,
local_dynamics_counterfactual,expanded_targets_local_fixed,High AD-like perturbation with A1 and expanded target local dynamics held at baseline,1.0,313,pulse,60.0,0.02,0.5,d695e3c87e6723ff,episodic_platel_peaks,0.0002475686835572576,0.006576808975682393,,,,,,,,,,,1.0,,,,False,,,,,,,,1619.0,578.0,0.75,0.1155819513020937,,,,,,
local_dynamics_counterfactual,expanded_targets_local_fixed,High AD-like perturbation with A1 and expanded target local dynamics held at baseline,1.0,313,pulse,60.0,0.02,0.5,d695e3c87e6723ff,semantic_expanded_left,0.0002304487917286322,0.006167754441294288,,,,,,,,,,,1.0,,,,False,,,,,,,,2734.0,775.0,0.2857142857142857,0.16197454182809043,,,,,,
local_dynamics_counterfactual,expanded_targets_local_fixed,High AD-like perturbation with A1 and expanded target local dynamics held at baseline,1.0,313,pulse,60.0,0.02,0.5,d695e3c87e6723ff,episodic_expanded_left,0.00023007714516263481,0.0061578076555427646,,,,,,,,,,,1.0,,,,False,,,,,,,,407.0,407.0,1.0,0.10678591987209364,,,,,,
local_dynamics_counterfactual,expanded_targets_local_fixed,High AD-like perturbation with A1 and expanded target local dynamics held at baseline,1.0,313,pulse,60.0,0.02,0.5,d695e3c87e6723ff,semantic_expanded_right,0.0001975476342013789,0.005247970119128438,,,,,,,,,,,1.0,,,,False,,,,,,,,2764.0,642.0,0.5,0.1555743412566676,,,,,,
local_dynamics_counterfactual,expanded_targets_local_fixed,High AD-like perturbation with A1 and expanded target local dynamics held at baseline,1.0,313,pulse,60.0,0.02,0.5,d695e3c87e6723ff,episodic_expanded_right,0.00022820295685432694,0.006062346955000408,,,,,,,,,,,1.0,,,,False,,,,,,,,352.0,328.0,0.9090909090909091,0.08682810735881381,,,,,,
local_dynamics_counterfactual,expanded_targets_local_fixed,High AD-like perturbation with A1 and expanded target local dynamics held at baseline,1.0,313,pulse,60.0,0.02,0.5,d695e3c87e6723ff,shared_auditory_relay,0.0005106914339842015,0.012947478051464458,,,,,,,,,,,1.0,,,,False,,,,,,,,328.0,304.5,0.9285714285714286,0.07307671555461243,,,,,,
local_dynamics_counterfactual,expanded_targets_local_fixed,High AD-like perturbation with A1 and expanded target local dynamics held at baseline,1.0,313,pulse,60.0,0.02,0.5,d695e3c87e6723ff,anterior_temporal_context,0.0007163903024565412,0.018213759092025387,,,,,,,,,,,1.0,,,,False,,,,,,,,1455.0,1090.0,0.8888888888888888,0.09716007546720559,,,,,,
local_dynamics_counterfactual,expanded_targets_local_fixed,High AD-like perturbation with A1 and expanded target local dynamics held at baseline,1.0,313,pulse,60.0,0.02,0.5,d695e3c87e6723ff,hippocampal_context,0.0005575773418706575,0.012442125064861424,,,,,,,,,,,1.0,,,,False,,,,,,,,792.0,792.0,1.0,0.07866372661244067,,,,,,
local_dynamics_counterfactual,expanded_targets_local_fixed,High AD-like perturbation with A1 and expanded target local dynamics held at baseline,1.0,313,pulse,60.0,0.02,0.5,d695e3c87e6723ff,angular_parietal_context,0.0008791406525703278,0.017148267599320813,,,,,,,,,,,1.0,,,,False,,,,,,,,1368.0,913.5,0.6666666666666666,0.12792117437589334,,,,,,
local_dynamics_counterfactual,expanded_targets_local_fixed,High AD-like perturbation with A1 and expanded target local dynamics held at baseline,1.0,313,2Hz,60.0,0.02,0.5,d695e3c87e6723ff,semantic_expanded,0.005373090616658309,0.12472213982643598,0.0036877218224583997,0.0071145547906658465,0.03677088761430698,0.12089140721617006,0.24563162621848664,0.0002904026105617674,0.0003515882257394385,0.00039101662973711,0.0016422080739769672,0.0026732879007423855,1.0,0.009712175670043236,0.17488586427103442,4.170475356409351,True,0.8101019890582649,0.00039101662973711,0.13079374497845223,0.021233521646962687,0.18435247548402858,0.1631189538370659,1.0,,,,,7.960380337335149e-05,0.38131100935494233,0.20148809618838398,0.23076923076923078,31.555640477918057,0.9998565672489427
local_dynamics_counterfactual,expanded_targets_local_fixed,High AD-like perturbation with A1 and expanded target local dynamics held at baseline,1.0,313,2Hz,60.0,0.02,0.5,d695e3c87e6723ff,episodic_expanded,0.006930051986398652,0.16241935096068535,0.0044047499253930065,0.009252584236494691,0.052745215213372304,0.16061545158111487,0.318765970495118,0.0005974110411985238,0.0006812918467625119,0.0006424932198777414,0.0012588637339672403,0.004551631666787475,1.0,0.012203355903298161,0.22777124378070054,4.2222357713777665,True,0.8236098957357854,0.0006812918467625119,0.13585197895551238,0.03409294374342217,0.1908987922764139,0.15680584853299173,1.0,,,,,9.677481822867318e-05,0.8736238327293387,0.250330992658187,0.6842105263157895,31.555640477918057,0.9998565672489427
local_dynamics_counterfactual,expanded_targets_local_fixed,High AD-like perturbation with A1 and expanded target local dynamics held at baseline,1.0,313,2Hz,60.0,0.02,0.5,d695e3c87e6723ff,semantic_anatomical_core,0.005040972684772731,0.11759337498540687,0.0036091055891191172,0.0066239917017266,0.03213326850486515,0.11168229592770589,0.23351430728880984,0.0002451813387024232,0.00030592523037609794,0.00031508787993338584,0.0016954285130716742,0.0022674880354993285,1.0,0.009009082959415875,0.1648983233572363,4.194052659062466,True,0.8053503698583544,0.00031508787993338584,0.1295536477636195,0.02115652938864259,0.18257693545284415,0.16142040606420155,1.0,,,,,6.52820962300793e-05,0.4432794176701816,0.1774974867316177,0.2,31.555640477918057,0.9998565672489427
local_dynamics_counterfactual,expanded_targets_local_fixed,High AD-like perturbation with A1 and expanded target local dynamics held at baseline,1.0,313,2Hz,60.0,0.02,0.5,d695e3c87e6723ff,episodic_anatomical_core,0.006835580948647656,0.15923601708631335,0.004355921053258434,0.009214469291050211,0.052861738718137624,0.15868622791583964,0.31183898662725357,0.0006268087337703117,0.0007112861964532135,0.0006816857089757272,0.0010974280912964744,0.004766999106919489,1.0,0.012078532491038858,0.2233013370636307,4.208474802739973,True,0.8214745709619602,0.0007112861964532135,0.13633363571205265,0.036176690648353035,0.1914830374233834,0.15530634677503036,1.0,,,,,0.00010345839384406919,0.8137425624299077,0.25635271881023963,0.75,31.555640477918057,0.9998565672489427
local_dynamics_counterfactual,expanded_targets_local_fixed,High AD-like perturbation with A1 and expanded target local dynamics held at baseline,1.0,313,2Hz,60.0,0.02,0.5,d695e3c87e6723ff,semantic_platel_peaks,0.0058683008105318984,0.13779819383569078,0.003912573906410573,0.007984403329812878,0.041361026921074066,0.1335183981044303,0.27008989161414804,0.0003376099818927943,0.0003933232513014956,0.00045178465336775004,0.0014484432311823365,0.003248456920629731,1.0,0.010626290246810626,0.1932235683286145,4.184561147377038,True,0.8141032902799588,0.00045178465336775004,0.1333313341785755,0.021241757364653564,0.18798082464984112,0.16673906728518756,1.0,,,,,7.960380337335149e-05,-0.42783953795616614,0.2322760738655669,0.4,31.555640477918057,0.9998565672489427
local_dynamics_counterfactual,expanded_targets_local_fixed,High AD-like perturbation with A1 and expanded target local dynamics held at baseline,1.0,313,2Hz,60.0,0.02,0.5,d695e3c87e6723ff,episodic_platel_peaks,0.007786858729830496,0.18237075896556956,0.005289158330791811,0.009851000662529322,0.049440904204395675,0.17269065071097653,0.36389882292075215,0.0005502837595343754,0.0006304712107010403,0.0005111781534493505,0.001741717522095476,0.0034500603287532807,1.0,0.012488957406926581,0.25602075708065614,4.357535833400971,True,0.817024335536948,0.0006304712107010403,0.12890055276053858,0.030852237928159547,0.18127006679207242,0.15041782886391286,1.0,,,,,6.344115601797373e-05,1.4650531399743687,0.1898712661959755,0.5,31.555640477918057,0.9998565672489427
local_dynamics_counterfactual,expanded_targets_local_fixed,High AD-like perturbation with A1 and expanded target local dynamics held at baseline,1.0,313,2Hz,60.0,0.02,0.5,d695e3c87e6723ff,semantic_expanded_left,0.0056147775094092045,0.13046098210680454,0.003591995711177473,0.007334850133133667,0.04675779956301595,0.13694497607760797,0.25038692932153606,0.0003070480014852581,0.0003767622668936737,0.0005029889175784832,0.0018301471216740676,0.0036421649872192974,1.0,0.010932897134801488,0.18274423598402548,4.0630782421928835,True,0.8234572335896051,0.0005029889175784832,0.1351414221658001,0.018660098969257684,0.19060922057937527,0.17194912161011758,1.0,,,,,0.00010246493075216634,-0.7801658291522349,0.2322760738655669,0.2857142857142857,31.555640477918057,0.9998565672489427
local_dynamics_counterfactual,expanded_targets_local_fixed,High AD-like perturbation with A1 and expanded target local dynamics held at baseline,1.0,313,2Hz,60.0,0.02,0.5,d695e3c87e6723ff,episodic_expanded_left,0.007196026111049306,0.16720175147465172,0.004066339967628411,0.009291535527126816,0.06131656594602002,0.16994452661806364,0.32430924098510633,0.0006094541600918307,0.0006947076533433455,0.0006733097691896523,0.0015306046971907633,0.005182985870738302,1.0,0.013252471378385358,0.23425444379042087,4.143743086057356,True,0.8413997010820863,0.0006947076533433455,0.1412412043826085,0.030580744407113218,0.19864544329639738,0.16806469888928416,1.0,,,,,0.00011758536838263334,0.31629050162287203,0.2519993464934678,0.625,31.555640477918057,0.9998565672489427
local_dynamics_counterfactual,expanded_targets_local_fixed,High AD-like perturbation with A1 and expanded target local dynamics held at baseline,1.0,313,2Hz,60.0,0.02,0.5,d695e3c87e6723ff,semantic_expanded_right,0.0050911225751155975,0.11923574322129604,0.0037859990192967135,0.006900875812136225,0.028917061721900707,0.10671974071121493,0.2409666349686283,0.000274659583560711,0.0003280962329316579,0.000303970921401288,0.0014735686144009487,0.0019621483994638534,1.0,0.008627754846930829,0.16736541843377353,4.277872470625818,True,0.7967467445269243,0.0003280962329316579,0.12644606779110434,0.02380694432466769,0.1780957303886819,0.15428878606401422,1.0,,,,,5.4391485388105565e-05,0.6589732789157932,0.1397097900644148,0.16666666666666666,31.555640477918057,0.9998565672489427
local_dynamics_counterfactual,expanded_targets_local_fixed,High AD-like perturbation with A1 and expanded target local dynamics held at baseline,1.0,313,2Hz,60.0,0.02,0.5,d695e3c87e6723ff,episodic_expanded_right,0.006736616259379993,0.15777373941258965,0.004771323120965044,0.009213796234593197,0.04537204073617142,0.15179849448510233,0.31331744860875205,0.0005856059003553727,0.0006681351187528563,0.0006130871056359118,0.0010353672006929915,0.00399718450846392,1.0,0.011237292354802007,0.22146747209552303,4.3007284566981765,True,0.8058200903894845,0.0006681351187528563,0.13046275352841627,0.03760514307973113,0.18315214125643042,0.1455469981766993,1.0,,,,,8.476386789380008e-05,1.3958169898346284,0.24109784011765736,0.7272727272727273,31.555640477918057,0.9998565672489427
local_dynamics_counterfactual,expanded_targets_local_fixed,High AD-like perturbation with A1 and expanded target local dynamics held at baseline,1.0,313,2Hz,60.0,0.02,0.5,d695e3c87e6723ff,shared_auditory_relay,0.0340506839500159,0.47667442769290314,0.02982607020882535,0.04847898105107405,0.12326120602418834,0.42287799799194525,0.9329918715763287,0.003312522066573734,0.00380107241690935,0.004948768306986467,0.007375928639472946,0.014661921698159969,1.0,0.04908860135547264,0.6605300921122234,3.7501643217965004,True,0.652962381125769,0.004948768306986467,0.10421434449372591,0.07473547038746127,0.14333095463323192,0.06859548424577065,1.0,,,,,0.00012843548692309525,2.877112668134872,0.29262099785434603,0.7142857142857143,31.555640477918057,0.9998565672489427
local_dynamics_counterfactual,expanded_targets_local_fixed,High AD-like perturbation with A1 and expanded target local dynamics held at baseline,1.0,313,2Hz,60.0,0.02,0.5,d695e3c87e6723ff,anterior_temporal_context,0.060911015552038705,1.1112574060200509,0.08197340696554796,0.14015450263434914,0.661724468049453,1.3553238336520868,1.030012095111948,0.0031747786061371566,0.006391433315984535,0.020455422889534197,0.03573988659942909,0.04150608289708295,1.0,0.18286479789947838,1.5344755677615434,3.068896391911633,True,0.5288135310126035,0.020455422889534197,0.053143925051440215,0.05704201937930458,0.06877423312230665,0.011732213743002075,1.0,,,,,0.00020183857183958542,-0.06910126944920897,0.20457778602243473,0.2777777777777778,31.555640477918057,0.9998565672489427
local_dynamics_counterfactual,expanded_targets_local_fixed,High AD-like perturbation with A1 and expanded target local dynamics held at baseline,1.0,313,2Hz,60.0,0.02,0.5,d695e3c87e6723ff,hippocampal_context,0.011393602540002273,0.2574347806213462,0.010332983849631284,0.0223885559074196,0.12209742540422958,0.32151859224281326,0.4579913844732616,0.0005373930197103004,0.0010174138686155315,0.0013962688936354061,0.0013963646175864342,0.008915972523813367,1.0,0.028852902329303792,0.36029505714441,3.6423905069266067,True,0.7392026026200308,0.0013962688936354061,0.11174373590113318,0.005760350699702448,0.15837405787868708,0.15261370717898462,1.0,,,,,9.91518968828653e-05,-0.10414433763971012,0.17445641618816032,0.0,31.555640477918057,0.9998565672489427
local_dynamics_counterfactual,expanded_targets_local_fixed,High AD-like perturbation with A1 and expanded target local dynamics held at baseline,1.0,313,2Hz,60.0,0.02,0.5,d695e3c87e6723ff,angular_parietal_context,0.030253140259768458,0.5060338933370867,0.023222775386375474,0.046698479870849706,0.18105723331610538,0.5026834280210905,0.9578657009686622,0.0016183038276317255,0.0022220858735690296,0.0019351632788752945,0.008884165811928196,0.02043425939025323,1.0,0.05695979366397569,0.7022932084029551,3.624057658226567,True,0.7080312406370781,0.0022220858735690296,0.10635793651969813,0.013380879668425858,0.15079016565915626,0.1374092859907304,1.0,,,,,0.0001301691268918992,-0.5563267906039533,0.19947703431937966,0.16666666666666666,31.555640477918057,0.9998565672489427
local_dynamics_counterfactual,expanded_targets_local_fixed,High AD-like perturbation with A1 and expanded target local dynamics held at baseline,1.0,313,5Hz,60.0,0.02,0.5,d695e3c87e6723ff,semantic_expanded,0.004676394659805092,0.08178356946686345,0.002966813029364891,0.005818352378082355,0.024358040353718056,0.08014548444266048,0.1601034313738767,0.000408756410206312,0.0003146113633363042,0.0018317091270853459,0.0031103882540631437,0.00201940304156823,1.0,0.0071991813107273525,0.11491792307691888,3.9966271610934623,True,0.7645915738054732,0.0018317091270853459,0.09233587799719917,-0.006737921712357059,0.1313159491702619,0.13805387088261897,1.0,,,,,0.00012615073868804672,1.5274274682581965,0.2251620147537302,0.46153846153846156,31.822116048015303,0.9997090877091471
local_dynamics_counterfactual,expanded_targets_local_fixed,High AD-like perturbation with A1 and expanded target local dynamics held at baseline,1.0,313,5Hz,60.0,0.02,0.5,d695e3c87e6723ff,episodic_expanded,0.006024020749646426,0.10648941320300942,0.0035643220515348887,0.007559109879960537,0.03448621769877005,0.10510586209675034,0.20842501946285236,0.0008617926776884932,0.0007360436257784428,0.0030371518812193484,0.004078000734928,0.0045357459715911685,1.0,0.008946521097135526,0.14966038973513276,4.064221835280327,True,0.7768498445757109,0.0030371518812193484,0.10356736722338,0.034195348878510695,0.14476683237971905,0.11057148350120835,1.0,,,,,0.00040701462581549386,4.892028487229315,0.2094503278098436,0.5789473684210527,31.822116048015303,0.9997090877091471
local_dynamics_counterfactual,expanded_targets_local_fixed,High AD-like perturbation with A1 and expanded target local dynamics held at baseline,1.0,313,5Hz,60.0,0.02,0.5,d695e3c87e6723ff,semantic_anatomical_core,0.004376337913094119,0.07696003888590233,0.0028747086397933547,0.005350492018719639,0.021322820598621648,0.07420895972382285,0.1518305304371902,0.0003493712563518998,0.00025405017345287486,0.001566902994704055,0.0027507643771554737,0.001540163723841485,1.0,0.006698907052299079,0.10814499982279675,4.012897417820952,True,0.7619827324920294,0.001540163723841485,0.08878854155063995,-0.011137768486429302,0.12650398109336014,0.13764174957978945,1.0,,,,,9.181330125218601e-05,0.5603146654507548,0.22841520052682435,0.5,31.822116048015303,0.9997090877091471
local_dynamics_counterfactual,expanded_targets_local_fixed,High AD-like perturbation with A1 and expanded target local dynamics held at baseline,1.0,313,5Hz,60.0,0.02,0.5,d695e3c87e6723ff,episodic_anatomical_core,0.005950059388286401,0.10446803226277986,0.003510025132128141,0.007541314962613624,0.03462100285552407,0.10381714155604246,0.2040370055301796,0.0009279690626681947,0.0007917365886778029,0.00307947471195084,0.0040230439027985855,0.004863230645214868,1.0,0.008849877400284277,0.1468154560788556,4.052202577180216,True,0.7752748040109606,0.00307947471195084,0.10495629929516896,0.04014937840959753,0.1464040525918101,0.10625467418221257,1.0,,,,,0.00043624627651872583,4.929492855744149,0.21241113826737928,0.5625,31.822116048015303,0.9997090877091471
local_dynamics_counterfactual,expanded_targets_local_fixed,High AD-like perturbation with A1 and expanded target local dynamics held at baseline,1.0,313,5Hz,60.0,0.02,0.5,d695e3c87e6723ff,semantic_platel_peaks,0.005119373552359547,0.09045441417505903,0.0031800858101569797,0.006605017620396744,0.02732550389074361,0.08809569135678597,0.17648113252718467,0.0004949295368987687,0.0003470807109387637,0.001792376208671536,0.003081422024290067,0.002606554674745382,1.0,0.007877987177728299,0.12710500269009398,4.012049935051425,True,0.7663023021505195,0.001792376208671536,0.09555431736331937,0.00029762088124475963,0.13546343418403928,0.1351658133027945,1.0,,,,,0.00012615073868804672,1.5274274682581965,0.20765050723819206,0.2,31.822116048015303,0.9997090877091471
local_dynamics_counterfactual,expanded_targets_local_fixed,High AD-like perturbation with A1 and expanded target local dynamics held at baseline,1.0,313,5Hz,60.0,0.02,0.5,d695e3c87e6723ff,episodic_platel_peaks,0.006733385252701189,0.11890378224436489,0.0041913707836887,0.007817181704096014,0.03194033181781495,0.11260017254163861,0.23655347263326915,0.0006866314540553126,0.0005680316540142081,0.002559355289297395,0.0038298328486555343,0.003072071466002142,1.0,0.009157619455071257,0.16733528142433227,4.191625233899492,True,0.7742808704348133,0.002559355289297395,0.09120830158866385,0.023017934576353285,0.1279729804991378,0.10495504592278451,1.0,,,,,0.00015474670238668775,3.498343428819231,0.23017002447226614,0.75,31.822116048015303,0.9997090877091471
local_dynamics_counterfactual,expanded_targets_local_fixed,High AD-like perturbation with A1 and expanded target local dynamics held at baseline,1.0,313,5Hz,60.0,0.02,0.5,d695e3c87e6723ff,semantic_expanded_left,0.004905960708698912,0.08591567614439548,0.0031346778467636863,0.006147262761025432,0.030961822734551923,0.09101332763045025,0.1638193965363575,0.0004956429309832709,0.00041474766492174573,0.0036039664788797394,0.004794995390549037,0.0031945989159729614,1.0,0.008084156715202915,0.12056391324592866,3.8985570500537796,True,0.7651676073346622,0.0031945989159729614,0.10062760499885971,-0.021402660285622908,0.14400829571073376,0.16541095599635666,1.0,,,,,0.0003166198972167633,3.838149371353738,0.20765050723819206,0.42857142857142855,31.822116048015303,0.9997090877091471
local_dynamics_counterfactual,expanded_targets_local_fixed,High AD-like perturbation with A1 and expanded target local dynamics held at baseline,1.0,313,5Hz,60.0,0.02,0.5,d695e3c87e6723ff,episodic_expanded_left,0.006285963341400672,0.11008298328556121,0.0034414723793981766,0.007843392146633921,0.04024895164919251,0.11179740208897809,0.2129245380221277,0.0009458028111553604,0.0008080723304518343,0.004013932010892562,0.005265417195528103,0.005403161601666196,1.0,0.009726867156618494,0.15451871142726042,3.98966252696475,True,0.7867805038536588,0.004013932010892562,0.11159891910956016,0.025706726164324317,0.15655361988003463,0.13084689371571032,1.0,,,,,0.0005511678500451644,4.972463623125227,0.1814368141320905,0.375,31.822116048015303,0.9997090877091471
local_dynamics_counterfactual,expanded_targets_local_fixed,High AD-like perturbation with A1 and expanded target local dynamics held at baseline,1.0,313,5Hz,60.0,0.02,0.5,d695e3c87e6723ff,semantic_expanded_right,0.004408567602762302,0.07785019608645184,0.0028079375238819647,0.005507040403441206,0.019162764897922062,0.07057536345259058,0.15647175657859733,0.00033710115173697533,0.00023865187995453444,0.0009309626895560584,0.002017627610254326,0.0012765260214373446,1.0,0.006411084466888035,0.10953633378981757,4.094697272133145,True,0.7640155402762843,0.0009309626895560584,0.08404415099553864,0.00792681686090879,0.11862360262979005,0.11069678576888126,1.0,,,,,7.831441625238966e-05,0.8009263651245655,0.228868202869408,0.5,31.822116048015303,0.9997090877091471
local_dynamics_counterfactual,expanded_targets_local_fixed,High AD-like perturbation with A1 and expanded target local dynamics held at baseline,1.0,313,5Hz,60.0,0.02,0.5,d695e3c87e6723ff,episodic_expanded_right,0.005833517046552431,0.10301315231351164,0.0036915570681638143,0.007285131370339469,0.029548576110325128,0.09881483863380604,0.20402058467106254,0.0007852446731578885,0.0006704353046541646,0.0022980687078312193,0.003158361318111164,0.0038075839731429306,1.0,0.008228778953460768,0.14495482164446985,4.1387811435959065,True,0.766919185297763,0.0022980687078312193,0.09553581533719986,0.04268397159269707,0.13298004487940343,0.09029607328670636,1.0,,,,,0.00033436846975154477,4.565060982351091,0.23648468171398612,0.7272727272727273,31.822116048015303,0.9997090877091471
local_dynamics_counterfactual,expanded_targets_local_fixed,High AD-like perturbation with A1 and expanded target local dynamics held at baseline,1.0,313,5Hz,60.0,0.02,0.5,d695e3c87e6723ff,shared_auditory_relay,0.030748991495926515,0.31869148248966744,0.022500151161522097,0.037042841629310895,0.08356086994777726,0.28170032357153135,0.621808165136926,0.0043641403210546315,0.00401992285103839,0.007106575463408441,0.011683730018872164,0.01464744666539749,1.0,0.036377246182602,0.44226975987652273,3.6038183637211314,True,0.6251910232726776,0.007106575463408441,0.07870931417318552,0.08506616768113805,0.10354608011186647,0.018479912430728426,1.0,,,,,0.0005687474317480623,5.304681817053364,0.2751692898727947,0.7857142857142857,31.822116048015303,0.9997090877091471
local_dynamics_counterfactual,expanded_targets_local_fixed,High AD-like perturbation with A1 and expanded target local dynamics held at baseline,1.0,313,5Hz,60.0,0.02,0.5,d695e3c87e6723ff,anterior_temporal_context,0.05495990862943172,0.7429842217954911,0.08043049840054306,0.10410891390565659,0.43683921605655296,0.9012917083922641,0.6950764731520429,0.014981538292747723,0.01860993538928246,0.08390431820876591,0.14479292536464408,0.08455032382139056,1.0,0.13435332566580374,1.0261857296094647,2.933187930181627,True,0.4668307408310141,0.08390431820876591,0.011210363695069154,0.016403238225103485,0.013664077415738763,0.002739160809364722,1.0,,,,,0.0030185378442263433,2.455652117817812,0.17639795230236863,0.3333333333333333,31.822116048015303,0.9997090877091471
local_dynamics_counterfactual,expanded_targets_local_fixed,High AD-like perturbation with A1 and expanded target local dynamics held at baseline,1.0,313,5Hz,60.0,0.02,0.5,d695e3c87e6723ff,hippocampal_context,0.01008184792737957,0.17143661441569596,0.007791893087100622,0.01769106799227757,0.08145720324434642,0.21547978774007973,0.3011464477265207,0.0009316116404160719,0.0011575828468553169,0.004853698293050035,0.0054569798575445,0.008810451148351451,1.0,0.020813209657281336,0.24041232338472576,3.529939480622019,True,0.7075577298384635,0.004853698293050035,0.08791579233058174,0.000788766226716836,0.12482030398235427,0.12403153775563744,1.0,,,,,0.0005376722676529999,4.038113225631941,0.1468006494575358,0.0,31.822116048015303,0.9997090877091471
local_dynamics_counterfactual,expanded_targets_local_fixed,High AD-like perturbation with A1 and expanded target local dynamics held at baseline,1.0,313,5Hz,60.0,0.02,0.5,d695e3c87e6723ff,angular_parietal_context,0.027501082048637954,0.34205595606235184,0.019241393707128397,0.03912289389880933,0.12272268522619371,0.3299698190849019,0.6465085478663725,0.002883975645079835,0.0030813658593724807,0.010675619914462088,0.017479074555411766,0.022019310973279214,1.0,0.04366160724246435,0.4751293501116262,3.4438831849761398,True,0.6608508777850908,0.010675619914462088,0.08254233610401221,0.00736280652751296,0.11395404479925948,0.10659123827174652,1.0,,,,,0.000522958033388421,4.6283894157691226,0.12226176507903838,0.0,31.822116048015303,0.9997090877091471
local_dynamics_counterfactual,expanded_targets_local_fixed,High AD-like perturbation with A1 and expanded target local dynamics held at baseline,1.0,347,pulse,60.0,0.02,0.5,d695e3c87e6723ff,semantic_expanded,0.0022101840897055898,0.0584441215835986,,,,,,,,,,,1.0,,,,False,,,,,,,,3203.5,,0.0,0.49852051713080026,,,,,,
local_dynamics_counterfactual,expanded_targets_local_fixed,High AD-like perturbation with A1 and expanded target local dynamics held at baseline,1.0,347,pulse,60.0,0.02,0.5,d695e3c87e6723ff,episodic_expanded,0.0016658600756023175,0.044352669990379866,,,,,,,,,,,1.0,,,,False,,,,,,,,3210.0,,0.0,0.5167547953926735,,,,,,
local_dynamics_counterfactual,expanded_targets_local_fixed,High AD-like perturbation with A1 and expanded target local dynamics held at baseline,1.0,347,pulse,60.0,0.02,0.5,d695e3c87e6723ff,semantic_anatomical_core,0.002380637479756121,0.0632007886497187,,,,,,,,,,,1.0,,,,False,,,,,,,,3202.0,,0.0,0.4984108052839685,,,,,,
local_dynamics_counterfactual,expanded_targets_local_fixed,High AD-like perturbation with A1 and expanded target local dynamics held at baseline,1.0,347,pulse,60.0,0.02,0.5,d695e3c87e6723ff,episodic_anatomical_core,0.001529613109750991,0.04069340543283762,,,,,,,,,,,1.0,,,,False,,,,,,,,3209.5,,0.0,0.5166884218591723,,,,,,
local_dynamics_counterfactual,expanded_targets_local_fixed,High AD-like perturbation with A1 and expanded target local dynamics held at baseline,1.0,347,pulse,60.0,0.02,0.5,d695e3c87e6723ff,semantic_platel_peaks,0.0018846185440204882,0.05099772602449138,,,,,,,,,,,1.0,,,,False,,,,,,,,3207.5,,0.0,0.512933627241259,,,,,,
local_dynamics_counterfactual,expanded_targets_local_fixed,High AD-like perturbation with A1 and expanded target local dynamics held at baseline,1.0,347,pulse,60.0,0.02,0.5,d695e3c87e6723ff,episodic_platel_peaks,0.0022078010734257387,0.05868219923707857,,,,,,,,,,,1.0,,,,False,,,,,,,,3214.0,,0.0,0.5306008784677747,,,,,,
local_dynamics_counterfactual,expanded_targets_local_fixed,High AD-like perturbation with A1 and expanded target local dynamics held at baseline,1.0,347,pulse,60.0,0.02,0.5,d695e3c87e6723ff,semantic_expanded_left,0.0023653139730299157,0.06333015365958576,,,,,,,,,,,1.0,,,,False,,,,,,,,3200.0,,0.0,0.4904585105134734,,,,,,
local_dynamics_counterfactual,expanded_targets_local_fixed,High AD-like perturbation with A1 and expanded target local dynamics held at baseline,1.0,347,pulse,60.0,0.02,0.5,d695e3c87e6723ff,episodic_expanded_left,0.0016427708046479386,0.04398440489173882,,,,,,,,,,,1.0,,,,False,,,,,,,,3210.0,,0.0,0.516303886987259,,,,,,
local_dynamics_counterfactual,expanded_targets_local_fixed,High AD-like perturbation with A1 and expanded target local dynamics held at baseline,1.0,347,pulse,60.0,0.02,0.5,d695e3c87e6723ff,semantic_expanded_right,0.002029199225827208,0.05393505542460416,,,,,,,,,,,1.0,,,,False,,,,,,,,3207.0,,0.0,0.5116094642275797,,,,,,
local_dynamics_counterfactual,expanded_targets_local_fixed,High AD-like perturbation with A1 and expanded target local dynamics held at baseline,1.0,347,pulse,60.0,0.02,0.5,d695e3c87e6723ff,episodic_expanded_right,0.0016826522726600473,0.044724018436021105,,,,,,,,,,,1.0,,,,False,,,,,,,,3210.0,,0.0,0.5227130118399228,,,,,,
local_dynamics_counterfactual,expanded_targets_local_fixed,High AD-like perturbation with A1 and expanded target local dynamics held at baseline,1.0,347,pulse,60.0,0.02,0.5,d695e3c87e6723ff,shared_auditory_relay,0.002699077843487392,0.06345163589146857,,,,,,,,,,,1.0,,,,False,,,,,,,,3205.0,2824.0,0.21428571428571427,0.4961249596194115,,,,,,
local_dynamics_counterfactual,expanded_targets_local_fixed,High AD-like perturbation with A1 and expanded target local dynamics held at baseline,1.0,347,pulse,60.0,0.02,0.5,d695e3c87e6723ff,anterior_temporal_context,0.0031729458281695845,0.08180481717949001,,,,,,,,,,,1.0,,,,False,,,,,,,,3075.0,2787.0,0.16666666666666666,0.4353046399228109,,,,,,
local_dynamics_counterfactual,expanded_targets_local_fixed,High AD-like perturbation with A1 and expanded target local dynamics held at baseline,1.0,347,pulse,60.0,0.02,0.5,d695e3c87e6723ff,hippocampal_context,0.0027273504635141363,0.06673608505361779,,,,,,,,,,,1.0,,,,False,,,,,,,,3181.0,,0.0,0.4726015166406232,,,,,,
local_dynamics_counterfactual,expanded_targets_local_fixed,High AD-like perturbation with A1 and expanded target local dynamics held at baseline,1.0,347,pulse,60.0,0.02,0.5,d695e3c87e6723ff,angular_parietal_context,0.0029386030387540895,0.0760469151363401,,,,,,,,,,,1.0,,,,False,,,,,,,,3062.0,1726.0,0.16666666666666666,0.5037678865805315,,,,,,
local_dynamics_counterfactual,expanded_targets_local_fixed,High AD-like perturbation with A1 and expanded target local dynamics held at baseline,1.0,347,2Hz,60.0,0.02,0.5,d695e3c87e6723ff,semantic_expanded,0.003485794189256609,0.08019496353404426,0.03448792843615507,0.046480172574102856,0.05493115681929671,0.07644308413653682,0.14151107073040162,0.00029570348615541917,0.0003211483887375445,0.0002681217678116016,0.0024884837619661535,0.0023650953873549214,1.0,0.04700643860874839,0.10252030954935527,1.1249794542378277,True,0.23956368239231468,0.0003211483887375445,0.06956577176338612,0.029596798698852105,0.09557228323003102,0.06597548453117891,1.0,,,,,2.7503554636543193e-05,1.3084437513851181,0.19227724652078235,0.38461538461538464,31.505288627458036,0.9999448426732781
local_dynamics_counterfactual,expanded_targets_local_fixed,High AD-like perturbation with A1 and expanded target local dynamics held at baseline,1.0,347,2Hz,60.0,0.02,0.5,d695e3c87e6723ff,episodic_expanded,0.0043965500245678165,0.10428082569144047,0.0301311140298978,0.05201703697258688,0.06328922571587256,0.10666492808938151,0.19048406967751783,0.0005671577340100482,0.0006160455731296561,0.00048023855870748714,0.0035657856300565227,0.0034166530120066534,1.0,0.049779013467690245,0.1385329514493214,1.4766196325088434,True,0.3178359310923818,0.0006160455731296561,0.07410971842226657,0.03571444558741925,0.09905070654403995,0.0633362609566207,1.0,,,,,3.0314526444530365e-05,5.859080094806539,0.11217015612602865,0.05263157894736842,31.505288627458036,0.9999448426732781
local_dynamics_counterfactual,expanded_targets_local_fixed,High AD-like perturbation with A1 and expanded target local dynamics held at baseline,1.0,347,2Hz,60.0,0.02,0.5,d695e3c87e6723ff,semantic_anatomical_core,0.0031920500333400713,0.07483924311757519,0.036513600162728296,0.046903440513366576,0.05592174493441882,0.07430888254208605,0.1277490417275379,0.0002627516384515835,0.0002815306825160206,0.000256390641023827,0.002336612758443345,0.0023703112319240676,1.0,0.048525588548233085,0.09400586827097066,0.9540051082038967,False,0.2138727102410293,0.0002815306825160206,0.06761957867977811,0.028699241544549774,0.09347767489363681,0.06477843334908703,1.0,,,,,2.6149175833434235e-05,1.988583231884744,0.1997494879051939,0.5,31.505288627458036,0.9999448426732781
local_dynamics_counterfactual,expanded_targets_local_fixed,High AD-like perturbation with A1 and expanded target local dynamics held at baseline,1.0,347,2Hz,60.0,0.02,0.5,d695e3c87e6723ff,episodic_anatomical_core,0.0044117614579247295,0.1030505789054101,0.028224628545616633,0.05036258149700272,0.06052929255506804,0.10563850814417867,0.1897677852563238,0.0005925675812276235,0.0006426460583499529,0.0004986208245747393,0.0035760683909233587,0.0034671243339262636,1.0,0.04772672376300795,0.1376221954808991,1.5278439542722868,True,0.3283564449871603,0.0006426460583499529,0.07482887600735877,0.03648336205952933,0.09973844222829445,0.06325508016876512,1.0,,,,,3.1879199680395764e-05,6.09037543959097,0.10399373647078493,0.0625,31.505288627458036,0.9999448426732781
local_dynamics_counterfactual,expanded_targets_local_fixed,High AD-like perturbation with A1 and expanded target local dynamics held at baseline,1.0,347,2Hz,60.0,0.02,0.5,d695e3c87e6723ff,semantic_platel_peaks,0.0038320965334071463,0.08692802370056785,0.03140705076052893,0.04578284624929008,0.05344830945825723,0.07927265216913798,0.15753715734562554,0.0003281865915129777,0.0003616441489344838,0.0002704992773902299,0.002557106171765256,0.0022462876956272832,1.0,0.04457839487755426,0.11282587352556199,1.3396813723845473,True,0.27225398128869854,0.0003616441489344838,0.06893672874808762,0.030249666311543702,0.09352337597520384,0.06327370966366014,1.0,,,,,2.7503554636543193e-05,1.2029086790757928,0.19546264708310118,0.4,31.505288627458036,0.9999448426732781
local_dynamics_counterfactual,expanded_targets_local_fixed,High AD-like perturbation with A1 and expanded target local dynamics held at baseline,1.0,347,2Hz,60.0,0.02,0.5,d695e3c87e6723ff,episodic_platel_peaks,0.004556347465404528,0.10741027640484961,0.0392495794028885,0.06001734964601176,0.07787984467181394,0.11360527636470905,0.18661683187918385,0.0005259150703327707,0.0006071554570110971,0.00043186650848969945,0.003378866582141081,0.0032723307194801347,1.0,0.05976332446186207,0.13923127935145127,1.220151051415622,True,0.2709619179218244,0.0006071554570110971,0.06148654372952207,0.0342342635871703,0.08126605154679994,0.047031787959629645,1.0,,,,,2.9311490110595084e-05,4.294313819414504,0.1423712607887553,0.0,31.505288627458036,0.9999448426732781
local_dynamics_counterfactual,expanded_targets_local_fixed,High AD-like perturbation with A1 and expanded target local dynamics held at baseline,1.0,347,2Hz,60.0,0.02,0.5,d695e3c87e6723ff,semantic_expanded_left,0.003927134202017111,0.09182850643137287,0.035859027370886906,0.04869251363208829,0.053438734944595105,0.0816493402701557,0.1704017689576905,0.00033750370091354743,0.00036367409859511816,0.00022832783217449724,0.0028722778746171043,0.0025586147331958546,1.0,0.04774939933589781,0.1199222422194436,1.3285447731433506,True,0.26214026750967045,0.00036367409859511816,0.07826839283223594,0.028381710815883636,0.10937550090842096,0.08099379009253732,1.0,,,,,2.458633548640954e-05,0.8049476831524578,0.16124671701207033,0.2857142857142857,31.505288627458036,0.9999448426732781
local_dynamics_counterfactual,expanded_targets_local_fixed,High AD-like perturbation with A1 and expanded target local dynamics held at baseline,1.0,347,2Hz,60.0,0.02,0.5,d695e3c87e6723ff,episodic_expanded_left,0.004857397145144691,0.11358092238191046,0.02938650097676239,0.053214926345929996,0.06263881871102076,0.11217072952713944,0.2130999753298031,0.0005815169041135861,0.0006082930117255117,0.0005214923532359016,0.004141747242465113,0.0036768052444264253,1.0,0.0498850581484132,0.15257497282071086,1.6128386721217773,True,0.3396201626295606,0.0006082930117255117,0.08403519631357949,0.03488629475383055,0.11404192283645674,0.07915562808262619,1.0,,,,,2.873107844603151e-05,4.412256610753987,0.08488271411268268,0.0,31.505288627458036,0.9999448426732781
local_dynamics_counterfactual,expanded_targets_local_fixed,High AD-like perturbation with A1 and expanded target local dynamics held at baseline,1.0,347,2Hz,60.0,0.02,0.5,d695e3c87e6723ff,semantic_expanded_right,0.002970897507702689,0.070035247508169,0.03316925457891846,0.04436834908220223,0.05646525862999225,0.07156879765312157,0.11751863411838692,0.0002590802752319048,0.00028359536185595496,0.00031485115804663594,0.0021559722644852843,0.002186212765335214,1.0,0.04627503804046512,0.08764357366553242,0.9214141353323054,False,0.216987097274959,0.00031485115804663594,0.0608631506945363,0.030811886581820574,0.08176906555164107,0.050957178969820494,1.0,,,,,2.874504012012613e-05,3.8278402131355462,0.2013421881863533,0.5,31.505288627458036,0.9999448426732781
local_dynamics_counterfactual,expanded_targets_local_fixed,High AD-like perturbation with A1 and expanded target local dynamics held at baseline,1.0,347,2Hz,60.0,0.02,0.5,d695e3c87e6723ff,episodic_expanded_right,0.004061388482330087,0.09574222834996561,0.030894594541916395,0.05084611257033929,0.06394638618895167,0.10142937406465022,0.17026834820020245,0.0005531531292933525,0.0006238969392334542,0.0004422482359297754,0.0030699186635903706,0.0031749078421136755,1.0,0.04967319421467504,0.1257832676123863,1.3404005928959095,True,0.2960516995552031,0.0006238969392334542,0.06418424053095366,0.03654259642100794,0.08405949025162317,0.04751689383061523,1.0,,,,,4.193197724489117e-05,6.767103575202203,0.15187945093009395,0.09090909090909091,31.505288627458036,0.9999448426732781
local_dynamics_counterfactual,expanded_targets_local_fixed,High AD-like perturbation with A1 and expanded target local dynamics held at baseline,1.0,347,2Hz,60.0,0.02,0.5,d695e3c87e6723ff,shared_auditory_relay,0.0260689927102083,0.34457162396515945,0.06841341136410145,0.13286028183658888,0.19166919050276537,0.3052654812462545,0.6558758284200595,0.0031524958659820243,0.0037648118423846055,0.004635327950719316,0.009662024826525803,0.013656647146260725,1.0,0.12190215919316681,0.4669720823554483,1.9376126219251661,True,0.38611489226948437,0.004635327950719316,0.05989321805308451,0.040277331327281576,0.076717621710893,0.03644029038361142,1.0,,,,,7.683563402799409e-05,3.9166759824056334,0.10688161981676772,0.07142857142857142,31.505288627458036,0.9999448426732781
local_dynamics_counterfactual,expanded_targets_local_fixed,High AD-like perturbation with A1 and expanded target local dynamics held at baseline,1.0,347,2Hz,60.0,0.02,0.5,d695e3c87e6723ff,anterior_temporal_context,0.08941790666733923,1.200433101620288,0.10905802151466887,0.21804712870502857,0.399881454169741,1.318665221244443,1.9324332056632403,0.003318125857512572,0.005607777531419451,0.010728427779796991,0.04096274217252617,0.07613140132008453,1.0,0.1908902876093186,1.6673093962304704,3.126706238362189,True,0.544543397831755,0.010728427779796991,0.030591363999198005,0.0422092752676638,0.03517925018912567,0.00703002507853813,1.0,,,,,0.00011612863452775679,-1.1716379813937068,0.11043929644437317,0.05555555555555555,31.505288627458036,0.9999448426732781
local_dynamics_counterfactual,expanded_targets_local_fixed,High AD-like perturbation with A1 and expanded target local dynamics held at baseline,1.0,347,2Hz,60.0,0.02,0.5,d695e3c87e6723ff,hippocampal_context,0.01167293572030168,0.24598846924623483,0.050655172530721056,0.10185830881057899,0.11128246617567024,0.18586143465200036,0.49623033343141243,0.0010318271227718675,0.0015849745948516747,0.0009292397082848468,0.005066809083765929,0.008013359822633187,1.0,0.09350377327807118,0.3350861660366192,1.8414356361871973,True,0.37260603176577195,0.0015849745948516747,0.06909825257787933,0.025796962258157884,0.09410148176284629,0.06830451950468841,1.0,,,,,0.00022271405820506462,0.4965200348611149,0.03419868685687502,0.0,31.505288627458036,0.9999448426732781
local_dynamics_counterfactual,expanded_targets_local_fixed,High AD-like perturbation with A1 and expanded target local dynamics held at baseline,1.0,347,2Hz,60.0,0.02,0.5,d695e3c87e6723ff,angular_parietal_context,0.02145373835986107,0.3747438044109242,0.07721892085905911,0.1514485775344776,0.2213033863876632,0.3313201301180656,0.7198618351917262,0.001678240266590512,0.002663162416941828,0.0038228392073020043,0.012488762854087421,0.014893508703009059,1.0,0.13399848769755898,0.5113435883916612,1.9320762921559789,True,0.37853926517150027,0.0038228392073020043,0.051777298068732866,0.02819129796850742,0.06862567321550468,0.040434375246997264,1.0,,,,,2.4769295115190104e-05,-0.7194423264519336,0.05288387386630227,0.0,31.505288627458036,0.9999448426732781
local_dynamics_counterfactual,expanded_targets_local_fixed,High AD-like perturbation with A1 and expanded target local dynamics held at baseline,1.0,347,5Hz,60.0,0.02,0.5,d695e3c87e6723ff,semantic_expanded,0.0014542425847736662,0.025029946808597638,0.01058202556245594,0.017677233159593075,0.0226979223764812,0.029140082350312492,0.03487619660881815,0.0006696686940790232,0.000463881029095092,0.0005571948812637161,0.001931006939952854,0.004354731661405015,1.0,0.017917749344609348,0.03023392276623002,0.7547787454270732,False,0.20811831453728682,0.0006696686940790232,0.012879528811860618,0.014015905260136196,0.013402704154963242,0.0006132011051729544,1.0,,,,,0.0005748347361661521,5.365148208155713,0.12545923481370583,0.0,31.666994287072605,0.999930528911159
local_dynamics_counterfactual,expanded_targets_local_fixed,High AD-like perturbation with A1 and expanded target local dynamics held at baseline,1.0,347,5Hz,60.0,0.02,0.5,d695e3c87e6723ff,episodic_expanded,0.0018158596229747657,0.03244769815582368,0.011905842867917479,0.02074370372573794,0.026059430051166975,0.04149103810406938,0.0474779588280503,0.0009569738337001252,0.0005818415486778438,0.0005015016318553351,0.00247067501607268,0.004839845607054542,1.0,0.020469390319366055,0.04094850249244316,1.0003425603992897,True,0.24956512768341377,0.0009569738337001252,0.026443057404329326,0.03809485935990768,0.023044986714195997,0.015049872645711684,1.0,,,,,0.0004208481636189809,4.973099450251482,0.13455109053580752,0.0,31.666994287072605,0.999930528911159
local_dynamics_counterfactual,expanded_targets_local_fixed,High AD-like perturbation with A1 and expanded target local dynamics held at baseline,1.0,347,5Hz,60.0,0.02,0.5,d695e3c87e6723ff,semantic_anatomical_core,0.0012979208828595933,0.02287935529651126,0.010538647377728935,0.01753143063851867,0.022402319356677886,0.02781645783704587,0.029813491692291402,0.0006396214603811005,0.0005351514833466038,0.0005665593106585732,0.001790413336449078,0.004187804264801715,1.0,0.017846638343614992,0.02694821857967563,0.5945375576609337,False,0.1833273133389074,0.0006396214603811005,0.009977795891074302,0.009287795140777372,0.011029335038994625,0.0017415398982172526,1.0,,,,,0.000593938316316267,5.878624064513302,0.12650849211769427,0.0,31.666994287072605,0.999930528911159
local_dynamics_counterfactual,expanded_targets_local_fixed,High AD-like perturbation with A1 and expanded target local dynamics held at baseline,1.0,347,5Hz,60.0,0.02,0.5,d695e3c87e6723ff,episodic_anatomical_core,0.001836818357670221,0.032248396035967436,0.011524575408649318,0.02025305993625768,0.025172261064945977,0.04142517556537574,0.047918403539407205,0.0009884634549698758,0.0006228270678023368,0.0005002134467654895,0.0024786189897052177,0.0046961610627275835,1.0,0.019847685667012338,0.04102885377083748,1.0476680578231654,True,0.25720502030492715,0.0009884634549698758,0.028391788204462268,0.04122904389086243,0.024658939371495166,0.016570104519367267,1.0,,,,,0.00042067357379049763,4.980315494538898,0.13212804384310872,0.0,31.666994287072605,0.999930528911159
local_dynamics_counterfactual,expanded_targets_local_fixed,High AD-like perturbation with A1 and expanded target local dynamics held at baseline,1.0,347,5Hz,60.0,0.02,0.5,d695e3c87e6723ff,semantic_platel_peaks,0.0016570464844405785,0.02790671977145074,0.010688127671354212,0.01801669581352687,0.023110543859267814,0.03100742044558783,0.04096818675123691,0.0006921838466985491,0.0003497187572456981,0.0005117501990274716,0.0020352170594492955,0.004263105992852708,1.0,0.01804421323437818,0.034400870686341734,0.930908839943242,False,0.23301344242966168,0.0006921838466985491,0.014572199167032462,0.01904385692177485,0.013704955873026677,0.005338901048748172,1.0,,,,,0.0005339650309847954,5.148096800896868,0.1307804141755622,0.0,31.666994287072605,0.999930528911159
local_dynamics_counterfactual,expanded_targets_local_fixed,High AD-like perturbation with A1 and expanded target local dynamics held at baseline,1.0,347,5Hz,60.0,0.02,0.5,d695e3c87e6723ff,episodic_platel_peaks,0.0018140496444700891,0.03216005947188318,0.014080008706783453,0.023358058525540723,0.02923196898334679,0.041870055943525705,0.04221212910875902,0.0008961087219395969,0.0005359161157769391,0.0004759272922437508,0.002316049039736927,0.004936373688330701,1.0,0.023269606303732867,0.03889292791042103,0.7410610446988852,False,0.20050086123239624,0.0008961087219395969,0.01702615118981525,0.028013256579854845,0.012198096937257794,0.01581515964259705,1.0,,,,,0.0004709021405124858,4.605104396630535,0.1397356602567309,0.0,31.666994287072605,0.999930528911159
local_dynamics_counterfactual,expanded_targets_local_fixed,High AD-like perturbation with A1 and expanded target local dynamics held at baseline,1.0,347,5Hz,60.0,0.02,0.5,d695e3c87e6723ff,semantic_expanded_left,0.001671959087614408,0.029443137197501072,0.01105987652666196,0.0188638834120783,0.023741158059794484,0.030932755526231842,0.04740846546494441,0.0008044421606993212,0.0004974820327134581,0.0006942842644765644,0.002348227876012588,0.00609023848042752,1.0,0.018885594068576983,0.036857924976446695,0.9646886864008803,False,0.2456563741431857,0.0008044421606993212,0.013951630843196004,0.013068121530540822,0.016283980713408874,0.003215859182868052,1.0,,,,,0.0005748347361661521,5.951264936342011,0.07922620598577605,0.0,31.666994287072605,0.999930528911159
local_dynamics_counterfactual,expanded_targets_local_fixed,High AD-like perturbation with A1 and expanded target local dynamics held at baseline,1.0,347,5Hz,60.0,0.02,0.5,d695e3c87e6723ff,episodic_expanded_left,0.00204365850609465,0.03598875009892697,0.011915170047667878,0.021277163285511557,0.027538967555310573,0.04475772437779269,0.05591481680329357,0.0010357741085340376,0.0005504003312562252,0.0005756887149029546,0.002846267330557154,0.005678186681745162,1.0,0.021166633786410094,0.046283646003084204,1.1287106674179321,True,0.27668465239164197,0.0010357741085340376,0.029512885986070506,0.03865190643542701,0.02831170927953215,0.010340197155894858,1.0,,,,,0.0004149776389964499,5.224265392753292,0.1250479353600552,0.0,31.666994287072605,0.999930528911159
local_dynamics_counterfactual,expanded_targets_local_fixed,High AD-like perturbation with A1 and expanded target local dynamics held at baseline,1.0,347,5Hz,60.0,0.02,0.5,d695e3c87e6723ff,semantic_expanded_right,0.0012002399981261348,0.0212782433148598,0.010124820537962008,0.016565230252564924,0.02170052863096205,0.027451301539007586,0.025656790996459303,0.0005574747094802322,0.0004325495093372856,0.00044717438028147433,0.0015879156534321372,0.003113784115973086,1.0,0.01699950451177093,0.024800367530686904,0.544868804453267,False,0.17058025493138784,0.0005574747094802322,0.01180742678052523,0.014963688989731572,0.010521427596517611,0.004442261393213961,1.0,,,,,0.0005534910524018777,4.879114549312356,0.14413418888394663,0.0,31.666994287072605,0.999930528911159
local_dynamics_counterfactual,expanded_targets_local_fixed,High AD-like perturbation with A1 and expanded target local dynamics held at baseline,1.0,347,5Hz,60.0,0.02,0.5,d695e3c87e6723ff,episodic_expanded_right,0.0016501877079784866,0.02925506200457999,0.011896522989471364,0.020223619026987636,0.024659381047155822,0.038462774121900904,0.040314118928585364,0.0008841685757938791,0.0006150788227091982,0.00043687479056448184,0.0021446457152887455,0.004125279215533974,1.0,0.019795114531417402,0.03622834415987644,0.8719744533806466,False,0.22244560297518567,0.0008841685757938791,0.023373228822588146,0.03753781228438836,0.01777826414885985,0.019759548135528507,1.0,,,,,0.000436844372208145,4.456811115001385,0.14455033790371702,0.0,31.666994287072605,0.999930528911159
local_dynamics_counterfactual,expanded_targets_local_fixed,High AD-like perturbation with A1 and expanded target local dynamics held at baseline,1.0,347,5Hz,60.0,0.02,0.5,d695e3c87e6723ff,shared_auditory_relay,0.015907461109161455,0.12945139918981918,0.03627485557555484,0.06237151304244405,0.08810697086858614,0.13171179096832233,0.21519515180110402,0.004577386745221012,0.0038457405567203645,0.003907897055810236,0.007612296762790714,0.013342950198273326,1.0,0.05942858495893337,0.1693479669382109,1.5107617322726272,True,0.3107816470203495,0.004577386745221012,0.030638502088260976,0.057455089445839554,0.02120188868993246,0.03625320075590709,1.0,,,,,0.0007486475500023682,4.592928575399547,0.16303355176099305,0.14285714285714285,31.666994287072605,0.999930528911159
local_dynamics_counterfactual,expanded_targets_local_fixed,High AD-like perturbation with A1 and expanded target local dynamics held at baseline,1.0,347,5Hz,60.0,0.02,0.5,d695e3c87e6723ff,anterior_temporal_context,0.040415613648150134,0.4428888677711662,0.10278073899259846,0.12750852299523815,0.22443679029294622,0.44828843930030665,0.7123876794670683,0.018127728100914186,0.018727406026736913,0.028023008808171823,0.0482616430542139,0.09662710508794449,1.0,0.13447168394870665,0.6042357785220722,2.1678091999535,True,0.3700009440994978,0.028023008808171823,-0.017343864908156724,0.004003005219744969,-0.027925499104011174,0.03192850432375614,1.0,,,,,0.0006774251201820958,2.7587089536596205,0.1413912201686309,0.05555555555555555,31.666994287072605,0.999930528911159
local_dynamics_counterfactual,expanded_targets_local_fixed,High AD-like perturbation with A1 and expanded target local dynamics held at baseline,1.0,347,5Hz,60.0,0.02,0.5,d695e3c87e6723ff,hippocampal_context,0.004543073502634344,0.07445984774567732,0.021409667176888955,0.04016545571999746,0.05301446014980003,0.08018423871326197,0.12814437634955061,0.0007389661576686427,0.0012703400289081125,0.001133867549997541,0.003686684698537975,0.007883554863167903,1.0,0.04060580984257195,0.09708431278752837,1.2575520372378437,True,0.30801176122944957,0.0012703400289081125,0.017015150389905736,0.022517002912154895,0.0170647359057568,0.005452267006398094,1.0,,,,,0.00037888785614692555,3.555278872956954,0.07732875654218066,0.0,31.666994287072605,0.999930528911159
local_dynamics_counterfactual,expanded_targets_local_fixed,High AD-like perturbation with A1 and expanded target local dynamics held at baseline,1.0,347,5Hz,60.0,0.02,0.5,d695e3c87e6723ff,angular_parietal_context,0.011476287007012307,0.13690409311178373,0.039660813436927636,0.07011318622069528,0.10298539979030645,0.1414601693647526,0.23321511280094429,0.0031467024678526754,0.0020289623488539106,0.004133245206585414,0.00869886680131848,0.018612777090852597,1.0,0.0670854564561385,0.18078014392702743,1.430164285669348,True,0.30621942038762406,0.004133245206585414,0.011835004422421875,0.028773741109510323,0.006316602317405644,0.02245713879210468,1.0,,,,,0.00044431227658131567,4.841188130788533,0.1050136994808143,0.0,31.666994287072605,0.999930528911159
local_dynamics_counterfactual,expanded_targets_local_fixed,High AD-like perturbation with A1 and expanded target local dynamics held at baseline,1.0,383,pulse,60.0,0.02,0.5,d695e3c87e6723ff,semantic_expanded,0.00013467300474046974,0.0035802883936302335,,,,,,,,,,,1.0,,,,False,,,,,,,,333.5,333.5,1.0,0.0029794701671215377,,,,,,
local_dynamics_counterfactual,expanded_targets_local_fixed,High AD-like perturbation with A1 and expanded target local dynamics held at baseline,1.0,383,pulse,60.0,0.02,0.5,d695e3c87e6723ff,episodic_expanded,0.00019627149979394902,0.0052504142955151776,,,,,,,,,,,1.0,,,,False,,,,,,,,238.0,238.0,1.0,0.0016833793470909723,,,,,,
local_dynamics_counterfactual,expanded_targets_local_fixed,High AD-like perturbation with A1 and expanded target local dynamics held at baseline,1.0,383,pulse,60.0,0.02,0.5,d695e3c87e6723ff,semantic_anatomical_core,0.00012550535709213563,0.003348072107040764,,,,,,,,,,,1.0,,,,False,,,,,,,,334.0,334.0,1.0,0.0026253401135455322,,,,,,
local_dynamics_counterfactual,expanded_targets_local_fixed,High AD-like perturbation with A1 and expanded target local dynamics held at baseline,1.0,383,pulse,60.0,0.02,0.5,d695e3c87e6723ff,episodic_anatomical_core,0.00020118333191437328,0.005367502935142985,,,,,,,,,,,1.0,,,,False,,,,,,,,234.0,234.0,1.0,0.001511122706208045,,,,,,
local_dynamics_counterfactual,expanded_targets_local_fixed,High AD-like perturbation with A1 and expanded target local dynamics held at baseline,1.0,383,pulse,60.0,0.02,0.5,d695e3c87e6723ff,semantic_platel_peaks,0.0001453709567915136,0.0039070059267920405,,,,,,,,,,,1.0,,,,False,,,,,,,,304.0,304.0,1.0,0.0029794701671215377,,,,,,
local_dynamics_counterfactual,expanded_targets_local_fixed,High AD-like perturbation with A1 and expanded target local dynamics held at baseline,1.0,383,pulse,60.0,0.02,0.5,d695e3c87e6723ff,episodic_platel_peaks,0.00019070869965790504,0.005068083443662255,,,,,,,,,,,1.0,,,,False,,,,,,,,263.0,263.0,1.0,0.0020480222347163866,,,,,,
local_dynamics_counterfactual,expanded_targets_local_fixed,High AD-like perturbation with A1 and expanded target local dynamics held at baseline,1.0,383,pulse,60.0,0.02,0.5,d695e3c87e6723ff,semantic_expanded_left,0.00013929706915086863,0.003731103199821086,,,,,,,,,,,1.0,,,,False,,,,,,,,352.0,352.0,1.0,0.0019357102979687933,,,,,,
local_dynamics_counterfactual,expanded_targets_local_fixed,High AD-like perturbation with A1 and expanded target local dynamics held at baseline,1.0,383,pulse,60.0,0.02,0.5,d695e3c87e6723ff,episodic_expanded_left,0.0002003227782795471,0.005365690488622946,,,,,,,,,,,1.0,,,,False,,,,,,,,246.0,246.0,1.0,0.0021304311471236174,,,,,,
local_dynamics_counterfactual,expanded_targets_local_fixed,High AD-like perturbation with A1 and expanded target local dynamics held at baseline,1.0,383,pulse,60.0,0.02,0.5,d695e3c87e6723ff,semantic_expanded_right,0.00012927826292833774,0.003435569668021517,,,,,,,,,,,1.0,,,,False,,,,,,,,315.0,315.0,1.0,0.003692487222835706,,,,,,
local_dynamics_counterfactual,expanded_targets_local_fixed,High AD-like perturbation with A1 and expanded target local dynamics held at baseline,1.0,383,pulse,60.0,0.02,0.5,d695e3c87e6723ff,episodic_expanded_right,0.0001933251154407867,0.005137614689665953,,,,,,,,,,,1.0,,,,False,,,,,,,,230.0,230.0,1.0,0.001292238152731694,,,,,,
local_dynamics_counterfactual,expanded_targets_local_fixed,High AD-like perturbation with A1 and expanded target local dynamics held at baseline,1.0,383,pulse,60.0,0.02,0.5,d695e3c87e6723ff,shared_auditory_relay,0.0005385952877102982,0.013336001869426718,,,,,,,,,,,1.0,,,,False,,,,,,,,281.0,281.0,1.0,0.0007133216283556228,,,,,,
local_dynamics_counterfactual,expanded_targets_local_fixed,High AD-like perturbation with A1 and expanded target local dynamics held at baseline,1.0,383,pulse,60.0,0.02,0.5,d695e3c87e6723ff,anterior_temporal_context,0.0004921624780009632,0.0126000134823512,,,,,,,,,,,1.0,,,,False,,,,,,,,486.0,461.5,0.9444444444444444,0.007477972872219858,,,,,,
local_dynamics_counterfactual,expanded_targets_local_fixed,High AD-like perturbation with A1 and expanded target local dynamics held at baseline,1.0,383,pulse,60.0,0.02,0.5,d695e3c87e6723ff,hippocampal_context,0.0005282678456383611,0.011611450475689001,,,,,,,,,,,1.0,,,,False,,,,,,,,681.0,681.0,1.0,0.003194930623712685,,,,,,
local_dynamics_counterfactual,expanded_targets_local_fixed,High AD-like perturbation with A1 and expanded target local dynamics held at baseline,1.0,383,pulse,60.0,0.02,0.5,d695e3c87e6723ff,angular_parietal_context,0.0007931972750657018,0.014869479056997453,,,,,,,,,,,1.0,,,,False,,,,,,,,1047.0,1047.0,1.0,0.0053142337808623225,,,,,,
local_dynamics_counterfactual,expanded_targets_local_fixed,High AD-like perturbation with A1 and expanded target local dynamics held at baseline,1.0,383,2Hz,60.0,0.02,0.5,d695e3c87e6723ff,semantic_expanded,0.0005771076404226454,0.013536863472461193,0.005093167746848417,0.010492975961304631,0.013209949164136408,0.011762153809474736,0.022234051845516727,0.0003048126277343208,0.0003120852371993121,0.00039151889133090496,0.00037576181459101954,0.00034013945728869887,1.0,0.010203108369656575,0.016234414033144275,0.6700465775883705,False,0.22084999221055443,0.00034013945728869887,0.01544778359902291,0.015847707562178313,0.01682953324312096,0.0009818256809426482,1.0,,,,,0.0005119526209578229,8.912198763690517,0.26968357944760074,0.7692307692307693,31.510978944490148,0.9999912906422538
local_dynamics_counterfactual,expanded_targets_local_fixed,High AD-like perturbation with A1 and expanded target local dynamics held at baseline,1.0,383,2Hz,60.0,0.02,0.5,d695e3c87e6723ff,episodic_expanded,0.0007446313967331771,0.01762679441026608,0.006691342264022274,0.013050319663749251,0.015238201017910458,0.014106041808221637,0.030888803395621646,0.0005855401076352842,0.0006331218901165437,0.0006519555375599089,0.0006643436710325893,0.0006817920356319477,1.0,0.012546750254718408,0.021588860668100705,0.7829733696941483,False,0.22628304754292677,0.0006519555375599089,0.02621613297583381,0.032443008313212784,0.025061716800565,0.0073812915126477835,1.0,,,,,0.0010069182766891949,10.996468837635206,0.39446105322639335,0.8947368421052632,31.510978944490148,0.9999912906422538
local_dynamics_counterfactual,expanded_targets_local_fixed,High AD-like perturbation with A1 and expanded target local dynamics held at baseline,1.0,383,2Hz,60.0,0.02,0.5,d695e3c87e6723ff,semantic_anatomical_core,0.0005419896990594918,0.012761818650187834,0.0048262673724104406,0.010324468471412109,0.012840313134859112,0.011354940120086527,0.02039865374643154,0.00026640929417590624,0.00026994808646250653,0.0003481313435134139,0.00031580452583186957,0.0002890142338265079,1.0,0.0099273530915653,0.015116680859434269,0.6066603930367642,False,0.21481204881548785,0.0002890142338265079,0.014435558558340549,0.01391362202343097,0.016200224955416048,0.002286602931985078,1.0,,,,,0.0004797371990540311,9.724456065185052,0.2385777218551942,0.7,31.510978944490148,0.9999912906422538
local_dynamics_counterfactual,expanded_targets_local_fixed,High AD-like perturbation with A1 and expanded target local dynamics held at baseline,1.0,383,2Hz,60.0,0.02,0.5,d695e3c87e6723ff,episodic_anatomical_core,0.0007400902120834232,0.017406006305840792,0.006615402934990942,0.012920807809070654,0.014761761838553203,0.013717234006516258,0.03076697610484578,0.0006107054148627991,0.0006609097102051319,0.0006660324378170119,0.0006802379495607002,0.0007013388041835245,1.0,0.012334529785821205,0.021352403955731073,0.7916957859060734,False,0.22606283854262443,0.0006660324378170119,0.027855818492097485,0.034736300638165095,0.02642724645358032,0.008309054184584774,1.0,,,,,0.001200537141617164,11.119715433859666,0.4093642370238734,1.0,31.510978944490148,0.9999912906422538
local_dynamics_counterfactual,expanded_targets_local_fixed,High AD-like perturbation with A1 and expanded target local dynamics held at baseline,1.0,383,2Hz,60.0,0.02,0.5,d695e3c87e6723ff,semantic_platel_peaks,0.000626600303106016,0.014867563125224116,0.005511065664648521,0.0110031249030237,0.013706936583007166,0.01246439308887377,0.025348997286539724,0.00034354325973007694,0.0003600696636178362,0.000444666157909101,0.00045739222022874425,0.00039840724808190244,1.0,0.010721806525459485,0.018115086777024503,0.7566437096979101,False,0.22914751224764338,0.00039840724808190244,0.0155530330632575,0.017425036022143108,0.016340838720022753,0.001084197302120355,1.0,,,,,0.0005252018116312929,4.925178114997763,0.3799898823712516,0.8,31.510978944490148,0.9999912906422538
local_dynamics_counterfactual,expanded_targets_local_fixed,High AD-like perturbation with A1 and expanded target local dynamics held at baseline,1.0,383,2Hz,60.0,0.02,0.5,d695e3c87e6723ff,episodic_platel_peaks,0.000800733755056348,0.018912833494375256,0.007392533565204002,0.014832045187334244,0.017312558025895174,0.017006847306541686,0.03136255761507281,0.0005591672716550334,0.0006059013523446279,0.0006482085688552076,0.0006397343155894247,0.0006483920778066743,1.0,0.01410075665485418,0.022794872297977064,0.6929367463604342,False,0.21836015108611334,0.0006397343155894247,0.022335970756458864,0.0271063342944895,0.021372925578717183,0.005733408715772319,1.0,,,,,0.000708991802253145,8.135433728788485,0.2558013981171978,0.5,31.510978944490148,0.9999912906422538
local_dynamics_counterfactual,expanded_targets_local_fixed,High AD-like perturbation with A1 and expanded target local dynamics held at baseline,1.0,383,2Hz,60.0,0.02,0.5,d695e3c87e6723ff,semantic_expanded_left,0.0005985199079680126,0.014051701511902291,0.005050023898156561,0.010844539849330715,0.01376735409588858,0.01142994002189334,0.02358387714938142,0.00031954718842215775,0.0003103601314882288,0.00042795492196053236,0.00038875963300099534,0.00037917471823692515,1.0,0.010533564872794738,0.016891121557691513,0.681271355108959,False,0.2261363291481484,0.00037917471823692515,0.014078890076719999,0.014306238827003008,0.015419631366131904,0.0011133925391288955,1.0,,,,,0.0005119526209578229,10.536713366679587,0.3194798790270402,0.8571428571428571,31.510978944490148,0.9999912906422538
local_dynamics_counterfactual,expanded_targets_local_fixed,High AD-like perturbation with A1 and expanded target local dynamics held at baseline,1.0,383,2Hz,60.0,0.02,0.5,d695e3c87e6723ff,episodic_expanded_left,0.000777141105086601,0.01824526585653761,0.006695298092233325,0.012674395081073063,0.015757396599055565,0.013400318300657887,0.03301706956253767,0.0005885559174549087,0.0006252344315392991,0.0006547841276608145,0.0006853711686136518,0.0007165979260113065,1.0,0.012587989253458704,0.022587752720225618,0.8434928904911801,False,0.23421670731948688,0.0006547841276608145,0.024769498318564447,0.03084147585440586,0.023907810361017502,0.0069336654933883565,1.0,,,,,0.0010848511349511036,11.511291535855396,0.43897480750622964,1.0,31.510978944490148,0.9999912906422538
local_dynamics_counterfactual,expanded_targets_local_fixed,High AD-like perturbation with A1 and expanded target local dynamics held at baseline,1.0,383,2Hz,60.0,0.02,0.5,d695e3c87e6723ff,semantic_expanded_right,0.0005521266616197168,0.013040888501427225,0.005136680186207859,0.01015280925278834,0.012675112131472007,0.012104023465805018,0.020961483912838835,0.0002907574886985271,0.0003138199317377365,0.0003581850199706727,0.00036319856620600934,0.00030512279653718697,1.0,0.009883018869692074,0.015603238547504217,0.6588218000677826,False,0.21556365527296042,0.0003138199317377365,0.016816677121325823,0.01738917629735362,0.018239435120110017,0.0008502588227563973,1.0,,,,,0.0004803996940211941,8.325805392430215,0.21181447055343325,0.6666666666666666,31.510978944490148,0.9999912906422538
local_dynamics_counterfactual,expanded_targets_local_fixed,High AD-like perturbation with A1 and expanded target local dynamics held at baseline,1.0,383,2Hz,60.0,0.02,0.5,d695e3c87e6723ff,episodic_expanded_right,0.0007209879724761417,0.017029287686178424,0.006687388773059929,0.013437394229596732,0.014736112580688906,0.014848932020184002,0.028897724354554587,0.000582539751077786,0.0006411088505760736,0.0006491391666341802,0.000643961306592181,0.0006486767027620742,1.0,0.012505646357381758,0.020634142347827594,0.7224538488971146,False,0.2183493877663668,0.000643961306592181,0.027662767633103172,0.03404454077201972,0.026215623240112503,0.007828917531907214,1.0,,,,,0.0009202421770370117,9.956537886957348,0.35354404677269247,0.8181818181818182,31.510978944490148,0.9999912906422538
local_dynamics_counterfactual,expanded_targets_local_fixed,High AD-like perturbation with A1 and expanded target local dynamics held at baseline,1.0,383,2Hz,60.0,0.02,0.5,d695e3c87e6723ff,shared_auditory_relay,0.006687024072654299,0.07383579416447958,0.03234716675723604,0.05498504700432732,0.06306387524469002,0.07510271493398805,0.11827670539946458,0.0031848369489890327,0.0037237559547424835,0.0044657757292176446,0.005068655502479048,0.005332086310549768,1.0,0.05034882131050041,0.09136330591606906,0.8596568500759854,False,0.20953675663668908,0.0044657757292176446,0.05639625301281382,0.07180938337177796,0.050013503396623,0.02179587997515496,1.0,,,,,0.002304658561644801,12.247967332722961,0.4475755520031883,0.7857142857142857,31.510978944490148,0.9999912906422538
local_dynamics_counterfactual,expanded_targets_local_fixed,High AD-like perturbation with A1 and expanded target local dynamics held at baseline,1.0,383,2Hz,60.0,0.02,0.5,d695e3c87e6723ff,anterior_temporal_context,0.009863966104073042,0.19279536866257052,0.06884046105244625,0.10677986734102653,0.16258675234826914,0.20349417054280408,0.31644458364646466,0.0029089430316184693,0.0040995844959747585,0.005035962893199241,0.011883912955123407,0.012857353307260207,1.0,0.10863570951765242,0.24845814830020443,1.1935044488082713,True,0.26657981119030943,0.005035962893199241,0.05029654611232326,0.07044938038587556,0.04151623198208079,0.028933148403794767,1.0,,,,,0.00024545594593022857,0.17491804278559028,0.25904614641192303,0.5,31.510978944490148,0.9999912906422538
local_dynamics_counterfactual,expanded_targets_local_fixed,High AD-like perturbation with A1 and expanded target local dynamics held at baseline,1.0,383,2Hz,60.0,0.02,0.5,d695e3c87e6723ff,hippocampal_context,0.002004838166023247,0.039443532245164156,0.013866868634824808,0.027930587977745048,0.03470288691979707,0.028062351338330523,0.07110583792698436,0.0005189365105094745,0.0010369656124321954,0.0005235012331884479,0.0008437944415837588,0.0010090492272866955,1.0,0.027114158281157458,0.048883106901094465,0.8502895978254974,False,0.23617209486275517,0.0008437944415837588,0.011363076814362723,0.008312761104880856,0.014120348112998164,0.005807587008117308,1.0,,,,,0.0006454221229042489,6.294644063636376,0.3679059456530655,1.0,31.510978944490148,0.9999912906422538
local_dynamics_counterfactual,expanded_targets_local_fixed,High AD-like perturbation with A1 and expanded target local dynamics held at baseline,1.0,383,2Hz,60.0,0.02,0.5,d695e3c87e6723ff,angular_parietal_context,0.009040139648498702,0.09725103972029295,0.03128904575499014,0.05364728058150423,0.07430266820230426,0.08579902558904415,0.17204232183137633,0.001552595877898491,0.002179672814854705,0.0016653261040759165,0.004447526655106454,0.0038712841145990204,1.0,0.05257774064806236,0.12522421079715648,1.2519894658777062,True,0.27977620521066715,0.002179672814854705,0.009005595406859909,0.013387841015955564,0.008603687024338289,0.0047841539916172755,1.0,,,,,0.0005443314072097194,4.6103950958392454,0.35002481809891806,0.6666666666666666,31.510978944490148,0.9999912906422538
local_dynamics_counterfactual,expanded_targets_local_fixed,High AD-like perturbation with A1 and expanded target local dynamics held at baseline,1.0,383,5Hz,60.0,0.02,0.5,d695e3c87e6723ff,semantic_expanded,0.0007997281848061362,0.014030029681097757,0.0040459503454298796,0.010254557033768631,0.011248471817093876,0.009607386591112366,0.02529546260753887,0.0004472008599060568,0.0007613005833244836,0.0004310419581510277,0.0007794227501718072,0.0013505051150867827,1.0,0.009370938584670554,0.017482648608413646,0.8996583093799713,False,0.2597303490908666,0.0007613005833244836,0.032100623405305326,0.018674279438348693,0.04255323214955119,0.023878952711202495,1.0,,,,,0.0009385192363906558,4.450821176026856,0.22326288063309685,0.6153846153846154,31.68113827162057,0.9999498993260874
local_dynamics_counterfactual,expanded_targets_local_fixed,High AD-like perturbation with A1 and expanded target local dynamics held at baseline,1.0,383,5Hz,60.0,0.02,0.5,d695e3c87e6723ff,episodic_expanded,0.001068954554138042,0.0190278077689976,0.005619903978330863,0.01245143939961485,0.013350306697349091,0.011415614941337311,0.036242729697340055,0.0008476696410609826,0.0008150001873357536,0.0007282450187428694,0.0009200297383269622,0.0019273770934381679,1.0,0.011500074367723958,0.024323607215814804,1.0807140070971002,True,0.262642225738552,0.0008476696410609826,0.044430023201763924,0.05824807313051447,0.042421338481836574,0.015826734648677898,1.0,,,,,0.002196833444141344,7.388304991646104,0.30300411100986835,0.8947368421052632,31.68113827162057,0.9999498993260874
local_dynamics_counterfactual,expanded_targets_local_fixed,High AD-like perturbation with A1 and expanded target local dynamics held at baseline,1.0,383,5Hz,60.0,0.02,0.5,d695e3c87e6723ff,semantic_anatomical_core,0.0007370384478439386,0.013019325482171362,0.00372620871012003,0.010145284187538304,0.01086321556917376,0.009570483484898158,0.022842274309346083,0.0003895806731851722,0.0008241483983834908,0.0003845273438684858,0.0007539742794947542,0.001259826325909417,1.0,0.009119777925785544,0.0160019500721517,0.811177130261698,False,0.25738531299791245,0.0007539742794947542,0.029924040863601262,0.010994456859372025,0.043017457845616267,0.03202300098624424,1.0,,,,,0.0008290315508271973,3.7057857348844303,0.19590698080722446,0.5,31.68113827162057,0.9999498993260874
local_dynamics_counterfactual,expanded_targets_local_fixed,High AD-like perturbation with A1 and expanded target local dynamics held at baseline,1.0,383,5Hz,60.0,0.02,0.5,d695e3c87e6723ff,episodic_anatomical_core,0.0010701442317196989,0.018867385710632425,0.005576393636353124,0.01230323716314005,0.013008488571933324,0.011073901088357877,0.03616882580074388,0.0008838907079163577,0.00083174513212937,0.0007671575733990389,0.000940553954555497,0.0019078809521891136,1.0,0.01132297349368863,0.02416232058768552,1.093506150099198,True,0.26214052436423846,0.0008838907079163577,0.04697612250211705,0.06322911028730191,0.04407196496315781,0.0191571453241441,1.0,,,,,0.002362360354892512,7.454248664663329,0.3429694269916109,1.0,31.68113827162057,0.9999498993260874
local_dynamics_counterfactual,expanded_targets_local_fixed,High AD-like perturbation with A1 and expanded target local dynamics held at baseline,1.0,383,5Hz,60.0,0.02,0.5,d695e3c87e6723ff,semantic_platel_peaks,0.0008827780071894523,0.01564032793189273,0.004512837781974065,0.010655164011379144,0.011822491430709738,0.009669438303863798,0.02912847131580763,0.0004856502380435098,0.000677746244629739,0.0004409325925609171,0.0007856236955425749,0.0013000734776685138,1.0,0.009864464604954926,0.019786063961576943,1.0041719901090207,True,0.2620298759672919,0.000677746244629739,0.03173041114449905,0.025872800824763162,0.0384840684213586,0.012611267596595435,1.0,,,,,0.0009977269407551725,2.5576577338162974,0.2491442560361115,0.8,31.68113827162057,0.9999498993260874
local_dynamics_counterfactual,expanded_targets_local_fixed,High AD-like perturbation with A1 and expanded target local dynamics held at baseline,1.0,383,5Hz,60.0,0.02,0.5,d695e3c87e6723ff,episodic_platel_peaks,0.0011243208771102046,0.01992887874200446,0.0059779386924988746,0.014172239559689138,0.014825919930771283,0.013809508645543986,0.03654422681219712,0.0007994972395611776,0.0008444842010093387,0.0006025726064611602,0.0008310292618804837,0.002037109404401783,1.0,0.012828975766285862,0.025099899102160424,0.968275570950185,False,0.25932206189107887,0.0008310292618804837,0.03450491574443956,0.04161011137962465,0.034033903256523876,0.007576208123100774,1.0,,,,,0.0009923743795133277,5.535775401008039,0.18939222117558585,0.5,31.68113827162057,0.9999498993260874
local_dynamics_counterfactual,expanded_targets_local_fixed,High AD-like perturbation with A1 and expanded target local dynamics held at baseline,1.0,383,5Hz,60.0,0.02,0.5,d695e3c87e6723ff,semantic_expanded_left,0.0008475078285835386,0.014926577991208204,0.0042631637707323585,0.010959297097907463,0.012085888263409582,0.009014816807444724,0.027330805953910044,0.000496752033977997,0.0008860609638308699,0.0004886293730849283,0.0009684368352792256,0.0020112838444533185,1.0,0.009990282862858763,0.018584080214861097,0.8954698545223996,False,0.25396390254910134,0.0008860609638308699,0.03590776016338383,0.01747549006732773,0.0493372400720005,0.03186175000467277,1.0,,,,,0.0012303506808872822,5.698320455308944,0.23118600309517934,0.7142857142857143,31.68113827162057,0.9999498993260874
local_dynamics_counterfactual,expanded_targets_local_fixed,High AD-like perturbation with A1 and expanded target local dynamics held at baseline,1.0,383,5Hz,60.0,0.02,0.5,d695e3c87e6723ff,episodic_expanded_left,0.0011402959541588992,0.020083255775063615,0.0058247936363086195,0.012212314655845212,0.013894026469271454,0.010760405160176262,0.03917159359871776,0.0008662074467382486,0.0008095175849064274,0.0008239728041432878,0.0010937170714600383,0.001981371794528596,1.0,0.011604172248064515,0.02593781958252071,1.1604135914071751,True,0.2658226845521126,0.0008662074467382486,0.047046276574165435,0.059260019986005046,0.04660261676297518,0.012657403223029863,1.0,,,,,0.0023225621399476926,7.913460768388236,0.32543637155754035,1.0,31.68113827162057,0.9999498993260874
local_dynamics_counterfactual,expanded_targets_local_fixed,High AD-like perturbation with A1 and expanded target local dynamics held at baseline,1.0,383,5Hz,60.0,0.02,0.5,d695e3c87e6723ff,semantic_expanded_right,0.0007439852670658331,0.01318733154835786,0.003839804210681792,0.009595135437918912,0.010469078934232998,0.010238907687492879,0.02341169263754756,0.0004025924312764361,0.0006541068863528313,0.0003802415080240764,0.0006272993770525314,0.0009068158484469425,1.0,0.008789990349936784,0.016446496077909465,0.9038467642375447,False,0.26549679563263184,0.0006272993770525314,0.028293486647226817,0.01987306880936966,0.035769224227101874,0.015896155417732215,1.0,,,,,0.0007136425090296661,2.7592040137791516,0.19590698080722446,0.5,31.68113827162057,0.9999498993260874
local_dynamics_counterfactual,expanded_targets_local_fixed,High AD-like perturbation with A1 and expanded target local dynamics held at baseline,1.0,383,5Hz,60.0,0.02,0.5,d695e3c87e6723ff,episodic_expanded_right,0.0010170698995774186,0.018027827387602873,0.005422221403482119,0.012695246355126831,0.012827864500435887,0.012110720976490534,0.03353285723758381,0.0008295285651054733,0.0008205199216692647,0.0006436387277068147,0.0007739247575938618,0.0018748538111667088,1.0,0.011396910321220038,0.022809853623468712,1.0010144227870243,True,0.25946176692499157,0.0008205199216692647,0.041813769829362406,0.0572361262750239,0.03824006020069797,0.018996066074325926,1.0,,,,,0.0018357666061215028,6.88846185261074,0.2965569002855571,0.8181818181818182,31.68113827162057,0.9999498993260874
local_dynamics_counterfactual,expanded_targets_local_fixed,High AD-like perturbation with A1 and expanded target local dynamics held at baseline,1.0,383,5Hz,60.0,0.02,0.5,d695e3c87e6723ff,shared_auditory_relay,0.007034490745422193,0.06552026629141308,0.025132875606248644,0.04533125712099032,0.05064203743339197,0.05707009297199544,0.11064434467308795,0.004222028978449817,0.004142504162688237,0.004307184737749514,0.004784915821860207,0.010506473495311579,1.0,0.041496556691167565,0.0828293818010408,0.9971509918859421,False,0.2304396431120265,0.004307184737749514,0.0674326531918738,0.0837257772237579,0.06540064848104417,0.018325128742713734,1.0,,,,,0.004886032887468861,8.616542915807614,0.41318895009072776,0.7857142857142857,31.68113827162057,0.9999498993260874
local_dynamics_counterfactual,expanded_targets_local_fixed,High AD-like perturbation with A1 and expanded target local dynamics held at baseline,1.0,383,5Hz,60.0,0.02,0.5,d695e3c87e6723ff,anterior_temporal_context,0.015143818945734487,0.2139548622471122,0.0655691326516206,0.09494872113647103,0.13928732850348566,0.17186823390329717,0.38676018629419023,0.011669532871848727,0.013390596106812985,0.01930736325516704,0.02250120810530586,0.06681808092635624,1.0,0.09929293103687804,0.28326701254918146,1.5123996878178458,True,0.29883917953906586,0.01930736325516704,0.04278492940955135,0.009064026439467543,0.06389770072367808,0.054833674284210536,1.0,,,,,0.0014555174137896865,2.8996144484316515,0.2258391430006878,0.5,31.68113827162057,0.9999498993260874
local_dynamics_counterfactual,expanded_targets_local_fixed,High AD-like perturbation with A1 and expanded target local dynamics held at baseline,1.0,383,5Hz,60.0,0.02,0.5,d695e3c87e6723ff,hippocampal_context,0.002088685756470654,0.03448650910353091,0.011074227115592217,0.023567409570959617,0.027523509606872915,0.020294920695983626,0.0638662716063402,0.0007037821351881802,0.0013450932488505566,0.0005367399608601867,0.0011537812618370668,0.002595374479296598,1.0,0.022640805419037506,0.043150349931286976,0.9304469779058491,False,0.2420010971446292,0.0011537812618370668,0.032023310100883225,0.0308115530619193,0.03595590226940436,0.005144349207485056,1.0,,,,,0.0016662828849008382,5.5478349215327345,0.23554086785523348,0.5,31.68113827162057,0.9999498993260874
local_dynamics_counterfactual,expanded_targets_local_fixed,High AD-like perturbation with A1 and expanded target local dynamics held at baseline,1.0,383,5Hz,60.0,0.02,0.5,d695e3c87e6723ff,angular_parietal_context,0.011514172797400935,0.10066779729877912,0.02595299677433028,0.047826343904141776,0.061045043364419335,0.0663112342162539,0.19030928739375796,0.0027166366500107507,0.0032984919954294136,0.003051640440055996,0.005665004789847872,0.009336848684877046,1.0,0.04526921334502912,0.13334317899162018,1.5585418856368096,True,0.31100968283188657,0.0032984919954294136,0.02730443630994876,0.037845132411576284,0.02652291036411852,0.011322222047457763,1.0,,,,,0.0012310680117719186,5.9025771146549015,0.20275777697955816,0.5,31.68113827162057,0.9999498993260874
local_dynamics_counterfactual,expanded_targets_local_fixed,High AD-like perturbation with A1 and expanded target local dynamics held at baseline,1.0,421,pulse,60.0,0.02,0.5,d695e3c87e6723ff,semantic_expanded,0.00014211778620520918,0.0037803645054298924,,,,,,,,,,,1.0,,,,False,,,,,,,,386.5,386.5,1.0,0.008920404399942692,,,,,,
local_dynamics_counterfactual,expanded_targets_local_fixed,High AD-like perturbation with A1 and expanded target local dynamics held at baseline,1.0,421,pulse,60.0,0.02,0.5,d695e3c87e6723ff,episodic_expanded,0.00020378137887028933,0.005452830423221705,,,,,,,,,,,1.0,,,,False,,,,,,,,280.5,280.5,1.0,0.0017032161362926753,,,,,,
local_dynamics_counterfactual,expanded_targets_local_fixed,High AD-like perturbation with A1 and expanded target local dynamics held at baseline,1.0,421,pulse,60.0,0.02,0.5,d695e3c87e6723ff,semantic_anatomical_core,0.00013331920649923383,0.0035588181330833924,,,,,,,,,,,1.0,,,,False,,,,,,,,418.0,418.0,1.0,0.009775936585789017,,,,,,
local_dynamics_counterfactual,expanded_targets_local_fixed,High AD-like perturbation with A1 and expanded target local dynamics held at baseline,1.0,421,pulse,60.0,0.02,0.5,d695e3c87e6723ff,episodic_anatomical_core,0.000208021329925564,0.005553947928847687,,,,,,,,,,,1.0,,,,False,,,,,,,,263.0,263.0,1.0,0.0017575181631237506,,,,,,
local_dynamics_counterfactual,expanded_targets_local_fixed,High AD-like perturbation with A1 and expanded target local dynamics held at baseline,1.0,421,pulse,60.0,0.02,0.5,d695e3c87e6723ff,semantic_platel_peaks,0.00015159993977502859,0.004080854173592933,,,,,,,,,,,1.0,,,,False,,,,,,,,350.5,350.5,1.0,0.007274164055559705,,,,,,
local_dynamics_counterfactual,expanded_targets_local_fixed,High AD-like perturbation with A1 and expanded target local dynamics held at baseline,1.0,421,pulse,60.0,0.02,0.5,d695e3c87e6723ff,episodic_platel_peaks,0.0002009118736333684,0.0053440919557676695,,,,,,,,,,,1.0,,,,False,,,,,,,,323.0,323.0,1.0,0.0011719494991755443,,,,,,
local_dynamics_counterfactual,expanded_targets_local_fixed,High AD-like perturbation with A1 and expanded target local dynamics held at baseline,1.0,421,pulse,60.0,0.02,0.5,d695e3c87e6723ff,semantic_expanded_left,0.00014716727186547875,0.003943998455959314,,,,,,,,,,,1.0,,,,False,,,,,,,,402.0,402.0,1.0,0.010631468771635344,,,,,,
local_dynamics_counterfactual,expanded_targets_local_fixed,High AD-like perturbation with A1 and expanded target local dynamics held at baseline,1.0,421,pulse,60.0,0.02,0.5,d695e3c87e6723ff,episodic_expanded_left,0.00020725164937676442,0.005554225302784318,,,,,,,,,,,1.0,,,,False,,,,,,,,271.0,271.0,1.0,0.0030053867020545548,,,,,,
local_dynamics_counterfactual,expanded_targets_local_fixed,High AD-like perturbation with A1 and expanded target local dynamics held at baseline,1.0,421,pulse,60.0,0.02,0.5,d695e3c87e6723ff,semantic_expanded_right,0.00013622671960156134,0.00362351962190059,,,,,,,,,,,1.0,,,,False,,,,,,,,371.0,371.0,1.0,0.00743102123298644,,,,,,
local_dynamics_counterfactual,expanded_targets_local_fixed,High AD-like perturbation with A1 and expanded target local dynamics held at baseline,1.0,421,pulse,60.0,0.02,0.5,d695e3c87e6723ff,episodic_expanded_right,0.00020125754577467105,0.005353286552763164,,,,,,,,,,,1.0,,,,False,,,,,,,,290.0,290.0,1.0,0.0009944450621198122,,,,,,
local_dynamics_counterfactual,expanded_targets_local_fixed,High AD-like perturbation with A1 and expanded target local dynamics held at baseline,1.0,421,pulse,60.0,0.02,0.5,d695e3c87e6723ff,shared_auditory_relay,0.00043455092395633724,0.011329478115780202,,,,,,,,,,,1.0,,,,False,,,,,,,,285.0,252.5,0.9285714285714286,0.0017330816388590794,,,,,,
local_dynamics_counterfactual,expanded_targets_local_fixed,High AD-like perturbation with A1 and expanded target local dynamics held at baseline,1.0,421,pulse,60.0,0.02,0.5,d695e3c87e6723ff,anterior_temporal_context,0.00042613454416761906,0.010939796102938312,,,,,,,,,,,1.0,,,,False,,,,,,,,515.0,515.0,1.0,0.006818245450918499,,,,,,
local_dynamics_counterfactual,expanded_targets_local_fixed,High AD-like perturbation with A1 and expanded target local dynamics held at baseline,1.0,421,pulse,60.0,0.02,0.5,d695e3c87e6723ff,hippocampal_context,0.0005588635339579691,0.012180911504584621,,,,,,,,,,,1.0,,,,False,,,,,,,,666.0,666.0,1.0,0.0031862283793683676,,,,,,
local_dynamics_counterfactual,expanded_targets_local_fixed,High AD-like perturbation with A1 and expanded target local dynamics held at baseline,1.0,421,pulse,60.0,0.02,0.5,d695e3c87e6723ff,angular_parietal_context,0.0007451182929291465,0.014540573355587068,,,,,,,,,,,1.0,,,,False,,,,,,,,1067.0,705.0,0.8333333333333334,0.00945208258207771,,,,,,
local_dynamics_counterfactual,expanded_targets_local_fixed,High AD-like perturbation with A1 and expanded target local dynamics held at baseline,1.0,421,2Hz,60.0,0.02,0.5,d695e3c87e6723ff,semantic_expanded,0.0020063778903103967,0.045336128809047874,0.004694176296542636,0.011033064805144452,0.02261323614077566,0.029375390483091,0.09499200388814195,0.00028742597352028257,0.00041635204307491596,0.0002000480978546377,0.0005686810726191288,0.0008187197768966488,1.0,0.010342615642845552,0.06333830887440796,2.614477259364147,True,0.5045249359612994,0.00041635204307491596,0.030883424635404905,0.009919035355394016,0.042597786975644716,0.032678751620250704,1.0,,,,,2.3066348282307914e-05,0.950917764854941,0.10403796489899317,0.0,31.505298356676192,0.9999887168040081
local_dynamics_counterfactual,expanded_targets_local_fixed,High AD-like perturbation with A1 and expanded target local dynamics held at baseline,1.0,421,2Hz,60.0,0.02,0.5,d695e3c87e6723ff,episodic_expanded,0.0021018325466247417,0.05008993209363856,0.006014922200291072,0.01321800574106824,0.027425126182521613,0.031722519269543635,0.10459726849783703,0.0005793336765238098,0.0007737111307410233,0.0004003891666261466,0.0006968405907655896,0.0012423151530975391,1.0,0.012800990445137028,0.06978117474575066,2.4465824455648195,True,0.47516567000292764,0.0006968405907655896,0.041843139026229666,0.02673604025814691,0.05538022047586985,0.028644180217722942,1.0,,,,,0.00017034146369865333,4.919519283234041,0.16150281365768104,0.2631578947368421,31.505298356676192,0.9999887168040081
local_dynamics_counterfactual,expanded_targets_local_fixed,High AD-like perturbation with A1 and expanded target local dynamics held at baseline,1.0,421,2Hz,60.0,0.02,0.5,d695e3c87e6723ff,semantic_anatomical_core,0.0018641015703224815,0.043391520753585086,0.004509212062667964,0.010917533470655699,0.02139914465643077,0.028821322858375922,0.09079756469036872,0.0002453482843418912,0.000371477506335973,0.00018370650152468155,0.0005434291138300645,0.0008776550751529899,1.0,0.009967776295108218,0.06063611448963693,2.60483371409659,True,0.5031951138525631,0.000371477506335973,0.028477139701598042,0.008121661988181199,0.03951757589285478,0.031395913904673584,1.0,,,,,1.3150288973806656e-05,0.5524089450514449,0.09361705221369084,0.0,31.505298356676192,0.9999887168040081
local_dynamics_counterfactual,expanded_targets_local_fixed,High AD-like perturbation with A1 and expanded target local dynamics held at baseline,1.0,421,2Hz,60.0,0.02,0.5,d695e3c87e6723ff,episodic_anatomical_core,0.0021058137011740865,0.04886746825755419,0.005881756307223525,0.013052187695621982,0.02674254361166144,0.03054490859961644,0.10216374263593787,0.0006077751400440486,0.0008029283045078879,0.0004148220899522847,0.0006935943605364298,0.0013093542390357025,1.0,0.012584311012941355,0.06805533215382975,2.4350819701448576,True,0.47318126024901774,0.0006935943605364298,0.04292645469473834,0.029183918159090258,0.05644208389902474,0.027258165739934483,1.0,,,,,0.0001769515830338242,5.2295127996987745,0.17344362933654245,0.3125,31.505298356676192,0.9999887168040081
local_dynamics_counterfactual,expanded_targets_local_fixed,High AD-like perturbation with A1 and expanded target local dynamics held at baseline,1.0,421,2Hz,60.0,0.02,0.5,d695e3c87e6723ff,semantic_platel_peaks,0.0021235420045338854,0.046929984089410424,0.005005275856600272,0.011403900803847006,0.024074384489790834,0.030682668356714328,0.09771680529238663,0.0003303225316569467,0.00046030081635238713,0.00021458007017590293,0.0005725990288578761,0.0006823118129489394,1.0,0.01093038934721366,0.06546899454046336,2.5824670308660607,True,0.5001033489138077,0.00046030081635238713,0.03270672720305614,0.011320580690013725,0.044856168986743224,0.0335355882967295,1.0,,,,,2.3066348282307914e-05,0.2851089107602376,0.17017911826235446,0.0,31.505298356676192,0.9999887168040081
local_dynamics_counterfactual,expanded_targets_local_fixed,High AD-like perturbation with A1 and expanded target local dynamics held at baseline,1.0,421,2Hz,60.0,0.02,0.5,d695e3c87e6723ff,episodic_platel_peaks,0.00213536426479563,0.05042711011345698,0.0071621789463408685,0.014414440840076108,0.029502126985959495,0.03613388219486757,0.1035259300695969,0.0005364579056163497,0.0007259014593163371,0.0004178450375449033,0.0007666126783827277,0.001018463436531214,1.0,0.013921927059777336,0.07009791810394547,2.3320126756075017,True,0.45163684847462876,0.0007259014593163371,0.030553559650514553,0.02031498540171745,0.04019624986296064,0.019881264461243185,1.0,,,,,8.527121608598032e-05,1.7937591905615393,0.11929209371847209,0.0,31.505298356676192,0.9999887168040081
local_dynamics_counterfactual,expanded_targets_local_fixed,High AD-like perturbation with A1 and expanded target local dynamics held at baseline,1.0,421,2Hz,60.0,0.02,0.5,d695e3c87e6723ff,semantic_expanded_left,0.0024020524122399627,0.056342538835929955,0.004533877736685257,0.011620821376737232,0.024070150869643904,0.034376402377519356,0.12001230788257383,0.0003052330815135907,0.0004239686644906909,0.00019118334478250115,0.0006576363691817273,0.0009407377577381468,1.0,0.010831003598702885,0.07907392461070009,2.86803510153279,True,0.5508646334516569,0.0004239686644906909,0.037177380676809736,0.009625929118138185,0.05169102956946474,0.042065100451326554,1.0,,,,,1.3298449968002224e-05,0.2851089107602376,0.09938807431955021,0.0,31.505298356676192,0.9999887168040081
local_dynamics_counterfactual,expanded_targets_local_fixed,High AD-like perturbation with A1 and expanded target local dynamics held at baseline,1.0,421,2Hz,60.0,0.02,0.5,d695e3c87e6723ff,episodic_expanded_left,0.002456949512242065,0.05763020515540217,0.005789355675487938,0.013388357515686022,0.029840686995819852,0.03367818764799494,0.1218630327504243,0.0005847062822409027,0.0007927851840219161,0.0003625888120800712,0.0006896009070377262,0.0014858746514682004,1.0,0.013297837285696838,0.08054869132674901,2.5986695198113328,True,0.506113170749875,0.0006896009070377262,0.04984893528613209,0.025639927707269857,0.06740030750778889,0.041760379800519026,1.0,,,,,0.00014041811501208645,4.761924468667601,0.2069839972059667,0.5,31.505298356676192,0.9999887168040081
local_dynamics_counterfactual,expanded_targets_local_fixed,High AD-like perturbation with A1 and expanded target local dynamics held at baseline,1.0,421,2Hz,60.0,0.02,0.5,d695e3c87e6723ff,semantic_expanded_right,0.001544757614725903,0.03647980048211569,0.004860142329098813,0.010475035718059956,0.021244505343063012,0.025101916034075182,0.07518796165068178,0.0002706577211238615,0.00040887225470047226,0.00020932389011598518,0.0004917583295425636,0.0007125280850779628,1.0,0.009876249911729716,0.050734061712766516,2.3609194171955017,True,0.45818523847094206,0.00040887225470047226,0.024589468594000075,0.010212141592649849,0.03350454438182469,0.02329240278917484,1.0,,,,,3.20660921255822e-05,1.1180869152769182,0.13710854158067382,0.0,31.505298356676192,0.9999887168040081
local_dynamics_counterfactual,expanded_targets_local_fixed,High AD-like perturbation with A1 and expanded target local dynamics held at baseline,1.0,421,2Hz,60.0,0.02,0.5,d695e3c87e6723ff,episodic_expanded_right,0.0018435656625394147,0.04353622011894107,0.00624927731228141,0.013049821500973014,0.025205101552541128,0.029880415161428066,0.08977774744548624,0.0005740104372887745,0.0007550959905628163,0.0004421302572242037,0.0007041562793535744,0.0010386790959054128,1.0,0.012322707283592896,0.06045302870463807,2.2944953713183054,True,0.44421816925598023,0.0007041562793535744,0.033837342766327244,0.027832152809023958,0.043360133443950816,0.015527980634926858,1.0,,,,,0.000173660982247692,4.919519283234041,0.14783558502379895,0.09090909090909091,31.505298356676192,0.9999887168040081
local_dynamics_counterfactual,expanded_targets_local_fixed,High AD-like perturbation with A1 and expanded target local dynamics held at baseline,1.0,421,2Hz,60.0,0.02,0.5,d695e3c87e6723ff,shared_auditory_relay,0.012352446562815514,0.15634539472042824,0.031047057075543984,0.056057828658202254,0.09385130652106316,0.11978217446045261,0.3045180908133335,0.0032451823350503188,0.003962131054609666,0.004349463219530284,0.0053343224307538396,0.007564467668900294,1.0,0.05229408928557353,0.21287663173462057,2.025297793077337,True,0.38417122392770486,0.004349463219530284,0.0412851488682439,0.07143658403544312,0.04756424093663314,0.02387234309880998,1.0,,,,,0.0004012185186523798,8.327080603403534,0.1924365465263841,0.5,31.505298356676192,0.9999887168040081
local_dynamics_counterfactual,expanded_targets_local_fixed,High AD-like perturbation with A1 and expanded target local dynamics held at baseline,1.0,421,2Hz,60.0,0.02,0.5,d695e3c87e6723ff,anterior_temporal_context,0.04815703297733736,0.6843977030502428,0.06829972314666602,0.1302694612098624,0.33344137457871315,0.5224203352095349,1.35873374451451,0.002873608992573039,0.005545209411460761,0.012858870763729406,0.018409102162405294,0.04391258729202591,1.0,0.1462558775028054,0.9469052764688959,2.69472551048753,True,0.5316095304220383,0.012858870763729406,0.024946074728227567,0.06506211062171617,0.025172324339949974,0.0398897862817662,1.0,,,,,0.0003840063681890271,0.3432054014149456,0.19050567817626993,0.2777777777777778,31.505298356676192,0.9999887168040081
local_dynamics_counterfactual,expanded_targets_local_fixed,High AD-like perturbation with A1 and expanded target local dynamics held at baseline,1.0,421,2Hz,60.0,0.02,0.5,d695e3c87e6723ff,hippocampal_context,0.004029402597019198,0.09318498238055122,0.011735883077672742,0.030261293395142295,0.0650018545075803,0.05490397265415212,0.1848983259787402,0.00046763576383609506,0.0012663978713634261,0.0006617016300821491,0.0006869740904585838,0.0018504887273511036,1.0,0.03038504475911539,0.12659396743434803,2.058775335668226,True,0.4407452300133048,0.0006869740904585838,0.03156355645515756,0.006156703830533615,0.04681714935520649,0.04066044552467288,1.0,,,,,0.0001286311385117478,3.3739758818450603,0.17670984835482606,0.0,31.505298356676192,0.9999887168040081
local_dynamics_counterfactual,expanded_targets_local_fixed,High AD-like perturbation with A1 and expanded target local dynamics held at baseline,1.0,421,2Hz,60.0,0.02,0.5,d695e3c87e6723ff,angular_parietal_context,0.011889837698289678,0.19938982500964003,0.030103263680510375,0.05358951907147588,0.12820011103956344,0.17745272798837178,0.34450580013326765,0.0014821418887681012,0.0019663304869615285,0.0018030897378345002,0.0036193373671255732,0.008424387373668681,1.0,0.059309521562851755,0.2732976474695722,2.2041374022412503,True,0.43802424500141507,0.0019663304869615285,0.025888523151136798,0.009879192231407265,0.034795011003021965,0.024915818771614702,1.0,,,,,0.00011295757457863154,1.2756664039617327,0.16198038970309064,0.0,31.505298356676192,0.9999887168040081
local_dynamics_counterfactual,expanded_targets_local_fixed,High AD-like perturbation with A1 and expanded target local dynamics held at baseline,1.0,421,5Hz,60.0,0.02,0.5,d695e3c87e6723ff,semantic_expanded,0.004281939705437005,0.07450119308811673,0.005692888719910119,0.01585353179916715,0.038397170839320933,0.06931907281090353,0.1447965101007366,0.0007070725823022273,0.0020134697065024264,0.0015652579811420238,0.0022521203061095607,0.011155779916279552,1.0,0.013821806173089647,0.10454159107483778,2.919058963504709,True,0.5732946162525056,0.0020134697065024264,0.018865300049881708,0.09443262272045316,0.014783595138358363,0.0796490275820948,1.0,,,,,0.0005718217444485862,1.0355719038415665,0.1475951027713003,0.0,31.51081457258517,0.9998029263864977
local_dynamics_counterfactual,expanded_targets_local_fixed,High AD-like perturbation with A1 and expanded target local dynamics held at baseline,1.0,421,5Hz,60.0,0.02,0.5,d695e3c87e6723ff,episodic_expanded,0.004259592655929542,0.07582606905019271,0.006431002067953398,0.015377737303498376,0.04700338731734209,0.08390488238907792,0.13833380230562503,0.0009005710513366136,0.0016428274927335587,0.0024327697812554752,0.001969953668018711,0.010176481710737413,1.0,0.014848669170583072,0.1063000280806639,2.8397364392824196,True,0.5650922124917817,0.001969953668018711,0.03667026448036287,0.10049162821584098,0.03854483536621614,0.06194679284962484,1.0,,,,,0.0006099388517457616,3.7224261830410983,0.1941928160069757,0.3157894736842105,31.51081457258517,0.9998029263864977
local_dynamics_counterfactual,expanded_targets_local_fixed,High AD-like perturbation with A1 and expanded target local dynamics held at baseline,1.0,421,5Hz,60.0,0.02,0.5,d695e3c87e6723ff,semantic_anatomical_core,0.0042326651299389425,0.07442250114204062,0.005665607270728792,0.016366017227504324,0.03539482300631443,0.06714077603293314,0.14675705108446294,0.0007015031426594327,0.0021256588757918742,0.0012729037996832096,0.0017496028775784035,0.011134451899529987,1.0,0.013528840670553287,0.10446817549505791,2.9489533954179783,True,0.5713298378461769,0.0017496028775784035,0.014628313516437268,0.0935539752180018,0.009152586605613659,0.08440138861238813,1.0,,,,,0.0005212319672572296,0.8186978119894174,0.15242419189239545,0.0,31.51081457258517,0.9998029263864977
local_dynamics_counterfactual,expanded_targets_local_fixed,High AD-like perturbation with A1 and expanded target local dynamics held at baseline,1.0,421,5Hz,60.0,0.02,0.5,d695e3c87e6723ff,episodic_anatomical_core,0.004144835758087299,0.07284455517626898,0.006220488631626014,0.014821123769392265,0.046515917122389096,0.08204519084381513,0.13174898899167695,0.0009104806244765304,0.0015578602808061005,0.002422266537596524,0.0019443852791850272,0.009629599330644927,1.0,0.014401794836932543,0.10210137937202877,2.825681831726858,True,0.5639002135093892,0.0019443852791850272,0.03858798747949957,0.10173286852659055,0.041001147620462364,0.06073172090612819,1.0,,,,,0.0006035058847397301,3.8684970966416965,0.19489066345664904,0.3125,31.51081457258517,0.9998029263864977
local_dynamics_counterfactual,expanded_targets_local_fixed,High AD-like perturbation with A1 and expanded target local dynamics held at baseline,1.0,421,5Hz,60.0,0.02,0.5,d695e3c87e6723ff,semantic_platel_peaks,0.004245106942971446,0.07456716247792598,0.005738102063197011,0.015167671064414499,0.040959762841627285,0.07268245068623622,0.14200511195010862,0.000674618768132272,0.001801843982344016,0.0019314754417206624,0.0031980579981083137,0.010476409200816345,1.0,0.014216424965541746,0.10458289583009675,2.8790163050011497,True,0.5759529166775322,0.0019314754417206624,0.024431499961163984,0.09142165541768718,0.02279010912483789,0.06863154629284929,1.0,,,,,0.0004695861382790767,1.9147878620097583,0.13258737687572233,0.0,31.51081457258517,0.9998029263864977
local_dynamics_counterfactual,expanded_targets_local_fixed,High AD-like perturbation with A1 and expanded target local dynamics held at baseline,1.0,421,5Hz,60.0,0.02,0.5,d695e3c87e6723ff,episodic_platel_peaks,0.004868219460372317,0.08627810878350999,0.007675611722432473,0.017701914592315824,0.04549918898648899,0.09008119958043664,0.16303518364656996,0.0009617518813724245,0.0020689239160418585,0.002178830354652105,0.0019089124079426716,0.011575979806737028,1.0,0.016311785976780693,0.12102415172859046,2.891308325796397,True,0.5582418110119388,0.0020689239160418585,0.025524385349293507,0.09542160325866075,0.023796233900099568,0.07162536935856119,1.0,,,,,0.0006157202327235489,2.061754403098406,0.19438119718635477,0.5,31.51081457258517,0.9998029263864977
local_dynamics_counterfactual,expanded_targets_local_fixed,High AD-like perturbation with A1 and expanded target local dynamics held at baseline,1.0,421,5Hz,60.0,0.02,0.5,d695e3c87e6723ff,semantic_expanded_left,0.004725236229375473,0.0831876090100167,0.0060228615271482955,0.017490403670318944,0.049118446154341806,0.07889593512859558,0.15915243451864042,0.0007742331920784744,0.0022656929141961946,0.0025710720211931043,0.002877046718585644,0.015320109042837154,1.0,0.015599223614265812,0.11671679758273605,2.903466073054383,True,0.5810510018163375,0.0025710720211931043,0.016380634229470257,0.10635973556013535,0.009547514859025873,0.09681222070110948,1.0,,,,,0.0012134107889925083,1.6745866175896607,0.11613429529410996,0.0,31.51081457258517,0.9998029263864977
local_dynamics_counterfactual,expanded_targets_local_fixed,High AD-like perturbation with A1 and expanded target local dynamics held at baseline,1.0,421,5Hz,60.0,0.02,0.5,d695e3c87e6723ff,episodic_expanded_left,0.0045603215582738586,0.08028429232622204,0.006364447907831208,0.015718406655080265,0.054664913891539185,0.09099405418272773,0.14377400925079906,0.0008821421339365756,0.0015769669813533204,0.003156038596759361,0.0022824883388337927,0.011372939358469433,1.0,0.0158148057761068,0.11254649204600199,2.831173347096237,True,0.5764282363131209,0.0022824883388337927,0.04154955341125824,0.10210537117714959,0.045249959364669835,0.05685541181247975,1.0,,,,,0.0006328790803737938,3.8684970966416965,0.18184962369589208,0.375,31.51081457258517,0.9998029263864977
local_dynamics_counterfactual,expanded_targets_local_fixed,High AD-like perturbation with A1 and expanded target local dynamics held at baseline,1.0,421,5Hz,60.0,0.02,0.5,d695e3c87e6723ff,semantic_expanded_right,0.0037647604275087925,0.0667218091444907,0.0053809940393274944,0.014369849618377655,0.03001607021181539,0.06090470754331347,0.13173552387536439,0.0006457377980675176,0.001789324684559574,0.0009529225658921323,0.001762934831897496,0.008123403377383457,1.0,0.012246912449652094,0.09363643015232231,2.934651853955037,True,0.5655382306886735,0.001762934831897496,0.02134996587029316,0.08250550988077097,0.02001967541769085,0.06248583446308012,1.0,,,,,0.0004497012615762297,0.6660865264033815,0.16871573248440835,0.0,31.51081457258517,0.9998029263864977
local_dynamics_counterfactual,expanded_targets_local_fixed,High AD-like perturbation with A1 and expanded target local dynamics held at baseline,1.0,421,5Hz,60.0,0.02,0.5,d695e3c87e6723ff,episodic_expanded_right,0.004040880726951857,0.07161541294082861,0.0064982521967273475,0.015044451372491734,0.040415657174318276,0.07736801433847225,0.133099445164324,0.0009193849690483608,0.001711438605115946,0.0018752523542224198,0.0017002134854818913,0.00910589397734292,1.0,0.013941554468568465,0.10040025028351236,2.8482995314686024,True,0.5537561886704423,0.001711438605115946,0.031790975549467505,0.09887788525453237,0.03183971136776245,0.06703817388676991,1.0,,,,,0.0005970729177336986,2.545561776502598,0.1941928160069757,0.2727272727272727,31.51081457258517,0.9998029263864977
local_dynamics_counterfactual,expanded_targets_local_fixed,High AD-like perturbation with A1 and expanded target local dynamics held at baseline,1.0,421,5Hz,60.0,0.02,0.5,d695e3c87e6723ff,shared_auditory_relay,0.012897832693714662,0.164876367263447,0.02614305098174365,0.05182637917037486,0.1105230531491037,0.16327356736186413,0.2931985334199134,0.004205810218941194,0.005342118497947143,0.007470212201671623,0.007994020036895873,0.02448918846649494,1.0,0.04749283508163918,0.22303706658308448,2.231501706438177,True,0.4315144833898553,0.007470212201671623,0.04238711532908041,0.11104656009678747,0.045614888056054244,0.06543167204073322,1.0,,,,,0.000701200911256028,1.5606798423482955,0.23208881097010975,0.42857142857142855,31.51081457258517,0.9998029263864977
local_dynamics_counterfactual,expanded_targets_local_fixed,High AD-like perturbation with A1 and expanded target local dynamics held at baseline,1.0,421,5Hz,60.0,0.02,0.5,d695e3c87e6723ff,anterior_temporal_context,0.09122419433003831,0.9068625693751883,0.06356572023846027,0.13309776333302736,0.5135524295350663,0.691949492109283,1.7834231833516876,0.010512077213296618,0.024193856942921862,0.0931770895502683,0.11566137685457625,0.2469078644582108,1.0,0.17899180641328435,1.2621991250045839,2.817974075543324,True,0.5999346511970488,0.0931770895502683,0.03976879343133104,0.04652990144463765,0.05664283993623584,0.010112938491598188,1.0,,,,,0.0017736610409853637,1.757663729421994,0.1599115156006791,0.3333333333333333,31.51081457258517,0.9998029263864977
local_dynamics_counterfactual,expanded_targets_local_fixed,High AD-like perturbation with A1 and expanded target local dynamics held at baseline,1.0,421,5Hz,60.0,0.02,0.5,d695e3c87e6723ff,hippocampal_context,0.009332554221097425,0.15012325193322978,0.011383532458610988,0.031917399435188475,0.10513404596975646,0.17792019791979488,0.26184524617397886,0.000742616451114998,0.002078574359430366,0.005428719365408786,0.003144761115296664,0.014666664160208363,1.0,0.034734516503361956,0.20960496143290688,2.593230945851927,True,0.5763101835651178,0.003144761115296664,0.034574009426151776,0.057244168367963824,0.040730610819289165,0.01651355754867466,1.0,,,,,0.0006473641235591465,4.898568813923914,0.07470344240011387,0.0,31.51081457258517,0.9998029263864977
local_dynamics_counterfactual,expanded_targets_local_fixed,High AD-like perturbation with A1 and expanded target local dynamics held at baseline,1.0,421,5Hz,60.0,0.02,0.5,d695e3c87e6723ff,angular_parietal_context,0.027930111884568624,0.3120588022039046,0.027925705038792117,0.055467250368517525,0.14699468036678645,0.26917550748858304,0.591968557050401,0.0028857467117922335,0.004947553713403961,0.010521255490142122,0.011562029854177567,0.04170927057321677,1.0,0.058410523946356666,0.4335149092758798,2.891781379883866,True,0.5545274452409684,0.010521255490142122,0.026480934354424127,0.07163386559028959,0.02733472164644777,0.044299143943841816,1.0,,,,,0.0007678022280770969,2.0032273204289726,0.09347273313153512,0.0,31.51081457258517,0.9998029263864977
local_dynamics_counterfactual,expanded_targets_local_fixed,High AD-like perturbation with A1 and expanded target local dynamics held at baseline,1.0,461,pulse,60.0,0.02,0.5,d695e3c87e6723ff,semantic_expanded,0.0001425106623068045,0.0037910432135349003,,,,,,,,,,,1.0,,,,False,,,,,,,,408.0,408.0,1.0,0.020928542989253035,,,,,,
local_dynamics_counterfactual,expanded_targets_local_fixed,High AD-like perturbation with A1 and expanded target local dynamics held at baseline,1.0,461,pulse,60.0,0.02,0.5,d695e3c87e6723ff,episodic_expanded,0.00020538864267826597,0.005499441953161114,,,,,,,,,,,1.0,,,,False,,,,,,,,293.5,293.5,1.0,0.018623373014149795,,,,,,
local_dynamics_counterfactual,expanded_targets_local_fixed,High AD-like perturbation with A1 and expanded target local dynamics held at baseline,1.0,461,pulse,60.0,0.02,0.5,d695e3c87e6723ff,semantic_anatomical_core,0.00013320725301642976,0.003555837179445421,,,,,,,,,,,1.0,,,,False,,,,,,,,452.0,452.0,1.0,0.02368475549936055,,,,,,
local_dynamics_counterfactual,expanded_targets_local_fixed,High AD-like perturbation with A1 and expanded target local dynamics held at baseline,1.0,461,pulse,60.0,0.02,0.5,d695e3c87e6723ff,episodic_anatomical_core,0.00021006060537752868,0.005607869395743296,,,,,,,,,,,1.0,,,,False,,,,,,,,272.0,272.0,1.0,0.018380988747991742,,,,,,
local_dynamics_counterfactual,expanded_targets_local_fixed,High AD-like perturbation with A1 and expanded target local dynamics held at baseline,1.0,461,pulse,60.0,0.02,0.5,d695e3c87e6723ff,semantic_platel_peaks,0.00015305537558995424,0.004116416474492309,,,,,,,,,,,1.0,,,,False,,,,,,,,383.0,383.0,1.0,0.020719965617583058,,,,,,
local_dynamics_counterfactual,expanded_targets_local_fixed,High AD-like perturbation with A1 and expanded target local dynamics held at baseline,1.0,461,pulse,60.0,0.02,0.5,d695e3c87e6723ff,episodic_platel_peaks,0.0002011403941356436,0.0053509060612679455,,,,,,,,,,,1.0,,,,False,,,,,,,,327.0,327.0,1.0,0.027517981035353765,,,,,,
local_dynamics_counterfactual,expanded_targets_local_fixed,High AD-like perturbation with A1 and expanded target local dynamics held at baseline,1.0,461,pulse,60.0,0.02,0.5,d695e3c87e6723ff,semantic_expanded_left,0.00014739103021550273,0.003948659585540675,,,,,,,,,,,1.0,,,,False,,,,,,,,430.0,430.0,1.0,0.020719965617583058,,,,,,
local_dynamics_counterfactual,expanded_targets_local_fixed,High AD-like perturbation with A1 and expanded target local dynamics held at baseline,1.0,461,pulse,60.0,0.02,0.5,d695e3c87e6723ff,episodic_expanded_left,0.00021016849192335028,0.0056304907360941745,,,,,,,,,,,1.0,,,,False,,,,,,,,287.0,287.0,1.0,0.018012449366058066,,,,,,
local_dynamics_counterfactual,expanded_targets_local_fixed,High AD-like perturbation with A1 and expanded target local dynamics held at baseline,1.0,461,pulse,60.0,0.02,0.5,d695e3c87e6723ff,semantic_expanded_right,0.0001368168997466566,0.00363971832353361,,,,,,,,,,,1.0,,,,False,,,,,,,,386.0,386.0,1.0,0.0241906512691546,,,,,,
local_dynamics_counterfactual,expanded_targets_local_fixed,High AD-like perturbation with A1 and expanded target local dynamics held at baseline,1.0,461,pulse,60.0,0.02,0.5,d695e3c87e6723ff,episodic_expanded_right,0.000201912388681841,0.005371443309960656,,,,,,,,,,,1.0,,,,False,,,,,,,,300.0,300.0,1.0,0.01942614255558057,,,,,,
local_dynamics_counterfactual,expanded_targets_local_fixed,High AD-like perturbation with A1 and expanded target local dynamics held at baseline,1.0,461,pulse,60.0,0.02,0.5,d695e3c87e6723ff,shared_auditory_relay,0.000538176172039138,0.013358921184059586,,,,,,,,,,,1.0,,,,False,,,,,,,,290.0,290.0,1.0,0.00922976337903094,,,,,,
local_dynamics_counterfactual,expanded_targets_local_fixed,High AD-like perturbation with A1 and expanded target local dynamics held at baseline,1.0,461,pulse,60.0,0.02,0.5,d695e3c87e6723ff,anterior_temporal_context,0.0006095571939312375,0.015557655624360511,,,,,,,,,,,1.0,,,,False,,,,,,,,637.0,584.5,0.9444444444444444,0.022460272398898768,,,,,,
local_dynamics_counterfactual,expanded_targets_local_fixed,High AD-like perturbation with A1 and expanded target local dynamics held at baseline,1.0,461,pulse,60.0,0.02,0.5,d695e3c87e6723ff,hippocampal_context,0.0005763180526566471,0.012470458317626392,,,,,,,,,,,1.0,,,,False,,,,,,,,690.0,690.0,1.0,0.008371935173417982,,,,,,
local_dynamics_counterfactual,expanded_targets_local_fixed,High AD-like perturbation with A1 and expanded target local dynamics held at baseline,1.0,461,pulse,60.0,0.02,0.5,d695e3c87e6723ff,angular_parietal_context,0.0007981802666305846,0.015278714024461598,,,,,,,,,,,1.0,,,,False,,,,,,,,1077.0,717.5,0.8333333333333334,0.02657270070257485,,,,,,
local_dynamics_counterfactual,expanded_targets_local_fixed,High AD-like perturbation with A1 and expanded target local dynamics held at baseline,1.0,461,2Hz,60.0,0.02,0.5,d695e3c87e6723ff,semantic_expanded,0.0013899606105548844,0.0315851446618333,0.004764105889918126,0.008084340021265866,0.010759301337370613,0.01838843935023243,0.06779760790896783,0.00028564423480965663,0.00033429581287251645,0.00037927503181009817,0.0006499571224405068,0.0010707844127031696,1.0,0.008293810206648758,0.04395148406622938,2.4058049417617346,True,0.4423755554437522,0.00037927503181009817,0.03255709519739161,0.023549493227239045,0.042925293459821094,0.01937580023258205,1.0,,,,,0.00022456729389830343,1.8678226624847538,0.38603300481865244,0.6923076923076923,31.515817388733574,0.9999727604251617
local_dynamics_counterfactual,expanded_targets_local_fixed,High AD-like perturbation with A1 and expanded target local dynamics held at baseline,1.0,461,2Hz,60.0,0.02,0.5,d695e3c87e6723ff,episodic_expanded,0.0017447603692149823,0.04157424617371692,0.0064694081311154695,0.010405790309150816,0.013639769690021314,0.027042617843269365,0.08862644818088093,0.0005707721596131852,0.0006737348548498791,0.0006828460086344847,0.001072160602366931,0.0015271908871709113,1.0,0.010614397504488149,0.05791969392760582,2.4480314954601012,True,0.4464955800084587,0.0006828460086344847,0.04250978110851317,0.04343504625926803,0.05346005570277523,0.010025009443507205,1.0,,,,,0.0003236408943809721,5.921237589288076,0.3673178920621083,1.0,31.515817388733574,0.9999727604251617
local_dynamics_counterfactual,expanded_targets_local_fixed,High AD-like perturbation with A1 and expanded target local dynamics held at baseline,1.0,461,2Hz,60.0,0.02,0.5,d695e3c87e6723ff,semantic_anatomical_core,0.0012318844050348604,0.028820440481728504,0.004489643553445842,0.007793245816015141,0.00922628016980024,0.01613991200167738,0.06211443782894195,0.00024410258098980184,0.00028646075672755474,0.0003225464886560659,0.000566546306920654,0.0010136277728980932,1.0,0.007563849017549994,0.04011020909402997,2.4067770159593276,True,0.431542407403901,0.0003225464886560659,0.03071483772132349,0.02108169697252326,0.04081913621658756,0.0197374392440643,1.0,,,,,0.0002325714594973438,1.113270817464551,0.357988354232306,0.6,31.515817388733574,0.9999727604251617
local_dynamics_counterfactual,expanded_targets_local_fixed,High AD-like perturbation with A1 and expanded target local dynamics held at baseline,1.0,461,2Hz,60.0,0.02,0.5,d695e3c87e6723ff,episodic_anatomical_core,0.0017731548319647127,0.04134251433970185,0.006371033512196836,0.01035159544979249,0.013419196455975058,0.02717270253633055,0.08808125301062329,0.0005988425348396333,0.0007045430842768072,0.0007033662940424773,0.0011031442156936716,0.0014702086747021643,1.0,0.010501377645841577,0.0576086718488591,2.455707393924055,True,0.4485388120140712,0.0007045430842768072,0.04352094656753828,0.04629778998532316,0.05435930900682186,0.008061519021498695,1.0,,,,,0.00033397598599560485,6.413933718143687,0.3593590763717889,1.0,31.515817388733574,0.9999727604251617
local_dynamics_counterfactual,expanded_targets_local_fixed,High AD-like perturbation with A1 and expanded target local dynamics held at baseline,1.0,461,2Hz,60.0,0.02,0.5,d695e3c87e6723ff,semantic_platel_peaks,0.0015683758039794278,0.03458515672596887,0.005276343477163685,0.008728192221347112,0.01302119082788513,0.020885066963059765,0.07374875425510216,0.00032600988027327597,0.00037948697397946864,0.000442354382016766,0.0007169818012771333,0.0011032910928336689,1.0,0.009482652528660079,0.04802128220683651,2.3403113476018467,True,0.44343667859849545,0.000442354382016766,0.03379897151578739,0.023816272630571098,0.04446582458046039,0.02064955194988929,1.0,,,,,0.00020432139525827786,1.5503237054704435,0.38939987457943903,0.6,31.515817388733574,0.9999727604251617
local_dynamics_counterfactual,expanded_targets_local_fixed,High AD-like perturbation with A1 and expanded target local dynamics held at baseline,1.0,461,2Hz,60.0,0.02,0.5,d695e3c87e6723ff,episodic_platel_peaks,0.0017443825587749782,0.04119211789879909,0.007677119716231377,0.01138115037115089,0.013991156458239605,0.02573379658917085,0.08789475285578224,0.0005208112347489329,0.0006230367155474642,0.000660837239302837,0.0009679319985722243,0.0017220950327977032,1.0,0.011443659983702673,0.05722617731857382,2.3221267009939153,True,0.4105648956276525,0.000660837239302837,0.0337642110137086,0.03465271028418032,0.042094477022116716,0.007441766737936395,1.0,,,,,0.0003731702344645371,2.7979702286507435,0.4038068564253058,1.0,31.515817388733574,0.9999727604251617
local_dynamics_counterfactual,expanded_targets_local_fixed,High AD-like perturbation with A1 and expanded target local dynamics held at baseline,1.0,461,2Hz,60.0,0.02,0.5,d695e3c87e6723ff,semantic_expanded_left,0.0016405426478394952,0.03848959669736699,0.004422348625262508,0.008469159413233356,0.012824163882815442,0.024191316887337822,0.08242919610650226,0.000309238995064644,0.00035042851106011855,0.00043001597725929986,0.0007398123180082395,0.0012545554566508264,1.0,0.008991690321934738,0.05378882787708348,2.580642296791005,True,0.4977370066893427,0.00043001597725929986,0.0373830329669516,0.025062454574634123,0.04988649900071769,0.024824044426083568,1.0,,,,,0.00020325778006102801,1.5503237054704435,0.38603300481865244,0.5714285714285714,31.515817388733574,0.9999727604251617
local_dynamics_counterfactual,expanded_targets_local_fixed,High AD-like perturbation with A1 and expanded target local dynamics held at baseline,1.0,461,2Hz,60.0,0.02,0.5,d695e3c87e6723ff,episodic_expanded_left,0.002016062867778724,0.04729986556553821,0.006126445900442001,0.010259739582743736,0.01518398846440141,0.031222924876818083,0.10101088914159204,0.0005849367483354438,0.0006829317315038754,0.0007006197818846431,0.0011682861878473168,0.0017041267390607868,1.0,0.010909901259409428,0.06612940719237753,2.5996539242596874,True,0.4846122431294291,0.0007006197818846431,0.04764979328603153,0.0435073586662916,0.06154187572220973,0.01803451705591813,1.0,,,,,0.00029780806393009396,5.864248250204726,0.32603008467400674,1.0,31.515817388733574,0.9999727604251617
local_dynamics_counterfactual,expanded_targets_local_fixed,High AD-like perturbation with A1 and expanded target local dynamics held at baseline,1.0,461,2Hz,60.0,0.02,0.5,d695e3c87e6723ff,semantic_expanded_right,0.0010976149003895047,0.025919246989074902,0.0051322740140156455,0.007717005949530141,0.009026909381863766,0.013977523559875409,0.05576319866372628,0.00026384974140450157,0.0003189058166700496,0.00033452140702160387,0.0005710154463884435,0.000913932702145341,1.0,0.0076500952858783704,0.03591327470526686,2.2309675867324636,True,0.3870141041981618,0.00033452140702160387,0.02773115742783162,0.022036531879843963,0.0359640879189245,0.013927556039080535,1.0,,,,,0.00030302599011511333,2.0525984220663,0.400588935091638,0.8333333333333334,31.515817388733574,0.9999727604251617
local_dynamics_counterfactual,expanded_targets_local_fixed,High AD-like perturbation with A1 and expanded target local dynamics held at baseline,1.0,461,2Hz,60.0,0.02,0.5,d695e3c87e6723ff,episodic_expanded_right,0.0015474494611686243,0.0365417094583057,0.006831569599581935,0.010553920115101,0.012252598691904908,0.02342199466264857,0.07776040171419653,0.0005569505747699648,0.0006646618303121144,0.0006655231318958389,0.0009839441476115884,0.0013686259081547587,1.0,0.010326897714689585,0.05072918520059288,2.296409066660515,True,0.40837891688748834,0.0006655231318958389,0.03736976893099481,0.043362733852244456,0.045378235683340734,0.002015501831096278,1.0,,,,,0.00042269957454810214,5.921237589288076,0.40947496429482233,1.0,31.515817388733574,0.9999727604251617
local_dynamics_counterfactual,expanded_targets_local_fixed,High AD-like perturbation with A1 and expanded target local dynamics held at baseline,1.0,461,2Hz,60.0,0.02,0.5,d695e3c87e6723ff,shared_auditory_relay,0.007551864828172953,0.1095412863506189,0.03289514202638316,0.049257305020308506,0.0609081186241368,0.09610600803515869,0.19349460562716594,0.003231807567394331,0.00382728028526689,0.004665777801790917,0.005715828795595553,0.00618673238511387,1.0,0.04711844714776839,0.14477647388416243,1.6194632850366841,True,0.30384913630244403,0.004665777801790917,0.04802646229331874,0.08465020561978412,0.052390519814991834,0.032259685804792285,1.0,,,,,0.0005167225809752929,8.131561308282318,0.4212477686027105,0.8571428571428571,31.515817388733574,0.9999727604251617
local_dynamics_counterfactual,expanded_targets_local_fixed,High AD-like perturbation with A1 and expanded target local dynamics held at baseline,1.0,461,2Hz,60.0,0.02,0.5,d695e3c87e6723ff,anterior_temporal_context,0.03475512530526106,0.5432825523764621,0.07196814907088009,0.14183938445064564,0.2658766031025954,0.4290998820558595,1.0572523174817832,0.003022423428745272,0.007220603902423232,0.008735183781337644,0.022281846069613587,0.026552925319980172,1.0,0.17487300445211088,0.7430342701677298,2.087121157868185,True,0.46753450200273927,0.008735183781337644,0.028905528828430622,0.07032329569345183,0.026340899038279023,0.04398239665517281,1.0,,,,,0.00027106082973193946,1.1154316745094661,0.24151390652101554,0.3888888888888889,31.515817388733574,0.9999727604251617
local_dynamics_counterfactual,expanded_targets_local_fixed,High AD-like perturbation with A1 and expanded target local dynamics held at baseline,1.0,461,2Hz,60.0,0.02,0.5,d695e3c87e6723ff,hippocampal_context,0.004080577759193434,0.09167433535075895,0.01309632757072466,0.024734240371278925,0.037442779947334096,0.04997190391665778,0.19561282304827413,0.000572896018908767,0.0010529473724254683,0.0005672023320909489,0.00141647174746028,0.0025152391987277,1.0,0.027189921668317994,0.1265379992577422,2.218426789916334,True,0.4408070525291341,0.0010529473724254683,0.03347051265763544,0.015878807430210962,0.04638010229817405,0.030501294867963085,1.0,,,,,0.00016853334463351466,2.450320992871993,0.25466220515154203,0.5,31.515817388733574,0.9999727604251617
local_dynamics_counterfactual,expanded_targets_local_fixed,High AD-like perturbation with A1 and expanded target local dynamics held at baseline,1.0,461,2Hz,60.0,0.02,0.5,d695e3c87e6723ff,angular_parietal_context,0.009696966552188548,0.16540129279119248,0.03184118490381865,0.04933718777733884,0.08331751568451999,0.13085126057626847,0.32023627441608865,0.0015203004516474376,0.0021089615731742567,0.002709503172678596,0.005643716330714699,0.005738765134653892,1.0,0.05438829938315585,0.22457461264132308,2.0458266240896883,True,0.40337610246660827,0.002709503172678596,0.02665685870082972,0.019317120544900528,0.03495077556974213,0.015633655024841604,1.0,,,,,0.00021401504139373362,1.746316469067889,0.25586363196853695,0.6666666666666666,31.515817388733574,0.9999727604251617
local_dynamics_counterfactual,expanded_targets_local_fixed,High AD-like perturbation with A1 and expanded target local dynamics held at baseline,1.0,461,5Hz,60.0,0.02,0.5,d695e3c87e6723ff,semantic_expanded,0.0013834117432555716,0.023663562967199354,0.0033072839048522893,0.006131024238837176,0.008210807296012246,0.013156625795962142,0.05012352278252178,0.00039872255164049653,0.0003911610980906942,0.00047956593826380844,0.001212899015250401,0.002695249192171712,1.0,0.006112062565478302,0.032896637929516664,2.428208930010231,True,0.4472563775230192,0.00047956593826380844,0.04382123395464527,0.04109856949066723,0.05531811941649803,0.014219549925830799,1.0,,,,,0.0010007637119184842,4.39873634260774,0.23288121824708313,0.6923076923076923,31.769745106837224,0.9999420521562215
local_dynamics_counterfactual,expanded_targets_local_fixed,High AD-like perturbation with A1 and expanded target local dynamics held at baseline,1.0,461,5Hz,60.0,0.02,0.5,d695e3c87e6723ff,episodic_expanded,0.0017345055140987491,0.031012589075968256,0.004684443743953176,0.008234746554652509,0.009912923539306394,0.01893380907385849,0.06536533396133898,0.000781175161212419,0.0007772195452349946,0.0003781709358054201,0.00204625873686828,0.003688890194158618,1.0,0.007954846573905827,0.04312978065302293,2.4387783684125366,True,0.44031603288315035,0.000781175161212419,0.049245915355930564,0.06805779975130019,0.058093326902497106,0.009964472848803085,1.0,,,,,0.0013528796964321632,4.6116107644829825,0.3248939547772425,0.9473684210526315,31.769745106837224,0.9999420521562215
local_dynamics_counterfactual,expanded_targets_local_fixed,High AD-like perturbation with A1 and expanded target local dynamics held at baseline,1.0,461,5Hz,60.0,0.02,0.5,d695e3c87e6723ff,semantic_anatomical_core,0.0012340848700211644,0.021678597665017778,0.003016759742289685,0.005782998879060899,0.007254429379264476,0.01158126733456345,0.04607918205489852,0.0003480186914077916,0.0003530947394142324,0.0004131319440545991,0.0010187961740051848,0.002491479427634389,1.0,0.005556152359110527,0.03014566370725035,2.4397924269552407,True,0.4433995103435582,0.0004131319440545991,0.04358496133923899,0.04038189747012021,0.05529394472011829,0.014912047249998082,1.0,,,,,0.001089407443678525,4.571777845294159,0.23701884643749221,0.7,31.769745106837224,0.9999420521562215
local_dynamics_counterfactual,expanded_targets_local_fixed,High AD-like perturbation with A1 and expanded target local dynamics held at baseline,1.0,461,5Hz,60.0,0.02,0.5,d695e3c87e6723ff,episodic_anatomical_core,0.0017602812753882429,0.030836120184699122,0.004640031963740153,0.008175220197776134,0.009683682487982301,0.019009086084616173,0.06497691519621142,0.0008194235442590376,0.0008151572456512241,0.000375969615760037,0.0021269755999281047,0.003725356626227992,1.0,0.007871258538633779,0.04289240673246614,2.446056036824873,True,0.4416400442568955,0.0008194235442590376,0.05010969241502995,0.07235442820313553,0.058524147148249744,0.01383028105488579,1.0,,,,,0.001364856340885734,4.715028284382079,0.34246777551634366,1.0,31.769745106837224,0.9999420521562215
local_dynamics_counterfactual,expanded_targets_local_fixed,High AD-like perturbation with A1 and expanded target local dynamics held at baseline,1.0,461,5Hz,60.0,0.02,0.5,d695e3c87e6723ff,semantic_platel_peaks,0.0015521395228638053,0.025904437208199408,0.003806412989130281,0.006777258620423358,0.009757906893977614,0.015027462725501612,0.05451964274835121,0.00043153463394856586,0.0004188916699504263,0.0005709228297280186,0.0012885129425538374,0.0028927571415026158,1.0,0.007005798619280877,0.03593959902785138,2.3589528892504092,True,0.4414685958837661,0.0005709228297280186,0.04285755220812004,0.040863623714891634,0.053684835885394064,0.01282121217050243,1.0,,,,,0.0010007637119184842,4.414557982013642,0.21457944323729022,0.6,31.769745106837224,0.9999420521562215
local_dynamics_counterfactual,expanded_targets_local_fixed,High AD-like perturbation with A1 and expanded target local dynamics held at baseline,1.0,461,5Hz,60.0,0.02,0.5,d695e3c87e6723ff,episodic_platel_peaks,0.001744911847792551,0.030928032410265583,0.005352308939334189,0.00914391297872831,0.010589622349502736,0.01815268238727893,0.06513911517747721,0.0007152620999333444,0.0007129769637007689,0.0003589484796579385,0.0016516492985902142,0.0034576443724556203,1.0,0.00861990223354709,0.042899725083052134,2.3152249908903553,True,0.4099940410680013,0.0007152620999333444,0.04387263757106672,0.0590869769859907,0.05133220776990305,0.007754769216087649,1.0,,,,,0.0011691529330509765,4.261872891247703,0.2853945747703653,0.75,31.769745106837224,0.9999420521562215
local_dynamics_counterfactual,expanded_targets_local_fixed,High AD-like perturbation with A1 and expanded target local dynamics held at baseline,1.0,461,5Hz,60.0,0.02,0.5,d695e3c87e6723ff,semantic_expanded_left,0.001619698211935102,0.028519505309164563,0.003214811098384829,0.006509555247114852,0.009354473054391592,0.016845150733437727,0.06039665184240621,0.00044197602133972286,0.000408213616156218,0.0007018126915764943,0.0018834145048263649,0.003646077583042048,1.0,0.006651187302651574,0.03978328385934358,2.580478562434602,True,0.49175139293687864,0.0007018126915764943,0.046891857375571715,0.033803458604689605,0.06161962946690073,0.027816170862211123,1.0,,,,,0.0011110111647962828,4.39873634260774,0.21973355801690683,0.7142857142857143,31.769745106837224,0.9999420521562215
local_dynamics_counterfactual,expanded_targets_local_fixed,High AD-like perturbation with A1 and expanded target local dynamics held at baseline,1.0,461,5Hz,60.0,0.02,0.5,d695e3c87e6723ff,episodic_expanded_left,0.00198802796245167,0.0350050235359399,0.0045454744109855805,0.008188166562805651,0.010754511704480522,0.021646506084165133,0.07396792005510848,0.0007988132426041546,0.0007804971824960902,0.00037151397177524786,0.002570173692337148,0.00434794030787222,1.0,0.008172693025625783,0.04883459328573663,2.579020029811856,True,0.4725657840265184,0.0007988132426041546,0.05151168705656983,0.06206744830077028,0.063558056039062,0.0014906077382917243,1.0,,,,,0.001287353705239358,4.49538977495831,0.3121828514221836,1.0,31.769745106837224,0.9999420521562215
local_dynamics_counterfactual,expanded_targets_local_fixed,High AD-like perturbation with A1 and expanded target local dynamics held at baseline,1.0,461,5Hz,60.0,0.02,0.5,d695e3c87e6723ff,semantic_expanded_right,0.0011077441964627867,0.019634429357463914,0.0034024166560798863,0.005774504830244633,0.007206964631812999,0.010275764525595985,0.04159779490236535,0.00035970203248766197,0.00037482092366307495,0.0003276992449740838,0.0007810941337796583,0.001992378944893802,1.0,0.005616637617381231,0.02720209801915458,2.2759392975858592,True,0.4027613621091597,0.00037482092366307495,0.04075061053371881,0.048393680376644856,0.04901660936609534,0.0006229289894504816,1.0,,,,,0.000905882938385616,4.285125496833773,0.2373153125230939,0.6666666666666666,31.769745106837224,0.9999420521562215
local_dynamics_counterfactual,expanded_targets_local_fixed,High AD-like perturbation with A1 and expanded target local dynamics held at baseline,1.0,461,5Hz,60.0,0.02,0.5,d695e3c87e6723ff,episodic_expanded_right,0.0015501255516602612,0.027475504486017533,0.004827661802963274,0.008281591525921048,0.009137193374869394,0.01656106184764701,0.05776324223655513,0.0007639265349506049,0.0007739556721568535,0.00038494718248299113,0.0016291407972518093,0.0031297372781134156,1.0,0.007742806907829009,0.038091399027197034,2.298536707013218,True,0.4080662817397822,0.0007739556721568535,0.04698014365529129,0.0740481512018301,0.05262859776593221,0.021419553435897888,1.0,,,,,0.0015402383212483883,4.8184458042811755,0.37565778028344965,0.9090909090909091,31.769745106837224,0.9999420521562215
local_dynamics_counterfactual,expanded_targets_local_fixed,High AD-like perturbation with A1 and expanded target local dynamics held at baseline,1.0,461,5Hz,60.0,0.02,0.5,d695e3c87e6723ff,shared_auditory_relay,0.007434104959728248,0.08170207667739512,0.024481708339085643,0.03685701239264898,0.04431904147740051,0.06997293401604751,0.14223747592002625,0.00410673981551941,0.004092690445678453,0.002693250401325749,0.006603913441612848,0.010864870068343132,1.0,0.03487113743740871,0.10786596734813862,1.6291344255091882,True,0.30009544171058716,0.00410673981551941,0.06061711607117052,0.10220905219694544,0.06615296944716459,0.03605608274978085,1.0,,,,,0.0026053086363279077,5.205963432602578,0.3872130086829924,0.8571428571428571,31.769745106837224,0.9999420521562215
local_dynamics_counterfactual,expanded_targets_local_fixed,High AD-like perturbation with A1 and expanded target local dynamics held at baseline,1.0,461,5Hz,60.0,0.02,0.5,d695e3c87e6723ff,anterior_temporal_context,0.033816849245457054,0.4139871797194884,0.06484219719562638,0.10073746119235855,0.18902258280205053,0.3308863675003279,0.7951824481104843,0.010685051356468914,0.015428937798214502,0.03537450789119659,0.05135167153126552,0.08882365418012798,1.0,0.12812520938734853,0.5660050440551838,2.143260547619313,True,0.4474148818279581,0.03537450789119659,0.035442252915749255,0.0017828216625828622,0.05293240476284666,0.0511495831002638,1.0,,,,,0.0012590651679141862,3.35748774159017,0.17595533292813326,0.2777777777777778,31.769745106837224,0.9999420521562215
local_dynamics_counterfactual,expanded_targets_local_fixed,High AD-like perturbation with A1 and expanded target local dynamics held at baseline,1.0,461,5Hz,60.0,0.02,0.5,d695e3c87e6723ff,hippocampal_context,0.004033870333838967,0.06776623373433159,0.009449460800595347,0.01807793759532144,0.02566359537416796,0.03698251684837332,0.1431112373389899,0.000674943109344699,0.0011250980683867723,0.0006913730422503594,0.003057989394260601,0.0061605916668655905,1.0,0.019075217219164848,0.0937924195290702,2.2977718404085543,True,0.44370677957746224,0.0011250980683867723,0.03443694715066783,0.02175039853011179,0.04602004756254075,0.024269649032428963,1.0,,,,,0.0007898472943367874,3.835634030654364,0.2301214849827649,1.0,31.769745106837224,0.9999420521562215
local_dynamics_counterfactual,expanded_targets_local_fixed,High AD-like perturbation with A1 and expanded target local dynamics held at baseline,1.0,461,5Hz,60.0,0.02,0.5,d695e3c87e6723ff,angular_parietal_context,0.009851390214254642,0.12367079107936804,0.02385355186111361,0.03865051506581195,0.059143809580388736,0.09302387921666282,0.23739611543852718,0.002417375386972747,0.0029311917437944593,0.003868347987825108,0.009082015959270594,0.010830044775864219,1.0,0.04045163775385962,0.1678872175705286,2.0532223730498,True,0.3948577051062574,0.003868347987825108,0.029985730704742093,0.030161236827392142,0.036159125200462085,0.005997888373069943,1.0,,,,,0.0007850981093480702,4.19679043759305,0.2058622092060503,0.6666666666666666,31.769745106837224,0.9999420521562215
local_dynamics_counterfactual,expanded_targets_local_fixed,High AD-like perturbation with A1 and expanded target local dynamics held at baseline,1.0,503,pulse,60.0,0.02,0.5,d695e3c87e6723ff,semantic_expanded,0.00014300567376574635,0.003804123167179833,,,,,,,,,,,1.0,,,,False,,,,,,,,401.5,401.5,1.0,0.004050416805950047,,,,,,
local_dynamics_counterfactual,expanded_targets_local_fixed,High AD-like perturbation with A1 and expanded target local dynamics held at baseline,1.0,503,pulse,60.0,0.02,0.5,d695e3c87e6723ff,episodic_expanded,0.00020230082902331336,0.005421616335204247,,,,,,,,,,,1.0,,,,False,,,,,,,,278.0,278.0,1.0,0.004901870774429208,,,,,,
local_dynamics_counterfactual,expanded_targets_local_fixed,High AD-like perturbation with A1 and expanded target local dynamics held at baseline,1.0,503,pulse,60.0,0.02,0.5,d695e3c87e6723ff,semantic_anatomical_core,0.00013454279286169394,0.0035931814375649933,,,,,,,,,,,1.0,,,,False,,,,,,,,457.0,457.0,1.0,0.004007735614370208,,,,,,
local_dynamics_counterfactual,expanded_targets_local_fixed,High AD-like perturbation with A1 and expanded target local dynamics held at baseline,1.0,503,pulse,60.0,0.02,0.5,d695e3c87e6723ff,episodic_anatomical_core,0.00020698843265625638,0.005529169481677651,,,,,,,,,,,1.0,,,,False,,,,,,,,261.0,261.0,1.0,0.004782913178027403,,,,,,
local_dynamics_counterfactual,expanded_targets_local_fixed,High AD-like perturbation with A1 and expanded target local dynamics held at baseline,1.0,503,pulse,60.0,0.02,0.5,d695e3c87e6723ff,semantic_platel_peaks,0.00015189551105483455,0.004085630964239129,,,,,,,,,,,1.0,,,,False,,,,,,,,373.0,373.0,1.0,0.004050416805950047,,,,,,
local_dynamics_counterfactual,expanded_targets_local_fixed,High AD-like perturbation with A1 and expanded target local dynamics held at baseline,1.0,503,pulse,60.0,0.02,0.5,d695e3c87e6723ff,episodic_platel_peaks,0.00019739337492499448,0.005253595396172441,,,,,,,,,,,1.0,,,,False,,,,,,,,309.0,309.0,1.0,0.005207657696897768,,,,,,
local_dynamics_counterfactual,expanded_targets_local_fixed,High AD-like perturbation with A1 and expanded target local dynamics held at baseline,1.0,503,pulse,60.0,0.02,0.5,d695e3c87e6723ff,semantic_expanded_left,0.00014860733616998167,0.003984250370843764,,,,,,,,,,,1.0,,,,False,,,,,,,,406.0,406.0,1.0,0.003965054422790369,,,,,,
local_dynamics_counterfactual,expanded_targets_local_fixed,High AD-like perturbation with A1 and expanded target local dynamics held at baseline,1.0,503,pulse,60.0,0.02,0.5,d695e3c87e6723ff,episodic_expanded_left,0.00020751119236324842,0.0055634975125441405,,,,,,,,,,,1.0,,,,False,,,,,,,,272.0,272.0,1.0,0.0045504313098567095,,,,,,
local_dynamics_counterfactual,expanded_targets_local_fixed,High AD-like perturbation with A1 and expanded target local dynamics held at baseline,1.0,503,pulse,60.0,0.02,0.5,d695e3c87e6723ff,semantic_expanded_right,0.00013647040096080517,0.0036321394802329293,,,,,,,,,,,1.0,,,,False,,,,,,,,397.0,397.0,1.0,0.004170070572786247,,,,,,
local_dynamics_counterfactual,expanded_targets_local_fixed,High AD-like perturbation with A1 and expanded target local dynamics held at baseline,1.0,503,pulse,60.0,0.02,0.5,d695e3c87e6723ff,episodic_expanded_right,0.000198511473866997,0.005283353433677,,,,,,,,,,,1.0,,,,False,,,,,,,,284.0,284.0,1.0,0.004991746269792281,,,,,,
local_dynamics_counterfactual,expanded_targets_local_fixed,High AD-like perturbation with A1 and expanded target local dynamics held at baseline,1.0,503,pulse,60.0,0.02,0.5,d695e3c87e6723ff,shared_auditory_relay,0.00046828233491703056,0.012018089446848065,,,,,,,,,,,1.0,,,,False,,,,,,,,291.0,291.0,1.0,0.0023359463087391837,,,,,,
local_dynamics_counterfactual,expanded_targets_local_fixed,High AD-like perturbation with A1 and expanded target local dynamics held at baseline,1.0,503,pulse,60.0,0.02,0.5,d695e3c87e6723ff,anterior_temporal_context,0.0004666118436619062,0.012091729132810175,,,,,,,,,,,1.0,,,,False,,,,,,,,495.0,495.0,1.0,0.008634822545029478,,,,,,
local_dynamics_counterfactual,expanded_targets_local_fixed,High AD-like perturbation with A1 and expanded target local dynamics held at baseline,1.0,503,pulse,60.0,0.02,0.5,d695e3c87e6723ff,hippocampal_context,0.0005715426927741801,0.01239288670277075,,,,,,,,,,,1.0,,,,False,,,,,,,,697.0,697.0,1.0,0.0035167678371992818,,,,,,
local_dynamics_counterfactual,expanded_targets_local_fixed,High AD-like perturbation with A1 and expanded target local dynamics held at baseline,1.0,503,pulse,60.0,0.02,0.5,d695e3c87e6723ff,angular_parietal_context,0.0007778550282768528,0.014980213215611146,,,,,,,,,,,1.0,,,,False,,,,,,,,723.0,723.0,1.0,0.008085977470190929,,,,,,
local_dynamics_counterfactual,expanded_targets_local_fixed,High AD-like perturbation with A1 and expanded target local dynamics held at baseline,1.0,503,2Hz,60.0,0.02,0.5,d695e3c87e6723ff,semantic_expanded,0.0009337278438207104,0.021822270633256046,0.003693785443307213,0.018839891695416944,0.029852491446719392,0.020620305365005382,0.02689769883010429,0.0003096757162892805,0.00033447099484182406,0.0003073051802402297,0.000590907315859085,0.00029159257253896917,1.0,0.019372191882947906,0.023906173248074546,0.303396012737238,False,0.292944829110345,0.0003096757162892805,0.013248260413282396,0.013891754870447998,0.01396491158349436,7.315671304636284e-05,1.0,,,,,0.00016478670014097307,6.989819697788321,0.12062664198833487,0.15384615384615385,31.50018715386483,0.9999905025692402
local_dynamics_counterfactual,expanded_targets_local_fixed,High AD-like perturbation with A1 and expanded target local dynamics held at baseline,1.0,503,2Hz,60.0,0.02,0.5,d695e3c87e6723ff,episodic_expanded,0.0010867504631542767,0.025837623948258344,0.0052809614883170125,0.01710007152830351,0.03142925954712308,0.02504475090988119,0.038625245701051886,0.0006033680328422697,0.0006144268000931107,0.00031739876293097836,0.0006979515012608249,0.000469860247751364,1.0,0.019323777865757303,0.03102825764255281,0.6832055125539918,False,0.31459245361662264,0.0006033680328422697,0.022966647761327355,0.02728667185861912,0.022153148993682988,0.005133522864936131,1.0,,,,,0.0004234651148130597,11.808954852868066,0.1729658873723703,0.2631578947368421,31.50018715386483,0.9999905025692402
local_dynamics_counterfactual,expanded_targets_local_fixed,High AD-like perturbation with A1 and expanded target local dynamics held at baseline,1.0,503,2Hz,60.0,0.02,0.5,d695e3c87e6723ff,semantic_anatomical_core,0.0008856348337746933,0.02085210759658461,0.0033918247181688867,0.019563293363420105,0.030462385651167632,0.019068863168493155,0.02333107886814444,0.00026773549316614536,0.0003035440965913643,0.0003507475362335353,0.0005884681197349347,0.00023749061860590096,1.0,0.019872033621853198,0.02183595586987662,0.13596616694099029,False,0.2763654288282714,0.0003035440965913643,0.011972136125748576,0.011925482215772241,0.012941624114317488,0.0010161418985452468,1.0,,,,,0.00014506441093736777,7.144774887378683,0.11317300062220909,0.2,31.50018715386483,0.9999905025692402
local_dynamics_counterfactual,expanded_targets_local_fixed,High AD-like perturbation with A1 and expanded target local dynamics held at baseline,1.0,503,2Hz,60.0,0.02,0.5,d695e3c87e6723ff,episodic_anatomical_core,0.0010781534771726036,0.025259354251328452,0.0052405072335138265,0.016190155740630197,0.030394422282005305,0.02501813291545429,0.03812014134952332,0.0006311187086797982,0.000644359120933425,0.0003314195563218884,0.0007262690500293341,0.0004855244219657514,1.0,0.018513220770069908,0.03061931067640785,0.7258858995795916,False,0.31767037366632694,0.0006311187086797982,0.02431029477297167,0.029183441665894108,0.023238209153296906,0.0059452325125972025,1.0,,,,,0.0004389334317674298,12.287058587467033,0.1766786159202825,0.3125,31.50018715386483,0.9999905025692402
local_dynamics_counterfactual,expanded_targets_local_fixed,High AD-like perturbation with A1 and expanded target local dynamics held at baseline,1.0,503,2Hz,60.0,0.02,0.5,d695e3c87e6723ff,semantic_platel_peaks,0.000986903113633975,0.02324342030557502,0.004191047196133545,0.017782532622895073,0.028493578710716377,0.022847817828689602,0.03244596669058133,0.0003528821439004365,0.00035801702339687864,0.00022730266446813744,0.0005194709807848898,0.0003381671714534361,1.0,0.01848927960839443,0.027003790934253525,0.5464729400207182,False,0.3133454262657562,0.0003528821439004365,0.014853872401538728,0.016068417662056293,0.0156255614853325,0.00044285617672379374,1.0,,,,,0.0001984723713660541,5.56923788745542,0.1452282505600483,0.2,31.50018715386483,0.9999905025692402
local_dynamics_counterfactual,expanded_targets_local_fixed,High AD-like perturbation with A1 and expanded target local dynamics held at baseline,1.0,503,2Hz,60.0,0.02,0.5,d695e3c87e6723ff,episodic_platel_peaks,0.0011789515109064618,0.02785133949129478,0.0061038079733329005,0.020731259901191023,0.035468171494521694,0.024711876381943627,0.04012727048963021,0.0005596903707248931,0.000563723309796056,0.00029115029799592725,0.0005562635051403478,0.0004721535870306793,1.0,0.022470998091661285,0.03228552376009968,0.5228232258056329,False,0.2843499926387395,0.0005562635051403478,0.016722394475909695,0.021505176183325835,0.015188502048795339,0.006316674134530496,1.0,,,,,0.00029859979036889195,5.866748014964703,0.11332777963863441,0.0,31.50018715386483,0.9999905025692402
local_dynamics_counterfactual,expanded_targets_local_fixed,High AD-like perturbation with A1 and expanded target local dynamics held at baseline,1.0,503,2Hz,60.0,0.02,0.5,d695e3c87e6723ff,semantic_expanded_left,0.0009928470387869331,0.02331075949094829,0.0034572225823184715,0.020157253901180602,0.030737479638855245,0.022039873573387374,0.02979198233749782,0.0003339396342094402,0.0003468860424670393,0.0003272213841273877,0.000669002114417057,0.00031694031415434364,1.0,0.020318570774446553,0.025741861032591875,0.34131743307154094,False,0.31716471475498165,0.0003339396342094402,0.014867958953723509,0.014950475377115007,0.016091418814240484,0.0011409434371254766,1.0,,,,,0.00012362333588855634,7.707677942089698,0.13744054268251998,0.2857142857142857,31.50018715386483,0.9999905025692402
local_dynamics_counterfactual,expanded_targets_local_fixed,High AD-like perturbation with A1 and expanded target local dynamics held at baseline,1.0,503,2Hz,60.0,0.02,0.5,d695e3c87e6723ff,episodic_expanded_left,0.00118811118476486,0.027895308133665937,0.005009926690882916,0.017318221855093255,0.0328109983971169,0.027891038988799494,0.04286280648401114,0.000615650113051095,0.0006163615430396558,0.0003322365616587086,0.0008226631430479733,0.0004545991684720427,1.0,0.020092552297635444,0.03401780750559647,0.75962932331514,False,0.34406203513963785,0.000615650113051095,0.024503375598936752,0.027552572288298292,0.024855693047016805,0.002696879241281487,1.0,,,,,0.00040946316670797955,12.857171082479262,0.1766786159202825,0.25,31.50018715386483,0.9999905025692402
local_dynamics_counterfactual,expanded_targets_local_fixed,High AD-like perturbation with A1 and expanded target local dynamics held at baseline,1.0,503,2Hz,60.0,0.02,0.5,d695e3c87e6723ff,semantic_expanded_right,0.0008647554496934505,0.02042882797430882,0.0039465352826772064,0.01760862470826205,0.02899298368139218,0.019292170253620913,0.024284594229380094,0.0002871748047706516,0.0003225002816338716,0.0002886011684545531,0.0005219287778186517,0.00026827205174816533,1.0,0.018469892519296788,0.022201390903453713,0.2654745924029346,False,0.2687249434657087,0.0002886011684545531,0.011628561872841283,0.01283303436378099,0.011838404352748235,0.0009946300110327544,1.0,,,,,0.00016954971611582437,6.766038048485636,0.10289367920935108,0.0,31.50018715386483,0.9999905025692402
local_dynamics_counterfactual,expanded_targets_local_fixed,High AD-like perturbation with A1 and expanded target local dynamics held at baseline,1.0,503,2Hz,60.0,0.02,0.5,d695e3c87e6723ff,episodic_expanded_right,0.001013033574710216,0.02393172386168874,0.005566659147296338,0.016884669149049975,0.030105708571404672,0.0224889272999074,0.03480662438711626,0.000591330977349688,0.0006124981302546487,0.0003032236253805294,0.0005921455242389923,0.000485633647679121,1.0,0.018584418020854216,0.02830143512847641,0.6067817017928425,False,0.28512287209360737,0.000591330977349688,0.021429919923717962,0.02702077142893994,0.019450604940349173,0.007570166488590768,1.0,,,,,0.00042926963225675685,10.394485704975214,0.15811084705519135,0.2727272727272727,31.50018715386483,0.9999905025692402
local_dynamics_counterfactual,expanded_targets_local_fixed,High AD-like perturbation with A1 and expanded target local dynamics held at baseline,1.0,503,2Hz,60.0,0.02,0.5,d695e3c87e6723ff,shared_auditory_relay,0.009738911133195314,0.10365011472745142,0.030587315268543393,0.06293917041783026,0.10599078620679753,0.11429009788832434,0.1554105925510337,0.0033199212020506358,0.0036865290985375514,0.004177152961502187,0.005332502098133522,0.0064705251909512405,1.0,0.06562935639649743,0.12903057593950354,0.9752997864374191,False,0.2775414623442488,0.004177152961502187,0.045682942018048754,0.06174107425348183,0.040291669954167955,0.021449404299313878,1.0,,,,,0.0009278371736167745,13.115334019549971,0.2543525185259736,0.7142857142857143,31.50018715386483,0.9999905025692402
local_dynamics_counterfactual,expanded_targets_local_fixed,High AD-like perturbation with A1 and expanded target local dynamics held at baseline,1.0,503,2Hz,60.0,0.02,0.5,d695e3c87e6723ff,anterior_temporal_context,0.012014017380786519,0.26530487941173625,0.0700815590282407,0.1315928615836728,0.16693346887234556,0.3110775298735709,0.44444576944947467,0.0029579896337968083,0.003898776973025191,0.005085872362751302,0.011497140119299247,0.011440544808938396,1.0,0.11570190568681774,0.3512870790991885,1.6022378861228737,True,0.32854970988728116,0.005085872362751302,0.046258527818896215,0.06670311036355134,0.03822608701386659,0.02847702334968475,1.0,,,,,0.00018995585601255804,1.87191120518258,0.17999312838692394,0.2222222222222222,31.50018715386483,0.9999905025692402
local_dynamics_counterfactual,expanded_targets_local_fixed,High AD-like perturbation with A1 and expanded target local dynamics held at baseline,1.0,503,2Hz,60.0,0.02,0.5,d695e3c87e6723ff,hippocampal_context,0.0028847207172758415,0.0572483353658593,0.011200277320808272,0.034071947485195625,0.0761329261831922,0.06259023745844268,0.0760125794085526,0.0005021939229697548,0.0008602788349537582,0.0007366752325110765,0.0009081745331731664,0.001144457641810728,1.0,0.042237865732243696,0.06929441131150978,0.7142020641838419,False,0.3201380356600543,0.0008602788349537582,0.010564726088526724,0.012320665860642123,0.011159110397797307,0.0011615554628448162,1.0,,,,,0.00023560648867815281,5.804285243045152,0.09353400447857242,0.0,31.50018715386483,0.9999905025692402
local_dynamics_counterfactual,expanded_targets_local_fixed,High AD-like perturbation with A1 and expanded target local dynamics held at baseline,1.0,503,2Hz,60.0,0.02,0.5,d695e3c87e6723ff,angular_parietal_context,0.006855957517937324,0.10221848499400062,0.026354156106858925,0.06525627392015794,0.10171526662767713,0.10622915170485084,0.15867324301602112,0.0016208170766860363,0.0017204397227722243,0.001512117802041327,0.004303930132574167,0.002876825427519867,1.0,0.06676289525996715,0.12769500946108886,0.9355837176373462,False,0.2941452072150817,0.0017204397227722243,0.010188612353394005,0.016245467893060528,0.00858770569071788,0.007657762202342648,1.0,,,,,0.00022287315117036632,5.541249426682482,0.08346335549392182,0.0,31.50018715386483,0.9999905025692402
local_dynamics_counterfactual,expanded_targets_local_fixed,High AD-like perturbation with A1 and expanded target local dynamics held at baseline,1.0,503,5Hz,60.0,0.02,0.5,d695e3c87e6723ff,semantic_expanded,0.001201750395416574,0.021114138681449093,0.0032007630439237185,0.017712138641258778,0.030541900653835507,0.020097078016699733,0.022635967009395155,0.00042867279431135525,0.0015048618801125407,0.0009875462384477084,0.0011549472001051186,0.0005341803391060276,1.0,0.01925267149037383,0.02260457205182083,0.23155595762552186,False,0.29132528274358865,0.0009875462384477084,0.02447621457772268,0.04658180547948504,0.005586074153790168,0.04099573132569487,1.0,,,,,0.0005449565274356916,3.3967323443763813,0.15384468199873655,0.07692307692307693,31.75403104709666,0.9999556471294496
local_dynamics_counterfactual,expanded_targets_local_fixed,High AD-like perturbation with A1 and expanded target local dynamics held at baseline,1.0,503,5Hz,60.0,0.02,0.5,d695e3c87e6723ff,episodic_expanded,0.001337599912100713,0.023837667450710434,0.0047240655748077625,0.014658802407754438,0.0314545025180818,0.02286339541464608,0.03277312946755554,0.000843386302099435,0.0012059043032123724,0.0004943422051924617,0.001401345791110931,0.0005069948674058204,1.0,0.018481763659346666,0.0281375260896718,0.6063930539859026,False,0.3115048759197721,0.000843386302099435,0.03229858893547784,0.0518358581952824,0.020734715870738593,0.031101142324543807,1.0,,,,,0.0007366223309750453,6.3187204098082885,0.19117305734351434,0.42105263157894735,31.75403104709666,0.9999556471294496
local_dynamics_counterfactual,expanded_targets_local_fixed,High AD-like perturbation with A1 and expanded target local dynamics held at baseline,1.0,503,5Hz,60.0,0.02,0.5,d695e3c87e6723ff,semantic_anatomical_core,0.0011587095323797986,0.02046876899198171,0.0028673717637936733,0.018794093215615343,0.0314618782613288,0.01897457493548371,0.019156942683544797,0.00036969668296920916,0.0016179208966959787,0.001132379756094015,0.001135868139283385,0.0004916293383976758,1.0,0.020003362202931748,0.020866883190636266,0.06097261526243036,False,0.2746960592281889,0.001132379756094015,0.024239418959758716,0.04652533913515465,0.0029669991837113644,0.04355833995144329,1.0,,,,,0.00046564231654633303,2.8095785943992757,0.16013669755190746,0.1,31.75403104709666,0.9999556471294496
local_dynamics_counterfactual,expanded_targets_local_fixed,High AD-like perturbation with A1 and expanded target local dynamics held at baseline,1.0,503,5Hz,60.0,0.02,0.5,d695e3c87e6723ff,episodic_anatomical_core,0.0013168061765846967,0.02315940596639469,0.0046905311551871205,0.013662100758670024,0.030370065819153375,0.022772770141496267,0.032107091783402306,0.0008843197461259156,0.0011456865379710632,0.0004268604847854464,0.0014284597762021327,0.0004906640014616204,1.0,0.017620814228030145,0.027596716552531302,0.6472160355770245,False,0.31436340150089226,0.0008843197461259156,0.03404569964289515,0.05318601990123138,0.02326989577112567,0.029916124130105713,1.0,,,,,0.0008196540276627085,6.463917864061825,0.20502757918460987,0.5,31.75403104709666,0.9999556471294496
local_dynamics_counterfactual,expanded_targets_local_fixed,High AD-like perturbation with A1 and expanded target local dynamics held at baseline,1.0,503,5Hz,60.0,0.02,0.5,d695e3c87e6723ff,semantic_platel_peaks,0.0012389883180338001,0.022062826839203655,0.003722150641117373,0.016102086280113035,0.028689979165394182,0.02177703867943198,0.028153706594035238,0.0004685576272465428,0.00130155810707627,0.0007552639913240218,0.0009999399134094278,0.0006209551705245474,1.0,0.017978944848702556,0.025263742098588594,0.4907599946225503,False,0.31368966040117047,0.0007552639913240218,0.02482809177644873,0.04671698108468164,0.009598659713078089,0.03711832137160355,1.0,,,,,0.0006501317495650749,3.688291489983706,0.14524829489551574,0.0,31.75403104709666,0.9999556471294496
local_dynamics_counterfactual,expanded_targets_local_fixed,High AD-like perturbation with A1 and expanded target local dynamics held at baseline,1.0,503,5Hz,60.0,0.02,0.5,d695e3c87e6723ff,episodic_platel_peaks,0.0014877583474086746,0.026375863098914282,0.005276734249502378,0.018584189318626654,0.03572286645103401,0.022608803157397547,0.035487186441603674,0.0007652171872279759,0.0015422697041978745,0.0007886793975666533,0.0011806291447779237,0.0008859627287794954,1.0,0.02185013126887511,0.03010758605564047,0.4624850943146559,False,0.28909853971099414,0.0008859627287794954,0.025725292817590603,0.05018446660968558,0.008690886403595386,0.04149358020609019,1.0,,,,,0.00047095358279120036,4.246133863102875,0.13334491974208462,0.25,31.75403104709666,0.9999556471294496
local_dynamics_counterfactual,expanded_targets_local_fixed,High AD-like perturbation with A1 and expanded target local dynamics held at baseline,1.0,503,5Hz,60.0,0.02,0.5,d695e3c87e6723ff,semantic_expanded_left,0.0012625001049531525,0.022236046310238018,0.0032269823406374833,0.018957231411950756,0.03158791613656215,0.02122747334124283,0.024172422823734,0.0004837268137902999,0.0016562174399610313,0.0010659450043179273,0.0014942009533349355,0.0005466884494428752,1.0,0.02021482487604635,0.02378726608826364,0.23477576446047185,False,0.29866966839745807,0.0010659450043179273,0.025904380091244683,0.04865887535008061,0.006114507921269537,0.04254436742881107,1.0,,,,,0.0006774099379921461,3.3967323443763813,0.15126981443734006,0.14285714285714285,31.75403104709666,0.9999556471294496
local_dynamics_counterfactual,expanded_targets_local_fixed,High AD-like perturbation with A1 and expanded target local dynamics held at baseline,1.0,503,5Hz,60.0,0.02,0.5,d695e3c87e6723ff,episodic_expanded_left,0.0014442835739686016,0.0254377455573151,0.004665039895293097,0.014707555406869575,0.03273704887845047,0.02547451080050522,0.035667456758900935,0.0008773835698253136,0.0011195393768126522,0.00045709519231116013,0.00172245211601013,0.0003194954055879611,1.0,0.01913678596807216,0.03043186690866516,0.669234292934469,False,0.33308955103799437,0.0008773835698253136,0.03290474502244912,0.04869762532461813,0.02460636356215204,0.024091261762466093,1.0,,,,,0.000732613047731534,7.024820766583977,0.1899409134925697,0.25,31.75403104709666,0.9999556471294496
local_dynamics_counterfactual,expanded_targets_local_fixed,High AD-like perturbation with A1 and expanded target local dynamics held at baseline,1.0,503,5Hz,60.0,0.02,0.5,d695e3c87e6723ff,semantic_expanded_right,0.001130875734290566,0.020048836292187632,0.003174756779525475,0.016548822369146253,0.029530523365834123,0.019026877966893667,0.021197171925494047,0.0003798845946595954,0.0013673381426711317,0.0009149135922788582,0.0008927199732094188,0.0005219584115563932,1.0,0.01833631316566462,0.021480681123673323,0.2283361507905716,False,0.28398089708971913,0.0008927199732094188,0.023048049064200677,0.04450473560888946,0.005057640386310799,0.039447095222578665,1.0,,,,,0.00046564231654633303,3.1575815675947836,0.1643209304309762,0.0,31.75403104709666,0.9999556471294496
local_dynamics_counterfactual,expanded_targets_local_fixed,High AD-like perturbation with A1 and expanded target local dynamics held at baseline,1.0,503,5Hz,60.0,0.02,0.5,d695e3c87e6723ff,episodic_expanded_right,0.001260011794378612,0.022338237019092006,0.004783838092703313,0.014610211016388323,0.030222202750575022,0.020519917103809203,0.03011366979029468,0.0008107063763578107,0.001298931702291941,0.0005346243407176155,0.0011401013752493608,0.0008045304911437234,1.0,0.017849161741675553,0.02601616183532686,0.5435518150373351,False,0.2899202008015498,0.0008107063763578107,0.03169243284850655,0.05497409106594666,0.016863068179325147,0.038111022886621514,1.0,,,,,0.000766606860511998,5.011726347656406,0.21455828281449302,0.5454545454545454,31.75403104709666,0.9999556471294496
local_dynamics_counterfactual,expanded_targets_local_fixed,High AD-like perturbation with A1 and expanded target local dynamics held at baseline,1.0,503,5Hz,60.0,0.02,0.5,d695e3c87e6723ff,shared_auditory_relay,0.010805206563984664,0.08982345732052789,0.024156004319658187,0.050025895846256316,0.09678577991386748,0.09736647144325054,0.12775317263323627,0.004182902277999379,0.004637983693566024,0.0038731199170722354,0.006375728715327291,0.007724476945019433,1.0,0.0571678911296791,0.11090379533436741,0.9560317613669193,False,0.2883280359445674,0.004637983693566024,0.05131275165788141,0.0703223628956208,0.04179384814398927,0.028528514751631526,1.0,,,,,0.002489455964402587,7.549261757217206,0.2813642795968626,0.7142857142857143,31.75403104709666,0.9999556471294496
local_dynamics_counterfactual,expanded_targets_local_fixed,High AD-like perturbation with A1 and expanded target local dynamics held at baseline,1.0,503,5Hz,60.0,0.02,0.5,d695e3c87e6723ff,anterior_temporal_context,0.013774692604004104,0.2398505310366353,0.06717234927045569,0.08242432222694082,0.14489042564075455,0.28543604357107744,0.38375935279734175,0.01159077895092078,0.008629099131479816,0.01773977094155922,0.035221079973695855,0.03587420240000928,1.0,0.08910697378945946,0.31904437009640985,1.8401468251485027,True,0.34102752699327016,0.01773977094155922,0.01724519419291691,0.006516750088560444,0.026340467065956906,0.01982371697739646,1.0,,,,,0.0007597662458840859,2.0601110992613045,0.1525572482180383,0.2222222222222222,31.75403104709666,0.9999556471294496
local_dynamics_counterfactual,expanded_targets_local_fixed,High AD-like perturbation with A1 and expanded target local dynamics held at baseline,1.0,503,5Hz,60.0,0.02,0.5,d695e3c87e6723ff,hippocampal_context,0.003425132357844868,0.05111800793460424,0.009454129382648974,0.025455722518812368,0.07361805495109616,0.05600169017832503,0.060933588031858756,0.0006906739750072682,0.001337086421172242,0.0008557152465044455,0.0018827402117415004,0.0004348036122810537,1.0,0.03851235276331504,0.061185679131252724,0.6678727594494299,False,0.32569613587186813,0.0008557152465044455,0.01876325360419823,0.026145163132734253,0.015101407152970524,0.011043755979763729,1.0,,,,,0.00045686860192878376,4.808214217081583,0.09168836988962312,0.0,31.75403104709666,0.9999556471294496
local_dynamics_counterfactual,expanded_targets_local_fixed,High AD-like perturbation with A1 and expanded target local dynamics held at baseline,1.0,503,5Hz,60.0,0.02,0.5,d695e3c87e6723ff,angular_parietal_context,0.008099098887968729,0.09160069571216917,0.02318165162158228,0.054516023728467713,0.0938912082345031,0.09411871191540021,0.13748307763031925,0.0027578549932833,0.003818120350328581,0.0030716550078279618,0.006328494841207067,0.0029121589182167285,1.0,0.058668647517476614,0.11399251466870806,0.9582774535689014,False,0.2962099408533989,0.0030716550078279618,0.01607334067018972,0.0373215517197076,0.005651414393020757,0.031670137326686845,1.0,,,,,0.0003121379801398483,4.544249319408164,0.11502001107506937,0.0,31.75403104709666,0.9999556471294496
