scope,variant,condition,severity,seed,probe,global_coupling,input_peak_per_ms,dt_ms,pair,semantic_network,episodic_network,outcome,unit,semantic_value,episodic_value,semantic_minus_episodic_interaction
main_full_field,full_field,Baseline,0.0,11,2Hz,60.0,0.02,0.5,expanded_bilateral,semantic_expanded,episodic_expanded,transfer_gain,log2 ratio,0.0,0.0,0.0
main_full_field,full_field,Baseline,0.0,23,2Hz,60.0,0.02,0.5,expanded_bilateral,semantic_expanded,episodic_expanded,transfer_gain,log2 ratio,0.0,0.0,0.0
main_full_field,full_field,Baseline,0.0,37,2Hz,60.0,0.02,0.5,expanded_bilateral,semantic_expanded,episodic_expanded,transfer_gain,log2 ratio,0.0,0.0,0.0
main_full_field,full_field,Baseline,0.0,53,2Hz,60.0,0.02,0.5,expanded_bilateral,semantic_expanded,episodic_expanded,transfer_gain,log2 ratio,0.0,0.0,0.0
main_full_field,full_field,Baseline,0.0,71,2Hz,60.0,0.02,0.5,expanded_bilateral,semantic_expanded,episodic_expanded,transfer_gain,log2 ratio,0.0,0.0,0.0
main_full_field,full_field,Baseline,0.0,89,2Hz,60.0,0.02,0.5,expanded_bilateral,semantic_expanded,episodic_expanded,transfer_gain,log2 ratio,0.0,0.0,0.0
main_full_field,full_field,Baseline,0.0,107,2Hz,60.0,0.02,0.5,expanded_bilateral,semantic_expanded,episodic_expanded,transfer_gain,log2 ratio,0.0,0.0,0.0
main_full_field,full_field,Baseline,0.0,127,2Hz,60.0,0.02,0.5,expanded_bilateral,semantic_expanded,episodic_expanded,transfer_gain,log2 ratio,0.0,0.0,0.0
main_full_field,full_field,Baseline,0.0,149,2Hz,60.0,0.02,0.5,expanded_bilateral,semantic_expanded,episodic_expanded,transfer_gain,log2 ratio,0.0,0.0,0.0
main_full_field,full_field,Baseline,0.0,173,2Hz,60.0,0.02,0.5,expanded_bilateral,semantic_expanded,episodic_expanded,transfer_gain,log2 ratio,0.0,0.0,0.0
main_full_field,full_field,Baseline,0.0,197,2Hz,60.0,0.02,0.5,expanded_bilateral,semantic_expanded,episodic_expanded,transfer_gain,log2 ratio,0.0,0.0,0.0
main_full_field,full_field,Baseline,0.0,223,2Hz,60.0,0.02,0.5,expanded_bilateral,semantic_expanded,episodic_expanded,transfer_gain,log2 ratio,0.0,0.0,0.0
main_full_field,full_field,Baseline,0.0,251,2Hz,60.0,0.02,0.5,expanded_bilateral,semantic_expanded,episodic_expanded,transfer_gain,log2 ratio,0.0,0.0,0.0
main_full_field,full_field,Baseline,0.0,281,2Hz,60.0,0.02,0.5,expanded_bilateral,semantic_expanded,episodic_expanded,transfer_gain,log2 ratio,0.0,0.0,0.0
main_full_field,full_field,Baseline,0.0,313,2Hz,60.0,0.02,0.5,expanded_bilateral,semantic_expanded,episodic_expanded,transfer_gain,log2 ratio,0.0,0.0,0.0
main_full_field,full_field,Baseline,0.0,347,2Hz,60.0,0.02,0.5,expanded_bilateral,semantic_expanded,episodic_expanded,transfer_gain,log2 ratio,0.0,0.0,0.0
main_full_field,full_field,Baseline,0.0,383,2Hz,60.0,0.02,0.5,expanded_bilateral,semantic_expanded,episodic_expanded,transfer_gain,log2 ratio,0.0,0.0,0.0
main_full_field,full_field,Baseline,0.0,421,2Hz,60.0,0.02,0.5,expanded_bilateral,semantic_expanded,episodic_expanded,transfer_gain,log2 ratio,0.0,0.0,0.0
main_full_field,full_field,Baseline,0.0,461,2Hz,60.0,0.02,0.5,expanded_bilateral,semantic_expanded,episodic_expanded,transfer_gain,log2 ratio,0.0,0.0,0.0
main_full_field,full_field,Baseline,0.0,503,2Hz,60.0,0.02,0.5,expanded_bilateral,semantic_expanded,episodic_expanded,transfer_gain,log2 ratio,0.0,0.0,0.0
main_full_field,full_field,High AD-like perturbation,1.0,11,2Hz,60.0,0.02,0.5,expanded_bilateral,semantic_expanded,episodic_expanded,transfer_gain,log2 ratio,9.929104476392096,6.980263651295736,2.94884082509636
main_full_field,full_field,High AD-like perturbation,1.0,23,2Hz,60.0,0.02,0.5,expanded_bilateral,semantic_expanded,episodic_expanded,transfer_gain,log2 ratio,9.913721372979296,7.478680118715517,2.435041254263779
main_full_field,full_field,High AD-like perturbation,1.0,37,2Hz,60.0,0.02,0.5,expanded_bilateral,semantic_expanded,episodic_expanded,transfer_gain,log2 ratio,9.90587922406425,8.102809549369486,1.8030696746947648
main_full_field,full_field,High AD-like perturbation,1.0,53,2Hz,60.0,0.02,0.5,expanded_bilateral,semantic_expanded,episodic_expanded,transfer_gain,log2 ratio,9.922207163098738,7.984928396540006,1.937278766558732
main_full_field,full_field,High AD-like perturbation,1.0,71,2Hz,60.0,0.02,0.5,expanded_bilateral,semantic_expanded,episodic_expanded,transfer_gain,log2 ratio,9.981804868499887,8.454998405049198,1.52680646345069
main_full_field,full_field,High AD-like perturbation,1.0,89,2Hz,60.0,0.02,0.5,expanded_bilateral,semantic_expanded,episodic_expanded,transfer_gain,log2 ratio,9.87699143155621,7.305034952867435,2.571956478688775
main_full_field,full_field,High AD-like perturbation,1.0,107,2Hz,60.0,0.02,0.5,expanded_bilateral,semantic_expanded,episodic_expanded,transfer_gain,log2 ratio,10.152554542137485,7.813985826780192,2.338568715357294
main_full_field,full_field,High AD-like perturbation,1.0,127,2Hz,60.0,0.02,0.5,expanded_bilateral,semantic_expanded,episodic_expanded,transfer_gain,log2 ratio,10.225277201864024,8.327954148659462,1.8973230532045626
main_full_field,full_field,High AD-like perturbation,1.0,149,2Hz,60.0,0.02,0.5,expanded_bilateral,semantic_expanded,episodic_expanded,transfer_gain,log2 ratio,10.028264961865535,7.986272198504227,2.041992763361308
main_full_field,full_field,High AD-like perturbation,1.0,173,2Hz,60.0,0.02,0.5,expanded_bilateral,semantic_expanded,episodic_expanded,transfer_gain,log2 ratio,10.101210616239554,7.842165676123042,2.259044940116512
main_full_field,full_field,High AD-like perturbation,1.0,197,2Hz,60.0,0.02,0.5,expanded_bilateral,semantic_expanded,episodic_expanded,transfer_gain,log2 ratio,9.90112570005581,7.425332085878553,2.475793614177256
main_full_field,full_field,High AD-like perturbation,1.0,223,2Hz,60.0,0.02,0.5,expanded_bilateral,semantic_expanded,episodic_expanded,transfer_gain,log2 ratio,10.355029883676712,8.899958765548142,1.4550711181285703
main_full_field,full_field,High AD-like perturbation,1.0,251,2Hz,60.0,0.02,0.5,expanded_bilateral,semantic_expanded,episodic_expanded,transfer_gain,log2 ratio,9.862155090527104,7.267726494031259,2.5944285964958445
main_full_field,full_field,High AD-like perturbation,1.0,281,2Hz,60.0,0.02,0.5,expanded_bilateral,semantic_expanded,episodic_expanded,transfer_gain,log2 ratio,10.058206428725905,7.373315787382057,2.6848906413438476
main_full_field,full_field,High AD-like perturbation,1.0,313,2Hz,60.0,0.02,0.5,expanded_bilateral,semantic_expanded,episodic_expanded,transfer_gain,log2 ratio,9.878823440622241,7.8952475658593295,1.983575874762912
main_full_field,full_field,High AD-like perturbation,1.0,347,2Hz,60.0,0.02,0.5,expanded_bilateral,semantic_expanded,episodic_expanded,transfer_gain,log2 ratio,9.918049568854903,7.219867663929798,2.6981819049251046
main_full_field,full_field,High AD-like perturbation,1.0,383,2Hz,60.0,0.02,0.5,expanded_bilateral,semantic_expanded,episodic_expanded,transfer_gain,log2 ratio,10.127206538794965,8.037604045636428,2.0896024931585373
main_full_field,full_field,High AD-like perturbation,1.0,421,2Hz,60.0,0.02,0.5,expanded_bilateral,semantic_expanded,episodic_expanded,transfer_gain,log2 ratio,10.079761945400868,8.324572870187327,1.7551890752135417
main_full_field,full_field,High AD-like perturbation,1.0,461,2Hz,60.0,0.02,0.5,expanded_bilateral,semantic_expanded,episodic_expanded,transfer_gain,log2 ratio,9.853108243356365,7.657239641786109,2.1958686015702558
main_full_field,full_field,High AD-like perturbation,1.0,503,2Hz,60.0,0.02,0.5,expanded_bilateral,semantic_expanded,episodic_expanded,transfer_gain,log2 ratio,9.882953939963775,6.912025304221911,2.9709286357418643
main_full_field,full_field,Intermediate AD-like perturbation,0.5,11,2Hz,60.0,0.02,0.5,expanded_bilateral,semantic_expanded,episodic_expanded,transfer_gain,log2 ratio,11.748427065512075,9.436307876757354,2.312119188754721
main_full_field,full_field,Intermediate AD-like perturbation,0.5,23,2Hz,60.0,0.02,0.5,expanded_bilateral,semantic_expanded,episodic_expanded,transfer_gain,log2 ratio,10.112770516105682,8.372165848873939,1.740604667231743
main_full_field,full_field,Intermediate AD-like perturbation,0.5,37,2Hz,60.0,0.02,0.5,expanded_bilateral,semantic_expanded,episodic_expanded,transfer_gain,log2 ratio,6.143982678699211,5.436166331381395,0.7078163473178156
main_full_field,full_field,Intermediate AD-like perturbation,0.5,53,2Hz,60.0,0.02,0.5,expanded_bilateral,semantic_expanded,episodic_expanded,transfer_gain,log2 ratio,10.70871868746798,9.162370670278161,1.5463480171898194
main_full_field,full_field,Intermediate AD-like perturbation,0.5,71,2Hz,60.0,0.02,0.5,expanded_bilateral,semantic_expanded,episodic_expanded,transfer_gain,log2 ratio,11.757863727996192,9.531172170901154,2.2266915570950374
main_full_field,full_field,Intermediate AD-like perturbation,0.5,89,2Hz,60.0,0.02,0.5,expanded_bilateral,semantic_expanded,episodic_expanded,transfer_gain,log2 ratio,10.232040544414282,8.66191945148773,1.570121092926552
main_full_field,full_field,Intermediate AD-like perturbation,0.5,107,2Hz,60.0,0.02,0.5,expanded_bilateral,semantic_expanded,episodic_expanded,transfer_gain,log2 ratio,9.057941303282043,7.958566405067285,1.0993748982147578
main_full_field,full_field,Intermediate AD-like perturbation,0.5,127,2Hz,60.0,0.02,0.5,expanded_bilateral,semantic_expanded,episodic_expanded,transfer_gain,log2 ratio,8.45722224922695,7.162247683824713,1.2949745654022369
main_full_field,full_field,Intermediate AD-like perturbation,0.5,149,2Hz,60.0,0.02,0.5,expanded_bilateral,semantic_expanded,episodic_expanded,transfer_gain,log2 ratio,9.84167313430761,7.796665884693604,2.045007249614007
main_full_field,full_field,Intermediate AD-like perturbation,0.5,173,2Hz,60.0,0.02,0.5,expanded_bilateral,semantic_expanded,episodic_expanded,transfer_gain,log2 ratio,11.56433848107779,9.665053940954012,1.8992845401237783
main_full_field,full_field,Intermediate AD-like perturbation,0.5,197,2Hz,60.0,0.02,0.5,expanded_bilateral,semantic_expanded,episodic_expanded,transfer_gain,log2 ratio,11.899826680638052,10.308078210032471,1.5917484706055802
main_full_field,full_field,Intermediate AD-like perturbation,0.5,223,2Hz,60.0,0.02,0.5,expanded_bilateral,semantic_expanded,episodic_expanded,transfer_gain,log2 ratio,11.115015682466423,9.437255526120605,1.6777601563458173
main_full_field,full_field,Intermediate AD-like perturbation,0.5,251,2Hz,60.0,0.02,0.5,expanded_bilateral,semantic_expanded,episodic_expanded,transfer_gain,log2 ratio,9.335651421456301,7.9237903700930925,1.4118610513632088
main_full_field,full_field,Intermediate AD-like perturbation,0.5,281,2Hz,60.0,0.02,0.5,expanded_bilateral,semantic_expanded,episodic_expanded,transfer_gain,log2 ratio,11.056266523729349,8.992500006493222,2.063766517236127
main_full_field,full_field,Intermediate AD-like perturbation,0.5,313,2Hz,60.0,0.02,0.5,expanded_bilateral,semantic_expanded,episodic_expanded,transfer_gain,log2 ratio,11.636875918089608,9.766805183919352,1.8700707341702554
main_full_field,full_field,Intermediate AD-like perturbation,0.5,347,2Hz,60.0,0.02,0.5,expanded_bilateral,semantic_expanded,episodic_expanded,transfer_gain,log2 ratio,8.379972174412433,7.242600198660588,1.1373719757518455
main_full_field,full_field,Intermediate AD-like perturbation,0.5,383,2Hz,60.0,0.02,0.5,expanded_bilateral,semantic_expanded,episodic_expanded,transfer_gain,log2 ratio,10.621350016997177,8.949702812390774,1.671647204606403
main_full_field,full_field,Intermediate AD-like perturbation,0.5,421,2Hz,60.0,0.02,0.5,expanded_bilateral,semantic_expanded,episodic_expanded,transfer_gain,log2 ratio,8.360129653526323,7.230778601666956,1.1293510518593672
main_full_field,full_field,Intermediate AD-like perturbation,0.5,461,2Hz,60.0,0.02,0.5,expanded_bilateral,semantic_expanded,episodic_expanded,transfer_gain,log2 ratio,10.025900352163623,8.742000972495534,1.2838993796680889
main_full_field,full_field,Intermediate AD-like perturbation,0.5,503,2Hz,60.0,0.02,0.5,expanded_bilateral,semantic_expanded,episodic_expanded,transfer_gain,log2 ratio,9.266427510027537,7.544866949337227,1.7215605606903095
main_full_field,full_field,Baseline,0.0,11,5Hz,60.0,0.02,0.5,expanded_bilateral,semantic_expanded,episodic_expanded,transfer_gain,log2 ratio,0.0,0.0,0.0
main_full_field,full_field,Baseline,0.0,23,5Hz,60.0,0.02,0.5,expanded_bilateral,semantic_expanded,episodic_expanded,transfer_gain,log2 ratio,0.0,0.0,0.0
main_full_field,full_field,Baseline,0.0,37,5Hz,60.0,0.02,0.5,expanded_bilateral,semantic_expanded,episodic_expanded,transfer_gain,log2 ratio,0.0,0.0,0.0
main_full_field,full_field,Baseline,0.0,53,5Hz,60.0,0.02,0.5,expanded_bilateral,semantic_expanded,episodic_expanded,transfer_gain,log2 ratio,0.0,0.0,0.0
main_full_field,full_field,Baseline,0.0,71,5Hz,60.0,0.02,0.5,expanded_bilateral,semantic_expanded,episodic_expanded,transfer_gain,log2 ratio,0.0,0.0,0.0
main_full_field,full_field,Baseline,0.0,89,5Hz,60.0,0.02,0.5,expanded_bilateral,semantic_expanded,episodic_expanded,transfer_gain,log2 ratio,0.0,0.0,0.0
main_full_field,full_field,Baseline,0.0,107,5Hz,60.0,0.02,0.5,expanded_bilateral,semantic_expanded,episodic_expanded,transfer_gain,log2 ratio,0.0,0.0,0.0
main_full_field,full_field,Baseline,0.0,127,5Hz,60.0,0.02,0.5,expanded_bilateral,semantic_expanded,episodic_expanded,transfer_gain,log2 ratio,0.0,0.0,0.0
main_full_field,full_field,Baseline,0.0,149,5Hz,60.0,0.02,0.5,expanded_bilateral,semantic_expanded,episodic_expanded,transfer_gain,log2 ratio,0.0,0.0,0.0
main_full_field,full_field,Baseline,0.0,173,5Hz,60.0,0.02,0.5,expanded_bilateral,semantic_expanded,episodic_expanded,transfer_gain,log2 ratio,0.0,0.0,0.0
main_full_field,full_field,Baseline,0.0,197,5Hz,60.0,0.02,0.5,expanded_bilateral,semantic_expanded,episodic_expanded,transfer_gain,log2 ratio,0.0,0.0,0.0
main_full_field,full_field,Baseline,0.0,223,5Hz,60.0,0.02,0.5,expanded_bilateral,semantic_expanded,episodic_expanded,transfer_gain,log2 ratio,0.0,0.0,0.0
main_full_field,full_field,Baseline,0.0,251,5Hz,60.0,0.02,0.5,expanded_bilateral,semantic_expanded,episodic_expanded,transfer_gain,log2 ratio,0.0,0.0,0.0
main_full_field,full_field,Baseline,0.0,281,5Hz,60.0,0.02,0.5,expanded_bilateral,semantic_expanded,episodic_expanded,transfer_gain,log2 ratio,0.0,0.0,0.0
main_full_field,full_field,Baseline,0.0,313,5Hz,60.0,0.02,0.5,expanded_bilateral,semantic_expanded,episodic_expanded,transfer_gain,log2 ratio,0.0,0.0,0.0
main_full_field,full_field,Baseline,0.0,347,5Hz,60.0,0.02,0.5,expanded_bilateral,semantic_expanded,episodic_expanded,transfer_gain,log2 ratio,0.0,0.0,0.0
main_full_field,full_field,Baseline,0.0,383,5Hz,60.0,0.02,0.5,expanded_bilateral,semantic_expanded,episodic_expanded,transfer_gain,log2 ratio,0.0,0.0,0.0
main_full_field,full_field,Baseline,0.0,421,5Hz,60.0,0.02,0.5,expanded_bilateral,semantic_expanded,episodic_expanded,transfer_gain,log2 ratio,0.0,0.0,0.0
main_full_field,full_field,Baseline,0.0,461,5Hz,60.0,0.02,0.5,expanded_bilateral,semantic_expanded,episodic_expanded,transfer_gain,log2 ratio,0.0,0.0,0.0
main_full_field,full_field,Baseline,0.0,503,5Hz,60.0,0.02,0.5,expanded_bilateral,semantic_expanded,episodic_expanded,transfer_gain,log2 ratio,0.0,0.0,0.0
main_full_field,full_field,High AD-like perturbation,1.0,11,5Hz,60.0,0.02,0.5,expanded_bilateral,semantic_expanded,episodic_expanded,transfer_gain,log2 ratio,9.010696432689167,6.1318298665393325,2.878866566149835
main_full_field,full_field,High AD-like perturbation,1.0,23,5Hz,60.0,0.02,0.5,expanded_bilateral,semantic_expanded,episodic_expanded,transfer_gain,log2 ratio,8.995276771616759,6.055216089371301,2.9400606822454574
main_full_field,full_field,High AD-like perturbation,1.0,37,5Hz,60.0,0.02,0.5,expanded_bilateral,semantic_expanded,episodic_expanded,transfer_gain,log2 ratio,9.031700387242012,7.678991813147385,1.3527085740946267
main_full_field,full_field,High AD-like perturbation,1.0,53,5Hz,60.0,0.02,0.5,expanded_bilateral,semantic_expanded,episodic_expanded,transfer_gain,log2 ratio,8.991461518448075,6.967937414322458,2.0235241041256167
main_full_field,full_field,High AD-like perturbation,1.0,71,5Hz,60.0,0.02,0.5,expanded_bilateral,semantic_expanded,episodic_expanded,transfer_gain,log2 ratio,8.942374106334503,6.413903043035493,2.52847106329901
main_full_field,full_field,High AD-like perturbation,1.0,89,5Hz,60.0,0.02,0.5,expanded_bilateral,semantic_expanded,episodic_expanded,transfer_gain,log2 ratio,8.99145985850849,6.465224029236434,2.526235829272056
main_full_field,full_field,High AD-like perturbation,1.0,107,5Hz,60.0,0.02,0.5,expanded_bilateral,semantic_expanded,episodic_expanded,transfer_gain,log2 ratio,9.44958023985824,7.085109458209919,2.36447078164832
main_full_field,full_field,High AD-like perturbation,1.0,127,5Hz,60.0,0.02,0.5,expanded_bilateral,semantic_expanded,episodic_expanded,transfer_gain,log2 ratio,9.054451201657294,7.285925882145041,1.7685253195122526
main_full_field,full_field,High AD-like perturbation,1.0,149,5Hz,60.0,0.02,0.5,expanded_bilateral,semantic_expanded,episodic_expanded,transfer_gain,log2 ratio,9.486232491688954,7.289631047240539,2.196601444448415
main_full_field,full_field,High AD-like perturbation,1.0,173,5Hz,60.0,0.02,0.5,expanded_bilateral,semantic_expanded,episodic_expanded,transfer_gain,log2 ratio,8.965474370592826,6.30839911506136,2.657075255531466
main_full_field,full_field,High AD-like perturbation,1.0,197,5Hz,60.0,0.02,0.5,expanded_bilateral,semantic_expanded,episodic_expanded,transfer_gain,log2 ratio,9.037913670526853,6.816085444821001,2.2218282257058526
main_full_field,full_field,High AD-like perturbation,1.0,223,5Hz,60.0,0.02,0.5,expanded_bilateral,semantic_expanded,episodic_expanded,transfer_gain,log2 ratio,9.81348831512221,8.867389428502245,0.946098886619966
main_full_field,full_field,High AD-like perturbation,1.0,251,5Hz,60.0,0.02,0.5,expanded_bilateral,semantic_expanded,episodic_expanded,transfer_gain,log2 ratio,8.94468904997129,6.744187066037752,2.2005019839335374
main_full_field,full_field,High AD-like perturbation,1.0,281,5Hz,60.0,0.02,0.5,expanded_bilateral,semantic_expanded,episodic_expanded,transfer_gain,log2 ratio,9.163698430193925,6.685289343348342,2.4784090868455833
main_full_field,full_field,High AD-like perturbation,1.0,313,5Hz,60.0,0.02,0.5,expanded_bilateral,semantic_expanded,episodic_expanded,transfer_gain,log2 ratio,9.168340142879192,6.89287030035087,2.275469842528322
main_full_field,full_field,High AD-like perturbation,1.0,347,5Hz,60.0,0.02,0.5,expanded_bilateral,semantic_expanded,episodic_expanded,transfer_gain,log2 ratio,9.150500183866432,6.8732141664674336,2.277286017398999
main_full_field,full_field,High AD-like perturbation,1.0,383,5Hz,60.0,0.02,0.5,expanded_bilateral,semantic_expanded,episodic_expanded,transfer_gain,log2 ratio,9.304114137023516,7.529754204696833,1.774359932326683
main_full_field,full_field,High AD-like perturbation,1.0,421,5Hz,60.0,0.02,0.5,expanded_bilateral,semantic_expanded,episodic_expanded,transfer_gain,log2 ratio,9.14346210770792,7.963043563755774,1.180418543952146
main_full_field,full_field,High AD-like perturbation,1.0,461,5Hz,60.0,0.02,0.5,expanded_bilateral,semantic_expanded,episodic_expanded,transfer_gain,log2 ratio,8.886688900867098,6.640591702307938,2.24609719855916
main_full_field,full_field,High AD-like perturbation,1.0,503,5Hz,60.0,0.02,0.5,expanded_bilateral,semantic_expanded,episodic_expanded,transfer_gain,log2 ratio,8.968078502890192,6.35624694718393,2.611831555706262
main_full_field,full_field,Intermediate AD-like perturbation,0.5,11,5Hz,60.0,0.02,0.5,expanded_bilateral,semantic_expanded,episodic_expanded,transfer_gain,log2 ratio,10.397057172337792,8.630442469262315,1.7666147030754775
main_full_field,full_field,Intermediate AD-like perturbation,0.5,23,5Hz,60.0,0.02,0.5,expanded_bilateral,semantic_expanded,episodic_expanded,transfer_gain,log2 ratio,9.23571116181453,7.5660726303582,1.6696385314563296
main_full_field,full_field,Intermediate AD-like perturbation,0.5,37,5Hz,60.0,0.02,0.5,expanded_bilateral,semantic_expanded,episodic_expanded,transfer_gain,log2 ratio,7.95436950970199,6.77679514920802,1.1775743604939697
main_full_field,full_field,Intermediate AD-like perturbation,0.5,53,5Hz,60.0,0.02,0.5,expanded_bilateral,semantic_expanded,episodic_expanded,transfer_gain,log2 ratio,8.34325272845295,6.919738401764099,1.4235143266888501
main_full_field,full_field,Intermediate AD-like perturbation,0.5,71,5Hz,60.0,0.02,0.5,expanded_bilateral,semantic_expanded,episodic_expanded,transfer_gain,log2 ratio,11.002635630131719,8.801371698633682,2.201263931498037
main_full_field,full_field,Intermediate AD-like perturbation,0.5,89,5Hz,60.0,0.02,0.5,expanded_bilateral,semantic_expanded,episodic_expanded,transfer_gain,log2 ratio,8.934450921774772,7.17874886445471,1.755702057320062
main_full_field,full_field,Intermediate AD-like perturbation,0.5,107,5Hz,60.0,0.02,0.5,expanded_bilateral,semantic_expanded,episodic_expanded,transfer_gain,log2 ratio,6.889385590662094,5.801048995329657,1.0883365953324375
main_full_field,full_field,Intermediate AD-like perturbation,0.5,127,5Hz,60.0,0.02,0.5,expanded_bilateral,semantic_expanded,episodic_expanded,transfer_gain,log2 ratio,5.892055001379604,5.1503948431592805,0.7416601582203235
main_full_field,full_field,Intermediate AD-like perturbation,0.5,149,5Hz,60.0,0.02,0.5,expanded_bilateral,semantic_expanded,episodic_expanded,transfer_gain,log2 ratio,9.481392929334598,8.04020113283835,1.4411917964962484
main_full_field,full_field,Intermediate AD-like perturbation,0.5,173,5Hz,60.0,0.02,0.5,expanded_bilateral,semantic_expanded,episodic_expanded,transfer_gain,log2 ratio,10.449290387798731,9.13266161893241,1.3166287688663214
main_full_field,full_field,Intermediate AD-like perturbation,0.5,197,5Hz,60.0,0.02,0.5,expanded_bilateral,semantic_expanded,episodic_expanded,transfer_gain,log2 ratio,10.128608525487202,8.567363955067146,1.5612445704200564
main_full_field,full_field,Intermediate AD-like perturbation,0.5,223,5Hz,60.0,0.02,0.5,expanded_bilateral,semantic_expanded,episodic_expanded,transfer_gain,log2 ratio,10.664201331775033,8.490887760913777,2.1733135708612554
main_full_field,full_field,Intermediate AD-like perturbation,0.5,251,5Hz,60.0,0.02,0.5,expanded_bilateral,semantic_expanded,episodic_expanded,transfer_gain,log2 ratio,9.877879086487061,8.807386375767077,1.070492710719984
main_full_field,full_field,Intermediate AD-like perturbation,0.5,281,5Hz,60.0,0.02,0.5,expanded_bilateral,semantic_expanded,episodic_expanded,transfer_gain,log2 ratio,9.596470671005502,7.666916652881165,1.9295540181243371
main_full_field,full_field,Intermediate AD-like perturbation,0.5,313,5Hz,60.0,0.02,0.5,expanded_bilateral,semantic_expanded,episodic_expanded,transfer_gain,log2 ratio,10.7829736812789,8.726803724594017,2.056169956684883
main_full_field,full_field,Intermediate AD-like perturbation,0.5,347,5Hz,60.0,0.02,0.5,expanded_bilateral,semantic_expanded,episodic_expanded,transfer_gain,log2 ratio,10.455240401177278,8.552325553134224,1.9029148480430536
main_full_field,full_field,Intermediate AD-like perturbation,0.5,383,5Hz,60.0,0.02,0.5,expanded_bilateral,semantic_expanded,episodic_expanded,transfer_gain,log2 ratio,9.231043583013562,7.5952808746837315,1.635762708329831
main_full_field,full_field,Intermediate AD-like perturbation,0.5,421,5Hz,60.0,0.02,0.5,expanded_bilateral,semantic_expanded,episodic_expanded,transfer_gain,log2 ratio,7.781491017311776,6.652542563079541,1.1289484542322352
main_full_field,full_field,Intermediate AD-like perturbation,0.5,461,5Hz,60.0,0.02,0.5,expanded_bilateral,semantic_expanded,episodic_expanded,transfer_gain,log2 ratio,11.596094500081307,9.976790522814722,1.6193039772665845
main_full_field,full_field,Intermediate AD-like perturbation,0.5,503,5Hz,60.0,0.02,0.5,expanded_bilateral,semantic_expanded,episodic_expanded,transfer_gain,log2 ratio,9.082535969335224,7.357513221974061,1.7250227473611623
main_full_field,full_field,Baseline,0.0,11,2Hz,60.0,0.02,0.5,expanded_bilateral,semantic_expanded,episodic_expanded,functional_connectivity,Fisher-z difference,0.0,0.0,0.0
main_full_field,full_field,Baseline,0.0,23,2Hz,60.0,0.02,0.5,expanded_bilateral,semantic_expanded,episodic_expanded,functional_connectivity,Fisher-z difference,0.0,0.0,0.0
main_full_field,full_field,Baseline,0.0,37,2Hz,60.0,0.02,0.5,expanded_bilateral,semantic_expanded,episodic_expanded,functional_connectivity,Fisher-z difference,0.0,0.0,0.0
main_full_field,full_field,Baseline,0.0,53,2Hz,60.0,0.02,0.5,expanded_bilateral,semantic_expanded,episodic_expanded,functional_connectivity,Fisher-z difference,0.0,0.0,0.0
main_full_field,full_field,Baseline,0.0,71,2Hz,60.0,0.02,0.5,expanded_bilateral,semantic_expanded,episodic_expanded,functional_connectivity,Fisher-z difference,0.0,0.0,0.0
main_full_field,full_field,Baseline,0.0,89,2Hz,60.0,0.02,0.5,expanded_bilateral,semantic_expanded,episodic_expanded,functional_connectivity,Fisher-z difference,0.0,0.0,0.0
main_full_field,full_field,Baseline,0.0,107,2Hz,60.0,0.02,0.5,expanded_bilateral,semantic_expanded,episodic_expanded,functional_connectivity,Fisher-z difference,0.0,0.0,0.0
main_full_field,full_field,Baseline,0.0,127,2Hz,60.0,0.02,0.5,expanded_bilateral,semantic_expanded,episodic_expanded,functional_connectivity,Fisher-z difference,0.0,0.0,0.0
main_full_field,full_field,Baseline,0.0,149,2Hz,60.0,0.02,0.5,expanded_bilateral,semantic_expanded,episodic_expanded,functional_connectivity,Fisher-z difference,0.0,0.0,0.0
main_full_field,full_field,Baseline,0.0,173,2Hz,60.0,0.02,0.5,expanded_bilateral,semantic_expanded,episodic_expanded,functional_connectivity,Fisher-z difference,0.0,0.0,0.0
main_full_field,full_field,Baseline,0.0,197,2Hz,60.0,0.02,0.5,expanded_bilateral,semantic_expanded,episodic_expanded,functional_connectivity,Fisher-z difference,0.0,0.0,0.0
main_full_field,full_field,Baseline,0.0,223,2Hz,60.0,0.02,0.5,expanded_bilateral,semantic_expanded,episodic_expanded,functional_connectivity,Fisher-z difference,0.0,0.0,0.0
main_full_field,full_field,Baseline,0.0,251,2Hz,60.0,0.02,0.5,expanded_bilateral,semantic_expanded,episodic_expanded,functional_connectivity,Fisher-z difference,0.0,0.0,0.0
main_full_field,full_field,Baseline,0.0,281,2Hz,60.0,0.02,0.5,expanded_bilateral,semantic_expanded,episodic_expanded,functional_connectivity,Fisher-z difference,0.0,0.0,0.0
main_full_field,full_field,Baseline,0.0,313,2Hz,60.0,0.02,0.5,expanded_bilateral,semantic_expanded,episodic_expanded,functional_connectivity,Fisher-z difference,0.0,0.0,0.0
main_full_field,full_field,Baseline,0.0,347,2Hz,60.0,0.02,0.5,expanded_bilateral,semantic_expanded,episodic_expanded,functional_connectivity,Fisher-z difference,0.0,0.0,0.0
main_full_field,full_field,Baseline,0.0,383,2Hz,60.0,0.02,0.5,expanded_bilateral,semantic_expanded,episodic_expanded,functional_connectivity,Fisher-z difference,0.0,0.0,0.0
main_full_field,full_field,Baseline,0.0,421,2Hz,60.0,0.02,0.5,expanded_bilateral,semantic_expanded,episodic_expanded,functional_connectivity,Fisher-z difference,0.0,0.0,0.0
main_full_field,full_field,Baseline,0.0,461,2Hz,60.0,0.02,0.5,expanded_bilateral,semantic_expanded,episodic_expanded,functional_connectivity,Fisher-z difference,0.0,0.0,0.0
main_full_field,full_field,Baseline,0.0,503,2Hz,60.0,0.02,0.5,expanded_bilateral,semantic_expanded,episodic_expanded,functional_connectivity,Fisher-z difference,0.0,0.0,0.0
main_full_field,full_field,High AD-like perturbation,1.0,11,2Hz,60.0,0.02,0.5,expanded_bilateral,semantic_expanded,episodic_expanded,functional_connectivity,Fisher-z difference,-2.130553169217231,-2.1968857230589327,0.06633255384170189
main_full_field,full_field,High AD-like perturbation,1.0,23,2Hz,60.0,0.02,0.5,expanded_bilateral,semantic_expanded,episodic_expanded,functional_connectivity,Fisher-z difference,-2.1322562070125897,-2.1946231768915774,0.06236696987898771
main_full_field,full_field,High AD-like perturbation,1.0,37,2Hz,60.0,0.02,0.5,expanded_bilateral,semantic_expanded,episodic_expanded,functional_connectivity,Fisher-z difference,-2.130348931218723,-2.1928694984849795,0.06252056726625632
main_full_field,full_field,High AD-like perturbation,1.0,53,2Hz,60.0,0.02,0.5,expanded_bilateral,semantic_expanded,episodic_expanded,functional_connectivity,Fisher-z difference,-2.1323655775547996,-2.2015287814749405,0.06916320392014086
main_full_field,full_field,High AD-like perturbation,1.0,71,2Hz,60.0,0.02,0.5,expanded_bilateral,semantic_expanded,episodic_expanded,functional_connectivity,Fisher-z difference,-2.1296010204058247,-2.1905148701877506,0.06091384978192593
main_full_field,full_field,High AD-like perturbation,1.0,89,2Hz,60.0,0.02,0.5,expanded_bilateral,semantic_expanded,episodic_expanded,functional_connectivity,Fisher-z difference,-2.129655730670491,-2.1966327651240576,0.06697703445356673
main_full_field,full_field,High AD-like perturbation,1.0,107,2Hz,60.0,0.02,0.5,expanded_bilateral,semantic_expanded,episodic_expanded,functional_connectivity,Fisher-z difference,-2.133541398616749,-2.198673597787193,0.06513219917044388
main_full_field,full_field,High AD-like perturbation,1.0,127,2Hz,60.0,0.02,0.5,expanded_bilateral,semantic_expanded,episodic_expanded,functional_connectivity,Fisher-z difference,-2.1248331188790064,-2.176827869422191,0.05199475054318459
main_full_field,full_field,High AD-like perturbation,1.0,149,2Hz,60.0,0.02,0.5,expanded_bilateral,semantic_expanded,episodic_expanded,functional_connectivity,Fisher-z difference,-2.1336375700550545,-2.1984831611276157,0.06484559107256116
main_full_field,full_field,High AD-like perturbation,1.0,173,2Hz,60.0,0.02,0.5,expanded_bilateral,semantic_expanded,episodic_expanded,functional_connectivity,Fisher-z difference,-2.1321371551116175,-2.204674820749301,0.07253766563768371
main_full_field,full_field,High AD-like perturbation,1.0,197,2Hz,60.0,0.02,0.5,expanded_bilateral,semantic_expanded,episodic_expanded,functional_connectivity,Fisher-z difference,-2.130656673090627,-2.1944783613115786,0.06382168822095169
main_full_field,full_field,High AD-like perturbation,1.0,223,2Hz,60.0,0.02,0.5,expanded_bilateral,semantic_expanded,episodic_expanded,functional_connectivity,Fisher-z difference,-2.1155489985887326,-2.153413433453326,0.037864434864593566
main_full_field,full_field,High AD-like perturbation,1.0,251,2Hz,60.0,0.02,0.5,expanded_bilateral,semantic_expanded,episodic_expanded,functional_connectivity,Fisher-z difference,-2.1318076421830248,-2.196171143462974,0.06436350127994928
main_full_field,full_field,High AD-like perturbation,1.0,281,2Hz,60.0,0.02,0.5,expanded_bilateral,semantic_expanded,episodic_expanded,functional_connectivity,Fisher-z difference,-2.130349496576808,-2.199220128631903,0.06887063205509492
main_full_field,full_field,High AD-like perturbation,1.0,313,2Hz,60.0,0.02,0.5,expanded_bilateral,semantic_expanded,episodic_expanded,functional_connectivity,Fisher-z difference,-2.1306056095794186,-2.1998927587598396,0.069287149180421
main_full_field,full_field,High AD-like perturbation,1.0,347,2Hz,60.0,0.02,0.5,expanded_bilateral,semantic_expanded,episodic_expanded,functional_connectivity,Fisher-z difference,-2.133182056771559,-2.204726213366977,0.0715441565954178
main_full_field,full_field,High AD-like perturbation,1.0,383,2Hz,60.0,0.02,0.5,expanded_bilateral,semantic_expanded,episodic_expanded,functional_connectivity,Fisher-z difference,-2.128546885140702,-2.194621083247624,0.06607419810692194
main_full_field,full_field,High AD-like perturbation,1.0,421,2Hz,60.0,0.02,0.5,expanded_bilateral,semantic_expanded,episodic_expanded,functional_connectivity,Fisher-z difference,-2.129117577414679,-2.1820562159621786,0.05293863854749947
main_full_field,full_field,High AD-like perturbation,1.0,461,2Hz,60.0,0.02,0.5,expanded_bilateral,semantic_expanded,episodic_expanded,functional_connectivity,Fisher-z difference,-2.132389699521989,-2.2082877902647806,0.07589809074279152
main_full_field,full_field,High AD-like perturbation,1.0,503,2Hz,60.0,0.02,0.5,expanded_bilateral,semantic_expanded,episodic_expanded,functional_connectivity,Fisher-z difference,-2.132971866653604,-2.198854954773584,0.06588308811998012
main_full_field,full_field,Intermediate AD-like perturbation,0.5,11,2Hz,60.0,0.02,0.5,expanded_bilateral,semantic_expanded,episodic_expanded,functional_connectivity,Fisher-z difference,-1.9909654149821123,-2.0489917477368627,0.05802633275475033
main_full_field,full_field,Intermediate AD-like perturbation,0.5,23,2Hz,60.0,0.02,0.5,expanded_bilateral,semantic_expanded,episodic_expanded,functional_connectivity,Fisher-z difference,-2.081279510282496,-2.1579910793056643,0.07671156902316811
main_full_field,full_field,Intermediate AD-like perturbation,0.5,37,2Hz,60.0,0.02,0.5,expanded_bilateral,semantic_expanded,episodic_expanded,functional_connectivity,Fisher-z difference,-2.10550285454298,-2.1265875317454226,0.02108467720244267
main_full_field,full_field,Intermediate AD-like perturbation,0.5,53,2Hz,60.0,0.02,0.5,expanded_bilateral,semantic_expanded,episodic_expanded,functional_connectivity,Fisher-z difference,-2.1110766231851366,-2.186405397969235,0.0753287747840985
main_full_field,full_field,Intermediate AD-like perturbation,0.5,71,2Hz,60.0,0.02,0.5,expanded_bilateral,semantic_expanded,episodic_expanded,functional_connectivity,Fisher-z difference,-2.113115053194229,-2.1954115395710527,0.08229648637682363
main_full_field,full_field,Intermediate AD-like perturbation,0.5,89,2Hz,60.0,0.02,0.5,expanded_bilateral,semantic_expanded,episodic_expanded,functional_connectivity,Fisher-z difference,-2.054688097132968,-2.1205687719977604,0.06588067486479243
main_full_field,full_field,Intermediate AD-like perturbation,0.5,107,2Hz,60.0,0.02,0.5,expanded_bilateral,semantic_expanded,episodic_expanded,functional_connectivity,Fisher-z difference,-2.118449083750844,-2.188535280643099,0.07008619689225482
main_full_field,full_field,Intermediate AD-like perturbation,0.5,127,2Hz,60.0,0.02,0.5,expanded_bilateral,semantic_expanded,episodic_expanded,functional_connectivity,Fisher-z difference,-2.149838480447034,-2.21182607724881,0.06198759680177579
main_full_field,full_field,Intermediate AD-like perturbation,0.5,149,2Hz,60.0,0.02,0.5,expanded_bilateral,semantic_expanded,episodic_expanded,functional_connectivity,Fisher-z difference,-2.0850766637083638,-2.148226404632723,0.06314974092435932
main_full_field,full_field,Intermediate AD-like perturbation,0.5,173,2Hz,60.0,0.02,0.5,expanded_bilateral,semantic_expanded,episodic_expanded,functional_connectivity,Fisher-z difference,-1.9215630892739544,-1.9875083038866113,0.0659452146126569
main_full_field,full_field,Intermediate AD-like perturbation,0.5,197,2Hz,60.0,0.02,0.5,expanded_bilateral,semantic_expanded,episodic_expanded,functional_connectivity,Fisher-z difference,-2.0276160517455457,-2.086558508767492,0.058942457021946115
main_full_field,full_field,Intermediate AD-like perturbation,0.5,223,2Hz,60.0,0.02,0.5,expanded_bilateral,semantic_expanded,episodic_expanded,functional_connectivity,Fisher-z difference,-1.9905910134198248,-2.0389956012343817,0.04840458781455692
main_full_field,full_field,Intermediate AD-like perturbation,0.5,251,2Hz,60.0,0.02,0.5,expanded_bilateral,semantic_expanded,episodic_expanded,functional_connectivity,Fisher-z difference,-2.1464126987208023,-2.2177015067704287,0.07128880804962634
main_full_field,full_field,Intermediate AD-like perturbation,0.5,281,2Hz,60.0,0.02,0.5,expanded_bilateral,semantic_expanded,episodic_expanded,functional_connectivity,Fisher-z difference,-1.984407228613816,-2.025795164612131,0.04138793599831514
main_full_field,full_field,Intermediate AD-like perturbation,0.5,313,2Hz,60.0,0.02,0.5,expanded_bilateral,semantic_expanded,episodic_expanded,functional_connectivity,Fisher-z difference,-1.8859365750354593,-1.9004860652274052,0.014549490191945846
main_full_field,full_field,Intermediate AD-like perturbation,0.5,347,2Hz,60.0,0.02,0.5,expanded_bilateral,semantic_expanded,episodic_expanded,functional_connectivity,Fisher-z difference,-2.1413937956859095,-2.205935816960602,0.06454202127469255
main_full_field,full_field,Intermediate AD-like perturbation,0.5,383,2Hz,60.0,0.02,0.5,expanded_bilateral,semantic_expanded,episodic_expanded,functional_connectivity,Fisher-z difference,-2.0869784080355958,-2.1606107497158513,0.07363234168025556
main_full_field,full_field,Intermediate AD-like perturbation,0.5,421,2Hz,60.0,0.02,0.5,expanded_bilateral,semantic_expanded,episodic_expanded,functional_connectivity,Fisher-z difference,-2.1816844703242686,-2.257988202417036,0.07630373209276753
main_full_field,full_field,Intermediate AD-like perturbation,0.5,461,2Hz,60.0,0.02,0.5,expanded_bilateral,semantic_expanded,episodic_expanded,functional_connectivity,Fisher-z difference,-2.053763675307592,-2.1288772809695087,0.0751136056619166
main_full_field,full_field,Intermediate AD-like perturbation,0.5,503,2Hz,60.0,0.02,0.5,expanded_bilateral,semantic_expanded,episodic_expanded,functional_connectivity,Fisher-z difference,-2.133570044410731,-2.205119252721393,0.07154920831066214
main_full_field,full_field,Baseline,0.0,11,5Hz,60.0,0.02,0.5,expanded_bilateral,semantic_expanded,episodic_expanded,functional_connectivity,Fisher-z difference,0.0,0.0,0.0
main_full_field,full_field,Baseline,0.0,23,5Hz,60.0,0.02,0.5,expanded_bilateral,semantic_expanded,episodic_expanded,functional_connectivity,Fisher-z difference,0.0,0.0,0.0
main_full_field,full_field,Baseline,0.0,37,5Hz,60.0,0.02,0.5,expanded_bilateral,semantic_expanded,episodic_expanded,functional_connectivity,Fisher-z difference,0.0,0.0,0.0
main_full_field,full_field,Baseline,0.0,53,5Hz,60.0,0.02,0.5,expanded_bilateral,semantic_expanded,episodic_expanded,functional_connectivity,Fisher-z difference,0.0,0.0,0.0
main_full_field,full_field,Baseline,0.0,71,5Hz,60.0,0.02,0.5,expanded_bilateral,semantic_expanded,episodic_expanded,functional_connectivity,Fisher-z difference,0.0,0.0,0.0
main_full_field,full_field,Baseline,0.0,89,5Hz,60.0,0.02,0.5,expanded_bilateral,semantic_expanded,episodic_expanded,functional_connectivity,Fisher-z difference,0.0,0.0,0.0
main_full_field,full_field,Baseline,0.0,107,5Hz,60.0,0.02,0.5,expanded_bilateral,semantic_expanded,episodic_expanded,functional_connectivity,Fisher-z difference,0.0,0.0,0.0
main_full_field,full_field,Baseline,0.0,127,5Hz,60.0,0.02,0.5,expanded_bilateral,semantic_expanded,episodic_expanded,functional_connectivity,Fisher-z difference,0.0,0.0,0.0
main_full_field,full_field,Baseline,0.0,149,5Hz,60.0,0.02,0.5,expanded_bilateral,semantic_expanded,episodic_expanded,functional_connectivity,Fisher-z difference,0.0,0.0,0.0
main_full_field,full_field,Baseline,0.0,173,5Hz,60.0,0.02,0.5,expanded_bilateral,semantic_expanded,episodic_expanded,functional_connectivity,Fisher-z difference,0.0,0.0,0.0
main_full_field,full_field,Baseline,0.0,197,5Hz,60.0,0.02,0.5,expanded_bilateral,semantic_expanded,episodic_expanded,functional_connectivity,Fisher-z difference,0.0,0.0,0.0
main_full_field,full_field,Baseline,0.0,223,5Hz,60.0,0.02,0.5,expanded_bilateral,semantic_expanded,episodic_expanded,functional_connectivity,Fisher-z difference,0.0,0.0,0.0
main_full_field,full_field,Baseline,0.0,251,5Hz,60.0,0.02,0.5,expanded_bilateral,semantic_expanded,episodic_expanded,functional_connectivity,Fisher-z difference,0.0,0.0,0.0
main_full_field,full_field,Baseline,0.0,281,5Hz,60.0,0.02,0.5,expanded_bilateral,semantic_expanded,episodic_expanded,functional_connectivity,Fisher-z difference,0.0,0.0,0.0
main_full_field,full_field,Baseline,0.0,313,5Hz,60.0,0.02,0.5,expanded_bilateral,semantic_expanded,episodic_expanded,functional_connectivity,Fisher-z difference,0.0,0.0,0.0
main_full_field,full_field,Baseline,0.0,347,5Hz,60.0,0.02,0.5,expanded_bilateral,semantic_expanded,episodic_expanded,functional_connectivity,Fisher-z difference,0.0,0.0,0.0
main_full_field,full_field,Baseline,0.0,383,5Hz,60.0,0.02,0.5,expanded_bilateral,semantic_expanded,episodic_expanded,functional_connectivity,Fisher-z difference,0.0,0.0,0.0
main_full_field,full_field,Baseline,0.0,421,5Hz,60.0,0.02,0.5,expanded_bilateral,semantic_expanded,episodic_expanded,functional_connectivity,Fisher-z difference,0.0,0.0,0.0
main_full_field,full_field,Baseline,0.0,461,5Hz,60.0,0.02,0.5,expanded_bilateral,semantic_expanded,episodic_expanded,functional_connectivity,Fisher-z difference,0.0,0.0,0.0
main_full_field,full_field,Baseline,0.0,503,5Hz,60.0,0.02,0.5,expanded_bilateral,semantic_expanded,episodic_expanded,functional_connectivity,Fisher-z difference,0.0,0.0,0.0
main_full_field,full_field,High AD-like perturbation,1.0,11,5Hz,60.0,0.02,0.5,expanded_bilateral,semantic_expanded,episodic_expanded,functional_connectivity,Fisher-z difference,-1.2971577553196336,-1.3608004327076761,0.06364267738804252
main_full_field,full_field,High AD-like perturbation,1.0,23,5Hz,60.0,0.02,0.5,expanded_bilateral,semantic_expanded,episodic_expanded,functional_connectivity,Fisher-z difference,-1.282664970150804,-1.3451980705271103,0.06253310037630633
main_full_field,full_field,High AD-like perturbation,1.0,37,5Hz,60.0,0.02,0.5,expanded_bilateral,semantic_expanded,episodic_expanded,functional_connectivity,Fisher-z difference,-1.2841058896405806,-1.3460095960392415,0.06190370639866094
main_full_field,full_field,High AD-like perturbation,1.0,53,5Hz,60.0,0.02,0.5,expanded_bilateral,semantic_expanded,episodic_expanded,functional_connectivity,Fisher-z difference,-1.2660634881375747,-1.3404276941878324,0.07436420605025762
main_full_field,full_field,High AD-like perturbation,1.0,71,5Hz,60.0,0.02,0.5,expanded_bilateral,semantic_expanded,episodic_expanded,functional_connectivity,Fisher-z difference,-1.2879419923498634,-1.3533518750538343,0.06540988270397086
main_full_field,full_field,High AD-like perturbation,1.0,89,5Hz,60.0,0.02,0.5,expanded_bilateral,semantic_expanded,episodic_expanded,functional_connectivity,Fisher-z difference,-1.2838285391101791,-1.3632353192601894,0.07940678015001024
main_full_field,full_field,High AD-like perturbation,1.0,107,5Hz,60.0,0.02,0.5,expanded_bilateral,semantic_expanded,episodic_expanded,functional_connectivity,Fisher-z difference,-1.267801250838852,-1.3563142259060537,0.08851297506720157
main_full_field,full_field,High AD-like perturbation,1.0,127,5Hz,60.0,0.02,0.5,expanded_bilateral,semantic_expanded,episodic_expanded,functional_connectivity,Fisher-z difference,-1.2982814343095426,-1.357722899715851,0.05944146540630846
main_full_field,full_field,High AD-like perturbation,1.0,149,5Hz,60.0,0.02,0.5,expanded_bilateral,semantic_expanded,episodic_expanded,functional_connectivity,Fisher-z difference,-1.2785928826826984,-1.374410518537819,0.0958176358551206
main_full_field,full_field,High AD-like perturbation,1.0,173,5Hz,60.0,0.02,0.5,expanded_bilateral,semantic_expanded,episodic_expanded,functional_connectivity,Fisher-z difference,-1.293144549558752,-1.3713548808541336,0.07821033129538169
main_full_field,full_field,High AD-like perturbation,1.0,197,5Hz,60.0,0.02,0.5,expanded_bilateral,semantic_expanded,episodic_expanded,functional_connectivity,Fisher-z difference,-1.299309009948246,-1.359432956814167,0.06012394686592093
main_full_field,full_field,High AD-like perturbation,1.0,223,5Hz,60.0,0.02,0.5,expanded_bilateral,semantic_expanded,episodic_expanded,functional_connectivity,Fisher-z difference,-1.2721325852257237,-1.2891652698958427,0.01703268467011898
main_full_field,full_field,High AD-like perturbation,1.0,251,5Hz,60.0,0.02,0.5,expanded_bilateral,semantic_expanded,episodic_expanded,functional_connectivity,Fisher-z difference,-1.2912262450120786,-1.3598321147351071,0.06860586972302851
main_full_field,full_field,High AD-like perturbation,1.0,281,5Hz,60.0,0.02,0.5,expanded_bilateral,semantic_expanded,episodic_expanded,functional_connectivity,Fisher-z difference,-1.287927110929106,-1.3558123960704584,0.0678852851413525
main_full_field,full_field,High AD-like perturbation,1.0,313,5Hz,60.0,0.02,0.5,expanded_bilateral,semantic_expanded,episodic_expanded,functional_connectivity,Fisher-z difference,-1.280174966014401,-1.358344166386073,0.07816920037167185
main_full_field,full_field,High AD-like perturbation,1.0,347,5Hz,60.0,0.02,0.5,expanded_bilateral,semantic_expanded,episodic_expanded,functional_connectivity,Fisher-z difference,-1.2697413556442279,-1.3494487509564657,0.0797073953122378
main_full_field,full_field,High AD-like perturbation,1.0,383,5Hz,60.0,0.02,0.5,expanded_bilateral,semantic_expanded,episodic_expanded,functional_connectivity,Fisher-z difference,-1.2760802540077534,-1.347912816926689,0.07183256291893558
main_full_field,full_field,High AD-like perturbation,1.0,421,5Hz,60.0,0.02,0.5,expanded_bilateral,semantic_expanded,episodic_expanded,functional_connectivity,Fisher-z difference,-1.276001729945545,-1.3502441410749928,0.07424241112944774
main_full_field,full_field,High AD-like perturbation,1.0,461,5Hz,60.0,0.02,0.5,expanded_bilateral,semantic_expanded,episodic_expanded,functional_connectivity,Fisher-z difference,-1.2680759392704233,-1.334879212560351,0.06680327328992774
main_full_field,full_field,High AD-like perturbation,1.0,503,5Hz,60.0,0.02,0.5,expanded_bilateral,semantic_expanded,episodic_expanded,functional_connectivity,Fisher-z difference,-1.2868355444563415,-1.349365297012169,0.06252975255582749
main_full_field,full_field,Intermediate AD-like perturbation,0.5,11,5Hz,60.0,0.02,0.5,expanded_bilateral,semantic_expanded,episodic_expanded,functional_connectivity,Fisher-z difference,-1.2145770584097992,-1.3017730073017122,0.08719594889191296
main_full_field,full_field,Intermediate AD-like perturbation,0.5,23,5Hz,60.0,0.02,0.5,expanded_bilateral,semantic_expanded,episodic_expanded,functional_connectivity,Fisher-z difference,-1.2217405621591717,-1.277792051497797,0.05605148933862525
main_full_field,full_field,Intermediate AD-like perturbation,0.5,37,5Hz,60.0,0.02,0.5,expanded_bilateral,semantic_expanded,episodic_expanded,functional_connectivity,Fisher-z difference,-1.295691256423724,-1.3735827987562568,0.07789154233253281
main_full_field,full_field,Intermediate AD-like perturbation,0.5,53,5Hz,60.0,0.02,0.5,expanded_bilateral,semantic_expanded,episodic_expanded,functional_connectivity,Fisher-z difference,-1.2977985846435034,-1.3815706137869554,0.08377202914345205
main_full_field,full_field,Intermediate AD-like perturbation,0.5,71,5Hz,60.0,0.02,0.5,expanded_bilateral,semantic_expanded,episodic_expanded,functional_connectivity,Fisher-z difference,-1.2643512468127285,-1.34525554844477,0.08090430163204143
main_full_field,full_field,Intermediate AD-like perturbation,0.5,89,5Hz,60.0,0.02,0.5,expanded_bilateral,semantic_expanded,episodic_expanded,functional_connectivity,Fisher-z difference,-1.3151206672148115,-1.4065855961999083,0.09146492898509684
main_full_field,full_field,Intermediate AD-like perturbation,0.5,107,5Hz,60.0,0.02,0.5,expanded_bilateral,semantic_expanded,episodic_expanded,functional_connectivity,Fisher-z difference,-1.2404408344665538,-1.2998094867395071,0.05936865227295329
main_full_field,full_field,Intermediate AD-like perturbation,0.5,127,5Hz,60.0,0.02,0.5,expanded_bilateral,semantic_expanded,episodic_expanded,functional_connectivity,Fisher-z difference,-1.291432168967283,-1.3559853331017762,0.06455316413449319
main_full_field,full_field,Intermediate AD-like perturbation,0.5,149,5Hz,60.0,0.02,0.5,expanded_bilateral,semantic_expanded,episodic_expanded,functional_connectivity,Fisher-z difference,-1.235737419162442,-1.3101621008663815,0.07442468170393957
main_full_field,full_field,Intermediate AD-like perturbation,0.5,173,5Hz,60.0,0.02,0.5,expanded_bilateral,semantic_expanded,episodic_expanded,functional_connectivity,Fisher-z difference,-1.1397274849707744,-1.220004898369769,0.08027741339899475
main_full_field,full_field,Intermediate AD-like perturbation,0.5,197,5Hz,60.0,0.02,0.5,expanded_bilateral,semantic_expanded,episodic_expanded,functional_connectivity,Fisher-z difference,-1.3093510613882826,-1.3944575542545938,0.08510649286631122
main_full_field,full_field,Intermediate AD-like perturbation,0.5,223,5Hz,60.0,0.02,0.5,expanded_bilateral,semantic_expanded,episodic_expanded,functional_connectivity,Fisher-z difference,-1.1833450819783526,-1.253864901385308,0.0705198194069554
main_full_field,full_field,Intermediate AD-like perturbation,0.5,251,5Hz,60.0,0.02,0.5,expanded_bilateral,semantic_expanded,episodic_expanded,functional_connectivity,Fisher-z difference,-1.2091105521142727,-1.263776510576853,0.05466595846258038
main_full_field,full_field,Intermediate AD-like perturbation,0.5,281,5Hz,60.0,0.02,0.5,expanded_bilateral,semantic_expanded,episodic_expanded,functional_connectivity,Fisher-z difference,-1.2088925148298504,-1.278862605876062,0.06997009104621155
main_full_field,full_field,Intermediate AD-like perturbation,0.5,313,5Hz,60.0,0.02,0.5,expanded_bilateral,semantic_expanded,episodic_expanded,functional_connectivity,Fisher-z difference,-1.1431839600187048,-1.2100651896966081,0.06688122967790333
main_full_field,full_field,Intermediate AD-like perturbation,0.5,347,5Hz,60.0,0.02,0.5,expanded_bilateral,semantic_expanded,episodic_expanded,functional_connectivity,Fisher-z difference,-1.2628374503352102,-1.3395292118144677,0.07669176147925749
main_full_field,full_field,Intermediate AD-like perturbation,0.5,383,5Hz,60.0,0.02,0.5,expanded_bilateral,semantic_expanded,episodic_expanded,functional_connectivity,Fisher-z difference,-1.2113485316358166,-1.301784240886944,0.09043570925112743
main_full_field,full_field,Intermediate AD-like perturbation,0.5,421,5Hz,60.0,0.02,0.5,expanded_bilateral,semantic_expanded,episodic_expanded,functional_connectivity,Fisher-z difference,-1.3042224515560628,-1.3929827339283516,0.08876028237228883
main_full_field,full_field,Intermediate AD-like perturbation,0.5,461,5Hz,60.0,0.02,0.5,expanded_bilateral,semantic_expanded,episodic_expanded,functional_connectivity,Fisher-z difference,-0.8904018978349086,-0.8741156151548454,-0.01628628268006327
main_full_field,full_field,Intermediate AD-like perturbation,0.5,503,5Hz,60.0,0.02,0.5,expanded_bilateral,semantic_expanded,episodic_expanded,functional_connectivity,Fisher-z difference,-1.2314979640150654,-1.318707028669068,0.08720906465400269
main_full_field,full_field,Baseline,0.0,11,pulse,60.0,0.02,0.5,expanded_bilateral,semantic_expanded,episodic_expanded,response_latency,ms,0.0,0.0,0.0
main_full_field,full_field,Baseline,0.0,23,pulse,60.0,0.02,0.5,expanded_bilateral,semantic_expanded,episodic_expanded,response_latency,ms,0.0,0.0,0.0
main_full_field,full_field,Baseline,0.0,37,pulse,60.0,0.02,0.5,expanded_bilateral,semantic_expanded,episodic_expanded,response_latency,ms,0.0,0.0,0.0
main_full_field,full_field,Baseline,0.0,53,pulse,60.0,0.02,0.5,expanded_bilateral,semantic_expanded,episodic_expanded,response_latency,ms,0.0,0.0,0.0
main_full_field,full_field,Baseline,0.0,71,pulse,60.0,0.02,0.5,expanded_bilateral,semantic_expanded,episodic_expanded,response_latency,ms,0.0,0.0,0.0
main_full_field,full_field,Baseline,0.0,89,pulse,60.0,0.02,0.5,expanded_bilateral,semantic_expanded,episodic_expanded,response_latency,ms,0.0,0.0,0.0
main_full_field,full_field,Baseline,0.0,107,pulse,60.0,0.02,0.5,expanded_bilateral,semantic_expanded,episodic_expanded,response_latency,ms,0.0,0.0,0.0
main_full_field,full_field,Baseline,0.0,127,pulse,60.0,0.02,0.5,expanded_bilateral,semantic_expanded,episodic_expanded,response_latency,ms,0.0,0.0,0.0
main_full_field,full_field,Baseline,0.0,149,pulse,60.0,0.02,0.5,expanded_bilateral,semantic_expanded,episodic_expanded,response_latency,ms,0.0,0.0,0.0
main_full_field,full_field,Baseline,0.0,173,pulse,60.0,0.02,0.5,expanded_bilateral,semantic_expanded,episodic_expanded,response_latency,ms,0.0,0.0,0.0
main_full_field,full_field,Baseline,0.0,197,pulse,60.0,0.02,0.5,expanded_bilateral,semantic_expanded,episodic_expanded,response_latency,ms,0.0,0.0,0.0
main_full_field,full_field,Baseline,0.0,223,pulse,60.0,0.02,0.5,expanded_bilateral,semantic_expanded,episodic_expanded,response_latency,ms,0.0,0.0,0.0
main_full_field,full_field,Baseline,0.0,251,pulse,60.0,0.02,0.5,expanded_bilateral,semantic_expanded,episodic_expanded,response_latency,ms,0.0,0.0,0.0
main_full_field,full_field,Baseline,0.0,281,pulse,60.0,0.02,0.5,expanded_bilateral,semantic_expanded,episodic_expanded,response_latency,ms,0.0,0.0,0.0
main_full_field,full_field,Baseline,0.0,313,pulse,60.0,0.02,0.5,expanded_bilateral,semantic_expanded,episodic_expanded,response_latency,ms,0.0,0.0,0.0
main_full_field,full_field,Baseline,0.0,347,pulse,60.0,0.02,0.5,expanded_bilateral,semantic_expanded,episodic_expanded,response_latency,ms,0.0,0.0,0.0
main_full_field,full_field,Baseline,0.0,383,pulse,60.0,0.02,0.5,expanded_bilateral,semantic_expanded,episodic_expanded,response_latency,ms,0.0,0.0,0.0
main_full_field,full_field,Baseline,0.0,421,pulse,60.0,0.02,0.5,expanded_bilateral,semantic_expanded,episodic_expanded,response_latency,ms,0.0,0.0,0.0
main_full_field,full_field,Baseline,0.0,461,pulse,60.0,0.02,0.5,expanded_bilateral,semantic_expanded,episodic_expanded,response_latency,ms,0.0,0.0,0.0
main_full_field,full_field,Baseline,0.0,503,pulse,60.0,0.02,0.5,expanded_bilateral,semantic_expanded,episodic_expanded,response_latency,ms,0.0,0.0,0.0
main_full_field,full_field,High AD-like perturbation,1.0,11,pulse,60.0,0.02,0.5,expanded_bilateral,semantic_expanded,episodic_expanded,response_latency,ms,439.0,211.5,227.5
main_full_field,full_field,High AD-like perturbation,1.0,23,pulse,60.0,0.02,0.5,expanded_bilateral,semantic_expanded,episodic_expanded,response_latency,ms,493.5,181.5,312.0
main_full_field,full_field,High AD-like perturbation,1.0,37,pulse,60.0,0.02,0.5,expanded_bilateral,semantic_expanded,episodic_expanded,response_latency,ms,571.0,234.5,336.5
main_full_field,full_field,High AD-like perturbation,1.0,53,pulse,60.0,0.02,0.5,expanded_bilateral,semantic_expanded,episodic_expanded,response_latency,ms,629.0,93.0,536.0
main_full_field,full_field,High AD-like perturbation,1.0,71,pulse,60.0,0.02,0.5,expanded_bilateral,semantic_expanded,episodic_expanded,response_latency,ms,593.5,156.0,437.5
main_full_field,full_field,High AD-like perturbation,1.0,89,pulse,60.0,0.02,0.5,expanded_bilateral,semantic_expanded,episodic_expanded,response_latency,ms,412.5,131.0,281.5
main_full_field,full_field,High AD-like perturbation,1.0,107,pulse,60.0,0.02,0.5,expanded_bilateral,semantic_expanded,episodic_expanded,response_latency,ms,622.5,193.5,429.0
main_full_field,full_field,High AD-like perturbation,1.0,127,pulse,60.0,0.02,0.5,expanded_bilateral,semantic_expanded,episodic_expanded,response_latency,ms,485.0,164.5,320.5
main_full_field,full_field,High AD-like perturbation,1.0,149,pulse,60.0,0.02,0.5,expanded_bilateral,semantic_expanded,episodic_expanded,response_latency,ms,550.0,95.0,455.0
main_full_field,full_field,High AD-like perturbation,1.0,173,pulse,60.0,0.02,0.5,expanded_bilateral,semantic_expanded,episodic_expanded,response_latency,ms,690.5,157.0,533.5
main_full_field,full_field,High AD-like perturbation,1.0,197,pulse,60.0,0.02,0.5,expanded_bilateral,semantic_expanded,episodic_expanded,response_latency,ms,476.0,193.0,283.0
main_full_field,full_field,High AD-like perturbation,1.0,223,pulse,60.0,0.02,0.5,expanded_bilateral,semantic_expanded,episodic_expanded,response_latency,ms,639.5,167.0,472.5
main_full_field,full_field,High AD-like perturbation,1.0,251,pulse,60.0,0.02,0.5,expanded_bilateral,semantic_expanded,episodic_expanded,response_latency,ms,427.5,160.5,267.0
main_full_field,full_field,High AD-like perturbation,1.0,281,pulse,60.0,0.02,0.5,expanded_bilateral,semantic_expanded,episodic_expanded,response_latency,ms,631.0,333.0,298.0
main_full_field,full_field,High AD-like perturbation,1.0,313,pulse,60.0,0.02,0.5,expanded_bilateral,semantic_expanded,episodic_expanded,response_latency,ms,548.5,173.5,375.0
main_full_field,full_field,High AD-like perturbation,1.0,347,pulse,60.0,0.02,0.5,expanded_bilateral,semantic_expanded,episodic_expanded,response_latency,ms,346.0,108.0,238.0
main_full_field,full_field,High AD-like perturbation,1.0,383,pulse,60.0,0.02,0.5,expanded_bilateral,semantic_expanded,episodic_expanded,response_latency,ms,336.0,120.0,216.0
main_full_field,full_field,High AD-like perturbation,1.0,421,pulse,60.0,0.02,0.5,expanded_bilateral,semantic_expanded,episodic_expanded,response_latency,ms,585.0,96.0,489.0
main_full_field,full_field,High AD-like perturbation,1.0,461,pulse,60.0,0.02,0.5,expanded_bilateral,semantic_expanded,episodic_expanded,response_latency,ms,520.0,151.0,369.0
main_full_field,full_field,High AD-like perturbation,1.0,503,pulse,60.0,0.02,0.5,expanded_bilateral,semantic_expanded,episodic_expanded,response_latency,ms,585.0,192.0,393.0
main_full_field,full_field,Intermediate AD-like perturbation,0.5,11,pulse,60.0,0.02,0.5,expanded_bilateral,semantic_expanded,episodic_expanded,response_latency,ms,2430.5,,
main_full_field,full_field,Intermediate AD-like perturbation,0.5,23,pulse,60.0,0.02,0.5,expanded_bilateral,semantic_expanded,episodic_expanded,response_latency,ms,174.0,41.0,133.0
main_full_field,full_field,Intermediate AD-like perturbation,0.5,37,pulse,60.0,0.02,0.5,expanded_bilateral,semantic_expanded,episodic_expanded,response_latency,ms,1694.0,1697.0,-3.0
main_full_field,full_field,Intermediate AD-like perturbation,0.5,53,pulse,60.0,0.02,0.5,expanded_bilateral,semantic_expanded,episodic_expanded,response_latency,ms,64.5,-44.5,109.0
main_full_field,full_field,Intermediate AD-like perturbation,0.5,71,pulse,60.0,0.02,0.5,expanded_bilateral,semantic_expanded,episodic_expanded,response_latency,ms,2493.0,2538.5,-45.5
main_full_field,full_field,Intermediate AD-like perturbation,0.5,89,pulse,60.0,0.02,0.5,expanded_bilateral,semantic_expanded,episodic_expanded,response_latency,ms,111.0,-66.0,177.0
main_full_field,full_field,Intermediate AD-like perturbation,0.5,107,pulse,60.0,0.02,0.5,expanded_bilateral,semantic_expanded,episodic_expanded,response_latency,ms,2356.0,,
main_full_field,full_field,Intermediate AD-like perturbation,0.5,127,pulse,60.0,0.02,0.5,expanded_bilateral,semantic_expanded,episodic_expanded,response_latency,ms,823.0,107.0,716.0
main_full_field,full_field,Intermediate AD-like perturbation,0.5,149,pulse,60.0,0.02,0.5,expanded_bilateral,semantic_expanded,episodic_expanded,response_latency,ms,62.5,-20.5,83.0
main_full_field,full_field,Intermediate AD-like perturbation,0.5,173,pulse,60.0,0.02,0.5,expanded_bilateral,semantic_expanded,episodic_expanded,response_latency,ms,,,
main_full_field,full_field,Intermediate AD-like perturbation,0.5,197,pulse,60.0,0.02,0.5,expanded_bilateral,semantic_expanded,episodic_expanded,response_latency,ms,1831.5,1810.5,21.0
main_full_field,full_field,Intermediate AD-like perturbation,0.5,223,pulse,60.0,0.02,0.5,expanded_bilateral,semantic_expanded,episodic_expanded,response_latency,ms,2589.5,2729.5,-140.0
main_full_field,full_field,Intermediate AD-like perturbation,0.5,251,pulse,60.0,0.02,0.5,expanded_bilateral,semantic_expanded,episodic_expanded,response_latency,ms,2582.0,2597.0,-15.0
main_full_field,full_field,Intermediate AD-like perturbation,0.5,281,pulse,60.0,0.02,0.5,expanded_bilateral,semantic_expanded,episodic_expanded,response_latency,ms,119.0,-60.0,179.0
main_full_field,full_field,Intermediate AD-like perturbation,0.5,313,pulse,60.0,0.02,0.5,expanded_bilateral,semantic_expanded,episodic_expanded,response_latency,ms,165.0,-34.5,199.5
main_full_field,full_field,Intermediate AD-like perturbation,0.5,347,pulse,60.0,0.02,0.5,expanded_bilateral,semantic_expanded,episodic_expanded,response_latency,ms,146.5,-43.5,190.0
main_full_field,full_field,Intermediate AD-like perturbation,0.5,383,pulse,60.0,0.02,0.5,expanded_bilateral,semantic_expanded,episodic_expanded,response_latency,ms,119.5,-20.5,140.0
main_full_field,full_field,Intermediate AD-like perturbation,0.5,421,pulse,60.0,0.02,0.5,expanded_bilateral,semantic_expanded,episodic_expanded,response_latency,ms,72.0,-42.0,114.0
main_full_field,full_field,Intermediate AD-like perturbation,0.5,461,pulse,60.0,0.02,0.5,expanded_bilateral,semantic_expanded,episodic_expanded,response_latency,ms,,,
main_full_field,full_field,Intermediate AD-like perturbation,0.5,503,pulse,60.0,0.02,0.5,expanded_bilateral,semantic_expanded,episodic_expanded,response_latency,ms,116.0,-44.0,160.0
main_full_field,full_field,Baseline,0.0,11,2Hz,60.0,0.02,0.5,anatomical_core_only,semantic_anatomical_core,episodic_anatomical_core,transfer_gain,log2 ratio,0.0,0.0,0.0
main_full_field,full_field,Baseline,0.0,23,2Hz,60.0,0.02,0.5,anatomical_core_only,semantic_anatomical_core,episodic_anatomical_core,transfer_gain,log2 ratio,0.0,0.0,0.0
main_full_field,full_field,Baseline,0.0,37,2Hz,60.0,0.02,0.5,anatomical_core_only,semantic_anatomical_core,episodic_anatomical_core,transfer_gain,log2 ratio,0.0,0.0,0.0
main_full_field,full_field,Baseline,0.0,53,2Hz,60.0,0.02,0.5,anatomical_core_only,semantic_anatomical_core,episodic_anatomical_core,transfer_gain,log2 ratio,0.0,0.0,0.0
main_full_field,full_field,Baseline,0.0,71,2Hz,60.0,0.02,0.5,anatomical_core_only,semantic_anatomical_core,episodic_anatomical_core,transfer_gain,log2 ratio,0.0,0.0,0.0
main_full_field,full_field,Baseline,0.0,89,2Hz,60.0,0.02,0.5,anatomical_core_only,semantic_anatomical_core,episodic_anatomical_core,transfer_gain,log2 ratio,0.0,0.0,0.0
main_full_field,full_field,Baseline,0.0,107,2Hz,60.0,0.02,0.5,anatomical_core_only,semantic_anatomical_core,episodic_anatomical_core,transfer_gain,log2 ratio,0.0,0.0,0.0
main_full_field,full_field,Baseline,0.0,127,2Hz,60.0,0.02,0.5,anatomical_core_only,semantic_anatomical_core,episodic_anatomical_core,transfer_gain,log2 ratio,0.0,0.0,0.0
main_full_field,full_field,Baseline,0.0,149,2Hz,60.0,0.02,0.5,anatomical_core_only,semantic_anatomical_core,episodic_anatomical_core,transfer_gain,log2 ratio,0.0,0.0,0.0
main_full_field,full_field,Baseline,0.0,173,2Hz,60.0,0.02,0.5,anatomical_core_only,semantic_anatomical_core,episodic_anatomical_core,transfer_gain,log2 ratio,0.0,0.0,0.0
main_full_field,full_field,Baseline,0.0,197,2Hz,60.0,0.02,0.5,anatomical_core_only,semantic_anatomical_core,episodic_anatomical_core,transfer_gain,log2 ratio,0.0,0.0,0.0
main_full_field,full_field,Baseline,0.0,223,2Hz,60.0,0.02,0.5,anatomical_core_only,semantic_anatomical_core,episodic_anatomical_core,transfer_gain,log2 ratio,0.0,0.0,0.0
main_full_field,full_field,Baseline,0.0,251,2Hz,60.0,0.02,0.5,anatomical_core_only,semantic_anatomical_core,episodic_anatomical_core,transfer_gain,log2 ratio,0.0,0.0,0.0
main_full_field,full_field,Baseline,0.0,281,2Hz,60.0,0.02,0.5,anatomical_core_only,semantic_anatomical_core,episodic_anatomical_core,transfer_gain,log2 ratio,0.0,0.0,0.0
main_full_field,full_field,Baseline,0.0,313,2Hz,60.0,0.02,0.5,anatomical_core_only,semantic_anatomical_core,episodic_anatomical_core,transfer_gain,log2 ratio,0.0,0.0,0.0
main_full_field,full_field,Baseline,0.0,347,2Hz,60.0,0.02,0.5,anatomical_core_only,semantic_anatomical_core,episodic_anatomical_core,transfer_gain,log2 ratio,0.0,0.0,0.0
main_full_field,full_field,Baseline,0.0,383,2Hz,60.0,0.02,0.5,anatomical_core_only,semantic_anatomical_core,episodic_anatomical_core,transfer_gain,log2 ratio,0.0,0.0,0.0
main_full_field,full_field,Baseline,0.0,421,2Hz,60.0,0.02,0.5,anatomical_core_only,semantic_anatomical_core,episodic_anatomical_core,transfer_gain,log2 ratio,0.0,0.0,0.0
main_full_field,full_field,Baseline,0.0,461,2Hz,60.0,0.02,0.5,anatomical_core_only,semantic_anatomical_core,episodic_anatomical_core,transfer_gain,log2 ratio,0.0,0.0,0.0
main_full_field,full_field,Baseline,0.0,503,2Hz,60.0,0.02,0.5,anatomical_core_only,semantic_anatomical_core,episodic_anatomical_core,transfer_gain,log2 ratio,0.0,0.0,0.0
main_full_field,full_field,High AD-like perturbation,1.0,11,2Hz,60.0,0.02,0.5,anatomical_core_only,semantic_anatomical_core,episodic_anatomical_core,transfer_gain,log2 ratio,9.67825778298162,6.8892912107554745,2.788966572226145
main_full_field,full_field,High AD-like perturbation,1.0,23,2Hz,60.0,0.02,0.5,anatomical_core_only,semantic_anatomical_core,episodic_anatomical_core,transfer_gain,log2 ratio,9.644131712122386,7.467303301094741,2.1768284110276443
main_full_field,full_field,High AD-like perturbation,1.0,37,2Hz,60.0,0.02,0.5,anatomical_core_only,semantic_anatomical_core,episodic_anatomical_core,transfer_gain,log2 ratio,9.59383460188413,8.109312149646337,1.4845224522377922
main_full_field,full_field,High AD-like perturbation,1.0,53,2Hz,60.0,0.02,0.5,anatomical_core_only,semantic_anatomical_core,episodic_anatomical_core,transfer_gain,log2 ratio,9.575278047513164,8.065774718233206,1.5095033292799585
main_full_field,full_field,High AD-like perturbation,1.0,71,2Hz,60.0,0.02,0.5,anatomical_core_only,semantic_anatomical_core,episodic_anatomical_core,transfer_gain,log2 ratio,9.816904287257788,8.359613053605605,1.4572912336521835
main_full_field,full_field,High AD-like perturbation,1.0,89,2Hz,60.0,0.02,0.5,anatomical_core_only,semantic_anatomical_core,episodic_anatomical_core,transfer_gain,log2 ratio,9.466751546618264,7.1978873723517545,2.2688641742665094
main_full_field,full_field,High AD-like perturbation,1.0,107,2Hz,60.0,0.02,0.5,anatomical_core_only,semantic_anatomical_core,episodic_anatomical_core,transfer_gain,log2 ratio,10.098410294320598,7.7254431529337895,2.372967141386808
main_full_field,full_field,High AD-like perturbation,1.0,127,2Hz,60.0,0.02,0.5,anatomical_core_only,semantic_anatomical_core,episodic_anatomical_core,transfer_gain,log2 ratio,10.28202811497771,8.2163699507644,2.0656581642133087
main_full_field,full_field,High AD-like perturbation,1.0,149,2Hz,60.0,0.02,0.5,anatomical_core_only,semantic_anatomical_core,episodic_anatomical_core,transfer_gain,log2 ratio,9.807156924402511,7.973978086691638,1.8331788377108733
main_full_field,full_field,High AD-like perturbation,1.0,173,2Hz,60.0,0.02,0.5,anatomical_core_only,semantic_anatomical_core,episodic_anatomical_core,transfer_gain,log2 ratio,10.073454200110733,7.7172504902111765,2.3562037098995567
main_full_field,full_field,High AD-like perturbation,1.0,197,2Hz,60.0,0.02,0.5,anatomical_core_only,semantic_anatomical_core,episodic_anatomical_core,transfer_gain,log2 ratio,9.559781204839641,7.374644081172921,2.1851371236667205
main_full_field,full_field,High AD-like perturbation,1.0,223,2Hz,60.0,0.02,0.5,anatomical_core_only,semantic_anatomical_core,episodic_anatomical_core,transfer_gain,log2 ratio,10.391460103644837,8.822478994909586,1.568981108735251
main_full_field,full_field,High AD-like perturbation,1.0,251,2Hz,60.0,0.02,0.5,anatomical_core_only,semantic_anatomical_core,episodic_anatomical_core,transfer_gain,log2 ratio,9.510824833679834,7.236682621735238,2.2741422119445964
main_full_field,full_field,High AD-like perturbation,1.0,281,2Hz,60.0,0.02,0.5,anatomical_core_only,semantic_anatomical_core,episodic_anatomical_core,transfer_gain,log2 ratio,9.950890125520054,7.222670298027184,2.72821982749287
main_full_field,full_field,High AD-like perturbation,1.0,313,2Hz,60.0,0.02,0.5,anatomical_core_only,semantic_anatomical_core,episodic_anatomical_core,transfer_gain,log2 ratio,9.543991286803044,7.83715016086501,1.706841125938034
main_full_field,full_field,High AD-like perturbation,1.0,347,2Hz,60.0,0.02,0.5,anatomical_core_only,semantic_anatomical_core,episodic_anatomical_core,transfer_gain,log2 ratio,9.584060411266243,7.1952647179941245,2.388795693272119
main_full_field,full_field,High AD-like perturbation,1.0,383,2Hz,60.0,0.02,0.5,anatomical_core_only,semantic_anatomical_core,episodic_anatomical_core,transfer_gain,log2 ratio,10.066825217629594,7.945608636329797,2.121216581299797
main_full_field,full_field,High AD-like perturbation,1.0,421,2Hz,60.0,0.02,0.5,anatomical_core_only,semantic_anatomical_core,episodic_anatomical_core,transfer_gain,log2 ratio,9.899431210184579,8.23014862619011,1.6692825839944696
main_full_field,full_field,High AD-like perturbation,1.0,461,2Hz,60.0,0.02,0.5,anatomical_core_only,semantic_anatomical_core,episodic_anatomical_core,transfer_gain,log2 ratio,9.534393190377079,7.656969789332839,1.8774234010442399
main_full_field,full_field,High AD-like perturbation,1.0,503,2Hz,60.0,0.02,0.5,anatomical_core_only,semantic_anatomical_core,episodic_anatomical_core,transfer_gain,log2 ratio,9.509961372655136,6.785446091046473,2.724515281608663
main_full_field,full_field,Intermediate AD-like perturbation,0.5,11,2Hz,60.0,0.02,0.5,anatomical_core_only,semantic_anatomical_core,episodic_anatomical_core,transfer_gain,log2 ratio,10.007663775635002,9.02336190379712,0.9843018718378822
main_full_field,full_field,Intermediate AD-like perturbation,0.5,23,2Hz,60.0,0.02,0.5,anatomical_core_only,semantic_anatomical_core,episodic_anatomical_core,transfer_gain,log2 ratio,8.930567370233511,8.317107195635764,0.6134601745977477
main_full_field,full_field,Intermediate AD-like perturbation,0.5,37,2Hz,60.0,0.02,0.5,anatomical_core_only,semantic_anatomical_core,episodic_anatomical_core,transfer_gain,log2 ratio,5.341817460092425,5.080569199196291,0.2612482608961342
main_full_field,full_field,Intermediate AD-like perturbation,0.5,53,2Hz,60.0,0.02,0.5,anatomical_core_only,semantic_anatomical_core,episodic_anatomical_core,transfer_gain,log2 ratio,10.433578626307316,8.798351663226594,1.6352269630807221
main_full_field,full_field,Intermediate AD-like perturbation,0.5,71,2Hz,60.0,0.02,0.5,anatomical_core_only,semantic_anatomical_core,episodic_anatomical_core,transfer_gain,log2 ratio,10.953901571013775,9.348586534001651,1.605315037012124
main_full_field,full_field,Intermediate AD-like perturbation,0.5,89,2Hz,60.0,0.02,0.5,anatomical_core_only,semantic_anatomical_core,episodic_anatomical_core,transfer_gain,log2 ratio,9.647963716534706,8.268879031185337,1.379084685349369
main_full_field,full_field,Intermediate AD-like perturbation,0.5,107,2Hz,60.0,0.02,0.5,anatomical_core_only,semantic_anatomical_core,episodic_anatomical_core,transfer_gain,log2 ratio,7.806110256919664,7.253053182385473,0.5530570745341903
main_full_field,full_field,Intermediate AD-like perturbation,0.5,127,2Hz,60.0,0.02,0.5,anatomical_core_only,semantic_anatomical_core,episodic_anatomical_core,transfer_gain,log2 ratio,7.391270380937851,6.433836760055936,0.9574336208819147
main_full_field,full_field,Intermediate AD-like perturbation,0.5,149,2Hz,60.0,0.02,0.5,anatomical_core_only,semantic_anatomical_core,episodic_anatomical_core,transfer_gain,log2 ratio,9.0268125134753,7.59033526340243,1.436477250072869
main_full_field,full_field,Intermediate AD-like perturbation,0.5,173,2Hz,60.0,0.02,0.5,anatomical_core_only,semantic_anatomical_core,episodic_anatomical_core,transfer_gain,log2 ratio,10.622493069249723,9.498147300741058,1.1243457685086646
main_full_field,full_field,Intermediate AD-like perturbation,0.5,197,2Hz,60.0,0.02,0.5,anatomical_core_only,semantic_anatomical_core,episodic_anatomical_core,transfer_gain,log2 ratio,11.679176191070885,9.878619275725661,1.8005569153452239
main_full_field,full_field,Intermediate AD-like perturbation,0.5,223,2Hz,60.0,0.02,0.5,anatomical_core_only,semantic_anatomical_core,episodic_anatomical_core,transfer_gain,log2 ratio,10.476614751665071,8.99532288063377,1.481291871031301
main_full_field,full_field,Intermediate AD-like perturbation,0.5,251,2Hz,60.0,0.02,0.5,anatomical_core_only,semantic_anatomical_core,episodic_anatomical_core,transfer_gain,log2 ratio,8.033315453976924,7.2749198047339405,0.7583956492429831
main_full_field,full_field,Intermediate AD-like perturbation,0.5,281,2Hz,60.0,0.02,0.5,anatomical_core_only,semantic_anatomical_core,episodic_anatomical_core,transfer_gain,log2 ratio,10.552162353262124,8.88956033275188,1.6626020205102439
main_full_field,full_field,Intermediate AD-like perturbation,0.5,313,2Hz,60.0,0.02,0.5,anatomical_core_only,semantic_anatomical_core,episodic_anatomical_core,transfer_gain,log2 ratio,11.430584142362203,9.624106761958707,1.8064773804034964
main_full_field,full_field,Intermediate AD-like perturbation,0.5,347,2Hz,60.0,0.02,0.5,anatomical_core_only,semantic_anatomical_core,episodic_anatomical_core,transfer_gain,log2 ratio,7.168365954345439,6.531998179641908,0.6363677747035306
main_full_field,full_field,Intermediate AD-like perturbation,0.5,383,2Hz,60.0,0.02,0.5,anatomical_core_only,semantic_anatomical_core,episodic_anatomical_core,transfer_gain,log2 ratio,9.283231090675633,8.422813731565961,0.8604173591096718
main_full_field,full_field,Intermediate AD-like perturbation,0.5,421,2Hz,60.0,0.02,0.5,anatomical_core_only,semantic_anatomical_core,episodic_anatomical_core,transfer_gain,log2 ratio,7.731825912462361,6.5138725470732695,1.217953365389092
main_full_field,full_field,Intermediate AD-like perturbation,0.5,461,2Hz,60.0,0.02,0.5,anatomical_core_only,semantic_anatomical_core,episodic_anatomical_core,transfer_gain,log2 ratio,9.549811659114553,8.446774952318489,1.1030367067960647
main_full_field,full_field,Intermediate AD-like perturbation,0.5,503,2Hz,60.0,0.02,0.5,anatomical_core_only,semantic_anatomical_core,episodic_anatomical_core,transfer_gain,log2 ratio,8.45891905714132,7.293751475861235,1.1651675812800857
main_full_field,full_field,Baseline,0.0,11,5Hz,60.0,0.02,0.5,anatomical_core_only,semantic_anatomical_core,episodic_anatomical_core,transfer_gain,log2 ratio,0.0,0.0,0.0
main_full_field,full_field,Baseline,0.0,23,5Hz,60.0,0.02,0.5,anatomical_core_only,semantic_anatomical_core,episodic_anatomical_core,transfer_gain,log2 ratio,0.0,0.0,0.0
main_full_field,full_field,Baseline,0.0,37,5Hz,60.0,0.02,0.5,anatomical_core_only,semantic_anatomical_core,episodic_anatomical_core,transfer_gain,log2 ratio,0.0,0.0,0.0
main_full_field,full_field,Baseline,0.0,53,5Hz,60.0,0.02,0.5,anatomical_core_only,semantic_anatomical_core,episodic_anatomical_core,transfer_gain,log2 ratio,0.0,0.0,0.0
main_full_field,full_field,Baseline,0.0,71,5Hz,60.0,0.02,0.5,anatomical_core_only,semantic_anatomical_core,episodic_anatomical_core,transfer_gain,log2 ratio,0.0,0.0,0.0
main_full_field,full_field,Baseline,0.0,89,5Hz,60.0,0.02,0.5,anatomical_core_only,semantic_anatomical_core,episodic_anatomical_core,transfer_gain,log2 ratio,0.0,0.0,0.0
main_full_field,full_field,Baseline,0.0,107,5Hz,60.0,0.02,0.5,anatomical_core_only,semantic_anatomical_core,episodic_anatomical_core,transfer_gain,log2 ratio,0.0,0.0,0.0
main_full_field,full_field,Baseline,0.0,127,5Hz,60.0,0.02,0.5,anatomical_core_only,semantic_anatomical_core,episodic_anatomical_core,transfer_gain,log2 ratio,0.0,0.0,0.0
main_full_field,full_field,Baseline,0.0,149,5Hz,60.0,0.02,0.5,anatomical_core_only,semantic_anatomical_core,episodic_anatomical_core,transfer_gain,log2 ratio,0.0,0.0,0.0
main_full_field,full_field,Baseline,0.0,173,5Hz,60.0,0.02,0.5,anatomical_core_only,semantic_anatomical_core,episodic_anatomical_core,transfer_gain,log2 ratio,0.0,0.0,0.0
main_full_field,full_field,Baseline,0.0,197,5Hz,60.0,0.02,0.5,anatomical_core_only,semantic_anatomical_core,episodic_anatomical_core,transfer_gain,log2 ratio,0.0,0.0,0.0
main_full_field,full_field,Baseline,0.0,223,5Hz,60.0,0.02,0.5,anatomical_core_only,semantic_anatomical_core,episodic_anatomical_core,transfer_gain,log2 ratio,0.0,0.0,0.0
main_full_field,full_field,Baseline,0.0,251,5Hz,60.0,0.02,0.5,anatomical_core_only,semantic_anatomical_core,episodic_anatomical_core,transfer_gain,log2 ratio,0.0,0.0,0.0
main_full_field,full_field,Baseline,0.0,281,5Hz,60.0,0.02,0.5,anatomical_core_only,semantic_anatomical_core,episodic_anatomical_core,transfer_gain,log2 ratio,0.0,0.0,0.0
main_full_field,full_field,Baseline,0.0,313,5Hz,60.0,0.02,0.5,anatomical_core_only,semantic_anatomical_core,episodic_anatomical_core,transfer_gain,log2 ratio,0.0,0.0,0.0
main_full_field,full_field,Baseline,0.0,347,5Hz,60.0,0.02,0.5,anatomical_core_only,semantic_anatomical_core,episodic_anatomical_core,transfer_gain,log2 ratio,0.0,0.0,0.0
main_full_field,full_field,Baseline,0.0,383,5Hz,60.0,0.02,0.5,anatomical_core_only,semantic_anatomical_core,episodic_anatomical_core,transfer_gain,log2 ratio,0.0,0.0,0.0
main_full_field,full_field,Baseline,0.0,421,5Hz,60.0,0.02,0.5,anatomical_core_only,semantic_anatomical_core,episodic_anatomical_core,transfer_gain,log2 ratio,0.0,0.0,0.0
main_full_field,full_field,Baseline,0.0,461,5Hz,60.0,0.02,0.5,anatomical_core_only,semantic_anatomical_core,episodic_anatomical_core,transfer_gain,log2 ratio,0.0,0.0,0.0
main_full_field,full_field,Baseline,0.0,503,5Hz,60.0,0.02,0.5,anatomical_core_only,semantic_anatomical_core,episodic_anatomical_core,transfer_gain,log2 ratio,0.0,0.0,0.0
main_full_field,full_field,High AD-like perturbation,1.0,11,5Hz,60.0,0.02,0.5,anatomical_core_only,semantic_anatomical_core,episodic_anatomical_core,transfer_gain,log2 ratio,8.769943111562597,6.0638046638055885,2.7061384477570085
main_full_field,full_field,High AD-like perturbation,1.0,23,5Hz,60.0,0.02,0.5,anatomical_core_only,semantic_anatomical_core,episodic_anatomical_core,transfer_gain,log2 ratio,8.713086070129659,5.923101427985498,2.7899846421441614
main_full_field,full_field,High AD-like perturbation,1.0,37,5Hz,60.0,0.02,0.5,anatomical_core_only,semantic_anatomical_core,episodic_anatomical_core,transfer_gain,log2 ratio,8.80036331267937,7.703277429317976,1.0970858833613937
main_full_field,full_field,High AD-like perturbation,1.0,53,5Hz,60.0,0.02,0.5,anatomical_core_only,semantic_anatomical_core,episodic_anatomical_core,transfer_gain,log2 ratio,8.72278440630517,6.95916331948091,1.7636210868242594
main_full_field,full_field,High AD-like perturbation,1.0,71,5Hz,60.0,0.02,0.5,anatomical_core_only,semantic_anatomical_core,episodic_anatomical_core,transfer_gain,log2 ratio,8.61249391059029,6.296458188681866,2.316035721908424
main_full_field,full_field,High AD-like perturbation,1.0,89,5Hz,60.0,0.02,0.5,anatomical_core_only,semantic_anatomical_core,episodic_anatomical_core,transfer_gain,log2 ratio,8.6225303623498,6.334205331797022,2.2883250305527776
main_full_field,full_field,High AD-like perturbation,1.0,107,5Hz,60.0,0.02,0.5,anatomical_core_only,semantic_anatomical_core,episodic_anatomical_core,transfer_gain,log2 ratio,9.54804319879831,6.984132550505154,2.563910648293155
main_full_field,full_field,High AD-like perturbation,1.0,127,5Hz,60.0,0.02,0.5,anatomical_core_only,semantic_anatomical_core,episodic_anatomical_core,transfer_gain,log2 ratio,8.922914230259954,7.174199820068792,1.7487144101911616
main_full_field,full_field,High AD-like perturbation,1.0,149,5Hz,60.0,0.02,0.5,anatomical_core_only,semantic_anatomical_core,episodic_anatomical_core,transfer_gain,log2 ratio,9.44536764098206,7.259369947925953,2.1859976930561063
main_full_field,full_field,High AD-like perturbation,1.0,173,5Hz,60.0,0.02,0.5,anatomical_core_only,semantic_anatomical_core,episodic_anatomical_core,transfer_gain,log2 ratio,8.649413333761713,6.1833196110223065,2.466093722739406
main_full_field,full_field,High AD-like perturbation,1.0,197,5Hz,60.0,0.02,0.5,anatomical_core_only,semantic_anatomical_core,episodic_anatomical_core,transfer_gain,log2 ratio,8.79571356925298,6.803854361688474,1.9918592075645059
main_full_field,full_field,High AD-like perturbation,1.0,223,5Hz,60.0,0.02,0.5,anatomical_core_only,semantic_anatomical_core,episodic_anatomical_core,transfer_gain,log2 ratio,9.969409378842034,8.818657803690575,1.1507515751514585
main_full_field,full_field,High AD-like perturbation,1.0,251,5Hz,60.0,0.02,0.5,anatomical_core_only,semantic_anatomical_core,episodic_anatomical_core,transfer_gain,log2 ratio,8.624506715604614,6.718652046764066,1.905854668840548
main_full_field,full_field,High AD-like perturbation,1.0,281,5Hz,60.0,0.02,0.5,anatomical_core_only,semantic_anatomical_core,episodic_anatomical_core,transfer_gain,log2 ratio,9.085235657857538,6.529661278497594,2.5555743793599444
main_full_field,full_field,High AD-like perturbation,1.0,313,5Hz,60.0,0.02,0.5,anatomical_core_only,semantic_anatomical_core,episodic_anatomical_core,transfer_gain,log2 ratio,9.102193868836999,6.840624181175187,2.2615696876618117
main_full_field,full_field,High AD-like perturbation,1.0,347,5Hz,60.0,0.02,0.5,anatomical_core_only,semantic_anatomical_core,episodic_anatomical_core,transfer_gain,log2 ratio,8.868123304396892,6.760261919726904,2.107861384669988
main_full_field,full_field,High AD-like perturbation,1.0,383,5Hz,60.0,0.02,0.5,anatomical_core_only,semantic_anatomical_core,episodic_anatomical_core,transfer_gain,log2 ratio,9.303036637904638,7.468319072633452,1.8347175652711858
main_full_field,full_field,High AD-like perturbation,1.0,421,5Hz,60.0,0.02,0.5,anatomical_core_only,semantic_anatomical_core,episodic_anatomical_core,transfer_gain,log2 ratio,9.01501364096019,7.916925752598564,1.0980878883616256
main_full_field,full_field,High AD-like perturbation,1.0,461,5Hz,60.0,0.02,0.5,anatomical_core_only,semantic_anatomical_core,episodic_anatomical_core,transfer_gain,log2 ratio,8.511832613331988,6.6215765669064925,1.8902560464254954
main_full_field,full_field,High AD-like perturbation,1.0,503,5Hz,60.0,0.02,0.5,anatomical_core_only,semantic_anatomical_core,episodic_anatomical_core,transfer_gain,log2 ratio,8.62236702538593,6.263977356501347,2.358389668884583
main_full_field,full_field,Intermediate AD-like perturbation,0.5,11,5Hz,60.0,0.02,0.5,anatomical_core_only,semantic_anatomical_core,episodic_anatomical_core,transfer_gain,log2 ratio,8.886133739016122,8.102741524222175,0.7833922147939472
main_full_field,full_field,Intermediate AD-like perturbation,0.5,23,5Hz,60.0,0.02,0.5,anatomical_core_only,semantic_anatomical_core,episodic_anatomical_core,transfer_gain,log2 ratio,8.17465122939045,7.502315249813642,0.6723359795768085
main_full_field,full_field,Intermediate AD-like perturbation,0.5,37,5Hz,60.0,0.02,0.5,anatomical_core_only,semantic_anatomical_core,episodic_anatomical_core,transfer_gain,log2 ratio,7.107161088607729,5.952512571768111,1.154648516839618
main_full_field,full_field,Intermediate AD-like perturbation,0.5,53,5Hz,60.0,0.02,0.5,anatomical_core_only,semantic_anatomical_core,episodic_anatomical_core,transfer_gain,log2 ratio,7.4102970811486175,6.139826531354982,1.270470549793636
main_full_field,full_field,Intermediate AD-like perturbation,0.5,71,5Hz,60.0,0.02,0.5,anatomical_core_only,semantic_anatomical_core,episodic_anatomical_core,transfer_gain,log2 ratio,10.335649229678118,8.612331129101623,1.7233181005764955
main_full_field,full_field,Intermediate AD-like perturbation,0.5,89,5Hz,60.0,0.02,0.5,anatomical_core_only,semantic_anatomical_core,episodic_anatomical_core,transfer_gain,log2 ratio,8.249540945864482,6.714679118581228,1.5348618272832537
main_full_field,full_field,Intermediate AD-like perturbation,0.5,107,5Hz,60.0,0.02,0.5,anatomical_core_only,semantic_anatomical_core,episodic_anatomical_core,transfer_gain,log2 ratio,5.956275311631732,5.249900566608805,0.7063747450229263
main_full_field,full_field,Intermediate AD-like perturbation,0.5,127,5Hz,60.0,0.02,0.5,anatomical_core_only,semantic_anatomical_core,episodic_anatomical_core,transfer_gain,log2 ratio,5.4119588996269234,5.110910011518013,0.3010488881089106
main_full_field,full_field,Intermediate AD-like perturbation,0.5,149,5Hz,60.0,0.02,0.5,anatomical_core_only,semantic_anatomical_core,episodic_anatomical_core,transfer_gain,log2 ratio,9.080218656690473,7.7098388105605755,1.3703798461298975
main_full_field,full_field,Intermediate AD-like perturbation,0.5,173,5Hz,60.0,0.02,0.5,anatomical_core_only,semantic_anatomical_core,episodic_anatomical_core,transfer_gain,log2 ratio,9.985016989461895,8.772905269352462,1.2121117201094336
main_full_field,full_field,Intermediate AD-like perturbation,0.5,197,5Hz,60.0,0.02,0.5,anatomical_core_only,semantic_anatomical_core,episodic_anatomical_core,transfer_gain,log2 ratio,9.056471205744085,8.218095111468113,0.8383760942759722
main_full_field,full_field,Intermediate AD-like perturbation,0.5,223,5Hz,60.0,0.02,0.5,anatomical_core_only,semantic_anatomical_core,episodic_anatomical_core,transfer_gain,log2 ratio,9.797266567727712,8.398982502061441,1.398284065666271
main_full_field,full_field,Intermediate AD-like perturbation,0.5,251,5Hz,60.0,0.02,0.5,anatomical_core_only,semantic_anatomical_core,episodic_anatomical_core,transfer_gain,log2 ratio,9.59805611542535,8.499229608348466,1.0988265070768843
main_full_field,full_field,Intermediate AD-like perturbation,0.5,281,5Hz,60.0,0.02,0.5,anatomical_core_only,semantic_anatomical_core,episodic_anatomical_core,transfer_gain,log2 ratio,8.83231333980259,7.551371046286539,1.280942293516052
main_full_field,full_field,Intermediate AD-like perturbation,0.5,313,5Hz,60.0,0.02,0.5,anatomical_core_only,semantic_anatomical_core,episodic_anatomical_core,transfer_gain,log2 ratio,10.102843315119804,8.44804016919015,1.6548031459296535
main_full_field,full_field,Intermediate AD-like perturbation,0.5,347,5Hz,60.0,0.02,0.5,anatomical_core_only,semantic_anatomical_core,episodic_anatomical_core,transfer_gain,log2 ratio,9.937695787707455,8.358753260637235,1.57894252707022
main_full_field,full_field,Intermediate AD-like perturbation,0.5,383,5Hz,60.0,0.02,0.5,anatomical_core_only,semantic_anatomical_core,episodic_anatomical_core,transfer_gain,log2 ratio,8.53115217694708,7.1177248282667085,1.4134273486803712
main_full_field,full_field,Intermediate AD-like perturbation,0.5,421,5Hz,60.0,0.02,0.5,anatomical_core_only,semantic_anatomical_core,episodic_anatomical_core,transfer_gain,log2 ratio,7.177271097493917,5.912395944954885,1.264875152539032
main_full_field,full_field,Intermediate AD-like perturbation,0.5,461,5Hz,60.0,0.02,0.5,anatomical_core_only,semantic_anatomical_core,episodic_anatomical_core,transfer_gain,log2 ratio,11.683165632431749,9.831184163989912,1.8519814684418368
main_full_field,full_field,Intermediate AD-like perturbation,0.5,503,5Hz,60.0,0.02,0.5,anatomical_core_only,semantic_anatomical_core,episodic_anatomical_core,transfer_gain,log2 ratio,8.732333981025311,7.163608504793796,1.5687254762315153
main_full_field,full_field,Baseline,0.0,11,2Hz,60.0,0.02,0.5,anatomical_core_only,semantic_anatomical_core,episodic_anatomical_core,functional_connectivity,Fisher-z difference,0.0,0.0,0.0
main_full_field,full_field,Baseline,0.0,23,2Hz,60.0,0.02,0.5,anatomical_core_only,semantic_anatomical_core,episodic_anatomical_core,functional_connectivity,Fisher-z difference,0.0,0.0,0.0
main_full_field,full_field,Baseline,0.0,37,2Hz,60.0,0.02,0.5,anatomical_core_only,semantic_anatomical_core,episodic_anatomical_core,functional_connectivity,Fisher-z difference,0.0,0.0,0.0
main_full_field,full_field,Baseline,0.0,53,2Hz,60.0,0.02,0.5,anatomical_core_only,semantic_anatomical_core,episodic_anatomical_core,functional_connectivity,Fisher-z difference,0.0,0.0,0.0
main_full_field,full_field,Baseline,0.0,71,2Hz,60.0,0.02,0.5,anatomical_core_only,semantic_anatomical_core,episodic_anatomical_core,functional_connectivity,Fisher-z difference,0.0,0.0,0.0
main_full_field,full_field,Baseline,0.0,89,2Hz,60.0,0.02,0.5,anatomical_core_only,semantic_anatomical_core,episodic_anatomical_core,functional_connectivity,Fisher-z difference,0.0,0.0,0.0
main_full_field,full_field,Baseline,0.0,107,2Hz,60.0,0.02,0.5,anatomical_core_only,semantic_anatomical_core,episodic_anatomical_core,functional_connectivity,Fisher-z difference,0.0,0.0,0.0
main_full_field,full_field,Baseline,0.0,127,2Hz,60.0,0.02,0.5,anatomical_core_only,semantic_anatomical_core,episodic_anatomical_core,functional_connectivity,Fisher-z difference,0.0,0.0,0.0
main_full_field,full_field,Baseline,0.0,149,2Hz,60.0,0.02,0.5,anatomical_core_only,semantic_anatomical_core,episodic_anatomical_core,functional_connectivity,Fisher-z difference,0.0,0.0,0.0
main_full_field,full_field,Baseline,0.0,173,2Hz,60.0,0.02,0.5,anatomical_core_only,semantic_anatomical_core,episodic_anatomical_core,functional_connectivity,Fisher-z difference,0.0,0.0,0.0
main_full_field,full_field,Baseline,0.0,197,2Hz,60.0,0.02,0.5,anatomical_core_only,semantic_anatomical_core,episodic_anatomical_core,functional_connectivity,Fisher-z difference,0.0,0.0,0.0
main_full_field,full_field,Baseline,0.0,223,2Hz,60.0,0.02,0.5,anatomical_core_only,semantic_anatomical_core,episodic_anatomical_core,functional_connectivity,Fisher-z difference,0.0,0.0,0.0
main_full_field,full_field,Baseline,0.0,251,2Hz,60.0,0.02,0.5,anatomical_core_only,semantic_anatomical_core,episodic_anatomical_core,functional_connectivity,Fisher-z difference,0.0,0.0,0.0
main_full_field,full_field,Baseline,0.0,281,2Hz,60.0,0.02,0.5,anatomical_core_only,semantic_anatomical_core,episodic_anatomical_core,functional_connectivity,Fisher-z difference,0.0,0.0,0.0
main_full_field,full_field,Baseline,0.0,313,2Hz,60.0,0.02,0.5,anatomical_core_only,semantic_anatomical_core,episodic_anatomical_core,functional_connectivity,Fisher-z difference,0.0,0.0,0.0
main_full_field,full_field,Baseline,0.0,347,2Hz,60.0,0.02,0.5,anatomical_core_only,semantic_anatomical_core,episodic_anatomical_core,functional_connectivity,Fisher-z difference,0.0,0.0,0.0
main_full_field,full_field,Baseline,0.0,383,2Hz,60.0,0.02,0.5,anatomical_core_only,semantic_anatomical_core,episodic_anatomical_core,functional_connectivity,Fisher-z difference,0.0,0.0,0.0
main_full_field,full_field,Baseline,0.0,421,2Hz,60.0,0.02,0.5,anatomical_core_only,semantic_anatomical_core,episodic_anatomical_core,functional_connectivity,Fisher-z difference,0.0,0.0,0.0
main_full_field,full_field,Baseline,0.0,461,2Hz,60.0,0.02,0.5,anatomical_core_only,semantic_anatomical_core,episodic_anatomical_core,functional_connectivity,Fisher-z difference,0.0,0.0,0.0
main_full_field,full_field,Baseline,0.0,503,2Hz,60.0,0.02,0.5,anatomical_core_only,semantic_anatomical_core,episodic_anatomical_core,functional_connectivity,Fisher-z difference,0.0,0.0,0.0
main_full_field,full_field,High AD-like perturbation,1.0,11,2Hz,60.0,0.02,0.5,anatomical_core_only,semantic_anatomical_core,episodic_anatomical_core,functional_connectivity,Fisher-z difference,-2.1231810849651405,-2.203564413352615,0.08038332838747442
main_full_field,full_field,High AD-like perturbation,1.0,23,2Hz,60.0,0.02,0.5,anatomical_core_only,semantic_anatomical_core,episodic_anatomical_core,functional_connectivity,Fisher-z difference,-2.119689992495869,-2.2015303691183856,0.08184037662251642
main_full_field,full_field,High AD-like perturbation,1.0,37,2Hz,60.0,0.02,0.5,anatomical_core_only,semantic_anatomical_core,episodic_anatomical_core,functional_connectivity,Fisher-z difference,-2.118381046375836,-2.19940353363659,0.0810224872607539
main_full_field,full_field,High AD-like perturbation,1.0,53,2Hz,60.0,0.02,0.5,anatomical_core_only,semantic_anatomical_core,episodic_anatomical_core,functional_connectivity,Fisher-z difference,-2.122163299182163,-2.208975609629666,0.08681231044750293
main_full_field,full_field,High AD-like perturbation,1.0,71,2Hz,60.0,0.02,0.5,anatomical_core_only,semantic_anatomical_core,episodic_anatomical_core,functional_connectivity,Fisher-z difference,-2.11236169651928,-2.194315124596223,0.08195342807694317
main_full_field,full_field,High AD-like perturbation,1.0,89,2Hz,60.0,0.02,0.5,anatomical_core_only,semantic_anatomical_core,episodic_anatomical_core,functional_connectivity,Fisher-z difference,-2.122243802816913,-2.2042041316865517,0.08196032886963867
main_full_field,full_field,High AD-like perturbation,1.0,107,2Hz,60.0,0.02,0.5,anatomical_core_only,semantic_anatomical_core,episodic_anatomical_core,functional_connectivity,Fisher-z difference,-2.1207167429865037,-2.2045204148502973,0.08380367186379356
main_full_field,full_field,High AD-like perturbation,1.0,127,2Hz,60.0,0.02,0.5,anatomical_core_only,semantic_anatomical_core,episodic_anatomical_core,functional_connectivity,Fisher-z difference,-2.1048054277553714,-2.1784346262395653,0.07362919848419391
main_full_field,full_field,High AD-like perturbation,1.0,149,2Hz,60.0,0.02,0.5,anatomical_core_only,semantic_anatomical_core,episodic_anatomical_core,functional_connectivity,Fisher-z difference,-2.123431583185879,-2.201998352716025,0.07856676953014574
main_full_field,full_field,High AD-like perturbation,1.0,173,2Hz,60.0,0.02,0.5,anatomical_core_only,semantic_anatomical_core,episodic_anatomical_core,functional_connectivity,Fisher-z difference,-2.1190728966730092,-2.206570177782912,0.08749728110990285
main_full_field,full_field,High AD-like perturbation,1.0,197,2Hz,60.0,0.02,0.5,anatomical_core_only,semantic_anatomical_core,episodic_anatomical_core,functional_connectivity,Fisher-z difference,-2.1197084694216475,-2.2002352643904346,0.08052679496878712
main_full_field,full_field,High AD-like perturbation,1.0,223,2Hz,60.0,0.02,0.5,anatomical_core_only,semantic_anatomical_core,episodic_anatomical_core,functional_connectivity,Fisher-z difference,-2.096586527157059,-2.1540565184600915,0.05746999130303232
main_full_field,full_field,High AD-like perturbation,1.0,251,2Hz,60.0,0.02,0.5,anatomical_core_only,semantic_anatomical_core,episodic_anatomical_core,functional_connectivity,Fisher-z difference,-2.1191369188981106,-2.2025314549436543,0.0833945360455437
main_full_field,full_field,High AD-like perturbation,1.0,281,2Hz,60.0,0.02,0.5,anatomical_core_only,semantic_anatomical_core,episodic_anatomical_core,functional_connectivity,Fisher-z difference,-2.121992501914432,-2.205908072687763,0.083915570773331
main_full_field,full_field,High AD-like perturbation,1.0,313,2Hz,60.0,0.02,0.5,anatomical_core_only,semantic_anatomical_core,episodic_anatomical_core,functional_connectivity,Fisher-z difference,-2.1180316407931623,-2.206538783870192,0.08850714307702967
main_full_field,full_field,High AD-like perturbation,1.0,347,2Hz,60.0,0.02,0.5,anatomical_core_only,semantic_anatomical_core,episodic_anatomical_core,functional_connectivity,Fisher-z difference,-2.1261646270506036,-2.207182450238423,0.08101782318781936
main_full_field,full_field,High AD-like perturbation,1.0,383,2Hz,60.0,0.02,0.5,anatomical_core_only,semantic_anatomical_core,episodic_anatomical_core,functional_connectivity,Fisher-z difference,-2.1163645534243334,-2.2002879676846625,0.08392341426032912
main_full_field,full_field,High AD-like perturbation,1.0,421,2Hz,60.0,0.02,0.5,anatomical_core_only,semantic_anatomical_core,episodic_anatomical_core,functional_connectivity,Fisher-z difference,-2.1095821549382614,-2.184954183858257,0.0753720289199955
main_full_field,full_field,High AD-like perturbation,1.0,461,2Hz,60.0,0.02,0.5,anatomical_core_only,semantic_anatomical_core,episodic_anatomical_core,functional_connectivity,Fisher-z difference,-2.1211680706942535,-2.2113308120555257,0.09016274136127223
main_full_field,full_field,High AD-like perturbation,1.0,503,2Hz,60.0,0.02,0.5,anatomical_core_only,semantic_anatomical_core,episodic_anatomical_core,functional_connectivity,Fisher-z difference,-2.125629763118058,-2.205803506539337,0.08017374342127903
main_full_field,full_field,Intermediate AD-like perturbation,0.5,11,2Hz,60.0,0.02,0.5,anatomical_core_only,semantic_anatomical_core,episodic_anatomical_core,functional_connectivity,Fisher-z difference,-1.9576872283540683,-2.046018346782695,0.08833111842862684
main_full_field,full_field,Intermediate AD-like perturbation,0.5,23,2Hz,60.0,0.02,0.5,anatomical_core_only,semantic_anatomical_core,episodic_anatomical_core,functional_connectivity,Fisher-z difference,-2.0616135059542042,-2.1575371201006988,0.09592361414649453
main_full_field,full_field,Intermediate AD-like perturbation,0.5,37,2Hz,60.0,0.02,0.5,anatomical_core_only,semantic_anatomical_core,episodic_anatomical_core,functional_connectivity,Fisher-z difference,-2.088552790619665,-2.120545911885365,0.031993121265700086
main_full_field,full_field,Intermediate AD-like perturbation,0.5,53,2Hz,60.0,0.02,0.5,anatomical_core_only,semantic_anatomical_core,episodic_anatomical_core,functional_connectivity,Fisher-z difference,-2.0957386218118614,-2.186178986841668,0.09044036502980646
main_full_field,full_field,Intermediate AD-like perturbation,0.5,71,2Hz,60.0,0.02,0.5,anatomical_core_only,semantic_anatomical_core,episodic_anatomical_core,functional_connectivity,Fisher-z difference,-2.099662602548217,-2.1964705402195355,0.09680793767131846
main_full_field,full_field,Intermediate AD-like perturbation,0.5,89,2Hz,60.0,0.02,0.5,anatomical_core_only,semantic_anatomical_core,episodic_anatomical_core,functional_connectivity,Fisher-z difference,-2.02886920453899,-2.11925484242325,0.09038563788426002
main_full_field,full_field,Intermediate AD-like perturbation,0.5,107,2Hz,60.0,0.02,0.5,anatomical_core_only,semantic_anatomical_core,episodic_anatomical_core,functional_connectivity,Fisher-z difference,-2.103916969706832,-2.1882968796330324,0.08437990992620037
main_full_field,full_field,Intermediate AD-like perturbation,0.5,127,2Hz,60.0,0.02,0.5,anatomical_core_only,semantic_anatomical_core,episodic_anatomical_core,functional_connectivity,Fisher-z difference,-2.1407514493535524,-2.210902102266912,0.07015065291335976
main_full_field,full_field,Intermediate AD-like perturbation,0.5,149,2Hz,60.0,0.02,0.5,anatomical_core_only,semantic_anatomical_core,episodic_anatomical_core,functional_connectivity,Fisher-z difference,-2.063476537261412,-2.1472426566070624,0.08376611934565048
main_full_field,full_field,Intermediate AD-like perturbation,0.5,173,2Hz,60.0,0.02,0.5,anatomical_core_only,semantic_anatomical_core,episodic_anatomical_core,functional_connectivity,Fisher-z difference,-1.8883573474139985,-1.9790950030188417,0.09073765560484315
main_full_field,full_field,Intermediate AD-like perturbation,0.5,197,2Hz,60.0,0.02,0.5,anatomical_core_only,semantic_anatomical_core,episodic_anatomical_core,functional_connectivity,Fisher-z difference,-2.00145527409909,-2.0840733445873982,0.08261807048830816
main_full_field,full_field,Intermediate AD-like perturbation,0.5,223,2Hz,60.0,0.02,0.5,anatomical_core_only,semantic_anatomical_core,episodic_anatomical_core,functional_connectivity,Fisher-z difference,-1.9582680804394763,-2.035037792641315,0.07676971220183848
main_full_field,full_field,Intermediate AD-like perturbation,0.5,251,2Hz,60.0,0.02,0.5,anatomical_core_only,semantic_anatomical_core,episodic_anatomical_core,functional_connectivity,Fisher-z difference,-2.1374482204797842,-2.2177414348786173,0.08029321439883308
main_full_field,full_field,Intermediate AD-like perturbation,0.5,281,2Hz,60.0,0.02,0.5,anatomical_core_only,semantic_anatomical_core,episodic_anatomical_core,functional_connectivity,Fisher-z difference,-1.9474593004032525,-2.02231419561628,0.07485489521302724
main_full_field,full_field,Intermediate AD-like perturbation,0.5,313,2Hz,60.0,0.02,0.5,anatomical_core_only,semantic_anatomical_core,episodic_anatomical_core,functional_connectivity,Fisher-z difference,-1.8325033286196122,-1.89210811861697,0.05960478999735774
main_full_field,full_field,Intermediate AD-like perturbation,0.5,347,2Hz,60.0,0.02,0.5,anatomical_core_only,semantic_anatomical_core,episodic_anatomical_core,functional_connectivity,Fisher-z difference,-2.1315568984339617,-2.2052592432079527,0.07370234477399107
main_full_field,full_field,Intermediate AD-like perturbation,0.5,383,2Hz,60.0,0.02,0.5,anatomical_core_only,semantic_anatomical_core,episodic_anatomical_core,functional_connectivity,Fisher-z difference,-2.072038214247788,-2.1594859048803423,0.08744769063255431
main_full_field,full_field,Intermediate AD-like perturbation,0.5,421,2Hz,60.0,0.02,0.5,anatomical_core_only,semantic_anatomical_core,episodic_anatomical_core,functional_connectivity,Fisher-z difference,-2.1775486030638764,-2.2585212421883485,0.08097263912447206
main_full_field,full_field,Intermediate AD-like perturbation,0.5,461,2Hz,60.0,0.02,0.5,anatomical_core_only,semantic_anatomical_core,episodic_anatomical_core,functional_connectivity,Fisher-z difference,-2.035083677696654,-2.128923537288152,0.09383985959149799
main_full_field,full_field,Intermediate AD-like perturbation,0.5,503,2Hz,60.0,0.02,0.5,anatomical_core_only,semantic_anatomical_core,episodic_anatomical_core,functional_connectivity,Fisher-z difference,-2.120163246734546,-2.2061809234790704,0.08601767674452443
main_full_field,full_field,Baseline,0.0,11,5Hz,60.0,0.02,0.5,anatomical_core_only,semantic_anatomical_core,episodic_anatomical_core,functional_connectivity,Fisher-z difference,0.0,0.0,0.0
main_full_field,full_field,Baseline,0.0,23,5Hz,60.0,0.02,0.5,anatomical_core_only,semantic_anatomical_core,episodic_anatomical_core,functional_connectivity,Fisher-z difference,0.0,0.0,0.0
main_full_field,full_field,Baseline,0.0,37,5Hz,60.0,0.02,0.5,anatomical_core_only,semantic_anatomical_core,episodic_anatomical_core,functional_connectivity,Fisher-z difference,0.0,0.0,0.0
main_full_field,full_field,Baseline,0.0,53,5Hz,60.0,0.02,0.5,anatomical_core_only,semantic_anatomical_core,episodic_anatomical_core,functional_connectivity,Fisher-z difference,0.0,0.0,0.0
main_full_field,full_field,Baseline,0.0,71,5Hz,60.0,0.02,0.5,anatomical_core_only,semantic_anatomical_core,episodic_anatomical_core,functional_connectivity,Fisher-z difference,0.0,0.0,0.0
main_full_field,full_field,Baseline,0.0,89,5Hz,60.0,0.02,0.5,anatomical_core_only,semantic_anatomical_core,episodic_anatomical_core,functional_connectivity,Fisher-z difference,0.0,0.0,0.0
main_full_field,full_field,Baseline,0.0,107,5Hz,60.0,0.02,0.5,anatomical_core_only,semantic_anatomical_core,episodic_anatomical_core,functional_connectivity,Fisher-z difference,0.0,0.0,0.0
main_full_field,full_field,Baseline,0.0,127,5Hz,60.0,0.02,0.5,anatomical_core_only,semantic_anatomical_core,episodic_anatomical_core,functional_connectivity,Fisher-z difference,0.0,0.0,0.0
main_full_field,full_field,Baseline,0.0,149,5Hz,60.0,0.02,0.5,anatomical_core_only,semantic_anatomical_core,episodic_anatomical_core,functional_connectivity,Fisher-z difference,0.0,0.0,0.0
main_full_field,full_field,Baseline,0.0,173,5Hz,60.0,0.02,0.5,anatomical_core_only,semantic_anatomical_core,episodic_anatomical_core,functional_connectivity,Fisher-z difference,0.0,0.0,0.0
main_full_field,full_field,Baseline,0.0,197,5Hz,60.0,0.02,0.5,anatomical_core_only,semantic_anatomical_core,episodic_anatomical_core,functional_connectivity,Fisher-z difference,0.0,0.0,0.0
main_full_field,full_field,Baseline,0.0,223,5Hz,60.0,0.02,0.5,anatomical_core_only,semantic_anatomical_core,episodic_anatomical_core,functional_connectivity,Fisher-z difference,0.0,0.0,0.0
main_full_field,full_field,Baseline,0.0,251,5Hz,60.0,0.02,0.5,anatomical_core_only,semantic_anatomical_core,episodic_anatomical_core,functional_connectivity,Fisher-z difference,0.0,0.0,0.0
main_full_field,full_field,Baseline,0.0,281,5Hz,60.0,0.02,0.5,anatomical_core_only,semantic_anatomical_core,episodic_anatomical_core,functional_connectivity,Fisher-z difference,0.0,0.0,0.0
main_full_field,full_field,Baseline,0.0,313,5Hz,60.0,0.02,0.5,anatomical_core_only,semantic_anatomical_core,episodic_anatomical_core,functional_connectivity,Fisher-z difference,0.0,0.0,0.0
main_full_field,full_field,Baseline,0.0,347,5Hz,60.0,0.02,0.5,anatomical_core_only,semantic_anatomical_core,episodic_anatomical_core,functional_connectivity,Fisher-z difference,0.0,0.0,0.0
main_full_field,full_field,Baseline,0.0,383,5Hz,60.0,0.02,0.5,anatomical_core_only,semantic_anatomical_core,episodic_anatomical_core,functional_connectivity,Fisher-z difference,0.0,0.0,0.0
main_full_field,full_field,Baseline,0.0,421,5Hz,60.0,0.02,0.5,anatomical_core_only,semantic_anatomical_core,episodic_anatomical_core,functional_connectivity,Fisher-z difference,0.0,0.0,0.0
main_full_field,full_field,Baseline,0.0,461,5Hz,60.0,0.02,0.5,anatomical_core_only,semantic_anatomical_core,episodic_anatomical_core,functional_connectivity,Fisher-z difference,0.0,0.0,0.0
main_full_field,full_field,Baseline,0.0,503,5Hz,60.0,0.02,0.5,anatomical_core_only,semantic_anatomical_core,episodic_anatomical_core,functional_connectivity,Fisher-z difference,0.0,0.0,0.0
main_full_field,full_field,High AD-like perturbation,1.0,11,5Hz,60.0,0.02,0.5,anatomical_core_only,semantic_anatomical_core,episodic_anatomical_core,functional_connectivity,Fisher-z difference,-1.287109678874201,-1.3609621142678887,0.0738524353936878
main_full_field,full_field,High AD-like perturbation,1.0,23,5Hz,60.0,0.02,0.5,anatomical_core_only,semantic_anatomical_core,episodic_anatomical_core,functional_connectivity,Fisher-z difference,-1.2693736307534744,-1.3503776705954849,0.08100403984201043
main_full_field,full_field,High AD-like perturbation,1.0,37,5Hz,60.0,0.02,0.5,anatomical_core_only,semantic_anatomical_core,episodic_anatomical_core,functional_connectivity,Fisher-z difference,-1.265488667116166,-1.351309973485812,0.08582130636964602
main_full_field,full_field,High AD-like perturbation,1.0,53,5Hz,60.0,0.02,0.5,anatomical_core_only,semantic_anatomical_core,episodic_anatomical_core,functional_connectivity,Fisher-z difference,-1.2477908498225445,-1.3515592459785022,0.10376839615595768
main_full_field,full_field,High AD-like perturbation,1.0,71,5Hz,60.0,0.02,0.5,anatomical_core_only,semantic_anatomical_core,episodic_anatomical_core,functional_connectivity,Fisher-z difference,-1.2818059649149727,-1.3591505912251105,0.07734462631013783
main_full_field,full_field,High AD-like perturbation,1.0,89,5Hz,60.0,0.02,0.5,anatomical_core_only,semantic_anatomical_core,episodic_anatomical_core,functional_connectivity,Fisher-z difference,-1.271024695666342,-1.3646156215521899,0.09359092588584783
main_full_field,full_field,High AD-like perturbation,1.0,107,5Hz,60.0,0.02,0.5,anatomical_core_only,semantic_anatomical_core,episodic_anatomical_core,functional_connectivity,Fisher-z difference,-1.2627189825744625,-1.3593587816374613,0.0966397990629988
main_full_field,full_field,High AD-like perturbation,1.0,127,5Hz,60.0,0.02,0.5,anatomical_core_only,semantic_anatomical_core,episodic_anatomical_core,functional_connectivity,Fisher-z difference,-1.2834897600098945,-1.3571595914011623,0.07366983139126781
main_full_field,full_field,High AD-like perturbation,1.0,149,5Hz,60.0,0.02,0.5,anatomical_core_only,semantic_anatomical_core,episodic_anatomical_core,functional_connectivity,Fisher-z difference,-1.2680226136696353,-1.3700936720649564,0.10207105839532105
main_full_field,full_field,High AD-like perturbation,1.0,173,5Hz,60.0,0.02,0.5,anatomical_core_only,semantic_anatomical_core,episodic_anatomical_core,functional_connectivity,Fisher-z difference,-1.2857217623866133,-1.3649961269092217,0.07927436452260839
main_full_field,full_field,High AD-like perturbation,1.0,197,5Hz,60.0,0.02,0.5,anatomical_core_only,semantic_anatomical_core,episodic_anatomical_core,functional_connectivity,Fisher-z difference,-1.269990306148046,-1.366247700933298,0.09625739478525208
main_full_field,full_field,High AD-like perturbation,1.0,223,5Hz,60.0,0.02,0.5,anatomical_core_only,semantic_anatomical_core,episodic_anatomical_core,functional_connectivity,Fisher-z difference,-1.2485847382699566,-1.2857218607571252,0.037137122487168606
main_full_field,full_field,High AD-like perturbation,1.0,251,5Hz,60.0,0.02,0.5,anatomical_core_only,semantic_anatomical_core,episodic_anatomical_core,functional_connectivity,Fisher-z difference,-1.2721500950259608,-1.3614421523344493,0.08929205730848855
main_full_field,full_field,High AD-like perturbation,1.0,281,5Hz,60.0,0.02,0.5,anatomical_core_only,semantic_anatomical_core,episodic_anatomical_core,functional_connectivity,Fisher-z difference,-1.268048406963988,-1.3634632540106268,0.09541484704663894
main_full_field,full_field,High AD-like perturbation,1.0,313,5Hz,60.0,0.02,0.5,anatomical_core_only,semantic_anatomical_core,episodic_anatomical_core,functional_connectivity,Fisher-z difference,-1.2757200244966296,-1.3609646823870112,0.0852446578903816
main_full_field,full_field,High AD-like perturbation,1.0,347,5Hz,60.0,0.02,0.5,anatomical_core_only,semantic_anatomical_core,episodic_anatomical_core,functional_connectivity,Fisher-z difference,-1.2578261450372499,-1.3539602802460202,0.09613413520877034
main_full_field,full_field,High AD-like perturbation,1.0,383,5Hz,60.0,0.02,0.5,anatomical_core_only,semantic_anatomical_core,episodic_anatomical_core,functional_connectivity,Fisher-z difference,-1.2585998206002593,-1.3536316352471034,0.09503181464684407
main_full_field,full_field,High AD-like perturbation,1.0,421,5Hz,60.0,0.02,0.5,anatomical_core_only,semantic_anatomical_core,episodic_anatomical_core,functional_connectivity,Fisher-z difference,-1.2593663301139235,-1.3519531499970339,0.09258681988311035
main_full_field,full_field,High AD-like perturbation,1.0,461,5Hz,60.0,0.02,0.5,anatomical_core_only,semantic_anatomical_core,episodic_anatomical_core,functional_connectivity,Fisher-z difference,-1.2486744233609284,-1.3455549684528088,0.09688054509188038
main_full_field,full_field,High AD-like perturbation,1.0,503,5Hz,60.0,0.02,0.5,anatomical_core_only,semantic_anatomical_core,episodic_anatomical_core,functional_connectivity,Fisher-z difference,-1.273895144275938,-1.352413510043372,0.07851836576743398
main_full_field,full_field,Intermediate AD-like perturbation,0.5,11,5Hz,60.0,0.02,0.5,anatomical_core_only,semantic_anatomical_core,episodic_anatomical_core,functional_connectivity,Fisher-z difference,-1.183879328887357,-1.301387991515561,0.11750866262820403
main_full_field,full_field,Intermediate AD-like perturbation,0.5,23,5Hz,60.0,0.02,0.5,anatomical_core_only,semantic_anatomical_core,episodic_anatomical_core,functional_connectivity,Fisher-z difference,-1.2041857769751785,-1.2771563177517629,0.07297054077658438
main_full_field,full_field,Intermediate AD-like perturbation,0.5,37,5Hz,60.0,0.02,0.5,anatomical_core_only,semantic_anatomical_core,episodic_anatomical_core,functional_connectivity,Fisher-z difference,-1.2923007833305469,-1.375975827254924,0.08367504392437719
main_full_field,full_field,Intermediate AD-like perturbation,0.5,53,5Hz,60.0,0.02,0.5,anatomical_core_only,semantic_anatomical_core,episodic_anatomical_core,functional_connectivity,Fisher-z difference,-1.2949891623718346,-1.384629313718655,0.08964015134682035
main_full_field,full_field,Intermediate AD-like perturbation,0.5,71,5Hz,60.0,0.02,0.5,anatomical_core_only,semantic_anatomical_core,episodic_anatomical_core,functional_connectivity,Fisher-z difference,-1.2428779311031186,-1.3456623153178249,0.10278438421470626
main_full_field,full_field,Intermediate AD-like perturbation,0.5,89,5Hz,60.0,0.02,0.5,anatomical_core_only,semantic_anatomical_core,episodic_anatomical_core,functional_connectivity,Fisher-z difference,-1.3050721866007395,-1.4096370754400882,0.10456488883934867
main_full_field,full_field,Intermediate AD-like perturbation,0.5,107,5Hz,60.0,0.02,0.5,anatomical_core_only,semantic_anatomical_core,episodic_anatomical_core,functional_connectivity,Fisher-z difference,-1.2270918280059144,-1.300596880451507,0.07350505244559247
main_full_field,full_field,Intermediate AD-like perturbation,0.5,127,5Hz,60.0,0.02,0.5,anatomical_core_only,semantic_anatomical_core,episodic_anatomical_core,functional_connectivity,Fisher-z difference,-1.2844851263907486,-1.3518198404238222,0.06733471403307356
main_full_field,full_field,Intermediate AD-like perturbation,0.5,149,5Hz,60.0,0.02,0.5,anatomical_core_only,semantic_anatomical_core,episodic_anatomical_core,functional_connectivity,Fisher-z difference,-1.2064163386603228,-1.3078664720476176,0.1014501333872948
main_full_field,full_field,Intermediate AD-like perturbation,0.5,173,5Hz,60.0,0.02,0.5,anatomical_core_only,semantic_anatomical_core,episodic_anatomical_core,functional_connectivity,Fisher-z difference,-1.1049076128984028,-1.2134161468200984,0.10850853392169557
main_full_field,full_field,Intermediate AD-like perturbation,0.5,197,5Hz,60.0,0.02,0.5,anatomical_core_only,semantic_anatomical_core,episodic_anatomical_core,functional_connectivity,Fisher-z difference,-1.3037846957508124,-1.3967218441536047,0.09293714840279232
main_full_field,full_field,Intermediate AD-like perturbation,0.5,223,5Hz,60.0,0.02,0.5,anatomical_core_only,semantic_anatomical_core,episodic_anatomical_core,functional_connectivity,Fisher-z difference,-1.1603491221282995,-1.2549993546776463,0.09465023254934679
main_full_field,full_field,Intermediate AD-like perturbation,0.5,251,5Hz,60.0,0.02,0.5,anatomical_core_only,semantic_anatomical_core,episodic_anatomical_core,functional_connectivity,Fisher-z difference,-1.1930967884107067,-1.2626882704388218,0.06959148202811516
main_full_field,full_field,Intermediate AD-like perturbation,0.5,281,5Hz,60.0,0.02,0.5,anatomical_core_only,semantic_anatomical_core,episodic_anatomical_core,functional_connectivity,Fisher-z difference,-1.188122703243082,-1.275206886807924,0.08708418356484215
main_full_field,full_field,Intermediate AD-like perturbation,0.5,313,5Hz,60.0,0.02,0.5,anatomical_core_only,semantic_anatomical_core,episodic_anatomical_core,functional_connectivity,Fisher-z difference,-1.1120236576924973,-1.208950557262563,0.09692689957006562
main_full_field,full_field,Intermediate AD-like perturbation,0.5,347,5Hz,60.0,0.02,0.5,anatomical_core_only,semantic_anatomical_core,episodic_anatomical_core,functional_connectivity,Fisher-z difference,-1.2415415614061796,-1.340728559184294,0.09918699777811435
main_full_field,full_field,Intermediate AD-like perturbation,0.5,383,5Hz,60.0,0.02,0.5,anatomical_core_only,semantic_anatomical_core,episodic_anatomical_core,functional_connectivity,Fisher-z difference,-1.191190080040401,-1.304289746102945,0.11309966606254407
main_full_field,full_field,Intermediate AD-like perturbation,0.5,421,5Hz,60.0,0.02,0.5,anatomical_core_only,semantic_anatomical_core,episodic_anatomical_core,functional_connectivity,Fisher-z difference,-1.3057738740970959,-1.3961894601190077,0.0904155860219118
main_full_field,full_field,Intermediate AD-like perturbation,0.5,461,5Hz,60.0,0.02,0.5,anatomical_core_only,semantic_anatomical_core,episodic_anatomical_core,functional_connectivity,Fisher-z difference,-0.8036510062317705,-0.8573005836021788,0.05364957737040821
main_full_field,full_field,Intermediate AD-like perturbation,0.5,503,5Hz,60.0,0.02,0.5,anatomical_core_only,semantic_anatomical_core,episodic_anatomical_core,functional_connectivity,Fisher-z difference,-1.2086653814611255,-1.3152305997680573,0.10656521830693189
main_full_field,full_field,Baseline,0.0,11,pulse,60.0,0.02,0.5,anatomical_core_only,semantic_anatomical_core,episodic_anatomical_core,response_latency,ms,0.0,0.0,0.0
main_full_field,full_field,Baseline,0.0,23,pulse,60.0,0.02,0.5,anatomical_core_only,semantic_anatomical_core,episodic_anatomical_core,response_latency,ms,0.0,0.0,0.0
main_full_field,full_field,Baseline,0.0,37,pulse,60.0,0.02,0.5,anatomical_core_only,semantic_anatomical_core,episodic_anatomical_core,response_latency,ms,0.0,0.0,0.0
main_full_field,full_field,Baseline,0.0,53,pulse,60.0,0.02,0.5,anatomical_core_only,semantic_anatomical_core,episodic_anatomical_core,response_latency,ms,0.0,0.0,0.0
main_full_field,full_field,Baseline,0.0,71,pulse,60.0,0.02,0.5,anatomical_core_only,semantic_anatomical_core,episodic_anatomical_core,response_latency,ms,0.0,0.0,0.0
main_full_field,full_field,Baseline,0.0,89,pulse,60.0,0.02,0.5,anatomical_core_only,semantic_anatomical_core,episodic_anatomical_core,response_latency,ms,0.0,0.0,0.0
main_full_field,full_field,Baseline,0.0,107,pulse,60.0,0.02,0.5,anatomical_core_only,semantic_anatomical_core,episodic_anatomical_core,response_latency,ms,0.0,0.0,0.0
main_full_field,full_field,Baseline,0.0,127,pulse,60.0,0.02,0.5,anatomical_core_only,semantic_anatomical_core,episodic_anatomical_core,response_latency,ms,0.0,0.0,0.0
main_full_field,full_field,Baseline,0.0,149,pulse,60.0,0.02,0.5,anatomical_core_only,semantic_anatomical_core,episodic_anatomical_core,response_latency,ms,0.0,0.0,0.0
main_full_field,full_field,Baseline,0.0,173,pulse,60.0,0.02,0.5,anatomical_core_only,semantic_anatomical_core,episodic_anatomical_core,response_latency,ms,0.0,0.0,0.0
main_full_field,full_field,Baseline,0.0,197,pulse,60.0,0.02,0.5,anatomical_core_only,semantic_anatomical_core,episodic_anatomical_core,response_latency,ms,0.0,0.0,0.0
main_full_field,full_field,Baseline,0.0,223,pulse,60.0,0.02,0.5,anatomical_core_only,semantic_anatomical_core,episodic_anatomical_core,response_latency,ms,0.0,0.0,0.0
main_full_field,full_field,Baseline,0.0,251,pulse,60.0,0.02,0.5,anatomical_core_only,semantic_anatomical_core,episodic_anatomical_core,response_latency,ms,0.0,0.0,0.0
main_full_field,full_field,Baseline,0.0,281,pulse,60.0,0.02,0.5,anatomical_core_only,semantic_anatomical_core,episodic_anatomical_core,response_latency,ms,0.0,0.0,0.0
main_full_field,full_field,Baseline,0.0,313,pulse,60.0,0.02,0.5,anatomical_core_only,semantic_anatomical_core,episodic_anatomical_core,response_latency,ms,0.0,0.0,0.0
main_full_field,full_field,Baseline,0.0,347,pulse,60.0,0.02,0.5,anatomical_core_only,semantic_anatomical_core,episodic_anatomical_core,response_latency,ms,0.0,0.0,0.0
main_full_field,full_field,Baseline,0.0,383,pulse,60.0,0.02,0.5,anatomical_core_only,semantic_anatomical_core,episodic_anatomical_core,response_latency,ms,0.0,0.0,0.0
main_full_field,full_field,Baseline,0.0,421,pulse,60.0,0.02,0.5,anatomical_core_only,semantic_anatomical_core,episodic_anatomical_core,response_latency,ms,0.0,0.0,0.0
main_full_field,full_field,Baseline,0.0,461,pulse,60.0,0.02,0.5,anatomical_core_only,semantic_anatomical_core,episodic_anatomical_core,response_latency,ms,0.0,0.0,0.0
main_full_field,full_field,Baseline,0.0,503,pulse,60.0,0.02,0.5,anatomical_core_only,semantic_anatomical_core,episodic_anatomical_core,response_latency,ms,0.0,0.0,0.0
main_full_field,full_field,High AD-like perturbation,1.0,11,pulse,60.0,0.02,0.5,anatomical_core_only,semantic_anatomical_core,episodic_anatomical_core,response_latency,ms,360.0,223.0,137.0
main_full_field,full_field,High AD-like perturbation,1.0,23,pulse,60.0,0.02,0.5,anatomical_core_only,semantic_anatomical_core,episodic_anatomical_core,response_latency,ms,642.0,189.5,452.5
main_full_field,full_field,High AD-like perturbation,1.0,37,pulse,60.0,0.02,0.5,anatomical_core_only,semantic_anatomical_core,episodic_anatomical_core,response_latency,ms,609.0,243.5,365.5
main_full_field,full_field,High AD-like perturbation,1.0,53,pulse,60.0,0.02,0.5,anatomical_core_only,semantic_anatomical_core,episodic_anatomical_core,response_latency,ms,636.0,99.5,536.5
main_full_field,full_field,High AD-like perturbation,1.0,71,pulse,60.0,0.02,0.5,anatomical_core_only,semantic_anatomical_core,episodic_anatomical_core,response_latency,ms,710.0,165.0,545.0
main_full_field,full_field,High AD-like perturbation,1.0,89,pulse,60.0,0.02,0.5,anatomical_core_only,semantic_anatomical_core,episodic_anatomical_core,response_latency,ms,551.0,138.5,412.5
main_full_field,full_field,High AD-like perturbation,1.0,107,pulse,60.0,0.02,0.5,anatomical_core_only,semantic_anatomical_core,episodic_anatomical_core,response_latency,ms,483.0,206.5,276.5
main_full_field,full_field,High AD-like perturbation,1.0,127,pulse,60.0,0.02,0.5,anatomical_core_only,semantic_anatomical_core,episodic_anatomical_core,response_latency,ms,428.5,171.0,257.5
main_full_field,full_field,High AD-like perturbation,1.0,149,pulse,60.0,0.02,0.5,anatomical_core_only,semantic_anatomical_core,episodic_anatomical_core,response_latency,ms,598.0,101.0,497.0
main_full_field,full_field,High AD-like perturbation,1.0,173,pulse,60.0,0.02,0.5,anatomical_core_only,semantic_anatomical_core,episodic_anatomical_core,response_latency,ms,602.0,169.0,433.0
main_full_field,full_field,High AD-like perturbation,1.0,197,pulse,60.0,0.02,0.5,anatomical_core_only,semantic_anatomical_core,episodic_anatomical_core,response_latency,ms,389.0,200.0,189.0
main_full_field,full_field,High AD-like perturbation,1.0,223,pulse,60.0,0.02,0.5,anatomical_core_only,semantic_anatomical_core,episodic_anatomical_core,response_latency,ms,711.5,177.5,534.0
main_full_field,full_field,High AD-like perturbation,1.0,251,pulse,60.0,0.02,0.5,anatomical_core_only,semantic_anatomical_core,episodic_anatomical_core,response_latency,ms,310.0,166.5,143.5
main_full_field,full_field,High AD-like perturbation,1.0,281,pulse,60.0,0.02,0.5,anatomical_core_only,semantic_anatomical_core,episodic_anatomical_core,response_latency,ms,691.0,336.0,355.0
main_full_field,full_field,High AD-like perturbation,1.0,313,pulse,60.0,0.02,0.5,anatomical_core_only,semantic_anatomical_core,episodic_anatomical_core,response_latency,ms,609.0,181.0,428.0
main_full_field,full_field,High AD-like perturbation,1.0,347,pulse,60.0,0.02,0.5,anatomical_core_only,semantic_anatomical_core,episodic_anatomical_core,response_latency,ms,312.0,118.0,194.0
main_full_field,full_field,High AD-like perturbation,1.0,383,pulse,60.0,0.02,0.5,anatomical_core_only,semantic_anatomical_core,episodic_anatomical_core,response_latency,ms,402.0,131.0,271.0
main_full_field,full_field,High AD-like perturbation,1.0,421,pulse,60.0,0.02,0.5,anatomical_core_only,semantic_anatomical_core,episodic_anatomical_core,response_latency,ms,638.0,103.5,534.5
main_full_field,full_field,High AD-like perturbation,1.0,461,pulse,60.0,0.02,0.5,anatomical_core_only,semantic_anatomical_core,episodic_anatomical_core,response_latency,ms,608.0,160.0,448.0
main_full_field,full_field,High AD-like perturbation,1.0,503,pulse,60.0,0.02,0.5,anatomical_core_only,semantic_anatomical_core,episodic_anatomical_core,response_latency,ms,728.5,202.0,526.5
main_full_field,full_field,Intermediate AD-like perturbation,0.5,11,pulse,60.0,0.02,0.5,anatomical_core_only,semantic_anatomical_core,episodic_anatomical_core,response_latency,ms,2462.5,,
main_full_field,full_field,Intermediate AD-like perturbation,0.5,23,pulse,60.0,0.02,0.5,anatomical_core_only,semantic_anatomical_core,episodic_anatomical_core,response_latency,ms,260.0,36.0,224.0
main_full_field,full_field,Intermediate AD-like perturbation,0.5,37,pulse,60.0,0.02,0.5,anatomical_core_only,semantic_anatomical_core,episodic_anatomical_core,response_latency,ms,1678.0,1693.5,-15.5
main_full_field,full_field,Intermediate AD-like perturbation,0.5,53,pulse,60.0,0.02,0.5,anatomical_core_only,semantic_anatomical_core,episodic_anatomical_core,response_latency,ms,45.0,-49.0,94.0
main_full_field,full_field,Intermediate AD-like perturbation,0.5,71,pulse,60.0,0.02,0.5,anatomical_core_only,semantic_anatomical_core,episodic_anatomical_core,response_latency,ms,2492.0,2544.5,-52.5
main_full_field,full_field,Intermediate AD-like perturbation,0.5,89,pulse,60.0,0.02,0.5,anatomical_core_only,semantic_anatomical_core,episodic_anatomical_core,response_latency,ms,71.0,-52.5,123.5
main_full_field,full_field,Intermediate AD-like perturbation,0.5,107,pulse,60.0,0.02,0.5,anatomical_core_only,semantic_anatomical_core,episodic_anatomical_core,response_latency,ms,2025.0,,
main_full_field,full_field,Intermediate AD-like perturbation,0.5,127,pulse,60.0,0.02,0.5,anatomical_core_only,semantic_anatomical_core,episodic_anatomical_core,response_latency,ms,635.0,97.0,538.0
main_full_field,full_field,Intermediate AD-like perturbation,0.5,149,pulse,60.0,0.02,0.5,anatomical_core_only,semantic_anatomical_core,episodic_anatomical_core,response_latency,ms,66.0,-20.0,86.0
main_full_field,full_field,Intermediate AD-like perturbation,0.5,173,pulse,60.0,0.02,0.5,anatomical_core_only,semantic_anatomical_core,episodic_anatomical_core,response_latency,ms,,,
main_full_field,full_field,Intermediate AD-like perturbation,0.5,197,pulse,60.0,0.02,0.5,anatomical_core_only,semantic_anatomical_core,episodic_anatomical_core,response_latency,ms,1849.0,1797.5,51.5
main_full_field,full_field,Intermediate AD-like perturbation,0.5,223,pulse,60.0,0.02,0.5,anatomical_core_only,semantic_anatomical_core,episodic_anatomical_core,response_latency,ms,2594.0,2712.0,-118.0
main_full_field,full_field,Intermediate AD-like perturbation,0.5,251,pulse,60.0,0.02,0.5,anatomical_core_only,semantic_anatomical_core,episodic_anatomical_core,response_latency,ms,2580.0,2613.0,-33.0
main_full_field,full_field,Intermediate AD-like perturbation,0.5,281,pulse,60.0,0.02,0.5,anatomical_core_only,semantic_anatomical_core,episodic_anatomical_core,response_latency,ms,87.0,-46.0,133.0
main_full_field,full_field,Intermediate AD-like perturbation,0.5,313,pulse,60.0,0.02,0.5,anatomical_core_only,semantic_anatomical_core,episodic_anatomical_core,response_latency,ms,100.0,-19.5,119.5
main_full_field,full_field,Intermediate AD-like perturbation,0.5,347,pulse,60.0,0.02,0.5,anatomical_core_only,semantic_anatomical_core,episodic_anatomical_core,response_latency,ms,107.0,-31.5,138.5
main_full_field,full_field,Intermediate AD-like perturbation,0.5,383,pulse,60.0,0.02,0.5,anatomical_core_only,semantic_anatomical_core,episodic_anatomical_core,response_latency,ms,87.0,-45.0,132.0
main_full_field,full_field,Intermediate AD-like perturbation,0.5,421,pulse,60.0,0.02,0.5,anatomical_core_only,semantic_anatomical_core,episodic_anatomical_core,response_latency,ms,57.5,-47.0,104.5
main_full_field,full_field,Intermediate AD-like perturbation,0.5,461,pulse,60.0,0.02,0.5,anatomical_core_only,semantic_anatomical_core,episodic_anatomical_core,response_latency,ms,,,
main_full_field,full_field,Intermediate AD-like perturbation,0.5,503,pulse,60.0,0.02,0.5,anatomical_core_only,semantic_anatomical_core,episodic_anatomical_core,response_latency,ms,80.0,-49.0,129.0
main_full_field,full_field,Baseline,0.0,11,2Hz,60.0,0.02,0.5,platel_peak_only,semantic_platel_peaks,episodic_platel_peaks,transfer_gain,log2 ratio,0.0,0.0,0.0
main_full_field,full_field,Baseline,0.0,23,2Hz,60.0,0.02,0.5,platel_peak_only,semantic_platel_peaks,episodic_platel_peaks,transfer_gain,log2 ratio,0.0,0.0,0.0
main_full_field,full_field,Baseline,0.0,37,2Hz,60.0,0.02,0.5,platel_peak_only,semantic_platel_peaks,episodic_platel_peaks,transfer_gain,log2 ratio,0.0,0.0,0.0
main_full_field,full_field,Baseline,0.0,53,2Hz,60.0,0.02,0.5,platel_peak_only,semantic_platel_peaks,episodic_platel_peaks,transfer_gain,log2 ratio,0.0,0.0,0.0
main_full_field,full_field,Baseline,0.0,71,2Hz,60.0,0.02,0.5,platel_peak_only,semantic_platel_peaks,episodic_platel_peaks,transfer_gain,log2 ratio,0.0,0.0,0.0
main_full_field,full_field,Baseline,0.0,89,2Hz,60.0,0.02,0.5,platel_peak_only,semantic_platel_peaks,episodic_platel_peaks,transfer_gain,log2 ratio,0.0,0.0,0.0
main_full_field,full_field,Baseline,0.0,107,2Hz,60.0,0.02,0.5,platel_peak_only,semantic_platel_peaks,episodic_platel_peaks,transfer_gain,log2 ratio,0.0,0.0,0.0
main_full_field,full_field,Baseline,0.0,127,2Hz,60.0,0.02,0.5,platel_peak_only,semantic_platel_peaks,episodic_platel_peaks,transfer_gain,log2 ratio,0.0,0.0,0.0
main_full_field,full_field,Baseline,0.0,149,2Hz,60.0,0.02,0.5,platel_peak_only,semantic_platel_peaks,episodic_platel_peaks,transfer_gain,log2 ratio,0.0,0.0,0.0
main_full_field,full_field,Baseline,0.0,173,2Hz,60.0,0.02,0.5,platel_peak_only,semantic_platel_peaks,episodic_platel_peaks,transfer_gain,log2 ratio,0.0,0.0,0.0
main_full_field,full_field,Baseline,0.0,197,2Hz,60.0,0.02,0.5,platel_peak_only,semantic_platel_peaks,episodic_platel_peaks,transfer_gain,log2 ratio,0.0,0.0,0.0
main_full_field,full_field,Baseline,0.0,223,2Hz,60.0,0.02,0.5,platel_peak_only,semantic_platel_peaks,episodic_platel_peaks,transfer_gain,log2 ratio,0.0,0.0,0.0
main_full_field,full_field,Baseline,0.0,251,2Hz,60.0,0.02,0.5,platel_peak_only,semantic_platel_peaks,episodic_platel_peaks,transfer_gain,log2 ratio,0.0,0.0,0.0
main_full_field,full_field,Baseline,0.0,281,2Hz,60.0,0.02,0.5,platel_peak_only,semantic_platel_peaks,episodic_platel_peaks,transfer_gain,log2 ratio,0.0,0.0,0.0
main_full_field,full_field,Baseline,0.0,313,2Hz,60.0,0.02,0.5,platel_peak_only,semantic_platel_peaks,episodic_platel_peaks,transfer_gain,log2 ratio,0.0,0.0,0.0
main_full_field,full_field,Baseline,0.0,347,2Hz,60.0,0.02,0.5,platel_peak_only,semantic_platel_peaks,episodic_platel_peaks,transfer_gain,log2 ratio,0.0,0.0,0.0
main_full_field,full_field,Baseline,0.0,383,2Hz,60.0,0.02,0.5,platel_peak_only,semantic_platel_peaks,episodic_platel_peaks,transfer_gain,log2 ratio,0.0,0.0,0.0
main_full_field,full_field,Baseline,0.0,421,2Hz,60.0,0.02,0.5,platel_peak_only,semantic_platel_peaks,episodic_platel_peaks,transfer_gain,log2 ratio,0.0,0.0,0.0
main_full_field,full_field,Baseline,0.0,461,2Hz,60.0,0.02,0.5,platel_peak_only,semantic_platel_peaks,episodic_platel_peaks,transfer_gain,log2 ratio,0.0,0.0,0.0
main_full_field,full_field,Baseline,0.0,503,2Hz,60.0,0.02,0.5,platel_peak_only,semantic_platel_peaks,episodic_platel_peaks,transfer_gain,log2 ratio,0.0,0.0,0.0
main_full_field,full_field,High AD-like perturbation,1.0,11,2Hz,60.0,0.02,0.5,platel_peak_only,semantic_platel_peaks,episodic_platel_peaks,transfer_gain,log2 ratio,9.841360902513687,6.346610290436686,3.4947506120770004
main_full_field,full_field,High AD-like perturbation,1.0,23,2Hz,60.0,0.02,0.5,platel_peak_only,semantic_platel_peaks,episodic_platel_peaks,transfer_gain,log2 ratio,9.853976824002219,6.49487137871323,3.3591054452889884
main_full_field,full_field,High AD-like perturbation,1.0,37,2Hz,60.0,0.02,0.5,platel_peak_only,semantic_platel_peaks,episodic_platel_peaks,transfer_gain,log2 ratio,9.911893507618313,6.802395136976589,3.109498370641724
main_full_field,full_field,High AD-like perturbation,1.0,53,2Hz,60.0,0.02,0.5,platel_peak_only,semantic_platel_peaks,episodic_platel_peaks,transfer_gain,log2 ratio,9.850725036152499,6.704758311273968,3.14596672487853
main_full_field,full_field,High AD-like perturbation,1.0,71,2Hz,60.0,0.02,0.5,platel_peak_only,semantic_platel_peaks,episodic_platel_peaks,transfer_gain,log2 ratio,9.89561195448052,7.839850470263728,2.0557614842167924
main_full_field,full_field,High AD-like perturbation,1.0,89,2Hz,60.0,0.02,0.5,platel_peak_only,semantic_platel_peaks,episodic_platel_peaks,transfer_gain,log2 ratio,9.873378152880123,6.785919995344342,3.0874581575357816
main_full_field,full_field,High AD-like perturbation,1.0,107,2Hz,60.0,0.02,0.5,platel_peak_only,semantic_platel_peaks,episodic_platel_peaks,transfer_gain,log2 ratio,9.850544447417192,7.002321186888056,2.848223260529136
main_full_field,full_field,High AD-like perturbation,1.0,127,2Hz,60.0,0.02,0.5,platel_peak_only,semantic_platel_peaks,episodic_platel_peaks,transfer_gain,log2 ratio,9.950554575494253,8.06335421554894,1.8872003599453127
main_full_field,full_field,High AD-like perturbation,1.0,149,2Hz,60.0,0.02,0.5,platel_peak_only,semantic_platel_peaks,episodic_platel_peaks,transfer_gain,log2 ratio,10.035297081425695,7.1119034300308055,2.923393651394889
main_full_field,full_field,High AD-like perturbation,1.0,173,2Hz,60.0,0.02,0.5,platel_peak_only,semantic_platel_peaks,episodic_platel_peaks,transfer_gain,log2 ratio,9.960213602764881,7.428749073382708,2.5314645293821734
main_full_field,full_field,High AD-like perturbation,1.0,197,2Hz,60.0,0.02,0.5,platel_peak_only,semantic_platel_peaks,episodic_platel_peaks,transfer_gain,log2 ratio,9.838628538642183,6.825022465881869,3.0136060727603144
main_full_field,full_field,High AD-like perturbation,1.0,223,2Hz,60.0,0.02,0.5,platel_peak_only,semantic_platel_peaks,episodic_platel_peaks,transfer_gain,log2 ratio,10.055146123156366,8.61690604742564,1.4382400757307252
main_full_field,full_field,High AD-like perturbation,1.0,251,2Hz,60.0,0.02,0.5,platel_peak_only,semantic_platel_peaks,episodic_platel_peaks,transfer_gain,log2 ratio,9.864854020889002,6.619805318467165,3.245048702421837
main_full_field,full_field,High AD-like perturbation,1.0,281,2Hz,60.0,0.02,0.5,platel_peak_only,semantic_platel_peaks,episodic_platel_peaks,transfer_gain,log2 ratio,9.84790062356298,7.022475251291728,2.825425372271252
main_full_field,full_field,High AD-like perturbation,1.0,313,2Hz,60.0,0.02,0.5,platel_peak_only,semantic_platel_peaks,episodic_platel_peaks,transfer_gain,log2 ratio,9.877939229925925,7.089623234249228,2.7883159956766974
main_full_field,full_field,High AD-like perturbation,1.0,347,2Hz,60.0,0.02,0.5,platel_peak_only,semantic_platel_peaks,episodic_platel_peaks,transfer_gain,log2 ratio,9.908723710368768,6.325288378203129,3.5834353321656396
main_full_field,full_field,High AD-like perturbation,1.0,383,2Hz,60.0,0.02,0.5,platel_peak_only,semantic_platel_peaks,episodic_platel_peaks,transfer_gain,log2 ratio,9.89713945082745,6.94074338429385,2.956396066533599
main_full_field,full_field,High AD-like perturbation,1.0,421,2Hz,60.0,0.02,0.5,platel_peak_only,semantic_platel_peaks,episodic_platel_peaks,transfer_gain,log2 ratio,9.987811486824384,7.560647914998475,2.4271635718259095
main_full_field,full_field,High AD-like perturbation,1.0,461,2Hz,60.0,0.02,0.5,platel_peak_only,semantic_platel_peaks,episodic_platel_peaks,transfer_gain,log2 ratio,9.960480052495651,6.927660303829726,3.0328197486659247
main_full_field,full_field,High AD-like perturbation,1.0,503,2Hz,60.0,0.02,0.5,platel_peak_only,semantic_platel_peaks,episodic_platel_peaks,transfer_gain,log2 ratio,9.838092329909005,6.4665323306415985,3.371559999267406
main_full_field,full_field,Intermediate AD-like perturbation,0.5,11,2Hz,60.0,0.02,0.5,platel_peak_only,semantic_platel_peaks,episodic_platel_peaks,transfer_gain,log2 ratio,11.926952820241361,10.96890873028232,0.9580440899590403
main_full_field,full_field,Intermediate AD-like perturbation,0.5,23,2Hz,60.0,0.02,0.5,platel_peak_only,semantic_platel_peaks,episodic_platel_peaks,transfer_gain,log2 ratio,10.351072332504168,8.665311448593776,1.6857608839103921
main_full_field,full_field,Intermediate AD-like perturbation,0.5,37,2Hz,60.0,0.02,0.5,platel_peak_only,semantic_platel_peaks,episodic_platel_peaks,transfer_gain,log2 ratio,6.295031571346856,7.359542354253358,-1.0645107829065017
main_full_field,full_field,Intermediate AD-like perturbation,0.5,53,2Hz,60.0,0.02,0.5,platel_peak_only,semantic_platel_peaks,episodic_platel_peaks,transfer_gain,log2 ratio,10.497538204599293,10.119221769366854,0.3783164352324384
main_full_field,full_field,Intermediate AD-like perturbation,0.5,71,2Hz,60.0,0.02,0.5,platel_peak_only,semantic_platel_peaks,episodic_platel_peaks,transfer_gain,log2 ratio,11.753763550572716,10.046757476179186,1.7070060743935294
main_full_field,full_field,Intermediate AD-like perturbation,0.5,89,2Hz,60.0,0.02,0.5,platel_peak_only,semantic_platel_peaks,episodic_platel_peaks,transfer_gain,log2 ratio,10.213872742408114,9.857161622097241,0.35671112031087304
main_full_field,full_field,Intermediate AD-like perturbation,0.5,107,2Hz,60.0,0.02,0.5,platel_peak_only,semantic_platel_peaks,episodic_platel_peaks,transfer_gain,log2 ratio,9.303252136330899,10.256288194003258,-0.9530360576723584
main_full_field,full_field,Intermediate AD-like perturbation,0.5,127,2Hz,60.0,0.02,0.5,platel_peak_only,semantic_platel_peaks,episodic_platel_peaks,transfer_gain,log2 ratio,8.6173428445789,9.238158218584308,-0.6208153740054083
main_full_field,full_field,Intermediate AD-like perturbation,0.5,149,2Hz,60.0,0.02,0.5,platel_peak_only,semantic_platel_peaks,episodic_platel_peaks,transfer_gain,log2 ratio,9.816444078773575,8.428348258390002,1.3880958203835725
main_full_field,full_field,Intermediate AD-like perturbation,0.5,173,2Hz,60.0,0.02,0.5,platel_peak_only,semantic_platel_peaks,episodic_platel_peaks,transfer_gain,log2 ratio,11.894754370613859,10.207701950614041,1.6870524199998176
main_full_field,full_field,Intermediate AD-like perturbation,0.5,197,2Hz,60.0,0.02,0.5,platel_peak_only,semantic_platel_peaks,episodic_platel_peaks,transfer_gain,log2 ratio,11.642353489204508,11.352402669737316,0.28995081946719203
main_full_field,full_field,Intermediate AD-like perturbation,0.5,223,2Hz,60.0,0.02,0.5,platel_peak_only,semantic_platel_peaks,episodic_platel_peaks,transfer_gain,log2 ratio,11.202907408160337,10.622627440119201,0.5802799680411361
main_full_field,full_field,Intermediate AD-like perturbation,0.5,251,2Hz,60.0,0.02,0.5,platel_peak_only,semantic_platel_peaks,episodic_platel_peaks,transfer_gain,log2 ratio,9.576528240516122,10.086782732425705,-0.510254491909583
main_full_field,full_field,Intermediate AD-like perturbation,0.5,281,2Hz,60.0,0.02,0.5,platel_peak_only,semantic_platel_peaks,episodic_platel_peaks,transfer_gain,log2 ratio,10.893502576915383,9.127703193863747,1.765799383051636
main_full_field,full_field,Intermediate AD-like perturbation,0.5,313,2Hz,60.0,0.02,0.5,platel_peak_only,semantic_platel_peaks,episodic_platel_peaks,transfer_gain,log2 ratio,11.377559548405548,9.949735352280271,1.4278241961252771
main_full_field,full_field,Intermediate AD-like perturbation,0.5,347,2Hz,60.0,0.02,0.5,platel_peak_only,semantic_platel_peaks,episodic_platel_peaks,transfer_gain,log2 ratio,8.640737857143474,9.46281855941795,-0.8220807022744765
main_full_field,full_field,Intermediate AD-like perturbation,0.5,383,2Hz,60.0,0.02,0.5,platel_peak_only,semantic_platel_peaks,episodic_platel_peaks,transfer_gain,log2 ratio,10.915081005760822,10.54267627913652,0.3724047266243016
main_full_field,full_field,Intermediate AD-like perturbation,0.5,421,2Hz,60.0,0.02,0.5,platel_peak_only,semantic_platel_peaks,episodic_platel_peaks,transfer_gain,log2 ratio,8.391985672089337,9.135718025370936,-0.7437323532815991
main_full_field,full_field,Intermediate AD-like perturbation,0.5,461,2Hz,60.0,0.02,0.5,platel_peak_only,semantic_platel_peaks,episodic_platel_peaks,transfer_gain,log2 ratio,10.386046127025487,9.708279954840016,0.6777661721854713
main_full_field,full_field,Intermediate AD-like perturbation,0.5,503,2Hz,60.0,0.02,0.5,platel_peak_only,semantic_platel_peaks,episodic_platel_peaks,transfer_gain,log2 ratio,9.418015035340744,8.291829012761255,1.126186022579489
main_full_field,full_field,Baseline,0.0,11,5Hz,60.0,0.02,0.5,platel_peak_only,semantic_platel_peaks,episodic_platel_peaks,transfer_gain,log2 ratio,0.0,0.0,0.0
main_full_field,full_field,Baseline,0.0,23,5Hz,60.0,0.02,0.5,platel_peak_only,semantic_platel_peaks,episodic_platel_peaks,transfer_gain,log2 ratio,0.0,0.0,0.0
main_full_field,full_field,Baseline,0.0,37,5Hz,60.0,0.02,0.5,platel_peak_only,semantic_platel_peaks,episodic_platel_peaks,transfer_gain,log2 ratio,0.0,0.0,0.0
main_full_field,full_field,Baseline,0.0,53,5Hz,60.0,0.02,0.5,platel_peak_only,semantic_platel_peaks,episodic_platel_peaks,transfer_gain,log2 ratio,0.0,0.0,0.0
main_full_field,full_field,Baseline,0.0,71,5Hz,60.0,0.02,0.5,platel_peak_only,semantic_platel_peaks,episodic_platel_peaks,transfer_gain,log2 ratio,0.0,0.0,0.0
main_full_field,full_field,Baseline,0.0,89,5Hz,60.0,0.02,0.5,platel_peak_only,semantic_platel_peaks,episodic_platel_peaks,transfer_gain,log2 ratio,0.0,0.0,0.0
main_full_field,full_field,Baseline,0.0,107,5Hz,60.0,0.02,0.5,platel_peak_only,semantic_platel_peaks,episodic_platel_peaks,transfer_gain,log2 ratio,0.0,0.0,0.0
main_full_field,full_field,Baseline,0.0,127,5Hz,60.0,0.02,0.5,platel_peak_only,semantic_platel_peaks,episodic_platel_peaks,transfer_gain,log2 ratio,0.0,0.0,0.0
main_full_field,full_field,Baseline,0.0,149,5Hz,60.0,0.02,0.5,platel_peak_only,semantic_platel_peaks,episodic_platel_peaks,transfer_gain,log2 ratio,0.0,0.0,0.0
main_full_field,full_field,Baseline,0.0,173,5Hz,60.0,0.02,0.5,platel_peak_only,semantic_platel_peaks,episodic_platel_peaks,transfer_gain,log2 ratio,0.0,0.0,0.0
main_full_field,full_field,Baseline,0.0,197,5Hz,60.0,0.02,0.5,platel_peak_only,semantic_platel_peaks,episodic_platel_peaks,transfer_gain,log2 ratio,0.0,0.0,0.0
main_full_field,full_field,Baseline,0.0,223,5Hz,60.0,0.02,0.5,platel_peak_only,semantic_platel_peaks,episodic_platel_peaks,transfer_gain,log2 ratio,0.0,0.0,0.0
main_full_field,full_field,Baseline,0.0,251,5Hz,60.0,0.02,0.5,platel_peak_only,semantic_platel_peaks,episodic_platel_peaks,transfer_gain,log2 ratio,0.0,0.0,0.0
main_full_field,full_field,Baseline,0.0,281,5Hz,60.0,0.02,0.5,platel_peak_only,semantic_platel_peaks,episodic_platel_peaks,transfer_gain,log2 ratio,0.0,0.0,0.0
main_full_field,full_field,Baseline,0.0,313,5Hz,60.0,0.02,0.5,platel_peak_only,semantic_platel_peaks,episodic_platel_peaks,transfer_gain,log2 ratio,0.0,0.0,0.0
main_full_field,full_field,Baseline,0.0,347,5Hz,60.0,0.02,0.5,platel_peak_only,semantic_platel_peaks,episodic_platel_peaks,transfer_gain,log2 ratio,0.0,0.0,0.0
main_full_field,full_field,Baseline,0.0,383,5Hz,60.0,0.02,0.5,platel_peak_only,semantic_platel_peaks,episodic_platel_peaks,transfer_gain,log2 ratio,0.0,0.0,0.0
main_full_field,full_field,Baseline,0.0,421,5Hz,60.0,0.02,0.5,platel_peak_only,semantic_platel_peaks,episodic_platel_peaks,transfer_gain,log2 ratio,0.0,0.0,0.0
main_full_field,full_field,Baseline,0.0,461,5Hz,60.0,0.02,0.5,platel_peak_only,semantic_platel_peaks,episodic_platel_peaks,transfer_gain,log2 ratio,0.0,0.0,0.0
main_full_field,full_field,Baseline,0.0,503,5Hz,60.0,0.02,0.5,platel_peak_only,semantic_platel_peaks,episodic_platel_peaks,transfer_gain,log2 ratio,0.0,0.0,0.0
main_full_field,full_field,High AD-like perturbation,1.0,11,5Hz,60.0,0.02,0.5,platel_peak_only,semantic_platel_peaks,episodic_platel_peaks,transfer_gain,log2 ratio,8.941900587722788,5.403966311845979,3.5379342758768093
main_full_field,full_field,High AD-like perturbation,1.0,23,5Hz,60.0,0.02,0.5,platel_peak_only,semantic_platel_peaks,episodic_platel_peaks,transfer_gain,log2 ratio,8.936010412155097,5.442754029137588,3.493256383017509
main_full_field,full_field,High AD-like perturbation,1.0,37,5Hz,60.0,0.02,0.5,platel_peak_only,semantic_platel_peaks,episodic_platel_peaks,transfer_gain,log2 ratio,9.027050158471788,6.253895294073011,2.7731548643987765
main_full_field,full_field,High AD-like perturbation,1.0,53,5Hz,60.0,0.02,0.5,platel_peak_only,semantic_platel_peaks,episodic_platel_peaks,transfer_gain,log2 ratio,8.915066405239966,6.274240675996884,2.6408257292430815
main_full_field,full_field,High AD-like perturbation,1.0,71,5Hz,60.0,0.02,0.5,platel_peak_only,semantic_platel_peaks,episodic_platel_peaks,transfer_gain,log2 ratio,8.940256811793676,6.003891402095993,2.9363654096976823
main_full_field,full_field,High AD-like perturbation,1.0,89,5Hz,60.0,0.02,0.5,platel_peak_only,semantic_platel_peaks,episodic_platel_peaks,transfer_gain,log2 ratio,8.989409285625447,5.877777693880735,3.111631591744712
main_full_field,full_field,High AD-like perturbation,1.0,107,5Hz,60.0,0.02,0.5,platel_peak_only,semantic_platel_peaks,episodic_platel_peaks,transfer_gain,log2 ratio,8.92381972873608,6.271829102166185,2.6519906265698943
main_full_field,full_field,High AD-like perturbation,1.0,127,5Hz,60.0,0.02,0.5,platel_peak_only,semantic_platel_peaks,episodic_platel_peaks,transfer_gain,log2 ratio,8.96899224975912,6.905048343328154,2.063943906430966
main_full_field,full_field,High AD-like perturbation,1.0,149,5Hz,60.0,0.02,0.5,platel_peak_only,semantic_platel_peaks,episodic_platel_peaks,transfer_gain,log2 ratio,9.337105130646021,6.880110189720601,2.45699494092542
main_full_field,full_field,High AD-like perturbation,1.0,173,5Hz,60.0,0.02,0.5,platel_peak_only,semantic_platel_peaks,episodic_platel_peaks,transfer_gain,log2 ratio,8.914976781932815,5.36248680856342,3.5524899733693944
main_full_field,full_field,High AD-like perturbation,1.0,197,5Hz,60.0,0.02,0.5,platel_peak_only,semantic_platel_peaks,episodic_platel_peaks,transfer_gain,log2 ratio,8.929158111816283,6.055864247739685,2.873293864076598
main_full_field,full_field,High AD-like perturbation,1.0,223,5Hz,60.0,0.02,0.5,platel_peak_only,semantic_platel_peaks,episodic_platel_peaks,transfer_gain,log2 ratio,9.39730734216553,8.515268698751902,0.8820386434136278
main_full_field,full_field,High AD-like perturbation,1.0,251,5Hz,60.0,0.02,0.5,platel_peak_only,semantic_platel_peaks,episodic_platel_peaks,transfer_gain,log2 ratio,8.978819863922254,5.914825547572803,3.0639943163494516
main_full_field,full_field,High AD-like perturbation,1.0,281,5Hz,60.0,0.02,0.5,platel_peak_only,semantic_platel_peaks,episodic_platel_peaks,transfer_gain,log2 ratio,8.93498562644171,6.19803647866351,2.7369491477782004
main_full_field,full_field,High AD-like perturbation,1.0,313,5Hz,60.0,0.02,0.5,platel_peak_only,semantic_platel_peaks,episodic_platel_peaks,transfer_gain,log2 ratio,8.954232372160305,6.032604981254436,2.9216273909058694
main_full_field,full_field,High AD-like perturbation,1.0,347,5Hz,60.0,0.02,0.5,platel_peak_only,semantic_platel_peaks,episodic_platel_peaks,transfer_gain,log2 ratio,9.107572135858964,6.131964838205008,2.9756072976539567
main_full_field,full_field,High AD-like perturbation,1.0,383,5Hz,60.0,0.02,0.5,platel_peak_only,semantic_platel_peaks,episodic_platel_peaks,transfer_gain,log2 ratio,9.037694263741363,6.356136064716454,2.6815581990249093
main_full_field,full_field,High AD-like perturbation,1.0,421,5Hz,60.0,0.02,0.5,platel_peak_only,semantic_platel_peaks,episodic_platel_peaks,transfer_gain,log2 ratio,9.06002847519188,6.63356553418024,2.426462941011639
main_full_field,full_field,High AD-like perturbation,1.0,461,5Hz,60.0,0.02,0.5,platel_peak_only,semantic_platel_peaks,episodic_platel_peaks,transfer_gain,log2 ratio,9.021854091098458,5.96257492935769,3.0592791617407675
main_full_field,full_field,High AD-like perturbation,1.0,503,5Hz,60.0,0.02,0.5,platel_peak_only,semantic_platel_peaks,episodic_platel_peaks,transfer_gain,log2 ratio,8.96781370618237,5.57146624404521,3.396347462137161
main_full_field,full_field,Intermediate AD-like perturbation,0.5,11,5Hz,60.0,0.02,0.5,platel_peak_only,semantic_platel_peaks,episodic_platel_peaks,transfer_gain,log2 ratio,10.483004844174028,10.624967161130398,-0.14196231695636996
main_full_field,full_field,Intermediate AD-like perturbation,0.5,23,5Hz,60.0,0.02,0.5,platel_peak_only,semantic_platel_peaks,episodic_platel_peaks,transfer_gain,log2 ratio,9.469582971322525,7.855369363331064,1.614213607991461
main_full_field,full_field,Intermediate AD-like perturbation,0.5,37,5Hz,60.0,0.02,0.5,platel_peak_only,semantic_platel_peaks,episodic_platel_peaks,transfer_gain,log2 ratio,8.056638082161657,8.839001401058887,-0.7823633188972305
main_full_field,full_field,Intermediate AD-like perturbation,0.5,53,5Hz,60.0,0.02,0.5,platel_peak_only,semantic_platel_peaks,episodic_platel_peaks,transfer_gain,log2 ratio,8.554203408532207,8.763543820403866,-0.20934041187165953
main_full_field,full_field,Intermediate AD-like perturbation,0.5,71,5Hz,60.0,0.02,0.5,platel_peak_only,semantic_platel_peaks,episodic_platel_peaks,transfer_gain,log2 ratio,10.885124539843707,9.202593809515832,1.6825307303278745
main_full_field,full_field,Intermediate AD-like perturbation,0.5,89,5Hz,60.0,0.02,0.5,platel_peak_only,semantic_platel_peaks,episodic_platel_peaks,transfer_gain,log2 ratio,8.85278365477613,8.395058083141947,0.4577255716341835
main_full_field,full_field,Intermediate AD-like perturbation,0.5,107,5Hz,60.0,0.02,0.5,platel_peak_only,semantic_platel_peaks,episodic_platel_peaks,transfer_gain,log2 ratio,7.020133634433807,7.715318759097866,-0.695185124664059
main_full_field,full_field,Intermediate AD-like perturbation,0.5,127,5Hz,60.0,0.02,0.5,platel_peak_only,semantic_platel_peaks,episodic_platel_peaks,transfer_gain,log2 ratio,6.0854727300172495,5.881258608912044,0.20421412110520532
main_full_field,full_field,Intermediate AD-like perturbation,0.5,149,5Hz,60.0,0.02,0.5,platel_peak_only,semantic_platel_peaks,episodic_platel_peaks,transfer_gain,log2 ratio,9.440869103557821,9.02058628399424,0.4202828195635817
main_full_field,full_field,Intermediate AD-like perturbation,0.5,173,5Hz,60.0,0.02,0.5,platel_peak_only,semantic_platel_peaks,episodic_platel_peaks,transfer_gain,log2 ratio,10.584942305111937,10.255966147763118,0.32897615734881924
main_full_field,full_field,Intermediate AD-like perturbation,0.5,197,5Hz,60.0,0.02,0.5,platel_peak_only,semantic_platel_peaks,episodic_platel_peaks,transfer_gain,log2 ratio,10.126441320077252,10.160699495706886,-0.034258175629634735
main_full_field,full_field,Intermediate AD-like perturbation,0.5,223,5Hz,60.0,0.02,0.5,platel_peak_only,semantic_platel_peaks,episodic_platel_peaks,transfer_gain,log2 ratio,10.728872901652972,8.723750579214894,2.005122322438078
main_full_field,full_field,Intermediate AD-like perturbation,0.5,251,5Hz,60.0,0.02,0.5,platel_peak_only,semantic_platel_peaks,episodic_platel_peaks,transfer_gain,log2 ratio,9.757312538920921,9.959161965369226,-0.20184942644830528
main_full_field,full_field,Intermediate AD-like perturbation,0.5,281,5Hz,60.0,0.02,0.5,platel_peak_only,semantic_platel_peaks,episodic_platel_peaks,transfer_gain,log2 ratio,9.54575598405222,8.025770112742375,1.5199858713098457
main_full_field,full_field,Intermediate AD-like perturbation,0.5,313,5Hz,60.0,0.02,0.5,platel_peak_only,semantic_platel_peaks,episodic_platel_peaks,transfer_gain,log2 ratio,10.648840599852878,9.414600482653466,1.2342401171994126
main_full_field,full_field,Intermediate AD-like perturbation,0.5,347,5Hz,60.0,0.02,0.5,platel_peak_only,semantic_platel_peaks,episodic_platel_peaks,transfer_gain,log2 ratio,10.334918476894412,9.050763561120334,1.284154915774078
main_full_field,full_field,Intermediate AD-like perturbation,0.5,383,5Hz,60.0,0.02,0.5,platel_peak_only,semantic_platel_peaks,episodic_platel_peaks,transfer_gain,log2 ratio,9.262698348630659,8.872980904791874,0.38971744383878537
main_full_field,full_field,Intermediate AD-like perturbation,0.5,421,5Hz,60.0,0.02,0.5,platel_peak_only,semantic_platel_peaks,episodic_platel_peaks,transfer_gain,log2 ratio,7.8895506237091855,8.48092378310006,-0.5913731593908746
main_full_field,full_field,Intermediate AD-like perturbation,0.5,461,5Hz,60.0,0.02,0.5,platel_peak_only,semantic_platel_peaks,episodic_platel_peaks,transfer_gain,log2 ratio,11.181148473108289,10.212387207839196,0.9687612652690927
main_full_field,full_field,Intermediate AD-like perturbation,0.5,503,5Hz,60.0,0.02,0.5,platel_peak_only,semantic_platel_peaks,episodic_platel_peaks,transfer_gain,log2 ratio,8.936597877018839,7.827063694535316,1.1095341824835225
main_full_field,full_field,Baseline,0.0,11,2Hz,60.0,0.02,0.5,platel_peak_only,semantic_platel_peaks,episodic_platel_peaks,functional_connectivity,Fisher-z difference,0.0,0.0,0.0
main_full_field,full_field,Baseline,0.0,23,2Hz,60.0,0.02,0.5,platel_peak_only,semantic_platel_peaks,episodic_platel_peaks,functional_connectivity,Fisher-z difference,0.0,0.0,0.0
main_full_field,full_field,Baseline,0.0,37,2Hz,60.0,0.02,0.5,platel_peak_only,semantic_platel_peaks,episodic_platel_peaks,functional_connectivity,Fisher-z difference,0.0,0.0,0.0
main_full_field,full_field,Baseline,0.0,53,2Hz,60.0,0.02,0.5,platel_peak_only,semantic_platel_peaks,episodic_platel_peaks,functional_connectivity,Fisher-z difference,0.0,0.0,0.0
main_full_field,full_field,Baseline,0.0,71,2Hz,60.0,0.02,0.5,platel_peak_only,semantic_platel_peaks,episodic_platel_peaks,functional_connectivity,Fisher-z difference,0.0,0.0,0.0
main_full_field,full_field,Baseline,0.0,89,2Hz,60.0,0.02,0.5,platel_peak_only,semantic_platel_peaks,episodic_platel_peaks,functional_connectivity,Fisher-z difference,0.0,0.0,0.0
main_full_field,full_field,Baseline,0.0,107,2Hz,60.0,0.02,0.5,platel_peak_only,semantic_platel_peaks,episodic_platel_peaks,functional_connectivity,Fisher-z difference,0.0,0.0,0.0
main_full_field,full_field,Baseline,0.0,127,2Hz,60.0,0.02,0.5,platel_peak_only,semantic_platel_peaks,episodic_platel_peaks,functional_connectivity,Fisher-z difference,0.0,0.0,0.0
main_full_field,full_field,Baseline,0.0,149,2Hz,60.0,0.02,0.5,platel_peak_only,semantic_platel_peaks,episodic_platel_peaks,functional_connectivity,Fisher-z difference,0.0,0.0,0.0
main_full_field,full_field,Baseline,0.0,173,2Hz,60.0,0.02,0.5,platel_peak_only,semantic_platel_peaks,episodic_platel_peaks,functional_connectivity,Fisher-z difference,0.0,0.0,0.0
main_full_field,full_field,Baseline,0.0,197,2Hz,60.0,0.02,0.5,platel_peak_only,semantic_platel_peaks,episodic_platel_peaks,functional_connectivity,Fisher-z difference,0.0,0.0,0.0
main_full_field,full_field,Baseline,0.0,223,2Hz,60.0,0.02,0.5,platel_peak_only,semantic_platel_peaks,episodic_platel_peaks,functional_connectivity,Fisher-z difference,0.0,0.0,0.0
main_full_field,full_field,Baseline,0.0,251,2Hz,60.0,0.02,0.5,platel_peak_only,semantic_platel_peaks,episodic_platel_peaks,functional_connectivity,Fisher-z difference,0.0,0.0,0.0
main_full_field,full_field,Baseline,0.0,281,2Hz,60.0,0.02,0.5,platel_peak_only,semantic_platel_peaks,episodic_platel_peaks,functional_connectivity,Fisher-z difference,0.0,0.0,0.0
main_full_field,full_field,Baseline,0.0,313,2Hz,60.0,0.02,0.5,platel_peak_only,semantic_platel_peaks,episodic_platel_peaks,functional_connectivity,Fisher-z difference,0.0,0.0,0.0
main_full_field,full_field,Baseline,0.0,347,2Hz,60.0,0.02,0.5,platel_peak_only,semantic_platel_peaks,episodic_platel_peaks,functional_connectivity,Fisher-z difference,0.0,0.0,0.0
main_full_field,full_field,Baseline,0.0,383,2Hz,60.0,0.02,0.5,platel_peak_only,semantic_platel_peaks,episodic_platel_peaks,functional_connectivity,Fisher-z difference,0.0,0.0,0.0
main_full_field,full_field,Baseline,0.0,421,2Hz,60.0,0.02,0.5,platel_peak_only,semantic_platel_peaks,episodic_platel_peaks,functional_connectivity,Fisher-z difference,0.0,0.0,0.0
main_full_field,full_field,Baseline,0.0,461,2Hz,60.0,0.02,0.5,platel_peak_only,semantic_platel_peaks,episodic_platel_peaks,functional_connectivity,Fisher-z difference,0.0,0.0,0.0
main_full_field,full_field,Baseline,0.0,503,2Hz,60.0,0.02,0.5,platel_peak_only,semantic_platel_peaks,episodic_platel_peaks,functional_connectivity,Fisher-z difference,0.0,0.0,0.0
main_full_field,full_field,High AD-like perturbation,1.0,11,2Hz,60.0,0.02,0.5,platel_peak_only,semantic_platel_peaks,episodic_platel_peaks,functional_connectivity,Fisher-z difference,-2.139891851244038,-2.164398905328585,0.024507054084546898
main_full_field,full_field,High AD-like perturbation,1.0,23,2Hz,60.0,0.02,0.5,platel_peak_only,semantic_platel_peaks,episodic_platel_peaks,functional_connectivity,Fisher-z difference,-2.1476340693102975,-2.167865227658255,0.0202311583479573
main_full_field,full_field,High AD-like perturbation,1.0,37,2Hz,60.0,0.02,0.5,platel_peak_only,semantic_platel_peaks,episodic_platel_peaks,functional_connectivity,Fisher-z difference,-2.1440741816038704,-2.1674320471153394,0.02335786551146901
main_full_field,full_field,High AD-like perturbation,1.0,53,2Hz,60.0,0.02,0.5,platel_peak_only,semantic_platel_peaks,episodic_platel_peaks,functional_connectivity,Fisher-z difference,-2.1440631288679186,-2.1707474654062375,0.02668433653831892
main_full_field,full_field,High AD-like perturbation,1.0,71,2Hz,60.0,0.02,0.5,platel_peak_only,semantic_platel_peaks,episodic_platel_peaks,functional_connectivity,Fisher-z difference,-2.149083882430891,-2.181143938100464,0.03206005566957293
main_full_field,full_field,High AD-like perturbation,1.0,89,2Hz,60.0,0.02,0.5,platel_peak_only,semantic_platel_peaks,episodic_platel_peaks,functional_connectivity,Fisher-z difference,-2.1393790218538995,-2.16366017065939,0.02428114880549037
main_full_field,full_field,High AD-like perturbation,1.0,107,2Hz,60.0,0.02,0.5,platel_peak_only,semantic_platel_peaks,episodic_platel_peaks,functional_connectivity,Fisher-z difference,-2.1487131977316265,-2.176040861551714,0.027327663820087444
main_full_field,full_field,High AD-like perturbation,1.0,127,2Hz,60.0,0.02,0.5,platel_peak_only,semantic_platel_peaks,episodic_platel_peaks,functional_connectivity,Fisher-z difference,-2.144131399397881,-2.172256125152353,0.02812472575447167
main_full_field,full_field,High AD-like perturbation,1.0,149,2Hz,60.0,0.02,0.5,platel_peak_only,semantic_platel_peaks,episodic_platel_peaks,functional_connectivity,Fisher-z difference,-2.142186617450246,-2.184622456886013,0.0424358394357669
main_full_field,full_field,High AD-like perturbation,1.0,173,2Hz,60.0,0.02,0.5,platel_peak_only,semantic_platel_peaks,episodic_platel_peaks,functional_connectivity,Fisher-z difference,-2.1454667416064845,-2.202203615644827,0.05673687403834249
main_full_field,full_field,High AD-like perturbation,1.0,197,2Hz,60.0,0.02,0.5,platel_peak_only,semantic_platel_peaks,episodic_platel_peaks,functional_connectivity,Fisher-z difference,-2.141912964371383,-2.1717498997724918,0.029836935401108988
main_full_field,full_field,High AD-like perturbation,1.0,223,2Hz,60.0,0.02,0.5,platel_peak_only,semantic_platel_peaks,episodic_platel_peaks,functional_connectivity,Fisher-z difference,-2.1276033861084414,-2.152229895796362,0.024626509687920795
main_full_field,full_field,High AD-like perturbation,1.0,251,2Hz,60.0,0.02,0.5,platel_peak_only,semantic_platel_peaks,episodic_platel_peaks,functional_connectivity,Fisher-z difference,-2.148244559599652,-2.1714448954165677,0.023200335816915718
main_full_field,full_field,High AD-like perturbation,1.0,281,2Hz,60.0,0.02,0.5,platel_peak_only,semantic_platel_peaks,episodic_platel_peaks,functional_connectivity,Fisher-z difference,-2.140223253612867,-2.1714664620848403,0.03124320847197337
main_full_field,full_field,High AD-like perturbation,1.0,313,2Hz,60.0,0.02,0.5,platel_peak_only,semantic_platel_peaks,episodic_platel_peaks,functional_connectivity,Fisher-z difference,-2.144857875914879,-2.180043997667055,0.03518612175217628
main_full_field,full_field,High AD-like perturbation,1.0,347,2Hz,60.0,0.02,0.5,platel_peak_only,semantic_platel_peaks,episodic_platel_peaks,functional_connectivity,Fisher-z difference,-2.139606522225779,-2.194000408109974,0.054393885884195026
main_full_field,full_field,High AD-like perturbation,1.0,383,2Hz,60.0,0.02,0.5,platel_peak_only,semantic_platel_peaks,episodic_platel_peaks,functional_connectivity,Fisher-z difference,-2.1422709501699093,-2.171588239510459,0.029317289340549557
main_full_field,full_field,High AD-like perturbation,1.0,421,2Hz,60.0,0.02,0.5,platel_peak_only,semantic_platel_peaks,episodic_platel_peaks,functional_connectivity,Fisher-z difference,-2.15111829072128,-2.1753217601137798,0.024203469392499954
main_full_field,full_field,High AD-like perturbation,1.0,461,2Hz,60.0,0.02,0.5,platel_peak_only,semantic_platel_peaks,episodic_platel_peaks,functional_connectivity,Fisher-z difference,-2.1444867811842543,-2.197936027015466,0.05344924583121191
main_full_field,full_field,High AD-like perturbation,1.0,503,2Hz,60.0,0.02,0.5,platel_peak_only,semantic_platel_peaks,episodic_platel_peaks,functional_connectivity,Fisher-z difference,-2.1422495286284637,-2.1680126426433692,0.025763114014905497
main_full_field,full_field,Intermediate AD-like perturbation,0.5,11,2Hz,60.0,0.02,0.5,platel_peak_only,semantic_platel_peaks,episodic_platel_peaks,functional_connectivity,Fisher-z difference,-2.0183114030386897,-2.0741998563642468,0.05588845332555703
main_full_field,full_field,Intermediate AD-like perturbation,0.5,23,2Hz,60.0,0.02,0.5,platel_peak_only,semantic_platel_peaks,episodic_platel_peaks,functional_connectivity,Fisher-z difference,-2.0998290672665085,-2.176769779473221,0.07694071220671228
main_full_field,full_field,Intermediate AD-like perturbation,0.5,37,2Hz,60.0,0.02,0.5,platel_peak_only,semantic_platel_peaks,episodic_platel_peaks,functional_connectivity,Fisher-z difference,-2.1045855128528452,-2.1590742421769535,0.05448872932410831
main_full_field,full_field,Intermediate AD-like perturbation,0.5,53,2Hz,60.0,0.02,0.5,platel_peak_only,semantic_platel_peaks,episodic_platel_peaks,functional_connectivity,Fisher-z difference,-2.121751328198559,-2.195628998963866,0.07387767076530682
main_full_field,full_field,Intermediate AD-like perturbation,0.5,71,2Hz,60.0,0.02,0.5,platel_peak_only,semantic_platel_peaks,episodic_platel_peaks,functional_connectivity,Fisher-z difference,-2.1276211297252794,-2.1969254366473914,0.06930430692211198
main_full_field,full_field,Intermediate AD-like perturbation,0.5,89,2Hz,60.0,0.02,0.5,platel_peak_only,semantic_platel_peaks,episodic_platel_peaks,functional_connectivity,Fisher-z difference,-2.0805433424026885,-2.147271256032934,0.06672791363024544
main_full_field,full_field,Intermediate AD-like perturbation,0.5,107,2Hz,60.0,0.02,0.5,platel_peak_only,semantic_platel_peaks,episodic_platel_peaks,functional_connectivity,Fisher-z difference,-2.1286262250738224,-2.203885209810825,0.07525898473700243
main_full_field,full_field,Intermediate AD-like perturbation,0.5,127,2Hz,60.0,0.02,0.5,platel_peak_only,semantic_platel_peaks,episodic_platel_peaks,functional_connectivity,Fisher-z difference,-2.1463096409867637,-2.2233066434729674,0.07699700248620367
main_full_field,full_field,Intermediate AD-like perturbation,0.5,149,2Hz,60.0,0.02,0.5,platel_peak_only,semantic_platel_peaks,episodic_platel_peaks,functional_connectivity,Fisher-z difference,-2.1050644119227653,-2.1708547530921622,0.06579034116939697
main_full_field,full_field,Intermediate AD-like perturbation,0.5,173,2Hz,60.0,0.02,0.5,platel_peak_only,semantic_platel_peaks,episodic_platel_peaks,functional_connectivity,Fisher-z difference,-1.9521052077258152,-2.0053628456871113,0.05325763796129612
main_full_field,full_field,Intermediate AD-like perturbation,0.5,197,2Hz,60.0,0.02,0.5,platel_peak_only,semantic_platel_peaks,episodic_platel_peaks,functional_connectivity,Fisher-z difference,-2.0490191324301104,-2.113773960345055,0.0647548279149448
main_full_field,full_field,Intermediate AD-like perturbation,0.5,223,2Hz,60.0,0.02,0.5,platel_peak_only,semantic_platel_peaks,episodic_platel_peaks,functional_connectivity,Fisher-z difference,-2.0118275247954465,-2.0727594556478843,0.060931930852437866
main_full_field,full_field,Intermediate AD-like perturbation,0.5,251,2Hz,60.0,0.02,0.5,platel_peak_only,semantic_platel_peaks,episodic_platel_peaks,functional_connectivity,Fisher-z difference,-2.1461025932212405,-2.2287118623403077,0.08260926911906719
main_full_field,full_field,Intermediate AD-like perturbation,0.5,281,2Hz,60.0,0.02,0.5,platel_peak_only,semantic_platel_peaks,episodic_platel_peaks,functional_connectivity,Fisher-z difference,-2.015530759909607,-2.070386090572932,0.05485533066332504
main_full_field,full_field,Intermediate AD-like perturbation,0.5,313,2Hz,60.0,0.02,0.5,platel_peak_only,semantic_platel_peaks,episodic_platel_peaks,functional_connectivity,Fisher-z difference,-1.9293979179606142,-1.9831738710658895,0.053775953105275276
main_full_field,full_field,Intermediate AD-like perturbation,0.5,347,2Hz,60.0,0.02,0.5,platel_peak_only,semantic_platel_peaks,episodic_platel_peaks,functional_connectivity,Fisher-z difference,-2.1419156759623714,-2.2186990302451965,0.07678335428282512
main_full_field,full_field,Intermediate AD-like perturbation,0.5,383,2Hz,60.0,0.02,0.5,platel_peak_only,semantic_platel_peaks,episodic_platel_peaks,functional_connectivity,Fisher-z difference,-2.101140182442976,-2.1756589127496477,0.07451873030667189
main_full_field,full_field,Intermediate AD-like perturbation,0.5,421,2Hz,60.0,0.02,0.5,platel_peak_only,semantic_platel_peaks,episodic_platel_peaks,functional_connectivity,Fisher-z difference,-2.1850516432941376,-2.256849862352218,0.07179821905808037
main_full_field,full_field,Intermediate AD-like perturbation,0.5,461,2Hz,60.0,0.02,0.5,platel_peak_only,semantic_platel_peaks,episodic_platel_peaks,functional_connectivity,Fisher-z difference,-2.066632515958519,-2.1218269138898895,0.05519439793137071
main_full_field,full_field,Intermediate AD-like perturbation,0.5,503,2Hz,60.0,0.02,0.5,platel_peak_only,semantic_platel_peaks,episodic_platel_peaks,functional_connectivity,Fisher-z difference,-2.1386879967484194,-2.2096674677856503,0.0709794710372309
main_full_field,full_field,Baseline,0.0,11,5Hz,60.0,0.02,0.5,platel_peak_only,semantic_platel_peaks,episodic_platel_peaks,functional_connectivity,Fisher-z difference,0.0,0.0,0.0
main_full_field,full_field,Baseline,0.0,23,5Hz,60.0,0.02,0.5,platel_peak_only,semantic_platel_peaks,episodic_platel_peaks,functional_connectivity,Fisher-z difference,0.0,0.0,0.0
main_full_field,full_field,Baseline,0.0,37,5Hz,60.0,0.02,0.5,platel_peak_only,semantic_platel_peaks,episodic_platel_peaks,functional_connectivity,Fisher-z difference,0.0,0.0,0.0
main_full_field,full_field,Baseline,0.0,53,5Hz,60.0,0.02,0.5,platel_peak_only,semantic_platel_peaks,episodic_platel_peaks,functional_connectivity,Fisher-z difference,0.0,0.0,0.0
main_full_field,full_field,Baseline,0.0,71,5Hz,60.0,0.02,0.5,platel_peak_only,semantic_platel_peaks,episodic_platel_peaks,functional_connectivity,Fisher-z difference,0.0,0.0,0.0
main_full_field,full_field,Baseline,0.0,89,5Hz,60.0,0.02,0.5,platel_peak_only,semantic_platel_peaks,episodic_platel_peaks,functional_connectivity,Fisher-z difference,0.0,0.0,0.0
main_full_field,full_field,Baseline,0.0,107,5Hz,60.0,0.02,0.5,platel_peak_only,semantic_platel_peaks,episodic_platel_peaks,functional_connectivity,Fisher-z difference,0.0,0.0,0.0
main_full_field,full_field,Baseline,0.0,127,5Hz,60.0,0.02,0.5,platel_peak_only,semantic_platel_peaks,episodic_platel_peaks,functional_connectivity,Fisher-z difference,0.0,0.0,0.0
main_full_field,full_field,Baseline,0.0,149,5Hz,60.0,0.02,0.5,platel_peak_only,semantic_platel_peaks,episodic_platel_peaks,functional_connectivity,Fisher-z difference,0.0,0.0,0.0
main_full_field,full_field,Baseline,0.0,173,5Hz,60.0,0.02,0.5,platel_peak_only,semantic_platel_peaks,episodic_platel_peaks,functional_connectivity,Fisher-z difference,0.0,0.0,0.0
main_full_field,full_field,Baseline,0.0,197,5Hz,60.0,0.02,0.5,platel_peak_only,semantic_platel_peaks,episodic_platel_peaks,functional_connectivity,Fisher-z difference,0.0,0.0,0.0
main_full_field,full_field,Baseline,0.0,223,5Hz,60.0,0.02,0.5,platel_peak_only,semantic_platel_peaks,episodic_platel_peaks,functional_connectivity,Fisher-z difference,0.0,0.0,0.0
main_full_field,full_field,Baseline,0.0,251,5Hz,60.0,0.02,0.5,platel_peak_only,semantic_platel_peaks,episodic_platel_peaks,functional_connectivity,Fisher-z difference,0.0,0.0,0.0
main_full_field,full_field,Baseline,0.0,281,5Hz,60.0,0.02,0.5,platel_peak_only,semantic_platel_peaks,episodic_platel_peaks,functional_connectivity,Fisher-z difference,0.0,0.0,0.0
main_full_field,full_field,Baseline,0.0,313,5Hz,60.0,0.02,0.5,platel_peak_only,semantic_platel_peaks,episodic_platel_peaks,functional_connectivity,Fisher-z difference,0.0,0.0,0.0
main_full_field,full_field,Baseline,0.0,347,5Hz,60.0,0.02,0.5,platel_peak_only,semantic_platel_peaks,episodic_platel_peaks,functional_connectivity,Fisher-z difference,0.0,0.0,0.0
main_full_field,full_field,Baseline,0.0,383,5Hz,60.0,0.02,0.5,platel_peak_only,semantic_platel_peaks,episodic_platel_peaks,functional_connectivity,Fisher-z difference,0.0,0.0,0.0
main_full_field,full_field,Baseline,0.0,421,5Hz,60.0,0.02,0.5,platel_peak_only,semantic_platel_peaks,episodic_platel_peaks,functional_connectivity,Fisher-z difference,0.0,0.0,0.0
main_full_field,full_field,Baseline,0.0,461,5Hz,60.0,0.02,0.5,platel_peak_only,semantic_platel_peaks,episodic_platel_peaks,functional_connectivity,Fisher-z difference,0.0,0.0,0.0
main_full_field,full_field,Baseline,0.0,503,5Hz,60.0,0.02,0.5,platel_peak_only,semantic_platel_peaks,episodic_platel_peaks,functional_connectivity,Fisher-z difference,0.0,0.0,0.0
main_full_field,full_field,High AD-like perturbation,1.0,11,5Hz,60.0,0.02,0.5,platel_peak_only,semantic_platel_peaks,episodic_platel_peaks,functional_connectivity,Fisher-z difference,-1.302169478902779,-1.3637810806645756,0.0616116017617967
main_full_field,full_field,High AD-like perturbation,1.0,23,5Hz,60.0,0.02,0.5,platel_peak_only,semantic_platel_peaks,episodic_platel_peaks,functional_connectivity,Fisher-z difference,-1.2971087851729581,-1.325017069770006,0.027908284597047972
main_full_field,full_field,High AD-like perturbation,1.0,37,5Hz,60.0,0.02,0.5,platel_peak_only,semantic_platel_peaks,episodic_platel_peaks,functional_connectivity,Fisher-z difference,-1.3019123367332388,-1.3305738715251407,0.02866153479190192
main_full_field,full_field,High AD-like perturbation,1.0,53,5Hz,60.0,0.02,0.5,platel_peak_only,semantic_platel_peaks,episodic_platel_peaks,functional_connectivity,Fisher-z difference,-1.2870532216753245,-1.295482206129937,0.008428984454612376
main_full_field,full_field,High AD-like perturbation,1.0,71,5Hz,60.0,0.02,0.5,platel_peak_only,semantic_platel_peaks,episodic_platel_peaks,functional_connectivity,Fisher-z difference,-1.2874563910583605,-1.3336013882319329,0.046144997173572344
main_full_field,full_field,High AD-like perturbation,1.0,89,5Hz,60.0,0.02,0.5,platel_peak_only,semantic_platel_peaks,episodic_platel_peaks,functional_connectivity,Fisher-z difference,-1.301331628040313,-1.3633370429884675,0.06200541494815437
main_full_field,full_field,High AD-like perturbation,1.0,107,5Hz,60.0,0.02,0.5,platel_peak_only,semantic_platel_peaks,episodic_platel_peaks,functional_connectivity,Fisher-z difference,-1.2717114143879256,-1.3474637156538314,0.07575230126590582
main_full_field,full_field,High AD-like perturbation,1.0,127,5Hz,60.0,0.02,0.5,platel_peak_only,semantic_platel_peaks,episodic_platel_peaks,functional_connectivity,Fisher-z difference,-1.3036455483323754,-1.3713375981783575,0.0676920498459821
main_full_field,full_field,High AD-like perturbation,1.0,149,5Hz,60.0,0.02,0.5,platel_peak_only,semantic_platel_peaks,episodic_platel_peaks,functional_connectivity,Fisher-z difference,-1.292383510568612,-1.4046702529320079,0.11228674236339597
main_full_field,full_field,High AD-like perturbation,1.0,173,5Hz,60.0,0.02,0.5,platel_peak_only,semantic_platel_peaks,episodic_platel_peaks,functional_connectivity,Fisher-z difference,-1.2998018746192603,-1.4056683020345304,0.10586642741527008
main_full_field,full_field,High AD-like perturbation,1.0,197,5Hz,60.0,0.02,0.5,platel_peak_only,semantic_platel_peaks,episodic_platel_peaks,functional_connectivity,Fisher-z difference,-1.3304428881116912,-1.3395114209426855,0.009068532830994291
main_full_field,full_field,High AD-like perturbation,1.0,223,5Hz,60.0,0.02,0.5,platel_peak_only,semantic_platel_peaks,episodic_platel_peaks,functional_connectivity,Fisher-z difference,-1.2941015633905055,-1.3070497377045396,0.012948174314034055
main_full_field,full_field,High AD-like perturbation,1.0,251,5Hz,60.0,0.02,0.5,platel_peak_only,semantic_platel_peaks,episodic_platel_peaks,functional_connectivity,Fisher-z difference,-1.3085926496903042,-1.3634394585963017,0.05484680890599747
main_full_field,full_field,High AD-like perturbation,1.0,281,5Hz,60.0,0.02,0.5,platel_peak_only,semantic_platel_peaks,episodic_platel_peaks,functional_connectivity,Fisher-z difference,-1.3103730226014756,-1.3283428412426659,0.017969818641190294
main_full_field,full_field,High AD-like perturbation,1.0,313,5Hz,60.0,0.02,0.5,platel_peak_only,semantic_platel_peaks,episodic_platel_peaks,functional_connectivity,Fisher-z difference,-1.2832469883151973,-1.3578509273958832,0.07460393908068585
main_full_field,full_field,High AD-like perturbation,1.0,347,5Hz,60.0,0.02,0.5,platel_peak_only,semantic_platel_peaks,episodic_platel_peaks,functional_connectivity,Fisher-z difference,-1.282386177660358,-1.331981606764082,0.04959542910372394
main_full_field,full_field,High AD-like perturbation,1.0,383,5Hz,60.0,0.02,0.5,platel_peak_only,semantic_platel_peaks,episodic_platel_peaks,functional_connectivity,Fisher-z difference,-1.2960607094241936,-1.3283206045494702,0.032259895125276605
main_full_field,full_field,High AD-like perturbation,1.0,421,5Hz,60.0,0.02,0.5,platel_peak_only,semantic_platel_peaks,episodic_platel_peaks,functional_connectivity,Fisher-z difference,-1.2911498391934026,-1.3532385825664515,0.062088743373048816
main_full_field,full_field,High AD-like perturbation,1.0,461,5Hz,60.0,0.02,0.5,platel_peak_only,semantic_platel_peaks,episodic_platel_peaks,functional_connectivity,Fisher-z difference,-1.2897751975941043,-1.2886612492103597,-0.0011139483837445674
main_full_field,full_field,High AD-like perturbation,1.0,503,5Hz,60.0,0.02,0.5,platel_peak_only,semantic_platel_peaks,episodic_platel_peaks,functional_connectivity,Fisher-z difference,-1.299290162920814,-1.3412211676996129,0.04193100477879885
main_full_field,full_field,Intermediate AD-like perturbation,0.5,11,5Hz,60.0,0.02,0.5,platel_peak_only,semantic_platel_peaks,episodic_platel_peaks,functional_connectivity,Fisher-z difference,-1.243623805994332,-1.3266926855326937,0.08306887953836162
main_full_field,full_field,Intermediate AD-like perturbation,0.5,23,5Hz,60.0,0.02,0.5,platel_peak_only,semantic_platel_peaks,episodic_platel_peaks,functional_connectivity,Fisher-z difference,-1.230945489518094,-1.3156308873872253,0.08468539786913132
main_full_field,full_field,Intermediate AD-like perturbation,0.5,37,5Hz,60.0,0.02,0.5,platel_peak_only,semantic_platel_peaks,episodic_platel_peaks,functional_connectivity,Fisher-z difference,-1.292098876409214,-1.3759822946121685,0.08388341820295442
main_full_field,full_field,Intermediate AD-like perturbation,0.5,53,5Hz,60.0,0.02,0.5,platel_peak_only,semantic_platel_peaks,episodic_platel_peaks,functional_connectivity,Fisher-z difference,-1.2955330346119238,-1.3775939635063388,0.08206092889441496
main_full_field,full_field,Intermediate AD-like perturbation,0.5,71,5Hz,60.0,0.02,0.5,platel_peak_only,semantic_platel_peaks,episodic_platel_peaks,functional_connectivity,Fisher-z difference,-1.2812314370411586,-1.355296476771357,0.07406503973019829
main_full_field,full_field,Intermediate AD-like perturbation,0.5,89,5Hz,60.0,0.02,0.5,platel_peak_only,semantic_platel_peaks,episodic_platel_peaks,functional_connectivity,Fisher-z difference,-1.3206638544096578,-1.4011636240392156,0.08049976962955774
main_full_field,full_field,Intermediate AD-like perturbation,0.5,107,5Hz,60.0,0.02,0.5,platel_peak_only,semantic_platel_peaks,episodic_platel_peaks,functional_connectivity,Fisher-z difference,-1.2421654221727332,-1.316367111652034,0.07420168947930073
main_full_field,full_field,Intermediate AD-like perturbation,0.5,127,5Hz,60.0,0.02,0.5,platel_peak_only,semantic_platel_peaks,episodic_platel_peaks,functional_connectivity,Fisher-z difference,-1.289859931759847,-1.3841853766393257,0.0943254448794788
main_full_field,full_field,Intermediate AD-like perturbation,0.5,149,5Hz,60.0,0.02,0.5,platel_peak_only,semantic_platel_peaks,episodic_platel_peaks,functional_connectivity,Fisher-z difference,-1.261736935604118,-1.3433384458030346,0.0816015101989167
main_full_field,full_field,Intermediate AD-like perturbation,0.5,173,5Hz,60.0,0.02,0.5,platel_peak_only,semantic_platel_peaks,episodic_platel_peaks,functional_connectivity,Fisher-z difference,-1.1653715937910318,-1.2432844424882585,0.0779128486972267
main_full_field,full_field,Intermediate AD-like perturbation,0.5,197,5Hz,60.0,0.02,0.5,platel_peak_only,semantic_platel_peaks,episodic_platel_peaks,functional_connectivity,Fisher-z difference,-1.3124064618545825,-1.3980782545702821,0.08567179271569958
main_full_field,full_field,Intermediate AD-like perturbation,0.5,223,5Hz,60.0,0.02,0.5,platel_peak_only,semantic_platel_peaks,episodic_platel_peaks,functional_connectivity,Fisher-z difference,-1.198492045082896,-1.2744343957568447,0.07594235067394872
main_full_field,full_field,Intermediate AD-like perturbation,0.5,251,5Hz,60.0,0.02,0.5,platel_peak_only,semantic_platel_peaks,episodic_platel_peaks,functional_connectivity,Fisher-z difference,-1.2065085252280967,-1.2891877829966327,0.08267925776853602
main_full_field,full_field,Intermediate AD-like perturbation,0.5,281,5Hz,60.0,0.02,0.5,platel_peak_only,semantic_platel_peaks,episodic_platel_peaks,functional_connectivity,Fisher-z difference,-1.220829559202292,-1.3271242439529318,0.10629468475063986
main_full_field,full_field,Intermediate AD-like perturbation,0.5,313,5Hz,60.0,0.02,0.5,platel_peak_only,semantic_platel_peaks,episodic_platel_peaks,functional_connectivity,Fisher-z difference,-1.1650274933017501,-1.2439622409972768,0.07893474769552666
main_full_field,full_field,Intermediate AD-like perturbation,0.5,347,5Hz,60.0,0.02,0.5,platel_peak_only,semantic_platel_peaks,episodic_platel_peaks,functional_connectivity,Fisher-z difference,-1.2776177431550564,-1.341838634451667,0.06422089129661068
main_full_field,full_field,Intermediate AD-like perturbation,0.5,383,5Hz,60.0,0.02,0.5,platel_peak_only,semantic_platel_peaks,episodic_platel_peaks,functional_connectivity,Fisher-z difference,-1.2232940526147407,-1.3115232191056365,0.08822916649089585
main_full_field,full_field,Intermediate AD-like perturbation,0.5,421,5Hz,60.0,0.02,0.5,platel_peak_only,semantic_platel_peaks,episodic_platel_peaks,functional_connectivity,Fisher-z difference,-1.2960620574592,-1.3882949998445675,0.09223294238536761
main_full_field,full_field,Intermediate AD-like perturbation,0.5,461,5Hz,60.0,0.02,0.5,platel_peak_only,semantic_platel_peaks,episodic_platel_peaks,functional_connectivity,Fisher-z difference,-0.9637187824301572,-1.0024471161845743,0.03872833375441709
main_full_field,full_field,Intermediate AD-like perturbation,0.5,503,5Hz,60.0,0.02,0.5,platel_peak_only,semantic_platel_peaks,episodic_platel_peaks,functional_connectivity,Fisher-z difference,-1.2505486113025048,-1.362648075930849,0.11209946462834419
main_full_field,full_field,Baseline,0.0,11,pulse,60.0,0.02,0.5,platel_peak_only,semantic_platel_peaks,episodic_platel_peaks,response_latency,ms,0.0,0.0,0.0
main_full_field,full_field,Baseline,0.0,23,pulse,60.0,0.02,0.5,platel_peak_only,semantic_platel_peaks,episodic_platel_peaks,response_latency,ms,0.0,0.0,0.0
main_full_field,full_field,Baseline,0.0,37,pulse,60.0,0.02,0.5,platel_peak_only,semantic_platel_peaks,episodic_platel_peaks,response_latency,ms,0.0,0.0,0.0
main_full_field,full_field,Baseline,0.0,53,pulse,60.0,0.02,0.5,platel_peak_only,semantic_platel_peaks,episodic_platel_peaks,response_latency,ms,0.0,0.0,0.0
main_full_field,full_field,Baseline,0.0,71,pulse,60.0,0.02,0.5,platel_peak_only,semantic_platel_peaks,episodic_platel_peaks,response_latency,ms,0.0,0.0,0.0
main_full_field,full_field,Baseline,0.0,89,pulse,60.0,0.02,0.5,platel_peak_only,semantic_platel_peaks,episodic_platel_peaks,response_latency,ms,0.0,0.0,0.0
main_full_field,full_field,Baseline,0.0,107,pulse,60.0,0.02,0.5,platel_peak_only,semantic_platel_peaks,episodic_platel_peaks,response_latency,ms,0.0,0.0,0.0
main_full_field,full_field,Baseline,0.0,127,pulse,60.0,0.02,0.5,platel_peak_only,semantic_platel_peaks,episodic_platel_peaks,response_latency,ms,0.0,0.0,0.0
main_full_field,full_field,Baseline,0.0,149,pulse,60.0,0.02,0.5,platel_peak_only,semantic_platel_peaks,episodic_platel_peaks,response_latency,ms,0.0,0.0,0.0
main_full_field,full_field,Baseline,0.0,173,pulse,60.0,0.02,0.5,platel_peak_only,semantic_platel_peaks,episodic_platel_peaks,response_latency,ms,0.0,0.0,0.0
main_full_field,full_field,Baseline,0.0,197,pulse,60.0,0.02,0.5,platel_peak_only,semantic_platel_peaks,episodic_platel_peaks,response_latency,ms,0.0,0.0,0.0
main_full_field,full_field,Baseline,0.0,223,pulse,60.0,0.02,0.5,platel_peak_only,semantic_platel_peaks,episodic_platel_peaks,response_latency,ms,0.0,0.0,0.0
main_full_field,full_field,Baseline,0.0,251,pulse,60.0,0.02,0.5,platel_peak_only,semantic_platel_peaks,episodic_platel_peaks,response_latency,ms,0.0,0.0,0.0
main_full_field,full_field,Baseline,0.0,281,pulse,60.0,0.02,0.5,platel_peak_only,semantic_platel_peaks,episodic_platel_peaks,response_latency,ms,0.0,0.0,0.0
main_full_field,full_field,Baseline,0.0,313,pulse,60.0,0.02,0.5,platel_peak_only,semantic_platel_peaks,episodic_platel_peaks,response_latency,ms,0.0,0.0,0.0
main_full_field,full_field,Baseline,0.0,347,pulse,60.0,0.02,0.5,platel_peak_only,semantic_platel_peaks,episodic_platel_peaks,response_latency,ms,0.0,0.0,0.0
main_full_field,full_field,Baseline,0.0,383,pulse,60.0,0.02,0.5,platel_peak_only,semantic_platel_peaks,episodic_platel_peaks,response_latency,ms,0.0,0.0,0.0
main_full_field,full_field,Baseline,0.0,421,pulse,60.0,0.02,0.5,platel_peak_only,semantic_platel_peaks,episodic_platel_peaks,response_latency,ms,0.0,0.0,0.0
main_full_field,full_field,Baseline,0.0,461,pulse,60.0,0.02,0.5,platel_peak_only,semantic_platel_peaks,episodic_platel_peaks,response_latency,ms,0.0,0.0,0.0
main_full_field,full_field,Baseline,0.0,503,pulse,60.0,0.02,0.5,platel_peak_only,semantic_platel_peaks,episodic_platel_peaks,response_latency,ms,0.0,0.0,0.0
main_full_field,full_field,High AD-like perturbation,1.0,11,pulse,60.0,0.02,0.5,platel_peak_only,semantic_platel_peaks,episodic_platel_peaks,response_latency,ms,498.0,274.0,224.0
main_full_field,full_field,High AD-like perturbation,1.0,23,pulse,60.0,0.02,0.5,platel_peak_only,semantic_platel_peaks,episodic_platel_peaks,response_latency,ms,350.0,236.0,114.0
main_full_field,full_field,High AD-like perturbation,1.0,37,pulse,60.0,0.02,0.5,platel_peak_only,semantic_platel_peaks,episodic_platel_peaks,response_latency,ms,497.5,273.0,224.5
main_full_field,full_field,High AD-like perturbation,1.0,53,pulse,60.0,0.02,0.5,platel_peak_only,semantic_platel_peaks,episodic_platel_peaks,response_latency,ms,809.5,213.0,596.5
main_full_field,full_field,High AD-like perturbation,1.0,71,pulse,60.0,0.02,0.5,platel_peak_only,semantic_platel_peaks,episodic_platel_peaks,response_latency,ms,440.5,238.0,202.5
main_full_field,full_field,High AD-like perturbation,1.0,89,pulse,60.0,0.02,0.5,platel_peak_only,semantic_platel_peaks,episodic_platel_peaks,response_latency,ms,211.0,220.0,-9.0
main_full_field,full_field,High AD-like perturbation,1.0,107,pulse,60.0,0.02,0.5,platel_peak_only,semantic_platel_peaks,episodic_platel_peaks,response_latency,ms,573.0,239.0,334.0
main_full_field,full_field,High AD-like perturbation,1.0,127,pulse,60.0,0.02,0.5,platel_peak_only,semantic_platel_peaks,episodic_platel_peaks,response_latency,ms,473.0,268.0,205.0
main_full_field,full_field,High AD-like perturbation,1.0,149,pulse,60.0,0.02,0.5,platel_peak_only,semantic_platel_peaks,episodic_platel_peaks,response_latency,ms,573.0,202.0,371.0
main_full_field,full_field,High AD-like perturbation,1.0,173,pulse,60.0,0.02,0.5,platel_peak_only,semantic_platel_peaks,episodic_platel_peaks,response_latency,ms,589.0,259.0,330.0
main_full_field,full_field,High AD-like perturbation,1.0,197,pulse,60.0,0.02,0.5,platel_peak_only,semantic_platel_peaks,episodic_platel_peaks,response_latency,ms,473.5,259.0,214.5
main_full_field,full_field,High AD-like perturbation,1.0,223,pulse,60.0,0.02,0.5,platel_peak_only,semantic_platel_peaks,episodic_platel_peaks,response_latency,ms,454.0,235.0,219.0
main_full_field,full_field,High AD-like perturbation,1.0,251,pulse,60.0,0.02,0.5,platel_peak_only,semantic_platel_peaks,episodic_platel_peaks,response_latency,ms,635.5,214.0,421.5
main_full_field,full_field,High AD-like perturbation,1.0,281,pulse,60.0,0.02,0.5,platel_peak_only,semantic_platel_peaks,episodic_platel_peaks,response_latency,ms,541.0,380.0,161.0
main_full_field,full_field,High AD-like perturbation,1.0,313,pulse,60.0,0.02,0.5,platel_peak_only,semantic_platel_peaks,episodic_platel_peaks,response_latency,ms,427.5,226.0,201.5
main_full_field,full_field,High AD-like perturbation,1.0,347,pulse,60.0,0.02,0.5,platel_peak_only,semantic_platel_peaks,episodic_platel_peaks,response_latency,ms,398.5,232.0,166.5
main_full_field,full_field,High AD-like perturbation,1.0,383,pulse,60.0,0.02,0.5,platel_peak_only,semantic_platel_peaks,episodic_platel_peaks,response_latency,ms,374.0,215.0,159.0
main_full_field,full_field,High AD-like perturbation,1.0,421,pulse,60.0,0.02,0.5,platel_peak_only,semantic_platel_peaks,episodic_platel_peaks,response_latency,ms,422.0,208.0,214.0
main_full_field,full_field,High AD-like perturbation,1.0,461,pulse,60.0,0.02,0.5,platel_peak_only,semantic_platel_peaks,episodic_platel_peaks,response_latency,ms,419.0,253.0,166.0
main_full_field,full_field,High AD-like perturbation,1.0,503,pulse,60.0,0.02,0.5,platel_peak_only,semantic_platel_peaks,episodic_platel_peaks,response_latency,ms,516.0,276.0,240.0
main_full_field,full_field,Intermediate AD-like perturbation,0.5,11,pulse,60.0,0.02,0.5,platel_peak_only,semantic_platel_peaks,episodic_platel_peaks,response_latency,ms,2368.5,,
main_full_field,full_field,Intermediate AD-like perturbation,0.5,23,pulse,60.0,0.02,0.5,platel_peak_only,semantic_platel_peaks,episodic_platel_peaks,response_latency,ms,1400.5,97.0,1303.5
main_full_field,full_field,Intermediate AD-like perturbation,0.5,37,pulse,60.0,0.02,0.5,platel_peak_only,semantic_platel_peaks,episodic_platel_peaks,response_latency,ms,1735.5,1730.0,5.5
main_full_field,full_field,Intermediate AD-like perturbation,0.5,53,pulse,60.0,0.02,0.5,platel_peak_only,semantic_platel_peaks,episodic_platel_peaks,response_latency,ms,211.5,-27.0,238.5
main_full_field,full_field,Intermediate AD-like perturbation,0.5,71,pulse,60.0,0.02,0.5,platel_peak_only,semantic_platel_peaks,episodic_platel_peaks,response_latency,ms,2494.5,2509.0,-14.5
main_full_field,full_field,Intermediate AD-like perturbation,0.5,89,pulse,60.0,0.02,0.5,platel_peak_only,semantic_platel_peaks,episodic_platel_peaks,response_latency,ms,261.5,-23.0,284.5
main_full_field,full_field,Intermediate AD-like perturbation,0.5,107,pulse,60.0,0.02,0.5,platel_peak_only,semantic_platel_peaks,episodic_platel_peaks,response_latency,ms,2684.5,,
main_full_field,full_field,Intermediate AD-like perturbation,0.5,127,pulse,60.0,0.02,0.5,platel_peak_only,semantic_platel_peaks,episodic_platel_peaks,response_latency,ms,1652.0,369.0,1283.0
main_full_field,full_field,Intermediate AD-like perturbation,0.5,149,pulse,60.0,0.02,0.5,platel_peak_only,semantic_platel_peaks,episodic_platel_peaks,response_latency,ms,133.0,-13.0,146.0
main_full_field,full_field,Intermediate AD-like perturbation,0.5,173,pulse,60.0,0.02,0.5,platel_peak_only,semantic_platel_peaks,episodic_platel_peaks,response_latency,ms,,,
main_full_field,full_field,Intermediate AD-like perturbation,0.5,197,pulse,60.0,0.02,0.5,platel_peak_only,semantic_platel_peaks,episodic_platel_peaks,response_latency,ms,1835.0,1859.0,-24.0
main_full_field,full_field,Intermediate AD-like perturbation,0.5,223,pulse,60.0,0.02,0.5,platel_peak_only,semantic_platel_peaks,episodic_platel_peaks,response_latency,ms,2630.5,2737.0,-106.5
main_full_field,full_field,Intermediate AD-like perturbation,0.5,251,pulse,60.0,0.02,0.5,platel_peak_only,semantic_platel_peaks,episodic_platel_peaks,response_latency,ms,,,
main_full_field,full_field,Intermediate AD-like perturbation,0.5,281,pulse,60.0,0.02,0.5,platel_peak_only,semantic_platel_peaks,episodic_platel_peaks,response_latency,ms,736.5,-17.0,753.5
main_full_field,full_field,Intermediate AD-like perturbation,0.5,313,pulse,60.0,0.02,0.5,platel_peak_only,semantic_platel_peaks,episodic_platel_peaks,response_latency,ms,1045.5,15.0,1030.5
main_full_field,full_field,Intermediate AD-like perturbation,0.5,347,pulse,60.0,0.02,0.5,platel_peak_only,semantic_platel_peaks,episodic_platel_peaks,response_latency,ms,881.5,15.0,866.5
main_full_field,full_field,Intermediate AD-like perturbation,0.5,383,pulse,60.0,0.02,0.5,platel_peak_only,semantic_platel_peaks,episodic_platel_peaks,response_latency,ms,443.0,-5.0,448.0
main_full_field,full_field,Intermediate AD-like perturbation,0.5,421,pulse,60.0,0.02,0.5,platel_peak_only,semantic_platel_peaks,episodic_platel_peaks,response_latency,ms,442.0,-21.0,463.0
main_full_field,full_field,Intermediate AD-like perturbation,0.5,461,pulse,60.0,0.02,0.5,platel_peak_only,semantic_platel_peaks,episodic_platel_peaks,response_latency,ms,,,
main_full_field,full_field,Intermediate AD-like perturbation,0.5,503,pulse,60.0,0.02,0.5,platel_peak_only,semantic_platel_peaks,episodic_platel_peaks,response_latency,ms,432.0,-25.0,457.0
main_full_field,full_field,Baseline,0.0,11,2Hz,60.0,0.02,0.5,expanded_left_only,semantic_expanded_left,episodic_expanded_left,transfer_gain,log2 ratio,0.0,0.0,0.0
main_full_field,full_field,Baseline,0.0,23,2Hz,60.0,0.02,0.5,expanded_left_only,semantic_expanded_left,episodic_expanded_left,transfer_gain,log2 ratio,0.0,0.0,0.0
main_full_field,full_field,Baseline,0.0,37,2Hz,60.0,0.02,0.5,expanded_left_only,semantic_expanded_left,episodic_expanded_left,transfer_gain,log2 ratio,0.0,0.0,0.0
main_full_field,full_field,Baseline,0.0,53,2Hz,60.0,0.02,0.5,expanded_left_only,semantic_expanded_left,episodic_expanded_left,transfer_gain,log2 ratio,0.0,0.0,0.0
main_full_field,full_field,Baseline,0.0,71,2Hz,60.0,0.02,0.5,expanded_left_only,semantic_expanded_left,episodic_expanded_left,transfer_gain,log2 ratio,0.0,0.0,0.0
main_full_field,full_field,Baseline,0.0,89,2Hz,60.0,0.02,0.5,expanded_left_only,semantic_expanded_left,episodic_expanded_left,transfer_gain,log2 ratio,0.0,0.0,0.0
main_full_field,full_field,Baseline,0.0,107,2Hz,60.0,0.02,0.5,expanded_left_only,semantic_expanded_left,episodic_expanded_left,transfer_gain,log2 ratio,0.0,0.0,0.0
main_full_field,full_field,Baseline,0.0,127,2Hz,60.0,0.02,0.5,expanded_left_only,semantic_expanded_left,episodic_expanded_left,transfer_gain,log2 ratio,0.0,0.0,0.0
main_full_field,full_field,Baseline,0.0,149,2Hz,60.0,0.02,0.5,expanded_left_only,semantic_expanded_left,episodic_expanded_left,transfer_gain,log2 ratio,0.0,0.0,0.0
main_full_field,full_field,Baseline,0.0,173,2Hz,60.0,0.02,0.5,expanded_left_only,semantic_expanded_left,episodic_expanded_left,transfer_gain,log2 ratio,0.0,0.0,0.0
main_full_field,full_field,Baseline,0.0,197,2Hz,60.0,0.02,0.5,expanded_left_only,semantic_expanded_left,episodic_expanded_left,transfer_gain,log2 ratio,0.0,0.0,0.0
main_full_field,full_field,Baseline,0.0,223,2Hz,60.0,0.02,0.5,expanded_left_only,semantic_expanded_left,episodic_expanded_left,transfer_gain,log2 ratio,0.0,0.0,0.0
main_full_field,full_field,Baseline,0.0,251,2Hz,60.0,0.02,0.5,expanded_left_only,semantic_expanded_left,episodic_expanded_left,transfer_gain,log2 ratio,0.0,0.0,0.0
main_full_field,full_field,Baseline,0.0,281,2Hz,60.0,0.02,0.5,expanded_left_only,semantic_expanded_left,episodic_expanded_left,transfer_gain,log2 ratio,0.0,0.0,0.0
main_full_field,full_field,Baseline,0.0,313,2Hz,60.0,0.02,0.5,expanded_left_only,semantic_expanded_left,episodic_expanded_left,transfer_gain,log2 ratio,0.0,0.0,0.0
main_full_field,full_field,Baseline,0.0,347,2Hz,60.0,0.02,0.5,expanded_left_only,semantic_expanded_left,episodic_expanded_left,transfer_gain,log2 ratio,0.0,0.0,0.0
main_full_field,full_field,Baseline,0.0,383,2Hz,60.0,0.02,0.5,expanded_left_only,semantic_expanded_left,episodic_expanded_left,transfer_gain,log2 ratio,0.0,0.0,0.0
main_full_field,full_field,Baseline,0.0,421,2Hz,60.0,0.02,0.5,expanded_left_only,semantic_expanded_left,episodic_expanded_left,transfer_gain,log2 ratio,0.0,0.0,0.0
main_full_field,full_field,Baseline,0.0,461,2Hz,60.0,0.02,0.5,expanded_left_only,semantic_expanded_left,episodic_expanded_left,transfer_gain,log2 ratio,0.0,0.0,0.0
main_full_field,full_field,Baseline,0.0,503,2Hz,60.0,0.02,0.5,expanded_left_only,semantic_expanded_left,episodic_expanded_left,transfer_gain,log2 ratio,0.0,0.0,0.0
main_full_field,full_field,High AD-like perturbation,1.0,11,2Hz,60.0,0.02,0.5,expanded_left_only,semantic_expanded_left,episodic_expanded_left,transfer_gain,log2 ratio,9.521801442785101,7.6784310241021645,1.8433704186829365
main_full_field,full_field,High AD-like perturbation,1.0,23,2Hz,60.0,0.02,0.5,expanded_left_only,semantic_expanded_left,episodic_expanded_left,transfer_gain,log2 ratio,9.507871846638228,8.175948568946277,1.331923277691951
main_full_field,full_field,High AD-like perturbation,1.0,37,2Hz,60.0,0.02,0.5,expanded_left_only,semantic_expanded_left,episodic_expanded_left,transfer_gain,log2 ratio,9.46380333712147,8.925320759677163,0.5384825774443076
main_full_field,full_field,High AD-like perturbation,1.0,53,2Hz,60.0,0.02,0.5,expanded_left_only,semantic_expanded_left,episodic_expanded_left,transfer_gain,log2 ratio,9.440316830410305,7.945066970611943,1.4952498597983626
main_full_field,full_field,High AD-like perturbation,1.0,71,2Hz,60.0,0.02,0.5,expanded_left_only,semantic_expanded_left,episodic_expanded_left,transfer_gain,log2 ratio,9.586069401858982,9.207364218953359,0.37870518290562316
main_full_field,full_field,High AD-like perturbation,1.0,89,2Hz,60.0,0.02,0.5,expanded_left_only,semantic_expanded_left,episodic_expanded_left,transfer_gain,log2 ratio,9.356463377743847,7.938042163032681,1.4184212147111657
main_full_field,full_field,High AD-like perturbation,1.0,107,2Hz,60.0,0.02,0.5,expanded_left_only,semantic_expanded_left,episodic_expanded_left,transfer_gain,log2 ratio,9.926264527751336,8.691173886603249,1.235090641148087
main_full_field,full_field,High AD-like perturbation,1.0,127,2Hz,60.0,0.02,0.5,expanded_left_only,semantic_expanded_left,episodic_expanded_left,transfer_gain,log2 ratio,10.080796105337697,8.79559225751216,1.285203847825537
main_full_field,full_field,High AD-like perturbation,1.0,149,2Hz,60.0,0.02,0.5,expanded_left_only,semantic_expanded_left,episodic_expanded_left,transfer_gain,log2 ratio,9.708899054539256,8.466695006687532,1.2422040478517236
main_full_field,full_field,High AD-like perturbation,1.0,173,2Hz,60.0,0.02,0.5,expanded_left_only,semantic_expanded_left,episodic_expanded_left,transfer_gain,log2 ratio,10.055930327624731,8.433236143533202,1.6226941840915288
main_full_field,full_field,High AD-like perturbation,1.0,197,2Hz,60.0,0.02,0.5,expanded_left_only,semantic_expanded_left,episodic_expanded_left,transfer_gain,log2 ratio,9.457744618417848,7.902029038075706,1.5557155803421425
main_full_field,full_field,High AD-like perturbation,1.0,223,2Hz,60.0,0.02,0.5,expanded_left_only,semantic_expanded_left,episodic_expanded_left,transfer_gain,log2 ratio,10.141530842381968,9.272767034701245,0.8687638076807236
main_full_field,full_field,High AD-like perturbation,1.0,251,2Hz,60.0,0.02,0.5,expanded_left_only,semantic_expanded_left,episodic_expanded_left,transfer_gain,log2 ratio,9.39331717114067,7.674125090366453,1.7191920807742163
main_full_field,full_field,High AD-like perturbation,1.0,281,2Hz,60.0,0.02,0.5,expanded_left_only,semantic_expanded_left,episodic_expanded_left,transfer_gain,log2 ratio,9.734971618952493,8.00500934536506,1.7299622735874323
main_full_field,full_field,High AD-like perturbation,1.0,313,2Hz,60.0,0.02,0.5,expanded_left_only,semantic_expanded_left,episodic_expanded_left,transfer_gain,log2 ratio,9.440758525363915,8.699969340339665,0.7407891850242496
main_full_field,full_field,High AD-like perturbation,1.0,347,2Hz,60.0,0.02,0.5,expanded_left_only,semantic_expanded_left,episodic_expanded_left,transfer_gain,log2 ratio,9.469096334453008,7.834022755455858,1.63507357899715
main_full_field,full_field,High AD-like perturbation,1.0,383,2Hz,60.0,0.02,0.5,expanded_left_only,semantic_expanded_left,episodic_expanded_left,transfer_gain,log2 ratio,9.978537844874301,9.259509888986122,0.7190279558881798
main_full_field,full_field,High AD-like perturbation,1.0,421,2Hz,60.0,0.02,0.5,expanded_left_only,semantic_expanded_left,episodic_expanded_left,transfer_gain,log2 ratio,9.702677441060915,9.257336732479251,0.4453407085816643
main_full_field,full_field,High AD-like perturbation,1.0,461,2Hz,60.0,0.02,0.5,expanded_left_only,semantic_expanded_left,episodic_expanded_left,transfer_gain,log2 ratio,9.532942973642898,7.927840116405068,1.6051028572378305
main_full_field,full_field,High AD-like perturbation,1.0,503,2Hz,60.0,0.02,0.5,expanded_left_only,semantic_expanded_left,episodic_expanded_left,transfer_gain,log2 ratio,9.39344069442849,7.597912717973684,1.7955279764548058
main_full_field,full_field,Intermediate AD-like perturbation,0.5,11,2Hz,60.0,0.02,0.5,expanded_left_only,semantic_expanded_left,episodic_expanded_left,transfer_gain,log2 ratio,13.454572928047186,8.669289470618683,4.785283457428504
main_full_field,full_field,Intermediate AD-like perturbation,0.5,23,2Hz,60.0,0.02,0.5,expanded_left_only,semantic_expanded_left,episodic_expanded_left,transfer_gain,log2 ratio,11.306406106341017,7.933255671361924,3.3731504349790926
main_full_field,full_field,Intermediate AD-like perturbation,0.5,37,2Hz,60.0,0.02,0.5,expanded_left_only,semantic_expanded_left,episodic_expanded_left,transfer_gain,log2 ratio,6.970581732981994,4.137384859411055,2.833196873570939
main_full_field,full_field,Intermediate AD-like perturbation,0.5,53,2Hz,60.0,0.02,0.5,expanded_left_only,semantic_expanded_left,episodic_expanded_left,transfer_gain,log2 ratio,10.930983570368994,8.956466149067236,1.9745174213017584
main_full_field,full_field,Intermediate AD-like perturbation,0.5,71,2Hz,60.0,0.02,0.5,expanded_left_only,semantic_expanded_left,episodic_expanded_left,transfer_gain,log2 ratio,12.578095205488529,9.407521521060973,3.1705736844275556
main_full_field,full_field,Intermediate AD-like perturbation,0.5,89,2Hz,60.0,0.02,0.5,expanded_left_only,semantic_expanded_left,episodic_expanded_left,transfer_gain,log2 ratio,10.776403035101731,8.237002977824963,2.5394000572767688
main_full_field,full_field,Intermediate AD-like perturbation,0.5,107,2Hz,60.0,0.02,0.5,expanded_left_only,semantic_expanded_left,episodic_expanded_left,transfer_gain,log2 ratio,10.354351970479868,6.723628698814246,3.630723271665622
main_full_field,full_field,Intermediate AD-like perturbation,0.5,127,2Hz,60.0,0.02,0.5,expanded_left_only,semantic_expanded_left,episodic_expanded_left,transfer_gain,log2 ratio,9.566058935850027,6.1866477800318345,3.3794111558181923
main_full_field,full_field,Intermediate AD-like perturbation,0.5,149,2Hz,60.0,0.02,0.5,expanded_left_only,semantic_expanded_left,episodic_expanded_left,transfer_gain,log2 ratio,10.608578380403792,7.598915516144021,3.009662864259771
main_full_field,full_field,Intermediate AD-like perturbation,0.5,173,2Hz,60.0,0.02,0.5,expanded_left_only,semantic_expanded_left,episodic_expanded_left,transfer_gain,log2 ratio,12.482564424681604,9.506774000401325,2.9757904242802784
main_full_field,full_field,Intermediate AD-like perturbation,0.5,197,2Hz,60.0,0.02,0.5,expanded_left_only,semantic_expanded_left,episodic_expanded_left,transfer_gain,log2 ratio,12.081475946231471,10.116264578800163,1.9652113674313085
main_full_field,full_field,Intermediate AD-like perturbation,0.5,223,2Hz,60.0,0.02,0.5,expanded_left_only,semantic_expanded_left,episodic_expanded_left,transfer_gain,log2 ratio,11.748513335617297,9.11691883547083,2.6315945001464662
main_full_field,full_field,Intermediate AD-like perturbation,0.5,251,2Hz,60.0,0.02,0.5,expanded_left_only,semantic_expanded_left,episodic_expanded_left,transfer_gain,log2 ratio,10.697936415695953,6.780111728125675,3.9178246875702776
main_full_field,full_field,Intermediate AD-like perturbation,0.5,281,2Hz,60.0,0.02,0.5,expanded_left_only,semantic_expanded_left,episodic_expanded_left,transfer_gain,log2 ratio,11.478627785370346,9.065215440515846,2.4134123448544997
main_full_field,full_field,Intermediate AD-like perturbation,0.5,313,2Hz,60.0,0.02,0.5,expanded_left_only,semantic_expanded_left,episodic_expanded_left,transfer_gain,log2 ratio,11.801112646640679,9.952166297995863,1.8489463486448159
main_full_field,full_field,Intermediate AD-like perturbation,0.5,347,2Hz,60.0,0.02,0.5,expanded_left_only,semantic_expanded_left,episodic_expanded_left,transfer_gain,log2 ratio,9.582620983081046,6.09318975791424,3.4894312251668067
main_full_field,full_field,Intermediate AD-like perturbation,0.5,383,2Hz,60.0,0.02,0.5,expanded_left_only,semantic_expanded_left,episodic_expanded_left,transfer_gain,log2 ratio,11.994724368721306,8.285951613502988,3.708772755218318
main_full_field,full_field,Intermediate AD-like perturbation,0.5,421,2Hz,60.0,0.02,0.5,expanded_left_only,semantic_expanded_left,episodic_expanded_left,transfer_gain,log2 ratio,8.994538524354443,6.4215474420932255,2.5729910822612174
main_full_field,full_field,Intermediate AD-like perturbation,0.5,461,2Hz,60.0,0.02,0.5,expanded_left_only,semantic_expanded_left,episodic_expanded_left,transfer_gain,log2 ratio,10.512082180340474,8.419971889697159,2.0921102906433156
main_full_field,full_field,Intermediate AD-like perturbation,0.5,503,2Hz,60.0,0.02,0.5,expanded_left_only,semantic_expanded_left,episodic_expanded_left,transfer_gain,log2 ratio,9.913004799310034,7.331341513905742,2.581663285404292
main_full_field,full_field,Baseline,0.0,11,5Hz,60.0,0.02,0.5,expanded_left_only,semantic_expanded_left,episodic_expanded_left,transfer_gain,log2 ratio,0.0,0.0,0.0
main_full_field,full_field,Baseline,0.0,23,5Hz,60.0,0.02,0.5,expanded_left_only,semantic_expanded_left,episodic_expanded_left,transfer_gain,log2 ratio,0.0,0.0,0.0
main_full_field,full_field,Baseline,0.0,37,5Hz,60.0,0.02,0.5,expanded_left_only,semantic_expanded_left,episodic_expanded_left,transfer_gain,log2 ratio,0.0,0.0,0.0
main_full_field,full_field,Baseline,0.0,53,5Hz,60.0,0.02,0.5,expanded_left_only,semantic_expanded_left,episodic_expanded_left,transfer_gain,log2 ratio,0.0,0.0,0.0
main_full_field,full_field,Baseline,0.0,71,5Hz,60.0,0.02,0.5,expanded_left_only,semantic_expanded_left,episodic_expanded_left,transfer_gain,log2 ratio,0.0,0.0,0.0
main_full_field,full_field,Baseline,0.0,89,5Hz,60.0,0.02,0.5,expanded_left_only,semantic_expanded_left,episodic_expanded_left,transfer_gain,log2 ratio,0.0,0.0,0.0
main_full_field,full_field,Baseline,0.0,107,5Hz,60.0,0.02,0.5,expanded_left_only,semantic_expanded_left,episodic_expanded_left,transfer_gain,log2 ratio,0.0,0.0,0.0
main_full_field,full_field,Baseline,0.0,127,5Hz,60.0,0.02,0.5,expanded_left_only,semantic_expanded_left,episodic_expanded_left,transfer_gain,log2 ratio,0.0,0.0,0.0
main_full_field,full_field,Baseline,0.0,149,5Hz,60.0,0.02,0.5,expanded_left_only,semantic_expanded_left,episodic_expanded_left,transfer_gain,log2 ratio,0.0,0.0,0.0
main_full_field,full_field,Baseline,0.0,173,5Hz,60.0,0.02,0.5,expanded_left_only,semantic_expanded_left,episodic_expanded_left,transfer_gain,log2 ratio,0.0,0.0,0.0
main_full_field,full_field,Baseline,0.0,197,5Hz,60.0,0.02,0.5,expanded_left_only,semantic_expanded_left,episodic_expanded_left,transfer_gain,log2 ratio,0.0,0.0,0.0
main_full_field,full_field,Baseline,0.0,223,5Hz,60.0,0.02,0.5,expanded_left_only,semantic_expanded_left,episodic_expanded_left,transfer_gain,log2 ratio,0.0,0.0,0.0
main_full_field,full_field,Baseline,0.0,251,5Hz,60.0,0.02,0.5,expanded_left_only,semantic_expanded_left,episodic_expanded_left,transfer_gain,log2 ratio,0.0,0.0,0.0
main_full_field,full_field,Baseline,0.0,281,5Hz,60.0,0.02,0.5,expanded_left_only,semantic_expanded_left,episodic_expanded_left,transfer_gain,log2 ratio,0.0,0.0,0.0
main_full_field,full_field,Baseline,0.0,313,5Hz,60.0,0.02,0.5,expanded_left_only,semantic_expanded_left,episodic_expanded_left,transfer_gain,log2 ratio,0.0,0.0,0.0
main_full_field,full_field,Baseline,0.0,347,5Hz,60.0,0.02,0.5,expanded_left_only,semantic_expanded_left,episodic_expanded_left,transfer_gain,log2 ratio,0.0,0.0,0.0
main_full_field,full_field,Baseline,0.0,383,5Hz,60.0,0.02,0.5,expanded_left_only,semantic_expanded_left,episodic_expanded_left,transfer_gain,log2 ratio,0.0,0.0,0.0
main_full_field,full_field,Baseline,0.0,421,5Hz,60.0,0.02,0.5,expanded_left_only,semantic_expanded_left,episodic_expanded_left,transfer_gain,log2 ratio,0.0,0.0,0.0
main_full_field,full_field,Baseline,0.0,461,5Hz,60.0,0.02,0.5,expanded_left_only,semantic_expanded_left,episodic_expanded_left,transfer_gain,log2 ratio,0.0,0.0,0.0
main_full_field,full_field,Baseline,0.0,503,5Hz,60.0,0.02,0.5,expanded_left_only,semantic_expanded_left,episodic_expanded_left,transfer_gain,log2 ratio,0.0,0.0,0.0
main_full_field,full_field,High AD-like perturbation,1.0,11,5Hz,60.0,0.02,0.5,expanded_left_only,semantic_expanded_left,episodic_expanded_left,transfer_gain,log2 ratio,8.668105670932805,6.827146798176472,1.8409588727563326
main_full_field,full_field,High AD-like perturbation,1.0,23,5Hz,60.0,0.02,0.5,expanded_left_only,semantic_expanded_left,episodic_expanded_left,transfer_gain,log2 ratio,8.609294558053765,6.9358508815080135,1.6734436765457517
main_full_field,full_field,High AD-like perturbation,1.0,37,5Hz,60.0,0.02,0.5,expanded_left_only,semantic_expanded_left,episodic_expanded_left,transfer_gain,log2 ratio,8.699761056071997,8.49525223822809,0.20450881784390695
main_full_field,full_field,High AD-like perturbation,1.0,53,5Hz,60.0,0.02,0.5,expanded_left_only,semantic_expanded_left,episodic_expanded_left,transfer_gain,log2 ratio,8.634236077223328,7.260286829180613,1.373949248042715
main_full_field,full_field,High AD-like perturbation,1.0,71,5Hz,60.0,0.02,0.5,expanded_left_only,semantic_expanded_left,episodic_expanded_left,transfer_gain,log2 ratio,8.515160316479205,6.997138107464534,1.5180222090146716
main_full_field,full_field,High AD-like perturbation,1.0,89,5Hz,60.0,0.02,0.5,expanded_left_only,semantic_expanded_left,episodic_expanded_left,transfer_gain,log2 ratio,8.539157383769135,7.270089486460965,1.2690678973081697
main_full_field,full_field,High AD-like perturbation,1.0,107,5Hz,60.0,0.02,0.5,expanded_left_only,semantic_expanded_left,episodic_expanded_left,transfer_gain,log2 ratio,9.465774351742606,8.013769541888204,1.4520048098544027
main_full_field,full_field,High AD-like perturbation,1.0,127,5Hz,60.0,0.02,0.5,expanded_left_only,semantic_expanded_left,episodic_expanded_left,transfer_gain,log2 ratio,8.72419029524819,7.850659088421339,0.8735312068268515
main_full_field,full_field,High AD-like perturbation,1.0,149,5Hz,60.0,0.02,0.5,expanded_left_only,semantic_expanded_left,episodic_expanded_left,transfer_gain,log2 ratio,9.320429969631451,7.419928654392603,1.9005013152388486
main_full_field,full_field,High AD-like perturbation,1.0,173,5Hz,60.0,0.02,0.5,expanded_left_only,semantic_expanded_left,episodic_expanded_left,transfer_gain,log2 ratio,8.514493744486565,7.505390226714046,1.0091035177725187
main_full_field,full_field,High AD-like perturbation,1.0,197,5Hz,60.0,0.02,0.5,expanded_left_only,semantic_expanded_left,episodic_expanded_left,transfer_gain,log2 ratio,8.72533711402153,7.231926649407207,1.493410464614323
main_full_field,full_field,High AD-like perturbation,1.0,223,5Hz,60.0,0.02,0.5,expanded_left_only,semantic_expanded_left,episodic_expanded_left,transfer_gain,log2 ratio,9.783034554311746,9.181972983624906,0.6010615706868396
main_full_field,full_field,High AD-like perturbation,1.0,251,5Hz,60.0,0.02,0.5,expanded_left_only,semantic_expanded_left,episodic_expanded_left,transfer_gain,log2 ratio,8.55611919252519,7.359179429593774,1.1969397629314154
main_full_field,full_field,High AD-like perturbation,1.0,281,5Hz,60.0,0.02,0.5,expanded_left_only,semantic_expanded_left,episodic_expanded_left,transfer_gain,log2 ratio,8.912898670721273,7.475052467584843,1.4378462031364299
main_full_field,full_field,High AD-like perturbation,1.0,313,5Hz,60.0,0.02,0.5,expanded_left_only,semantic_expanded_left,episodic_expanded_left,transfer_gain,log2 ratio,8.981528330955191,7.708390350611932,1.2731379803432592
main_full_field,full_field,High AD-like perturbation,1.0,347,5Hz,60.0,0.02,0.5,expanded_left_only,semantic_expanded_left,episodic_expanded_left,transfer_gain,log2 ratio,8.678691836268126,7.761299296290623,0.9173925399775023
main_full_field,full_field,High AD-like perturbation,1.0,383,5Hz,60.0,0.02,0.5,expanded_left_only,semantic_expanded_left,episodic_expanded_left,transfer_gain,log2 ratio,9.330407387783277,8.683302603627833,0.6471047841554434
main_full_field,full_field,High AD-like perturbation,1.0,421,5Hz,60.0,0.02,0.5,expanded_left_only,semantic_expanded_left,episodic_expanded_left,transfer_gain,log2 ratio,8.876600995303635,9.232811597564734,-0.3562106022610987
main_full_field,full_field,High AD-like perturbation,1.0,461,5Hz,60.0,0.02,0.5,expanded_left_only,semantic_expanded_left,episodic_expanded_left,transfer_gain,log2 ratio,8.570325192454964,6.972085684337032,1.5982395081179321
main_full_field,full_field,High AD-like perturbation,1.0,503,5Hz,60.0,0.02,0.5,expanded_left_only,semantic_expanded_left,episodic_expanded_left,transfer_gain,log2 ratio,8.541795605920933,7.235127922688846,1.3066676832320878
main_full_field,full_field,Intermediate AD-like perturbation,0.5,11,5Hz,60.0,0.02,0.5,expanded_left_only,semantic_expanded_left,episodic_expanded_left,transfer_gain,log2 ratio,11.904258710858413,7.515964230175678,4.388294480682735
main_full_field,full_field,Intermediate AD-like perturbation,0.5,23,5Hz,60.0,0.02,0.5,expanded_left_only,semantic_expanded_left,episodic_expanded_left,transfer_gain,log2 ratio,10.311727471313684,7.193050332886456,3.1186771384272287
main_full_field,full_field,Intermediate AD-like perturbation,0.5,37,5Hz,60.0,0.02,0.5,expanded_left_only,semantic_expanded_left,episodic_expanded_left,transfer_gain,log2 ratio,8.850746669678887,5.87529774210138,2.9754489275775073
main_full_field,full_field,Intermediate AD-like perturbation,0.5,53,5Hz,60.0,0.02,0.5,expanded_left_only,semantic_expanded_left,episodic_expanded_left,transfer_gain,log2 ratio,9.280145695505734,6.225394085245962,3.054751610259772
main_full_field,full_field,Intermediate AD-like perturbation,0.5,71,5Hz,60.0,0.02,0.5,expanded_left_only,semantic_expanded_left,episodic_expanded_left,transfer_gain,log2 ratio,11.608248743672213,8.835506199013148,2.7727425446590654
main_full_field,full_field,Intermediate AD-like perturbation,0.5,89,5Hz,60.0,0.02,0.5,expanded_left_only,semantic_expanded_left,episodic_expanded_left,transfer_gain,log2 ratio,9.538111903675684,6.827829652779959,2.710282250895725
main_full_field,full_field,Intermediate AD-like perturbation,0.5,107,5Hz,60.0,0.02,0.5,expanded_left_only,semantic_expanded_left,episodic_expanded_left,transfer_gain,log2 ratio,7.889932411789933,4.806756541624183,3.08317587016575
main_full_field,full_field,Intermediate AD-like perturbation,0.5,127,5Hz,60.0,0.02,0.5,expanded_left_only,semantic_expanded_left,episodic_expanded_left,transfer_gain,log2 ratio,6.361196543245168,4.073130489483513,2.2880660537616544
main_full_field,full_field,Intermediate AD-like perturbation,0.5,149,5Hz,60.0,0.02,0.5,expanded_left_only,semantic_expanded_left,episodic_expanded_left,transfer_gain,log2 ratio,9.863094368578716,7.743653339474321,2.1194410291043955
main_full_field,full_field,Intermediate AD-like perturbation,0.5,173,5Hz,60.0,0.02,0.5,expanded_left_only,semantic_expanded_left,episodic_expanded_left,transfer_gain,log2 ratio,10.860156446194932,8.731488225531235,2.1286682206636964
main_full_field,full_field,Intermediate AD-like perturbation,0.5,197,5Hz,60.0,0.02,0.5,expanded_left_only,semantic_expanded_left,episodic_expanded_left,transfer_gain,log2 ratio,11.200477861075212,7.5971088345710305,3.603369026504182
main_full_field,full_field,Intermediate AD-like perturbation,0.5,223,5Hz,60.0,0.02,0.5,expanded_left_only,semantic_expanded_left,episodic_expanded_left,transfer_gain,log2 ratio,11.540486682524952,8.367278713384083,3.1732079691408686
main_full_field,full_field,Intermediate AD-like perturbation,0.5,251,5Hz,60.0,0.02,0.5,expanded_left_only,semantic_expanded_left,episodic_expanded_left,transfer_gain,log2 ratio,10.113530354971845,8.244963810950928,1.8685665440209167
main_full_field,full_field,Intermediate AD-like perturbation,0.5,281,5Hz,60.0,0.02,0.5,expanded_left_only,semantic_expanded_left,episodic_expanded_left,transfer_gain,log2 ratio,10.301106139109564,7.46577999707996,2.8353261420296034
main_full_field,full_field,Intermediate AD-like perturbation,0.5,313,5Hz,60.0,0.02,0.5,expanded_left_only,semantic_expanded_left,episodic_expanded_left,transfer_gain,log2 ratio,11.396219764252077,8.641379092725062,2.754840671527015
main_full_field,full_field,Intermediate AD-like perturbation,0.5,347,5Hz,60.0,0.02,0.5,expanded_left_only,semantic_expanded_left,episodic_expanded_left,transfer_gain,log2 ratio,10.89282528607788,8.476384474704359,2.416440811373521
main_full_field,full_field,Intermediate AD-like perturbation,0.5,383,5Hz,60.0,0.02,0.5,expanded_left_only,semantic_expanded_left,episodic_expanded_left,transfer_gain,log2 ratio,9.924240634333087,7.20428775109219,2.7199528832408966
main_full_field,full_field,Intermediate AD-like perturbation,0.5,421,5Hz,60.0,0.02,0.5,expanded_left_only,semantic_expanded_left,episodic_expanded_left,transfer_gain,log2 ratio,8.393584105550762,5.941248733122147,2.4523353724286148
main_full_field,full_field,Intermediate AD-like perturbation,0.5,461,5Hz,60.0,0.02,0.5,expanded_left_only,semantic_expanded_left,episodic_expanded_left,transfer_gain,log2 ratio,11.502894172637486,10.135189238524255,1.367704934113231
main_full_field,full_field,Intermediate AD-like perturbation,0.5,503,5Hz,60.0,0.02,0.5,expanded_left_only,semantic_expanded_left,episodic_expanded_left,transfer_gain,log2 ratio,9.39059941241917,7.338193346340028,2.0524060660791426
main_full_field,full_field,Baseline,0.0,11,2Hz,60.0,0.02,0.5,expanded_left_only,semantic_expanded_left,episodic_expanded_left,functional_connectivity,Fisher-z difference,0.0,0.0,0.0
main_full_field,full_field,Baseline,0.0,23,2Hz,60.0,0.02,0.5,expanded_left_only,semantic_expanded_left,episodic_expanded_left,functional_connectivity,Fisher-z difference,0.0,0.0,0.0
main_full_field,full_field,Baseline,0.0,37,2Hz,60.0,0.02,0.5,expanded_left_only,semantic_expanded_left,episodic_expanded_left,functional_connectivity,Fisher-z difference,0.0,0.0,0.0
main_full_field,full_field,Baseline,0.0,53,2Hz,60.0,0.02,0.5,expanded_left_only,semantic_expanded_left,episodic_expanded_left,functional_connectivity,Fisher-z difference,0.0,0.0,0.0
main_full_field,full_field,Baseline,0.0,71,2Hz,60.0,0.02,0.5,expanded_left_only,semantic_expanded_left,episodic_expanded_left,functional_connectivity,Fisher-z difference,0.0,0.0,0.0
main_full_field,full_field,Baseline,0.0,89,2Hz,60.0,0.02,0.5,expanded_left_only,semantic_expanded_left,episodic_expanded_left,functional_connectivity,Fisher-z difference,0.0,0.0,0.0
main_full_field,full_field,Baseline,0.0,107,2Hz,60.0,0.02,0.5,expanded_left_only,semantic_expanded_left,episodic_expanded_left,functional_connectivity,Fisher-z difference,0.0,0.0,0.0
main_full_field,full_field,Baseline,0.0,127,2Hz,60.0,0.02,0.5,expanded_left_only,semantic_expanded_left,episodic_expanded_left,functional_connectivity,Fisher-z difference,0.0,0.0,0.0
main_full_field,full_field,Baseline,0.0,149,2Hz,60.0,0.02,0.5,expanded_left_only,semantic_expanded_left,episodic_expanded_left,functional_connectivity,Fisher-z difference,0.0,0.0,0.0
main_full_field,full_field,Baseline,0.0,173,2Hz,60.0,0.02,0.5,expanded_left_only,semantic_expanded_left,episodic_expanded_left,functional_connectivity,Fisher-z difference,0.0,0.0,0.0
main_full_field,full_field,Baseline,0.0,197,2Hz,60.0,0.02,0.5,expanded_left_only,semantic_expanded_left,episodic_expanded_left,functional_connectivity,Fisher-z difference,0.0,0.0,0.0
main_full_field,full_field,Baseline,0.0,223,2Hz,60.0,0.02,0.5,expanded_left_only,semantic_expanded_left,episodic_expanded_left,functional_connectivity,Fisher-z difference,0.0,0.0,0.0
main_full_field,full_field,Baseline,0.0,251,2Hz,60.0,0.02,0.5,expanded_left_only,semantic_expanded_left,episodic_expanded_left,functional_connectivity,Fisher-z difference,0.0,0.0,0.0
main_full_field,full_field,Baseline,0.0,281,2Hz,60.0,0.02,0.5,expanded_left_only,semantic_expanded_left,episodic_expanded_left,functional_connectivity,Fisher-z difference,0.0,0.0,0.0
main_full_field,full_field,Baseline,0.0,313,2Hz,60.0,0.02,0.5,expanded_left_only,semantic_expanded_left,episodic_expanded_left,functional_connectivity,Fisher-z difference,0.0,0.0,0.0
main_full_field,full_field,Baseline,0.0,347,2Hz,60.0,0.02,0.5,expanded_left_only,semantic_expanded_left,episodic_expanded_left,functional_connectivity,Fisher-z difference,0.0,0.0,0.0
main_full_field,full_field,Baseline,0.0,383,2Hz,60.0,0.02,0.5,expanded_left_only,semantic_expanded_left,episodic_expanded_left,functional_connectivity,Fisher-z difference,0.0,0.0,0.0
main_full_field,full_field,Baseline,0.0,421,2Hz,60.0,0.02,0.5,expanded_left_only,semantic_expanded_left,episodic_expanded_left,functional_connectivity,Fisher-z difference,0.0,0.0,0.0
main_full_field,full_field,Baseline,0.0,461,2Hz,60.0,0.02,0.5,expanded_left_only,semantic_expanded_left,episodic_expanded_left,functional_connectivity,Fisher-z difference,0.0,0.0,0.0
main_full_field,full_field,Baseline,0.0,503,2Hz,60.0,0.02,0.5,expanded_left_only,semantic_expanded_left,episodic_expanded_left,functional_connectivity,Fisher-z difference,0.0,0.0,0.0
main_full_field,full_field,High AD-like perturbation,1.0,11,2Hz,60.0,0.02,0.5,expanded_left_only,semantic_expanded_left,episodic_expanded_left,functional_connectivity,Fisher-z difference,-2.0895324108002504,-2.224330592201406,0.1347981814011554
main_full_field,full_field,High AD-like perturbation,1.0,23,2Hz,60.0,0.02,0.5,expanded_left_only,semantic_expanded_left,episodic_expanded_left,functional_connectivity,Fisher-z difference,-2.0953668131483627,-2.210116171912797,0.11474935876443437
main_full_field,full_field,High AD-like perturbation,1.0,37,2Hz,60.0,0.02,0.5,expanded_left_only,semantic_expanded_left,episodic_expanded_left,functional_connectivity,Fisher-z difference,-2.0939469674099644,-2.2084448813831603,0.11449791397319586
main_full_field,full_field,High AD-like perturbation,1.0,53,2Hz,60.0,0.02,0.5,expanded_left_only,semantic_expanded_left,episodic_expanded_left,functional_connectivity,Fisher-z difference,-2.0942011812454964,-2.220380070272312,0.12617888902681562
main_full_field,full_field,High AD-like perturbation,1.0,71,2Hz,60.0,0.02,0.5,expanded_left_only,semantic_expanded_left,episodic_expanded_left,functional_connectivity,Fisher-z difference,-2.0983499876232825,-2.1967855942351995,0.09843560661191697
main_full_field,full_field,High AD-like perturbation,1.0,89,2Hz,60.0,0.02,0.5,expanded_left_only,semantic_expanded_left,episodic_expanded_left,functional_connectivity,Fisher-z difference,-2.088395990647318,-2.22122113316888,0.13282514252156163
main_full_field,full_field,High AD-like perturbation,1.0,107,2Hz,60.0,0.02,0.5,expanded_left_only,semantic_expanded_left,episodic_expanded_left,functional_connectivity,Fisher-z difference,-2.0982775667257307,-2.214470973288346,0.11619340656261512
main_full_field,full_field,High AD-like perturbation,1.0,127,2Hz,60.0,0.02,0.5,expanded_left_only,semantic_expanded_left,episodic_expanded_left,functional_connectivity,Fisher-z difference,-2.1008835636609784,-2.1833042517368675,0.08242068807588909
main_full_field,full_field,High AD-like perturbation,1.0,149,2Hz,60.0,0.02,0.5,expanded_left_only,semantic_expanded_left,episodic_expanded_left,functional_connectivity,Fisher-z difference,-2.1014787401395805,-2.2129674390409417,0.11148869890136126
main_full_field,full_field,High AD-like perturbation,1.0,173,2Hz,60.0,0.02,0.5,expanded_left_only,semantic_expanded_left,episodic_expanded_left,functional_connectivity,Fisher-z difference,-2.1048770724659134,-2.211551531892334,0.10667445942642084
main_full_field,full_field,High AD-like perturbation,1.0,197,2Hz,60.0,0.02,0.5,expanded_left_only,semantic_expanded_left,episodic_expanded_left,functional_connectivity,Fisher-z difference,-2.097000574107496,-2.2112169249437303,0.11421635083623416
main_full_field,full_field,High AD-like perturbation,1.0,223,2Hz,60.0,0.02,0.5,expanded_left_only,semantic_expanded_left,episodic_expanded_left,functional_connectivity,Fisher-z difference,-2.093614754852971,-2.1585286028727038,0.06491384801973288
main_full_field,full_field,High AD-like perturbation,1.0,251,2Hz,60.0,0.02,0.5,expanded_left_only,semantic_expanded_left,episodic_expanded_left,functional_connectivity,Fisher-z difference,-2.093352094982889,-2.2134237072952803,0.12007161231239127
main_full_field,full_field,High AD-like perturbation,1.0,281,2Hz,60.0,0.02,0.5,expanded_left_only,semantic_expanded_left,episodic_expanded_left,functional_connectivity,Fisher-z difference,-2.0914697543764196,-2.219614986477058,0.12814523210063822
main_full_field,full_field,High AD-like perturbation,1.0,313,2Hz,60.0,0.02,0.5,expanded_left_only,semantic_expanded_left,episodic_expanded_left,functional_connectivity,Fisher-z difference,-2.0981133043978444,-2.207222738750092,0.10910943435224763
main_full_field,full_field,High AD-like perturbation,1.0,347,2Hz,60.0,0.02,0.5,expanded_left_only,semantic_expanded_left,episodic_expanded_left,functional_connectivity,Fisher-z difference,-2.094158605351669,-2.223514409318553,0.12935580396688406
main_full_field,full_field,High AD-like perturbation,1.0,383,2Hz,60.0,0.02,0.5,expanded_left_only,semantic_expanded_left,episodic_expanded_left,functional_connectivity,Fisher-z difference,-2.093885304751315,-2.2109897211594167,0.11710441640810165
main_full_field,full_field,High AD-like perturbation,1.0,421,2Hz,60.0,0.02,0.5,expanded_left_only,semantic_expanded_left,episodic_expanded_left,functional_connectivity,Fisher-z difference,-2.0976305187643227,-2.1875311213260447,0.08990060256172194
main_full_field,full_field,High AD-like perturbation,1.0,461,2Hz,60.0,0.02,0.5,expanded_left_only,semantic_expanded_left,episodic_expanded_left,functional_connectivity,Fisher-z difference,-2.1003385195215643,-2.2205481092315855,0.12020958971002127
main_full_field,full_field,High AD-like perturbation,1.0,503,2Hz,60.0,0.02,0.5,expanded_left_only,semantic_expanded_left,episodic_expanded_left,functional_connectivity,Fisher-z difference,-2.0935251630394016,-2.223484279525386,0.12995911648598435
main_full_field,full_field,Intermediate AD-like perturbation,0.5,11,2Hz,60.0,0.02,0.5,expanded_left_only,semantic_expanded_left,episodic_expanded_left,functional_connectivity,Fisher-z difference,-1.990596034543906,-2.0373596762329185,0.04676364168901248
main_full_field,full_field,Intermediate AD-like perturbation,0.5,23,2Hz,60.0,0.02,0.5,expanded_left_only,semantic_expanded_left,episodic_expanded_left,functional_connectivity,Fisher-z difference,-2.0567393293396634,-2.1490359514921424,0.09229662215247902
main_full_field,full_field,Intermediate AD-like perturbation,0.5,37,2Hz,60.0,0.02,0.5,expanded_left_only,semantic_expanded_left,episodic_expanded_left,functional_connectivity,Fisher-z difference,-2.0578600362035475,-2.1226335361354094,0.06477349993186188
main_full_field,full_field,Intermediate AD-like perturbation,0.5,53,2Hz,60.0,0.02,0.5,expanded_left_only,semantic_expanded_left,episodic_expanded_left,functional_connectivity,Fisher-z difference,-2.087800069273776,-2.1854632522438866,0.09766318297011045
main_full_field,full_field,Intermediate AD-like perturbation,0.5,71,2Hz,60.0,0.02,0.5,expanded_left_only,semantic_expanded_left,episodic_expanded_left,functional_connectivity,Fisher-z difference,-2.0931193097184355,-2.196798010022514,0.10367870030407866
main_full_field,full_field,Intermediate AD-like perturbation,0.5,89,2Hz,60.0,0.02,0.5,expanded_left_only,semantic_expanded_left,episodic_expanded_left,functional_connectivity,Fisher-z difference,-2.0406233230723707,-2.105141672806334,0.0645183497339632
main_full_field,full_field,Intermediate AD-like perturbation,0.5,107,2Hz,60.0,0.02,0.5,expanded_left_only,semantic_expanded_left,episodic_expanded_left,functional_connectivity,Fisher-z difference,-2.0873867495136706,-2.1839463598762068,0.09655961036253613
main_full_field,full_field,Intermediate AD-like perturbation,0.5,127,2Hz,60.0,0.02,0.5,expanded_left_only,semantic_expanded_left,episodic_expanded_left,functional_connectivity,Fisher-z difference,-2.1100783224012956,-2.2155909055416814,0.10551258314038581
main_full_field,full_field,Intermediate AD-like perturbation,0.5,149,2Hz,60.0,0.02,0.5,expanded_left_only,semantic_expanded_left,episodic_expanded_left,functional_connectivity,Fisher-z difference,-2.0663985250193044,-2.13637428178697,0.06997575676766576
main_full_field,full_field,Intermediate AD-like perturbation,0.5,173,2Hz,60.0,0.02,0.5,expanded_left_only,semantic_expanded_left,episodic_expanded_left,functional_connectivity,Fisher-z difference,-1.948864542152469,-1.9989407970282518,0.05007625487578271
main_full_field,full_field,Intermediate AD-like perturbation,0.5,197,2Hz,60.0,0.02,0.5,expanded_left_only,semantic_expanded_left,episodic_expanded_left,functional_connectivity,Fisher-z difference,-2.0221131529683234,-2.0712733792889932,0.04916022632066985
main_full_field,full_field,Intermediate AD-like perturbation,0.5,223,2Hz,60.0,0.02,0.5,expanded_left_only,semantic_expanded_left,episodic_expanded_left,functional_connectivity,Fisher-z difference,-1.9814780943462353,-2.0235956048089165,0.042117510462681196
main_full_field,full_field,Intermediate AD-like perturbation,0.5,251,2Hz,60.0,0.02,0.5,expanded_left_only,semantic_expanded_left,episodic_expanded_left,functional_connectivity,Fisher-z difference,-2.1083654268435135,-2.2193673624238968,0.11100193558038329
main_full_field,full_field,Intermediate AD-like perturbation,0.5,281,2Hz,60.0,0.02,0.5,expanded_left_only,semantic_expanded_left,episodic_expanded_left,functional_connectivity,Fisher-z difference,-1.981848499137297,-1.9966552056311506,0.014806706493853516
main_full_field,full_field,Intermediate AD-like perturbation,0.5,313,2Hz,60.0,0.02,0.5,expanded_left_only,semantic_expanded_left,episodic_expanded_left,functional_connectivity,Fisher-z difference,-1.8977676964583823,-1.8455568987587465,-0.05221079769963577
main_full_field,full_field,Intermediate AD-like perturbation,0.5,347,2Hz,60.0,0.02,0.5,expanded_left_only,semantic_expanded_left,episodic_expanded_left,functional_connectivity,Fisher-z difference,-2.10187535125251,-2.2067683699628735,0.1048930187103636
main_full_field,full_field,Intermediate AD-like perturbation,0.5,383,2Hz,60.0,0.02,0.5,expanded_left_only,semantic_expanded_left,episodic_expanded_left,functional_connectivity,Fisher-z difference,-2.066596753682434,-2.1564278008314473,0.08983104714901335
main_full_field,full_field,Intermediate AD-like perturbation,0.5,421,2Hz,60.0,0.02,0.5,expanded_left_only,semantic_expanded_left,episodic_expanded_left,functional_connectivity,Fisher-z difference,-2.145730487391928,-2.2659776145494863,0.12024712715755825
main_full_field,full_field,Intermediate AD-like perturbation,0.5,461,2Hz,60.0,0.02,0.5,expanded_left_only,semantic_expanded_left,episodic_expanded_left,functional_connectivity,Fisher-z difference,-2.041906950631872,-2.1383116680705614,0.0964047174386895
main_full_field,full_field,Intermediate AD-like perturbation,0.5,503,2Hz,60.0,0.02,0.5,expanded_left_only,semantic_expanded_left,episodic_expanded_left,functional_connectivity,Fisher-z difference,-2.1027436230055865,-2.2072465520320033,0.10450292902641678
main_full_field,full_field,Baseline,0.0,11,5Hz,60.0,0.02,0.5,expanded_left_only,semantic_expanded_left,episodic_expanded_left,functional_connectivity,Fisher-z difference,0.0,0.0,0.0
main_full_field,full_field,Baseline,0.0,23,5Hz,60.0,0.02,0.5,expanded_left_only,semantic_expanded_left,episodic_expanded_left,functional_connectivity,Fisher-z difference,0.0,0.0,0.0
main_full_field,full_field,Baseline,0.0,37,5Hz,60.0,0.02,0.5,expanded_left_only,semantic_expanded_left,episodic_expanded_left,functional_connectivity,Fisher-z difference,0.0,0.0,0.0
main_full_field,full_field,Baseline,0.0,53,5Hz,60.0,0.02,0.5,expanded_left_only,semantic_expanded_left,episodic_expanded_left,functional_connectivity,Fisher-z difference,0.0,0.0,0.0
main_full_field,full_field,Baseline,0.0,71,5Hz,60.0,0.02,0.5,expanded_left_only,semantic_expanded_left,episodic_expanded_left,functional_connectivity,Fisher-z difference,0.0,0.0,0.0
main_full_field,full_field,Baseline,0.0,89,5Hz,60.0,0.02,0.5,expanded_left_only,semantic_expanded_left,episodic_expanded_left,functional_connectivity,Fisher-z difference,0.0,0.0,0.0
main_full_field,full_field,Baseline,0.0,107,5Hz,60.0,0.02,0.5,expanded_left_only,semantic_expanded_left,episodic_expanded_left,functional_connectivity,Fisher-z difference,0.0,0.0,0.0
main_full_field,full_field,Baseline,0.0,127,5Hz,60.0,0.02,0.5,expanded_left_only,semantic_expanded_left,episodic_expanded_left,functional_connectivity,Fisher-z difference,0.0,0.0,0.0
main_full_field,full_field,Baseline,0.0,149,5Hz,60.0,0.02,0.5,expanded_left_only,semantic_expanded_left,episodic_expanded_left,functional_connectivity,Fisher-z difference,0.0,0.0,0.0
main_full_field,full_field,Baseline,0.0,173,5Hz,60.0,0.02,0.5,expanded_left_only,semantic_expanded_left,episodic_expanded_left,functional_connectivity,Fisher-z difference,0.0,0.0,0.0
main_full_field,full_field,Baseline,0.0,197,5Hz,60.0,0.02,0.5,expanded_left_only,semantic_expanded_left,episodic_expanded_left,functional_connectivity,Fisher-z difference,0.0,0.0,0.0
main_full_field,full_field,Baseline,0.0,223,5Hz,60.0,0.02,0.5,expanded_left_only,semantic_expanded_left,episodic_expanded_left,functional_connectivity,Fisher-z difference,0.0,0.0,0.0
main_full_field,full_field,Baseline,0.0,251,5Hz,60.0,0.02,0.5,expanded_left_only,semantic_expanded_left,episodic_expanded_left,functional_connectivity,Fisher-z difference,0.0,0.0,0.0
main_full_field,full_field,Baseline,0.0,281,5Hz,60.0,0.02,0.5,expanded_left_only,semantic_expanded_left,episodic_expanded_left,functional_connectivity,Fisher-z difference,0.0,0.0,0.0
main_full_field,full_field,Baseline,0.0,313,5Hz,60.0,0.02,0.5,expanded_left_only,semantic_expanded_left,episodic_expanded_left,functional_connectivity,Fisher-z difference,0.0,0.0,0.0
main_full_field,full_field,Baseline,0.0,347,5Hz,60.0,0.02,0.5,expanded_left_only,semantic_expanded_left,episodic_expanded_left,functional_connectivity,Fisher-z difference,0.0,0.0,0.0
main_full_field,full_field,Baseline,0.0,383,5Hz,60.0,0.02,0.5,expanded_left_only,semantic_expanded_left,episodic_expanded_left,functional_connectivity,Fisher-z difference,0.0,0.0,0.0
main_full_field,full_field,Baseline,0.0,421,5Hz,60.0,0.02,0.5,expanded_left_only,semantic_expanded_left,episodic_expanded_left,functional_connectivity,Fisher-z difference,0.0,0.0,0.0
main_full_field,full_field,Baseline,0.0,461,5Hz,60.0,0.02,0.5,expanded_left_only,semantic_expanded_left,episodic_expanded_left,functional_connectivity,Fisher-z difference,0.0,0.0,0.0
main_full_field,full_field,Baseline,0.0,503,5Hz,60.0,0.02,0.5,expanded_left_only,semantic_expanded_left,episodic_expanded_left,functional_connectivity,Fisher-z difference,0.0,0.0,0.0
main_full_field,full_field,High AD-like perturbation,1.0,11,5Hz,60.0,0.02,0.5,expanded_left_only,semantic_expanded_left,episodic_expanded_left,functional_connectivity,Fisher-z difference,-1.2773734734739572,-1.3725213005971546,0.09514782712319736
main_full_field,full_field,High AD-like perturbation,1.0,23,5Hz,60.0,0.02,0.5,expanded_left_only,semantic_expanded_left,episodic_expanded_left,functional_connectivity,Fisher-z difference,-1.253721427988637,-1.3647982591109018,0.11107683112226474
main_full_field,full_field,High AD-like perturbation,1.0,37,5Hz,60.0,0.02,0.5,expanded_left_only,semantic_expanded_left,episodic_expanded_left,functional_connectivity,Fisher-z difference,-1.25795598298684,-1.355684393776142,0.09772841078930194
main_full_field,full_field,High AD-like perturbation,1.0,53,5Hz,60.0,0.02,0.5,expanded_left_only,semantic_expanded_left,episodic_expanded_left,functional_connectivity,Fisher-z difference,-1.234472797764005,-1.3617186108633168,0.1272458130993117
main_full_field,full_field,High AD-like perturbation,1.0,71,5Hz,60.0,0.02,0.5,expanded_left_only,semantic_expanded_left,episodic_expanded_left,functional_connectivity,Fisher-z difference,-1.2601612160648001,-1.3720086448942486,0.11184742882944843
main_full_field,full_field,High AD-like perturbation,1.0,89,5Hz,60.0,0.02,0.5,expanded_left_only,semantic_expanded_left,episodic_expanded_left,functional_connectivity,Fisher-z difference,-1.2537802655000938,-1.3751302068653215,0.1213499413652277
main_full_field,full_field,High AD-like perturbation,1.0,107,5Hz,60.0,0.02,0.5,expanded_left_only,semantic_expanded_left,episodic_expanded_left,functional_connectivity,Fisher-z difference,-1.2287542949230663,-1.3711964460996193,0.142442151176553
main_full_field,full_field,High AD-like perturbation,1.0,127,5Hz,60.0,0.02,0.5,expanded_left_only,semantic_expanded_left,episodic_expanded_left,functional_connectivity,Fisher-z difference,-1.2783601147164267,-1.357484632862803,0.07912451814637622
main_full_field,full_field,High AD-like perturbation,1.0,149,5Hz,60.0,0.02,0.5,expanded_left_only,semantic_expanded_left,episodic_expanded_left,functional_connectivity,Fisher-z difference,-1.2524309536367746,-1.367892175274597,0.11546122163782235
main_full_field,full_field,High AD-like perturbation,1.0,173,5Hz,60.0,0.02,0.5,expanded_left_only,semantic_expanded_left,episodic_expanded_left,functional_connectivity,Fisher-z difference,-1.269396651703735,-1.3727073882519112,0.10331073654817624
main_full_field,full_field,High AD-like perturbation,1.0,197,5Hz,60.0,0.02,0.5,expanded_left_only,semantic_expanded_left,episodic_expanded_left,functional_connectivity,Fisher-z difference,-1.2873301983020762,-1.3665712837835857,0.07924108548150954
main_full_field,full_field,High AD-like perturbation,1.0,223,5Hz,60.0,0.02,0.5,expanded_left_only,semantic_expanded_left,episodic_expanded_left,functional_connectivity,Fisher-z difference,-1.2515789462291866,-1.2893934923345334,0.037814546105346736
main_full_field,full_field,High AD-like perturbation,1.0,251,5Hz,60.0,0.02,0.5,expanded_left_only,semantic_expanded_left,episodic_expanded_left,functional_connectivity,Fisher-z difference,-1.2707441081676312,-1.3618390924619292,0.09109498429429808
main_full_field,full_field,High AD-like perturbation,1.0,281,5Hz,60.0,0.02,0.5,expanded_left_only,semantic_expanded_left,episodic_expanded_left,functional_connectivity,Fisher-z difference,-1.2637795562469423,-1.3725829894015376,0.10880343315459529
main_full_field,full_field,High AD-like perturbation,1.0,313,5Hz,60.0,0.02,0.5,expanded_left_only,semantic_expanded_left,episodic_expanded_left,functional_connectivity,Fisher-z difference,-1.2439614400557062,-1.3635324947903353,0.11957105473462915
main_full_field,full_field,High AD-like perturbation,1.0,347,5Hz,60.0,0.02,0.5,expanded_left_only,semantic_expanded_left,episodic_expanded_left,functional_connectivity,Fisher-z difference,-1.2373495326179902,-1.3702070246757103,0.13285749205772013
main_full_field,full_field,High AD-like perturbation,1.0,383,5Hz,60.0,0.02,0.5,expanded_left_only,semantic_expanded_left,episodic_expanded_left,functional_connectivity,Fisher-z difference,-1.2455149269815602,-1.360887561139288,0.11537263415772792
main_full_field,full_field,High AD-like perturbation,1.0,421,5Hz,60.0,0.02,0.5,expanded_left_only,semantic_expanded_left,episodic_expanded_left,functional_connectivity,Fisher-z difference,-1.2506517361957656,-1.3520460450620277,0.1013943088662621
main_full_field,full_field,High AD-like perturbation,1.0,461,5Hz,60.0,0.02,0.5,expanded_left_only,semantic_expanded_left,episodic_expanded_left,functional_connectivity,Fisher-z difference,-1.2343747066496493,-1.3641311863575627,0.12975647970791337
main_full_field,full_field,High AD-like perturbation,1.0,503,5Hz,60.0,0.02,0.5,expanded_left_only,semantic_expanded_left,episodic_expanded_left,functional_connectivity,Fisher-z difference,-1.2594657238330773,-1.3631600858671828,0.10369436203410554
main_full_field,full_field,Intermediate AD-like perturbation,0.5,11,5Hz,60.0,0.02,0.5,expanded_left_only,semantic_expanded_left,episodic_expanded_left,functional_connectivity,Fisher-z difference,-1.2001601265453392,-1.2880452039478574,0.08788507740251816
main_full_field,full_field,Intermediate AD-like perturbation,0.5,23,5Hz,60.0,0.02,0.5,expanded_left_only,semantic_expanded_left,episodic_expanded_left,functional_connectivity,Fisher-z difference,-1.1993336565263502,-1.2542630531565075,0.05492939663015739
main_full_field,full_field,Intermediate AD-like perturbation,0.5,37,5Hz,60.0,0.02,0.5,expanded_left_only,semantic_expanded_left,episodic_expanded_left,functional_connectivity,Fisher-z difference,-1.258947905711061,-1.375212364125013,0.11626445841395183
main_full_field,full_field,Intermediate AD-like perturbation,0.5,53,5Hz,60.0,0.02,0.5,expanded_left_only,semantic_expanded_left,episodic_expanded_left,functional_connectivity,Fisher-z difference,-1.2651857403808568,-1.3891436797679377,0.12395793938708088
main_full_field,full_field,Intermediate AD-like perturbation,0.5,71,5Hz,60.0,0.02,0.5,expanded_left_only,semantic_expanded_left,episodic_expanded_left,functional_connectivity,Fisher-z difference,-1.2498303195141809,-1.3479719539492225,0.09814163443504165
main_full_field,full_field,Intermediate AD-like perturbation,0.5,89,5Hz,60.0,0.02,0.5,expanded_left_only,semantic_expanded_left,episodic_expanded_left,functional_connectivity,Fisher-z difference,-1.285131014196486,-1.4119993037433285,0.12686828954684248
main_full_field,full_field,Intermediate AD-like perturbation,0.5,107,5Hz,60.0,0.02,0.5,expanded_left_only,semantic_expanded_left,episodic_expanded_left,functional_connectivity,Fisher-z difference,-1.2076278930255153,-1.2955427601435017,0.08791486711798635
main_full_field,full_field,Intermediate AD-like perturbation,0.5,127,5Hz,60.0,0.02,0.5,expanded_left_only,semantic_expanded_left,episodic_expanded_left,functional_connectivity,Fisher-z difference,-1.2465328323474574,-1.355644058004094,0.10911122565663667
main_full_field,full_field,Intermediate AD-like perturbation,0.5,149,5Hz,60.0,0.02,0.5,expanded_left_only,semantic_expanded_left,episodic_expanded_left,functional_connectivity,Fisher-z difference,-1.2193958707541375,-1.2971117108000203,0.07771584004588283
main_full_field,full_field,Intermediate AD-like perturbation,0.5,173,5Hz,60.0,0.02,0.5,expanded_left_only,semantic_expanded_left,episodic_expanded_left,functional_connectivity,Fisher-z difference,-1.1463200377513176,-1.2253377646115313,0.07901772686021369
main_full_field,full_field,Intermediate AD-like perturbation,0.5,197,5Hz,60.0,0.02,0.5,expanded_left_only,semantic_expanded_left,episodic_expanded_left,functional_connectivity,Fisher-z difference,-1.2781757152882545,-1.396443727425812,0.11826801213755744
main_full_field,full_field,Intermediate AD-like perturbation,0.5,223,5Hz,60.0,0.02,0.5,expanded_left_only,semantic_expanded_left,episodic_expanded_left,functional_connectivity,Fisher-z difference,-1.167910305970104,-1.2398602458793624,0.07194993990925846
main_full_field,full_field,Intermediate AD-like perturbation,0.5,251,5Hz,60.0,0.02,0.5,expanded_left_only,semantic_expanded_left,episodic_expanded_left,functional_connectivity,Fisher-z difference,-1.1829205827376421,-1.2511288923095574,0.06820830957191526
main_full_field,full_field,Intermediate AD-like perturbation,0.5,281,5Hz,60.0,0.02,0.5,expanded_left_only,semantic_expanded_left,episodic_expanded_left,functional_connectivity,Fisher-z difference,-1.1851173374090647,-1.2541681703059024,0.06905083289683778
main_full_field,full_field,Intermediate AD-like perturbation,0.5,313,5Hz,60.0,0.02,0.5,expanded_left_only,semantic_expanded_left,episodic_expanded_left,functional_connectivity,Fisher-z difference,-1.1313781327070418,-1.1829708008384636,0.051592668131421826
main_full_field,full_field,Intermediate AD-like perturbation,0.5,347,5Hz,60.0,0.02,0.5,expanded_left_only,semantic_expanded_left,episodic_expanded_left,functional_connectivity,Fisher-z difference,-1.2487984319200682,-1.3454702719199512,0.09667183999988294
main_full_field,full_field,Intermediate AD-like perturbation,0.5,383,5Hz,60.0,0.02,0.5,expanded_left_only,semantic_expanded_left,episodic_expanded_left,functional_connectivity,Fisher-z difference,-1.1841848814392668,-1.2962571976665278,0.11207231622726099
main_full_field,full_field,Intermediate AD-like perturbation,0.5,421,5Hz,60.0,0.02,0.5,expanded_left_only,semantic_expanded_left,episodic_expanded_left,functional_connectivity,Fisher-z difference,-1.264177041287436,-1.3997709674258179,0.13559392613838184
main_full_field,full_field,Intermediate AD-like perturbation,0.5,461,5Hz,60.0,0.02,0.5,expanded_left_only,semantic_expanded_left,episodic_expanded_left,functional_connectivity,Fisher-z difference,-0.9473643932056826,-0.7972256693043687,-0.1501387239013139
main_full_field,full_field,Intermediate AD-like perturbation,0.5,503,5Hz,60.0,0.02,0.5,expanded_left_only,semantic_expanded_left,episodic_expanded_left,functional_connectivity,Fisher-z difference,-1.2102355813232124,-1.2968886110419002,0.08665302971868782
main_full_field,full_field,Baseline,0.0,11,pulse,60.0,0.02,0.5,expanded_left_only,semantic_expanded_left,episodic_expanded_left,response_latency,ms,0.0,0.0,0.0
main_full_field,full_field,Baseline,0.0,23,pulse,60.0,0.02,0.5,expanded_left_only,semantic_expanded_left,episodic_expanded_left,response_latency,ms,0.0,0.0,0.0
main_full_field,full_field,Baseline,0.0,37,pulse,60.0,0.02,0.5,expanded_left_only,semantic_expanded_left,episodic_expanded_left,response_latency,ms,0.0,0.0,0.0
main_full_field,full_field,Baseline,0.0,53,pulse,60.0,0.02,0.5,expanded_left_only,semantic_expanded_left,episodic_expanded_left,response_latency,ms,0.0,0.0,0.0
main_full_field,full_field,Baseline,0.0,71,pulse,60.0,0.02,0.5,expanded_left_only,semantic_expanded_left,episodic_expanded_left,response_latency,ms,0.0,0.0,0.0
main_full_field,full_field,Baseline,0.0,89,pulse,60.0,0.02,0.5,expanded_left_only,semantic_expanded_left,episodic_expanded_left,response_latency,ms,0.0,0.0,0.0
main_full_field,full_field,Baseline,0.0,107,pulse,60.0,0.02,0.5,expanded_left_only,semantic_expanded_left,episodic_expanded_left,response_latency,ms,0.0,0.0,0.0
main_full_field,full_field,Baseline,0.0,127,pulse,60.0,0.02,0.5,expanded_left_only,semantic_expanded_left,episodic_expanded_left,response_latency,ms,0.0,0.0,0.0
main_full_field,full_field,Baseline,0.0,149,pulse,60.0,0.02,0.5,expanded_left_only,semantic_expanded_left,episodic_expanded_left,response_latency,ms,0.0,0.0,0.0
main_full_field,full_field,Baseline,0.0,173,pulse,60.0,0.02,0.5,expanded_left_only,semantic_expanded_left,episodic_expanded_left,response_latency,ms,0.0,0.0,0.0
main_full_field,full_field,Baseline,0.0,197,pulse,60.0,0.02,0.5,expanded_left_only,semantic_expanded_left,episodic_expanded_left,response_latency,ms,0.0,0.0,0.0
main_full_field,full_field,Baseline,0.0,223,pulse,60.0,0.02,0.5,expanded_left_only,semantic_expanded_left,episodic_expanded_left,response_latency,ms,0.0,0.0,0.0
main_full_field,full_field,Baseline,0.0,251,pulse,60.0,0.02,0.5,expanded_left_only,semantic_expanded_left,episodic_expanded_left,response_latency,ms,0.0,0.0,0.0
main_full_field,full_field,Baseline,0.0,281,pulse,60.0,0.02,0.5,expanded_left_only,semantic_expanded_left,episodic_expanded_left,response_latency,ms,0.0,0.0,0.0
main_full_field,full_field,Baseline,0.0,313,pulse,60.0,0.02,0.5,expanded_left_only,semantic_expanded_left,episodic_expanded_left,response_latency,ms,0.0,0.0,0.0
main_full_field,full_field,Baseline,0.0,347,pulse,60.0,0.02,0.5,expanded_left_only,semantic_expanded_left,episodic_expanded_left,response_latency,ms,0.0,0.0,0.0
main_full_field,full_field,Baseline,0.0,383,pulse,60.0,0.02,0.5,expanded_left_only,semantic_expanded_left,episodic_expanded_left,response_latency,ms,0.0,0.0,0.0
main_full_field,full_field,Baseline,0.0,421,pulse,60.0,0.02,0.5,expanded_left_only,semantic_expanded_left,episodic_expanded_left,response_latency,ms,0.0,0.0,0.0
main_full_field,full_field,Baseline,0.0,461,pulse,60.0,0.02,0.5,expanded_left_only,semantic_expanded_left,episodic_expanded_left,response_latency,ms,0.0,0.0,0.0
main_full_field,full_field,Baseline,0.0,503,pulse,60.0,0.02,0.5,expanded_left_only,semantic_expanded_left,episodic_expanded_left,response_latency,ms,0.0,0.0,0.0
main_full_field,full_field,High AD-like perturbation,1.0,11,pulse,60.0,0.02,0.5,expanded_left_only,semantic_expanded_left,episodic_expanded_left,response_latency,ms,230.0,339.0,-109.0
main_full_field,full_field,High AD-like perturbation,1.0,23,pulse,60.0,0.02,0.5,expanded_left_only,semantic_expanded_left,episodic_expanded_left,response_latency,ms,308.0,285.0,23.0
main_full_field,full_field,High AD-like perturbation,1.0,37,pulse,60.0,0.02,0.5,expanded_left_only,semantic_expanded_left,episodic_expanded_left,response_latency,ms,368.0,369.0,-1.0
main_full_field,full_field,High AD-like perturbation,1.0,53,pulse,60.0,0.02,0.5,expanded_left_only,semantic_expanded_left,episodic_expanded_left,response_latency,ms,174.0,148.0,26.0
main_full_field,full_field,High AD-like perturbation,1.0,71,pulse,60.0,0.02,0.5,expanded_left_only,semantic_expanded_left,episodic_expanded_left,response_latency,ms,324.0,234.0,90.0
main_full_field,full_field,High AD-like perturbation,1.0,89,pulse,60.0,0.02,0.5,expanded_left_only,semantic_expanded_left,episodic_expanded_left,response_latency,ms,176.0,190.0,-14.0
main_full_field,full_field,High AD-like perturbation,1.0,107,pulse,60.0,0.02,0.5,expanded_left_only,semantic_expanded_left,episodic_expanded_left,response_latency,ms,319.0,301.0,18.0
main_full_field,full_field,High AD-like perturbation,1.0,127,pulse,60.0,0.02,0.5,expanded_left_only,semantic_expanded_left,episodic_expanded_left,response_latency,ms,315.0,238.0,77.0
main_full_field,full_field,High AD-like perturbation,1.0,149,pulse,60.0,0.02,0.5,expanded_left_only,semantic_expanded_left,episodic_expanded_left,response_latency,ms,320.0,152.0,168.0
main_full_field,full_field,High AD-like perturbation,1.0,173,pulse,60.0,0.02,0.5,expanded_left_only,semantic_expanded_left,episodic_expanded_left,response_latency,ms,304.0,230.0,74.0
main_full_field,full_field,High AD-like perturbation,1.0,197,pulse,60.0,0.02,0.5,expanded_left_only,semantic_expanded_left,episodic_expanded_left,response_latency,ms,298.0,306.0,-8.0
main_full_field,full_field,High AD-like perturbation,1.0,223,pulse,60.0,0.02,0.5,expanded_left_only,semantic_expanded_left,episodic_expanded_left,response_latency,ms,321.0,284.0,37.0
main_full_field,full_field,High AD-like perturbation,1.0,251,pulse,60.0,0.02,0.5,expanded_left_only,semantic_expanded_left,episodic_expanded_left,response_latency,ms,202.0,273.0,-71.0
main_full_field,full_field,High AD-like perturbation,1.0,281,pulse,60.0,0.02,0.5,expanded_left_only,semantic_expanded_left,episodic_expanded_left,response_latency,ms,536.0,456.0,80.0
main_full_field,full_field,High AD-like perturbation,1.0,313,pulse,60.0,0.02,0.5,expanded_left_only,semantic_expanded_left,episodic_expanded_left,response_latency,ms,308.0,277.0,31.0
main_full_field,full_field,High AD-like perturbation,1.0,347,pulse,60.0,0.02,0.5,expanded_left_only,semantic_expanded_left,episodic_expanded_left,response_latency,ms,188.0,182.0,6.0
main_full_field,full_field,High AD-like perturbation,1.0,383,pulse,60.0,0.02,0.5,expanded_left_only,semantic_expanded_left,episodic_expanded_left,response_latency,ms,178.0,198.0,-20.0
main_full_field,full_field,High AD-like perturbation,1.0,421,pulse,60.0,0.02,0.5,expanded_left_only,semantic_expanded_left,episodic_expanded_left,response_latency,ms,294.0,152.0,142.0
main_full_field,full_field,High AD-like perturbation,1.0,461,pulse,60.0,0.02,0.5,expanded_left_only,semantic_expanded_left,episodic_expanded_left,response_latency,ms,336.0,224.0,112.0
main_full_field,full_field,High AD-like perturbation,1.0,503,pulse,60.0,0.02,0.5,expanded_left_only,semantic_expanded_left,episodic_expanded_left,response_latency,ms,355.0,280.0,75.0
main_full_field,full_field,Intermediate AD-like perturbation,0.5,11,pulse,60.0,0.02,0.5,expanded_left_only,semantic_expanded_left,episodic_expanded_left,response_latency,ms,2436.0,,
main_full_field,full_field,Intermediate AD-like perturbation,0.5,23,pulse,60.0,0.02,0.5,expanded_left_only,semantic_expanded_left,episodic_expanded_left,response_latency,ms,180.0,52.0,128.0
main_full_field,full_field,Intermediate AD-like perturbation,0.5,37,pulse,60.0,0.02,0.5,expanded_left_only,semantic_expanded_left,episodic_expanded_left,response_latency,ms,1658.0,1682.0,-24.0
main_full_field,full_field,Intermediate AD-like perturbation,0.5,53,pulse,60.0,0.02,0.5,expanded_left_only,semantic_expanded_left,episodic_expanded_left,response_latency,ms,72.0,-37.0,109.0
main_full_field,full_field,Intermediate AD-like perturbation,0.5,71,pulse,60.0,0.02,0.5,expanded_left_only,semantic_expanded_left,episodic_expanded_left,response_latency,ms,2498.0,2545.0,-47.0
main_full_field,full_field,Intermediate AD-like perturbation,0.5,89,pulse,60.0,0.02,0.5,expanded_left_only,semantic_expanded_left,episodic_expanded_left,response_latency,ms,170.0,-36.0,206.0
main_full_field,full_field,Intermediate AD-like perturbation,0.5,107,pulse,60.0,0.02,0.5,expanded_left_only,semantic_expanded_left,episodic_expanded_left,response_latency,ms,2684.0,,
main_full_field,full_field,Intermediate AD-like perturbation,0.5,127,pulse,60.0,0.02,0.5,expanded_left_only,semantic_expanded_left,episodic_expanded_left,response_latency,ms,646.0,92.0,554.0
main_full_field,full_field,Intermediate AD-like perturbation,0.5,149,pulse,60.0,0.02,0.5,expanded_left_only,semantic_expanded_left,episodic_expanded_left,response_latency,ms,42.0,-16.0,58.0
main_full_field,full_field,Intermediate AD-like perturbation,0.5,173,pulse,60.0,0.02,0.5,expanded_left_only,semantic_expanded_left,episodic_expanded_left,response_latency,ms,,,
main_full_field,full_field,Intermediate AD-like perturbation,0.5,197,pulse,60.0,0.02,0.5,expanded_left_only,semantic_expanded_left,episodic_expanded_left,response_latency,ms,1850.0,1821.0,29.0
main_full_field,full_field,Intermediate AD-like perturbation,0.5,223,pulse,60.0,0.02,0.5,expanded_left_only,semantic_expanded_left,episodic_expanded_left,response_latency,ms,2643.0,2703.0,-60.0
main_full_field,full_field,Intermediate AD-like perturbation,0.5,251,pulse,60.0,0.02,0.5,expanded_left_only,semantic_expanded_left,episodic_expanded_left,response_latency,ms,2586.0,,
main_full_field,full_field,Intermediate AD-like perturbation,0.5,281,pulse,60.0,0.02,0.5,expanded_left_only,semantic_expanded_left,episodic_expanded_left,response_latency,ms,174.0,-32.0,206.0
main_full_field,full_field,Intermediate AD-like perturbation,0.5,313,pulse,60.0,0.02,0.5,expanded_left_only,semantic_expanded_left,episodic_expanded_left,response_latency,ms,242.0,-9.0,251.0
main_full_field,full_field,Intermediate AD-like perturbation,0.5,347,pulse,60.0,0.02,0.5,expanded_left_only,semantic_expanded_left,episodic_expanded_left,response_latency,ms,202.0,-25.0,227.0
main_full_field,full_field,Intermediate AD-like perturbation,0.5,383,pulse,60.0,0.02,0.5,expanded_left_only,semantic_expanded_left,episodic_expanded_left,response_latency,ms,174.0,-29.0,203.0
main_full_field,full_field,Intermediate AD-like perturbation,0.5,421,pulse,60.0,0.02,0.5,expanded_left_only,semantic_expanded_left,episodic_expanded_left,response_latency,ms,80.0,-35.0,115.0
main_full_field,full_field,Intermediate AD-like perturbation,0.5,461,pulse,60.0,0.02,0.5,expanded_left_only,semantic_expanded_left,episodic_expanded_left,response_latency,ms,,,
main_full_field,full_field,Intermediate AD-like perturbation,0.5,503,pulse,60.0,0.02,0.5,expanded_left_only,semantic_expanded_left,episodic_expanded_left,response_latency,ms,172.0,-36.0,208.0
main_full_field,full_field,Baseline,0.0,11,2Hz,60.0,0.02,0.5,expanded_right_only,semantic_expanded_right,episodic_expanded_right,transfer_gain,log2 ratio,0.0,0.0,0.0
main_full_field,full_field,Baseline,0.0,23,2Hz,60.0,0.02,0.5,expanded_right_only,semantic_expanded_right,episodic_expanded_right,transfer_gain,log2 ratio,0.0,0.0,0.0
main_full_field,full_field,Baseline,0.0,37,2Hz,60.0,0.02,0.5,expanded_right_only,semantic_expanded_right,episodic_expanded_right,transfer_gain,log2 ratio,0.0,0.0,0.0
main_full_field,full_field,Baseline,0.0,53,2Hz,60.0,0.02,0.5,expanded_right_only,semantic_expanded_right,episodic_expanded_right,transfer_gain,log2 ratio,0.0,0.0,0.0
main_full_field,full_field,Baseline,0.0,71,2Hz,60.0,0.02,0.5,expanded_right_only,semantic_expanded_right,episodic_expanded_right,transfer_gain,log2 ratio,0.0,0.0,0.0
main_full_field,full_field,Baseline,0.0,89,2Hz,60.0,0.02,0.5,expanded_right_only,semantic_expanded_right,episodic_expanded_right,transfer_gain,log2 ratio,0.0,0.0,0.0
main_full_field,full_field,Baseline,0.0,107,2Hz,60.0,0.02,0.5,expanded_right_only,semantic_expanded_right,episodic_expanded_right,transfer_gain,log2 ratio,0.0,0.0,0.0
main_full_field,full_field,Baseline,0.0,127,2Hz,60.0,0.02,0.5,expanded_right_only,semantic_expanded_right,episodic_expanded_right,transfer_gain,log2 ratio,0.0,0.0,0.0
main_full_field,full_field,Baseline,0.0,149,2Hz,60.0,0.02,0.5,expanded_right_only,semantic_expanded_right,episodic_expanded_right,transfer_gain,log2 ratio,0.0,0.0,0.0
main_full_field,full_field,Baseline,0.0,173,2Hz,60.0,0.02,0.5,expanded_right_only,semantic_expanded_right,episodic_expanded_right,transfer_gain,log2 ratio,0.0,0.0,0.0
main_full_field,full_field,Baseline,0.0,197,2Hz,60.0,0.02,0.5,expanded_right_only,semantic_expanded_right,episodic_expanded_right,transfer_gain,log2 ratio,0.0,0.0,0.0
main_full_field,full_field,Baseline,0.0,223,2Hz,60.0,0.02,0.5,expanded_right_only,semantic_expanded_right,episodic_expanded_right,transfer_gain,log2 ratio,0.0,0.0,0.0
main_full_field,full_field,Baseline,0.0,251,2Hz,60.0,0.02,0.5,expanded_right_only,semantic_expanded_right,episodic_expanded_right,transfer_gain,log2 ratio,0.0,0.0,0.0
main_full_field,full_field,Baseline,0.0,281,2Hz,60.0,0.02,0.5,expanded_right_only,semantic_expanded_right,episodic_expanded_right,transfer_gain,log2 ratio,0.0,0.0,0.0
main_full_field,full_field,Baseline,0.0,313,2Hz,60.0,0.02,0.5,expanded_right_only,semantic_expanded_right,episodic_expanded_right,transfer_gain,log2 ratio,0.0,0.0,0.0
main_full_field,full_field,Baseline,0.0,347,2Hz,60.0,0.02,0.5,expanded_right_only,semantic_expanded_right,episodic_expanded_right,transfer_gain,log2 ratio,0.0,0.0,0.0
main_full_field,full_field,Baseline,0.0,383,2Hz,60.0,0.02,0.5,expanded_right_only,semantic_expanded_right,episodic_expanded_right,transfer_gain,log2 ratio,0.0,0.0,0.0
main_full_field,full_field,Baseline,0.0,421,2Hz,60.0,0.02,0.5,expanded_right_only,semantic_expanded_right,episodic_expanded_right,transfer_gain,log2 ratio,0.0,0.0,0.0
main_full_field,full_field,Baseline,0.0,461,2Hz,60.0,0.02,0.5,expanded_right_only,semantic_expanded_right,episodic_expanded_right,transfer_gain,log2 ratio,0.0,0.0,0.0
main_full_field,full_field,Baseline,0.0,503,2Hz,60.0,0.02,0.5,expanded_right_only,semantic_expanded_right,episodic_expanded_right,transfer_gain,log2 ratio,0.0,0.0,0.0
main_full_field,full_field,High AD-like perturbation,1.0,11,2Hz,60.0,0.02,0.5,expanded_right_only,semantic_expanded_right,episodic_expanded_right,transfer_gain,log2 ratio,10.336407509999095,6.282096278489309,4.054311231509786
main_full_field,full_field,High AD-like perturbation,1.0,23,2Hz,60.0,0.02,0.5,expanded_right_only,semantic_expanded_right,episodic_expanded_right,transfer_gain,log2 ratio,10.319570899320366,6.781411668484757,3.5381592308356096
main_full_field,full_field,High AD-like perturbation,1.0,37,2Hz,60.0,0.02,0.5,expanded_right_only,semantic_expanded_right,episodic_expanded_right,transfer_gain,log2 ratio,10.347955111007028,7.280298339061808,3.06765677194522
main_full_field,full_field,High AD-like perturbation,1.0,53,2Hz,60.0,0.02,0.5,expanded_right_only,semantic_expanded_right,episodic_expanded_right,transfer_gain,log2 ratio,10.404097495787171,8.024789822468069,2.3793076733191025
main_full_field,full_field,High AD-like perturbation,1.0,71,2Hz,60.0,0.02,0.5,expanded_right_only,semantic_expanded_right,episodic_expanded_right,transfer_gain,log2 ratio,10.377540335140791,7.702632591145036,2.674907743995755
main_full_field,full_field,High AD-like perturbation,1.0,89,2Hz,60.0,0.02,0.5,expanded_right_only,semantic_expanded_right,episodic_expanded_right,transfer_gain,log2 ratio,10.397519485368571,6.6720277427021895,3.7254917426663816
main_full_field,full_field,High AD-like perturbation,1.0,107,2Hz,60.0,0.02,0.5,expanded_right_only,semantic_expanded_right,episodic_expanded_right,transfer_gain,log2 ratio,10.378844556523635,6.936797766957134,3.4420467895665015
main_full_field,full_field,High AD-like perturbation,1.0,127,2Hz,60.0,0.02,0.5,expanded_right_only,semantic_expanded_right,episodic_expanded_right,transfer_gain,log2 ratio,10.36975829839035,7.860316039806766,2.509442258583584
main_full_field,full_field,High AD-like perturbation,1.0,149,2Hz,60.0,0.02,0.5,expanded_right_only,semantic_expanded_right,episodic_expanded_right,transfer_gain,log2 ratio,10.347630869191816,7.505849390320919,2.841781478870897
main_full_field,full_field,High AD-like perturbation,1.0,173,2Hz,60.0,0.02,0.5,expanded_right_only,semantic_expanded_right,episodic_expanded_right,transfer_gain,log2 ratio,10.14649090485438,7.251095208712882,2.895395696141498
main_full_field,full_field,High AD-like perturbation,1.0,197,2Hz,60.0,0.02,0.5,expanded_right_only,semantic_expanded_right,episodic_expanded_right,transfer_gain,log2 ratio,10.344506781693774,6.948635133681401,3.3958716480123723
main_full_field,full_field,High AD-like perturbation,1.0,223,2Hz,60.0,0.02,0.5,expanded_right_only,semantic_expanded_right,episodic_expanded_right,transfer_gain,log2 ratio,10.568528924971455,8.527150496395041,2.0413784285764134
main_full_field,full_field,High AD-like perturbation,1.0,251,2Hz,60.0,0.02,0.5,expanded_right_only,semantic_expanded_right,episodic_expanded_right,transfer_gain,log2 ratio,10.330993009913534,6.861327897696064,3.46966511221747
main_full_field,full_field,High AD-like perturbation,1.0,281,2Hz,60.0,0.02,0.5,expanded_right_only,semantic_expanded_right,episodic_expanded_right,transfer_gain,log2 ratio,10.381441238499315,6.741622229399054,3.639819009100261
main_full_field,full_field,High AD-like perturbation,1.0,313,2Hz,60.0,0.02,0.5,expanded_right_only,semantic_expanded_right,episodic_expanded_right,transfer_gain,log2 ratio,10.316888355880566,7.090525791378993,3.2263625645015734
main_full_field,full_field,High AD-like perturbation,1.0,347,2Hz,60.0,0.02,0.5,expanded_right_only,semantic_expanded_right,episodic_expanded_right,transfer_gain,log2 ratio,10.3670028032568,6.60571257240374,3.761290230853059
main_full_field,full_field,High AD-like perturbation,1.0,383,2Hz,60.0,0.02,0.5,expanded_right_only,semantic_expanded_right,episodic_expanded_right,transfer_gain,log2 ratio,10.275875232715629,6.815698202286736,3.460177030428893
main_full_field,full_field,High AD-like perturbation,1.0,421,2Hz,60.0,0.02,0.5,expanded_right_only,semantic_expanded_right,episodic_expanded_right,transfer_gain,log2 ratio,10.456846449740823,7.3918090078954,3.0650374418454227
main_full_field,full_field,High AD-like perturbation,1.0,461,2Hz,60.0,0.02,0.5,expanded_right_only,semantic_expanded_right,episodic_expanded_right,transfer_gain,log2 ratio,10.173273513069834,7.386639167167151,2.7866343459026828
main_full_field,full_field,High AD-like perturbation,1.0,503,2Hz,60.0,0.02,0.5,expanded_right_only,semantic_expanded_right,episodic_expanded_right,transfer_gain,log2 ratio,10.372467185499056,6.226137890470139,4.1463292950289174
main_full_field,full_field,Intermediate AD-like perturbation,0.5,11,2Hz,60.0,0.02,0.5,expanded_right_only,semantic_expanded_right,episodic_expanded_right,transfer_gain,log2 ratio,10.042281202976964,10.203326282896027,-0.16104507991906303
main_full_field,full_field,Intermediate AD-like perturbation,0.5,23,2Hz,60.0,0.02,0.5,expanded_right_only,semantic_expanded_right,episodic_expanded_right,transfer_gain,log2 ratio,8.919134925870349,8.811076026385955,0.10805889948439429
main_full_field,full_field,Intermediate AD-like perturbation,0.5,37,2Hz,60.0,0.02,0.5,expanded_right_only,semantic_expanded_right,episodic_expanded_right,transfer_gain,log2 ratio,5.317383624416424,6.734947803351735,-1.4175641789353115
main_full_field,full_field,Intermediate AD-like perturbation,0.5,53,2Hz,60.0,0.02,0.5,expanded_right_only,semantic_expanded_right,episodic_expanded_right,transfer_gain,log2 ratio,10.486453804566969,9.368275191489086,1.1181786130778821
main_full_field,full_field,Intermediate AD-like perturbation,0.5,71,2Hz,60.0,0.02,0.5,expanded_right_only,semantic_expanded_right,episodic_expanded_right,transfer_gain,log2 ratio,10.937632250503855,9.654822820741336,1.2828094297625192
main_full_field,full_field,Intermediate AD-like perturbation,0.5,89,2Hz,60.0,0.02,0.5,expanded_right_only,semantic_expanded_right,episodic_expanded_right,transfer_gain,log2 ratio,9.687678053726835,9.086835925150496,0.600842128576339
main_full_field,full_field,Intermediate AD-like perturbation,0.5,107,2Hz,60.0,0.02,0.5,expanded_right_only,semantic_expanded_right,episodic_expanded_right,transfer_gain,log2 ratio,7.761530636084214,9.193504111320324,-1.4319734752361102
main_full_field,full_field,Intermediate AD-like perturbation,0.5,127,2Hz,60.0,0.02,0.5,expanded_right_only,semantic_expanded_right,episodic_expanded_right,transfer_gain,log2 ratio,7.348385562603873,8.137847587617593,-0.7894620250137194
main_full_field,full_field,Intermediate AD-like perturbation,0.5,149,2Hz,60.0,0.02,0.5,expanded_right_only,semantic_expanded_right,episodic_expanded_right,transfer_gain,log2 ratio,9.074767888211431,7.994416253243185,1.0803516349682463
main_full_field,full_field,Intermediate AD-like perturbation,0.5,173,2Hz,60.0,0.02,0.5,expanded_right_only,semantic_expanded_right,episodic_expanded_right,transfer_gain,log2 ratio,10.64611253747398,9.823333881506699,0.8227786559672818
main_full_field,full_field,Intermediate AD-like perturbation,0.5,197,2Hz,60.0,0.02,0.5,expanded_right_only,semantic_expanded_right,episodic_expanded_right,transfer_gain,log2 ratio,11.718177415044634,10.499891841264782,1.218285573779852
main_full_field,full_field,Intermediate AD-like perturbation,0.5,223,2Hz,60.0,0.02,0.5,expanded_right_only,semantic_expanded_right,episodic_expanded_right,transfer_gain,log2 ratio,10.481518029315547,9.75759221677038,0.7239258125451666
main_full_field,full_field,Intermediate AD-like perturbation,0.5,251,2Hz,60.0,0.02,0.5,expanded_right_only,semantic_expanded_right,episodic_expanded_right,transfer_gain,log2 ratio,7.973366427216648,9.067469012060508,-1.09410258484386
main_full_field,full_field,Intermediate AD-like perturbation,0.5,281,2Hz,60.0,0.02,0.5,expanded_right_only,semantic_expanded_right,episodic_expanded_right,transfer_gain,log2 ratio,10.633905262088353,8.919784572470597,1.714120689617756
main_full_field,full_field,Intermediate AD-like perturbation,0.5,313,2Hz,60.0,0.02,0.5,expanded_right_only,semantic_expanded_right,episodic_expanded_right,transfer_gain,log2 ratio,11.472639189538537,9.58144406984284,1.8911951196956966
main_full_field,full_field,Intermediate AD-like perturbation,0.5,347,2Hz,60.0,0.02,0.5,expanded_right_only,semantic_expanded_right,episodic_expanded_right,transfer_gain,log2 ratio,7.177323365743823,8.392010639406939,-1.2146872736631158
main_full_field,full_field,Intermediate AD-like perturbation,0.5,383,2Hz,60.0,0.02,0.5,expanded_right_only,semantic_expanded_right,episodic_expanded_right,transfer_gain,log2 ratio,9.247975665273048,9.613454011278563,-0.3654783460055153
main_full_field,full_field,Intermediate AD-like perturbation,0.5,421,2Hz,60.0,0.02,0.5,expanded_right_only,semantic_expanded_right,episodic_expanded_right,transfer_gain,log2 ratio,7.725720782698208,8.040009761240686,-0.3142889785424776
main_full_field,full_field,Intermediate AD-like perturbation,0.5,461,2Hz,60.0,0.02,0.5,expanded_right_only,semantic_expanded_right,episodic_expanded_right,transfer_gain,log2 ratio,9.539718523986771,9.064030055293907,0.47568846869286396
main_full_field,full_field,Intermediate AD-like perturbation,0.5,503,2Hz,60.0,0.02,0.5,expanded_right_only,semantic_expanded_right,episodic_expanded_right,transfer_gain,log2 ratio,8.619850220745036,7.7583923847687135,0.8614578359763225
main_full_field,full_field,Baseline,0.0,11,5Hz,60.0,0.02,0.5,expanded_right_only,semantic_expanded_right,episodic_expanded_right,transfer_gain,log2 ratio,0.0,0.0,0.0
main_full_field,full_field,Baseline,0.0,23,5Hz,60.0,0.02,0.5,expanded_right_only,semantic_expanded_right,episodic_expanded_right,transfer_gain,log2 ratio,0.0,0.0,0.0
main_full_field,full_field,Baseline,0.0,37,5Hz,60.0,0.02,0.5,expanded_right_only,semantic_expanded_right,episodic_expanded_right,transfer_gain,log2 ratio,0.0,0.0,0.0
main_full_field,full_field,Baseline,0.0,53,5Hz,60.0,0.02,0.5,expanded_right_only,semantic_expanded_right,episodic_expanded_right,transfer_gain,log2 ratio,0.0,0.0,0.0
main_full_field,full_field,Baseline,0.0,71,5Hz,60.0,0.02,0.5,expanded_right_only,semantic_expanded_right,episodic_expanded_right,transfer_gain,log2 ratio,0.0,0.0,0.0
main_full_field,full_field,Baseline,0.0,89,5Hz,60.0,0.02,0.5,expanded_right_only,semantic_expanded_right,episodic_expanded_right,transfer_gain,log2 ratio,0.0,0.0,0.0
main_full_field,full_field,Baseline,0.0,107,5Hz,60.0,0.02,0.5,expanded_right_only,semantic_expanded_right,episodic_expanded_right,transfer_gain,log2 ratio,0.0,0.0,0.0
main_full_field,full_field,Baseline,0.0,127,5Hz,60.0,0.02,0.5,expanded_right_only,semantic_expanded_right,episodic_expanded_right,transfer_gain,log2 ratio,0.0,0.0,0.0
main_full_field,full_field,Baseline,0.0,149,5Hz,60.0,0.02,0.5,expanded_right_only,semantic_expanded_right,episodic_expanded_right,transfer_gain,log2 ratio,0.0,0.0,0.0
main_full_field,full_field,Baseline,0.0,173,5Hz,60.0,0.02,0.5,expanded_right_only,semantic_expanded_right,episodic_expanded_right,transfer_gain,log2 ratio,0.0,0.0,0.0
main_full_field,full_field,Baseline,0.0,197,5Hz,60.0,0.02,0.5,expanded_right_only,semantic_expanded_right,episodic_expanded_right,transfer_gain,log2 ratio,0.0,0.0,0.0
main_full_field,full_field,Baseline,0.0,223,5Hz,60.0,0.02,0.5,expanded_right_only,semantic_expanded_right,episodic_expanded_right,transfer_gain,log2 ratio,0.0,0.0,0.0
main_full_field,full_field,Baseline,0.0,251,5Hz,60.0,0.02,0.5,expanded_right_only,semantic_expanded_right,episodic_expanded_right,transfer_gain,log2 ratio,0.0,0.0,0.0
main_full_field,full_field,Baseline,0.0,281,5Hz,60.0,0.02,0.5,expanded_right_only,semantic_expanded_right,episodic_expanded_right,transfer_gain,log2 ratio,0.0,0.0,0.0
main_full_field,full_field,Baseline,0.0,313,5Hz,60.0,0.02,0.5,expanded_right_only,semantic_expanded_right,episodic_expanded_right,transfer_gain,log2 ratio,0.0,0.0,0.0
main_full_field,full_field,Baseline,0.0,347,5Hz,60.0,0.02,0.5,expanded_right_only,semantic_expanded_right,episodic_expanded_right,transfer_gain,log2 ratio,0.0,0.0,0.0
main_full_field,full_field,Baseline,0.0,383,5Hz,60.0,0.02,0.5,expanded_right_only,semantic_expanded_right,episodic_expanded_right,transfer_gain,log2 ratio,0.0,0.0,0.0
main_full_field,full_field,Baseline,0.0,421,5Hz,60.0,0.02,0.5,expanded_right_only,semantic_expanded_right,episodic_expanded_right,transfer_gain,log2 ratio,0.0,0.0,0.0
main_full_field,full_field,Baseline,0.0,461,5Hz,60.0,0.02,0.5,expanded_right_only,semantic_expanded_right,episodic_expanded_right,transfer_gain,log2 ratio,0.0,0.0,0.0
main_full_field,full_field,Baseline,0.0,503,5Hz,60.0,0.02,0.5,expanded_right_only,semantic_expanded_right,episodic_expanded_right,transfer_gain,log2 ratio,0.0,0.0,0.0
main_full_field,full_field,High AD-like perturbation,1.0,11,5Hz,60.0,0.02,0.5,expanded_right_only,semantic_expanded_right,episodic_expanded_right,transfer_gain,log2 ratio,9.35328719444553,5.436512934902191,3.916774259543339
main_full_field,full_field,High AD-like perturbation,1.0,23,5Hz,60.0,0.02,0.5,expanded_right_only,semantic_expanded_right,episodic_expanded_right,transfer_gain,log2 ratio,9.381258985179752,5.174581297234587,4.206677687945165
main_full_field,full_field,High AD-like perturbation,1.0,37,5Hz,60.0,0.02,0.5,expanded_right_only,semantic_expanded_right,episodic_expanded_right,transfer_gain,log2 ratio,9.363639718412026,6.862731388066678,2.5009083303453483
main_full_field,full_field,High AD-like perturbation,1.0,53,5Hz,60.0,0.02,0.5,expanded_right_only,semantic_expanded_right,episodic_expanded_right,transfer_gain,log2 ratio,9.34868695967282,6.675587999464303,2.6730989602085176
main_full_field,full_field,High AD-like perturbation,1.0,71,5Hz,60.0,0.02,0.5,expanded_right_only,semantic_expanded_right,episodic_expanded_right,transfer_gain,log2 ratio,9.3695878961898,5.830667978606451,3.5389199175833497
main_full_field,full_field,High AD-like perturbation,1.0,89,5Hz,60.0,0.02,0.5,expanded_right_only,semantic_expanded_right,episodic_expanded_right,transfer_gain,log2 ratio,9.443762333247843,5.660358572011903,3.78340376123594
main_full_field,full_field,High AD-like perturbation,1.0,107,5Hz,60.0,0.02,0.5,expanded_right_only,semantic_expanded_right,episodic_expanded_right,transfer_gain,log2 ratio,9.433386127973872,6.156449374531634,3.2769367534422376
main_full_field,full_field,High AD-like perturbation,1.0,127,5Hz,60.0,0.02,0.5,expanded_right_only,semantic_expanded_right,episodic_expanded_right,transfer_gain,log2 ratio,9.384712108066395,6.721192675868744,2.663519432197651
main_full_field,full_field,High AD-like perturbation,1.0,149,5Hz,60.0,0.02,0.5,expanded_right_only,semantic_expanded_right,episodic_expanded_right,transfer_gain,log2 ratio,9.652035013746453,7.159333440088474,2.4927015736579783
main_full_field,full_field,High AD-like perturbation,1.0,173,5Hz,60.0,0.02,0.5,expanded_right_only,semantic_expanded_right,episodic_expanded_right,transfer_gain,log2 ratio,9.41645499669909,5.111408003408676,4.305046993290413
main_full_field,full_field,High AD-like perturbation,1.0,197,5Hz,60.0,0.02,0.5,expanded_right_only,semantic_expanded_right,episodic_expanded_right,transfer_gain,log2 ratio,9.350490227032179,6.400244240234795,2.950245986797383
main_full_field,full_field,High AD-like perturbation,1.0,223,5Hz,60.0,0.02,0.5,expanded_right_only,semantic_expanded_right,episodic_expanded_right,transfer_gain,log2 ratio,9.843942075932674,8.552805873379585,1.2911362025530888
main_full_field,full_field,High AD-like perturbation,1.0,251,5Hz,60.0,0.02,0.5,expanded_right_only,semantic_expanded_right,episodic_expanded_right,transfer_gain,log2 ratio,9.333258907417392,6.129194702481731,3.204064204935661
main_full_field,full_field,High AD-like perturbation,1.0,281,5Hz,60.0,0.02,0.5,expanded_right_only,semantic_expanded_right,episodic_expanded_right,transfer_gain,log2 ratio,9.414498189666576,5.89552621911184,3.5189719705547358
main_full_field,full_field,High AD-like perturbation,1.0,313,5Hz,60.0,0.02,0.5,expanded_right_only,semantic_expanded_right,episodic_expanded_right,transfer_gain,log2 ratio,9.355151954803189,6.077350250089807,3.277801704713382
main_full_field,full_field,High AD-like perturbation,1.0,347,5Hz,60.0,0.02,0.5,expanded_right_only,semantic_expanded_right,episodic_expanded_right,transfer_gain,log2 ratio,9.62230853146474,5.985129036644244,3.6371794948204954
main_full_field,full_field,High AD-like perturbation,1.0,383,5Hz,60.0,0.02,0.5,expanded_right_only,semantic_expanded_right,episodic_expanded_right,transfer_gain,log2 ratio,9.277820886263754,6.376205805765833,2.901615080497921
main_full_field,full_field,High AD-like perturbation,1.0,421,5Hz,60.0,0.02,0.5,expanded_right_only,semantic_expanded_right,episodic_expanded_right,transfer_gain,log2 ratio,9.410323220112206,6.693275529946813,2.7170476901653924
main_full_field,full_field,High AD-like perturbation,1.0,461,5Hz,60.0,0.02,0.5,expanded_right_only,semantic_expanded_right,episodic_expanded_right,transfer_gain,log2 ratio,9.203052609279231,6.309097720278843,2.893954889000388
main_full_field,full_field,High AD-like perturbation,1.0,503,5Hz,60.0,0.02,0.5,expanded_right_only,semantic_expanded_right,episodic_expanded_right,transfer_gain,log2 ratio,9.394361399859452,5.4773659716790135,3.9169954281804387
main_full_field,full_field,Intermediate AD-like perturbation,0.5,11,5Hz,60.0,0.02,0.5,expanded_right_only,semantic_expanded_right,episodic_expanded_right,transfer_gain,log2 ratio,8.88985563381717,9.74492070834895,-0.8550650745317796
main_full_field,full_field,Intermediate AD-like perturbation,0.5,23,5Hz,60.0,0.02,0.5,expanded_right_only,semantic_expanded_right,episodic_expanded_right,transfer_gain,log2 ratio,8.159694852315376,7.939094927829947,0.22059992448542864
main_full_field,full_field,Intermediate AD-like perturbation,0.5,37,5Hz,60.0,0.02,0.5,expanded_right_only,semantic_expanded_right,episodic_expanded_right,transfer_gain,log2 ratio,7.057992349725091,7.678292556314658,-0.6203002065895671
main_full_field,full_field,Intermediate AD-like perturbation,0.5,53,5Hz,60.0,0.02,0.5,expanded_right_only,semantic_expanded_right,episodic_expanded_right,transfer_gain,log2 ratio,7.406359761400163,7.614082718282237,-0.20772295688207443
main_full_field,full_field,Intermediate AD-like perturbation,0.5,71,5Hz,60.0,0.02,0.5,expanded_right_only,semantic_expanded_right,episodic_expanded_right,transfer_gain,log2 ratio,10.397022516591225,8.767237198254215,1.6297853183370101
main_full_field,full_field,Intermediate AD-like perturbation,0.5,89,5Hz,60.0,0.02,0.5,expanded_right_only,semantic_expanded_right,episodic_expanded_right,transfer_gain,log2 ratio,8.330789939873858,7.529668076129459,0.8011218637443989
main_full_field,full_field,Intermediate AD-like perturbation,0.5,107,5Hz,60.0,0.02,0.5,expanded_right_only,semantic_expanded_right,episodic_expanded_right,transfer_gain,log2 ratio,5.888838769534254,6.7953414490351305,-0.9065026795008766
main_full_field,full_field,Intermediate AD-like perturbation,0.5,127,5Hz,60.0,0.02,0.5,expanded_right_only,semantic_expanded_right,episodic_expanded_right,transfer_gain,log2 ratio,5.422913459514041,6.227659196835049,-0.8047457373210074
main_full_field,full_field,Intermediate AD-like perturbation,0.5,149,5Hz,60.0,0.02,0.5,expanded_right_only,semantic_expanded_right,episodic_expanded_right,transfer_gain,log2 ratio,9.099691490090482,8.33674892620238,0.7629425638881013
main_full_field,full_field,Intermediate AD-like perturbation,0.5,173,5Hz,60.0,0.02,0.5,expanded_right_only,semantic_expanded_right,episodic_expanded_right,transfer_gain,log2 ratio,10.038424329402531,9.533835012333585,0.5045893170689464
main_full_field,full_field,Intermediate AD-like perturbation,0.5,197,5Hz,60.0,0.02,0.5,expanded_right_only,semantic_expanded_right,episodic_expanded_right,transfer_gain,log2 ratio,9.056739189899194,9.53761907556326,-0.48087988566406636
main_full_field,full_field,Intermediate AD-like perturbation,0.5,223,5Hz,60.0,0.02,0.5,expanded_right_only,semantic_expanded_right,episodic_expanded_right,transfer_gain,log2 ratio,9.787915981025112,8.614496808443471,1.1734191725816405
main_full_field,full_field,Intermediate AD-like perturbation,0.5,251,5Hz,60.0,0.02,0.5,expanded_right_only,semantic_expanded_right,episodic_expanded_right,transfer_gain,log2 ratio,9.642227818002278,9.369808940583226,0.27241887741905124
main_full_field,full_field,Intermediate AD-like perturbation,0.5,281,5Hz,60.0,0.02,0.5,expanded_right_only,semantic_expanded_right,episodic_expanded_right,transfer_gain,log2 ratio,8.891835202901438,7.868053308682367,1.0237818942190708
main_full_field,full_field,Intermediate AD-like perturbation,0.5,313,5Hz,60.0,0.02,0.5,expanded_right_only,semantic_expanded_right,episodic_expanded_right,transfer_gain,log2 ratio,10.169727598305721,8.812228356462972,1.3574992418427492
main_full_field,full_field,Intermediate AD-like perturbation,0.5,347,5Hz,60.0,0.02,0.5,expanded_right_only,semantic_expanded_right,episodic_expanded_right,transfer_gain,log2 ratio,10.017655516276674,8.62826663156409,1.3893888847125844
main_full_field,full_field,Intermediate AD-like perturbation,0.5,383,5Hz,60.0,0.02,0.5,expanded_right_only,semantic_expanded_right,episodic_expanded_right,transfer_gain,log2 ratio,8.537846531694036,7.986273998275272,0.5515725334187644
main_full_field,full_field,Intermediate AD-like perturbation,0.5,421,5Hz,60.0,0.02,0.5,expanded_right_only,semantic_expanded_right,episodic_expanded_right,transfer_gain,log2 ratio,7.169397929072792,7.363836393036934,-0.19443846396414166
main_full_field,full_field,Intermediate AD-like perturbation,0.5,461,5Hz,60.0,0.02,0.5,expanded_right_only,semantic_expanded_right,episodic_expanded_right,transfer_gain,log2 ratio,11.689294827525128,9.818391807105192,1.8709030204199362
main_full_field,full_field,Intermediate AD-like perturbation,0.5,503,5Hz,60.0,0.02,0.5,expanded_right_only,semantic_expanded_right,episodic_expanded_right,transfer_gain,log2 ratio,8.774472526251277,7.376833097608094,1.397639428643183
main_full_field,full_field,Baseline,0.0,11,2Hz,60.0,0.02,0.5,expanded_right_only,semantic_expanded_right,episodic_expanded_right,functional_connectivity,Fisher-z difference,0.0,0.0,0.0
main_full_field,full_field,Baseline,0.0,23,2Hz,60.0,0.02,0.5,expanded_right_only,semantic_expanded_right,episodic_expanded_right,functional_connectivity,Fisher-z difference,0.0,0.0,0.0
main_full_field,full_field,Baseline,0.0,37,2Hz,60.0,0.02,0.5,expanded_right_only,semantic_expanded_right,episodic_expanded_right,functional_connectivity,Fisher-z difference,0.0,0.0,0.0
main_full_field,full_field,Baseline,0.0,53,2Hz,60.0,0.02,0.5,expanded_right_only,semantic_expanded_right,episodic_expanded_right,functional_connectivity,Fisher-z difference,0.0,0.0,0.0
main_full_field,full_field,Baseline,0.0,71,2Hz,60.0,0.02,0.5,expanded_right_only,semantic_expanded_right,episodic_expanded_right,functional_connectivity,Fisher-z difference,0.0,0.0,0.0
main_full_field,full_field,Baseline,0.0,89,2Hz,60.0,0.02,0.5,expanded_right_only,semantic_expanded_right,episodic_expanded_right,functional_connectivity,Fisher-z difference,0.0,0.0,0.0
main_full_field,full_field,Baseline,0.0,107,2Hz,60.0,0.02,0.5,expanded_right_only,semantic_expanded_right,episodic_expanded_right,functional_connectivity,Fisher-z difference,0.0,0.0,0.0
main_full_field,full_field,Baseline,0.0,127,2Hz,60.0,0.02,0.5,expanded_right_only,semantic_expanded_right,episodic_expanded_right,functional_connectivity,Fisher-z difference,0.0,0.0,0.0
main_full_field,full_field,Baseline,0.0,149,2Hz,60.0,0.02,0.5,expanded_right_only,semantic_expanded_right,episodic_expanded_right,functional_connectivity,Fisher-z difference,0.0,0.0,0.0
main_full_field,full_field,Baseline,0.0,173,2Hz,60.0,0.02,0.5,expanded_right_only,semantic_expanded_right,episodic_expanded_right,functional_connectivity,Fisher-z difference,0.0,0.0,0.0
main_full_field,full_field,Baseline,0.0,197,2Hz,60.0,0.02,0.5,expanded_right_only,semantic_expanded_right,episodic_expanded_right,functional_connectivity,Fisher-z difference,0.0,0.0,0.0
main_full_field,full_field,Baseline,0.0,223,2Hz,60.0,0.02,0.5,expanded_right_only,semantic_expanded_right,episodic_expanded_right,functional_connectivity,Fisher-z difference,0.0,0.0,0.0
main_full_field,full_field,Baseline,0.0,251,2Hz,60.0,0.02,0.5,expanded_right_only,semantic_expanded_right,episodic_expanded_right,functional_connectivity,Fisher-z difference,0.0,0.0,0.0
main_full_field,full_field,Baseline,0.0,281,2Hz,60.0,0.02,0.5,expanded_right_only,semantic_expanded_right,episodic_expanded_right,functional_connectivity,Fisher-z difference,0.0,0.0,0.0
main_full_field,full_field,Baseline,0.0,313,2Hz,60.0,0.02,0.5,expanded_right_only,semantic_expanded_right,episodic_expanded_right,functional_connectivity,Fisher-z difference,0.0,0.0,0.0
main_full_field,full_field,Baseline,0.0,347,2Hz,60.0,0.02,0.5,expanded_right_only,semantic_expanded_right,episodic_expanded_right,functional_connectivity,Fisher-z difference,0.0,0.0,0.0
main_full_field,full_field,Baseline,0.0,383,2Hz,60.0,0.02,0.5,expanded_right_only,semantic_expanded_right,episodic_expanded_right,functional_connectivity,Fisher-z difference,0.0,0.0,0.0
main_full_field,full_field,Baseline,0.0,421,2Hz,60.0,0.02,0.5,expanded_right_only,semantic_expanded_right,episodic_expanded_right,functional_connectivity,Fisher-z difference,0.0,0.0,0.0
main_full_field,full_field,Baseline,0.0,461,2Hz,60.0,0.02,0.5,expanded_right_only,semantic_expanded_right,episodic_expanded_right,functional_connectivity,Fisher-z difference,0.0,0.0,0.0
main_full_field,full_field,Baseline,0.0,503,2Hz,60.0,0.02,0.5,expanded_right_only,semantic_expanded_right,episodic_expanded_right,functional_connectivity,Fisher-z difference,0.0,0.0,0.0
main_full_field,full_field,High AD-like perturbation,1.0,11,2Hz,60.0,0.02,0.5,expanded_right_only,semantic_expanded_right,episodic_expanded_right,functional_connectivity,Fisher-z difference,-2.1715739276342108,-2.16944085391646,-0.002133073717750733
main_full_field,full_field,High AD-like perturbation,1.0,23,2Hz,60.0,0.02,0.5,expanded_right_only,semantic_expanded_right,episodic_expanded_right,functional_connectivity,Fisher-z difference,-2.169145600876816,-2.1791301818703586,0.00998458099354238
main_full_field,full_field,High AD-like perturbation,1.0,37,2Hz,60.0,0.02,0.5,expanded_right_only,semantic_expanded_right,episodic_expanded_right,functional_connectivity,Fisher-z difference,-2.1667508950274827,-2.177294115586798,0.010543220559315447
main_full_field,full_field,High AD-like perturbation,1.0,53,2Hz,60.0,0.02,0.5,expanded_right_only,semantic_expanded_right,episodic_expanded_right,functional_connectivity,Fisher-z difference,-2.1705299738641033,-2.182677492677569,0.012147518813465652
main_full_field,full_field,High AD-like perturbation,1.0,71,2Hz,60.0,0.02,0.5,expanded_right_only,semantic_expanded_right,episodic_expanded_right,functional_connectivity,Fisher-z difference,-2.160852053188367,-2.184244146140302,0.02339209295193534
main_full_field,full_field,High AD-like perturbation,1.0,89,2Hz,60.0,0.02,0.5,expanded_right_only,semantic_expanded_right,episodic_expanded_right,functional_connectivity,Fisher-z difference,-2.170915470693664,-2.172044397079236,0.0011289263855718268
main_full_field,full_field,High AD-like perturbation,1.0,107,2Hz,60.0,0.02,0.5,expanded_right_only,semantic_expanded_right,episodic_expanded_right,functional_connectivity,Fisher-z difference,-2.168805230507767,-2.1828762222860396,0.014070991778272646
main_full_field,full_field,High AD-like perturbation,1.0,127,2Hz,60.0,0.02,0.5,expanded_right_only,semantic_expanded_right,episodic_expanded_right,functional_connectivity,Fisher-z difference,-2.1487826740970344,-2.170351487107515,0.021568813010480525
main_full_field,full_field,High AD-like perturbation,1.0,149,2Hz,60.0,0.02,0.5,expanded_right_only,semantic_expanded_right,episodic_expanded_right,functional_connectivity,Fisher-z difference,-2.1657963999705285,-2.1839988832142896,0.01820248324376106
main_full_field,full_field,High AD-like perturbation,1.0,173,2Hz,60.0,0.02,0.5,expanded_right_only,semantic_expanded_right,episodic_expanded_right,functional_connectivity,Fisher-z difference,-2.1593972377573216,-2.1977981096062678,0.03840087184894614
main_full_field,full_field,High AD-like perturbation,1.0,197,2Hz,60.0,0.02,0.5,expanded_right_only,semantic_expanded_right,episodic_expanded_right,functional_connectivity,Fisher-z difference,-2.164312772073757,-2.177739797679427,0.013427025605669662
main_full_field,full_field,High AD-like perturbation,1.0,223,2Hz,60.0,0.02,0.5,expanded_right_only,semantic_expanded_right,episodic_expanded_right,functional_connectivity,Fisher-z difference,-2.137483242324494,-2.148298264033948,0.010815021709454253
main_full_field,full_field,High AD-like perturbation,1.0,251,2Hz,60.0,0.02,0.5,expanded_right_only,semantic_expanded_right,episodic_expanded_right,functional_connectivity,Fisher-z difference,-2.1702631893831605,-2.178918579630667,0.00865539024750639
main_full_field,full_field,High AD-like perturbation,1.0,281,2Hz,60.0,0.02,0.5,expanded_right_only,semantic_expanded_right,episodic_expanded_right,functional_connectivity,Fisher-z difference,-2.1692292387771963,-2.178825270786748,0.009596032009551614
main_full_field,full_field,High AD-like perturbation,1.0,313,2Hz,60.0,0.02,0.5,expanded_right_only,semantic_expanded_right,episodic_expanded_right,functional_connectivity,Fisher-z difference,-2.1630979147609923,-2.192562778769587,0.029464864008594827
main_full_field,full_field,High AD-like perturbation,1.0,347,2Hz,60.0,0.02,0.5,expanded_right_only,semantic_expanded_right,episodic_expanded_right,functional_connectivity,Fisher-z difference,-2.172205508191449,-2.1859380174154004,0.013732509223951528
main_full_field,full_field,High AD-like perturbation,1.0,383,2Hz,60.0,0.02,0.5,expanded_right_only,semantic_expanded_right,episodic_expanded_right,functional_connectivity,Fisher-z difference,-2.1632084655300896,-2.178252445335832,0.015043979805742236
main_full_field,full_field,High AD-like perturbation,1.0,421,2Hz,60.0,0.02,0.5,expanded_right_only,semantic_expanded_right,episodic_expanded_right,functional_connectivity,Fisher-z difference,-2.160604636065035,-2.176581310598313,0.01597667453327789
main_full_field,full_field,High AD-like perturbation,1.0,461,2Hz,60.0,0.02,0.5,expanded_right_only,semantic_expanded_right,episodic_expanded_right,functional_connectivity,Fisher-z difference,-2.1644408795224144,-2.1960274712979757,0.031586591775561335
main_full_field,full_field,High AD-like perturbation,1.0,503,2Hz,60.0,0.02,0.5,expanded_right_only,semantic_expanded_right,episodic_expanded_right,functional_connectivity,Fisher-z difference,-2.172418570267806,-2.1742256300217817,0.0018070597539758815
main_full_field,full_field,Intermediate AD-like perturbation,0.5,11,2Hz,60.0,0.02,0.5,expanded_right_only,semantic_expanded_right,episodic_expanded_right,functional_connectivity,Fisher-z difference,-1.9913347954203184,-2.0606238192408073,0.06928902382048885
main_full_field,full_field,Intermediate AD-like perturbation,0.5,23,2Hz,60.0,0.02,0.5,expanded_right_only,semantic_expanded_right,episodic_expanded_right,functional_connectivity,Fisher-z difference,-2.1058196912253293,-2.166946207119186,0.06112651589385676
main_full_field,full_field,Intermediate AD-like perturbation,0.5,37,2Hz,60.0,0.02,0.5,expanded_right_only,semantic_expanded_right,episodic_expanded_right,functional_connectivity,Fisher-z difference,-2.153145672882413,-2.130541527355436,-0.022604145526977426
main_full_field,full_field,Intermediate AD-like perturbation,0.5,53,2Hz,60.0,0.02,0.5,expanded_right_only,semantic_expanded_right,episodic_expanded_right,functional_connectivity,Fisher-z difference,-2.134353177096497,-2.1873475436945835,0.05299436659808654
main_full_field,full_field,Intermediate AD-like perturbation,0.5,71,2Hz,60.0,0.02,0.5,expanded_right_only,semantic_expanded_right,episodic_expanded_right,functional_connectivity,Fisher-z difference,-2.133110796670023,-2.194025069119592,0.06091427244956904
main_full_field,full_field,Intermediate AD-like perturbation,0.5,89,2Hz,60.0,0.02,0.5,expanded_right_only,semantic_expanded_right,episodic_expanded_right,functional_connectivity,Fisher-z difference,-2.068752871193566,-2.1359958711891873,0.06724299999562122
main_full_field,full_field,Intermediate AD-like perturbation,0.5,107,2Hz,60.0,0.02,0.5,expanded_right_only,semantic_expanded_right,episodic_expanded_right,functional_connectivity,Fisher-z difference,-2.149511417988017,-2.193124201409991,0.043612783421973944
main_full_field,full_field,Intermediate AD-like perturbation,0.5,127,2Hz,60.0,0.02,0.5,expanded_right_only,semantic_expanded_right,episodic_expanded_right,functional_connectivity,Fisher-z difference,-2.189598638492773,-2.2080612489559384,0.01846261046316533
main_full_field,full_field,Intermediate AD-like perturbation,0.5,149,2Hz,60.0,0.02,0.5,expanded_right_only,semantic_expanded_right,episodic_expanded_right,functional_connectivity,Fisher-z difference,-2.1037548023974226,-2.1600785274784764,0.056323725081053766
main_full_field,full_field,Intermediate AD-like perturbation,0.5,173,2Hz,60.0,0.02,0.5,expanded_right_only,semantic_expanded_right,episodic_expanded_right,functional_connectivity,Fisher-z difference,-1.8942616363954394,-1.9760758107449703,0.08181417434953087
main_full_field,full_field,Intermediate AD-like perturbation,0.5,197,2Hz,60.0,0.02,0.5,expanded_right_only,semantic_expanded_right,episodic_expanded_right,functional_connectivity,Fisher-z difference,-2.0331189505227676,-2.10184363824599,0.06872468772322238
main_full_field,full_field,Intermediate AD-like perturbation,0.5,223,2Hz,60.0,0.02,0.5,expanded_right_only,semantic_expanded_right,episodic_expanded_right,functional_connectivity,Fisher-z difference,-1.9997039324934138,-2.0543955976598474,0.054691665166433534
main_full_field,full_field,Intermediate AD-like perturbation,0.5,251,2Hz,60.0,0.02,0.5,expanded_right_only,semantic_expanded_right,episodic_expanded_right,functional_connectivity,Fisher-z difference,-2.1844599705980916,-2.21603565111696,0.0315756805188685
main_full_field,full_field,Intermediate AD-like perturbation,0.5,281,2Hz,60.0,0.02,0.5,expanded_right_only,semantic_expanded_right,episodic_expanded_right,functional_connectivity,Fisher-z difference,-1.986965958090335,-2.054935123593112,0.0679691655027772
main_full_field,full_field,Intermediate AD-like perturbation,0.5,313,2Hz,60.0,0.02,0.5,expanded_right_only,semantic_expanded_right,episodic_expanded_right,functional_connectivity,Fisher-z difference,-1.8741054536125359,-1.955415231696064,0.08130977808352813
main_full_field,full_field,Intermediate AD-like perturbation,0.5,347,2Hz,60.0,0.02,0.5,expanded_right_only,semantic_expanded_right,episodic_expanded_right,functional_connectivity,Fisher-z difference,-2.180912240119308,-2.20510326395833,0.02419102383902194
main_full_field,full_field,Intermediate AD-like perturbation,0.5,383,2Hz,60.0,0.02,0.5,expanded_right_only,semantic_expanded_right,episodic_expanded_right,functional_connectivity,Fisher-z difference,-2.107360062388757,-2.1647936986002554,0.05743363621149822
main_full_field,full_field,Intermediate AD-like perturbation,0.5,421,2Hz,60.0,0.02,0.5,expanded_right_only,semantic_expanded_right,episodic_expanded_right,functional_connectivity,Fisher-z difference,-2.2176384532566087,-2.2499987902845864,0.03236033702797769
main_full_field,full_field,Intermediate AD-like perturbation,0.5,461,2Hz,60.0,0.02,0.5,expanded_right_only,semantic_expanded_right,episodic_expanded_right,functional_connectivity,Fisher-z difference,-2.0656203999833123,-2.1194428938684564,0.05382249388514415
main_full_field,full_field,Intermediate AD-like perturbation,0.5,503,2Hz,60.0,0.02,0.5,expanded_right_only,semantic_expanded_right,episodic_expanded_right,functional_connectivity,Fisher-z difference,-2.1643964658158747,-2.2029919534107822,0.038595487594907496
main_full_field,full_field,Baseline,0.0,11,5Hz,60.0,0.02,0.5,expanded_right_only,semantic_expanded_right,episodic_expanded_right,functional_connectivity,Fisher-z difference,0.0,0.0,0.0
main_full_field,full_field,Baseline,0.0,23,5Hz,60.0,0.02,0.5,expanded_right_only,semantic_expanded_right,episodic_expanded_right,functional_connectivity,Fisher-z difference,0.0,0.0,0.0
main_full_field,full_field,Baseline,0.0,37,5Hz,60.0,0.02,0.5,expanded_right_only,semantic_expanded_right,episodic_expanded_right,functional_connectivity,Fisher-z difference,0.0,0.0,0.0
main_full_field,full_field,Baseline,0.0,53,5Hz,60.0,0.02,0.5,expanded_right_only,semantic_expanded_right,episodic_expanded_right,functional_connectivity,Fisher-z difference,0.0,0.0,0.0
main_full_field,full_field,Baseline,0.0,71,5Hz,60.0,0.02,0.5,expanded_right_only,semantic_expanded_right,episodic_expanded_right,functional_connectivity,Fisher-z difference,0.0,0.0,0.0
main_full_field,full_field,Baseline,0.0,89,5Hz,60.0,0.02,0.5,expanded_right_only,semantic_expanded_right,episodic_expanded_right,functional_connectivity,Fisher-z difference,0.0,0.0,0.0
main_full_field,full_field,Baseline,0.0,107,5Hz,60.0,0.02,0.5,expanded_right_only,semantic_expanded_right,episodic_expanded_right,functional_connectivity,Fisher-z difference,0.0,0.0,0.0
main_full_field,full_field,Baseline,0.0,127,5Hz,60.0,0.02,0.5,expanded_right_only,semantic_expanded_right,episodic_expanded_right,functional_connectivity,Fisher-z difference,0.0,0.0,0.0
main_full_field,full_field,Baseline,0.0,149,5Hz,60.0,0.02,0.5,expanded_right_only,semantic_expanded_right,episodic_expanded_right,functional_connectivity,Fisher-z difference,0.0,0.0,0.0
main_full_field,full_field,Baseline,0.0,173,5Hz,60.0,0.02,0.5,expanded_right_only,semantic_expanded_right,episodic_expanded_right,functional_connectivity,Fisher-z difference,0.0,0.0,0.0
main_full_field,full_field,Baseline,0.0,197,5Hz,60.0,0.02,0.5,expanded_right_only,semantic_expanded_right,episodic_expanded_right,functional_connectivity,Fisher-z difference,0.0,0.0,0.0
main_full_field,full_field,Baseline,0.0,223,5Hz,60.0,0.02,0.5,expanded_right_only,semantic_expanded_right,episodic_expanded_right,functional_connectivity,Fisher-z difference,0.0,0.0,0.0
main_full_field,full_field,Baseline,0.0,251,5Hz,60.0,0.02,0.5,expanded_right_only,semantic_expanded_right,episodic_expanded_right,functional_connectivity,Fisher-z difference,0.0,0.0,0.0
main_full_field,full_field,Baseline,0.0,281,5Hz,60.0,0.02,0.5,expanded_right_only,semantic_expanded_right,episodic_expanded_right,functional_connectivity,Fisher-z difference,0.0,0.0,0.0
main_full_field,full_field,Baseline,0.0,313,5Hz,60.0,0.02,0.5,expanded_right_only,semantic_expanded_right,episodic_expanded_right,functional_connectivity,Fisher-z difference,0.0,0.0,0.0
main_full_field,full_field,Baseline,0.0,347,5Hz,60.0,0.02,0.5,expanded_right_only,semantic_expanded_right,episodic_expanded_right,functional_connectivity,Fisher-z difference,0.0,0.0,0.0
main_full_field,full_field,Baseline,0.0,383,5Hz,60.0,0.02,0.5,expanded_right_only,semantic_expanded_right,episodic_expanded_right,functional_connectivity,Fisher-z difference,0.0,0.0,0.0
main_full_field,full_field,Baseline,0.0,421,5Hz,60.0,0.02,0.5,expanded_right_only,semantic_expanded_right,episodic_expanded_right,functional_connectivity,Fisher-z difference,0.0,0.0,0.0
main_full_field,full_field,Baseline,0.0,461,5Hz,60.0,0.02,0.5,expanded_right_only,semantic_expanded_right,episodic_expanded_right,functional_connectivity,Fisher-z difference,0.0,0.0,0.0
main_full_field,full_field,Baseline,0.0,503,5Hz,60.0,0.02,0.5,expanded_right_only,semantic_expanded_right,episodic_expanded_right,functional_connectivity,Fisher-z difference,0.0,0.0,0.0
main_full_field,full_field,High AD-like perturbation,1.0,11,5Hz,60.0,0.02,0.5,expanded_right_only,semantic_expanded_right,episodic_expanded_right,functional_connectivity,Fisher-z difference,-1.31694203716531,-1.3490795648181977,0.03213752765288769
main_full_field,full_field,High AD-like perturbation,1.0,23,5Hz,60.0,0.02,0.5,expanded_right_only,semantic_expanded_right,episodic_expanded_right,functional_connectivity,Fisher-z difference,-1.3116085123129708,-1.325597881943319,0.013989369630348136
main_full_field,full_field,High AD-like perturbation,1.0,37,5Hz,60.0,0.02,0.5,expanded_right_only,semantic_expanded_right,episodic_expanded_right,functional_connectivity,Fisher-z difference,-1.3102557962943209,-1.3363347983023406,0.026079002008019714
main_full_field,full_field,High AD-like perturbation,1.0,53,5Hz,60.0,0.02,0.5,expanded_right_only,semantic_expanded_right,episodic_expanded_right,functional_connectivity,Fisher-z difference,-1.2976541785111446,-1.319136777512348,0.021482599001203306
main_full_field,full_field,High AD-like perturbation,1.0,71,5Hz,60.0,0.02,0.5,expanded_right_only,semantic_expanded_right,episodic_expanded_right,functional_connectivity,Fisher-z difference,-1.3157227686349269,-1.33469510521342,0.018972336578493065
main_full_field,full_field,High AD-like perturbation,1.0,89,5Hz,60.0,0.02,0.5,expanded_right_only,semantic_expanded_right,episodic_expanded_right,functional_connectivity,Fisher-z difference,-1.3138768127202645,-1.3513404316550575,0.037463618934793
main_full_field,full_field,High AD-like perturbation,1.0,107,5Hz,60.0,0.02,0.5,expanded_right_only,semantic_expanded_right,episodic_expanded_right,functional_connectivity,Fisher-z difference,-1.306848206754638,-1.3414320057124882,0.03458379895785013
main_full_field,full_field,High AD-like perturbation,1.0,127,5Hz,60.0,0.02,0.5,expanded_right_only,semantic_expanded_right,episodic_expanded_right,functional_connectivity,Fisher-z difference,-1.3182027539026586,-1.3579611665688993,0.039758412666240694
main_full_field,full_field,High AD-like perturbation,1.0,149,5Hz,60.0,0.02,0.5,expanded_right_only,semantic_expanded_right,episodic_expanded_right,functional_connectivity,Fisher-z difference,-1.3047548117286223,-1.380928861801041,0.07617405007241862
main_full_field,full_field,High AD-like perturbation,1.0,173,5Hz,60.0,0.02,0.5,expanded_right_only,semantic_expanded_right,episodic_expanded_right,functional_connectivity,Fisher-z difference,-1.3168924474137689,-1.3700023734563562,0.05310992604258735
main_full_field,full_field,High AD-like perturbation,1.0,197,5Hz,60.0,0.02,0.5,expanded_right_only,semantic_expanded_right,episodic_expanded_right,functional_connectivity,Fisher-z difference,-1.3112878215944157,-1.3522946298447485,0.04100680825033276
main_full_field,full_field,High AD-like perturbation,1.0,223,5Hz,60.0,0.02,0.5,expanded_right_only,semantic_expanded_right,episodic_expanded_right,functional_connectivity,Fisher-z difference,-1.292686224222261,-1.288937047457152,-0.003749176765108997
main_full_field,full_field,High AD-like perturbation,1.0,251,5Hz,60.0,0.02,0.5,expanded_right_only,semantic_expanded_right,episodic_expanded_right,functional_connectivity,Fisher-z difference,-1.3117083818565258,-1.3578251370082848,0.04611675515175895
main_full_field,full_field,High AD-like perturbation,1.0,281,5Hz,60.0,0.02,0.5,expanded_right_only,semantic_expanded_right,episodic_expanded_right,functional_connectivity,Fisher-z difference,-1.3120746656112694,-1.3390418027393793,0.02696713712810994
main_full_field,full_field,High AD-like perturbation,1.0,313,5Hz,60.0,0.02,0.5,expanded_right_only,semantic_expanded_right,episodic_expanded_right,functional_connectivity,Fisher-z difference,-1.316388491973096,-1.3531558379818105,0.03676734600871456
main_full_field,full_field,High AD-like perturbation,1.0,347,5Hz,60.0,0.02,0.5,expanded_right_only,semantic_expanded_right,episodic_expanded_right,functional_connectivity,Fisher-z difference,-1.3021331786704655,-1.328690477237221,0.026557298566755483
main_full_field,full_field,High AD-like perturbation,1.0,383,5Hz,60.0,0.02,0.5,expanded_right_only,semantic_expanded_right,episodic_expanded_right,functional_connectivity,Fisher-z difference,-1.3066455810339461,-1.3349380727140896,0.028292491680143472
main_full_field,full_field,High AD-like perturbation,1.0,421,5Hz,60.0,0.02,0.5,expanded_right_only,semantic_expanded_right,episodic_expanded_right,functional_connectivity,Fisher-z difference,-1.3013517236953245,-1.348442237087958,0.04709051339263359
main_full_field,full_field,High AD-like perturbation,1.0,461,5Hz,60.0,0.02,0.5,expanded_right_only,semantic_expanded_right,episodic_expanded_right,functional_connectivity,Fisher-z difference,-1.301777171891197,-1.3056272387631391,0.003850066871942115
main_full_field,full_field,High AD-like perturbation,1.0,503,5Hz,60.0,0.02,0.5,expanded_right_only,semantic_expanded_right,episodic_expanded_right,functional_connectivity,Fisher-z difference,-1.3142053650796057,-1.3355705081571552,0.021365143077549442
main_full_field,full_field,Intermediate AD-like perturbation,0.5,11,5Hz,60.0,0.02,0.5,expanded_right_only,semantic_expanded_right,episodic_expanded_right,functional_connectivity,Fisher-z difference,-1.2289939902742593,-1.315500810655567,0.08650682038130775
main_full_field,full_field,Intermediate AD-like perturbation,0.5,23,5Hz,60.0,0.02,0.5,expanded_right_only,semantic_expanded_right,episodic_expanded_right,functional_connectivity,Fisher-z difference,-1.2441474677919928,-1.3013210498390864,0.05717358204709355
main_full_field,full_field,Intermediate AD-like perturbation,0.5,37,5Hz,60.0,0.02,0.5,expanded_right_only,semantic_expanded_right,episodic_expanded_right,functional_connectivity,Fisher-z difference,-1.3324346071363868,-1.3719532333875004,0.039518626251113576
main_full_field,full_field,Intermediate AD-like perturbation,0.5,53,5Hz,60.0,0.02,0.5,expanded_right_only,semantic_expanded_right,episodic_expanded_right,functional_connectivity,Fisher-z difference,-1.3304114289061502,-1.3739975478059736,0.043586118899823445
main_full_field,full_field,Intermediate AD-like perturbation,0.5,71,5Hz,60.0,0.02,0.5,expanded_right_only,semantic_expanded_right,episodic_expanded_right,functional_connectivity,Fisher-z difference,-1.278872174111276,-1.342539142940317,0.06366696882904099
main_full_field,full_field,Intermediate AD-like perturbation,0.5,89,5Hz,60.0,0.02,0.5,expanded_right_only,semantic_expanded_right,episodic_expanded_right,functional_connectivity,Fisher-z difference,-1.345110320233137,-1.4011718886564881,0.056061568423351194
main_full_field,full_field,Intermediate AD-like perturbation,0.5,107,5Hz,60.0,0.02,0.5,expanded_right_only,semantic_expanded_right,episodic_expanded_right,functional_connectivity,Fisher-z difference,-1.2732537759075921,-1.3040762133355126,0.030822437427920457
main_full_field,full_field,Intermediate AD-like perturbation,0.5,127,5Hz,60.0,0.02,0.5,expanded_right_only,semantic_expanded_right,episodic_expanded_right,functional_connectivity,Fisher-z difference,-1.3363315055871086,-1.3563266081994585,0.019995102612349935
main_full_field,full_field,Intermediate AD-like perturbation,0.5,149,5Hz,60.0,0.02,0.5,expanded_right_only,semantic_expanded_right,episodic_expanded_right,functional_connectivity,Fisher-z difference,-1.2520789675707462,-1.3232124909327427,0.07113352336199652
main_full_field,full_field,Intermediate AD-like perturbation,0.5,173,5Hz,60.0,0.02,0.5,expanded_right_only,semantic_expanded_right,episodic_expanded_right,functional_connectivity,Fisher-z difference,-1.1331349321902313,-1.214672032128007,0.08153709993777558
main_full_field,full_field,Intermediate AD-like perturbation,0.5,197,5Hz,60.0,0.02,0.5,expanded_right_only,semantic_expanded_right,episodic_expanded_right,functional_connectivity,Fisher-z difference,-1.3405264074883105,-1.3924713810833762,0.05194497359506567
main_full_field,full_field,Intermediate AD-like perturbation,0.5,223,5Hz,60.0,0.02,0.5,expanded_right_only,semantic_expanded_right,episodic_expanded_right,functional_connectivity,Fisher-z difference,-1.1987798579866018,-1.267869556891254,0.06908969890465211
main_full_field,full_field,Intermediate AD-like perturbation,0.5,251,5Hz,60.0,0.02,0.5,expanded_right_only,semantic_expanded_right,episodic_expanded_right,functional_connectivity,Fisher-z difference,-1.2353005214909034,-1.2764241288441487,0.04112360735324527
main_full_field,full_field,Intermediate AD-like perturbation,0.5,281,5Hz,60.0,0.02,0.5,expanded_right_only,semantic_expanded_right,episodic_expanded_right,functional_connectivity,Fisher-z difference,-1.232667692250636,-1.303557041446221,0.07088934919558487
main_full_field,full_field,Intermediate AD-like perturbation,0.5,313,5Hz,60.0,0.02,0.5,expanded_right_only,semantic_expanded_right,episodic_expanded_right,functional_connectivity,Fisher-z difference,-1.1549897873303676,-1.2371595785547527,0.08216979122438506
main_full_field,full_field,Intermediate AD-like perturbation,0.5,347,5Hz,60.0,0.02,0.5,expanded_right_only,semantic_expanded_right,episodic_expanded_right,functional_connectivity,Fisher-z difference,-1.2768764687503524,-1.3335881517089843,0.056711682958631826
main_full_field,full_field,Intermediate AD-like perturbation,0.5,383,5Hz,60.0,0.02,0.5,expanded_right_only,semantic_expanded_right,episodic_expanded_right,functional_connectivity,Fisher-z difference,-1.2385121818323663,-1.3073112841073604,0.06879910227499408
main_full_field,full_field,Intermediate AD-like perturbation,0.5,421,5Hz,60.0,0.02,0.5,expanded_right_only,semantic_expanded_right,episodic_expanded_right,functional_connectivity,Fisher-z difference,-1.3442678618246895,-1.3861945004308853,0.04192663860619583
main_full_field,full_field,Intermediate AD-like perturbation,0.5,461,5Hz,60.0,0.02,0.5,expanded_right_only,semantic_expanded_right,episodic_expanded_right,functional_connectivity,Fisher-z difference,-0.8334394024641347,-0.9510055610053219,0.11756615854118713
main_full_field,full_field,Intermediate AD-like perturbation,0.5,503,5Hz,60.0,0.02,0.5,expanded_right_only,semantic_expanded_right,episodic_expanded_right,functional_connectivity,Fisher-z difference,-1.2527603467069184,-1.3405254462962357,0.08776509958931733
main_full_field,full_field,Baseline,0.0,11,pulse,60.0,0.02,0.5,expanded_right_only,semantic_expanded_right,episodic_expanded_right,response_latency,ms,0.0,0.0,0.0
main_full_field,full_field,Baseline,0.0,23,pulse,60.0,0.02,0.5,expanded_right_only,semantic_expanded_right,episodic_expanded_right,response_latency,ms,0.0,0.0,0.0
main_full_field,full_field,Baseline,0.0,37,pulse,60.0,0.02,0.5,expanded_right_only,semantic_expanded_right,episodic_expanded_right,response_latency,ms,0.0,0.0,0.0
main_full_field,full_field,Baseline,0.0,53,pulse,60.0,0.02,0.5,expanded_right_only,semantic_expanded_right,episodic_expanded_right,response_latency,ms,0.0,0.0,0.0
main_full_field,full_field,Baseline,0.0,71,pulse,60.0,0.02,0.5,expanded_right_only,semantic_expanded_right,episodic_expanded_right,response_latency,ms,0.0,0.0,0.0
main_full_field,full_field,Baseline,0.0,89,pulse,60.0,0.02,0.5,expanded_right_only,semantic_expanded_right,episodic_expanded_right,response_latency,ms,0.0,0.0,0.0
main_full_field,full_field,Baseline,0.0,107,pulse,60.0,0.02,0.5,expanded_right_only,semantic_expanded_right,episodic_expanded_right,response_latency,ms,0.0,0.0,0.0
main_full_field,full_field,Baseline,0.0,127,pulse,60.0,0.02,0.5,expanded_right_only,semantic_expanded_right,episodic_expanded_right,response_latency,ms,0.0,0.0,0.0
main_full_field,full_field,Baseline,0.0,149,pulse,60.0,0.02,0.5,expanded_right_only,semantic_expanded_right,episodic_expanded_right,response_latency,ms,0.0,0.0,0.0
main_full_field,full_field,Baseline,0.0,173,pulse,60.0,0.02,0.5,expanded_right_only,semantic_expanded_right,episodic_expanded_right,response_latency,ms,0.0,0.0,0.0
main_full_field,full_field,Baseline,0.0,197,pulse,60.0,0.02,0.5,expanded_right_only,semantic_expanded_right,episodic_expanded_right,response_latency,ms,0.0,0.0,0.0
main_full_field,full_field,Baseline,0.0,223,pulse,60.0,0.02,0.5,expanded_right_only,semantic_expanded_right,episodic_expanded_right,response_latency,ms,0.0,0.0,0.0
main_full_field,full_field,Baseline,0.0,251,pulse,60.0,0.02,0.5,expanded_right_only,semantic_expanded_right,episodic_expanded_right,response_latency,ms,0.0,0.0,0.0
main_full_field,full_field,Baseline,0.0,281,pulse,60.0,0.02,0.5,expanded_right_only,semantic_expanded_right,episodic_expanded_right,response_latency,ms,0.0,0.0,0.0
main_full_field,full_field,Baseline,0.0,313,pulse,60.0,0.02,0.5,expanded_right_only,semantic_expanded_right,episodic_expanded_right,response_latency,ms,0.0,0.0,0.0
main_full_field,full_field,Baseline,0.0,347,pulse,60.0,0.02,0.5,expanded_right_only,semantic_expanded_right,episodic_expanded_right,response_latency,ms,0.0,0.0,0.0
main_full_field,full_field,Baseline,0.0,383,pulse,60.0,0.02,0.5,expanded_right_only,semantic_expanded_right,episodic_expanded_right,response_latency,ms,0.0,0.0,0.0
main_full_field,full_field,Baseline,0.0,421,pulse,60.0,0.02,0.5,expanded_right_only,semantic_expanded_right,episodic_expanded_right,response_latency,ms,0.0,0.0,0.0
main_full_field,full_field,Baseline,0.0,461,pulse,60.0,0.02,0.5,expanded_right_only,semantic_expanded_right,episodic_expanded_right,response_latency,ms,0.0,0.0,0.0
main_full_field,full_field,Baseline,0.0,503,pulse,60.0,0.02,0.5,expanded_right_only,semantic_expanded_right,episodic_expanded_right,response_latency,ms,0.0,0.0,0.0
main_full_field,full_field,High AD-like perturbation,1.0,11,pulse,60.0,0.02,0.5,expanded_right_only,semantic_expanded_right,episodic_expanded_right,response_latency,ms,648.0,84.0,564.0
main_full_field,full_field,High AD-like perturbation,1.0,23,pulse,60.0,0.02,0.5,expanded_right_only,semantic_expanded_right,episodic_expanded_right,response_latency,ms,679.0,78.0,601.0
main_full_field,full_field,High AD-like perturbation,1.0,37,pulse,60.0,0.02,0.5,expanded_right_only,semantic_expanded_right,episodic_expanded_right,response_latency,ms,774.0,100.0,674.0
main_full_field,full_field,High AD-like perturbation,1.0,53,pulse,60.0,0.02,0.5,expanded_right_only,semantic_expanded_right,episodic_expanded_right,response_latency,ms,1084.0,38.0,1046.0
main_full_field,full_field,High AD-like perturbation,1.0,71,pulse,60.0,0.02,0.5,expanded_right_only,semantic_expanded_right,episodic_expanded_right,response_latency,ms,863.0,78.0,785.0
main_full_field,full_field,High AD-like perturbation,1.0,89,pulse,60.0,0.02,0.5,expanded_right_only,semantic_expanded_right,episodic_expanded_right,response_latency,ms,649.0,72.0,577.0
main_full_field,full_field,High AD-like perturbation,1.0,107,pulse,60.0,0.02,0.5,expanded_right_only,semantic_expanded_right,episodic_expanded_right,response_latency,ms,926.0,86.0,840.0
main_full_field,full_field,High AD-like perturbation,1.0,127,pulse,60.0,0.02,0.5,expanded_right_only,semantic_expanded_right,episodic_expanded_right,response_latency,ms,655.0,91.0,564.0
main_full_field,full_field,High AD-like perturbation,1.0,149,pulse,60.0,0.02,0.5,expanded_right_only,semantic_expanded_right,episodic_expanded_right,response_latency,ms,780.0,38.0,742.0
main_full_field,full_field,High AD-like perturbation,1.0,173,pulse,60.0,0.02,0.5,expanded_right_only,semantic_expanded_right,episodic_expanded_right,response_latency,ms,1077.0,84.0,993.0
main_full_field,full_field,High AD-like perturbation,1.0,197,pulse,60.0,0.02,0.5,expanded_right_only,semantic_expanded_right,episodic_expanded_right,response_latency,ms,654.0,80.0,574.0
main_full_field,full_field,High AD-like perturbation,1.0,223,pulse,60.0,0.02,0.5,expanded_right_only,semantic_expanded_right,episodic_expanded_right,response_latency,ms,958.0,50.0,908.0
main_full_field,full_field,High AD-like perturbation,1.0,251,pulse,60.0,0.02,0.5,expanded_right_only,semantic_expanded_right,episodic_expanded_right,response_latency,ms,653.0,48.0,605.0
main_full_field,full_field,High AD-like perturbation,1.0,281,pulse,60.0,0.02,0.5,expanded_right_only,semantic_expanded_right,episodic_expanded_right,response_latency,ms,726.0,210.0,516.0
main_full_field,full_field,High AD-like perturbation,1.0,313,pulse,60.0,0.02,0.5,expanded_right_only,semantic_expanded_right,episodic_expanded_right,response_latency,ms,789.0,70.0,719.0
main_full_field,full_field,High AD-like perturbation,1.0,347,pulse,60.0,0.02,0.5,expanded_right_only,semantic_expanded_right,episodic_expanded_right,response_latency,ms,504.0,34.0,470.0
main_full_field,full_field,High AD-like perturbation,1.0,383,pulse,60.0,0.02,0.5,expanded_right_only,semantic_expanded_right,episodic_expanded_right,response_latency,ms,494.0,42.0,452.0
main_full_field,full_field,High AD-like perturbation,1.0,421,pulse,60.0,0.02,0.5,expanded_right_only,semantic_expanded_right,episodic_expanded_right,response_latency,ms,876.0,40.0,836.0
main_full_field,full_field,High AD-like perturbation,1.0,461,pulse,60.0,0.02,0.5,expanded_right_only,semantic_expanded_right,episodic_expanded_right,response_latency,ms,704.0,78.0,626.0
main_full_field,full_field,High AD-like perturbation,1.0,503,pulse,60.0,0.02,0.5,expanded_right_only,semantic_expanded_right,episodic_expanded_right,response_latency,ms,815.0,104.0,711.0
main_full_field,full_field,Intermediate AD-like perturbation,0.5,11,pulse,60.0,0.02,0.5,expanded_right_only,semantic_expanded_right,episodic_expanded_right,response_latency,ms,2425.0,,
main_full_field,full_field,Intermediate AD-like perturbation,0.5,23,pulse,60.0,0.02,0.5,expanded_right_only,semantic_expanded_right,episodic_expanded_right,response_latency,ms,168.0,30.0,138.0
main_full_field,full_field,Intermediate AD-like perturbation,0.5,37,pulse,60.0,0.02,0.5,expanded_right_only,semantic_expanded_right,episodic_expanded_right,response_latency,ms,1730.0,1712.0,18.0
main_full_field,full_field,Intermediate AD-like perturbation,0.5,53,pulse,60.0,0.02,0.5,expanded_right_only,semantic_expanded_right,episodic_expanded_right,response_latency,ms,57.0,-52.0,109.0
main_full_field,full_field,Intermediate AD-like perturbation,0.5,71,pulse,60.0,0.02,0.5,expanded_right_only,semantic_expanded_right,episodic_expanded_right,response_latency,ms,2488.0,2532.0,-44.0
main_full_field,full_field,Intermediate AD-like perturbation,0.5,89,pulse,60.0,0.02,0.5,expanded_right_only,semantic_expanded_right,episodic_expanded_right,response_latency,ms,52.0,-96.0,148.0
main_full_field,full_field,Intermediate AD-like perturbation,0.5,107,pulse,60.0,0.02,0.5,expanded_right_only,semantic_expanded_right,episodic_expanded_right,response_latency,ms,2028.0,,
main_full_field,full_field,Intermediate AD-like perturbation,0.5,127,pulse,60.0,0.02,0.5,expanded_right_only,semantic_expanded_right,episodic_expanded_right,response_latency,ms,1000.0,122.0,878.0
main_full_field,full_field,Intermediate AD-like perturbation,0.5,149,pulse,60.0,0.02,0.5,expanded_right_only,semantic_expanded_right,episodic_expanded_right,response_latency,ms,83.0,-25.0,108.0
main_full_field,full_field,Intermediate AD-like perturbation,0.5,173,pulse,60.0,0.02,0.5,expanded_right_only,semantic_expanded_right,episodic_expanded_right,response_latency,ms,,,
main_full_field,full_field,Intermediate AD-like perturbation,0.5,197,pulse,60.0,0.02,0.5,expanded_right_only,semantic_expanded_right,episodic_expanded_right,response_latency,ms,1813.0,1800.0,13.0
main_full_field,full_field,Intermediate AD-like perturbation,0.5,223,pulse,60.0,0.02,0.5,expanded_right_only,semantic_expanded_right,episodic_expanded_right,response_latency,ms,2536.0,2756.0,-220.0
main_full_field,full_field,Intermediate AD-like perturbation,0.5,251,pulse,60.0,0.02,0.5,expanded_right_only,semantic_expanded_right,episodic_expanded_right,response_latency,ms,2578.0,2590.0,-12.0
main_full_field,full_field,Intermediate AD-like perturbation,0.5,281,pulse,60.0,0.02,0.5,expanded_right_only,semantic_expanded_right,episodic_expanded_right,response_latency,ms,64.0,-88.0,152.0
main_full_field,full_field,Intermediate AD-like perturbation,0.5,313,pulse,60.0,0.02,0.5,expanded_right_only,semantic_expanded_right,episodic_expanded_right,response_latency,ms,88.0,-60.0,148.0
main_full_field,full_field,Intermediate AD-like perturbation,0.5,347,pulse,60.0,0.02,0.5,expanded_right_only,semantic_expanded_right,episodic_expanded_right,response_latency,ms,91.0,-62.0,153.0
main_full_field,full_field,Intermediate AD-like perturbation,0.5,383,pulse,60.0,0.02,0.5,expanded_right_only,semantic_expanded_right,episodic_expanded_right,response_latency,ms,65.0,-12.0,77.0
main_full_field,full_field,Intermediate AD-like perturbation,0.5,421,pulse,60.0,0.02,0.5,expanded_right_only,semantic_expanded_right,episodic_expanded_right,response_latency,ms,64.0,-49.0,113.0
main_full_field,full_field,Intermediate AD-like perturbation,0.5,461,pulse,60.0,0.02,0.5,expanded_right_only,semantic_expanded_right,episodic_expanded_right,response_latency,ms,,,
main_full_field,full_field,Intermediate AD-like perturbation,0.5,503,pulse,60.0,0.02,0.5,expanded_right_only,semantic_expanded_right,episodic_expanded_right,response_latency,ms,60.0,-52.0,112.0
