set_id,draw_order,semantic_control_indices,episodic_control_indices,semantic_control_labels,episodic_control_labels,mean_standardized_match_distance
0,semantic_first,39;237;157;255;84;350;11;325;118;195;225;90;98,108;316;5;319;146;342;15;332;113;269;175;207;128;308;41;235;233;358;189,L_24dd;R_33pr;L_V3CD;R_47l;L_a9-46v;R_p47r;L_55b;R_IP0;L_PreS;R_V7;R_7PL;L_11l;L_43,L_MI;R_PHT;L_V4;R_TPOJ2;L_PFop;R_VVC;L_V7;R_VMV1;L_FOP3;R_10pp;L_STSva;R_STV;L_STSdp;R_STSdp;L_7AL;R_6v;R_6d;R_a32pr;R_FEF,0.9296328538621526
1,episodic_first,105;263;79;350;121;186;11;256;154;251;293;0;101,45;200;76;232;114;357;143;355;15;317;175;207;30;253;41;346;205;358;229,L_PoI2;R_46;L_IFJp;R_p47r;L_PeEc;R_V8;L_55b;R_a47r;L_PHA2;R_10d;R_FOP3;L_V1;L_OP2-3,L_7PL;R_LO2;L_a47r;R_3a;L_FOP2;R_PI;L_IP2;R_STSva;L_V7;R_PH;L_STSva;R_STV;L_POS1;R_44;L_7AL;R_PoI1;R_SFL;R_a32pr;R_MIP,0.9604141372528245
2,semantic_first,28;257;79;268;20;255;84;355;10;334;273;99;101,9;219;16;319;24;326;49;251;157;232;109;225;50;295;44;285;217;254;252,L_7Pm;R_6r;L_IFJp;R_a10p;L_LO2;R_47l;L_a9-46v;R_STSva;L_PEF;R_PHA2;R_47s;L_OP4;L_OP2-3,L_FEF;R_24dd;L_IPS1;R_TPOJ2;L_PSL;R_PFop;L_MIP;R_10d;L_V3CD;R_3a;L_Pir;R_7PL;L_1;R_PFt;L_7Am;R_PoI2;R_23c;R_45;R_8C,0.9441715195072713
3,episodic_first,96;265;125;197;154;359;61;210;93;300;204;11;4,9;219;78;207;151;218;49;266;94;319;15;228;46;217;50;285;184;181;227,L_i6-8;R_9-46d;L_PHA1;R_FFC;L_PHA2;R_p24;L_d32;R_POS1;L_47s;R_ProS;R_PSL;L_55b;L_V3,L_FEF;R_24dd;L_IFJa;R_STV;L_V6A;R_5L;L_MIP;R_9a;L_LIPd;R_TPOJ2;L_V7;R_VIP;L_7PC;R_23c;L_1;R_PoI2;R_V3;R_MST;R_LIPv,0.956693452216264
4,semantic_first,3;256;157;258;93;305;40;321;22;344;250;61;156,37;287;5;323;24;198;15;228;108;296;28;207;53;233;128;187;355;279;210,L_V2;R_a47r;L_V3CD;R_IFJa;L_47s;R_PHA1;L_24dv;R_DVT;L_MT;R_s32;R_9p;L_d32;L_FST,L_23c;R_FOP4;L_V4;R_IP2;L_PSL;R_V3B;L_V7;R_VIP;L_MI;R_AIP;L_7Pm;R_STV;L_6d;R_6d;L_STSdp;R_4;R_STSva;R_OP4;R_POS1,0.9277252166597523
5,episodic_first,17;252;35;298;82;320;111;358;121;286;251;88;100,105;268;115;269;27;250;80;344;45;342;138;347;128;221;83;253;218;181;266,L_FFC;R_8C;L_5m;R_PreS;L_p9-46v;R_TPOJ3;L_AAIC;R_a32pr;L_PeEc;R_TA2;R_10d;L_a10p;L_OP1,L_PoI2;R_a10p;L_PFt;R_10pp;L_STV;R_9p;L_IFSp;R_s32;L_7PL;R_VVC;L_TPOJ1;R_Ig;L_STSdp;R_7AL;L_46;R_44;R_5L;R_MST;R_9a,1.0661212807639209
6,semantic_first,52;237;58;197;118;274;11;249;88;334;347;168;74,73;181;53;309;139;207;38;286;97;185;2;227;47;221;49;217;317;268;260,L_3a;R_33pr;L_a24pr;R_FFC;L_PreS;R_LIPd;L_55b;R_8BL;L_a10p;R_PHA2;R_Ig;L_FOP5;L_45,L_44;R_MST;L_6d;R_STSvp;L_TPOJ2;R_STV;L_5L;R_TA2;L_s6-8;R_V4;L_V6;R_LIPv;L_LIPv;R_7AL;L_MIP;R_23c;R_PH;R_a10p;R_IFSp,0.780148824661971
7,episodic_first,72;189;164;305;168;273;96;321;154;342;355;92;78,144;337;5;221;167;331;79;250;48;323;105;325;43;285;66;224;234;350;296,L_8C;R_FEF;L_s32;R_PHA1;L_FOP5;R_47s;L_i6-8;R_DVT;L_PHA2;R_VVC;R_STSva;L_OFC;L_IFJa,L_IP1;R_V3CD;L_V4;R_7AL;L_Ig;R_V6A;L_IFJp;R_9p;L_VIP;R_IP2;L_PoI2;R_IP0;L_6ma;R_PoI2;L_8Av;R_7Am;R_6mp;R_p47r;R_AIP,0.8599859313583155
8,semantic_first,17;291;164;190;82;202;116;184;1;259;250;92;99,138;292;78;300;113;342;15;228;105;232;145;274;25;296;30;346;233;337;263,L_FFC;R_AAIC;L_s32;R_PEF;L_p9-46v;R_MT;L_AIP;R_V3;L_MST;R_IFJp;R_9p;L_OFC;L_OP4,L_TPOJ1;R_FOP1;L_IFJa;R_ProS;L_FOP3;R_VVC;L_V7;R_VIP;L_PoI2;R_3a;L_IP0;R_LIPd;L_SFL;R_AIP;L_POS1;R_PoI1;R_6d;R_V3CD;R_46,0.9060793920569578
9,episodic_first,52;237;125;220;126;272;71;288;154;273;293;1;0,73;182;107;260;169;218;145;326;94;300;109;357;48;296;8;233;278;271;252,L_3a;R_33pr;L_PHA1;R_24dv;L_PHA3;R_OFC;L_10d;R_MI;L_PHA2;R_47s;R_FOP3;L_MST;L_V1,L_44;R_V6;L_FOP4;R_IFSp;L_p10p;R_5L;L_IP0;R_PFop;L_LIPd;R_ProS;L_Pir;R_PI;L_VIP;R_AIP;L_3b;R_6d;R_43;R_13l;R_8C,0.929152574466982
10,semantic_first,72;265;122;289;22;202;81;317;6;339;347;84;104,49;219;98;300;27;238;79;274;145;263;146;309;141;217;30;233;319;268;187,L_8C;R_9-46d;L_STGa;R_Pir;L_MT;R_MT;L_IFSa;R_PH;L_V8;R_VMV2;R_Ig;L_a9-46v;L_PFcm,L_MIP;R_24dd;L_43;R_ProS;L_STV;R_a24pr;L_IFJp;R_LIPd;L_IP0;R_46;L_PFop;R_STSvp;L_DVT;R_23c;L_POS1;R_6d;R_TPOJ2;R_a10p;R_4,0.8767004819968041
11,episodic_first,40;235;152;197;159;190;170;249;71;236;355;4;98,12;202;99;225;167;326;79;300;86;319;146;288;44;185;141;205;229;348;233,L_24dv;R_6v;L_VMV1;R_FFC;L_VMV2;R_PEF;L_p47r;R_8BL;L_10d;R_p24pr;R_STSva;L_V3;L_43,L_V3A;R_MT;L_OP4;R_7PL;L_Ig;R_PFop;L_IFJp;R_ProS;L_9a;R_TPOJ2;L_PFop;R_MI;L_7Am;R_V4;L_DVT;R_SFL;R_MIP;R_FOP5;R_6d,1.0074483460576698
12,semantic_first,52;275;139;337;121;271;96;278;164;339;288;91;78,49;280;169;319;27;342;138;266;105;309;143;250;30;296;144;224;235;239;205,L_3a;R_6a;L_TPOJ2;R_V3CD;L_PeEc;R_13l;L_i6-8;R_43;L_s32;R_VMV2;R_MI;L_13l;L_IFJa,L_MIP;R_OP1;L_p10p;R_TPOJ2;L_STV;R_VVC;L_TPOJ1;R_9a;L_PoI2;R_STSvp;L_IP2;R_9p;L_POS1;R_AIP;L_IP1;R_7Am;R_6v;R_p32pr;R_SFL,0.8722476093753146
13,episodic_first,45;266;35;220;19;202;111;196;154;332;316;90;74,128;347;16;207;100;357;48;274;151;235;55;317;14;295;8;327;253;289;188,L_7PL;R_9a;L_5m;R_24dv;L_LO1;R_MT;L_AAIC;R_IPS1;L_PHA2;R_VMV1;R_PHT;L_11l;L_45,L_STSdp;R_Ig;L_IPS1;R_STV;L_OP1;R_PI;L_VIP;R_LIPd;L_V6A;R_6v;L_6v;R_PH;L_POS2;R_PFt;L_3b;R_PF;R_44;R_Pir;R_3b,0.8777312132496098
14,semantic_first,52;205;125;336;65;202;70;256;154;332;288;168;177,166;284;5;326;113;225;48;355;18;228;55;347;14;346;147;357;233;241;296,L_3a;R_SFL;L_PHA1;R_FST;L_47m;R_MT;L_9p;R_a47r;L_PHA2;R_VMV1;R_MI;L_FOP5;L_PI,L_PoI1;R_PFcm;L_V4;R_PFop;L_FOP3;R_7PL;L_VIP;R_STSva;L_V3B;R_VIP;L_6v;R_Ig;L_POS2;R_PoI1;L_PF;R_PI;R_6d;R_d32;R_AIP,0.8572378374844704
15,episodic_first,59;259;40;359;82;251;110;230;60;333;325;20;3,129;281;100;326;5;250;15;225;151;261;94;355;141;295;30;346;319;258;208,L_p32pr;R_IFJp;L_24dv;R_p24;L_p9-46v;R_10d;L_AVI;R_1;L_a24;R_VMV3;R_IP0;L_LO2;L_V2,L_STSvp;R_OP2-3;L_OP1;R_PFop;L_V4;R_9p;L_V7;R_7PL;L_V6A;R_IFSa;L_LIPd;R_STSva;L_DVT;R_PFt;L_POS1;R_PoI1;R_TPOJ2;R_IFJa;R_7Pm,1.0110497452868203
16,semantic_first,86;221;164;272;21;339;111;256;154;274;331;82;112,146;202;115;185;98;195;139;302;105;217;15;326;129;257;147;229;253;287;188,L_9a;R_7AL;L_s32;R_OFC;L_PIT;R_VMV2;L_AAIC;R_a47r;L_PHA2;R_LIPd;R_V6A;L_p9-46v;L_FOP1,L_PFop;R_MT;L_PFt;R_V4;L_43;R_V7;L_TPOJ2;R_STGa;L_PoI2;R_23c;L_V7;R_PFop;L_STSvp;R_6r;L_PF;R_MIP;R_44;R_FOP4;R_3b,0.9533889715344388
17,episodic_first,141;291;63;268;153;339;71;249;89;236;357;61;24,144;219;78;295;101;273;18;208;80;235;2;274;53;257;41;230;252;241;221,L_DVT;R_AAIC;L_p32;R_a10p;L_VMV3;R_VMV2;L_10d;R_8BL;L_10pp;R_p24pr;R_PI;L_d32;L_PSL,L_IP1;R_24dd;L_IFJa;R_PFt;L_OP2-3;R_47s;L_V3B;R_7Pm;L_IFSp;R_6v;L_V6;R_LIPd;L_6d;R_6r;L_7AL;R_1;R_8C;R_d32;R_7AL,0.9312280072412724
18,semantic_first,77;257;97;200;84;339;69;227;10;198;279;78;141,48;280;47;218;18;245;79;221;2;357;49;195;8;285;30;252;355;241;275,L_6r;R_6r;L_s6-8;R_LO2;L_a9-46v;R_VMV2;L_8BL;R_LIPv;L_PEF;R_V3B;R_OP4;L_IFJa;L_DVT,L_VIP;R_OP1;L_LIPv;R_5L;L_V3B;R_47m;L_IFJp;R_7AL;L_V6;R_PI;L_MIP;R_V7;L_3b;R_PoI2;L_POS1;R_8C;R_STSva;R_d32;R_6a,0.9884745529292177
19,episodic_first,144;256;63;339;164;201;82;239;89;301;204;96;104,108;202;177;185;156;342;157;286;12;228;105;355;74;285;128;327;217;336;346,L_IP1;R_a47r;L_p32;R_VMV2;L_s32;R_PIT;L_p9-46v;R_p32pr;L_10pp;R_PeEc;R_PSL;L_i6-8;L_PFcm,L_MI;R_MT;L_PI;R_V4;L_FST;R_VVC;L_V3CD;R_TA2;L_V3A;R_VIP;L_PoI2;R_STSva;L_45;R_PoI2;L_STSdp;R_PF;R_23c;R_FST;R_PoI1,0.8723837558787232
20,semantic_first,39;266;17;271;81;264;71;220;118;291;357;169;137,144;219;104;326;48;251;49;274;108;228;151;225;4;208;147;226;235;289;288,L_24dd;R_9a;L_FFC;R_13l;L_IFSa;R_a9-46v;L_10d;R_24dv;L_PreS;R_AAIC;R_PI;L_p10p;L_PH,L_IP1;R_24dd;L_PFcm;R_PFop;L_VIP;R_10d;L_MIP;R_LIPd;L_MI;R_VIP;L_V6A;R_7PL;L_V3;R_7Pm;L_PF;R_7PC;R_6v;R_Pir;R_MI,0.8918796462347501
21,episodic_first,141;263;152;271;22;198;71;288;10;238;331;81;25,143;336;98;342;27;286;169;319;108;295;105;325;38;218;43;187;285;192;208,L_DVT;R_46;L_VMV1;R_13l;L_MT;R_V3B;L_10d;R_MI;L_PEF;R_a24pr;R_V6A;L_IFSa;L_SFL,L_IP2;R_FST;L_43;R_VVC;L_STV;R_TA2;L_p10p;R_TPOJ2;L_MI;R_PFt;L_PoI2;R_IP0;L_5L;R_5L;L_6ma;R_4;R_PoI2;R_V3A;R_7Pm,0.9674819994303046
22,semantic_first,5;266;122;273;89;332;57;253;22;338;279;71;4,105;336;129;269;101;207;97;309;79;263;94;288;37;230;77;226;355;292;188,L_V4;R_9a;L_STGa;R_47s;L_10pp;R_VMV1;L_33pr;R_44;L_MT;R_LO3;R_OP4;L_10d;L_V3,L_PoI2;R_FST;L_STSvp;R_10pp;L_OP2-3;R_STV;L_s6-8;R_STSvp;L_IFJp;R_46;L_LIPd;R_MI;L_23c;R_1;L_6r;R_7PC;R_STSva;R_FOP1;R_3b,0.9775184380025475
23,episodic_first,39;266;165;271;19;268;42;189;20;332;326;1;24,12;241;112;317;18;357;109;302;108;291;27;251;141;232;30;234;184;337;256,L_24dd;R_9a;L_pOFC;R_13l;L_LO1;R_a10p;L_SCEF;R_FEF;L_LO2;R_VMV1;R_PFop;L_MST;L_PSL,L_V3A;R_d32;L_FOP1;R_PH;L_V3B;R_PI;L_Pir;R_STGa;L_MI;R_AAIC;L_STV;R_10d;L_DVT;R_3a;L_POS1;R_6mp;R_V3;R_V3CD;R_a47r,0.9156141966748701
24,semantic_first,17;263;89;289;1;186;5;288;6;339;331;116;78,37;192;101;207;146;286;157;332;2;355;48;349;148;285;46;319;184;287;252,L_FFC;R_46;L_10pp;R_Pir;L_MST;R_V8;L_V4;R_MI;L_V8;R_VMV2;R_V6A;L_AIP;L_IFJa,L_23c;R_V3A;L_OP2-3;R_STV;L_PFop;R_TA2;L_V3CD;R_VMV1;L_V6;R_STSva;L_VIP;R_p10p;L_PFm;R_PoI2;L_7PC;R_TPOJ2;R_V3;R_FOP4;R_8C,1.0572892990904532
25,episodic_first,45;295;165;305;76;251;40;196;10;243;288;1;115,36;289;91;225;100;355;143;208;109;259;167;293;41;317;166;226;257;294;296,L_7PL;R_PFt;L_pOFC;R_PHA1;L_a47r;R_10d;L_24dv;R_IPS1;L_PEF;R_p32;R_MI;L_MST;L_PFt,L_5mv;R_Pir;L_13l;R_7PL;L_OP1;R_STSva;L_IP2;R_7Pm;L_Pir;R_IFJp;L_Ig;R_FOP3;L_7AL;R_PH;L_PoI1;R_7PC;R_6r;R_FOP2;R_AIP,1.001809919677806
26,semantic_first,143;291;125;359;21;190;107;278;58;332;207;11;3,83;241;16;342;27;245;108;300;55;218;105;357;50;233;49;252;257;181;263,L_IP2;R_AAIC;L_PHA1;R_p24;L_PIT;R_PEF;L_FOP4;R_43;L_a24pr;R_VMV1;R_STV;L_55b;L_V2,L_46;R_d32;L_IPS1;R_VVC;L_STV;R_47m;L_MI;R_ProS;L_6v;R_5L;L_PoI2;R_PI;L_1;R_6d;L_MIP;R_8C;R_6r;R_MST;R_46,0.9648798815908423
27,episodic_first,136;189;17;359;153;200;107;321;92;339;204;22;16,38;316;112;269;143;331;139;306;140;300;94;319;156;234;128;233;207;199;235,L_PHT;R_FEF;L_FFC;R_p24;L_VMV3;R_LO2;L_FOP4;R_DVT;L_OFC;R_VMV2;R_PSL;L_MT;L_IPS1,L_5L;R_PHT;L_FOP1;R_10pp;L_IP2;R_V6A;L_TPOJ2;R_PHA3;L_TPOJ3;R_ProS;L_LIPd;R_TPOJ2;L_FST;R_6mp;L_STSdp;R_6d;R_STV;R_LO1;R_6v,0.9837970962913114
28,semantic_first,59;275;63;338;121;201;11;239;165;301;288;72;177,128;192;76;319;175;306;48;332;151;296;28;227;14;252;30;323;266;336;253,L_p32pr;R_6a;L_p32;R_LO3;L_PeEc;R_PIT;L_55b;R_p32pr;L_pOFC;R_PeEc;R_MI;L_8C;L_PI,L_STSdp;R_V3A;L_a47r;R_TPOJ2;L_STSva;R_PHA3;L_VIP;R_VMV1;L_V6A;R_AIP;L_7Pm;R_LIPv;L_POS2;R_8C;L_POS1;R_IP2;R_9a;R_FST;R_44,0.9346473818175106
29,episodic_first,77;256;22;245;91;349;40;229;19;344;278;0;141,166;316;101;326;38;347;55;357;139;228;49;207;14;252;44;328;293;254;188,L_6r;R_a47r;L_MT;R_47m;L_13l;R_p10p;L_24dv;R_MIP;L_LO1;R_s32;R_43;L_V1;L_DVT,L_PoI1;R_PHT;L_OP2-3;R_PFop;L_5L;R_Ig;L_6v;R_PI;L_TPOJ2;R_VIP;L_MIP;R_STV;L_POS2;R_8C;L_7Am;R_PFm;R_FOP3;R_45;R_3b,0.9326230708395578
30,semantic_first,40;261;178;350;118;268;88;223;10;332;274;81;114,2;349;115;319;18;218;97;198;94;221;15;355;38;234;49;205;296;320;232,L_24dv;R_IFSa;L_a32pr;R_p47r;L_PreS;R_a10p;L_a10p;R_6ma;L_PEF;R_VMV1;R_LIPd;L_IFSa;L_FOP2,L_V6;R_p10p;L_PFt;R_TPOJ2;L_V3B;R_5L;L_s6-8;R_V3B;L_LIPd;R_7AL;L_V7;R_STSva;L_5L;R_6mp;L_MIP;R_SFL;R_AIP;R_TPOJ3;R_3a,1.023598194853648
31,episodic_first,83;196;1;238;88;339;72;229;155;298;184;168;116,108;182;112;259;101;320;167;357;17;225;55;325;50;208;66;217;250;255;260,L_46;R_IPS1;L_MST;R_a24pr;L_a10p;R_VMV2;L_8C;R_MIP;L_V4t;R_PreS;R_V3;L_FOP5;L_AIP,L_MI;R_V6;L_FOP1;R_IFJp;L_OP2-3;R_TPOJ3;L_Ig;R_PI;L_FFC;R_7PL;L_6v;R_IP0;L_1;R_7Pm;L_8Av;R_23c;R_9p;R_47l;R_IFSp,0.9506721751665939
32,semantic_first,107;260;58;268;91;198;111;196;21;334;325;96;156,144;358;116;269;27;271;157;326;97;319;151;225;104;229;148;296;233;199;221,L_FOP4;R_IFSp;L_a24pr;R_a10p;L_13l;R_V3B;L_AAIC;R_IPS1;L_PIT;R_PHA2;R_IP0;L_i6-8;L_FST,L_IP1;R_a32pr;L_AIP;R_10pp;L_STV;R_13l;L_V3CD;R_PFop;L_s6-8;R_TPOJ2;L_V6A;R_7PL;L_PFcm;R_MIP;L_PFm;R_AIP;R_6d;R_LO1;R_7AL,0.926734631782479
33,episodic_first,45;225;165;197;159;337;57;227;164;333;293;16;156,166;281;107;260;113;218;2;342;145;296;140;274;36;224;46;285;317;181;217,L_7PL;R_7PL;L_pOFC;R_FFC;L_VMV2;R_V3CD;L_33pr;R_LIPv;L_s32;R_VMV3;R_FOP3;L_IPS1;L_FST,L_PoI1;R_OP2-3;L_FOP4;R_IFSp;L_FOP3;R_5L;L_V6;R_VVC;L_IP0;R_AIP;L_TPOJ3;R_LIPd;L_5mv;R_7Am;L_7PC;R_PoI2;R_PH;R_MST;R_23c,0.9413385918790311
34,semantic_first,39;237;179;200;65;273;69;196;19;251;215;22;112,129;293;78;300;79;320;175;228;146;218;128;195;41;295;166;224;266;289;232,L_24dd;R_33pr;L_p24;R_LO2;L_47m;R_47s;L_8BL;R_IPS1;L_LO1;R_10d;R_5m;L_MT;L_FOP1,L_STSvp;R_FOP3;L_IFJa;R_ProS;L_IFJp;R_TPOJ3;L_STSva;R_VIP;L_PFop;R_5L;L_STSdp;R_V7;L_7AL;R_PFt;L_PoI1;R_7Am;R_9a;R_Pir;R_3a,0.9004604030171587
35,episodic_first,70;317;111;359;164;339;72;355;65;302;196;92;24,138;349;115;295;94;225;145;208;79;195;151;185;36;275;46;232;288;241;188,L_9p;R_PH;L_AAIC;R_p24;L_s32;R_VMV2;L_8C;R_STSva;L_47m;R_STGa;R_IPS1;L_OFC;L_PSL,L_TPOJ1;R_p10p;L_PFt;R_PFt;L_LIPd;R_7PL;L_IP0;R_7Pm;L_IFJp;R_V7;L_V6A;R_V4;L_5mv;R_6a;L_7PC;R_3a;R_MI;R_d32;R_3b,0.9248386824108998
36,semantic_first,39;222;159;197;58;273;57;293;65;236;207;116;74,38;281;4;185;108;319;157;344;151;309;138;215;48;227;128;217;235;249;221,L_24dd;R_SCEF;L_VMV2;R_FFC;L_a24pr;R_47s;L_33pr;R_FOP3;L_47m;R_p24pr;R_STV;L_AIP;L_45,L_5L;R_OP2-3;L_V3;R_V4;L_MI;R_TPOJ2;L_V3CD;R_s32;L_V6A;R_STSvp;L_TPOJ1;R_5m;L_VIP;R_LIPv;L_STSdp;R_23c;R_6v;R_8BL;R_7AL,1.00845280553551
37,episodic_first,52;263;89;220;93;268;116;266;91;236;274;75;141,37;200;156;261;169;251;151;250;179;185;146;331;3;233;144;218;288;239;188,L_3a;R_46;L_10pp;R_24dv;L_47s;R_a10p;L_AIP;R_9a;L_13l;R_p24pr;R_LIPd;L_47l;L_DVT,L_23c;R_LO2;L_FST;R_IFSa;L_p10p;R_10d;L_V6A;R_9p;L_p24;R_V4;L_PFop;R_V6A;L_V2;R_6d;L_IP1;R_5L;R_MI;R_p32pr;R_3b,0.9613160392525346
38,semantic_first,39;237;178;271;71;197;84;189;159;238;331;61;76,28;254;4;250;38;326;146;332;108;228;15;325;8;188;147;232;208;336;252,L_24dd;R_33pr;L_a32pr;R_13l;L_10d;R_FFC;L_a9-46v;R_FEF;L_VMV2;R_a24pr;R_V6A;L_d32;L_a47r,L_7Pm;R_45;L_V3;R_9p;L_5L;R_PFop;L_PFop;R_VMV1;L_MI;R_VIP;L_V7;R_IP0;L_3b;R_3b;L_PF;R_3a;R_7Pm;R_FST;R_8C,0.8484658156878544
39,episodic_first,72;225;158;359;19;264;84;278;88;243;227;75;156,138;294;98;309;175;250;59;221;146;235;105;251;104;208;46;319;188;358;252,L_8C;R_7PL;L_LO3;R_p24;L_LO1;R_a9-46v;L_a9-46v;R_43;L_a10p;R_p32;R_LIPv;L_47l;L_FST,L_TPOJ1;R_FOP2;L_43;R_STSvp;L_STSva;R_9p;L_p32pr;R_7AL;L_PFop;R_6v;L_PoI2;R_10d;L_PFcm;R_7Pm;L_7PC;R_TPOJ2;R_3b;R_a32pr;R_8C,0.9198424118187118
40,semantic_first,166;317;158;220;81;272;111;196;71;271;215;22;74,128;192;112;309;47;195;48;185;139;319;94;218;53;346;36;328;229;320;275,L_PoI1;R_PH;L_LO3;R_24dv;L_IFSa;R_OFC;L_AAIC;R_IPS1;L_10d;R_13l;R_5m;L_MT;L_45,L_STSdp;R_V3A;L_FOP1;R_STSvp;L_LIPv;R_V7;L_VIP;R_V4;L_TPOJ2;R_TPOJ2;L_LIPd;R_5L;L_6d;R_PoI1;L_5mv;R_PFm;R_MIP;R_TPOJ3;R_6a,0.9447958572625483
41,episodic_first,80;222;151;359;89;274;52;205;154;332;271;118;16,9;287;101;221;79;325;38;331;109;357;146;326;25;232;46;224;278;292;296,L_IFSp;R_SCEF;L_V6A;R_p24;L_10pp;R_LIPd;L_3a;R_SFL;L_PHA2;R_VMV1;R_13l;L_PreS;L_IPS1,L_FEF;R_FOP4;L_OP2-3;R_7AL;L_IFJp;R_IP0;L_5L;R_V6A;L_Pir;R_PI;L_PFop;R_PFop;L_SFL;R_3a;L_7PC;R_7Am;R_43;R_FOP1;R_AIP,0.9374858083551362
42,semantic_first,43;185;125;348;121;200;67;250;93;298;355;20;38,28;280;78;269;101;218;94;198;113;326;139;208;30;229;14;205;233;219;308,L_6ma;R_V4;L_PHA1;R_FOP5;L_PeEc;R_LO2;L_8Ad;R_9p;L_47s;R_PreS;R_STSva;L_LO2;L_5L,L_7Pm;R_OP1;L_IFJa;R_10pp;L_OP2-3;R_5L;L_LIPd;R_V3B;L_FOP3;R_PFop;L_TPOJ2;R_7Pm;L_POS1;R_MIP;L_POS2;R_SFL;R_6d;R_24dd;R_STSdp,0.9961714819598607
43,episodic_first,70;309;151;272;6;273;88;250;19;344;196;92;47,144;202;78;185;167;339;48;207;145;291;146;288;44;229;128;187;278;258;321,L_9p;R_STSvp;L_V6A;R_OFC;L_V8;R_47s;L_a10p;R_9p;L_LO1;R_s32;R_IPS1;L_OFC;L_LIPv,L_IP1;R_MT;L_IFJa;R_V4;L_Ig;R_VMV2;L_VIP;R_STV;L_IP0;R_AAIC;L_PFop;R_MI;L_7Am;R_MIP;L_STSdp;R_4;R_43;R_IFJa;R_DVT,0.9544051986966929
44,semantic_first,107;227;15;350;121;198;76;189;20;334;196;84;104,37;280;5;221;108;339;113;357;55;309;105;185;50;217;66;228;321;202;253,L_FOP4;R_LIPv;L_V7;R_p47r;L_PeEc;R_V3B;L_a47r;R_FEF;L_LO2;R_PHA2;R_IPS1;L_a9-46v;L_PFcm,L_23c;R_OP1;L_V4;R_7AL;L_MI;R_VMV2;L_FOP3;R_PI;L_6v;R_STSvp;L_PoI2;R_V4;L_1;R_23c;L_8Av;R_VIP;R_DVT;R_MT;R_44,0.8685196366785293
45,episodic_first,96;263;125;298;84;241;141;196;121;359;207;93;3,27;219;115;326;139;286;49;323;15;251;140;198;48;357;144;285;296;239;288,L_i6-8;R_46;L_PHA1;R_PreS;L_a9-46v;R_d32;L_DVT;R_IPS1;L_PeEc;R_p24;R_STV;L_47s;L_V2,L_STV;R_24dd;L_PFt;R_PFop;L_TPOJ2;R_TA2;L_MIP;R_IP2;L_V7;R_10d;L_TPOJ3;R_V3B;L_VIP;R_PI;L_IP1;R_PoI2;R_AIP;R_p32pr;R_MI,0.9590261516281798
46,semantic_first,86;260;91;336;93;245;116;288;35;334;251;96;3,128;287;98;326;139;325;157;300;27;227;109;317;104;285;74;319;230;289;188,L_9a;R_IFSp;L_13l;R_FST;L_47s;R_47m;L_AIP;R_MI;L_5m;R_PHA2;R_10d;L_i6-8;L_V2,L_STSdp;R_FOP4;L_43;R_PFop;L_TPOJ2;R_IP0;L_V3CD;R_ProS;L_STV;R_LIPv;L_Pir;R_PH;L_PFcm;R_PoI2;L_45;R_TPOJ2;R_1;R_Pir;R_3b,0.9570746697538608
47,episodic_first,47;266;58;251;22;271;111;256;6;344;254;69;114,105;336;4;225;24;339;157;295;140;218;79;278;25;327;9;285;196;249;346,L_LIPv;R_9a;L_a24pr;R_10d;L_MT;R_13l;L_AAIC;R_a47r;L_V8;R_s32;R_45;L_8BL;L_FOP2,L_PoI2;R_FST;L_V3;R_7PL;L_PSL;R_VMV2;L_V3CD;R_PFt;L_TPOJ3;R_5L;L_IFJp;R_43;L_SFL;R_PF;L_FEF;R_PoI2;R_IPS1;R_8BL;R_PoI1,0.9295655179255407
48,semantic_first,52;250;169;186;20;271;57;227;63;339;273;91;5,49;347;101;323;27;238;79;342;179;266;94;317;47;229;77;234;233;202;321,L_3a;R_9p;L_p10p;R_V8;L_LO2;R_13l;L_33pr;R_LIPv;L_p32;R_VMV2;R_47s;L_13l;L_V4,L_MIP;R_Ig;L_OP2-3;R_IP2;L_STV;R_a24pr;L_IFJp;R_VVC;L_p24;R_9a;L_LIPd;R_PH;L_LIPv;R_MIP;L_6r;R_6mp;R_6d;R_MT;R_DVT,0.9571818218170531
49,episodic_first,128;259;109;255;91;348;3;278;61;298;325;88;177,28;279;104;295;146;269;94;251;86;217;138;320;50;221;166;252;208;358;234,L_STSdp;R_IFJp;L_Pir;R_47l;L_13l;R_FOP5;L_V2;R_43;L_d32;R_PreS;R_IP0;L_a10p;L_PI,L_7Pm;R_OP4;L_PFcm;R_PFt;L_PFop;R_10pp;L_LIPd;R_10d;L_9a;R_23c;L_TPOJ1;R_TPOJ3;L_1;R_7AL;L_PoI1;R_8C;R_7Pm;R_a32pr;R_6mp,1.0214316816999465
50,semantic_first,83;256;157;241;164;332;88;257;154;274;320;19;101,2;280;177;195;115;273;15;331;18;251;80;250;54;323;77;208;230;201;189,L_46;R_a47r;L_V3CD;R_d32;L_s32;R_VMV1;L_a10p;R_6r;L_PHA2;R_LIPd;R_TPOJ3;L_LO1;L_OP2-3,L_V6;R_OP1;L_PI;R_V7;L_PFt;R_47s;L_V7;R_V6A;L_V3B;R_10d;L_IFSp;R_9p;L_6mp;R_IP2;L_6r;R_7Pm;R_1;R_PIT;R_FEF,0.9949468505365087
51,episodic_first,72;288;152;338;75;349;81;358;93;297;274;118;4,27;268;76;250;101;320;169;319;55;266;175;317;25;229;36;194;257;255;233,L_8C;R_MI;L_VMV1;R_LO3;L_47l;R_p10p;L_IFSa;R_a32pr;L_47s;R_EC;R_LIPd;L_PreS;L_V3,L_STV;R_a10p;L_a47r;R_9p;L_OP2-3;R_TPOJ3;L_p10p;R_TPOJ2;L_6v;R_9a;L_STSva;R_PH;L_SFL;R_MIP;L_5mv;R_POS2;R_6r;R_47l;R_6d,0.9622897915047931
52,semantic_first,144;317;111;197;125;359;84;205;20;269;198;75;24,166;358;5;309;47;339;140;251;139;274;146;325;36;235;107;224;293;219;188,L_IP1;R_PH;L_AAIC;R_FFC;L_PHA1;R_p24;L_a9-46v;R_SFL;L_LO2;R_10pp;R_V3B;L_47l;L_PSL,L_PoI1;R_a32pr;L_V4;R_STSvp;L_LIPv;R_VMV2;L_TPOJ3;R_10d;L_TPOJ2;R_LIPd;L_PFop;R_IP0;L_5mv;R_6v;L_FOP4;R_7Am;R_FOP3;R_24dd;R_3b,0.9698702119038576
53,episodic_first,96;196;158;198;154;202;82;230;165;338;273;11;74,129;287;5;306;113;347;55;266;167;228;145;250;54;235;48;188;317;272;257,L_i6-8;R_IPS1;L_LO3;R_V3B;L_PHA2;R_MT;L_p9-46v;R_1;L_pOFC;R_LO3;R_47s;L_55b;L_45,L_STSvp;R_FOP4;L_V4;R_PHA3;L_FOP3;R_Ig;L_6v;R_9a;L_Ig;R_VIP;L_IP0;R_9p;L_6mp;R_6v;L_VIP;R_3b;R_PH;R_OFC;R_6r,1.0103940179722208
54,semantic_first,143;277;15;200;84;359;39;317;6;297;278;99;90,12;347;16;300;79;273;18;295;97;355;86;196;156;346;147;328;207;268;205,L_IP2;R_s6-8;L_V7;R_LO2;L_a9-46v;R_p24;L_24dd;R_PH;L_V8;R_EC;R_43;L_OP4;L_11l,L_V3A;R_Ig;L_IPS1;R_ProS;L_IFJp;R_47s;L_V3B;R_PFt;L_s6-8;R_STSva;L_9a;R_IPS1;L_FST;R_PoI1;L_PF;R_PFm;R_STV;R_a10p;R_SFL,0.9659331155125577
55,episodic_first,59;208;158;241;22;272;81;229;19;332;218;118;4,9;336;91;225;104;339;79;286;2;357;48;274;50;232;8;226;266;200;261,L_p32pr;R_7Pm;L_LO3;R_d32;L_MT;R_OFC;L_IFSa;R_MIP;L_LO1;R_VMV1;R_5L;L_PreS;L_V3,L_FEF;R_FST;L_13l;R_7PL;L_PFcm;R_VMV2;L_IFJp;R_TA2;L_V6;R_PI;L_VIP;R_LIPd;L_1;R_3a;L_3b;R_7PC;R_9a;R_LO2;R_IFSa,0.8524649868171829
56,semantic_first,96;256;97;359;121;199;136;210;35;236;198;78;76,143;254;114;309;139;331;167;326;113;295;59;358;30;308;41;252;208;272;257,L_i6-8;R_a47r;L_s6-8;R_p24;L_PeEc;R_LO1;L_PHT;R_POS1;L_5m;R_p24pr;R_V3B;L_IFJa;L_a47r,L_IP2;R_45;L_FOP2;R_STSvp;L_TPOJ2;R_V6A;L_Ig;R_PFop;L_FOP3;R_PFt;L_p32pr;R_a32pr;L_POS1;R_STSdp;L_7AL;R_8C;R_7Pm;R_OFC;R_6r,0.9645448538438435
57,episodic_first,77;265;140;197;19;268;69;288;118;333;207;61;137,146;280;16;286;108;195;55;357;94;269;175;278;3;235;129;319;189;336;227,L_6r;R_9-46d;L_TPOJ3;R_FFC;L_LO1;R_a10p;L_8BL;R_MI;L_PreS;R_VMV3;R_STV;L_d32;L_PH,L_PFop;R_OP1;L_IPS1;R_TA2;L_MI;R_V7;L_6v;R_PI;L_LIPd;R_10pp;L_STSva;R_43;L_V2;R_6v;L_STSvp;R_TPOJ2;R_FEF;R_FST;R_LIPv,0.8324458811092349
58,semantic_first,129;228;63;337;11;338;116;358;22;236;198;118;101,73;241;104;357;128;347;48;226;139;205;18;309;30;285;80;208;217;336;252,L_STSvp;R_VIP;L_p32;R_V3CD;L_55b;R_LO3;L_AIP;R_a32pr;L_MT;R_p24pr;R_V3B;L_PreS;L_OP2-3,L_44;R_d32;L_PFcm;R_PI;L_STSdp;R_Ig;L_VIP;R_7PC;L_TPOJ2;R_SFL;L_V3B;R_STSvp;L_POS1;R_PoI2;L_IFSp;R_7Pm;R_23c;R_FST;R_8C,0.9993681362729538
59,episodic_first,73;317;22;349;164;245;69;189;121;332;218;20;74,80;180;156;195;27;274;140;302;146;232;157;227;36;235;37;188;266;337;257,L_44;R_PH;L_MT;R_p10p;L_s32;R_47m;L_8BL;R_FEF;L_PeEc;R_VMV1;R_5L;L_LO2;L_45,L_IFSp;R_V1;L_FST;R_V7;L_STV;R_LIPd;L_TPOJ3;R_STGa;L_PFop;R_3a;L_V3CD;R_LIPv;L_5mv;R_6v;L_23c;R_3b;R_9a;R_V3CD;R_6r,0.8740207234045245
60,semantic_first,43;222;122;197;121;331;57;254;165;342;215;75;177,138;180;116;323;94;269;105;309;79;319;70;225;38;230;8;285;221;337;253,L_6ma;R_SCEF;L_STGa;R_FFC;L_PeEc;R_V6A;L_33pr;R_45;L_pOFC;R_VVC;R_5m;L_47l;L_PI,L_TPOJ1;R_V1;L_AIP;R_IP2;L_LIPd;R_10pp;L_PoI2;R_STSvp;L_IFJp;R_TPOJ2;L_9p;R_7PL;L_5L;R_1;L_3b;R_PoI2;R_7AL;R_V3CD;R_44,0.8702052650247566
61,episodic_first,107;256;91;264;75;198;72;275;21;334;349;1;16,55;292;4;326;24;347;105;295;146;205;94;207;115;229;54;231;233;201;228,L_FOP4;R_a47r;L_13l;R_a9-46v;L_47l;R_V3B;L_8C;R_6a;L_PIT;R_PHA2;R_p10p;L_MST;L_IPS1,L_6v;R_FOP1;L_V3;R_PFop;L_PSL;R_Ig;L_PoI2;R_PFt;L_PFop;R_SFL;L_LIPd;R_STV;L_PFt;R_MIP;L_6mp;R_2;R_6d;R_PIT;R_VIP,0.8578473889544935
62,semantic_first,136;291;139;201;84;273;82;257;58;195;251;1;115,129;182;16;326;27;286;179;309;157;218;59;317;46;217;30;323;293;289;308,L_PHT;R_AAIC;L_TPOJ2;R_PIT;L_a9-46v;R_47s;L_p9-46v;R_6r;L_a24pr;R_V7;R_10d;L_MST;L_PFt,L_STSvp;R_V6;L_IPS1;R_PFop;L_STV;R_TA2;L_p24;R_STSvp;L_V3CD;R_5L;L_p32pr;R_PH;L_7PC;R_23c;L_POS1;R_IP2;R_FOP3;R_Pir;R_STSdp,0.921591778962338
63,episodic_first,73;250;18;350;91;339;11;237;92;190;320;99;16,45;182;169;317;143;185;140;323;15;208;38;358;137;217;52;187;227;289;263,L_44;R_9p;L_V3B;R_p47r;L_13l;R_VMV2;L_55b;R_33pr;L_OFC;R_PEF;R_TPOJ3;L_OP4;L_IPS1,L_7PL;R_V6;L_p10p;R_PH;L_IP2;R_V4;L_TPOJ3;R_IP2;L_V7;R_7Pm;L_5L;R_a32pr;L_PH;R_23c;L_3a;R_4;R_LIPv;R_Pir;R_46,0.9807156286478332
64,semantic_first,59;296;91;289;121;349;88;184;118;334;185;99;113,128;192;116;251;47;320;80;286;146;221;175;331;36;208;54;327;252;264;253,L_p32pr;R_AIP;L_13l;R_Pir;L_PeEc;R_p10p;L_a10p;R_V3;L_PreS;R_PHA2;R_V4;L_OP4;L_FOP3,L_STSdp;R_V3A;L_AIP;R_10d;L_LIPv;R_TPOJ3;L_IFSp;R_TA2;L_PFop;R_7AL;L_STSva;R_V6A;L_5mv;R_7Pm;L_6mp;R_PF;R_8C;R_a9-46v;R_44,0.9387298593710119
65,episodic_first,45;295;165;350;1;186;61;210;155;359;184;99;38,28;287;114;251;2;347;49;302;146;260;15;225;14;323;166;229;205;181;308,L_7PL;R_PFt;L_pOFC;R_p47r;L_MST;R_V8;L_d32;R_POS1;L_V4t;R_p24;R_V3;L_OP4;L_5L,L_7Pm;R_FOP4;L_FOP2;R_10d;L_V6;R_Ig;L_MIP;R_STGa;L_PFop;R_IFSp;L_V7;R_7PL;L_POS2;R_IP2;L_PoI1;R_MIP;R_SFL;R_MST;R_STSdp,1.0594533519617049
66,semantic_first,39;263;63;200;91;190;11;317;10;301;274;16;5,46;192;112;326;24;271;105;266;113;195;139;288;48;328;83;226;296;219;235,L_24dd;R_46;L_p32;R_LO2;L_13l;R_PEF;L_55b;R_PH;L_PEF;R_PeEc;R_LIPd;L_IPS1;L_V4,L_7PC;R_V3A;L_FOP1;R_PFop;L_PSL;R_13l;L_PoI2;R_9a;L_FOP3;R_V7;L_TPOJ2;R_MI;L_VIP;R_PFm;L_46;R_7PC;R_AIP;R_24dd;R_6v,0.9552467000810267
67,episodic_first,39;188;140;305;91;190;71;189;164;359;355;116;107,48;289;98;225;27;331;179;232;17;266;80;185;166;235;3;208;227;199;184,L_24dd;R_3b;L_TPOJ3;R_PHA1;L_13l;R_PEF;L_10d;R_FEF;L_s32;R_p24;R_STSva;L_AIP;L_FOP4,L_VIP;R_Pir;L_43;R_7PL;L_STV;R_V6A;L_p24;R_3a;L_FFC;R_9a;L_IFSp;R_V4;L_PoI1;R_6v;L_V2;R_7Pm;R_LIPv;R_LO1;R_V3,0.9656108104960088
68,semantic_first,57;250;63;201;125;273;91;355;159;269;225;75;177,12;287;104;232;94;339;157;286;38;296;27;317;43;285;148;217;321;337;275,L_33pr;R_9p;L_p32;R_PIT;L_PHA1;R_47s;L_13l;R_STSva;L_VMV2;R_10pp;R_7PL;L_47l;L_PI,L_V3A;R_FOP4;L_PFcm;R_3a;L_LIPd;R_VMV2;L_V3CD;R_TA2;L_5L;R_AIP;L_STV;R_PH;L_6ma;R_PoI2;L_PFm;R_23c;R_DVT;R_V3CD;R_6a,0.8684602683850953
69,episodic_first,12;277;164;200;168;301;84;254;162;332;251;90;114,45;280;3;357;169;347;48;355;105;250;146;300;41;218;8;235;278;268;296,L_V3A;R_s6-8;L_s32;R_LO2;L_FOP5;R_PeEc;L_a9-46v;R_45;L_VVC;R_VMV1;R_10d;L_11l;L_FOP2,L_7PL;R_OP1;L_V2;R_PI;L_p10p;R_Ig;L_VIP;R_STSva;L_PoI2;R_9p;L_PFop;R_ProS;L_7AL;R_5L;L_3b;R_6v;R_43;R_a10p;R_AIP,0.999291139508016
70,semantic_first,40;190;60;337;153;238;81;210;91;269;288;1;113,73;336;116;306;101;317;18;309;2;357;55;358;43;205;141;323;218;271;266,L_24dv;R_PEF;L_a24;R_V3CD;L_VMV3;R_a24pr;L_IFSa;R_POS1;L_13l;R_10pp;R_MI;L_MST;L_FOP3,L_44;R_FST;L_AIP;R_PHA3;L_OP2-3;R_PH;L_V3B;R_STSvp;L_V6;R_PI;L_6v;R_a32pr;L_6ma;R_SFL;L_DVT;R_IP2;R_5L;R_13l;R_9a,1.0316633040822065
71,episodic_first,107;261;157;186;71;337;3;210;22;339;227;116;72,175;292;16;326;101;250;113;232;2;300;45;225;43;217;54;194;296;192;188,L_FOP4;R_IFSa;L_V3CD;R_V8;L_10d;R_V3CD;L_V2;R_POS1;L_MT;R_VMV2;R_LIPv;L_AIP;L_8C,L_STSva;R_FOP1;L_IPS1;R_PFop;L_OP2-3;R_9p;L_FOP3;R_3a;L_V6;R_ProS;L_7PL;R_7PL;L_6ma;R_23c;L_6mp;R_POS2;R_AIP;R_V3A;R_3b,0.9328536139973943
72,semantic_first,83;266;97;186;154;264;84;249;121;338;273;116;107,44;347;113;228;156;342;167;295;86;309;140;288;166;230;95;218;285;192;233,L_46;R_9a;L_s6-8;R_V8;L_PHA2;R_a9-46v;L_a9-46v;R_8BL;L_PeEc;R_LO3;R_47s;L_AIP;L_FOP4,L_7Am;R_Ig;L_FOP3;R_VIP;L_FST;R_VVC;L_Ig;R_PFt;L_9a;R_STSvp;L_TPOJ3;R_MI;L_PoI1;R_1;L_6a;R_5L;R_PoI2;R_V3A;R_6d,1.0293624717366943
73,episodic_first,43;319;152;268;92;338;3;355;22;342;225;93;107,138;200;115;185;114;269;79;250;94;261;146;273;137;233;9;328;229;192;232,L_6ma;R_TPOJ2;L_VMV1;R_a10p;L_OFC;R_LO3;L_V2;R_STSva;L_MT;R_VVC;R_7PL;L_47s;L_FOP4,L_TPOJ1;R_LO2;L_PFt;R_V4;L_FOP2;R_10pp;L_IFJp;R_9p;L_LIPd;R_IFSa;L_PFop;R_47s;L_PH;R_6d;L_FEF;R_PFm;R_MIP;R_V3A;R_3a,0.9506881486552694
74,semantic_first,86;296;125;197;10;332;71;288;58;305;227;118;141,175;215;38;232;145;185;12;306;139;250;55;273;166;217;30;323;184;255;275,L_9a;R_AIP;L_PHA1;R_FFC;L_PEF;R_VMV1;L_10d;R_MI;L_a24pr;R_PHA1;R_LIPv;L_PreS;L_DVT,L_STSva;R_5m;L_5L;R_3a;L_IP0;R_V4;L_V3A;R_PHA3;L_TPOJ2;R_9p;L_6v;R_47s;L_PoI1;R_23c;L_POS1;R_IP2;R_V3;R_47l;R_6a,1.0456475732026078
75,episodic_first,5;263;111;298;82;320;40;348;118;243;215;1;78,80;280;113;250;128;185;94;235;145;225;48;273;107;252;41;194;218;220;228,L_V4;R_46;L_AAIC;R_PreS;L_p9-46v;R_TPOJ3;L_24dv;R_FOP5;L_PreS;R_p32;R_5m;L_MST;L_IFJa,L_IFSp;R_OP1;L_FOP3;R_9p;L_STSdp;R_V4;L_LIPd;R_6v;L_IP0;R_7PL;L_VIP;R_47s;L_FOP4;R_8C;L_7AL;R_POS2;R_5L;R_24dv;R_VIP,0.9999923454319023
76,semantic_first,128;317;140;241;164;268;71;196;153;306;207;1;47,73;202;53;225;175;325;18;300;49;221;108;274;166;233;107;187;288;320;184,L_STSdp;R_PH;L_TPOJ3;R_d32;L_s32;R_a10p;L_10d;R_IPS1;L_VMV3;R_PHA3;R_STV;L_MST;L_LIPv,L_44;R_MT;L_6d;R_7PL;L_STSva;R_IP0;L_V3B;R_ProS;L_MIP;R_7AL;L_MI;R_LIPd;L_PoI1;R_6d;L_FOP4;R_4;R_MI;R_TPOJ3;R_V3,0.9609386803274585
77,episodic_first,52;228;58;238;92;332;3;196;89;345;278;0;104,28;331;16;269;113;195;38;357;157;342;109;218;8;323;66;229;253;336;221,L_3a;R_VIP;L_a24pr;R_a24pr;L_OFC;R_VMV1;L_V2;R_IPS1;L_10pp;R_pOFC;R_43;L_V1;L_PFcm,L_7Pm;R_V6A;L_IPS1;R_10pp;L_FOP3;R_V7;L_5L;R_PI;L_V3CD;R_VVC;L_Pir;R_5L;L_3b;R_IP2;L_8Av;R_MIP;R_44;R_FST;R_7AL,0.9413474168956838
78,semantic_first,105;189;179;336;19;349;72;275;22;269;317;153;74,146;181;78;261;108;185;24;195;175;221;2;198;48;205;8;346;225;202;229,L_PoI2;R_FEF;L_p24;R_FST;L_LO1;R_p10p;L_8C;R_6a;L_MT;R_10pp;R_PH;L_VMV3;L_45,L_PFop;R_MST;L_IFJa;R_IFSa;L_MI;R_V4;L_PSL;R_V7;L_STSva;R_7AL;L_V6;R_V3B;L_VIP;R_SFL;L_3b;R_PoI1;R_7PL;R_MT;R_MIP,0.9058944186409549
79,episodic_first,52;296;152;239;89;320;81;256;21;195;196;75;100,138;292;16;306;145;325;94;218;27;300;140;225;36;230;83;328;184;337;263,L_3a;R_AIP;L_VMV1;R_p32pr;L_10pp;R_TPOJ3;L_IFSa;R_a47r;L_PIT;R_V7;R_IPS1;L_47l;L_OP1,L_TPOJ1;R_FOP1;L_IPS1;R_PHA3;L_IP0;R_IP0;L_LIPd;R_5L;L_STV;R_ProS;L_TPOJ3;R_7PL;L_5mv;R_1;L_46;R_PFm;R_V3;R_V3CD;R_46,0.8941721119638162
80,semantic_first,39;260;18;197;20;186;170;196;154;190;225;99;115,38;215;113;232;27;320;94;319;108;228;49;274;8;233;73;226;217;200;252,L_24dd;R_IFSp;L_V3B;R_FFC;L_LO2;R_V8;L_p47r;R_IPS1;L_PHA2;R_PEF;R_7PL;L_OP4;L_PFt,L_5L;R_5m;L_FOP3;R_3a;L_STV;R_TPOJ3;L_LIPd;R_TPOJ2;L_MI;R_VIP;L_MIP;R_LIPd;L_3b;R_6d;L_44;R_7PC;R_23c;R_LO2;R_8C,0.8526981792478865
81,episodic_first,12;222;109;264;11;186;91;253;65;245;325;82;16,166;294;4;319;156;274;97;302;167;291;157;269;46;235;14;234;317;268;210,L_V3A;R_SCEF;L_Pir;R_a9-46v;L_55b;R_V8;L_13l;R_44;L_47m;R_47m;R_IP0;L_p9-46v;L_IPS1,L_PoI1;R_FOP2;L_V3;R_TPOJ2;L_FST;R_LIPd;L_s6-8;R_STGa;L_Ig;R_AAIC;L_V3CD;R_10pp;L_7PC;R_6v;L_POS2;R_6mp;R_PH;R_a10p;R_POS1,0.9874114904996614
82,semantic_first,52;260;159;272;118;289;5;184;71;238;250;61;156,55;241;99;326;48;332;27;355;139;208;15;317;38;205;49;235;296;254;233,L_3a;R_IFSp;L_VMV2;R_OFC;L_PreS;R_Pir;L_V4;R_V3;L_10d;R_a24pr;R_9p;L_d32;L_FST,L_6v;R_d32;L_OP4;R_PFop;L_VIP;R_VMV1;L_STV;R_STSva;L_TPOJ2;R_7Pm;L_V7;R_PH;L_5L;R_SFL;L_MIP;R_6v;R_AIP;R_45;R_6d,0.9094602051430206
83,episodic_first,72;260;18;338;121;186;70;275;154;301;207;11;5,38;331;177;326;156;269;27;302;79;300;108;295;36;327;46;232;208;258;296,L_8C;R_IFSp;L_V3B;R_LO3;L_PeEc;R_V8;L_9p;R_6a;L_PHA2;R_PeEc;R_STV;L_55b;L_V4,L_5L;R_V6A;L_PI;R_PFop;L_FST;R_10pp;L_STV;R_STGa;L_IFJp;R_ProS;L_MI;R_PFt;L_5mv;R_PF;L_7PC;R_3a;R_7Pm;R_IFJa;R_AIP,0.9286300421366488
84,semantic_first,136;296;63;197;19;198;116;317;159;338;218;82;141,45;219;99;185;104;349;108;195;109;319;94;266;53;221;41;323;233;294;257,L_PHT;R_AIP;L_p32;R_FFC;L_LO1;R_V3B;L_AIP;R_PH;L_VMV2;R_LO3;R_5L;L_p9-46v;L_DVT,L_7PL;R_24dd;L_OP4;R_V4;L_PFcm;R_p10p;L_MI;R_V7;L_Pir;R_TPOJ2;L_LIPd;R_9a;L_6d;R_7AL;L_7AL;R_IP2;R_6d;R_FOP2;R_6r,0.8819494187309382
85,episodic_first,129;266;60;197;6;251;82;321;71;345;274;168;0,83;192;116;309;98;273;175;225;108;205;145;355;36;233;30;275;218;337;188,L_STSvp;R_9a;L_a24;R_FFC;L_V8;R_10d;L_p9-46v;R_DVT;L_10d;R_pOFC;R_LIPd;L_FOP5;L_V1,L_46;R_V3A;L_AIP;R_STSvp;L_43;R_47s;L_STSva;R_7PL;L_MI;R_SFL;L_IP0;R_STSva;L_5mv;R_6d;L_POS1;R_6a;R_5L;R_V3CD;R_3b,0.8372054745600955
86,semantic_first,144;261;159;350;93;197;67;321;117;302;207;21;98,146;349;24;208;113;358;138;286;28;295;97;195;156;327;48;235;230;336;188,L_IP1;R_IFSa;L_VMV2;R_p47r;L_47s;R_FFC;L_8Ad;R_DVT;L_EC;R_STGa;R_STV;L_PIT;L_43,L_PFop;R_p10p;L_PSL;R_7Pm;L_FOP3;R_a32pr;L_TPOJ1;R_TA2;L_7Pm;R_PFt;L_s6-8;R_V7;L_FST;R_PF;L_VIP;R_6v;R_1;R_FST;R_3b,0.9639408263740505
87,episodic_first,28;257;139;201;88;200;11;220;61;333;225;93;100,73;292;4;261;2;355;108;332;157;317;27;250;148;217;43;357;207;289;263,L_7Pm;R_6r;L_TPOJ2;R_PIT;L_a10p;R_LO2;L_55b;R_24dv;L_d32;R_VMV3;R_7PL;L_47s;L_OP1,L_44;R_FOP1;L_V3;R_IFSa;L_V6;R_STSva;L_MI;R_VMV1;L_V3CD;R_PH;L_STV;R_9p;L_PFm;R_23c;L_6ma;R_PI;R_STV;R_Pir;R_46,0.9037395887469102
88,semantic_first,52;256;159;337;75;320;136;275;21;273;325;19;25,46;192;4;300;167;274;27;221;2;357;48;266;156;253;50;233;257;350;188,L_3a;R_a47r;L_VMV2;R_V3CD;L_47l;R_TPOJ3;L_PHT;R_6a;L_PIT;R_47s;R_IP0;L_LO1;L_SFL,L_7PC;R_V3A;L_V3;R_ProS;L_Ig;R_LIPd;L_STV;R_7AL;L_V6;R_PI;L_VIP;R_9a;L_FST;R_44;L_1;R_6d;R_6r;R_p47r;R_3b,0.94521408249543
89,episodic_first,39;278;140;201;65;190;81;325;165;298;207;90;137,80;294;104;300;79;347;101;266;146;269;144;198;156;285;166;252;317;181;257,L_24dd;R_43;L_TPOJ3;R_PIT;L_47m;R_PEF;L_IFSa;R_IP0;L_pOFC;R_PreS;R_STV;L_11l;L_PH,L_IFSp;R_FOP2;L_PFcm;R_ProS;L_IFJp;R_Ig;L_OP2-3;R_9a;L_PFop;R_10pp;L_IP1;R_V3B;L_FST;R_PoI2;L_PoI1;R_8C;R_PH;R_MST;R_6r,0.8419014830941526
90,semantic_first,39;221;179;201;61;198;84;230;19;269;225;88;112,55;320;99;266;145;317;27;357;79;251;139;293;30;232;166;224;256;200;263,L_24dd;R_7AL;L_p24;R_PIT;L_d32;R_V3B;L_a9-46v;R_1;L_LO1;R_10pp;R_7PL;L_a10p;L_FOP1,L_6v;R_TPOJ3;L_OP4;R_9a;L_IP0;R_PH;L_STV;R_PI;L_IFJp;R_10d;L_TPOJ2;R_FOP3;L_POS1;R_3a;L_PoI1;R_7Am;R_a47r;R_LO2;R_46,0.8343420531978117
91,episodic_first,3;250;152;239;20;320;85;229;93;259;331;82;78,36;284;104;232;146;251;15;208;139;261;80;273;25;319;54;323;288;271;257,L_V2;R_9p;L_VMV1;R_p32pr;L_LO2;R_TPOJ3;L_9-46d;R_MIP;L_47s;R_IFJp;R_V6A;L_p9-46v;L_IFJa,L_5mv;R_PFcm;L_PFcm;R_3a;L_PFop;R_10d;L_V7;R_7Pm;L_TPOJ2;R_IFSa;L_IFSp;R_47s;L_SFL;R_TPOJ2;L_6mp;R_IP2;R_MI;R_13l;R_6r,0.9533612463562943
92,semantic_first,39;222;159;245;154;268;69;288;121;306;227;116;169,48;289;16;218;5;274;175;331;157;295;12;229;137;285;43;232;252;202;275,L_24dd;R_SCEF;L_VMV2;R_47m;L_PHA2;R_a10p;L_8BL;R_MI;L_PeEc;R_PHA3;R_LIPv;L_AIP;L_p10p,L_VIP;R_Pir;L_IPS1;R_5L;L_V4;R_LIPd;L_STSva;R_V6A;L_V3CD;R_PFt;L_V3A;R_MIP;L_PH;R_PoI2;L_6ma;R_3a;R_8C;R_MT;R_6a,0.9278566959450598
93,episodic_first,136;263;169;272;82;199;11;220;19;238;274;20;104,27;284;156;225;5;331;139;198;86;205;140;250;128;252;52;285;323;241;256,L_PHT;R_46;L_p10p;R_OFC;L_p9-46v;R_LO1;L_55b;R_24dv;L_LO1;R_a24pr;R_LIPd;L_LO2;L_PFcm,L_STV;R_PFcm;L_FST;R_7PL;L_V4;R_V6A;L_TPOJ2;R_V3B;L_9a;R_SFL;L_TPOJ3;R_9p;L_STSdp;R_8C;L_3a;R_PoI2;R_IP2;R_d32;R_a47r,0.8917240668602333
94,semantic_first,5;260;97;197;1;264;111;253;121;238;250;93;99,77;287;91;195;94;225;109;309;49;323;28;273;50;308;52;205;227;241;208,L_V4;R_IFSp;L_s6-8;R_FFC;L_MST;R_a9-46v;L_AAIC;R_44;L_PeEc;R_a24pr;R_9p;L_47s;L_OP4,L_6r;R_FOP4;L_13l;R_V7;L_LIPd;R_7PL;L_Pir;R_STSvp;L_MIP;R_IP2;L_7Pm;R_47s;L_1;R_STSdp;L_3a;R_SFL;R_LIPv;R_d32;R_7Pm,0.9052658725442043
95,episodic_first,39;189;157;359;81;332;52;254;60;236;331;22;115,175;284;38;326;151;339;179;269;158;207;45;325;129;226;166;205;227;320;217,L_24dd;R_FEF;L_V3CD;R_p24;L_IFSa;R_VMV1;L_3a;R_45;L_a24;R_p24pr;R_V6A;L_MT;L_PFt,L_STSva;R_PFcm;L_5L;R_PFop;L_V6A;R_VMV2;L_p24;R_10pp;L_LO3;R_STV;L_7PL;R_IP0;L_STSvp;R_7PC;L_PoI1;R_SFL;R_LIPv;R_TPOJ3;R_23c,1.0352512116879173
96,semantic_first,128;222;179;238;84;186;70;288;159;273;278;88;25,108;254;115;195;38;274;97;331;79;326;146;251;107;234;3;233;189;202;208,L_STSdp;R_SCEF;L_p24;R_a24pr;L_a9-46v;R_V8;L_9p;R_MI;L_VMV2;R_47s;R_43;L_a10p;L_SFL,L_MI;R_45;L_PFt;R_V7;L_5L;R_LIPd;L_s6-8;R_V6A;L_IFJp;R_PFop;L_PFop;R_10d;L_FOP4;R_6mp;L_V2;R_6d;R_FEF;R_MT;R_7Pm,0.9294154848299288
97,episodic_first,83;252;35;305;65;201;71;349;165;195;274;88;116,28;215;113;221;100;355;97;323;109;235;105;196;8;208;46;233;253;192;317,L_46;R_8C;L_5m;R_PHA1;L_47m;R_PIT;L_10d;R_p10p;L_pOFC;R_V7;R_LIPd;L_a10p;L_AIP,L_7Pm;R_5m;L_FOP3;R_7AL;L_OP1;R_STSva;L_s6-8;R_IP2;L_Pir;R_6v;L_PoI2;R_IPS1;L_3b;R_7Pm;L_7PC;R_6d;R_44;R_V3A;R_PH,0.9725473461821788
98,semantic_first,166;222;164;272;19;349;40;205;162;195;207;153;47,48;336;91;221;169;358;179;286;151;185;109;250;74;346;147;253;257;220;189,L_PoI1;R_SCEF;L_s32;R_OFC;L_LO1;R_p10p;L_24dv;R_SFL;L_VVC;R_V7;R_STV;L_VMV3;L_LIPv,L_VIP;R_FST;L_13l;R_7AL;L_p10p;R_a32pr;L_p24;R_TA2;L_V6A;R_V4;L_Pir;R_9p;L_45;R_PoI1;L_PF;R_44;R_6r;R_24dv;R_FEF,0.9674976036011957
99,episodic_first,3;222;63;251;61;320;81;237;155;245;326;11;112,138;202;100;185;101;218;151;331;139;357;59;293;41;208;54;327;196;272;221,L_V2;R_SCEF;L_p32;R_10d;L_d32;R_TPOJ3;L_IFSa;R_33pr;L_V4t;R_47m;R_PFop;L_55b;L_FOP1,L_TPOJ1;R_MT;L_OP1;R_V4;L_OP2-3;R_5L;L_V6A;R_V6A;L_TPOJ2;R_PI;L_p32pr;R_FOP3;L_7AL;R_7Pm;L_6mp;R_PF;R_IPS1;R_OFC;R_7AL,0.983042116356487
100,semantic_first,141;250;169;289;75;337;52;288;118;190;331;116;38,80;358;5;225;156;271;140;295;109;319;2;326;4;252;54;226;208;183;221,L_DVT;R_9p;L_p10p;R_Pir;L_47l;R_V3CD;L_3a;R_MI;L_PreS;R_PEF;R_V6A;L_AIP;L_5L,L_IFSp;R_a32pr;L_V4;R_7PL;L_FST;R_13l;L_TPOJ3;R_PFt;L_Pir;R_TPOJ2;L_V6;R_PFop;L_V3;R_8C;L_6mp;R_7PC;R_7Pm;R_V2;R_7AL,0.9637457241055427
101,episodic_first,28;250;58;336;89;190;69;256;153;269;207;118;16,36;202;137;355;143;195;94;300;48;235;151;326;54;234;9;346;321;241;257,L_7Pm;R_9p;L_a24pr;R_FST;L_10pp;R_PEF;L_8BL;R_a47r;L_VMV3;R_10pp;R_STV;L_PreS;L_IPS1,L_5mv;R_MT;L_PH;R_STSva;L_IP2;R_V7;L_LIPd;R_ProS;L_VIP;R_6v;L_V6A;R_PFop;L_6mp;R_6mp;L_FEF;R_PoI1;R_DVT;R_d32;R_6r,0.9235755256639948
102,semantic_first,17;257;139;238;76;255;178;293;159;190;317;69;177,105;294;107;232;79;355;167;319;2;185;109;349;115;231;49;308;288;337;217,L_FFC;R_6r;L_TPOJ2;R_a24pr;L_a47r;R_47l;L_a32pr;R_FOP3;L_VMV2;R_PEF;R_PH;L_8BL;L_PI,L_PoI2;R_FOP2;L_FOP4;R_3a;L_IFJp;R_STSva;L_Ig;R_TPOJ2;L_V6;R_V4;L_Pir;R_p10p;L_PFt;R_2;L_MIP;R_STSdp;R_MI;R_V3CD;R_23c,0.9606248716419405
103,episodic_first,43;205;139;298;65;337;52;254;92;345;198;78;74,49;294;4;295;18;331;55;357;140;221;175;355;5;229;54;234;253;271;256,L_6ma;R_SFL;L_TPOJ2;R_PreS;L_47m;R_V3CD;L_3a;R_45;L_OFC;R_pOFC;R_V3B;L_IFJa;L_45,L_MIP;R_FOP2;L_V3;R_PFt;L_V3B;R_V6A;L_6v;R_PI;L_TPOJ3;R_7AL;L_STSva;R_STSva;L_V4;R_MIP;L_6mp;R_6mp;R_44;R_13l;R_a47r,0.9523897955641016
104,semantic_first,28;266;152;198;65;200;11;220;125;190;218;91;47,129;347;79;355;98;215;15;357;146;232;179;269;38;327;166;205;278;268;230,L_7Pm;R_9a;L_VMV1;R_V3B;L_47m;R_LO2;L_55b;R_24dv;L_PHA1;R_PEF;R_5L;L_13l;L_LIPv,L_STSvp;R_Ig;L_IFJp;R_STSva;L_43;R_5m;L_V7;R_PI;L_PFop;R_3a;L_p24;R_10pp;L_5L;R_PF;L_PoI1;R_SFL;R_43;R_a10p;R_1,1.0617039723564061
105,episodic_first,5;291;63;202;61;349;57;237;118;190;279;99;3,59;219;116;232;139;218;113;326;70;295;55;251;37;323;54;231;217;200;234,L_V4;R_AAIC;L_p32;R_MT;L_d32;R_p10p;L_33pr;R_33pr;L_PreS;R_PEF;R_OP4;L_OP4;L_V2,L_p32pr;R_24dd;L_AIP;R_3a;L_TPOJ2;R_5L;L_FOP3;R_PFop;L_9p;R_PFt;L_6v;R_10d;L_23c;R_IP2;L_6mp;R_2;R_23c;R_LO2;R_6mp,1.005042306325401
106,semantic_first,52;295;89;186;22;268;17;184;63;238;273;118;129,12;219;98;195;146;198;38;226;158;185;27;358;44;357;9;323;325;289;275,L_3a;R_PFt;L_10pp;R_V8;L_MT;R_a10p;L_FFC;R_V3;L_p32;R_a24pr;R_47s;L_PreS;L_STSvp,L_V3A;R_24dd;L_43;R_V7;L_PFop;R_V3B;L_5L;R_7PC;L_LO3;R_V4;L_STV;R_a32pr;L_7Am;R_PI;L_FEF;R_IP2;R_IP0;R_Pir;R_6a,0.9459340450183842
107,episodic_first,77;263;151;338;93;199;4;237;125;305;279;90;112,129;181;74;221;104;339;24;286;17;225;27;320;3;327;73;233;252;349;288,L_6r;R_46;L_V6A;R_LO3;L_47s;R_LO1;L_V3;R_33pr;L_PHA1;R_PHA1;R_OP4;L_11l;L_FOP1,L_STSvp;R_MST;L_45;R_7AL;L_PFcm;R_VMV2;L_PSL;R_TA2;L_FFC;R_7PL;L_STV;R_TPOJ3;L_V2;R_PF;L_44;R_6d;R_8C;R_p10p;R_MI,1.0193552905897114
108,semantic_first,136;257;151;271;159;339;42;184;1;273;207;81;78,73;219;116;323;167;331;79;250;27;251;157;355;156;231;107;188;230;199;263,L_PHT;R_6r;L_V6A;R_13l;L_VMV2;R_VMV2;L_SCEF;R_V3;L_MST;R_47s;R_STV;L_IFSa;L_IFJa,L_44;R_24dd;L_AIP;R_IP2;L_Ig;R_V6A;L_IFJp;R_9p;L_STV;R_10d;L_V3CD;R_STSva;L_FST;R_2;L_FOP4;R_3b;R_1;R_LO1;R_46,0.9275290897109394
109,episodic_first,59;188;125;251;65;268;88;237;164;269;279;92;25,27;215;24;286;139;271;157;326;15;232;146;198;46;226;66;328;253;199;257,L_p32pr;R_3b;L_PHA1;R_10d;L_47m;R_a10p;L_a10p;R_33pr;L_s32;R_10pp;R_OP4;L_OFC;L_SFL,L_STV;R_5m;L_PSL;R_TA2;L_TPOJ2;R_13l;L_V3CD;R_PFop;L_V7;R_3a;L_PFop;R_V3B;L_7PC;R_7PC;L_8Av;R_PFm;R_44;R_LO1;R_6r,0.9732430793860873
110,semantic_first,143;185;158;348;153;245;69;317;125;238;225;21;107,144;289;5;309;115;339;179;269;79;207;55;198;43;208;44;295;252;258;263,L_IP2;R_V4;L_LO3;R_FOP5;L_VMV3;R_47m;L_8BL;R_PH;L_PHA1;R_a24pr;R_7PL;L_PIT;L_FOP4,L_IP1;R_Pir;L_V4;R_STSvp;L_PFt;R_VMV2;L_p24;R_10pp;L_IFJp;R_STV;L_6v;R_V3B;L_6ma;R_7Pm;L_7Am;R_PFt;R_8C;R_IFJa;R_46,1.0017077261462715
111,episodic_first,17;257;63;298;93;350;116;355;65;359;279;96;4,144;358;156;266;48;245;157;251;28;250;108;325;3;221;51;323;185;349;256,L_FFC;R_6r;L_p32;R_PreS;L_47s;R_p47r;L_AIP;R_STSva;L_47m;R_p24;R_OP4;L_i6-8;L_V3,L_IP1;R_a32pr;L_FST;R_9a;L_VIP;R_47m;L_V3CD;R_10d;L_7Pm;R_9p;L_MI;R_IP0;L_V2;R_7AL;L_2;R_IP2;R_V4;R_p10p;R_a47r,1.1110685888905352
112,semantic_first,105;296;18;197;154;274;81;184;84;345;317;19;156,36;292;53;269;94;215;100;300;108;355;86;218;38;327;48;252;229;294;285,L_PoI2;R_AIP;L_V3B;R_FFC;L_PHA2;R_LIPd;L_IFSa;R_V3;L_a9-46v;R_pOFC;R_PH;L_LO1;L_FST,L_5mv;R_FOP1;L_6d;R_10pp;L_LIPd;R_5m;L_OP1;R_ProS;L_MI;R_STSva;L_9a;R_5L;L_5L;R_PF;L_VIP;R_8C;R_MIP;R_FOP2;R_PoI2,0.9824009200299672
113,episodic_first,72;225;125;349;164;200;76;189;154;334;227;20;114,36;199;99;323;18;347;139;331;59;232;105;185;147;221;50;233;229;239;275,L_8C;R_7PL;L_PHA1;R_p10p;L_s32;R_LO2;L_a47r;R_FEF;L_PHA2;R_PHA2;R_LIPv;L_LO2;L_FOP2,L_5mv;R_LO1;L_OP4;R_IP2;L_V3B;R_Ig;L_TPOJ2;R_V6A;L_p32pr;R_3a;L_PoI2;R_V4;L_PF;R_7AL;L_1;R_6d;R_MIP;R_p32pr;R_6a,0.8785047713474059
114,semantic_first,144;196;91;251;126;201;84;325;61;302;198;75;3,9;284;137;274;104;245;139;232;140;309;175;331;24;188;49;187;296;289;253,L_IP1;R_IPS1;L_13l;R_10d;L_PHA3;R_PIT;L_a9-46v;R_IP0;L_d32;R_STGa;R_V3B;L_47l;L_V2,L_FEF;R_PFcm;L_PH;R_LIPd;L_PFcm;R_47m;L_TPOJ2;R_3a;L_TPOJ3;R_STSvp;L_STSva;R_V6A;L_PSL;R_3b;L_MIP;R_4;R_AIP;R_Pir;R_44,0.9398903547259891
115,episodic_first,43;263;79;273;153;238;84;239;117;301;196;118;137,145;280;78;300;113;245;2;195;140;309;80;274;104;275;144;346;227;220;210,L_6ma;R_46;L_IFJp;R_47s;L_VMV3;R_a24pr;L_a9-46v;R_p32pr;L_EC;R_PeEc;R_IPS1;L_PreS;L_PH,L_IP0;R_OP1;L_IFJa;R_ProS;L_FOP3;R_47m;L_V6;R_V7;L_TPOJ3;R_STSvp;L_IFSp;R_LIPd;L_PFcm;R_6a;L_IP1;R_PoI1;R_LIPv;R_24dv;R_POS1,0.8429050715543511
116,semantic_first,141;237;35;190;75;272;5;253;91;298;182;21;3,48;331;38;225;80;251;2;309;15;195;139;323;24;188;49;194;207;268;229,L_DVT;R_33pr;L_5m;R_PEF;L_47l;R_OFC;L_V4;R_44;L_13l;R_PreS;R_V6;L_PIT;L_V2,L_VIP;R_V6A;L_5L;R_7PL;L_IFSp;R_10d;L_V6;R_STSvp;L_V7;R_V7;L_TPOJ2;R_IP2;L_PSL;R_3b;L_MIP;R_POS2;R_STV;R_a10p;R_MIP,1.007490203262458
117,episodic_first,54;208;17;268;92;255;116;196;159;291;331;4;137,105;325;3;269;108;332;146;250;15;309;49;357;5;253;77;230;229;202;233,L_6mp;R_7Pm;L_FFC;R_a10p;L_OFC;R_47l;L_AIP;R_IPS1;L_VMV2;R_AAIC;R_V6A;L_V3;L_PH,L_PoI2;R_IP0;L_V2;R_10pp;L_MI;R_VMV1;L_PFop;R_9p;L_V7;R_STSvp;L_MIP;R_PI;L_V4;R_44;L_6r;R_1;R_MIP;R_MT;R_6d,1.0288456528759087
118,semantic_first,129;222;158;220;121;264;111;189;22;273;218;153;53,83;292;91;319;157;185;140;232;113;217;48;269;41;346;147;205;275;336;228,L_STSvp;R_SCEF;L_LO3;R_24dv;L_PeEc;R_a9-46v;L_AAIC;R_FEF;L_MT;R_47s;R_5L;L_VMV3;L_6d,L_46;R_FOP1;L_13l;R_TPOJ2;L_V3CD;R_V4;L_TPOJ3;R_3a;L_FOP3;R_23c;L_VIP;R_10pp;L_7AL;R_PoI1;L_PF;R_SFL;R_6a;R_FST;R_VIP,0.9662326261130193
119,episodic_first,136;222;15;264;19;271;71;210;164;306;207;11;100,48;331;169;355;108;332;94;357;86;221;2;273;147;233;148;229;230;336;205,L_PHT;R_SCEF;L_V7;R_a9-46v;L_LO1;R_13l;L_10d;R_POS1;L_s32;R_PHA3;R_STV;L_55b;L_OP1,L_VIP;R_V6A;L_p10p;R_STSva;L_MI;R_VMV1;L_LIPd;R_PI;L_9a;R_7AL;L_V6;R_47s;L_PF;R_6d;L_PFm;R_MIP;R_1;R_FST;R_SFL,0.8021010295236647
120,semantic_first,96;261;158;198;121;201;42;205;159;302;250;75;47,129;294;78;228;169;273;175;225;28;256;109;208;147;227;143;285;230;202;184,L_i6-8;R_IFSa;L_LO3;R_V3B;L_PeEc;R_PIT;L_SCEF;R_SFL;L_VMV2;R_STGa;R_9p;L_47l;L_LIPv,L_STSvp;R_FOP2;L_IFJa;R_VIP;L_p10p;R_47s;L_STSva;R_7PL;L_7Pm;R_a47r;L_Pir;R_7Pm;L_PF;R_LIPv;L_IP2;R_PoI2;R_1;R_MT;R_V3,0.889408237469071
121,episodic_first,70;253;155;289;11;198;110;317;169;301;196;82;5,108;336;74;286;139;195;151;228;15;326;144;225;25;229;107;185;252;292;235,L_9p;R_44;L_V4t;R_Pir;L_55b;R_V3B;L_AVI;R_PH;L_p10p;R_PeEc;R_IPS1;L_p9-46v;L_V4,L_MI;R_FST;L_45;R_TA2;L_TPOJ2;R_V7;L_V6A;R_VIP;L_V7;R_PFop;L_IP1;R_7PL;L_SFL;R_MIP;L_FOP4;R_V4;R_8C;R_FOP1;R_6v,1.03802070236563
122,semantic_first,70;296;15;350;168;200;11;254;65;334;225;81;137,49;325;4;286;143;245;108;306;2;295;97;227;14;233;107;235;319;255;234,L_9p;R_AIP;L_V7;R_p47r;L_FOP5;R_LO2;L_55b;R_45;L_47m;R_PHA2;R_7PL;L_IFSa;L_PH,L_MIP;R_IP0;L_V3;R_TA2;L_IP2;R_47m;L_MI;R_PHA3;L_V6;R_PFt;L_s6-8;R_LIPv;L_POS2;R_6d;L_FOP4;R_6v;R_TPOJ2;R_47l;R_6mp,0.9021006020200782
123,episodic_first,59;263;79;198;76;200;39;189;88;344;185;78;104,166;215;16;309;24;300;94;208;97;217;139;225;41;221;77;319;355;249;205,L_p32pr;R_46;L_IFJp;R_V3B;L_a47r;R_LO2;L_24dd;R_FEF;L_a10p;R_s32;R_V4;L_IFJa;L_PFcm,L_PoI1;R_5m;L_IPS1;R_STSvp;L_PSL;R_ProS;L_LIPd;R_7Pm;L_s6-8;R_23c;L_TPOJ2;R_7PL;L_7AL;R_7AL;L_6r;R_TPOJ2;R_STSva;R_8BL;R_SFL,0.9895190254413566
124,semantic_first,129;237;140;241;10;332;39;278;35;259;358;168;116,136;292;78;185;113;317;167;207;139;296;157;355;107;234;166;328;229;258;252,L_STSvp;R_33pr;L_TPOJ3;R_d32;L_PEF;R_VMV1;L_24dd;R_43;L_5m;R_IFJp;R_a32pr;L_FOP5;L_AIP,L_PHT;R_FOP1;L_IFJa;R_V4;L_FOP3;R_PH;L_Ig;R_STV;L_TPOJ2;R_AIP;L_V3CD;R_STSva;L_FOP4;R_6mp;L_PoI1;R_PFm;R_MIP;R_IFJa;R_8C,0.8904341907791145
125,episodic_first,66;208;60;336;10;320;57;255;154;238;325;168;52,73;180;78;323;157;339;113;319;38;300;108;309;129;188;8;295;184;181;217,L_8Av;R_7Pm;L_a24;R_FST;L_PEF;R_TPOJ3;L_33pr;R_47l;L_PHA2;R_a24pr;R_IP0;L_FOP5;L_3a,L_44;R_V1;L_IFJa;R_IP2;L_V3CD;R_VMV2;L_FOP3;R_TPOJ2;L_5L;R_ProS;L_MI;R_STSvp;L_STSvp;R_3b;L_3b;R_PFt;R_V3;R_MST;R_23c,0.9247222682024736
126,semantic_first,96;256;178;198;92;255;40;293;89;332;331;69;100,59;201;5;208;80;347;105;342;15;225;151;355;54;253;36;193;278;202;296,L_i6-8;R_a47r;L_a32pr;R_V3B;L_OFC;R_47l;L_24dv;R_FOP3;L_10pp;R_VMV1;R_V6A;L_8BL;L_OP1,L_p32pr;R_PIT;L_V4;R_7Pm;L_IFSp;R_Ig;L_PoI2;R_VVC;L_V7;R_7PL;L_V6A;R_STSva;L_6mp;R_44;L_5mv;R_RSC;R_43;R_MT;R_AIP,0.9841975754734531
127,episodic_first,166;237;178;264;20;337;52;256;121;332;347;153;115,36;215;99;207;175;274;27;302;145;355;59;227;24;317;148;226;257;271;252,L_PoI1;R_33pr;L_a32pr;R_a9-46v;L_LO2;R_V3CD;L_3a;R_a47r;L_PeEc;R_VMV1;R_Ig;L_VMV3;L_PFt,L_5mv;R_5m;L_OP4;R_STV;L_STSva;R_LIPd;L_STV;R_STGa;L_IP0;R_STSva;L_p32pr;R_LIPv;L_PSL;R_PH;L_PFm;R_7PC;R_6r;R_13l;R_8C,0.9124821033387329
128,semantic_first,128;227;151;251;71;350;110;266;164;274;347;116;90,129;294;3;291;113;325;140;319;139;342;167;288;53;188;44;185;296;241;233,L_STSdp;R_LIPv;L_V6A;R_10d;L_10d;R_p47r;L_AVI;R_9a;L_s32;R_LIPd;R_Ig;L_AIP;L_11l,L_STSvp;R_FOP2;L_V2;R_AAIC;L_FOP3;R_IP0;L_TPOJ3;R_TPOJ2;L_TPOJ2;R_VVC;L_Ig;R_MI;L_6d;R_3b;L_7Am;R_V4;R_AIP;R_d32;R_6d,1.0474577062505688
129,episodic_first,83;296;125;198;19;272;136;184;63;306;207;90;24,128;316;47;251;115;238;146;221;55;295;175;358;8;308;148;319;218;287;256,L_46;R_AIP;L_PHA1;R_V3B;L_LO1;R_OFC;L_PHT;R_V3;L_p32;R_PHA3;R_STV;L_11l;L_PSL,L_STSdp;R_PHT;L_LIPv;R_10d;L_PFt;R_a24pr;L_PFop;R_7AL;L_6v;R_PFt;L_STSva;R_a32pr;L_3b;R_STSdp;L_PFm;R_TPOJ2;R_5L;R_FOP4;R_a47r,0.9601638319757837
130,semantic_first,70;317;179;238;164;199;17;223;91;302;218;16;115,105;284;5;261;113;339;140;300;94;205;80;320;148;253;83;235;355;219;319,L_9p;R_PH;L_p24;R_a24pr;L_s32;R_LO1;L_FFC;R_6ma;L_13l;R_STGa;R_5L;L_IPS1;L_PFt,L_PoI2;R_PFcm;L_V4;R_IFSa;L_FOP3;R_VMV2;L_TPOJ3;R_ProS;L_LIPd;R_SFL;L_IFSp;R_TPOJ3;L_PFm;R_44;L_46;R_6v;R_STSva;R_24dd;R_TPOJ2,1.0235448671254737
131,episodic_first,166;237;60;289;84;201;72;205;61;245;204;11;53,12;219;5;228;151;339;109;208;17;323;2;319;38;328;95;229;230;268;288,L_PoI1;R_33pr;L_a24;R_Pir;L_a9-46v;R_PIT;L_8C;R_SFL;L_d32;R_47m;R_PSL;L_55b;L_6d,L_V3A;R_24dd;L_V4;R_VIP;L_V6A;R_VMV2;L_Pir;R_7Pm;L_FFC;R_IP2;L_V6;R_TPOJ2;L_5L;R_PFm;L_6a;R_MIP;R_1;R_a10p;R_MI,0.9503539778769077
132,semantic_first,3;261;17;258;1;190;81;293;58;306;218;21;104,138;294;16;309;79;325;38;195;27;205;28;227;46;208;143;224;196;349;253,L_V2;R_IFSa;L_FFC;R_IFJa;L_MST;R_PEF;L_IFSa;R_FOP3;L_a24pr;R_PHA3;R_5L;L_PIT;L_PFcm,L_TPOJ1;R_FOP2;L_IPS1;R_STSvp;L_IFJp;R_IP0;L_5L;R_V7;L_STV;R_SFL;L_7Pm;R_LIPv;L_7PC;R_7Pm;L_IP2;R_7Am;R_IPS1;R_p10p;R_44,0.9031580385689902
133,episodic_first,66;260;63;338;75;255;39;249;164;302;274;81;101,45;279;47;309;38;293;146;357;15;296;94;225;54;218;37;224;184;349;189,L_8Av;R_IFSp;L_p32;R_LO3;L_47l;R_47l;L_24dd;R_8BL;L_s32;R_STGa;R_LIPd;L_IFSa;L_OP2-3,L_7PL;R_OP4;L_LIPv;R_STSvp;L_5L;R_FOP3;L_PFop;R_PI;L_V7;R_AIP;L_LIPd;R_7PL;L_6mp;R_5L;L_23c;R_7Am;R_V3;R_p10p;R_FEF,0.8656511562520148
134,semantic_first,39;296;91;349;71;331;17;184;58;245;274;82;156,175;294;101;235;104;215;105;295;12;326;2;325;37;205;46;285;207;202;189,L_24dd;R_AIP;L_13l;R_p10p;L_10d;R_V6A;L_FFC;R_V3;L_a24pr;R_47m;R_LIPd;L_p9-46v;L_FST,L_STSva;R_FOP2;L_OP2-3;R_6v;L_PFcm;R_5m;L_PoI2;R_PFt;L_V3A;R_PFop;L_V6;R_IP0;L_23c;R_SFL;L_7PC;R_PoI2;R_STV;R_MT;R_FEF,0.9579467075568047
135,episodic_first,52;237;63;337;153;201;111;355;22;306;331;75;25,80;202;100;326;5;342;24;207;86;259;175;251;104;230;46;224;225;220;266,L_3a;R_33pr;L_p32;R_V3CD;L_VMV3;R_PIT;L_AAIC;R_STSva;L_MT;R_PHA3;R_V6A;L_47l;L_SFL,L_IFSp;R_MT;L_OP1;R_PFop;L_V4;R_VVC;L_PSL;R_STV;L_9a;R_IFJp;L_STSva;R_10d;L_PFcm;R_1;L_7PC;R_7Am;R_7PL;R_24dv;R_9a,0.8205143802240897
136,semantic_first,47;188;18;337;154;274;17;325;20;195;358;92;76,77;219;101;207;24;286;151;295;97;319;179;225;74;221;44;235;233;320;210,L_LIPv;R_3b;L_V3B;R_V3CD;L_PHA2;R_LIPd;L_FFC;R_IP0;L_LO2;R_V7;R_a32pr;L_OFC;L_a47r,L_6r;R_24dd;L_OP2-3;R_STV;L_PSL;R_TA2;L_V6A;R_PFt;L_s6-8;R_TPOJ2;L_p24;R_7PL;L_45;R_7AL;L_7Am;R_6v;R_6d;R_TPOJ3;R_POS1,1.0160816960025956
137,episodic_first,73;250;140;268;20;197;40;205;58;333;278;81;99,59;292;137;300;145;347;27;221;45;218;167;269;3;328;37;224;233;241;346,L_44;R_9p;L_TPOJ3;R_a10p;L_LO2;R_FFC;L_24dv;R_SFL;L_a24pr;R_VMV3;R_43;L_IFSa;L_OP4,L_p32pr;R_FOP1;L_PH;R_ProS;L_IP0;R_Ig;L_STV;R_7AL;L_7PL;R_5L;L_Ig;R_10pp;L_V2;R_PFm;L_23c;R_7Am;R_6d;R_d32;R_PoI1,0.9024431432686473
138,semantic_first,28;266;155;190;65;271;88;189;91;359;218;78;177,144;280;107;323;108;245;48;355;27;326;59;185;25;224;148;230;293;336;263,L_7Pm;R_9a;L_V4t;R_PEF;L_47m;R_13l;L_a10p;R_FEF;L_13l;R_p24;R_5L;L_IFJa;L_PI,L_IP1;R_OP1;L_FOP4;R_IP2;L_MI;R_47m;L_VIP;R_STSva;L_STV;R_PFop;L_p32pr;R_V4;L_SFL;R_7Am;L_PFm;R_1;R_FOP3;R_FST;R_46,0.9668909145249098
139,episodic_first,52;250;122;348;93;264;82;237;118;334;320;81;16,59;192;156;185;27;293;151;235;28;309;146;215;50;319;41;193;288;197;227,L_3a;R_9p;L_STGa;R_FOP5;L_47s;R_a9-46v;L_p9-46v;R_33pr;L_PreS;R_PHA2;R_TPOJ3;L_IFSa;L_IPS1,L_p32pr;R_V3A;L_FST;R_V4;L_STV;R_FOP3;L_V6A;R_6v;L_7Pm;R_STSvp;L_PFop;R_5m;L_1;R_TPOJ2;L_7AL;R_RSC;R_MI;R_FFC;R_LIPv,0.9147080282046105
140,semantic_first,3;237;140;239;22;272;61;358;155;344;207;1;99,45;337;101;228;169;278;100;326;151;259;15;218;47;275;52;226;250;316;261,L_V2;R_33pr;L_TPOJ3;R_p32pr;L_MT;R_OFC;L_d32;R_a32pr;L_V4t;R_s32;R_STV;L_MST;L_OP4,L_7PL;R_V3CD;L_OP2-3;R_VIP;L_p10p;R_43;L_OP1;R_PFop;L_V6A;R_IFJp;L_V7;R_5L;L_LIPv;R_6a;L_3a;R_7PC;R_9p;R_PHT;R_IFSa,0.9988460575176565
141,episodic_first,57;225;157;264;154;201;116;266;159;332;355;20;129,45;281;99;269;24;274;97;228;179;300;151;218;148;188;166;253;189;181;256,L_33pr;R_7PL;L_V3CD;R_a9-46v;L_PHA2;R_PIT;L_AIP;R_9a;L_VMV2;R_VMV1;R_STSva;L_LO2;L_STSvp,L_7PL;R_OP2-3;L_OP4;R_10pp;L_PSL;R_LIPd;L_s6-8;R_VIP;L_p24;R_ProS;L_V6A;R_5L;L_PFm;R_3b;L_PoI1;R_44;R_FEF;R_MST;R_a47r,0.8692926355441246
142,semantic_first,45;250;158;268;21;271;96;254;154;243;227;88;100,55;180;104;232;2;273;105;300;59;295;151;349;30;253;8;187;205;336;266,L_7PL;R_9p;L_LO3;R_a10p;L_PIT;R_13l;L_i6-8;R_45;L_PHA2;R_p32;R_LIPv;L_a10p;L_OP1,L_6v;R_V1;L_PFcm;R_3a;L_V6;R_47s;L_PoI2;R_ProS;L_p32pr;R_PFt;L_V6A;R_p10p;L_POS1;R_44;L_3b;R_4;R_SFL;R_FST;R_9a,0.8645190842031554
143,episodic_first,66;263;155;289;75;201;3;257;88;305;185;96;113,73;347;156;286;115;198;12;300;2;326;97;273;52;231;36;234;218;258;346,L_8Av;R_46;L_V4t;R_Pir;L_47l;R_PIT;L_V2;R_6r;L_a10p;R_PHA1;R_V4;L_i6-8;L_FOP3,L_44;R_Ig;L_FST;R_TA2;L_PFt;R_V3B;L_V3A;R_ProS;L_V6;R_PFop;L_s6-8;R_47s;L_3a;R_2;L_5mv;R_6mp;R_5L;R_IFJa;R_PoI1,1.0339899090574232
144,semantic_first,141;259;157;220;118;255;72;254;60;298;355;82;114,12;336;91;232;156;274;79;185;18;228;27;326;37;233;9;226;196;239;261,L_DVT;R_IFJp;L_V3CD;R_24dv;L_PreS;R_47l;L_8C;R_45;L_a24;R_PreS;R_STSva;L_p9-46v;L_FOP2,L_V3A;R_FST;L_13l;R_3a;L_FST;R_LIPd;L_IFJp;R_V4;L_V3B;R_VIP;L_STV;R_PFop;L_23c;R_6d;L_FEF;R_7PC;R_IPS1;R_p32pr;R_IFSa,0.9273449034314936
145,episodic_first,96;259;152;337;22;350;69;293;154;245;278;19;112,36;279;76;221;129;325;139;185;179;319;86;295;128;233;51;226;184;201;235,L_i6-8;R_IFJp;L_VMV1;R_V3CD;L_MT;R_p47r;L_8BL;R_FOP3;L_PHA2;R_47m;R_43;L_LO1;L_FOP1,L_5mv;R_OP4;L_a47r;R_7AL;L_STSvp;R_IP0;L_TPOJ2;R_V4;L_p24;R_TPOJ2;L_9a;R_PFt;L_STSdp;R_6d;L_2;R_7PC;R_V3;R_PIT;R_6v,0.906848449977397
146,semantic_first,166;228;18;298;88;274;52;196;118;269;331;0;78,108;292;98;357;2;238;151;323;80;355;38;293;36;235;51;185;188;254;346,L_PoI1;R_VIP;L_V3B;R_PreS;L_a10p;R_LIPd;L_3a;R_IPS1;L_PreS;R_10pp;R_V6A;L_V1;L_IFJa,L_MI;R_FOP1;L_43;R_PI;L_V6;R_a24pr;L_V6A;R_IP2;L_IFSp;R_STSva;L_5L;R_FOP3;L_5mv;R_6v;L_2;R_V4;R_3b;R_45;R_PoI1,0.9752277172421372
147,episodic_first,105;261;60;359;20;190;84;210;10;332;293;118;38,144;284;78;259;24;250;2;326;140;207;86;300;53;229;50;357;205;264;296,L_PoI2;R_IFSa;L_a24;R_p24;L_LO2;R_PEF;L_a9-46v;R_POS1;L_PEF;R_VMV1;R_FOP3;L_PreS;L_5L,L_IP1;R_PFcm;L_IFJa;R_IFJp;L_PSL;R_9p;L_V6;R_PFop;L_TPOJ3;R_STV;L_9a;R_ProS;L_6d;R_MIP;L_1;R_PI;R_SFL;R_a9-46v;R_AIP,0.8736492785789638
148,semantic_first,128;259;122;359;1;271;71;349;154;298;355;96;129,144;331;4;207;27;198;175;274;17;295;139;225;3;317;44;193;250;337;296,L_STSdp;R_IFJp;L_STGa;R_p24;L_MST;R_13l;L_10d;R_p10p;L_PHA2;R_PreS;R_STSva;L_i6-8;L_STSvp,L_IP1;R_V6A;L_V3;R_STV;L_STV;R_V3B;L_STSva;R_LIPd;L_FFC;R_PFt;L_TPOJ2;R_7PL;L_V2;R_PH;L_7Am;R_RSC;R_9p;R_V3CD;R_AIP,0.9274114254729273
149,episodic_first,17;221;109;200;10;332;40;349;92;342;347;22;169,77;336;4;208;2;358;139;232;140;300;138;185;25;308;43;233;293;192;228,L_FFC;R_7AL;L_Pir;R_LO2;L_PEF;R_VMV1;L_24dv;R_p10p;L_OFC;R_VVC;R_Ig;L_MT;L_p10p,L_6r;R_FST;L_V3;R_7Pm;L_V6;R_a32pr;L_TPOJ2;R_3a;L_TPOJ3;R_ProS;L_TPOJ1;R_V4;L_SFL;R_STSdp;L_6ma;R_6d;R_FOP3;R_V3A;R_VIP,1.0499626830716033
150,semantic_first,52;288;169;238;19;251;178;189;154;298;355;168;5,175;284;104;319;114;331;24;198;139;291;80;196;115;231;129;230;221;350;263,L_3a;R_MI;L_p10p;R_a24pr;L_LO1;R_10d;L_a32pr;R_FEF;L_PHA2;R_PreS;R_STSva;L_FOP5;L_V4,L_STSva;R_PFcm;L_PFcm;R_TPOJ2;L_FOP2;R_V6A;L_PSL;R_V3B;L_TPOJ2;R_AAIC;L_IFSp;R_IPS1;L_PFt;R_2;L_STSvp;R_1;R_7AL;R_p47r;R_46,0.9059594414037455
151,episodic_first,47;237;60;348;20;271;84;317;22;300;254;92;104,166;358;116;355;143;198;179;208;139;195;175;319;129;231;148;193;235;279;257,L_LIPv;R_33pr;L_a24;R_FOP5;L_LO2;R_13l;L_a9-46v;R_PH;L_MT;R_ProS;R_45;L_OFC;L_PFcm,L_PoI1;R_a32pr;L_AIP;R_STSva;L_IP2;R_V3B;L_p24;R_7Pm;L_TPOJ2;R_V7;L_STSva;R_TPOJ2;L_STSvp;R_2;L_PFm;R_RSC;R_6v;R_OP4;R_6r,0.8899492405404466
152,semantic_first,57;288;18;201;93;338;111;230;58;251;331;90;116,49;349;100;319;48;250;24;228;38;218;175;198;25;285;50;296;257;202;317,L_33pr;R_MI;L_V3B;R_PIT;L_47s;R_LO3;L_AAIC;R_1;L_a24pr;R_10d;R_V6A;L_11l;L_AIP,L_MIP;R_p10p;L_OP1;R_TPOJ2;L_VIP;R_9p;L_PSL;R_VIP;L_5L;R_5L;L_STSva;R_V3B;L_SFL;R_PoI2;L_1;R_AIP;R_6r;R_MT;R_PH,0.9580498757012101
153,episodic_first,83;266;10;198;65;273;85;227;92;250;355;81;4,59;292;5;185;104;320;179;195;15;309;175;331;156;319;9;224;323;279;285,L_46;R_9a;L_PEF;R_V3B;L_47m;R_47s;L_9-46d;R_LIPv;L_OFC;R_9p;R_STSva;L_IFSa;L_V3,L_p32pr;R_FOP1;L_V4;R_V4;L_PFcm;R_TPOJ3;L_p24;R_V7;L_V7;R_STSvp;L_STSva;R_V6A;L_FST;R_TPOJ2;L_FEF;R_7Am;R_IP2;R_OP4;R_PoI2,0.9093924243900033
154,semantic_first,72;277;164;337;20;273;107;257;61;259;185;153;4,146;279;98;250;175;342;109;326;179;355;45;266;48;205;52;230;233;268;188,L_8C;R_s6-8;L_s32;R_V3CD;L_LO2;R_47s;L_FOP4;R_6r;L_d32;R_IFJp;R_V4;L_VMV3;L_V3,L_PFop;R_OP4;L_43;R_9p;L_STSva;R_VVC;L_Pir;R_PFop;L_p24;R_STSva;L_7PL;R_9a;L_VIP;R_SFL;L_3a;R_1;R_6d;R_a10p;R_3b,1.0083565197236302
155,episodic_first,57;278;58;350;75;298;3;256;93;334;273;82;114,12;294;169;221;157;347;48;300;139;225;105;319;50;208;9;226;189;292;205,L_33pr;R_43;L_a24pr;R_p47r;L_47l;R_PreS;L_V2;R_a47r;L_47s;R_PHA2;R_47s;L_p9-46v;L_FOP2,L_V3A;R_FOP2;L_p10p;R_7AL;L_V3CD;R_Ig;L_VIP;R_ProS;L_TPOJ2;R_7PL;L_PoI2;R_TPOJ2;L_1;R_7Pm;L_FEF;R_7PC;R_FEF;R_FOP1;R_SFL,0.9397805868991294
156,semantic_first,40;275;79;198;168;332;178;249;155;333;225;16;104,48;192;143;251;157;274;113;232;27;250;167;273;43;328;144;228;188;254;234,L_24dv;R_6a;L_IFJp;R_V3B;L_FOP5;R_VMV1;L_a32pr;R_8BL;L_V4t;R_VMV3;R_7PL;L_IPS1;L_PFcm,L_VIP;R_V3A;L_IP2;R_10d;L_V3CD;R_LIPd;L_FOP3;R_3a;L_STV;R_9p;L_Ig;R_47s;L_6ma;R_PFm;L_IP1;R_VIP;R_3b;R_45;R_6mp,1.0531332705230643
157,episodic_first,144;259;40;305;22;271;39;349;154;245;317;99;112,166;292;91;195;169;326;175;228;12;319;146;207;37;230;36;285;296;264;260,L_IP1;R_IFJp;L_24dv;R_PHA1;L_MT;R_13l;L_24dd;R_p10p;L_PHA2;R_47m;R_PH;L_OP4;L_FOP1,L_PoI1;R_FOP1;L_13l;R_V7;L_p10p;R_PFop;L_STSva;R_VIP;L_V3A;R_TPOJ2;L_PFop;R_STV;L_23c;R_1;L_5mv;R_PoI2;R_AIP;R_a9-46v;R_IFSp,0.8682782386404058
158,semantic_first,143;256;89;220;125;200;71;278;117;344;331;84;4,59;192;47;326;38;273;2;300;17;205;157;251;115;257;37;193;266;201;321,L_IP2;R_a47r;L_10pp;R_24dv;L_PHA1;R_LO2;L_10d;R_43;L_EC;R_s32;R_V6A;L_a9-46v;L_V3,L_p32pr;R_V3A;L_LIPv;R_PFop;L_5L;R_47s;L_V6;R_ProS;L_FFC;R_SFL;L_V3CD;R_10d;L_PFt;R_6r;L_23c;R_RSC;R_9a;R_PIT;R_DVT,0.9713524459630373
159,episodic_first,136;296;97;186;154;298;71;266;159;334;325;75;101,138;202;129;207;157;273;113;319;94;309;108;355;25;229;50;233;188;320;237,L_PHT;R_AIP;L_s6-8;R_V8;L_PHA2;R_PreS;L_10d;R_9a;L_VMV2;R_PHA2;R_IP0;L_47l;L_OP2-3,L_TPOJ1;R_MT;L_STSvp;R_STV;L_V3CD;R_47s;L_FOP3;R_TPOJ2;L_LIPd;R_STSvp;L_MI;R_STSva;L_SFL;R_MIP;L_1;R_6d;R_3b;R_TPOJ3;R_33pr,0.8756716202055539
160,semantic_first,107;188;111;251;11;245;81;266;88;306;278;4;141,175;331;104;269;79;358;143;332;70;260;2;288;50;346;83;218;293;202;237,L_FOP4;R_3b;L_AAIC;R_10d;L_55b;R_47m;L_IFSa;R_9a;L_a10p;R_PHA3;R_43;L_V3;L_DVT,L_STSva;R_V6A;L_PFcm;R_10pp;L_IFJp;R_a32pr;L_IP2;R_VMV1;L_9p;R_IFSp;L_V6;R_MI;L_1;R_PoI1;L_46;R_5L;R_FOP3;R_MT;R_33pr,1.075777912295816
161,episodic_first,128;257;35;241;71;305;4;348;169;190;288;168;47,46;331;38;195;108;185;179;286;28;269;146;326;30;285;95;295;253;258;233,L_STSdp;R_6r;L_5m;R_d32;L_10d;R_PHA1;L_V3;R_FOP5;L_p10p;R_PEF;R_MI;L_FOP5;L_LIPv,L_7PC;R_V6A;L_5L;R_V7;L_MI;R_V4;L_p24;R_TA2;L_7Pm;R_10pp;L_PFop;R_PFop;L_POS1;R_PoI2;L_6a;R_PFt;R_44;R_IFJa;R_6d,0.9887294453340064
162,semantic_first,39;259;139;305;82;298;57;239;118;300;288;153;3,27;347;5;232;24;293;146;326;108;207;157;251;104;285;46;295;188;220;233,L_24dd;R_IFJp;L_TPOJ2;R_PHA1;L_p9-46v;R_PreS;L_33pr;R_p32pr;L_PreS;R_ProS;R_MI;L_VMV3;L_V2,L_STV;R_Ig;L_V4;R_3a;L_PSL;R_FOP3;L_PFop;R_PFop;L_MI;R_STV;L_V3CD;R_10d;L_PFcm;R_PoI2;L_7PC;R_PFt;R_3b;R_24dv;R_6d,1.014062475435338
163,episodic_first,72;256;63;198;118;305;11;229;19;245;347;61;156,166;294;47;185;114;195;94;342;151;266;139;225;44;308;148;285;293;337;263,L_8C;R_a47r;L_p32;R_V3B;L_PreS;R_PHA1;L_55b;R_MIP;L_LO1;R_47m;R_Ig;L_d32;L_FST,L_PoI1;R_FOP2;L_LIPv;R_V4;L_FOP2;R_V7;L_LIPd;R_VVC;L_V6A;R_9a;L_TPOJ2;R_7PL;L_7Am;R_STSdp;L_PFm;R_PoI2;R_FOP3;R_V3CD;R_46,0.744573118755585
164,semantic_first,59;319;63;197;118;201;17;255;117;359;355;75;53,83;289;101;286;18;347;167;269;140;261;108;195;107;285;43;232;229;220;227,L_p32pr;R_TPOJ2;L_p32;R_FFC;L_PreS;R_PIT;L_FFC;R_47l;L_EC;R_p24;R_STSva;L_47l;L_6d,L_46;R_Pir;L_OP2-3;R_TA2;L_V3B;R_Ig;L_Ig;R_10pp;L_TPOJ3;R_IFSa;L_MI;R_V7;L_FOP4;R_PoI2;L_6ma;R_3a;R_MIP;R_24dv;R_LIPv,0.9128888643794093
165,episodic_first,28;256;178;271;76;320;57;257;89;299;215;93;112,144;336;91;235;113;218;109;198;139;300;105;319;3;224;128;285;321;241;237,L_7Pm;R_a47r;L_a32pr;R_13l;L_a47r;R_TPOJ3;L_33pr;R_6r;L_10pp;R_H;R_5m;L_47s;L_FOP1,L_IP1;R_FST;L_13l;R_6v;L_FOP3;R_5L;L_Pir;R_V3B;L_TPOJ2;R_ProS;L_PoI2;R_TPOJ2;L_V2;R_7Am;L_STSdp;R_PoI2;R_DVT;R_d32;R_33pr,0.9264815390673492
166,semantic_first,86;275;60;197;84;190;42;227;117;334;278;6;0,108;337;74;251;114;286;139;309;94;295;2;196;156;233;30;232;230;349;234,L_9a;R_6a;L_a24;R_FFC;L_a9-46v;R_PEF;L_SCEF;R_LIPv;L_EC;R_PHA2;R_43;L_V8;L_V1,L_MI;R_V3CD;L_45;R_10d;L_FOP2;R_TA2;L_TPOJ2;R_STSvp;L_LIPd;R_PFt;L_V6;R_IPS1;L_FST;R_6d;L_POS1;R_3a;R_1;R_p10p;R_6mp,0.9392565187907542
167,episodic_first,49;227;91;258;22;264;69;349;65;298;198;153;115,27;180;16;266;151;238;55;286;179;291;15;320;128;328;43;285;319;336;234,L_MIP;R_LIPv;L_13l;R_IFJa;L_MT;R_a9-46v;L_8BL;R_p10p;L_47m;R_PreS;R_V3B;L_VMV3;L_PFt,L_STV;R_V1;L_IPS1;R_9a;L_V6A;R_a24pr;L_6v;R_TA2;L_p24;R_AAIC;L_V7;R_TPOJ3;L_STSdp;R_PFm;L_6ma;R_PoI2;R_TPOJ2;R_FST;R_6mp,0.9470030918112151
168,semantic_first,136;256;79;268;168;305;81;349;118;333;355;61;16,73;281;4;221;108;215;15;319;94;274;70;331;30;205;37;187;288;181;252,L_PHT;R_a47r;L_IFJp;R_a10p;L_FOP5;R_PHA1;L_IFSa;R_p10p;L_PreS;R_VMV3;R_STSva;L_d32;L_IPS1,L_44;R_OP2-3;L_V3;R_7AL;L_MI;R_5m;L_V7;R_TPOJ2;L_LIPd;R_LIPd;L_9p;R_V6A;L_POS1;R_SFL;L_23c;R_4;R_MI;R_MST;R_8C,0.8801406666878326
169,episodic_first,129;256;97;336;76;264;69;288;117;333;320;11;113,144;241;177;326;169;274;146;218;151;232;175;331;147;296;141;217;189;271;257,L_STSvp;R_a47r;L_s6-8;R_FST;L_a47r;R_a9-46v;L_8BL;R_MI;L_EC;R_VMV3;R_TPOJ3;L_55b;L_FOP3,L_IP1;R_d32;L_PI;R_PFop;L_p10p;R_LIPd;L_PFop;R_5L;L_V6A;R_3a;L_STSva;R_V6A;L_PF;R_AIP;L_DVT;R_23c;R_FEF;R_13l;R_6r,0.9442934367959359
170,semantic_first,83;205;125;220;164;199;88;230;58;238;331;75;99,128;183;98;250;115;198;146;309;59;232;109;227;25;308;144;208;207;254;217,L_46;R_SFL;L_PHA1;R_24dv;L_s32;R_LO1;L_a10p;R_1;L_a24pr;R_a24pr;R_V6A;L_47l;L_OP4,L_STSdp;R_V2;L_43;R_9p;L_PFt;R_V3B;L_PFop;R_STSvp;L_p32pr;R_3a;L_Pir;R_LIPv;L_SFL;R_STSdp;L_IP1;R_7Pm;R_STV;R_45;R_23c,0.9120783272830564
171,episodic_first,73;261;1;201;89;301;11;348;118;305;278;96;16,129;281;99;185;24;225;139;295;158;266;28;320;107;346;30;253;205;289;229,L_44;R_IFSa;L_MST;R_PIT;L_10pp;R_PeEc;L_55b;R_FOP5;L_PreS;R_PHA1;R_43;L_i6-8;L_IPS1,L_STSvp;R_OP2-3;L_OP4;R_V4;L_PSL;R_7PL;L_TPOJ2;R_PFt;L_LO3;R_9a;L_7Pm;R_TPOJ3;L_FOP4;R_PoI1;L_POS1;R_44;R_SFL;R_Pir;R_MIP,0.9355921054671257
172,semantic_first,52;259;22;241;154;273;170;254;125;306;331;116;99,12;279;78;274;145;320;146;332;38;185;151;195;30;285;37;208;325;335;189,L_3a;R_IFJp;L_MT;R_d32;L_PHA2;R_47s;L_p47r;R_45;L_PHA1;R_PHA3;R_V6A;L_AIP;L_OP4,L_V3A;R_OP4;L_IFJa;R_LIPd;L_IP0;R_TPOJ3;L_PFop;R_VMV1;L_5L;R_V4;L_V6A;R_V7;L_POS1;R_PoI2;L_23c;R_7Pm;R_IP0;R_V4t;R_FEF,0.9170177522129958
173,episodic_first,57;222;179;238;121;202;72;196;154;269;293;71;0,55;192;4;266;48;358;59;274;139;259;157;225;137;285;43;205;227;316;210,L_33pr;R_SCEF;L_p24;R_a24pr;L_PeEc;R_MT;L_8C;R_IPS1;L_PHA2;R_10pp;R_FOP3;L_10d;L_V1,L_6v;R_V3A;L_V3;R_9a;L_VIP;R_a32pr;L_p32pr;R_LIPd;L_TPOJ2;R_IFJp;L_V3CD;R_7PL;L_PH;R_PoI2;L_6ma;R_SFL;R_LIPv;R_PHT;R_POS1,0.9146589592535518
174,semantic_first,83;221;159;186;71;268;11;358;121;236;316;90;115,143;202;4;300;18;250;108;195;2;326;80;319;47;217;14;226;256;289;261,L_46;R_7AL;L_VMV2;R_V8;L_10d;R_a10p;L_55b;R_a32pr;L_PeEc;R_p24pr;R_PHT;L_11l;L_PFt,L_IP2;R_MT;L_V3;R_ProS;L_V3B;R_9p;L_MI;R_V7;L_V6;R_PFop;L_IFSp;R_TPOJ2;L_LIPv;R_23c;L_POS2;R_7PC;R_a47r;R_Pir;R_IFSa,0.8946787901631246
175,episodic_first,43;296;15;245;125;200;116;255;93;291;251;84;53,146;294;99;309;101;274;79;355;157;261;94;326;14;295;49;328;253;289;263,L_6ma;R_AIP;L_V7;R_47m;L_PHA1;R_LO2;L_AIP;R_47l;L_47s;R_AAIC;R_10d;L_a9-46v;L_6d,L_PFop;R_FOP2;L_OP4;R_STSvp;L_OP2-3;R_LIPd;L_IFJp;R_STSva;L_V3CD;R_IFSa;L_LIPd;R_PFop;L_POS2;R_PFt;L_MIP;R_PFm;R_44;R_Pir;R_46,0.9704708824857068
176,semantic_first,43;205;164;220;22;305;107;249;60;245;207;20;53,49;281;137;295;48;225;145;228;157;319;151;349;47;224;144;188;321;239;275,L_6ma;R_SFL;L_s32;R_24dv;L_MT;R_PHA1;L_FOP4;R_8BL;L_a24;R_47m;R_STV;L_LO2;L_6d,L_MIP;R_OP2-3;L_PH;R_PFt;L_VIP;R_7PL;L_IP0;R_VIP;L_V3CD;R_TPOJ2;L_V6A;R_p10p;L_LIPv;R_7Am;L_IP1;R_3b;R_DVT;R_p32pr;R_6a,0.8809435399447348
177,episodic_first,52;221;164;305;154;200;42;189;91;238;331;92;115,146;292;137;218;151;274;27;185;18;319;175;300;156;323;128;230;253;220;188,L_3a;R_7AL;L_s32;R_PHA1;L_PHA2;R_LO2;L_SCEF;R_FEF;L_13l;R_a24pr;R_V6A;L_OFC;L_PFt,L_PFop;R_FOP1;L_PH;R_5L;L_V6A;R_LIPd;L_STV;R_V4;L_V3B;R_TPOJ2;L_STSva;R_ProS;L_FST;R_IP2;L_STSdp;R_1;R_44;R_24dv;R_3b,0.834957125632501
178,semantic_first,107;277;125;272;22;349;42;275;153;338;218;92;16,12;316;156;232;167;185;24;331;59;235;18;295;53;285;128;234;293;292;252,L_FOP4;R_s6-8;L_PHA1;R_OFC;L_MT;R_p10p;L_SCEF;R_6a;L_VMV3;R_LO3;R_5L;L_OFC;L_IPS1,L_V3A;R_PHT;L_FST;R_3a;L_Ig;R_V4;L_PSL;R_V6A;L_p32pr;R_6v;L_V3B;R_PFt;L_6d;R_PoI2;L_STSdp;R_6mp;R_FOP3;R_FOP1;R_8C,0.9720609804232503
179,episodic_first,28;288;15;220;82;272;5;227;65;342;326;78;137,48;281;38;218;24;320;146;300;97;323;138;274;52;235;141;328;317;249;346,L_7Pm;R_MI;L_V7;R_24dv;L_p9-46v;R_OFC;L_V4;R_LIPv;L_47m;R_VVC;R_PFop;L_IFJa;L_PH,L_VIP;R_OP2-3;L_5L;R_5L;L_PSL;R_TPOJ3;L_PFop;R_ProS;L_s6-8;R_IP2;L_TPOJ1;R_LIPd;L_3a;R_6v;L_DVT;R_PFm;R_PH;R_8BL;R_PoI1,0.98646289120041
180,semantic_first,77;317;140;338;121;305;85;348;118;342;319;116;107,73;281;47;228;175;251;59;207;94;185;157;196;147;257;30;233;321;249;308,L_6r;R_PH;L_TPOJ3;R_LO3;L_PeEc;R_PHA1;L_9-46d;R_FOP5;L_PreS;R_VVC;R_TPOJ2;L_AIP;L_FOP4,L_44;R_OP2-3;L_LIPv;R_VIP;L_STSva;R_10d;L_p32pr;R_STV;L_LIPd;R_V4;L_V3CD;R_IPS1;L_PF;R_6r;L_POS1;R_6d;R_DVT;R_8BL;R_STSdp,0.9476407859839969
181,episodic_first,166;256;158;336;20;289;111;227;92;271;331;69;24,59;183;113;300;114;320;55;306;157;269;12;266;43;328;36;205;217;350;321,L_PoI1;R_a47r;L_LO3;R_FST;L_LO2;R_Pir;L_AAIC;R_LIPv;L_OFC;R_13l;R_V6A;L_8BL;L_PSL,L_p32pr;R_V2;L_FOP3;R_ProS;L_FOP2;R_TPOJ3;L_6v;R_PHA3;L_V3CD;R_10pp;L_V3A;R_9a;L_6ma;R_PFm;L_5mv;R_SFL;R_23c;R_p47r;R_DVT,0.9851637402998504
182,semantic_first,43;237;10;289;61;331;178;348;88;332;293;6;156,48;316;5;342;47;207;108;286;145;323;2;185;8;308;73;285;208;350;233,L_6ma;R_33pr;L_PEF;R_Pir;L_d32;R_V6A;L_a32pr;R_FOP5;L_a10p;R_VMV1;R_FOP3;L_V8;L_FST,L_VIP;R_PHT;L_V4;R_VVC;L_LIPv;R_STV;L_MI;R_TA2;L_IP0;R_IP2;L_V6;R_V4;L_3b;R_STSdp;L_44;R_PoI2;R_7Pm;R_p47r;R_6d,0.8881453876342783
183,episodic_first,166;222;125;245;88;358;81;223;121;195;274;69;177,55;182;113;342;24;218;143;302;94;221;138;317;43;233;107;295;293;337;188,L_PoI1;R_SCEF;L_PHA1;R_47m;L_a10p;R_a32pr;L_IFSa;R_6ma;L_PeEc;R_V7;R_LIPd;L_8BL;L_PI,L_6v;R_V6;L_FOP3;R_VVC;L_PSL;R_5L;L_IP2;R_STGa;L_LIPd;R_7AL;L_TPOJ1;R_PH;L_6ma;R_6d;L_FOP4;R_PFt;R_FOP3;R_V3CD;R_3b,0.9429527768696455
184,semantic_first,136;257;179;264;84;274;81;196;89;238;182;82;141,146;200;78;317;24;293;157;207;12;300;108;358;47;205;43;295;185;336;266,L_PHT;R_6r;L_p24;R_a9-46v;L_a9-46v;R_LIPd;L_IFSa;R_IPS1;L_10pp;R_a24pr;R_V6;L_p9-46v;L_DVT,L_PFop;R_LO2;L_IFJa;R_PH;L_PSL;R_FOP3;L_V3CD;R_STV;L_V3A;R_ProS;L_MI;R_a32pr;L_LIPv;R_SFL;L_6ma;R_PFt;R_V4;R_FST;R_9a,0.9301447435192598
185,episodic_first,107;295;140;241;82;305;116;256;60;238;274;92;24,166;358;156;208;79;286;49;235;139;357;28;326;25;308;147;285;233;268;184,L_FOP4;R_PFt;L_TPOJ3;R_d32;L_p9-46v;R_PHA1;L_AIP;R_a47r;L_a24;R_a24pr;R_LIPd;L_OFC;L_PSL,L_PoI1;R_a32pr;L_FST;R_7Pm;L_IFJp;R_TA2;L_MIP;R_6v;L_TPOJ2;R_PI;L_7Pm;R_PFop;L_SFL;R_STSdp;L_PF;R_PoI2;R_6d;R_a10p;R_V3,0.9763408547526549
186,semantic_first,3;205;158;349;19;301;82;223;88;338;229;91;98,49;331;156;261;100;238;140;185;94;217;157;266;104;226;37;193;317;292;196,L_V2;R_SFL;L_LO3;R_p10p;L_LO1;R_PeEc;L_p9-46v;R_6ma;L_a10p;R_LO3;R_MIP;L_13l;L_43,L_MIP;R_V6A;L_FST;R_IFSa;L_OP1;R_a24pr;L_TPOJ3;R_V4;L_LIPd;R_23c;L_V3CD;R_9a;L_PFcm;R_7PC;L_23c;R_RSC;R_PH;R_FOP1;R_IPS1,0.9926138697619629
187,episodic_first,136;263;58;336;121;332;88;275;65;339;273;72;4,105;199;137;274;129;195;18;269;94;296;138;293;43;233;37;205;189;348;234,L_PHT;R_46;L_a24pr;R_FST;L_PeEc;R_VMV1;L_a10p;R_6a;L_47m;R_VMV2;R_47s;L_8C;L_V3,L_PoI2;R_LO1;L_PH;R_LIPd;L_STSvp;R_V7;L_V3B;R_10pp;L_LIPd;R_AIP;L_TPOJ1;R_FOP3;L_6ma;R_6d;L_23c;R_SFL;R_FEF;R_FOP5;R_6mp,1.0293417544663863
188,semantic_first,80;227;22;337;21;264;88;196;154;332;317;118;90,55;192;104;195;169;325;2;285;38;274;83;250;24;230;49;252;234;220;228,L_IFSp;R_LIPv;L_MT;R_V3CD;L_PIT;R_a9-46v;L_a10p;R_IPS1;L_PHA2;R_VMV1;R_PH;L_PreS;L_11l,L_6v;R_V3A;L_PFcm;R_V7;L_p10p;R_IP0;L_V6;R_PoI2;L_5L;R_LIPd;L_46;R_9p;L_PSL;R_1;L_MIP;R_8C;R_6mp;R_24dv;R_VIP,0.9920539174807315
189,episodic_first,66;196;151;305;82;320;76;257;159;333;349;0;177,175;294;169;195;108;306;105;326;94;235;157;218;129;229;54;221;207;258;253,L_8Av;R_IPS1;L_V6A;R_PHA1;L_p9-46v;R_TPOJ3;L_a47r;R_6r;L_VMV2;R_VMV3;R_p10p;L_V1;L_PI,L_STSva;R_FOP2;L_p10p;R_V7;L_MI;R_PHA3;L_PoI2;R_PFop;L_LIPd;R_6v;L_V3CD;R_5L;L_STSvp;R_MIP;L_6mp;R_7AL;R_STV;R_IFJa;R_44,0.9602113958770524
190,semantic_first,45;266;155;305;93;255;57;239;1;345;331;71;76,59;241;24;207;18;326;109;185;15;355;2;274;14;233;77;323;217;254;296,L_7PL;R_9a;L_V4t;R_PHA1;L_47s;R_47l;L_33pr;R_p32pr;L_MST;R_pOFC;R_V6A;L_10d;L_a47r,L_p32pr;R_d32;L_PSL;R_STV;L_V3B;R_PFop;L_Pir;R_V4;L_V7;R_STSva;L_V6;R_LIPd;L_POS2;R_6d;L_6r;R_IP2;R_23c;R_45;R_AIP,0.950573531882166
191,episodic_first,143;188;35;238;153;251;70;227;22;269;274;19;104,80;279;113;323;101;358;138;195;45;250;144;278;50;226;128;252;317;349;257,L_IP2;R_3b;L_5m;R_a24pr;L_VMV3;R_10d;L_9p;R_LIPv;L_MT;R_10pp;R_LIPd;L_LO1;L_PFcm,L_IFSp;R_OP4;L_FOP3;R_IP2;L_OP2-3;R_a32pr;L_TPOJ1;R_V7;L_7PL;R_9p;L_IP1;R_43;L_1;R_7PC;L_STSdp;R_8C;R_PH;R_p10p;R_6r,0.8912072572181766
192,semantic_first,105;317;122;359;71;339;81;189;159;198;293;76;104,9;292;96;309;79;274;15;208;113;185;80;228;43;229;166;235;218;268;232,L_PoI2;R_PH;L_STGa;R_p24;L_10d;R_VMV2;L_IFSa;R_FEF;L_VMV2;R_V3B;R_FOP3;L_a47r;L_PFcm,L_FEF;R_FOP1;L_i6-8;R_STSvp;L_IFJp;R_LIPd;L_V7;R_7Pm;L_FOP3;R_V4;L_IFSp;R_VIP;L_6ma;R_MIP;L_PoI1;R_6v;R_5L;R_a10p;R_3a,0.8506713621375998
193,episodic_first,45;221;155;201;21;320;136;278;154;301;185;1;115,138;241;16;319;156;339;143;357;146;235;2;309;54;328;9;252;230;197;188,L_7PL;R_7AL;L_V4t;R_PIT;L_PIT;R_TPOJ3;L_PHT;R_43;L_PHA2;R_PeEc;R_V4;L_MST;L_PFt,L_TPOJ1;R_d32;L_IPS1;R_TPOJ2;L_FST;R_VMV2;L_IP2;R_PI;L_PFop;R_6v;L_V6;R_STSvp;L_6mp;R_PFm;L_FEF;R_8C;R_1;R_FFC;R_3b,0.9259773714711244
194,semantic_first,96;261;140;220;125;332;5;196;92;344;218;90;99,37;281;156;319;129;245;48;342;146;250;45;273;44;327;147;232;230;268;260,L_i6-8;R_IFSa;L_TPOJ3;R_24dv;L_PHA1;R_VMV1;L_V4;R_IPS1;L_OFC;R_s32;R_5L;L_11l;L_OP4,L_23c;R_OP2-3;L_FST;R_TPOJ2;L_STSvp;R_47m;L_VIP;R_VVC;L_PFop;R_9p;L_7PL;R_47s;L_7Am;R_PF;L_PF;R_3a;R_1;R_a10p;R_IFSp,0.9789614725761299
195,episodic_first,96;188;165;241;21;320;111;358;10;251;250;20;104,12;287;76;342;98;271;138;319;113;309;27;207;24;205;144;328;229;349;317,L_i6-8;R_3b;L_pOFC;R_d32;L_PIT;R_TPOJ3;L_AAIC;R_a32pr;L_PEF;R_10d;R_9p;L_LO2;L_PFcm,L_V3A;R_FOP4;L_a47r;R_VVC;L_43;R_13l;L_TPOJ1;R_TPOJ2;L_FOP3;R_STSvp;L_STV;R_STV;L_PSL;R_SFL;L_IP1;R_PFm;R_MIP;R_p10p;R_PH,0.9963603088311518
196,semantic_first,39;205;159;264;121;332;69;249;165;238;355;71;115,73;202;169;232;143;198;2;228;15;217;94;317;141;188;144;308;252;358;257,L_24dd;R_SFL;L_VMV2;R_a9-46v;L_PeEc;R_VMV1;L_8BL;R_8BL;L_pOFC;R_a24pr;R_STSva;L_10d;L_PFt,L_44;R_MT;L_p10p;R_3a;L_IP2;R_V3B;L_V6;R_VIP;L_V7;R_23c;L_LIPd;R_PH;L_DVT;R_3b;L_IP1;R_STSdp;R_8C;R_a32pr;R_6r,0.8904527611204508
197,episodic_first,80;229;89;245;20;320;85;355;118;198;347;21;78,9;202;24;295;143;225;55;274;94;228;2;309;137;285;50;296;288;272;253,L_IFSp;R_MIP;L_10pp;R_47m;L_LO2;R_TPOJ3;L_9-46d;R_STSva;L_PreS;R_V3B;R_Ig;L_PIT;L_IFJa,L_FEF;R_MT;L_PSL;R_PFt;L_IP2;R_7PL;L_6v;R_LIPd;L_LIPd;R_VIP;L_V6;R_STSvp;L_PH;R_PoI2;L_1;R_AIP;R_MI;R_OFC;R_44,0.9257472304059281
198,semantic_first,129;295;164;271;71;190;57;223;35;306;325;81;115,27;180;104;326;101;215;80;274;139;263;45;185;30;235;95;323;288;279;233,L_STSvp;R_PFt;L_s32;R_13l;L_10d;R_PEF;L_33pr;R_6ma;L_5m;R_PHA3;R_IP0;L_IFSa;L_PFt,L_STV;R_V1;L_PFcm;R_PFop;L_OP2-3;R_5m;L_IFSp;R_LIPd;L_TPOJ2;R_46;L_7PL;R_V4;L_POS1;R_6v;L_6a;R_IP2;R_MI;R_OP4;R_6d,0.9413587781770018
199,episodic_first,70;225;178;220;19;301;11;288;6;334;198;168;74,144;292;78;195;114;326;94;218;179;208;15;293;47;233;147;229;317;199;252,L_9p;R_7PL;L_a32pr;R_24dv;L_LO1;R_PeEc;L_55b;R_MI;L_V8;R_PHA2;R_V3B;L_FOP5;L_45,L_IP1;R_FOP1;L_IFJa;R_V7;L_FOP2;R_PFop;L_LIPd;R_5L;L_p24;R_7Pm;L_V7;R_FOP3;L_LIPv;R_6d;L_PF;R_MIP;R_PH;R_LO1;R_8C,0.8170489924804732
200,semantic_first,43;259;165;239;92;201;61;237;1;245;273;22;53,9;281;38;261;113;342;146;221;151;274;83;325;46;224;80;234;253;197;217,L_6ma;R_IFJp;L_pOFC;R_p32pr;L_OFC;R_PIT;L_d32;R_33pr;L_MST;R_47m;R_47s;L_MT;L_6d,L_FEF;R_OP2-3;L_5L;R_IFSa;L_FOP3;R_VVC;L_PFop;R_7AL;L_V6A;R_LIPd;L_46;R_IP0;L_7PC;R_7Am;L_IFSp;R_6mp;R_44;R_FFC;R_23c,1.0373950684042152
201,episodic_first,54;260;35;238;22;273;96;230;71;306;198;99;98,45;281;129;228;156;218;139;300;48;323;12;355;25;188;50;226;208;289;253,L_6mp;R_IFSp;L_5m;R_a24pr;L_MT;R_47s;L_i6-8;R_1;L_10d;R_PHA3;R_V3B;L_OP4;L_43,L_7PL;R_OP2-3;L_STSvp;R_VIP;L_FST;R_5L;L_TPOJ2;R_ProS;L_VIP;R_IP2;L_V3A;R_STSva;L_SFL;R_3b;L_1;R_7PC;R_7Pm;R_Pir;R_44,0.8973307288173946
202,semantic_first,57;260;165;349;22;298;52;189;169;344;182;75;98,77;254;53;207;104;218;145;286;55;225;179;309;115;233;144;232;205;289;253,L_33pr;R_IFSp;L_pOFC;R_p10p;L_MT;R_PreS;L_3a;R_FEF;L_p10p;R_s32;R_V6;L_47l;L_43,L_6r;R_45;L_6d;R_STV;L_PFcm;R_5L;L_IP0;R_TA2;L_6v;R_7PL;L_p24;R_STSvp;L_PFt;R_6d;L_IP1;R_3a;R_SFL;R_Pir;R_44,0.9212190384414732
203,episodic_first,83;208;15;298;6;350;111;256;164;190;274;168;116,37;219;74;259;79;357;108;235;48;342;86;326;44;252;43;328;221;272;230,L_46;R_7Pm;L_V7;R_PreS;L_V8;R_p47r;L_AAIC;R_a47r;L_s32;R_PEF;R_LIPd;L_FOP5;L_AIP,L_23c;R_24dd;L_45;R_IFJp;L_IFJp;R_PI;L_MI;R_6v;L_VIP;R_VVC;L_9a;R_PFop;L_7Am;R_8C;L_6ma;R_PFm;R_7AL;R_OFC;R_1,0.972011460958834
204,semantic_first,39;237;18;268;84;199;11;278;154;245;218;88;16,37;349;177;185;156;300;97;306;86;296;105;251;52;230;66;234;235;202;261,L_24dd;R_33pr;L_V3B;R_a10p;L_a9-46v;R_LO1;L_55b;R_43;L_PHA2;R_47m;R_5L;L_a10p;L_IPS1,L_23c;R_p10p;L_PI;R_V4;L_FST;R_ProS;L_s6-8;R_PHA3;L_9a;R_AIP;L_PoI2;R_10d;L_3a;R_1;L_8Av;R_6mp;R_6v;R_MT;R_IFSa,0.9407205909286791
205,episodic_first,80;185;35;271;1;332;61;325;164;243;347;168;107,166;181;53;195;143;300;94;319;86;221;2;331;41;229;48;295;227;279;257,L_IFSp;R_V4;L_5m;R_13l;L_MST;R_VMV1;L_d32;R_IP0;L_s32;R_p32;R_Ig;L_FOP5;L_FOP4,L_PoI1;R_MST;L_6d;R_V7;L_IP2;R_ProS;L_LIPd;R_TPOJ2;L_9a;R_7AL;L_V6;R_V6A;L_7AL;R_MIP;L_VIP;R_PFt;R_LIPv;R_OP4;R_6r,0.8833328207912171
206,semantic_first,39;319;63;359;61;202;116;189;22;297;207;93;53,77;200;38;323;167;185;15;326;140;256;97;288;147;296;41;226;325;289;234,L_24dd;R_TPOJ2;L_p32;R_p24;L_d32;R_MT;L_AIP;R_FEF;L_MT;R_EC;R_STV;L_47s;L_6d,L_6r;R_LO2;L_5L;R_IP2;L_Ig;R_V4;L_V7;R_PFop;L_TPOJ3;R_a47r;L_s6-8;R_MI;L_PF;R_AIP;L_7AL;R_7PC;R_IP0;R_Pir;R_6mp,0.914719709291463
207,episodic_first,96;237;111;337;6;238;61;256;20;243;316;91;129,12;284;5;266;145;274;139;355;70;217;157;309;46;234;50;205;325;241;233,L_i6-8;R_33pr;L_AAIC;R_V3CD;L_V8;R_a24pr;L_d32;R_a47r;L_LO2;R_p32;R_PHT;L_13l;L_STSvp,L_V3A;R_PFcm;L_V4;R_9a;L_IP0;R_LIPd;L_TPOJ2;R_STSva;L_9p;R_23c;L_V3CD;R_STSvp;L_7PC;R_6mp;L_1;R_SFL;R_IP0;R_d32;R_6d,0.957089874565678
208,semantic_first,52;252;109;338;20;199;170;184;159;334;198;82;16,138;215;53;269;18;250;146;326;94;357;49;309;50;328;66;188;229;181;205,L_3a;R_8C;L_Pir;R_LO3;L_LO2;R_LO1;L_p47r;R_V3;L_VMV2;R_PHA2;R_V3B;L_p9-46v;L_IPS1,L_TPOJ1;R_5m;L_6d;R_10pp;L_V3B;R_9p;L_PFop;R_PFop;L_LIPd;R_PI;L_MIP;R_STSvp;L_1;R_PFm;L_8Av;R_3b;R_MIP;R_MST;R_SFL,0.8814552541610143
209,episodic_first,47;227;125;305;153;349;11;278;20;342;355;82;38,175;180;116;185;146;293;18;319;49;323;145;295;54;308;148;226;234;336;189,L_LIPv;R_LIPv;L_PHA1;R_PHA1;L_VMV3;R_p10p;L_55b;R_43;L_LO2;R_VVC;R_STSva;L_p9-46v;L_5L,L_STSva;R_V1;L_AIP;R_V4;L_PFop;R_FOP3;L_V3B;R_TPOJ2;L_MIP;R_IP2;L_IP0;R_PFt;L_6mp;R_STSdp;L_PFm;R_7PC;R_6mp;R_FST;R_FEF,0.8907349953670847
210,semantic_first,5;275;111;190;10;238;110;220;19;332;355;78;114,146;358;71;342;98;207;139;319;157;357;86;208;107;234;41;188;221;181;260,L_V4;R_6a;L_AAIC;R_PEF;L_PEF;R_a24pr;L_AVI;R_24dv;L_LO1;R_VMV1;R_STSva;L_IFJa;L_FOP2,L_PFop;R_a32pr;L_10d;R_VVC;L_43;R_STV;L_TPOJ2;R_TPOJ2;L_V3CD;R_PI;L_9a;R_7Pm;L_FOP4;R_6mp;L_7AL;R_3b;R_7AL;R_MST;R_IFSp,1.0461905649543908
211,episodic_first,107;275;140;305;65;190;96;253;61;301;320;19;115,144;192;129;295;100;195;139;319;18;274;79;326;137;235;54;232;205;337;189,L_FOP4;R_6a;L_TPOJ3;R_PHA1;L_47m;R_PEF;L_i6-8;R_44;L_d32;R_PeEc;R_TPOJ3;L_LO1;L_PFt,L_IP1;R_V3A;L_STSvp;R_PFt;L_OP1;R_V7;L_TPOJ2;R_TPOJ2;L_V3B;R_LIPd;L_IFJp;R_PFop;L_PH;R_6v;L_6mp;R_3a;R_SFL;R_V3CD;R_FEF,0.8858183673920526
212,semantic_first,70;185;157;337;19;238;107;325;118;345;229;6;38,146;279;143;225;98;245;139;326;2;261;109;215;148;346;95;295;189;349;296,L_9p;R_V4;L_V3CD;R_V3CD;L_LO1;R_a24pr;L_FOP4;R_IP0;L_PreS;R_pOFC;R_MIP;L_V8;L_5L,L_PFop;R_OP4;L_IP2;R_7PL;L_43;R_47m;L_TPOJ2;R_PFop;L_V6;R_IFSa;L_Pir;R_5m;L_PFm;R_PoI1;L_6a;R_PFt;R_FEF;R_p10p;R_AIP,0.9900299973896112
213,episodic_first,73;228;165;258;6;350;84;239;125;274;207;71;101,145;294;16;309;156;198;167;225;146;300;175;295;141;218;30;233;296;220;234,L_44;R_VIP;L_pOFC;R_IFJa;L_V8;R_p47r;L_a9-46v;R_p32pr;L_PHA1;R_LIPd;R_STV;L_10d;L_OP2-3,L_IP0;R_FOP2;L_IPS1;R_STSvp;L_FST;R_V3B;L_Ig;R_7PL;L_PFop;R_ProS;L_STSva;R_PFt;L_DVT;R_5L;L_POS1;R_6d;R_AIP;R_24dv;R_6mp,0.867370979306642
214,semantic_first,17;189;18;272;10;332;4;196;22;274;279;19;16,144;199;76;221;24;358;146;269;113;326;2;347;8;229;46;328;323;202;288,L_FFC;R_FEF;L_V3B;R_OFC;L_PEF;R_VMV1;L_V3;R_IPS1;L_MT;R_LIPd;R_OP4;L_LO1;L_IPS1,L_IP1;R_LO1;L_a47r;R_7AL;L_PSL;R_a32pr;L_PFop;R_10pp;L_FOP3;R_PFop;L_V6;R_Ig;L_3b;R_MIP;L_7PC;R_PFm;R_IP2;R_MT;R_MI,1.0061331596747884
215,episodic_first,96;261;97;251;61;349;107;205;19;243;207;116;4,59;292;114;286;100;306;139;344;157;274;45;320;46;217;50;234;188;316;296,L_i6-8;R_IFSa;L_s6-8;R_10d;L_d32;R_p10p;L_FOP4;R_SFL;L_LO1;R_p32;R_STV;L_AIP;L_V3,L_p32pr;R_FOP1;L_FOP2;R_TA2;L_OP1;R_PHA3;L_TPOJ2;R_s32;L_V3CD;R_LIPd;L_7PL;R_TPOJ3;L_7PC;R_23c;L_1;R_6mp;R_3b;R_PHT;R_AIP,0.9481366117619041
216,semantic_first,83;196;158;339;71;271;42;227;91;298;357;81;90,55;337;129;207;167;326;113;331;105;300;45;195;148;230;43;235;184;249;189,L_46;R_IPS1;L_LO3;R_VMV2;L_10d;R_13l;L_SCEF;R_LIPv;L_13l;R_PreS;R_PI;L_IFSa;L_11l,L_6v;R_V3CD;L_STSvp;R_STV;L_Ig;R_PFop;L_FOP3;R_V6A;L_PoI2;R_ProS;L_7PL;R_V7;L_PFm;R_1;L_6ma;R_6v;R_V3;R_8BL;R_FEF,1.0213623003976708
217,episodic_first,52;188;125;272;118;264;71;296;165;269;215;72;112,37;280;137;357;100;245;157;218;146;235;15;195;74;257;54;252;221;316;275,L_3a;R_3b;L_PHA1;R_OFC;L_PreS;R_a9-46v;L_10d;R_AIP;L_pOFC;R_10pp;R_5m;L_8C;L_FOP1,L_23c;R_OP1;L_PH;R_PI;L_OP1;R_47m;L_V3CD;R_5L;L_PFop;R_6v;L_V7;R_V7;L_45;R_6r;L_6mp;R_8C;R_7AL;R_PHT;R_6a,0.9484679490034182
218,semantic_first,80;250;125;239;126;289;42;275;22;345;229;20;177,73;284;71;266;146;349;143;331;59;207;2;288;43;346;166;231;205;336;217,L_IFSp;R_9p;L_PHA1;R_p32pr;L_PHA3;R_Pir;L_SCEF;R_6a;L_MT;R_pOFC;R_MIP;L_LO2;L_PI,L_44;R_PFcm;L_10d;R_9a;L_PFop;R_p10p;L_IP2;R_V6A;L_p32pr;R_STV;L_V6;R_MI;L_6ma;R_PoI1;L_PoI1;R_2;R_SFL;R_FST;R_23c,0.9906896452826935
219,episodic_first,83;196;122;264;1;268;81;250;35;301;225;11;47,146;279;115;274;104;245;38;300;139;221;157;355;24;253;147;218;205;337;227,L_46;R_IPS1;L_STGa;R_a9-46v;L_MST;R_a10p;L_IFSa;R_9p;L_5m;R_PeEc;R_7PL;L_55b;L_LIPv,L_PFop;R_OP4;L_PFt;R_LIPd;L_PFcm;R_47m;L_5L;R_ProS;L_TPOJ2;R_7AL;L_V3CD;R_STSva;L_PSL;R_44;L_PF;R_5L;R_SFL;R_V3CD;R_LIPv,0.9078527259726848
220,semantic_first,86;275;79;289;21;272;136;237;89;359;288;116;112,73;181;169;218;80;198;27;195;175;357;2;225;24;323;51;224;319;348;228,L_9a;R_6a;L_IFJp;R_Pir;L_PIT;R_OFC;L_PHT;R_33pr;L_10pp;R_p24;R_MI;L_AIP;L_FOP1,L_44;R_MST;L_p10p;R_5L;L_IFSp;R_V3B;L_STV;R_V7;L_STSva;R_PI;L_V6;R_7PL;L_PSL;R_IP2;L_2;R_7Am;R_TPOJ2;R_FOP5;R_VIP,1.0157546726629203
221,episodic_first,39;190;79;272;153;273;67;189;154;197;293;91;104,27;268;3;225;145;286;139;309;105;300;55;317;129;319;54;346;278;337;188,L_24dd;R_PEF;L_IFJp;R_OFC;L_VMV3;R_47s;L_8Ad;R_FEF;L_PHA2;R_FFC;R_FOP3;L_13l;L_PFcm,L_STV;R_a10p;L_V2;R_7PL;L_IP0;R_TA2;L_TPOJ2;R_STSvp;L_PoI2;R_ProS;L_6v;R_PH;L_STSvp;R_TPOJ2;L_6mp;R_PoI1;R_43;R_V3CD;R_3b,0.8703445637060299
222,semantic_first,59;291;17;336;81;350;57;266;165;198;293;99;47,128;192;101;195;18;331;27;218;157;227;79;349;46;308;107;285;205;249;187,L_p32pr;R_AAIC;L_FFC;R_FST;L_IFSa;R_p47r;L_33pr;R_9a;L_pOFC;R_V3B;R_FOP3;L_OP4;L_LIPv,L_STSdp;R_V3A;L_OP2-3;R_V7;L_V3B;R_V6A;L_STV;R_5L;L_V3CD;R_LIPv;L_IFJp;R_p10p;L_7PC;R_STSdp;L_FOP4;R_PoI2;R_SFL;R_8BL;R_4,1.0210357044207736
223,episodic_first,96;260;152;337;21;198;57;255;61;332;288;75;16,55;331;113;235;151;355;167;274;94;296;105;227;104;226;141;230;208;279;257,L_i6-8;R_IFSp;L_VMV1;R_V3CD;L_PIT;R_V3B;L_33pr;R_47l;L_d32;R_VMV1;R_MI;L_47l;L_IPS1,L_6v;R_V6A;L_FOP3;R_6v;L_V6A;R_STSva;L_Ig;R_LIPd;L_LIPd;R_AIP;L_PoI2;R_LIPv;L_PFcm;R_7PC;L_DVT;R_1;R_7Pm;R_OP4;R_6r,0.9629567690908237
224,semantic_first,52;291;17;271;84;245;141;288;19;306;184;69;100,128;284;169;266;146;238;79;269;18;300;167;349;156;226;49;285;218;358;275,L_3a;R_AAIC;L_FFC;R_13l;L_a9-46v;R_47m;L_DVT;R_MI;L_LO1;R_PHA3;R_V3;L_8BL;L_OP1,L_STSdp;R_PFcm;L_p10p;R_9a;L_PFop;R_a24pr;L_IFJp;R_10pp;L_V3B;R_ProS;L_Ig;R_p10p;L_FST;R_7PC;L_MIP;R_PoI2;R_5L;R_a32pr;R_6a,0.8959863866438853
225,episodic_first,136;237;159;220;20;198;42;189;89;238;207;93;74,146;241;3;295;115;185;49;250;139;195;86;355;148;285;95;221;229;201;296,L_PHT;R_33pr;L_VMV2;R_24dv;L_LO2;R_V3B;L_SCEF;R_FEF;L_10pp;R_a24pr;R_STV;L_47s;L_45,L_PFop;R_d32;L_V2;R_PFt;L_PFt;R_V4;L_MIP;R_9p;L_TPOJ2;R_V7;L_9a;R_STSva;L_PFm;R_PoI2;L_6a;R_7AL;R_MIP;R_PIT;R_AIP,0.8592377067022334
226,semantic_first,96;263;151;339;121;238;42;288;154;302;273;61;0,46;336;112;309;94;331;143;357;179;300;48;195;30;208;83;231;250;255;221,L_i6-8;R_46;L_V6A;R_VMV2;L_PeEc;R_a24pr;L_SCEF;R_MI;L_PHA2;R_STGa;R_47s;L_d32;L_V1,L_7PC;R_FST;L_FOP1;R_STSvp;L_LIPd;R_V6A;L_IP2;R_PI;L_p24;R_ProS;L_VIP;R_V7;L_POS1;R_7Pm;L_46;R_2;R_9p;R_47l;R_7AL,0.8586618897722952
227,episodic_first,80;275;140;245;159;268;96;237;35;302;198;22;156,46;289;116;323;98;251;55;218;151;300;109;355;37;224;44;232;189;201;296,L_IFSp;R_6a;L_TPOJ3;R_47m;L_VMV2;R_a10p;L_i6-8;R_33pr;L_5m;R_STGa;R_V3B;L_MT;L_FST,L_7PC;R_Pir;L_AIP;R_IP2;L_43;R_10d;L_6v;R_5L;L_V6A;R_ProS;L_Pir;R_STSva;L_23c;R_7Am;L_7Am;R_3a;R_FEF;R_PIT;R_AIP,0.9592447504632287
228,semantic_first,166;317;158;245;153;251;61;288;84;274;358;76;0,2;284;74;221;79;278;49;309;139;225;146;218;129;233;36;232;275;220;227,L_PoI1;R_PH;L_LO3;R_47m;L_VMV3;R_10d;L_d32;R_MI;L_a9-46v;R_LIPd;R_a32pr;L_a47r;L_V1,L_V6;R_PFcm;L_45;R_7AL;L_IFJp;R_43;L_MIP;R_STSvp;L_TPOJ2;R_7PL;L_PFop;R_5L;L_STSvp;R_6d;L_5mv;R_3a;R_6a;R_24dv;R_LIPv,0.9852838326755323
229,episodic_first,129;205;15;268;6;271;170;189;84;344;198;168;53,37;219;5;323;115;331;48;332;105;185;108;227;104;285;54;228;218;200;235,L_STSvp;R_SFL;L_V7;R_a10p;L_V8;R_13l;L_p47r;R_FEF;L_a9-46v;R_s32;R_V3B;L_FOP5;L_6d,L_23c;R_24dd;L_V4;R_IP2;L_PFt;R_V6A;L_VIP;R_VMV1;L_PoI2;R_V4;L_MI;R_LIPv;L_PFcm;R_PoI2;L_6mp;R_VIP;R_5L;R_LO2;R_6v,0.9112822639366995
230,semantic_first,83;263;140;298;21;264;17;210;10;301;331;99;169,49;292;78;357;24;339;157;326;18;232;28;225;30;205;43;217;257;202;235,L_46;R_46;L_TPOJ3;R_PreS;L_PIT;R_a9-46v;L_FFC;R_POS1;L_PEF;R_PeEc;R_V6A;L_OP4;L_p10p,L_MIP;R_FOP1;L_IFJa;R_PI;L_PSL;R_VMV2;L_V3CD;R_PFop;L_V3B;R_3a;L_7Pm;R_7PL;L_POS1;R_SFL;L_6ma;R_23c;R_6r;R_MT;R_6v,0.8731335609747293
231,episodic_first,77;257;179;348;91;298;71;250;84;334;288;4;78,105;199;169;195;5;286;24;251;79;291;59;320;166;328;37;232;325;202;189,L_6r;R_6r;L_p24;R_FOP5;L_13l;R_PreS;L_10d;R_9p;L_a9-46v;R_PHA2;R_MI;L_V3;L_IFJa,L_PoI2;R_LO1;L_p10p;R_V7;L_V4;R_TA2;L_PSL;R_10d;L_IFJp;R_AAIC;L_p32pr;R_TPOJ3;L_PoI1;R_PFm;L_23c;R_3a;R_IP0;R_MT;R_FEF,1.0012091903254954
232,semantic_first,166;252;97;349;10;271;61;278;154;259;293;168;16,146;284;38;235;24;339;151;207;17;266;55;295;47;327;141;231;208;202;317,L_PoI1;R_8C;L_s6-8;R_p10p;L_PEF;R_13l;L_d32;R_43;L_PHA2;R_IFJp;R_FOP3;L_FOP5;L_IPS1,L_PFop;R_PFcm;L_5L;R_6v;L_PSL;R_VMV2;L_V6A;R_STV;L_FFC;R_9a;L_6v;R_PFt;L_LIPv;R_PF;L_DVT;R_2;R_7Pm;R_MT;R_PH,0.9490679938116067
233,episodic_first,52;257;151;305;153;199;67;288;22;245;355;75;141,80;279;76;326;145;273;140;218;86;221;144;293;156;235;83;327;321;192;189,L_3a;R_6r;L_V6A;R_PHA1;L_VMV3;R_LO1;L_8Ad;R_MI;L_MT;R_47m;R_STSva;L_47l;L_DVT,L_IFSp;R_OP4;L_a47r;R_PFop;L_IP0;R_47s;L_TPOJ3;R_5L;L_9a;R_7AL;L_IP1;R_FOP3;L_FST;R_6v;L_46;R_PF;R_DVT;R_V3A;R_FEF,0.8879935500993559
234,semantic_first,52;221;140;198;88;268;136;237;61;238;320;90;100,59;316;116;261;169;195;27;235;105;300;179;358;8;227;128;224;278;181;253,L_3a;R_7AL;L_TPOJ3;R_V3B;L_a10p;R_a10p;L_PHT;R_33pr;L_d32;R_a24pr;R_TPOJ3;L_11l;L_OP1,L_p32pr;R_PHT;L_AIP;R_IFSa;L_p10p;R_V7;L_STV;R_6v;L_PoI2;R_ProS;L_p24;R_a32pr;L_3b;R_LIPv;L_STSdp;R_7Am;R_43;R_MST;R_44,0.9412809966838263
235,episodic_first,143;221;165;258;118;186;96;355;21;342;250;78;116,48;281;101;323;24;358;167;185;179;300;139;278;74;308;46;228;288;249;210,L_IP2;R_7AL;L_pOFC;R_IFJa;L_PreS;R_V8;L_i6-8;R_STSva;L_PIT;R_VVC;R_9p;L_IFJa;L_AIP,L_VIP;R_OP2-3;L_OP2-3;R_IP2;L_PSL;R_a32pr;L_Ig;R_V4;L_p24;R_ProS;L_TPOJ2;R_43;L_45;R_STSdp;L_7PC;R_VIP;R_MI;R_8BL;R_POS1,0.9229404431019135
236,semantic_first,73;208;18;305;88;338;76;230;162;298;182;168;53,83;280;74;218;143;357;24;274;158;291;27;198;166;253;128;346;321;348;217,L_44;R_7Pm;L_V3B;R_PHA1;L_a10p;R_LO3;L_a47r;R_1;L_VVC;R_PreS;R_V6;L_FOP5;L_6d,L_46;R_OP1;L_45;R_5L;L_IP2;R_PI;L_PSL;R_LIPd;L_LO3;R_AAIC;L_STV;R_V3B;L_PoI1;R_44;L_STSdp;R_PoI1;R_DVT;R_FOP5;R_23c,0.9933650714565176
237,episodic_first,128;190;125;197;92;332;110;256;121;198;274;90;100,143;202;91;300;24;349;79;285;48;326;109;225;30;308;50;296;317;337;234,L_STSdp;R_PEF;L_PHA1;R_FFC;L_OFC;R_VMV1;L_AVI;R_a47r;L_PeEc;R_V3B;R_LIPd;L_11l;L_OP1,L_IP2;R_MT;L_13l;R_ProS;L_PSL;R_p10p;L_IFJp;R_PoI2;L_VIP;R_PFop;L_Pir;R_7PL;L_POS1;R_STSdp;L_1;R_AIP;R_PH;R_V3CD;R_6mp,0.8467698381688672
238,semantic_first,107;237;17;198;75;337;52;223;22;332;218;93;101,49;200;53;195;80;215;139;319;108;317;27;269;129;224;14;346;233;336;232,L_FOP4;R_33pr;L_FFC;R_V3B;L_47l;R_V3CD;L_3a;R_6ma;L_MT;R_VMV1;R_5L;L_47s;L_OP2-3,L_MIP;R_LO2;L_6d;R_V7;L_IFSp;R_5m;L_TPOJ2;R_TPOJ2;L_MI;R_PH;L_STV;R_10pp;L_STSvp;R_7Am;L_POS2;R_PoI1;R_6d;R_FST;R_3a,0.8931133292990759
239,episodic_first,136;309;158;245;159;271;40;196;6;359;355;92;143,129;182;112;323;94;339;2;195;139;185;55;331;46;226;3;328;205;199;296,L_PHT;R_STSvp;L_LO3;R_47m;L_VMV2;R_13l;L_24dv;R_IPS1;L_V8;R_p24;R_STSva;L_OFC;L_IP2,L_STSvp;R_V6;L_FOP1;R_IP2;L_LIPd;R_VMV2;L_V6;R_V7;L_TPOJ2;R_V4;L_6v;R_V6A;L_7PC;R_7PC;L_V2;R_PFm;R_SFL;R_LO1;R_AIP,0.9227811420493801
240,semantic_first,96;205;15;272;88;245;84;237;165;345;355;93;4,55;337;129;269;80;326;38;198;59;300;139;185;3;285;66;252;230;255;229,L_i6-8;R_SFL;L_V7;R_OFC;L_a10p;R_47m;L_a9-46v;R_33pr;L_pOFC;R_pOFC;R_STSva;L_47s;L_V3,L_6v;R_V3CD;L_STSvp;R_10pp;L_IFSp;R_PFop;L_5L;R_V3B;L_p32pr;R_ProS;L_TPOJ2;R_V4;L_V2;R_PoI2;L_8Av;R_8C;R_1;R_47l;R_MIP,0.8870508935214124
241,episodic_first,43;185;152;197;20;264;61;250;88;339;225;93;113,55;279;5;319;114;320;27;218;17;263;138;215;14;253;46;308;229;336;260,L_6ma;R_V4;L_VMV1;R_FFC;L_LO2;R_a9-46v;L_d32;R_9p;L_a10p;R_VMV2;R_7PL;L_47s;L_FOP3,L_6v;R_OP4;L_V4;R_TPOJ2;L_FOP2;R_TPOJ3;L_STV;R_5L;L_FFC;R_46;L_TPOJ1;R_5m;L_POS2;R_44;L_7PC;R_STSdp;R_MIP;R_FST;R_IFSp,0.9239717756291075
242,semantic_first,73;188;152;305;84;349;91;254;155;238;227;1;53,145;199;104;317;157;225;140;195;49;323;151;198;47;231;43;221;252;192;205,L_44;R_3b;L_VMV1;R_PHA1;L_a9-46v;R_p10p;L_13l;R_45;L_V4t;R_a24pr;R_LIPv;L_MST;L_6d,L_IP0;R_LO1;L_PFcm;R_PH;L_V3CD;R_7PL;L_TPOJ3;R_V7;L_MIP;R_IP2;L_V6A;R_V3B;L_LIPv;R_2;L_6ma;R_7AL;R_8C;R_V3A;R_SFL,0.984109900570834
243,episodic_first,17;237;140;201;159;337;11;256;1;332;316;20;112,48;202;38;295;101;325;109;274;179;208;2;225;166;323;107;187;196;181;257,L_FFC;R_33pr;L_TPOJ3;R_PIT;L_VMV2;R_V3CD;L_55b;R_a47r;L_MST;R_VMV1;R_PHT;L_LO2;L_FOP1,L_VIP;R_MT;L_5L;R_PFt;L_OP2-3;R_IP0;L_Pir;R_LIPd;L_p24;R_7Pm;L_V6;R_7PL;L_PoI1;R_IP2;L_FOP4;R_4;R_IPS1;R_MST;R_6r,0.877764348908427
244,semantic_first,66;295;89;255;125;202;70;321;21;306;347;20;104,37;180;99;259;80;245;105;251;151;185;145;273;147;231;73;208;207;336;317,L_8Av;R_PFt;L_10pp;R_47l;L_PHA1;R_MT;L_9p;R_DVT;L_PIT;R_PHA3;R_Ig;L_LO2;L_PFcm,L_23c;R_V1;L_OP4;R_IFJp;L_IFSp;R_47m;L_PoI2;R_10d;L_V6A;R_V4;L_IP0;R_47s;L_PF;R_2;L_44;R_7Pm;R_STV;R_FST;R_PH,0.9817495281534743
245,episodic_first,45;259;22;320;84;331;40;220;91;342;325;21;129,12;200;113;225;100;339;94;295;48;228;28;196;115;188;95;234;227;255;261,L_7PL;R_IFJp;L_MT;R_TPOJ3;L_a9-46v;R_V6A;L_24dv;R_24dv;L_13l;R_VVC;R_IP0;L_PIT;L_STSvp,L_V3A;R_LO2;L_FOP3;R_7PL;L_OP1;R_VMV2;L_LIPd;R_PFt;L_VIP;R_VIP;L_7Pm;R_IPS1;L_PFt;R_3b;L_6a;R_6mp;R_LIPv;R_47l;R_IFSa,1.01746555776782
246,semantic_first,83;257;111;198;22;332;39;348;155;236;184;96;107,48;219;101;195;145;271;97;355;175;261;79;320;54;205;14;231;278;264;296,L_46;R_6r;L_AAIC;R_V3B;L_MT;R_VMV1;L_24dd;R_FOP5;L_V4t;R_p24pr;R_V3;L_i6-8;L_FOP4,L_VIP;R_24dd;L_OP2-3;R_V7;L_IP0;R_13l;L_s6-8;R_STSva;L_STSva;R_IFSa;L_IFJp;R_TPOJ3;L_6mp;R_SFL;L_POS2;R_2;R_43;R_a9-46v;R_AIP,1.0477794003768812
247,episodic_first,129;288;164;272;61;245;143;317;60;250;347;99;116,175;289;5;300;156;342;146;232;79;207;139;218;52;295;141;205;257;202;189,L_STSvp;R_MI;L_s32;R_OFC;L_d32;R_47m;L_IP2;R_PH;L_a24;R_9p;R_Ig;L_OP4;L_AIP,L_STSva;R_Pir;L_V4;R_ProS;L_FST;R_VVC;L_PFop;R_3a;L_IFJp;R_STV;L_TPOJ2;R_5L;L_3a;R_PFt;L_DVT;R_SFL;R_6r;R_MT;R_FEF,1.0751467863847042
248,semantic_first,3;265;111;339;88;197;4;210;93;198;218;75;47,38;325;101;286;129;355;12;185;55;195;105;208;53;233;77;205;235;219;189,L_V2;R_9-46d;L_AAIC;R_VMV2;L_a10p;R_FFC;L_V3;R_POS1;L_47s;R_V3B;R_5L;L_47l;L_LIPv,L_5L;R_IP0;L_OP2-3;R_TA2;L_STSvp;R_STSva;L_V3A;R_V4;L_6v;R_V7;L_PoI2;R_7Pm;L_6d;R_6d;L_6r;R_SFL;R_6v;R_24dd;R_FEF,1.0429705753745866
249,episodic_first,45;317;79;198;22;339;40;349;20;259;293;118;115,12;180;78;323;98;306;27;274;108;319;48;227;141;235;83;296;325;249;234,L_7PL;R_PH;L_IFJp;R_V3B;L_MT;R_VMV2;L_24dv;R_p10p;L_LO2;R_IFJp;R_FOP3;L_PreS;L_PFt,L_V3A;R_V1;L_IFJa;R_IP2;L_43;R_PHA3;L_STV;R_LIPd;L_MI;R_TPOJ2;L_VIP;R_LIPv;L_DVT;R_6v;L_46;R_AIP;R_IP0;R_8BL;R_6mp,0.9444127637487322
250,semantic_first,129;221;179;251;6;255;5;254;89;332;325;99;0,36;294;115;218;169;238;2;198;145;342;146;323;52;253;41;231;293;241;205,L_STSvp;R_7AL;L_p24;R_10d;L_V8;R_47l;L_V4;R_45;L_10pp;R_VMV1;R_IP0;L_OP4;L_V1,L_5mv;R_FOP2;L_PFt;R_5L;L_p10p;R_a24pr;L_V6;R_V3B;L_IP0;R_VVC;L_PFop;R_IP2;L_3a;R_44;L_7AL;R_2;R_FOP3;R_d32;R_SFL,0.9599237430465212
251,episodic_first,52;222;155;251;20;255;85;239;165;359;358;1;156,2;215;74;235;80;271;146;357;59;326;49;207;148;231;143;296;208;220;230,L_3a;R_SCEF;L_V4t;R_10d;L_LO2;R_47l;L_9-46d;R_p32pr;L_pOFC;R_p24;R_a32pr;L_MST;L_FST,L_V6;R_5m;L_45;R_6v;L_IFSp;R_13l;L_PFop;R_PI;L_p32pr;R_PFop;L_MIP;R_STV;L_PFm;R_2;L_IP2;R_AIP;R_7Pm;R_24dv;R_1,0.9854084479857241
252,semantic_first,43;189;122;197;61;245;178;205;65;306;274;84;156,9;292;115;208;24;286;105;332;175;235;28;309;128;319;147;218;253;249;275,L_6ma;R_FEF;L_STGa;R_FFC;L_d32;R_47m;L_a32pr;R_SFL;L_47m;R_PHA3;R_LIPd;L_a9-46v;L_FST,L_FEF;R_FOP1;L_PFt;R_7Pm;L_PSL;R_TA2;L_PoI2;R_VMV1;L_STSva;R_6v;L_7Pm;R_STSvp;L_STSdp;R_TPOJ2;L_PF;R_5L;R_44;R_8BL;R_6a,0.9318064113755898
253,episodic_first,166;266;18;289;65;201;81;190;1;195;198;19;4,36;294;38;300;98;207;94;323;139;221;146;278;104;188;43;185;227;337;208,L_PoI1;R_9a;L_V3B;R_Pir;L_47m;R_PIT;L_IFSa;R_PEF;L_MST;R_V7;R_V3B;L_LO1;L_V3,L_5mv;R_FOP2;L_5L;R_ProS;L_43;R_STV;L_LIPd;R_IP2;L_TPOJ2;R_7AL;L_PFop;R_43;L_PFcm;R_3b;L_6ma;R_V4;R_LIPv;R_V3CD;R_7Pm,0.8873491291935081
254,semantic_first,86;205;63;198;89;245;82;229;165;298;355;4;156,143;358;91;235;128;326;94;195;105;185;139;218;24;285;147;226;288;294;256,L_9a;R_SFL;L_p32;R_V3B;L_10pp;R_47m;L_p9-46v;R_MIP;L_pOFC;R_PreS;R_STSva;L_V3;L_FST,L_IP2;R_a32pr;L_13l;R_6v;L_STSdp;R_PFop;L_LIPd;R_V7;L_PoI2;R_V4;L_TPOJ2;R_5L;L_PSL;R_PoI2;L_PF;R_7PC;R_MI;R_FOP2;R_a47r,0.9634830058875306
255,episodic_first,43;205;140;202;84;198;61;237;19;299;279;153;156,28;200;74;342;2;300;175;323;86;208;146;273;54;221;30;285;317;336;230,L_6ma;R_SFL;L_TPOJ3;R_MT;L_a9-46v;R_V3B;L_d32;R_33pr;L_LO1;R_H;R_OP4;L_VMV3;L_FST,L_7Pm;R_LO2;L_45;R_VVC;L_V6;R_ProS;L_STSva;R_IP2;L_9a;R_7Pm;L_PFop;R_47s;L_6mp;R_7AL;L_POS1;R_PoI2;R_PH;R_FST;R_1,0.9259955441882641
256,semantic_first,83;296;18;273;75;350;70;210;60;334;355;121;101,80;180;113;221;151;218;12;228;109;274;145;331;24;235;166;309;205;336;288,L_46;R_AIP;L_V3B;R_47s;L_47l;R_p47r;L_9p;R_POS1;L_a24;R_PHA2;R_STSva;L_PeEc;L_OP2-3,L_IFSp;R_V1;L_FOP3;R_7AL;L_V6A;R_5L;L_V3A;R_VIP;L_Pir;R_LIPd;L_IP0;R_V6A;L_PSL;R_6v;L_PoI1;R_STSvp;R_SFL;R_FST;R_MI,1.0109109178809346
257,episodic_first,96;260;125;359;92;268;81;256;159;302;278;93;24,73;279;5;319;108;273;27;342;151;295;2;266;44;227;50;226;285;197;228,L_i6-8;R_IFSp;L_PHA1;R_p24;L_OFC;R_a10p;L_IFSa;R_a47r;L_VMV2;R_STGa;R_43;L_47s;L_PSL,L_44;R_OP4;L_V4;R_TPOJ2;L_MI;R_47s;L_STV;R_VVC;L_V6A;R_PFt;L_V6;R_9a;L_7Am;R_LIPv;L_1;R_7PC;R_PoI2;R_FFC;R_VIP,0.8609474965231227
258,semantic_first,136;275;79;338;164;198;116;250;1;245;293;75;53,145;347;104;269;167;355;48;195;140;185;12;309;166;319;128;308;296;294;261,L_PHT;R_6a;L_IFJp;R_LO3;L_s32;R_V3B;L_AIP;R_9p;L_MST;R_47m;R_FOP3;L_47l;L_6d,L_IP0;R_Ig;L_PFcm;R_10pp;L_Ig;R_STSva;L_VIP;R_V7;L_TPOJ3;R_V4;L_V3A;R_STSvp;L_PoI1;R_TPOJ2;L_STSdp;R_STSdp;R_AIP;R_FOP2;R_IFSa,0.9075746541849945
259,episodic_first,43;260;158;336;164;331;107;288;121;342;266;168;25,28;192;99;309;129;271;79;355;179;195;109;300;166;235;147;217;296;254;232,L_6ma;R_IFSp;L_LO3;R_FST;L_s32;R_V6A;L_FOP4;R_MI;L_PeEc;R_VVC;R_9a;L_FOP5;L_SFL,L_7Pm;R_V3A;L_OP4;R_STSvp;L_STSvp;R_13l;L_IFJp;R_STSva;L_p24;R_V7;L_Pir;R_ProS;L_PoI1;R_6v;L_PF;R_23c;R_AIP;R_45;R_3a,0.9118803098002076
260,semantic_first,70;260;178;348;20;251;170;253;153;342;320;82;25,55;192;104;300;94;198;175;309;59;228;27;347;74;328;66;234;225;358;217,L_9p;R_IFSp;L_a32pr;R_FOP5;L_LO2;R_10d;L_p47r;R_44;L_VMV3;R_VVC;R_TPOJ3;L_p9-46v;L_SFL,L_6v;R_V3A;L_PFcm;R_ProS;L_LIPd;R_V3B;L_STSva;R_STSvp;L_p32pr;R_VIP;L_STV;R_Ig;L_45;R_PFm;L_8Av;R_6mp;R_7PL;R_a32pr;R_23c,0.8610613066754212
261,episodic_first,39;317;158;271;93;186;81;257;19;306;278;91;114,9;254;98;195;79;339;138;309;12;260;109;319;38;233;54;232;205;181;229,L_24dd;R_PH;L_LO3;R_13l;L_47s;R_V8;L_IFSa;R_6r;L_LO1;R_PHA3;R_43;L_13l;L_FOP2,L_FEF;R_45;L_43;R_V7;L_IFJp;R_VMV2;L_TPOJ1;R_STSvp;L_V3A;R_IFSp;L_Pir;R_TPOJ2;L_5L;R_6d;L_6mp;R_3a;R_SFL;R_MST;R_MIP,0.8014558134937051
262,semantic_first,129;257;139;258;81;272;85;256;118;269;227;76;74,144;181;115;319;47;207;38;300;140;295;27;278;14;188;73;235;185;287;223,L_STSvp;R_6r;L_TPOJ2;R_IFJa;L_IFSa;R_OFC;L_9-46d;R_a47r;L_PreS;R_10pp;R_LIPv;L_a47r;L_45,L_IP1;R_MST;L_PFt;R_TPOJ2;L_LIPv;R_STV;L_5L;R_ProS;L_TPOJ3;R_PFt;L_STV;R_43;L_POS2;R_3b;L_44;R_6v;R_V4;R_FOP4;R_6ma,0.945468780217338
263,episodic_first,3;221;91;338;21;358;82;230;19;300;279;72;98,175;292;116;286;47;293;151;302;157;326;83;207;48;188;54;275;205;337;257,L_V2;R_7AL;L_13l;R_LO3;L_PIT;R_a32pr;L_p9-46v;R_1;L_LO1;R_ProS;R_OP4;L_8C;L_43,L_STSva;R_FOP1;L_AIP;R_TA2;L_LIPv;R_FOP3;L_V6A;R_STGa;L_V3CD;R_PFop;L_46;R_STV;L_VIP;R_3b;L_6mp;R_6a;R_SFL;R_V3CD;R_6r,0.9581521072658639
264,semantic_first,129;263;139;238;154;272;82;229;92;299;182;21;47,144;358;101;319;104;349;55;331;145;185;49;218;148;232;166;252;317;289;217,L_STSvp;R_46;L_TPOJ2;R_a24pr;L_PHA2;R_OFC;L_p9-46v;R_MIP;L_OFC;R_H;R_V6;L_PIT;L_LIPv,L_IP1;R_a32pr;L_OP2-3;R_TPOJ2;L_PFcm;R_p10p;L_6v;R_V6A;L_IP0;R_V4;L_MIP;R_5L;L_PFm;R_3a;L_PoI1;R_8C;R_PH;R_Pir;R_23c,0.9795555846286419
265,episodic_first,136;261;97;320;153;241;17;189;162;306;358;72;24,38;202;99;326;79;225;105;295;139;355;59;228;41;231;50;234;184;197;288,L_PHT;R_IFSa;L_s6-8;R_TPOJ3;L_VMV3;R_d32;L_FFC;R_FEF;L_VVC;R_PHA3;R_a32pr;L_8C;L_PSL,L_5L;R_MT;L_OP4;R_PFop;L_IFJp;R_7PL;L_PoI2;R_PFt;L_TPOJ2;R_STSva;L_p32pr;R_VIP;L_7AL;R_2;L_1;R_6mp;R_V3;R_FFC;R_MI,0.9652712143675157
266,semantic_first,66;185;179;245;76;350;3;317;91;195;325;168;100,83;347;38;355;143;269;24;218;175;221;108;251;129;228;48;308;288;258;217,L_8Av;R_V4;L_p24;R_47m;L_a47r;R_p47r;L_V2;R_PH;L_13l;R_V7;R_IP0;L_FOP5;L_OP1,L_46;R_Ig;L_5L;R_STSva;L_IP2;R_10pp;L_PSL;R_5L;L_STSva;R_7AL;L_MI;R_10d;L_STSvp;R_VIP;L_VIP;R_STSdp;R_MI;R_IFJa;R_23c,1.0459114658536766
267,episodic_first,57;261;155;348;19;190;67;253;61;195;349;92;177,49;182;76;269;167;342;146;344;2;266;139;274;36;188;128;224;205;320;235,L_33pr;R_IFSa;L_V4t;R_FOP5;L_LO1;R_PEF;L_8Ad;R_44;L_d32;R_V7;R_p10p;L_OFC;L_PI,L_MIP;R_V6;L_a47r;R_10pp;L_Ig;R_VVC;L_PFop;R_s32;L_V6;R_9a;L_TPOJ2;R_LIPd;L_5mv;R_3b;L_STSdp;R_7Am;R_SFL;R_TPOJ3;R_6v,0.9802374057991119
268,semantic_first,43;228;18;298;118;271;3;288;125;269;251;19;177,108;289;169;357;113;278;139;232;38;260;12;195;46;285;52;308;250;264;223,L_6ma;R_VIP;L_V3B;R_PreS;L_PreS;R_13l;L_V2;R_MI;L_PHA1;R_10pp;R_10d;L_LO1;L_PI,L_MI;R_Pir;L_p10p;R_PI;L_FOP3;R_43;L_TPOJ2;R_3a;L_5L;R_IFSp;L_V3A;R_V7;L_7PC;R_PoI2;L_3a;R_STSdp;R_9p;R_a9-46v;R_6ma,0.9609539767205493
269,episodic_first,86;266;122;305;21;238;39;249;19;286;278;61;169,46;349;129;309;157;250;38;302;79;291;146;323;30;295;54;226;235;336;275,L_9a;R_9a;L_STGa;R_PHA1;L_PIT;R_a24pr;L_24dd;R_8BL;L_LO1;R_TA2;R_43;L_d32;L_p10p,L_7PC;R_p10p;L_STSvp;R_STSvp;L_V3CD;R_9p;L_5L;R_STGa;L_IFJp;R_AAIC;L_PFop;R_IP2;L_POS1;R_PFt;L_6mp;R_7PC;R_6v;R_FST;R_6a,0.9382566505582581
270,semantic_first,39;205;17;350;84;268;52;355;159;243;198;93;76,55;180;5;207;145;245;2;302;108;319;15;325;44;346;43;232;217;271;308,L_24dd;R_SFL;L_FFC;R_p47r;L_a9-46v;R_a10p;L_3a;R_STSva;L_VMV2;R_p32;R_V3B;L_47s;L_a47r,L_6v;R_V1;L_V4;R_STV;L_IP0;R_47m;L_V6;R_STGa;L_MI;R_TPOJ2;L_V7;R_IP0;L_7Am;R_PoI1;L_6ma;R_3a;R_23c;R_13l;R_STSdp,0.9508355107542208
271,episodic_first,3;265;151;220;22;339;81;227;164;338;251;75;16,83;199;129;300;113;332;27;331;97;269;2;228;25;188;95;295;207;254;237,L_V2;R_9-46d;L_V6A;R_24dv;L_MT;R_VMV2;L_IFSa;R_LIPv;L_s32;R_LO3;R_10d;L_47l;L_IPS1,L_46;R_LO1;L_STSvp;R_ProS;L_FOP3;R_VMV1;L_STV;R_V6A;L_s6-8;R_10pp;L_V6;R_VIP;L_SFL;R_3b;L_6a;R_PFt;R_STV;R_45;R_33pr,0.875992472913778
272,semantic_first,136;263;152;271;82;274;11;249;121;238;198;75;78,128;268;169;259;156;325;38;250;179;309;18;273;47;233;54;205;323;336;257,L_PHT;R_46;L_VMV1;R_13l;L_p9-46v;R_LIPd;L_55b;R_8BL;L_PeEc;R_a24pr;R_V3B;L_47l;L_IFJa,L_STSdp;R_a10p;L_p10p;R_IFJp;L_FST;R_IP0;L_5L;R_9p;L_p24;R_STSvp;L_V3B;R_47s;L_LIPv;R_6d;L_6mp;R_SFL;R_IP2;R_FST;R_6r,0.818049787667968
273,episodic_first,12;259;169;273;21;238;81;249;164;291;355;90;114,108;347;129;208;24;332;94;286;139;323;28;269;48;252;52;217;266;199;233,L_V3A;R_IFJp;L_p10p;R_47s;L_PIT;R_a24pr;L_IFSa;R_8BL;L_s32;R_AAIC;R_STSva;L_11l;L_FOP2,L_MI;R_Ig;L_STSvp;R_7Pm;L_PSL;R_VMV1;L_LIPd;R_TA2;L_TPOJ2;R_IP2;L_7Pm;R_10pp;L_VIP;R_8C;L_3a;R_23c;R_9a;R_LO1;R_6d,0.9357908807795718
274,semantic_first,96;295;125;197;154;198;69;275;155;345;355;75;24,80;349;90;261;167;286;79;300;38;357;86;227;3;308;141;188;235;316;208,L_i6-8;R_PFt;L_PHA1;R_FFC;L_PHA2;R_V3B;L_8BL;R_6a;L_V4t;R_pOFC;R_STSva;L_47l;L_PSL,L_IFSp;R_p10p;L_11l;R_IFSa;L_Ig;R_TA2;L_IFJp;R_ProS;L_5L;R_PI;L_9a;R_LIPv;L_V2;R_STSdp;L_DVT;R_3b;R_6v;R_PHT;R_7Pm,0.989650148142461
275,episodic_first,166;227;40;305;61;199;69;296;89;334;218;118;107,38;287;169;266;18;325;55;326;113;195;167;274;53;221;77;285;225;241;288,L_PoI1;R_LIPv;L_24dv;R_PHA1;L_d32;R_LO1;L_8BL;R_AIP;L_10pp;R_PHA2;R_5L;L_PreS;L_FOP4,L_5L;R_FOP4;L_p10p;R_9a;L_V3B;R_IP0;L_6v;R_PFop;L_FOP3;R_V7;L_Ig;R_LIPd;L_6d;R_7AL;L_6r;R_PoI2;R_7PL;R_d32;R_MI,0.98002719446429
276,semantic_first,128;291;140;337;89;200;72;229;164;299;207;81;24,2;294;71;300;94;306;175;251;83;228;18;349;129;230;9;194;257;264;205,L_STSdp;R_AAIC;L_TPOJ3;R_V3CD;L_10pp;R_LO2;L_8C;R_MIP;L_s32;R_H;R_STV;L_IFSa;L_PSL,L_V6;R_FOP2;L_10d;R_ProS;L_LIPd;R_PHA3;L_STSva;R_10d;L_46;R_VIP;L_V3B;R_p10p;L_STSvp;R_1;L_FEF;R_POS2;R_6r;R_a9-46v;R_SFL,0.988519259403081
277,episodic_first,40;317;140;239;76;305;71;227;60;334;273;11;98,37;281;78;221;24;251;49;357;18;232;151;326;156;208;9;224;278;202;296,L_24dv;R_PH;L_TPOJ3;R_p32pr;L_a47r;R_PHA1;L_10d;R_LIPv;L_a24;R_PHA2;R_47s;L_55b;L_43,L_23c;R_OP2-3;L_IFJa;R_7AL;L_PSL;R_10d;L_MIP;R_PI;L_V3B;R_3a;L_V6A;R_PFop;L_FST;R_7Pm;L_FEF;R_7Am;R_43;R_MT;R_AIP,0.9134236002549669
278,semantic_first,86;275;158;239;121;338;40;256;155;342;218;168;98,73;336;129;235;113;347;139;344;17;195;167;207;141;257;49;228;253;279;184,L_9a;R_6a;L_LO3;R_p32pr;L_PeEc;R_LO3;L_24dv;R_a47r;L_V4t;R_VVC;R_5L;L_FOP5;L_43,L_44;R_FST;L_STSvp;R_6v;L_FOP3;R_Ig;L_TPOJ2;R_s32;L_FFC;R_V7;L_Ig;R_STV;L_DVT;R_6r;L_MIP;R_VIP;R_44;R_OP4;R_V3,0.9868654489702475
279,episodic_first,144;275;97;337;154;271;70;288;153;274;195;92;38,77;292;91;185;145;238;94;357;15;309;167;347;50;296;129;285;317;258;221,L_IP1;R_6a;L_s6-8;R_V3CD;L_PHA2;R_13l;L_9p;R_MI;L_VMV3;R_LIPd;R_V7;L_OFC;L_5L,L_6r;R_FOP1;L_13l;R_V4;L_IP0;R_a24pr;L_LIPd;R_PI;L_V7;R_STSvp;L_Ig;R_Ig;L_1;R_AIP;L_STSvp;R_PoI2;R_PH;R_IFJa;R_7AL,0.9094580192855303
280,semantic_first,66;259;89;201;65;298;81;255;91;338;182;69;100,83;358;53;232;27;274;2;285;45;317;139;207;47;185;49;308;227;337;184,L_8Av;R_IFJp;L_10pp;R_PIT;L_47m;R_PreS;L_IFSa;R_47l;L_13l;R_LO3;R_V6;L_8BL;L_OP1,L_46;R_a32pr;L_6d;R_3a;L_STV;R_LIPd;L_V6;R_PoI2;L_7PL;R_PH;L_TPOJ2;R_STV;L_LIPv;R_V4;L_MIP;R_STSdp;R_LIPv;R_V3CD;R_V3,0.9991407378477726
281,episodic_first,3;277;140;202;84;348;57;266;164;297;325;16;99,59;349;78;251;47;245;175;319;97;260;2;198;36;226;144;296;288;292;237,L_V2;R_s6-8;L_TPOJ3;R_MT;L_a9-46v;R_FOP5;L_33pr;R_9a;L_s32;R_EC;R_IP0;L_IPS1;L_OP4,L_p32pr;R_p10p;L_IFJa;R_10d;L_LIPv;R_47m;L_STSva;R_TPOJ2;L_s6-8;R_IFSp;L_V6;R_V3B;L_5mv;R_7PC;L_IP1;R_AIP;R_MI;R_FOP1;R_33pr,0.9776434825243538
282,semantic_first,141;227;109;359;91;245;67;257;20;273;251;16;169,145;268;3;269;38;198;2;266;17;309;175;228;129;217;77;328;278;336;229,L_DVT;R_LIPv;L_Pir;R_p24;L_13l;R_47m;L_8Ad;R_6r;L_LO2;R_47s;R_10d;L_IPS1;L_p10p,L_IP0;R_a10p;L_V2;R_10pp;L_5L;R_V3B;L_V6;R_9a;L_FFC;R_STSvp;L_STSva;R_VIP;L_STSvp;R_23c;L_6r;R_PFm;R_43;R_FST;R_MIP,0.9478938440724751
283,episodic_first,141;208;15;201;1;339;85;255;91;297;274;169;74,108;199;16;266;146;300;151;285;79;221;70;293;3;234;8;224;257;268;253,L_DVT;R_7Pm;L_V7;R_PIT;L_MST;R_VMV2;L_9-46d;R_47l;L_13l;R_EC;R_LIPd;L_p10p;L_45,L_MI;R_LO1;L_IPS1;R_9a;L_PFop;R_ProS;L_V6A;R_PoI2;L_IFJp;R_7AL;L_9p;R_FOP3;L_V2;R_6mp;L_3b;R_7Am;R_6r;R_a10p;R_44,0.987934751621724
284,semantic_first,70;237;158;337;126;190;17;184;61;339;251;78;99,36;284;104;326;79;300;145;221;80;274;38;196;5;257;8;194;205;197;187,L_9p;R_33pr;L_LO3;R_V3CD;L_PHA3;R_PEF;L_FFC;R_V3;L_d32;R_VMV2;R_10d;L_IFJa;L_OP4,L_5mv;R_PFcm;L_PFcm;R_PFop;L_IFJp;R_ProS;L_IP0;R_7AL;L_IFSp;R_LIPd;L_5L;R_IPS1;L_V4;R_6r;L_3b;R_POS2;R_SFL;R_FFC;R_4,1.0445401426415222
285,episodic_first,52;205;158;268;22;186;67;210;154;299;207;75;100,27;254;78;326;157;342;97;285;151;261;79;355;166;252;95;235;221;264;257,L_3a;R_SFL;L_LO3;R_a10p;L_MT;R_V8;L_8Ad;R_POS1;L_PHA2;R_H;R_STV;L_47l;L_OP1,L_STV;R_45;L_IFJa;R_PFop;L_V3CD;R_VVC;L_s6-8;R_PoI2;L_V6A;R_IFSa;L_IFJp;R_STSva;L_PoI1;R_8C;L_6a;R_6v;R_7AL;R_a9-46v;R_6r,0.8633836480028536
286,semantic_first,96;227;111;350;153;255;3;288;92;301;207;168;177,175;281;129;259;94;225;151;295;146;266;167;300;38;252;44;285;296;254;257,L_i6-8;R_LIPv;L_AAIC;R_p47r;L_VMV3;R_47l;L_V2;R_MI;L_OFC;R_PeEc;R_STV;L_FOP5;L_PI,L_STSva;R_OP2-3;L_STSvp;R_IFJp;L_LIPd;R_7PL;L_V6A;R_PFt;L_PFop;R_9a;L_Ig;R_ProS;L_5L;R_8C;L_7Am;R_PoI2;R_AIP;R_45;R_6r,0.9016069995998152
287,episodic_first,80;263;60;336;20;301;71;210;19;300;325;11;156,28;192;47;225;167;198;143;274;157;326;175;293;48;233;51;224;189;202;188,L_IFSp;R_46;L_a24;R_FST;L_LO2;R_PeEc;L_10d;R_POS1;L_LO1;R_ProS;R_IP0;L_55b;L_FST,L_7Pm;R_V3A;L_LIPv;R_7PL;L_Ig;R_V3B;L_IP2;R_LIPd;L_V3CD;R_PFop;L_STSva;R_FOP3;L_VIP;R_6d;L_2;R_7Am;R_FEF;R_MT;R_3b,0.8670884441507871
288,semantic_first,39;266;89;241;164;197;57;230;118;332;355;76;112,38;349;101;208;98;198;167;225;12;300;140;326;8;275;77;253;221;264;319,L_24dd;R_9a;L_10pp;R_d32;L_s32;R_FFC;L_33pr;R_1;L_PreS;R_VMV1;R_STSva;L_a47r;L_FOP1,L_5L;R_p10p;L_OP2-3;R_7Pm;L_43;R_V3B;L_Ig;R_7PL;L_V3A;R_ProS;L_TPOJ3;R_PFop;L_3b;R_6a;L_6r;R_44;R_7AL;R_a9-46v;R_TPOJ2,0.977490875240347
289,episodic_first,39;291;159;190;11;320;116;254;153;333;347;81;90,36;279;53;195;169;215;139;207;145;309;28;225;3;253;37;226;266;197;227,L_24dd;R_AAIC;L_VMV2;R_PEF;L_55b;R_TPOJ3;L_AIP;R_45;L_VMV3;R_VMV3;R_Ig;L_IFSa;L_11l,L_5mv;R_OP4;L_6d;R_V7;L_p10p;R_5m;L_TPOJ2;R_STV;L_IP0;R_STSvp;L_7Pm;R_7PL;L_V2;R_44;L_23c;R_7PC;R_9a;R_FFC;R_LIPv,0.9477148719588505
290,semantic_first,52;259;157;272;121;331;76;227;61;305;198;75;4,128;215;98;319;129;357;48;326;108;309;94;266;14;224;9;252;205;268;346,L_3a;R_IFJp;L_V3CD;R_OFC;L_PeEc;R_V6A;L_a47r;R_LIPv;L_d32;R_PHA1;R_V3B;L_47l;L_V3,L_STSdp;R_5m;L_43;R_TPOJ2;L_STSvp;R_PI;L_VIP;R_PFop;L_MI;R_STSvp;L_LIPd;R_9a;L_POS2;R_7Am;L_FEF;R_8C;R_SFL;R_a10p;R_PoI1,0.9010718089639342
291,episodic_first,66;221;89;337;92;197;71;230;6;195;347;118;143,128;281;99;225;108;339;18;357;59;317;94;325;141;208;49;231;253;336;275,L_8Av;R_7AL;L_10pp;R_V3CD;L_OFC;R_FFC;L_10d;R_1;L_V8;R_V7;R_Ig;L_PreS;L_IP2,L_STSdp;R_OP2-3;L_OP4;R_7PL;L_MI;R_VMV2;L_V3B;R_PI;L_p32pr;R_PH;L_LIPd;R_IP0;L_DVT;R_7Pm;L_MIP;R_2;R_44;R_FST;R_6a,0.9385676616024403
292,semantic_first,66;296;164;264;6;251;72;256;35;344;317;118;156,144;180;113;195;24;273;38;228;179;235;139;293;47;226;50;185;323;350;285,L_8Av;R_AIP;L_s32;R_a9-46v;L_V8;R_10d;L_8C;R_a47r;L_5m;R_s32;R_PH;L_PreS;L_FST,L_IP1;R_V1;L_FOP3;R_V7;L_PSL;R_47s;L_5L;R_VIP;L_p24;R_6v;L_TPOJ2;R_FOP3;L_LIPv;R_7PC;L_1;R_V4;R_IP2;R_p47r;R_PoI2,0.9441671257042292
293,episodic_first,72;291;15;349;88;350;107;220;21;305;325;90;156,45;347;91;295;79;331;59;344;17;342;94;228;53;357;9;224;253;320;296,L_8C;R_AAIC;L_V7;R_p10p;L_a10p;R_p47r;L_FOP4;R_24dv;L_PIT;R_PHA1;R_IP0;L_11l;L_FST,L_7PL;R_Ig;L_13l;R_PFt;L_IFJp;R_V6A;L_p32pr;R_s32;L_FFC;R_VVC;L_LIPd;R_VIP;L_6d;R_PI;L_FEF;R_7Am;R_44;R_TPOJ3;R_AIP,1.0007703753065358
294,semantic_first,73;291;89;272;20;201;70;196;21;334;317;121;177,128;294;71;326;48;207;175;300;179;323;80;229;156;285;66;296;278;289;237,L_44;R_AAIC;L_10pp;R_OFC;L_LO2;R_PIT;L_9p;R_IPS1;L_PIT;R_PHA2;R_PH;L_PeEc;L_PI,L_STSdp;R_FOP2;L_10d;R_PFop;L_VIP;R_STV;L_STSva;R_ProS;L_p24;R_IP2;L_IFSp;R_MIP;L_FST;R_PoI2;L_8Av;R_AIP;R_43;R_Pir;R_33pr,0.8660312479747242
295,episodic_first,59;256;91;251;20;245;71;237;117;301;278;121;24,55;279;74;208;104;357;113;269;27;317;140;198;41;231;77;327;319;294;188,L_p32pr;R_a47r;L_13l;R_10d;L_LO2;R_47m;L_10d;R_33pr;L_EC;R_PeEc;R_43;L_PeEc;L_PSL,L_6v;R_OP4;L_45;R_7Pm;L_PFcm;R_PI;L_FOP3;R_10pp;L_STV;R_PH;L_TPOJ3;R_V3B;L_7AL;R_2;L_6r;R_PF;R_TPOJ2;R_FOP2;R_3b,1.0003876591806842
296,semantic_first,83;266;179;245;71;198;82;237;89;195;225;96;99,2;316;3;251;101;207;145;185;79;260;94;208;43;229;73;233;257;268;252,L_46;R_9a;L_p24;R_47m;L_10d;R_V3B;L_p9-46v;R_33pr;L_10pp;R_V7;R_7PL;L_i6-8;L_OP4,L_V6;R_PHT;L_V2;R_10d;L_OP2-3;R_STV;L_IP0;R_V4;L_IFJp;R_IFSp;L_LIPd;R_7Pm;L_6ma;R_MIP;L_44;R_6d;R_6r;R_a10p;R_8C,0.9377213952513868
297,episodic_first,39;260;164;298;91;273;178;184;58;302;274;1;177,46;292;71;250;145;225;2;286;79;300;12;207;141;323;50;285;355;264;253,L_24dd;R_IFSp;L_s32;R_PreS;L_13l;R_47s;L_a32pr;R_V3;L_a24pr;R_STGa;R_LIPd;L_MST;L_PI,L_7PC;R_FOP1;L_10d;R_9p;L_IP0;R_7PL;L_V6;R_TA2;L_IFJp;R_ProS;L_V3A;R_STV;L_DVT;R_IP2;L_1;R_PoI2;R_STSva;R_a9-46v;R_44,0.871238752897684
298,semantic_first,129;260;97;239;92;238;71;256;22;291;279;61;78,128;294;104;261;5;357;24;319;175;269;80;274;46;188;37;285;250;201;321,L_STSvp;R_IFSp;L_s6-8;R_p32pr;L_OFC;R_a24pr;L_10d;R_a47r;L_MT;R_AAIC;R_OP4;L_d32;L_IFJa,L_STSdp;R_FOP2;L_PFcm;R_IFSa;L_V4;R_PI;L_PSL;R_TPOJ2;L_STSva;R_10pp;L_IFSp;R_LIPd;L_7PC;R_3b;L_23c;R_PoI2;R_9p;R_PIT;R_DVT,0.9360692444873696
299,episodic_first,28;265;157;264;1;190;82;288;117;198;316;168;99,146;336;47;326;2;358;108;251;12;185;175;323;166;224;30;328;325;219;235,L_7Pm;R_9-46d;L_V3CD;R_a9-46v;L_MST;R_PEF;L_p9-46v;R_MI;L_EC;R_V3B;R_PHT;L_FOP5;L_OP4,L_PFop;R_FST;L_LIPv;R_PFop;L_V6;R_a32pr;L_MI;R_10d;L_V3A;R_V4;L_STSva;R_IP2;L_PoI1;R_7Am;L_POS1;R_PFm;R_IP0;R_24dd;R_6v,0.9384013325059286
300,semantic_first,40;295;58;272;20;238;70;358;71;298;274;121;0,48;183;114;286;129;357;157;302;80;228;28;207;137;188;66;308;221;192;230,L_24dv;R_PFt;L_a24pr;R_OFC;L_LO2;R_a24pr;L_9p;R_a32pr;L_10d;R_PreS;R_LIPd;L_PeEc;L_V1,L_VIP;R_V2;L_FOP2;R_TA2;L_STSvp;R_PI;L_V3CD;R_STGa;L_IFSp;R_VIP;L_7Pm;R_STV;L_PH;R_3b;L_8Av;R_STSdp;R_7AL;R_V3A;R_1,1.0253218366606582
301,episodic_first,166;221;109;239;164;289;67;205;155;345;331;19;3,28;284;114;251;115;273;94;266;86;263;2;320;37;233;74;217;250;254;235,L_PoI1;R_7AL;L_Pir;R_p32pr;L_s32;R_Pir;L_8Ad;R_SFL;L_V4t;R_pOFC;R_V6A;L_LO1;L_V2,L_7Pm;R_PFcm;L_FOP2;R_10d;L_PFt;R_47s;L_LIPd;R_9a;L_9a;R_46;L_V6;R_TPOJ3;L_23c;R_6d;L_45;R_23c;R_9p;R_45;R_6v,1.0558993607295388
302,semantic_first,57;317;97;336;126;238;81;349;117;243;227;88;112,129;215;104;295;108;198;55;251;140;218;18;207;37;205;41;194;184;289;230,L_33pr;R_PH;L_s6-8;R_FST;L_PHA3;R_a24pr;L_IFSa;R_p10p;L_EC;R_p32;R_LIPv;L_a10p;L_FOP1,L_STSvp;R_5m;L_PFcm;R_PFt;L_MI;R_V3B;L_6v;R_10d;L_TPOJ3;R_5L;L_V3B;R_STV;L_23c;R_SFL;L_7AL;R_POS2;R_V3;R_Pir;R_1,1.0081785229699198
303,episodic_first,96;228;89;268;1;190;39;316;71;238;251;6;90,143;182;115;185;24;245;2;357;59;266;108;227;30;232;128;218;257;220;260,L_i6-8;R_VIP;L_10pp;R_a10p;L_MST;R_PEF;L_24dd;R_PHT;L_10d;R_a24pr;R_10d;L_V8;L_11l,L_IP2;R_V6;L_PFt;R_V4;L_PSL;R_47m;L_V6;R_PI;L_p32pr;R_9a;L_MI;R_LIPv;L_POS1;R_3a;L_STSdp;R_5L;R_6r;R_24dv;R_IFSp,0.9799624046888917
304,semantic_first,72;263;79;289;154;200;178;288;91;238;355;61;101,12;358;98;319;145;207;80;342;59;225;146;317;3;285;77;234;252;239;184,L_8C;R_46;L_IFJp;R_Pir;L_PHA2;R_LO2;L_a32pr;R_MI;L_13l;R_a24pr;R_STSva;L_d32;L_OP2-3,L_V3A;R_a32pr;L_43;R_TPOJ2;L_IP0;R_STV;L_IFSp;R_VVC;L_p32pr;R_7PL;L_PFop;R_PH;L_V2;R_PoI2;L_6r;R_6mp;R_8C;R_p32pr;R_V3,0.942295393891484
305,episodic_first,105;256;139;349;159;305;136;358;169;243;185;78;16,55;294;129;266;5;357;2;195;113;228;175;288;74;253;46;188;229;337;232,L_PoI2;R_a47r;L_TPOJ2;R_p10p;L_VMV2;R_PHA1;L_PHT;R_a32pr;L_p10p;R_p32;R_V4;L_IFJa;L_IPS1,L_6v;R_FOP2;L_STSvp;R_9a;L_V4;R_PI;L_V6;R_V7;L_FOP3;R_VIP;L_STSva;R_MI;L_45;R_44;L_7PC;R_3b;R_MIP;R_V3CD;R_3a,0.9577113255177485
306,semantic_first,57;252;91;198;168;201;52;278;19;302;227;82;25,128;215;5;207;179;274;27;295;145;357;70;288;8;275;30;228;229;320;266,L_33pr;R_8C;L_13l;R_V3B;L_FOP5;R_PIT;L_3a;R_43;L_LO1;R_STGa;R_LIPv;L_p9-46v;L_SFL,L_STSdp;R_5m;L_V4;R_STV;L_p24;R_LIPd;L_STV;R_PFt;L_IP0;R_PI;L_9p;R_MI;L_3b;R_6a;L_POS1;R_VIP;R_MIP;R_TPOJ3;R_9a,1.0103331653295076
307,episodic_first,166;250;158;241;75;338;69;253;35;334;225;11;98,28;192;114;266;5;198;175;326;179;296;94;317;3;328;43;232;218;349;233,L_PoI1;R_9p;L_LO3;R_d32;L_47l;R_LO3;L_8BL;R_44;L_5m;R_PHA2;R_7PL;L_55b;L_43,L_7Pm;R_V3A;L_FOP2;R_9a;L_V4;R_V3B;L_STSva;R_PFop;L_p24;R_AIP;L_LIPd;R_PH;L_V2;R_PFm;L_6ma;R_3a;R_5L;R_p10p;R_6d,0.9241262352096099
308,semantic_first,143;250;109;339;89;337;110;349;117;345;358;0;53,9;182;100;309;38;278;94;357;145;323;55;274;3;346;52;226;207;199;285,L_IP2;R_9p;L_Pir;R_VMV2;L_10pp;R_V3CD;L_AVI;R_p10p;L_EC;R_pOFC;R_a32pr;L_V1;L_6d,L_FEF;R_V6;L_OP1;R_STSvp;L_5L;R_43;L_LIPd;R_PI;L_IP0;R_IP2;L_6v;R_LIPd;L_V2;R_PoI1;L_3a;R_7PC;R_STV;R_LO1;R_PoI2,0.9767182633462297
309,episodic_first,166;260;79;239;153;200;11;254;118;301;184;21;101,49;337;78;342;100;349;59;207;151;228;108;326;44;253;14;229;296;241;188,L_PoI1;R_IFSp;L_IFJp;R_p32pr;L_VMV3;R_LO2;L_55b;R_45;L_PreS;R_PeEc;R_V3;L_PIT;L_OP2-3,L_MIP;R_V3CD;L_IFJa;R_VVC;L_OP1;R_p10p;L_p32pr;R_STV;L_V6A;R_VIP;L_MI;R_PFop;L_7Am;R_44;L_POS2;R_MIP;R_AIP;R_d32;R_3b,0.9254175466571151
310,semantic_first,52;261;140;298;20;200;178;317;6;332;227;168;74,49;294;78;274;48;215;15;185;146;232;105;331;129;234;148;224;229;349;252,L_3a;R_IFSa;L_TPOJ3;R_PreS;L_LO2;R_LO2;L_a32pr;R_PH;L_V8;R_VMV1;R_LIPv;L_FOP5;L_45,L_MIP;R_FOP2;L_IFJa;R_LIPd;L_VIP;R_5m;L_V7;R_V4;L_PFop;R_3a;L_PoI2;R_V6A;L_STSvp;R_6mp;L_PFm;R_7Am;R_MIP;R_p10p;R_8C,0.7986424252230493
311,episodic_first,128;235;178;358;21;339;5;255;154;298;207;168;137,9;268;38;251;79;185;48;228;113;260;151;225;166;234;77;230;285;349;266,L_STSdp;R_6v;L_a32pr;R_a32pr;L_PIT;R_VMV2;L_V4;R_47l;L_PHA2;R_PreS;R_STV;L_FOP5;L_PH,L_FEF;R_a10p;L_5L;R_10d;L_IFJp;R_V4;L_VIP;R_VIP;L_FOP3;R_IFSp;L_V6A;R_7PL;L_PoI1;R_6mp;L_6r;R_1;R_PoI2;R_p10p;R_9a,0.9874441491340561
312,semantic_first,47;257;109;190;65;337;85;266;60;259;218;20;115,37;292;104;260;18;320;27;357;94;205;12;207;9;235;95;323;229;279;237,L_LIPv;R_6r;L_Pir;R_PEF;L_47m;R_V3CD;L_9-46d;R_9a;L_a24;R_IFJp;R_5L;L_LO2;L_PFt,L_23c;R_FOP1;L_PFcm;R_IFSp;L_V3B;R_TPOJ3;L_STV;R_PI;L_LIPd;R_SFL;L_V3A;R_STV;L_FEF;R_6v;L_6a;R_IP2;R_MIP;R_OP4;R_33pr,0.9920686301525934
313,episodic_first,96;257;10;320;153;272;39;237;155;299;355;168;113,105;200;53;235;98;245;48;251;97;225;83;274;156;232;30;319;321;268;188,L_i6-8;R_6r;L_PEF;R_TPOJ3;L_VMV3;R_OFC;L_24dd;R_33pr;L_V4t;R_H;R_STSva;L_FOP5;L_FOP3,L_PoI2;R_LO2;L_6d;R_6v;L_43;R_47m;L_VIP;R_10d;L_s6-8;R_7PL;L_46;R_LIPd;L_FST;R_3a;L_POS1;R_TPOJ2;R_DVT;R_a10p;R_3b,0.9715235049367814
314,semantic_first,107;256;157;305;153;202;70;257;159;301;215;75;116,55;254;4;357;104;347;27;331;109;326;59;225;41;235;95;224;218;350;230,L_FOP4;R_a47r;L_V3CD;R_PHA1;L_VMV3;R_MT;L_9p;R_6r;L_VMV2;R_PeEc;R_5m;L_47l;L_AIP,L_6v;R_45;L_V3;R_PI;L_PFcm;R_Ig;L_STV;R_V6A;L_Pir;R_PFop;L_p32pr;R_7PL;L_7AL;R_6v;L_6a;R_7Am;R_5L;R_p47r;R_1,0.8499721303313528
315,episodic_first,143;229;89;201;22;190;84;220;35;334;250;20;78,144;294;71;185;98;251;94;286;146;274;48;228;137;252;54;194;189;316;317,L_IP2;R_MIP;L_10pp;R_PIT;L_MT;R_PEF;L_a9-46v;R_24dv;L_5m;R_PHA2;R_9p;L_LO2;L_IFJa,L_IP1;R_FOP2;L_10d;R_V4;L_43;R_10d;L_LIPd;R_TA2;L_PFop;R_LIPd;L_VIP;R_VIP;L_PH;R_8C;L_6mp;R_POS2;R_FEF;R_PHT;R_PH,0.9193283967168036
316,semantic_first,70;228;151;198;81;200;11;237;93;274;355;61;24,146;349;47;357;167;293;175;326;108;342;145;331;38;221;44;346;189;192;205,L_9p;R_VIP;L_V6A;R_V3B;L_IFSa;R_LO2;L_55b;R_33pr;L_47s;R_LIPd;R_STSva;L_d32;L_PSL,L_PFop;R_p10p;L_LIPv;R_PI;L_Ig;R_FOP3;L_STSva;R_PFop;L_MI;R_VVC;L_IP0;R_V6A;L_5L;R_7AL;L_7Am;R_PoI1;R_FEF;R_V3A;R_SFL,0.9964759114369098
317,episodic_first,166;228;165;305;22;264;84;249;154;269;196;19;100,105;287;129;185;151;332;157;286;94;309;2;218;44;230;48;226;189;279;346,L_PoI1;R_VIP;L_pOFC;R_PHA1;L_MT;R_a9-46v;L_a9-46v;R_8BL;L_PHA2;R_10pp;R_IPS1;L_LO1;L_OP1,L_PoI2;R_FOP4;L_STSvp;R_V4;L_V6A;R_VMV1;L_V3CD;R_TA2;L_LIPd;R_STSvp;L_V6;R_5L;L_7Am;R_1;L_VIP;R_7PC;R_FEF;R_OP4;R_PoI1,0.8563608495156743
318,semantic_first,3;266;10;337;154;271;61;189;169;251;278;153;16,45;219;99;306;94;274;27;300;109;217;175;225;104;232;8;205;227;181;237,L_V2;R_9a;L_PEF;R_V3CD;L_PHA2;R_13l;L_d32;R_FEF;L_p10p;R_10d;R_43;L_VMV3;L_IPS1,L_7PL;R_24dd;L_OP4;R_PHA3;L_LIPd;R_LIPd;L_STV;R_ProS;L_Pir;R_23c;L_STSva;R_7PL;L_PFcm;R_3a;L_3b;R_SFL;R_LIPv;R_MST;R_33pr,0.865019209597685
319,episodic_first,136;266;1;241;84;201;82;255;22;273;218;19;113,48;279;129;295;167;349;151;331;17;207;108;325;46;232;128;226;296;249;317,L_PHT;R_9a;L_MST;R_d32;L_a9-46v;R_PIT;L_p9-46v;R_47l;L_MT;R_47s;R_5L;L_LO1;L_FOP3,L_VIP;R_OP4;L_STSvp;R_PFt;L_Ig;R_p10p;L_V6A;R_V6A;L_FFC;R_STV;L_MI;R_IP0;L_7PC;R_3a;L_STSdp;R_7PC;R_AIP;R_8BL;R_PH,0.9375365448737838
320,semantic_first,105;317;165;264;154;320;81;278;6;259;207;75;113,166;199;16;232;156;347;108;208;145;266;146;269;52;226;37;285;296;241;188,L_PoI2;R_PH;L_pOFC;R_a9-46v;L_PHA2;R_TPOJ3;L_IFSa;R_43;L_V8;R_IFJp;R_STV;L_47l;L_FOP3,L_PoI1;R_LO1;L_IPS1;R_3a;L_FST;R_Ig;L_MI;R_7Pm;L_IP0;R_9a;L_PFop;R_10pp;L_3a;R_7PC;L_23c;R_PoI2;R_AIP;R_d32;R_3b,0.8826875268536543
321,episodic_first,83;261;122;271;76;339;85;227;155;238;207;93;137,44;294;99;260;79;274;108;323;12;266;145;293;24;234;107;308;189;197;346,L_46;R_IFSa;L_STGa;R_13l;L_a47r;R_VMV2;L_9-46d;R_LIPv;L_V4t;R_a24pr;R_STV;L_47s;L_PH,L_7Am;R_FOP2;L_OP4;R_IFSp;L_IFJp;R_LIPd;L_MI;R_IP2;L_V3A;R_9a;L_IP0;R_FOP3;L_PSL;R_6mp;L_FOP4;R_STSdp;R_FEF;R_FFC;R_PoI1,0.8904363260120036
322,semantic_first,73;222;79;264;91;337;85;229;88;306;273;153;137,145;292;104;228;129;250;151;326;146;300;28;207;128;221;44;226;321;241;285,L_44;R_SCEF;L_IFJp;R_a9-46v;L_13l;R_V3CD;L_9-46d;R_MIP;L_a10p;R_PHA3;R_47s;L_VMV3;L_PH,L_IP0;R_FOP1;L_PFcm;R_VIP;L_STSvp;R_9p;L_V6A;R_PFop;L_PFop;R_ProS;L_7Pm;R_STV;L_STSdp;R_7AL;L_7Am;R_7PC;R_DVT;R_d32;R_PoI2,0.8974605062973473
323,episodic_first,166;265;164;200;153;201;11;355;154;297;218;20;116,73;284;78;309;104;349;59;274;175;261;2;326;137;296;8;233;319;272;252,L_PoI1;R_9-46d;L_s32;R_LO2;L_VMV3;R_PIT;L_55b;R_STSva;L_PHA2;R_EC;R_5L;L_LO2;L_AIP,L_44;R_PFcm;L_IFJa;R_STSvp;L_PFcm;R_p10p;L_p32pr;R_LIPd;L_STSva;R_IFSa;L_V6;R_PFop;L_PH;R_AIP;L_3b;R_6d;R_TPOJ2;R_OFC;R_8C,0.8552586658147993
324,semantic_first,39;296;158;337;21;271;91;349;19;342;320;78;16,175;200;53;300;145;250;179;221;146;309;80;196;128;233;30;188;227;192;232,L_24dd;R_AIP;L_LO3;R_V3CD;L_PIT;R_13l;L_13l;R_p10p;L_LO1;R_VVC;R_TPOJ3;L_IFJa;L_IPS1,L_STSva;R_LO2;L_6d;R_ProS;L_IP0;R_9p;L_p24;R_7AL;L_PFop;R_STSvp;L_IFSp;R_IPS1;L_STSdp;R_6d;L_POS1;R_3b;R_LIPv;R_V3A;R_3a,0.8789752875910999
325,episodic_first,70;250;140;338;88;298;178;255;20;334;207;19;141,166;337;74;208;98;357;79;326;59;274;55;195;50;233;144;328;234;268;275,L_9p;R_9p;L_TPOJ3;R_LO3;L_a10p;R_PreS;L_a32pr;R_47l;L_LO2;R_PHA2;R_STV;L_LO1;L_DVT,L_PoI1;R_V3CD;L_45;R_7Pm;L_43;R_PI;L_IFJp;R_PFop;L_p32pr;R_LIPd;L_6v;R_V7;L_1;R_6d;L_IP1;R_PFm;R_6mp;R_a10p;R_6a,0.9377530405918248
326,semantic_first,57;205;140;201;71;197;116;278;88;238;320;69;78,2;268;96;269;38;355;79;300;70;185;175;319;43;295;50;233;229;239;253,L_33pr;R_SFL;L_TPOJ3;R_PIT;L_10d;R_FFC;L_AIP;R_43;L_a10p;R_a24pr;R_TPOJ3;L_8BL;L_IFJa,L_V6;R_a10p;L_i6-8;R_10pp;L_5L;R_STSva;L_IFJp;R_ProS;L_9p;R_V4;L_STSva;R_TPOJ2;L_6ma;R_PFt;L_1;R_6d;R_MIP;R_p32pr;R_44,0.8268298435391441
327,episodic_first,5;188;152;348;84;338;61;256;19;334;347;169;25,77;202;76;266;27;339;48;250;15;251;2;331;14;308;37;229;321;337;275,L_V4;R_3b;L_VMV1;R_FOP5;L_a9-46v;R_LO3;L_d32;R_a47r;L_LO1;R_PHA2;R_Ig;L_p10p;L_SFL,L_6r;R_MT;L_a47r;R_9a;L_STV;R_VMV2;L_VIP;R_9p;L_V7;R_10d;L_V6;R_V6A;L_POS2;R_STSdp;L_23c;R_MIP;R_DVT;R_V3CD;R_6a,0.9277063399165215
328,semantic_first,39;227;178;241;76;305;72;249;89;302;331;22;104,48;292;96;235;157;339;151;300;2;205;94;207;3;285;9;319;253;279;233,L_24dd;R_LIPv;L_a32pr;R_d32;L_a47r;R_PHA1;L_8C;R_8BL;L_10pp;R_STGa;R_V6A;L_MT;L_PFcm,L_VIP;R_FOP1;L_i6-8;R_6v;L_V3CD;R_VMV2;L_V6A;R_ProS;L_V6;R_SFL;L_LIPd;R_STV;L_V2;R_PoI2;L_FEF;R_TPOJ2;R_44;R_OP4;R_6d,0.918690468775166
329,episodic_first,143;235;159;271;10;320;84;254;155;300;196;6;4,166;292;114;195;2;357;12;274;18;259;49;309;43;232;14;187;278;192;189,L_IP2;R_6v;L_VMV2;R_13l;L_PEF;R_TPOJ3;L_a9-46v;R_45;L_V4t;R_ProS;R_IPS1;L_V8;L_V3,L_PoI1;R_FOP1;L_FOP2;R_V7;L_V6;R_PI;L_V3A;R_LIPd;L_V3B;R_IFJp;L_MIP;R_STSvp;L_6ma;R_3a;L_POS2;R_4;R_43;R_V3A;R_FEF,1.038148076688295
330,semantic_first,166;250;109;186;20;359;107;223;162;333;358;168;100,144;325;156;208;113;274;140;195;48;235;94;309;30;328;37;285;230;349;266,L_PoI1;R_9p;L_Pir;R_V8;L_LO2;R_p24;L_FOP4;R_6ma;L_VVC;R_VMV3;R_a32pr;L_FOP5;L_OP1,L_IP1;R_IP0;L_FST;R_7Pm;L_FOP3;R_LIPd;L_TPOJ3;R_V7;L_VIP;R_6v;L_LIPd;R_STSvp;L_POS1;R_PFm;L_23c;R_PoI2;R_1;R_p10p;R_9a,0.9038989947745036
331,episodic_first,39;319;35;258;20;274;11;229;162;286;266;72;156,143;316;71;323;24;245;167;195;2;221;28;225;5;233;148;217;278;200;187,L_24dd;R_TPOJ2;L_5m;R_IFJa;L_LO2;R_LIPd;L_55b;R_MIP;L_VVC;R_TA2;R_9a;L_8C;L_FST,L_IP2;R_PHT;L_10d;R_IP2;L_PSL;R_47m;L_Ig;R_V7;L_V6;R_7AL;L_7Pm;R_7PL;L_V4;R_6d;L_PFm;R_23c;R_43;R_LO2;R_4,0.9588618508619801
332,semantic_first,141;275;15;264;154;274;57;288;61;291;215;19;16,73;331;53;300;157;342;80;266;175;235;2;218;128;346;107;231;325;197;257,L_DVT;R_6a;L_V7;R_a9-46v;L_PHA2;R_LIPd;L_33pr;R_MI;L_d32;R_AAIC;R_5m;L_LO1;L_IPS1,L_44;R_V6A;L_6d;R_ProS;L_V3CD;R_VVC;L_IFSp;R_9a;L_STSva;R_6v;L_V6;R_5L;L_STSdp;R_PoI1;L_FOP4;R_2;R_IP0;R_FFC;R_6r,0.9926358203525043
333,episodic_first,144;237;158;272;84;349;17;317;153;359;358;76;78,146;320;38;195;129;347;59;332;139;319;108;207;74;233;43;226;252;220;346,L_IP1;R_33pr;L_LO3;R_OFC;L_a9-46v;R_p10p;L_FFC;R_PH;L_VMV3;R_p24;R_a32pr;L_a47r;L_IFJa,L_PFop;R_TPOJ3;L_5L;R_V7;L_STSvp;R_Ig;L_p32pr;R_VMV1;L_TPOJ2;R_TPOJ2;L_MI;R_STV;L_45;R_6d;L_6ma;R_7PC;R_8C;R_24dv;R_PoI1,0.912433494038764
334,semantic_first,57;222;60;255;154;272;111;288;164;274;196;20;0,59;219;115;357;5;215;24;225;146;208;49;347;107;218;9;346;285;197;230,L_33pr;R_SCEF;L_a24;R_47l;L_PHA2;R_OFC;L_AAIC;R_MI;L_s32;R_LIPd;R_IPS1;L_LO2;L_V1,L_p32pr;R_24dd;L_PFt;R_PI;L_V4;R_5m;L_PSL;R_7PL;L_PFop;R_7Pm;L_MIP;R_Ig;L_FOP4;R_5L;L_FEF;R_PoI1;R_PoI2;R_FFC;R_1,1.0099582841717019
335,episodic_first,39;221;178;337;61;251;84;210;92;245;184;90;156,73;294;3;261;79;300;80;331;55;195;2;323;54;357;166;226;317;241;275,L_24dd;R_7AL;L_a32pr;R_V3CD;L_d32;R_10d;L_a9-46v;R_POS1;L_OFC;R_47m;R_V3;L_11l;L_FST,L_44;R_FOP2;L_V2;R_IFSa;L_IFJp;R_ProS;L_IFSp;R_V6A;L_6v;R_V7;L_V6;R_IP2;L_6mp;R_PI;L_PoI1;R_7PC;R_PH;R_d32;R_6a,0.8850421538529974
336,semantic_first,28;296;158;255;168;271;61;254;20;301;274;81;5,38;281;177;250;48;339;146;195;145;269;97;225;14;285;54;226;208;287;260,L_7Pm;R_AIP;L_LO3;R_47l;L_FOP5;R_13l;L_d32;R_45;L_LO2;R_PeEc;R_LIPd;L_IFSa;L_V4,L_5L;R_OP2-3;L_PI;R_9p;L_VIP;R_VMV2;L_PFop;R_V7;L_IP0;R_10pp;L_s6-8;R_7PL;L_POS2;R_PoI2;L_6mp;R_7PC;R_7Pm;R_FOP4;R_IFSp,0.8929099494683779
337,episodic_first,83;205;35;258;84;251;178;210;154;302;317;75;74,108;215;112;218;27;357;79;198;139;208;179;185;166;252;73;217;225;255;227,L_46;R_SFL;L_5m;R_IFJa;L_a9-46v;R_10d;L_a32pr;R_POS1;L_PHA2;R_STGa;R_PH;L_47l;L_45,L_MI;R_5m;L_FOP1;R_5L;L_STV;R_PI;L_IFJp;R_V3B;L_TPOJ2;R_7Pm;L_p24;R_V4;L_PoI1;R_8C;L_44;R_23c;R_7PL;R_47l;R_LIPv,0.9258175694722034
338,semantic_first,105;252;158;359;82;349;96;227;159;306;278;92;98,136;336;114;295;38;250;108;309;70;259;94;208;147;257;30;275;207;287;235,L_PoI2;R_8C;L_LO3;R_p24;L_p9-46v;R_p10p;L_i6-8;R_LIPv;L_VMV2;R_PHA3;R_43;L_OFC;L_43,L_PHT;R_FST;L_FOP2;R_PFt;L_5L;R_9p;L_MI;R_STSvp;L_9p;R_IFJp;L_LIPd;R_7Pm;L_PF;R_6r;L_POS1;R_6a;R_STV;R_FOP4;R_6v,1.0000231023665358
339,episodic_first,86;263;10;339;19;264;96;254;35;344;251;118;114,28;284;113;185;115;198;94;295;79;317;108;196;41;328;95;232;321;202;189,L_9a;R_46;L_PEF;R_VMV2;L_LO1;R_a9-46v;L_i6-8;R_45;L_5m;R_s32;R_10d;L_PreS;L_FOP2,L_7Pm;R_PFcm;L_FOP3;R_V4;L_PFt;R_V3B;L_LIPd;R_PFt;L_IFJp;R_PH;L_MI;R_IPS1;L_7AL;R_PFm;L_6a;R_3a;R_DVT;R_MT;R_FEF,0.9400451984282132
340,semantic_first,70;257;35;220;91;199;69;229;19;269;204;61;104,83;293;96;207;38;326;94;295;108;221;109;319;5;235;30;217;188;349;263,L_9p;R_6r;L_5m;R_24dv;L_13l;R_LO1;L_8BL;R_MIP;L_LO1;R_10pp;R_PSL;L_d32;L_PFcm,L_46;R_FOP3;L_i6-8;R_STV;L_5L;R_PFop;L_LIPd;R_PFt;L_MI;R_7AL;L_Pir;R_TPOJ2;L_V4;R_6v;L_POS1;R_23c;R_3b;R_p10p;R_46,0.9854915487918177
341,episodic_first,59;266;10;200;61;273;11;237;118;333;250;92;104,27;181;116;218;113;215;179;332;167;225;2;357;156;235;50;308;205;219;228,L_p32pr;R_9a;L_PEF;R_LO2;L_d32;R_47s;L_55b;R_33pr;L_PreS;R_VMV3;R_9p;L_OFC;L_PFcm,L_STV;R_MST;L_AIP;R_5L;L_FOP3;R_5m;L_p24;R_VMV1;L_Ig;R_7PL;L_V6;R_PI;L_FST;R_6v;L_1;R_STSdp;R_SFL;R_24dd;R_VIP,0.9101976739035926
342,semantic_first,52;227;109;251;20;199;40;358;169;333;229;96;74,166;192;137;319;100;332;146;232;145;266;94;218;3;208;148;233;253;289;285,L_3a;R_LIPv;L_Pir;R_10d;L_LO2;R_LO1;L_24dv;R_a32pr;L_p10p;R_VMV3;R_MIP;L_i6-8;L_45,L_PoI1;R_V3A;L_PH;R_TPOJ2;L_OP1;R_VMV1;L_PFop;R_3a;L_IP0;R_9a;L_LIPd;R_5L;L_V2;R_7Pm;L_PFm;R_6d;R_44;R_Pir;R_PoI2,0.9382072353144756
343,episodic_first,49;250;125;200;93;339;57;255;159;245;274;168;156,36;336;96;195;2;325;175;300;157;326;12;196;74;226;107;194;225;292;217,L_MIP;R_9p;L_PHA1;R_LO2;L_47s;R_VMV2;L_33pr;R_47l;L_VMV2;R_47m;R_LIPd;L_FOP5;L_FST,L_5mv;R_FST;L_i6-8;R_V7;L_V6;R_IP0;L_STSva;R_ProS;L_V3CD;R_PFop;L_V3A;R_IPS1;L_45;R_7PC;L_FOP4;R_POS2;R_7PL;R_FOP1;R_23c,0.8447126268870768
344,semantic_first,70;288;151;350;93;359;42;196;20;269;347;153;0,9;331;78;309;80;185;38;302;12;319;144;300;166;205;129;308;317;239;296,L_9p;R_MI;L_V6A;R_p47r;L_47s;R_p24;L_SCEF;R_IPS1;L_LO2;R_10pp;R_Ig;L_VMV3;L_V1,L_FEF;R_V6A;L_IFJa;R_STSvp;L_IFSp;R_V4;L_5L;R_STGa;L_V3A;R_TPOJ2;L_IP1;R_ProS;L_PoI1;R_SFL;L_STSvp;R_STSdp;R_PH;R_p32pr;R_AIP,0.9600698554428143
345,episodic_first,129;291;22;320;154;350;57;227;92;332;196;78;115,49;337;76;326;114;306;157;185;105;323;151;355;30;230;66;319;288;348;285,L_STSvp;R_AAIC;L_MT;R_TPOJ3;L_PHA2;R_p47r;L_33pr;R_LIPv;L_OFC;R_VMV1;R_IPS1;L_IFJa;L_PFt,L_MIP;R_V3CD;L_a47r;R_PFop;L_FOP2;R_PHA3;L_V3CD;R_V4;L_PoI2;R_IP2;L_V6A;R_STSva;L_POS1;R_1;L_8Av;R_TPOJ2;R_MI;R_FOP5;R_PoI2,0.9344926330132681
346,semantic_first,5;256;164;359;118;268;70;223;35;273;227;168;24,2;279;76;266;128;339;169;208;158;357;146;323;14;296;46;295;234;202;253,L_V4;R_a47r;L_s32;R_p24;L_PreS;R_a10p;L_9p;R_6ma;L_5m;R_47s;R_LIPv;L_FOP5;L_PSL,L_V6;R_OP4;L_a47r;R_9a;L_STSdp;R_VMV2;L_p10p;R_7Pm;L_LO3;R_PI;L_PFop;R_IP2;L_POS2;R_AIP;L_7PC;R_PFt;R_6mp;R_MT;R_44,0.988290913815526
347,episodic_first,43;265;60;190;20;271;11;278;117;306;347;61;5,37;292;24;300;48;225;38;355;97;205;2;266;148;188;74;253;325;220;228,L_6ma;R_9-46d;L_a24;R_PEF;L_LO2;R_13l;L_55b;R_43;L_EC;R_PHA3;R_Ig;L_d32;L_V4,L_23c;R_FOP1;L_PSL;R_ProS;L_VIP;R_7PL;L_5L;R_STSva;L_s6-8;R_SFL;L_V6;R_9a;L_PFm;R_3b;L_45;R_44;R_IP0;R_24dv;R_VIP,0.9086023469571824
348,semantic_first,5;221;35;268;1;298;96;256;93;195;357;91;100,129;281;116;259;169;238;18;344;27;300;151;320;14;229;43;323;218;336;205,L_V4;R_7AL;L_5m;R_a10p;L_MST;R_PreS;L_i6-8;R_a47r;L_47s;R_V7;R_PI;L_13l;L_OP1,L_STSvp;R_OP2-3;L_AIP;R_IFJp;L_p10p;R_a24pr;L_V3B;R_s32;L_STV;R_ProS;L_V6A;R_TPOJ3;L_POS2;R_MIP;L_6ma;R_IP2;R_5L;R_FST;R_SFL,0.9787821551213667
349,episodic_first,73;235;79;349;76;271;69;253;22;334;358;91;115,128;202;24;251;143;326;175;302;158;208;2;185;47;232;50;205;252;264;221,L_44;R_6v;L_IFJp;R_p10p;L_a47r;R_13l;L_8BL;R_44;L_MT;R_PHA2;R_a32pr;L_13l;L_PFt,L_STSdp;R_MT;L_PSL;R_10d;L_IP2;R_PFop;L_STSva;R_STGa;L_LO3;R_7Pm;L_V6;R_V4;L_LIPv;R_3a;L_1;R_SFL;R_8C;R_a9-46v;R_7AL,0.9469630676586636
350,semantic_first,141;263;151;190;159;251;57;293;117;245;218;84;101,27;280;113;269;146;207;94;195;108;260;97;325;107;252;148;226;253;348;256,L_DVT;R_46;L_V6A;R_PEF;L_VMV2;R_10d;L_33pr;R_FOP3;L_EC;R_47m;R_5L;L_a9-46v;L_OP2-3,L_STV;R_OP1;L_FOP3;R_10pp;L_PFop;R_STV;L_LIPd;R_V7;L_MI;R_IFSp;L_s6-8;R_IP0;L_FOP4;R_8C;L_PFm;R_7PC;R_44;R_FOP5;R_a47r,0.9988882807522803
351,episodic_first,136;227;22;200;121;338;67;266;61;339;331;96;116,36;180;16;326;38;349;27;274;28;221;83;358;30;296;128;224;252;202;234,L_PHT;R_LIPv;L_MT;R_LO2;L_PeEc;R_LO3;L_8Ad;R_9a;L_d32;R_VMV2;R_V6A;L_i6-8;L_AIP,L_5mv;R_V1;L_IPS1;R_PFop;L_5L;R_p10p;L_STV;R_LIPd;L_7Pm;R_7AL;L_46;R_a32pr;L_POS1;R_AIP;L_STSdp;R_7Am;R_8C;R_MT;R_6mp,0.9775047602821705
352,semantic_first,83;205;158;271;81;201;67;237;20;238;185;69;98,146;336;53;326;48;215;79;319;80;295;157;349;38;285;50;253;217;219;260,L_46;R_SFL;L_LO3;R_13l;L_IFSa;R_PIT;L_8Ad;R_33pr;L_LO2;R_a24pr;R_V4;L_8BL;L_43,L_PFop;R_FST;L_6d;R_PFop;L_VIP;R_5m;L_IFJp;R_TPOJ2;L_IFSp;R_PFt;L_V3CD;R_p10p;L_5L;R_PoI2;L_1;R_44;R_23c;R_24dd;R_IFSp,0.877623339182563
353,episodic_first,40;295;159;197;92;301;81;184;165;243;320;71;115,80;192;5;266;175;238;27;228;109;251;145;347;37;217;48;357;221;220;237,L_24dv;R_PFt;L_VMV2;R_FFC;L_OFC;R_PeEc;L_IFSa;R_V3;L_pOFC;R_p32;R_TPOJ3;L_10d;L_PFt,L_IFSp;R_V3A;L_V4;R_9a;L_STSva;R_a24pr;L_STV;R_VIP;L_Pir;R_10d;L_IP0;R_Ig;L_23c;R_23c;L_VIP;R_PI;R_7AL;R_24dv;R_33pr,0.995190940906858
354,semantic_first,141;263;155;190;61;298;88;293;84;245;347;71;99,48;182;5;357;175;355;55;269;108;300;15;225;53;188;8;233;323;241;346,L_DVT;R_46;L_V4t;R_PEF;L_d32;R_PreS;L_a10p;R_FOP3;L_a9-46v;R_47m;R_Ig;L_10d;L_OP4,L_VIP;R_V6;L_V4;R_PI;L_STSva;R_STSva;L_6v;R_10pp;L_MI;R_ProS;L_V7;R_7PL;L_6d;R_3b;L_3b;R_6d;R_IP2;R_d32;R_PoI1,0.9344233611576849
355,episodic_first,166;185;178;202;91;339;170;321;89;345;331;93;24,45;183;116;228;128;286;146;221;27;295;2;273;5;252;144;217;319;239;296,L_PoI1;R_V4;L_a32pr;R_MT;L_13l;R_VMV2;L_p47r;R_DVT;L_10pp;R_pOFC;R_V6A;L_47s;L_PSL,L_7PL;R_V2;L_AIP;R_VIP;L_STSdp;R_TA2;L_PFop;R_7AL;L_STV;R_PFt;L_V6;R_47s;L_V4;R_8C;L_IP1;R_23c;R_TPOJ2;R_p32pr;R_AIP,0.9748218675297651
356,semantic_first,143;266;79;264;22;201;61;349;84;299;357;6;156,46;268;137;295;38;215;108;226;145;291;109;196;148;221;144;328;207;241;257,L_IP2;R_9a;L_IFJp;R_a9-46v;L_MT;R_PIT;L_d32;R_p10p;L_a9-46v;R_H;R_PI;L_V8;L_FST,L_7PC;R_a10p;L_PH;R_PFt;L_5L;R_5m;L_MI;R_7PC;L_IP0;R_AAIC;L_Pir;R_IPS1;L_PFm;R_7AL;L_IP1;R_PFm;R_STV;R_d32;R_6r,0.9420715439982098
357,episodic_first,43;228;58;190;91;245;76;321;19;251;331;78;3,46;215;156;300;151;271;27;342;79;185;167;196;147;234;37;323;288;350;229,L_6ma;R_VIP;L_a24pr;R_PEF;L_13l;R_47m;L_a47r;R_DVT;L_LO1;R_10d;R_V6A;L_IFJa;L_V2,L_7PC;R_5m;L_FST;R_ProS;L_V6A;R_13l;L_STV;R_VVC;L_IFJp;R_V4;L_Ig;R_IPS1;L_PF;R_6mp;L_23c;R_IP2;R_MI;R_p47r;R_MIP,0.9579720374762817
358,semantic_first,28;288;164;272;6;190;11;205;155;271;320;0;114,108;181;96;300;100;332;2;309;145;266;128;273;3;234;14;188;253;202;184,L_7Pm;R_MI;L_s32;R_OFC;L_V8;R_PEF;L_55b;R_SFL;L_V4t;R_13l;R_TPOJ3;L_V1;L_FOP2,L_MI;R_MST;L_i6-8;R_ProS;L_OP1;R_VMV1;L_V6;R_STSvp;L_IP0;R_9a;L_STSdp;R_47s;L_V2;R_6mp;L_POS2;R_3b;R_44;R_MT;R_V3,1.0080155978947347
359,episodic_first,72;205;109;201;6;186;11;237;1;243;316;116;90,45;292;76;195;151;331;167;357;157;309;146;278;41;231;52;208;189;272;230,L_8C;R_SFL;L_Pir;R_PIT;L_V8;R_V8;L_55b;R_33pr;L_MST;R_p32;R_PHT;L_AIP;L_11l,L_7PL;R_FOP1;L_a47r;R_V7;L_V6A;R_V6A;L_Ig;R_PI;L_V3CD;R_STSvp;L_PFop;R_43;L_7AL;R_2;L_3a;R_7Pm;R_FEF;R_OFC;R_1,0.8778489406997096
360,semantic_first,129;317;158;273;153;339;39;278;154;291;207;91;0,12;202;78;208;169;347;59;300;151;217;80;320;104;227;43;226;252;181;233,L_STSvp;R_PH;L_LO3;R_47s;L_VMV3;R_VMV2;L_24dd;R_43;L_PHA2;R_AAIC;R_STV;L_13l;L_V1,L_V3A;R_MT;L_IFJa;R_7Pm;L_p10p;R_Ig;L_p32pr;R_ProS;L_V6A;R_23c;L_IFSp;R_TPOJ3;L_PFcm;R_LIPv;L_6ma;R_7PC;R_8C;R_MST;R_6d,0.9162542201920427
361,episodic_first,3;266;155;339;91;264;76;230;35;286;207;116;143,28;241;129;232;47;320;79;309;139;195;105;251;74;346;147;217;253;348;235,L_V2;R_9a;L_V4t;R_VMV2;L_13l;R_a9-46v;L_a47r;R_1;L_5m;R_TA2;R_STV;L_AIP;L_IP2,L_7Pm;R_d32;L_STSvp;R_3a;L_LIPv;R_TPOJ3;L_IFJp;R_STSvp;L_TPOJ2;R_V7;L_PoI2;R_10d;L_45;R_PoI1;L_PF;R_23c;R_44;R_FOP5;R_6v,1.0259410054358307
362,semantic_first,28;196;63;198;21;245;71;253;159;259;278;76;53,144;200;156;235;101;317;55;221;139;309;108;218;14;217;41;285;288;264;263,L_7Pm;R_IPS1;L_p32;R_V3B;L_PIT;R_47m;L_10d;R_44;L_VMV2;R_IFJp;R_43;L_a47r;L_6d,L_IP1;R_LO2;L_FST;R_6v;L_OP2-3;R_PH;L_6v;R_7AL;L_TPOJ2;R_STSvp;L_MI;R_5L;L_POS2;R_23c;L_7AL;R_PoI2;R_MI;R_a9-46v;R_46,0.9256943573976376
363,episodic_first,39;222;89;359;76;200;52;317;117;243;196;118;78,73;292;112;274;129;225;179;286;139;205;79;218;147;229;37;188;185;258;253,L_24dd;R_SCEF;L_10pp;R_p24;L_a47r;R_LO2;L_3a;R_PH;L_EC;R_p32;R_IPS1;L_PreS;L_IFJa,L_44;R_FOP1;L_FOP1;R_LIPd;L_STSvp;R_7PL;L_p24;R_TA2;L_TPOJ2;R_SFL;L_IFJp;R_5L;L_PF;R_MIP;L_23c;R_3b;R_V4;R_IFJa;R_44,0.9591082533698114
364,semantic_first,72;256;139;255;61;268;69;325;21;332;355;71;4,28;215;99;326;157;225;101;342;2;251;38;218;156;296;51;357;221;254;188,L_8C;R_a47r;L_TPOJ2;R_47l;L_d32;R_a10p;L_8BL;R_IP0;L_PIT;R_VMV1;R_STSva;L_10d;L_V3,L_7Pm;R_5m;L_OP4;R_PFop;L_V3CD;R_7PL;L_OP2-3;R_VVC;L_V6;R_10d;L_5L;R_5L;L_FST;R_AIP;L_2;R_PI;R_7AL;R_45;R_3b,0.9524277542594956
365,episodic_first,96;261;165;190;121;255;88;237;169;297;325;61;177,36;182;53;300;157;215;139;331;45;208;2;355;141;234;37;233;230;239;346,L_i6-8;R_IFSa;L_pOFC;R_PEF;L_PeEc;R_47l;L_a10p;R_33pr;L_p10p;R_EC;R_IP0;L_d32;L_PI,L_5mv;R_V6;L_6d;R_ProS;L_V3CD;R_5m;L_TPOJ2;R_V6A;L_7PL;R_7Pm;L_V6;R_STSva;L_DVT;R_6mp;L_23c;R_6d;R_1;R_p32pr;R_PoI1,0.9383754227963983
366,semantic_first,70;277;152;268;168;199;82;249;1;305;325;72;76,46;284;116;319;157;198;146;309;18;235;167;273;166;234;30;226;185;202;188,L_9p;R_s6-8;L_VMV1;R_a10p;L_FOP5;R_LO1;L_p9-46v;R_8BL;L_MST;R_PHA1;R_IP0;L_8C;L_a47r,L_7PC;R_PFcm;L_AIP;R_TPOJ2;L_V3CD;R_V3B;L_PFop;R_STSvp;L_V3B;R_6v;L_Ig;R_47s;L_PoI1;R_6mp;L_POS1;R_7PC;R_V4;R_MT;R_3b,0.9787026903863516
367,episodic_first,66;263;165;338;19;305;57;196;1;332;293;92;129,166;279;177;300;145;271;151;302;175;309;12;251;3;257;51;233;296;202;210,L_8Av;R_46;L_pOFC;R_LO3;L_LO1;R_PHA1;L_33pr;R_IPS1;L_MST;R_VMV1;R_FOP3;L_OFC;L_STSvp,L_PoI1;R_OP4;L_PI;R_ProS;L_IP0;R_13l;L_V6A;R_STGa;L_STSva;R_STSvp;L_V3A;R_10d;L_V2;R_6r;L_2;R_6d;R_AIP;R_MT;R_POS1,0.8763264043490904
368,semantic_first,17;208;22;271;65;238;11;349;155;243;274;90;100,128;182;169;323;143;347;55;332;140;319;167;358;156;205;54;230;221;219;256,L_FFC;R_7Pm;L_MT;R_13l;L_47m;R_a24pr;L_55b;R_p10p;L_V4t;R_p32;R_LIPd;L_11l;L_OP1,L_STSdp;R_V6;L_p10p;R_IP2;L_IP2;R_Ig;L_6v;R_VMV1;L_TPOJ3;R_TPOJ2;L_Ig;R_a32pr;L_FST;R_SFL;L_6mp;R_1;R_7AL;R_24dd;R_a47r,1.0369856137143156
369,episodic_first,12;237;17;239;61;264;76;190;118;302;274;22;115,143;181;169;195;98;225;157;309;139;185;83;323;137;346;50;232;253;279;227,L_V3A;R_33pr;L_FFC;R_p32pr;L_d32;R_a9-46v;L_a47r;R_PEF;L_PreS;R_STGa;R_LIPd;L_MT;L_PFt,L_IP2;R_MST;L_p10p;R_V7;L_43;R_7PL;L_V3CD;R_STSvp;L_TPOJ2;R_V4;L_46;R_IP2;L_PH;R_PoI1;L_1;R_3a;R_44;R_OP4;R_LIPv,0.8760859131611014
370,semantic_first,5;205;178;200;61;271;82;355;21;251;320;118;53,129;281;100;185;98;286;138;309;28;207;157;250;3;327;66;230;188;239;234,L_V4;R_SFL;L_a32pr;R_LO2;L_d32;R_13l;L_p9-46v;R_STSva;L_PIT;R_10d;R_TPOJ3;L_PreS;L_6d,L_STSvp;R_OP2-3;L_OP1;R_V4;L_43;R_TA2;L_TPOJ1;R_STSvp;L_7Pm;R_STV;L_V3CD;R_9p;L_V2;R_PF;L_8Av;R_1;R_3b;R_p32pr;R_6mp,0.9770557767377476
371,episodic_first,49;288;60;359;75;339;40;257;71;190;357;20;141,145;268;96;218;24;349;143;232;94;250;18;278;129;229;36;188;325;272;252,L_MIP;R_MI;L_a24;R_p24;L_47l;R_VMV2;L_24dv;R_6r;L_10d;R_PEF;R_PI;L_LO2;L_DVT,L_IP0;R_a10p;L_i6-8;R_5L;L_PSL;R_p10p;L_IP2;R_3a;L_LIPd;R_9p;L_V3B;R_43;L_STSvp;R_MIP;L_5mv;R_3b;R_IP0;R_OFC;R_8C,1.0657677826332617
372,semantic_first,83;256;91;273;92;359;3;189;63;259;319;22;90,146;349;177;261;108;339;24;309;28;269;55;196;38;275;36;233;229;336;296,L_46;R_a47r;L_13l;R_47s;L_OFC;R_p24;L_V2;R_FEF;L_p32;R_IFJp;R_TPOJ2;L_MT;L_11l,L_PFop;R_p10p;L_PI;R_IFSa;L_MI;R_VMV2;L_PSL;R_STSvp;L_7Pm;R_10pp;L_6v;R_IPS1;L_5L;R_6a;L_5mv;R_6d;R_MIP;R_FST;R_AIP,1.0356265524189137
373,episodic_first,57;277;125;349;121;255;67;250;58;301;254;84;4,49;182;99;195;129;300;24;357;179;185;109;309;46;217;73;308;229;239;237,L_33pr;R_s6-8;L_PHA1;R_p10p;L_PeEc;R_47l;L_8Ad;R_9p;L_a24pr;R_PeEc;R_45;L_a9-46v;L_V3,L_MIP;R_V6;L_OP4;R_V7;L_STSvp;R_ProS;L_PSL;R_PI;L_p24;R_V4;L_Pir;R_STSvp;L_7PC;R_23c;L_44;R_STSdp;R_MIP;R_p32pr;R_33pr,0.8702191614331238
374,semantic_first,17;296;60;289;21;198;70;278;121;334;227;6;116,138;192;76;251;79;306;145;266;27;207;2;208;8;232;166;323;321;249;288,L_FFC;R_AIP;L_a24;R_Pir;L_PIT;R_V3B;L_9p;R_43;L_PeEc;R_PHA2;R_LIPv;L_V8;L_AIP,L_TPOJ1;R_V3A;L_a47r;R_10d;L_IFJp;R_PHA3;L_IP0;R_9a;L_STV;R_STV;L_V6;R_7Pm;L_3b;R_3a;L_PoI1;R_IP2;R_DVT;R_8BL;R_MI,1.0050613988917085
375,episodic_first,166;235;125;239;71;198;116;205;19;334;182;72;104,36;181;78;259;157;306;79;225;108;232;83;266;53;308;48;253;296;316;189,L_PoI1;R_6v;L_PHA1;R_p32pr;L_10d;R_V3B;L_AIP;R_SFL;L_LO1;R_PHA2;R_V6;L_8C;L_PFcm,L_5mv;R_MST;L_IFJa;R_IFJp;L_V3CD;R_PHA3;L_IFJp;R_7PL;L_MI;R_3a;L_46;R_9a;L_6d;R_STSdp;L_VIP;R_44;R_AIP;R_PHT;R_FEF,1.0082845471070423
376,semantic_first,143;205;179;350;118;272;61;229;19;297;198;168;38,73;292;98;326;114;349;94;309;157;355;108;323;53;231;43;257;288;258;188,L_IP2;R_SFL;L_p24;R_p47r;L_PreS;R_OFC;L_d32;R_MIP;L_LO1;R_EC;R_V3B;L_FOP5;L_5L,L_44;R_FOP1;L_43;R_PFop;L_FOP2;R_p10p;L_LIPd;R_STSvp;L_V3CD;R_STSva;L_MI;R_IP2;L_6d;R_2;L_6ma;R_6r;R_MI;R_IFJa;R_3b,0.8297582710433575
377,episodic_first,166;260;18;289;88;298;81;239;154;259;207;76;16,49;241;99;218;157;300;48;285;59;317;108;355;5;253;148;208;252;348;205,L_PoI1;R_IFSp;L_V3B;R_Pir;L_a10p;R_PreS;L_IFSa;R_p32pr;L_PHA2;R_IFJp;R_STV;L_a47r;L_IPS1,L_MIP;R_d32;L_OP4;R_5L;L_V3CD;R_ProS;L_VIP;R_PoI2;L_p32pr;R_PH;L_MI;R_STSva;L_V4;R_44;L_PFm;R_7Pm;R_8C;R_FOP5;R_SFL,0.9181884107820825
378,semantic_first,57;296;159;264;20;199;84;189;19;238;218;96;177,143;219;115;232;175;251;48;342;146;256;2;331;25;224;129;235;266;337;208,L_33pr;R_AIP;L_VMV2;R_a9-46v;L_LO2;R_LO1;L_a9-46v;R_FEF;L_LO1;R_a24pr;R_5L;L_i6-8;L_PI,L_IP2;R_24dd;L_PFt;R_3a;L_STSva;R_10d;L_VIP;R_VVC;L_PFop;R_a47r;L_V6;R_V6A;L_SFL;R_7Am;L_STSvp;R_6v;R_9a;R_V3CD;R_7Pm,0.8897447756443746
379,episodic_first,144;260;152;245;89;350;70;249;20;333;250;22;90,143;268;47;326;101;225;27;295;175;235;12;273;54;328;74;296;293;239;217,L_IP1;R_IFSp;L_VMV1;R_47m;L_10pp;R_p47r;L_9p;R_8BL;L_LO2;R_VMV3;R_9p;L_MT;L_11l,L_IP2;R_a10p;L_LIPv;R_PFop;L_OP2-3;R_7PL;L_STV;R_PFt;L_STSva;R_6v;L_V3A;R_47s;L_6mp;R_PFm;L_45;R_AIP;R_FOP3;R_p32pr;R_23c,0.9934590448166295
380,semantic_first,17;259;10;272;21;197;84;227;159;198;331;153;16,59;241;4;207;101;349;55;228;179;309;151;225;128;208;43;319;256;199;233,L_FFC;R_IFJp;L_PEF;R_OFC;L_PIT;R_FFC;L_a9-46v;R_LIPv;L_VMV2;R_V3B;R_V6A;L_VMV3;L_IPS1,L_p32pr;R_d32;L_V3;R_STV;L_OP2-3;R_p10p;L_6v;R_VIP;L_p24;R_STSvp;L_V6A;R_7PL;L_STSdp;R_7Pm;L_6ma;R_TPOJ2;R_a47r;R_LO1;R_6d,0.9828173355517194
381,episodic_first,59;196;158;258;65;200;81;321;164;286;278;93;24,83;192;116;269;167;271;38;250;179;259;94;251;14;226;37;252;188;254;234,L_p32pr;R_IPS1;L_LO3;R_IFJa;L_47m;R_LO2;L_IFSa;R_DVT;L_s32;R_TA2;R_43;L_47s;L_PSL,L_46;R_V3A;L_AIP;R_10pp;L_Ig;R_13l;L_5L;R_9p;L_p24;R_IFJp;L_LIPd;R_10d;L_POS2;R_7PC;L_23c;R_8C;R_3b;R_45;R_6mp,0.9659867011882144
382,semantic_first,143;189;139;348;84;298;61;266;164;302;185;99;78,146;320;96;300;128;317;138;221;175;228;80;331;41;208;66;285;250;350;275,L_IP2;R_FEF;L_TPOJ2;R_FOP5;L_a9-46v;R_PreS;L_d32;R_9a;L_s32;R_STGa;R_V4;L_OP4;L_IFJa,L_PFop;R_TPOJ3;L_i6-8;R_ProS;L_STSdp;R_PH;L_TPOJ1;R_7AL;L_STSva;R_VIP;L_IFSp;R_V6A;L_7AL;R_7Pm;L_8Av;R_PoI2;R_9p;R_p47r;R_6a,0.9716780545101524
383,episodic_first,144;250;1;238;6;332;72;249;154;251;218;76;116,145;181;115;295;128;358;38;228;179;266;157;225;43;308;8;194;293;337;189,L_IP1;R_9p;L_MST;R_a24pr;L_V8;R_VMV1;L_8C;R_8BL;L_PHA2;R_10d;R_5L;L_a47r;L_AIP,L_IP0;R_MST;L_PFt;R_PFt;L_STSdp;R_a32pr;L_5L;R_VIP;L_p24;R_9a;L_V3CD;R_7PL;L_6ma;R_STSdp;L_3b;R_POS2;R_FOP3;R_V3CD;R_FEF,0.890091170871046
384,semantic_first,17;260;151;201;61;350;88;255;164;344;355;21;137,144;284;96;225;80;339;145;266;94;235;143;269;147;233;148;185;253;316;217,L_FFC;R_IFSp;L_V6A;R_PIT;L_d32;R_p47r;L_a10p;R_47l;L_s32;R_s32;R_STSva;L_PIT;L_PH,L_IP1;R_PFcm;L_i6-8;R_7PL;L_IFSp;R_VMV2;L_IP0;R_9a;L_LIPd;R_6v;L_IP2;R_10pp;L_PF;R_6d;L_PFm;R_V4;R_44;R_PHT;R_23c,0.97242486713843
385,episodic_first,166;296;152;239;19;301;76;288;117;338;254;11;4,45;202;71;286;100;269;179;300;108;221;15;358;104;233;44;346;184;199;217,L_PoI1;R_AIP;L_VMV1;R_p32pr;L_LO1;R_PeEc;L_a47r;R_MI;L_EC;R_LO3;R_45;L_55b;L_V3,L_7PL;R_MT;L_10d;R_TA2;L_OP1;R_10pp;L_p24;R_ProS;L_MI;R_7AL;L_V7;R_a32pr;L_PFcm;R_6d;L_7Am;R_PoI1;R_V3;R_LO1;R_23c,0.9771812111860292
386,semantic_first,166;295;35;336;61;350;136;237;21;342;215;91;25,44;337;96;317;100;286;179;250;2;228;12;195;41;253;43;252;321;239;189,L_PoI1;R_PFt;L_5m;R_FST;L_d32;R_p47r;L_PHT;R_33pr;L_PIT;R_VVC;R_5m;L_13l;L_SFL,L_7Am;R_V3CD;L_i6-8;R_PH;L_OP1;R_TA2;L_p24;R_9p;L_V6;R_VIP;L_V3A;R_V7;L_7AL;R_44;L_6ma;R_8C;R_DVT;R_p32pr;R_FEF,1.0450024871277943
387,episodic_first,143;205;159;336;126;339;110;358;91;243;271;92;4,55;192;76;208;100;332;15;331;151;319;28;355;156;227;49;232;296;199;234,L_IP2;R_SFL;L_VMV2;R_FST;L_PHA3;R_VMV2;L_AVI;R_a32pr;L_13l;R_p32;R_13l;L_OFC;L_V3,L_6v;R_V3A;L_a47r;R_7Pm;L_OP1;R_VMV1;L_V7;R_V6A;L_V6A;R_TPOJ2;L_7Pm;R_STSva;L_FST;R_LIPv;L_MIP;R_3a;R_AIP;R_LO1;R_6mp,0.988815413211043
388,semantic_first,57;265;35;198;19;199;52;205;88;238;215;1;98,49;337;78;300;27;269;179;274;79;221;12;185;30;231;83;309;188;316;308,L_33pr;R_9-46d;L_5m;R_V3B;L_LO1;R_LO1;L_3a;R_SFL;L_a10p;R_a24pr;R_5m;L_MST;L_43,L_MIP;R_V3CD;L_IFJa;R_ProS;L_STV;R_10pp;L_p24;R_LIPd;L_IFJp;R_7AL;L_V3A;R_V4;L_POS1;R_2;L_46;R_STSvp;R_3b;R_PHT;R_STSdp,0.9696237574897877
389,episodic_first,136;309;111;201;121;338;110;358;164;302;196;76;4,59;280;91;259;79;332;97;251;18;235;175;266;24;217;143;308;227;192;296,L_PHT;R_STSvp;L_AAIC;R_PIT;L_PeEc;R_LO3;L_AVI;R_a32pr;L_s32;R_STGa;R_IPS1;L_a47r;L_V3,L_p32pr;R_OP1;L_13l;R_IFJp;L_IFJp;R_VMV1;L_s6-8;R_10d;L_V3B;R_6v;L_STSva;R_9a;L_PSL;R_23c;L_IP2;R_STSdp;R_LIPv;R_V3A;R_AIP,0.9240588068064867
390,semantic_first,5;185;97;305;91;301;70;210;164;251;227;81;0,108;336;101;232;98;332;79;208;2;323;105;317;44;233;43;205;285;199;321,L_V4;R_V4;L_s6-8;R_PHA1;L_13l;R_PeEc;L_9p;R_POS1;L_s32;R_10d;R_LIPv;L_IFSa;L_V1,L_MI;R_FST;L_OP2-3;R_3a;L_43;R_VMV1;L_IFJp;R_7Pm;L_V6;R_IP2;L_PoI2;R_PH;L_7Am;R_6d;L_6ma;R_SFL;R_PoI2;R_LO1;R_DVT,1.026984004924902
391,episodic_first,49;237;178;186;75;198;72;278;19;305;316;22;3,77;219;107;319;151;269;108;225;113;195;157;250;148;253;30;231;184;254;260,L_MIP;R_33pr;L_a32pr;R_V8;L_47l;R_V3B;L_8C;R_43;L_LO1;R_PHA1;R_PHT;L_MT;L_V2,L_6r;R_24dd;L_FOP4;R_TPOJ2;L_V6A;R_10pp;L_MI;R_7PL;L_FOP3;R_V7;L_V3CD;R_9p;L_PFm;R_44;L_POS1;R_2;R_V3;R_45;R_IFSp,1.0185838005906447
392,semantic_first,107;227;109;190;88;331;81;256;61;298;182;21;115,138;279;78;218;48;326;101;225;139;217;157;198;36;319;52;323;285;289;266,L_FOP4;R_LIPv;L_Pir;R_PEF;L_a10p;R_V6A;L_IFSa;R_a47r;L_d32;R_PreS;R_V6;L_PIT;L_PFt,L_TPOJ1;R_OP4;L_IFJa;R_5L;L_VIP;R_PFop;L_OP2-3;R_7PL;L_TPOJ2;R_23c;L_V3CD;R_V3B;L_5mv;R_TPOJ2;L_3a;R_IP2;R_PoI2;R_Pir;R_9a,0.9818780518862891
393,episodic_first,166;237;1;197;92;338;88;190;60;300;278;76;99,49;294;98;323;115;207;179;342;151;291;97;320;137;221;128;295;229;254;285,L_PoI1;R_33pr;L_MST;R_FFC;L_OFC;R_LO3;L_a10p;R_PEF;L_a24;R_ProS;R_43;L_a47r;L_OP4,L_MIP;R_FOP2;L_43;R_IP2;L_PFt;R_STV;L_p24;R_VVC;L_V6A;R_AAIC;L_s6-8;R_TPOJ3;L_PH;R_7AL;L_STSdp;R_PFt;R_MIP;R_45;R_PoI2,0.9955710260630235
394,semantic_first,70;265;157;238;61;201;85;184;159;334;331;91;47,12;347;101;357;24;339;146;319;17;300;55;309;3;230;54;308;188;348;189,L_9p;R_9-46d;L_V3CD;R_a24pr;L_d32;R_PIT;L_9-46d;R_V3;L_VMV2;R_PHA2;R_V6A;L_13l;L_LIPv,L_V3A;R_Ig;L_OP2-3;R_PI;L_PSL;R_VMV2;L_PFop;R_TPOJ2;L_FFC;R_ProS;L_6v;R_STSvp;L_V2;R_1;L_6mp;R_STSdp;R_3b;R_FOP5;R_FEF,0.8882552038777637
395,episodic_first,77;227;169;264;93;349;178;296;19;333;207;116;156,175;215;5;259;24;185;140;225;105;342;144;278;30;357;74;194;184;202;317,L_6r;R_LIPv;L_p10p;R_a9-46v;L_47s;R_p10p;L_a32pr;R_AIP;L_LO1;R_VMV3;R_STV;L_AIP;L_FST,L_STSva;R_5m;L_V4;R_IFJp;L_PSL;R_V4;L_TPOJ3;R_7PL;L_PoI2;R_VVC;L_IP1;R_43;L_POS1;R_PI;L_45;R_POS2;R_V3;R_MT;R_PH,1.0315213149977682
396,semantic_first,40;277;122;305;168;272;110;227;92;236;250;0;100,83;183;99;326;98;273;145;323;140;208;105;215;47;217;95;308;296;336;275,L_24dv;R_s6-8;L_STGa;R_PHA1;L_FOP5;R_OFC;L_AVI;R_LIPv;L_OFC;R_p24pr;R_9p;L_V1;L_OP1,L_46;R_V2;L_OP4;R_PFop;L_43;R_47s;L_IP0;R_IP2;L_TPOJ3;R_7Pm;L_PoI2;R_5m;L_LIPv;R_23c;L_6a;R_STSdp;R_AIP;R_FST;R_6a,0.918900171369251
397,episodic_first,52;228;140;264;61;251;71;184;153;300;182;6;90,36;215;101;319;145;269;179;355;175;261;49;207;38;185;95;308;296;292;317,L_3a;R_VIP;L_TPOJ3;R_a9-46v;L_d32;R_10d;L_10d;R_V3;L_VMV3;R_ProS;R_V6;L_V8;L_11l,L_5mv;R_5m;L_OP2-3;R_TPOJ2;L_IP0;R_10pp;L_p24;R_STSva;L_STSva;R_IFSa;L_MIP;R_STV;L_5L;R_V4;L_6a;R_STSdp;R_AIP;R_FOP1;R_PH,0.999403321891438
398,semantic_first,141;259;140;264;153;301;72;317;169;332;182;69;101,36;331;113;218;167;238;109;195;2;323;139;355;107;253;147;233;225;350;261,L_DVT;R_IFJp;L_TPOJ3;R_a9-46v;L_VMV3;R_PeEc;L_8C;R_PH;L_p10p;R_VMV1;R_V6;L_8BL;L_OP2-3,L_5mv;R_V6A;L_FOP3;R_5L;L_Ig;R_a24pr;L_Pir;R_V7;L_V6;R_IP2;L_TPOJ2;R_STSva;L_FOP4;R_44;L_PF;R_6d;R_7PL;R_p47r;R_IFSa,0.9734823526059648
399,episodic_first,144;291;165;258;126;255;61;348;22;269;355;6;52,143;241;78;326;98;274;27;225;146;295;108;278;30;185;3;208;188;268;275,L_IP1;R_AAIC;L_pOFC;R_IFJa;L_PHA3;R_47l;L_d32;R_FOP5;L_MT;R_10pp;R_STSva;L_V8;L_3a,L_IP2;R_d32;L_IFJa;R_PFop;L_43;R_LIPd;L_STV;R_7PL;L_PFop;R_PFt;L_MI;R_43;L_POS1;R_V4;L_V2;R_7Pm;R_3b;R_a10p;R_6a,0.9302410687709717
400,semantic_first,43;295;179;239;121;339;96;288;117;306;278;99;104,2;281;91;309;38;250;139;185;49;217;18;323;4;308;8;230;266;197;285,L_6ma;R_PFt;L_p24;R_p32pr;L_PeEc;R_VMV2;L_i6-8;R_MI;L_EC;R_PHA3;R_43;L_OP4;L_PFcm,L_V6;R_OP2-3;L_13l;R_STSvp;L_5L;R_9p;L_TPOJ2;R_V4;L_MIP;R_23c;L_V3B;R_IP2;L_V3;R_STSdp;L_3b;R_1;R_9a;R_FFC;R_PoI2,0.9584023891690666
401,episodic_first,12;291;165;359;93;331;11;256;21;245;227;69;141,48;254;177;195;113;271;108;326;145;319;157;278;107;226;50;221;325;289;233,L_V3A;R_AAIC;L_pOFC;R_p24;L_47s;R_V6A;L_55b;R_a47r;L_PIT;R_47m;R_LIPv;L_8BL;L_DVT,L_VIP;R_45;L_PI;R_V7;L_FOP3;R_13l;L_MI;R_PFop;L_IP0;R_TPOJ2;L_V3CD;R_43;L_FOP4;R_7PC;L_1;R_7AL;R_IP0;R_Pir;R_6d,0.879284153922628
402,semantic_first,52;222;125;201;118;274;39;205;58;345;198;84;16,80;192;112;295;24;293;15;250;28;342;109;185;44;225;46;231;235;294;257,L_3a;R_SCEF;L_PHA1;R_PIT;L_PreS;R_LIPd;L_24dd;R_SFL;L_a24pr;R_pOFC;R_V3B;L_a9-46v;L_IPS1,L_IFSp;R_V3A;L_FOP1;R_PFt;L_PSL;R_FOP3;L_V7;R_9p;L_7Pm;R_VVC;L_Pir;R_V4;L_7Am;R_7PL;L_7PC;R_2;R_6v;R_FOP2;R_6r,0.9105439717000537
403,episodic_first,143;261;91;273;76;332;40;230;84;301;196;16;78,44;281;115;207;151;225;175;357;59;296;109;278;104;231;50;285;253;279;205,L_IP2;R_IFSa;L_13l;R_47s;L_a47r;R_VMV1;L_24dv;R_1;L_a9-46v;R_PeEc;R_IPS1;L_IPS1;L_IFJa,L_7Am;R_OP2-3;L_PFt;R_STV;L_V6A;R_7PL;L_STSva;R_PI;L_p32pr;R_AIP;L_Pir;R_43;L_PFcm;R_2;L_1;R_PoI2;R_44;R_OP4;R_SFL,0.966049509471601
404,semantic_first,43;319;79;264;65;271;116;349;84;334;207;1;113,38;289;104;317;151;339;139;218;105;309;83;357;36;346;77;253;189;268;230,L_6ma;R_TPOJ2;L_IFJp;R_a9-46v;L_47m;R_13l;L_AIP;R_p10p;L_a9-46v;R_PHA2;R_STV;L_MST;L_FOP3,L_5L;R_Pir;L_PFcm;R_PH;L_V6A;R_VMV2;L_TPOJ2;R_5L;L_PoI2;R_STSvp;L_46;R_PI;L_5mv;R_PoI1;L_6r;R_44;R_FEF;R_a10p;R_1,1.0493638527095268
405,episodic_first,17;291;22;271;125;273;69;321;65;302;358;99;98,46;284;96;319;114;215;24;309;38;195;79;331;44;327;128;221;252;337;234,L_FFC;R_AAIC;L_MT;R_13l;L_PHA1;R_47s;L_8BL;R_DVT;L_47m;R_STGa;R_a32pr;L_OP4;L_43,L_7PC;R_PFcm;L_i6-8;R_TPOJ2;L_FOP2;R_5m;L_PSL;R_STSvp;L_5L;R_V7;L_IFJp;R_V6A;L_7Am;R_PF;L_STSdp;R_7AL;R_8C;R_V3CD;R_6mp,0.9826605947481695
406,semantic_first,39;228;10;348;20;255;116;249;19;333;279;153;98,80;200;104;238;18;273;59;323;175;225;146;355;156;218;128;231;253;336;266,L_24dd;R_VIP;L_PEF;R_FOP5;L_LO2;R_47l;L_AIP;R_8BL;L_LO1;R_VMV3;R_OP4;L_VMV3;L_43,L_IFSp;R_LO2;L_PFcm;R_a24pr;L_V3B;R_47s;L_p32pr;R_IP2;L_STSva;R_7PL;L_PFop;R_STSva;L_FST;R_5L;L_STSdp;R_2;R_44;R_FST;R_9a,0.8719305855028303
407,episodic_first,72;309;18;273;91;264;96;190;65;345;347;69;78,73;337;99;326;114;293;175;332;157;205;27;358;137;233;95;234;227;192;296,L_8C;R_STSvp;L_V3B;R_47s;L_13l;R_a9-46v;L_i6-8;R_PEF;L_47m;R_pOFC;R_Ig;L_8BL;L_IFJa,L_44;R_V3CD;L_OP4;R_PFop;L_FOP2;R_FOP3;L_STSva;R_VMV1;L_V3CD;R_SFL;L_STV;R_a32pr;L_PH;R_6d;L_6a;R_6mp;R_LIPv;R_V3A;R_AIP,0.916638363676404
408,semantic_first,39;261;179;272;92;298;61;237;155;273;215;6;99,105;316;98;228;129;251;79;250;139;195;175;227;8;317;30;231;233;200;260,L_24dd;R_IFSa;L_p24;R_OFC;L_OFC;R_PreS;L_d32;R_33pr;L_V4t;R_47s;R_5m;L_V8;L_OP4,L_PoI2;R_PHT;L_43;R_VIP;L_STSvp;R_10d;L_IFJp;R_9p;L_TPOJ2;R_V7;L_STSva;R_LIPv;L_3b;R_PH;L_POS1;R_2;R_6d;R_LO2;R_IFSp,0.8998056953174489
409,episodic_first,59;227;178;258;164;359;57;257;71;269;196;11;112,108;284;96;208;47;198;27;323;151;225;140;273;129;188;9;252;288;200;308,L_p32pr;R_LIPv;L_a32pr;R_IFJa;L_s32;R_p24;L_33pr;R_6r;L_10d;R_10pp;R_IPS1;L_55b;L_FOP1,L_MI;R_PFcm;L_i6-8;R_7Pm;L_LIPv;R_V3B;L_STV;R_IP2;L_V6A;R_7PL;L_TPOJ3;R_47s;L_STSvp;R_3b;L_FEF;R_8C;R_MI;R_LO2;R_STSdp,1.001149884462183
410,semantic_first,5;190;89;238;118;274;67;278;19;243;215;99;104,83;337;137;208;167;355;145;323;70;342;45;349;30;257;147;232;317;241;253,L_V4;R_PEF;L_10pp;R_a24pr;L_PreS;R_LIPd;L_8Ad;R_43;L_LO1;R_p32;R_5m;L_OP4;L_PFcm,L_46;R_V3CD;L_PH;R_7Pm;L_Ig;R_STSva;L_IP0;R_IP2;L_9p;R_VVC;L_7PL;R_p10p;L_POS1;R_6r;L_PF;R_3a;R_PH;R_d32;R_44,0.9532367799009982
411,episodic_first,136;237;157;186;92;271;39;257;84;306;225;16;3,144;289;96;342;143;269;140;331;15;317;83;278;38;308;50;217;207;201;275,L_PHT;R_33pr;L_V3CD;R_V8;L_OFC;R_13l;L_24dd;R_6r;L_a9-46v;R_PHA3;R_7PL;L_IPS1;L_V2,L_IP1;R_Pir;L_i6-8;R_VVC;L_IP2;R_10pp;L_TPOJ3;R_V6A;L_V7;R_PH;L_46;R_43;L_5L;R_STSdp;L_1;R_23c;R_STV;R_PIT;R_6a,0.9606717010030178
412,semantic_first,166;237;140;305;65;199;82;210;154;306;184;78;99,45;268;74;274;145;245;167;286;86;300;175;198;25;231;143;253;225;336;257,L_PoI1;R_33pr;L_TPOJ3;R_PHA1;L_47m;R_LO1;L_p9-46v;R_POS1;L_PHA2;R_PHA3;R_V3;L_IFJa;L_OP4,L_7PL;R_a10p;L_45;R_LIPd;L_IP0;R_47m;L_Ig;R_TA2;L_9a;R_ProS;L_STSva;R_V3B;L_SFL;R_2;L_IP2;R_44;R_7PL;R_FST;R_6r,0.8483619711895449
413,episodic_first,96;228;17;220;21;301;91;227;65;298;215;11;112,12;292;101;208;143;271;55;286;79;269;27;323;107;224;8;285;257;336;189,L_i6-8;R_VIP;L_FFC;R_24dv;L_PIT;R_PeEc;L_13l;R_LIPv;L_47m;R_PreS;R_5m;L_55b;L_FOP1,L_V3A;R_FOP1;L_OP2-3;R_7Pm;L_IP2;R_13l;L_6v;R_TA2;L_IFJp;R_10pp;L_STV;R_IP2;L_FOP4;R_7Am;L_3b;R_PoI2;R_6r;R_FST;R_FEF,0.9039881615304531
414,semantic_first,128;208;60;339;153;268;81;293;159;332;182;4;137,45;280;96;269;157;207;79;355;80;309;146;326;147;234;66;285;184;294;275,L_STSdp;R_7Pm;L_a24;R_VMV2;L_VMV3;R_a10p;L_IFSa;R_FOP3;L_VMV2;R_VMV1;R_V6;L_V3;L_PH,L_7PL;R_OP1;L_i6-8;R_10pp;L_V3CD;R_STV;L_IFJp;R_STSva;L_IFSp;R_STSvp;L_PFop;R_PFop;L_PF;R_6mp;L_8Av;R_PoI2;R_V3;R_FOP2;R_6a,0.9088150338883927
415,episodic_first,28;235;18;239;71;339;82;220;159;243;225;96;112,55;347;100;323;128;251;48;218;146;326;27;250;14;233;77;234;296;320;260,L_7Pm;R_6v;L_V3B;R_p32pr;L_10d;R_VMV2;L_p9-46v;R_24dv;L_VMV2;R_p32;R_7PL;L_i6-8;L_FOP1,L_6v;R_Ig;L_OP1;R_IP2;L_STSdp;R_10d;L_VIP;R_5L;L_PFop;R_PFop;L_STV;R_9p;L_POS2;R_6d;L_6r;R_6mp;R_AIP;R_TPOJ3;R_IFSp,0.9565485600479257
416,semantic_first,128;250;18;264;21;349;116;223;92;344;207;61;0,45;180;78;357;27;274;12;286;113;208;48;317;147;205;143;188;256;241;257,L_STSdp;R_9p;L_V3B;R_a9-46v;L_PIT;R_p10p;L_AIP;R_6ma;L_OFC;R_s32;R_STV;L_d32;L_V1,L_7PL;R_V1;L_IFJa;R_PI;L_STV;R_LIPd;L_V3A;R_TA2;L_FOP3;R_7Pm;L_VIP;R_PH;L_PF;R_SFL;L_IP2;R_3b;R_a47r;R_d32;R_6r,0.971363444879874
417,episodic_first,59;317;35;272;76;273;11;229;21;305;331;88;25,36;358;115;286;80;325;38;344;151;291;108;347;141;230;73;231;184;337;205,L_p32pr;R_PH;L_5m;R_OFC;L_a47r;R_47s;L_55b;R_MIP;L_PIT;R_PHA1;R_V6A;L_a10p;L_SFL,L_5mv;R_a32pr;L_PFt;R_TA2;L_IFSp;R_IP0;L_5L;R_s32;L_V6A;R_AAIC;L_MI;R_Ig;L_DVT;R_1;L_44;R_2;R_V3;R_V3CD;R_SFL,0.993787503226699
418,semantic_first,105;205;158;220;153;339;116;253;164;345;357;6;78,12;279;3;185;100;215;175;323;145;195;128;300;74;319;147;308;317;197;261,L_PoI2;R_SFL;L_LO3;R_24dv;L_VMV3;R_VMV2;L_AIP;R_44;L_s32;R_pOFC;R_PI;L_V8;L_IFJa,L_V3A;R_OP4;L_V2;R_V4;L_OP1;R_5m;L_STSva;R_IP2;L_IP0;R_V7;L_STSdp;R_ProS;L_45;R_TPOJ2;L_PF;R_STSdp;R_PH;R_FFC;R_IFSa,0.8589999651980584
419,episodic_first,3;265;165;258;61;190;72;275;91;300;288;1;74,138;192;16;355;100;198;143;331;157;357;167;266;147;308;144;233;257;337;256,L_V2;R_9-46d;L_pOFC;R_IFJa;L_d32;R_PEF;L_8C;R_6a;L_13l;R_ProS;R_MI;L_MST;L_45,L_TPOJ1;R_V3A;L_IPS1;R_STSva;L_OP1;R_V3B;L_IP2;R_V6A;L_V3CD;R_PI;L_Ig;R_9a;L_PF;R_STSdp;L_IP1;R_6d;R_6r;R_V3CD;R_a47r,0.9805376744223651
420,semantic_first,72;237;15;190;21;251;82;249;117;338;357;76;90,80;316;99;300;2;269;145;286;139;225;12;347;137;233;148;328;205;254;317,L_8C;R_33pr;L_V7;R_PEF;L_PIT;R_10d;L_p9-46v;R_8BL;L_EC;R_LO3;R_PI;L_a47r;L_11l,L_IFSp;R_PHT;L_OP4;R_ProS;L_V6;R_10pp;L_IP0;R_TA2;L_TPOJ2;R_7PL;L_V3A;R_Ig;L_PH;R_6d;L_PFm;R_PFm;R_SFL;R_45;R_PH,0.8869465841782939
421,episodic_first,83;295;89;359;20;271;42;237;117;305;207;61;74,73;268;96;266;47;306;113;342;151;263;15;251;3;357;48;285;189;255;208,L_46;R_PFt;L_10pp;R_p24;L_LO2;R_13l;L_SCEF;R_33pr;L_EC;R_PHA1;R_STV;L_d32;L_45,L_44;R_a10p;L_i6-8;R_9a;L_LIPv;R_PHA3;L_FOP3;R_VVC;L_V6A;R_46;L_V7;R_10d;L_V2;R_PI;L_VIP;R_PoI2;R_FEF;R_47l;R_7Pm,0.9593014760758055
422,semantic_first,77;259;165;238;10;331;52;325;35;344;349;11;104,80;279;78;232;129;355;108;342;140;205;28;218;147;346;30;185;235;320;217,L_6r;R_IFJp;L_pOFC;R_a24pr;L_PEF;R_V6A;L_3a;R_IP0;L_5m;R_s32;R_p10p;L_55b;L_PFcm,L_IFSp;R_OP4;L_IFJa;R_3a;L_STSvp;R_STSva;L_MI;R_VVC;L_TPOJ3;R_SFL;L_7Pm;R_5L;L_PF;R_PoI1;L_POS1;R_V4;R_6v;R_TPOJ3;R_23c,1.0328359124940625
423,episodic_first,107;252;109;238;20;273;85;190;164;259;357;92;169,36;215;100;251;114;306;113;198;97;319;59;325;14;221;66;205;196;192;237,L_FOP4;R_8C;L_Pir;R_a24pr;L_LO2;R_47s;L_9-46d;R_PEF;L_s32;R_IFJp;R_PI;L_OFC;L_p10p,L_5mv;R_5m;L_OP1;R_10d;L_FOP2;R_PHA3;L_FOP3;R_V3B;L_s6-8;R_TPOJ2;L_p32pr;R_IP0;L_POS2;R_7AL;L_8Av;R_SFL;R_IPS1;R_V3A;R_33pr,1.0433471929305185
424,semantic_first,80;196;164;271;93;305;71;205;20;298;317;168;107,9;337;104;295;98;238;113;228;97;208;109;251;38;221;49;187;235;348;232,L_IFSp;R_IPS1;L_s32;R_13l;L_47s;R_PHA1;L_10d;R_SFL;L_LO2;R_PreS;R_PH;L_FOP5;L_FOP4,L_FEF;R_V3CD;L_PFcm;R_PFt;L_43;R_a24pr;L_FOP3;R_VIP;L_s6-8;R_7Pm;L_Pir;R_10d;L_5L;R_7AL;L_MIP;R_4;R_6v;R_FOP5;R_3a,0.9404685279767107
425,episodic_first,5;296;91;245;1;332;107;196;154;301;215;118;90,28;280;16;309;113;274;108;225;139;250;105;300;129;323;50;285;217;264;235,L_V4;R_AIP;L_13l;R_47m;L_MST;R_VMV1;L_FOP4;R_IPS1;L_PHA2;R_PeEc;R_5m;L_PreS;L_11l,L_7Pm;R_OP1;L_IPS1;R_STSvp;L_FOP3;R_LIPd;L_MI;R_7PL;L_TPOJ2;R_9p;L_PoI2;R_ProS;L_STSvp;R_IP2;L_1;R_PoI2;R_23c;R_a9-46v;R_6v,0.832834203490972
426,semantic_first,40;260;35;339;10;202;69;288;162;236;215;76;116,144;331;114;266;128;358;27;195;15;323;2;218;104;229;107;226;227;254;217,L_24dv;R_IFSp;L_5m;R_VMV2;L_PEF;R_MT;L_8BL;R_MI;L_VVC;R_p24pr;R_5m;L_a47r;L_AIP,L_IP1;R_V6A;L_FOP2;R_9a;L_STSdp;R_a32pr;L_STV;R_V7;L_V7;R_IP2;L_V6;R_5L;L_PFcm;R_MIP;L_FOP4;R_7PC;R_LIPv;R_45;R_23c,0.972711259721342
427,episodic_first,12;205;60;241;21;197;57;223;153;236;319;92;24,59;349;78;326;145;238;15;235;139;269;157;278;30;185;66;226;229;200;217,L_V3A;R_SFL;L_a24;R_d32;L_PIT;R_FFC;L_33pr;R_6ma;L_VMV3;R_p24pr;R_TPOJ2;L_OFC;L_PSL,L_p32pr;R_p10p;L_IFJa;R_PFop;L_IP0;R_a24pr;L_V7;R_6v;L_TPOJ2;R_10pp;L_V3CD;R_43;L_POS1;R_V4;L_8Av;R_7PC;R_MIP;R_LO2;R_23c,0.984567442181248
428,semantic_first,80;256;169;337;121;238;81;288;71;243;293;22;129,108;316;101;195;175;332;140;232;49;309;55;278;5;224;166;295;221;220;187,L_IFSp;R_a47r;L_p10p;R_V3CD;L_PeEc;R_a24pr;L_IFSa;R_MI;L_10d;R_p32;R_FOP3;L_MT;L_STSvp,L_MI;R_PHT;L_OP2-3;R_V7;L_STSva;R_VMV1;L_TPOJ3;R_3a;L_MIP;R_STSvp;L_6v;R_43;L_V4;R_7Am;L_PoI1;R_PFt;R_7AL;R_24dv;R_4,0.9484709351747583
429,episodic_first,107;259;89;271;20;298;85;227;35;251;316;84;156,49;281;5;228;24;358;157;195;146;225;80;320;3;252;74;308;278;337;285,L_FOP4;R_IFJp;L_10pp;R_13l;L_LO2;R_PreS;L_9-46d;R_LIPv;L_5m;R_10d;R_PHT;L_a9-46v;L_FST,L_MIP;R_OP2-3;L_V4;R_VIP;L_PSL;R_a32pr;L_V3CD;R_V7;L_PFop;R_7PL;L_IFSp;R_TPOJ3;L_V2;R_8C;L_45;R_STSdp;R_43;R_V3CD;R_PoI2,0.8760409143643213
430,semantic_first,52;250;158;197;153;272;81;349;84;342;358;118;78,2;279;74;235;101;278;48;221;27;232;105;331;43;252;83;187;266;287;257,L_3a;R_9p;L_LO3;R_FFC;L_VMV3;R_OFC;L_IFSa;R_p10p;L_a9-46v;R_VVC;R_a32pr;L_PreS;L_IFJa,L_V6;R_OP4;L_45;R_6v;L_OP2-3;R_43;L_VIP;R_7AL;L_STV;R_3a;L_PoI2;R_V6A;L_6ma;R_8C;L_46;R_4;R_9a;R_FOP4;R_6r,0.9679497177462677
431,episodic_first,86;237;91;220;1;201;107;249;88;333;319;93;16,55;349;156;309;157;331;48;357;15;221;27;225;38;230;129;233;325;289;266,L_9a;R_33pr;L_13l;R_24dv;L_MST;R_PIT;L_FOP4;R_8BL;L_a10p;R_VMV3;R_TPOJ2;L_47s;L_IPS1,L_6v;R_p10p;L_FST;R_STSvp;L_V3CD;R_V6A;L_VIP;R_PI;L_V7;R_7AL;L_STV;R_7PL;L_5L;R_1;L_STSvp;R_6d;R_IP0;R_Pir;R_9a,0.8314057288262192
432,semantic_first,52;189;97;201;159;197;81;227;117;338;293;153;47,73;316;137;300;98;355;48;251;140;195;146;319;30;226;144;208;218;272;217,L_3a;R_FEF;L_s6-8;R_PIT;L_VMV2;R_FFC;L_IFSa;R_LIPv;L_EC;R_LO3;R_FOP3;L_VMV3;L_LIPv,L_44;R_PHT;L_PH;R_ProS;L_43;R_STSva;L_VIP;R_10d;L_TPOJ3;R_V7;L_PFop;R_TPOJ2;L_POS1;R_7PC;L_IP1;R_7Pm;R_5L;R_OFC;R_23c,0.9058313465730872
433,episodic_first,45;222;97;251;164;190;5;348;71;301;278;1;0,12;337;53;225;167;332;18;344;15;232;94;357;137;285;48;327;196;264;188,L_7PL;R_SCEF;L_s6-8;R_10d;L_s32;R_PEF;L_V4;R_FOP5;L_10d;R_PeEc;R_43;L_MST;L_V1,L_V3A;R_V3CD;L_6d;R_7PL;L_Ig;R_VMV1;L_V3B;R_s32;L_V7;R_3a;L_LIPd;R_PI;L_PH;R_PoI2;L_VIP;R_PF;R_IPS1;R_a9-46v;R_3b,1.0512067521269457
434,semantic_first,72;261;91;197;82;350;70;189;84;195;215;20;38,44;219;90;269;100;286;179;319;157;309;49;288;104;231;147;308;278;337;285,L_8C;R_IFSa;L_13l;R_FFC;L_p9-46v;R_p47r;L_9p;R_FEF;L_a9-46v;R_V7;R_5m;L_LO2;L_5L,L_7Am;R_24dd;L_11l;R_10pp;L_OP1;R_TA2;L_p24;R_TPOJ2;L_V3CD;R_STSvp;L_MIP;R_MI;L_PFcm;R_2;L_PF;R_STSdp;R_43;R_V3CD;R_PoI2,0.982563930658879
435,episodic_first,128;190;157;245;118;186;17;254;164;269;320;1;101,46;199;99;235;79;273;49;357;86;207;45;278;137;229;129;285;319;241;252,L_STSdp;R_PEF;L_V3CD;R_47m;L_PreS;R_V8;L_FFC;R_45;L_s32;R_10pp;R_TPOJ3;L_MST;L_OP2-3,L_7PC;R_LO1;L_OP4;R_6v;L_IFJp;R_47s;L_MIP;R_PI;L_9a;R_STV;L_7PL;R_43;L_PH;R_MIP;L_STSvp;R_PoI2;R_TPOJ2;R_d32;R_8C,0.9196446737075977
436,semantic_first,77;222;165;298;121;338;96;317;118;245;182;78;98,136;192;100;326;143;207;94;250;145;266;151;355;25;308;30;185;325;264;229,L_6r;R_SCEF;L_pOFC;R_PreS;L_PeEc;R_LO3;L_i6-8;R_PH;L_PreS;R_47m;R_V6;L_IFJa;L_43,L_PHT;R_V3A;L_OP1;R_PFop;L_IP2;R_STV;L_LIPd;R_9p;L_IP0;R_9a;L_V6A;R_STSva;L_SFL;R_STSdp;L_POS1;R_V4;R_IP0;R_a9-46v;R_MIP,0.9023124385140822
437,episodic_first,105;237;165;258;10;238;3;255;22;334;279;75;113,108;241;98;207;18;273;143;208;145;235;12;288;44;346;141;232;285;320;229,L_PoI2;R_33pr;L_pOFC;R_IFJa;L_PEF;R_a24pr;L_V2;R_47l;L_MT;R_PHA2;R_OP4;L_47l;L_FOP3,L_MI;R_d32;L_43;R_STV;L_V3B;R_47s;L_IP2;R_7Pm;L_IP0;R_6v;L_V3A;R_MI;L_7Am;R_PoI1;L_DVT;R_3a;R_PoI2;R_TPOJ3;R_MIP,1.009854930696553
438,semantic_first,39;317;63;264;93;186;116;266;35;238;325;61;98,143;192;156;309;38;293;105;232;109;195;80;215;36;257;8;346;189;350;210,L_24dd;R_PH;L_p32;R_a9-46v;L_47s;R_V8;L_AIP;R_9a;L_5m;R_a24pr;R_IP0;L_d32;L_43,L_IP2;R_V3A;L_FST;R_STSvp;L_5L;R_FOP3;L_PoI2;R_3a;L_Pir;R_V7;L_IFSp;R_5m;L_5mv;R_6r;L_3b;R_PoI1;R_FEF;R_p47r;R_POS1,0.9533511226130802
439,episodic_first,166;221;169;197;91;359;88;275;1;344;227;3;99,36;287;116;309;128;358;151;274;15;185;145;218;47;188;50;296;325;254;256,L_PoI1;R_7AL;L_p10p;R_FFC;L_13l;R_p24;L_a10p;R_6a;L_MST;R_s32;R_LIPv;L_V2;L_OP4,L_5mv;R_FOP4;L_AIP;R_STSvp;L_STSdp;R_a32pr;L_V6A;R_LIPd;L_V7;R_V4;L_IP0;R_5L;L_LIPv;R_3b;L_1;R_AIP;R_IP0;R_45;R_a47r,0.9950162499100974
440,semantic_first,45;237;63;264;164;339;84;325;1;198;207;0;141,143;280;156;228;139;250;167;185;2;317;175;355;41;188;50;234;266;239;235,L_7PL;R_33pr;L_p32;R_a9-46v;L_s32;R_VMV2;L_a9-46v;R_IP0;L_MST;R_V3B;R_STV;L_V1;L_DVT,L_IP2;R_OP1;L_FST;R_VIP;L_TPOJ2;R_9p;L_Ig;R_V4;L_V6;R_PH;L_STSva;R_STSva;L_7AL;R_3b;L_1;R_6mp;R_9a;R_p32pr;R_6v,0.9375153163811994
441,episodic_first,40;266;91;186;61;271;57;184;60;299;325;6;156,2;200;5;261;143;358;151;195;105;295;175;185;30;217;77;208;235;336;288,L_24dv;R_9a;L_13l;R_V8;L_d32;R_13l;L_33pr;R_V3;L_a24;R_H;R_IP0;L_V8;L_FST,L_V6;R_LO2;L_V4;R_IFSa;L_IP2;R_a32pr;L_V6A;R_V7;L_PoI2;R_PFt;L_STSva;R_V4;L_POS1;R_23c;L_6r;R_7Pm;R_6v;R_FST;R_MI,0.8958380497784872
442,semantic_first,40;261;60;245;71;271;3;266;91;298;331;82;78,55;181;101;326;129;274;2;342;179;300;145;250;5;308;143;208;285;350;230,L_24dv;R_IFSa;L_a24;R_47m;L_10d;R_13l;L_V2;R_9a;L_13l;R_PreS;R_V6A;L_p9-46v;L_IFJa,L_6v;R_MST;L_OP2-3;R_PFop;L_STSvp;R_LIPd;L_V6;R_VVC;L_p24;R_ProS;L_IP0;R_9p;L_V4;R_STSdp;L_IP2;R_7Pm;R_PoI2;R_p47r;R_1,0.9080478317225483
443,episodic_first,144;317;164;349;11;305;91;210;154;297;182;1;47,83;200;116;309;129;198;113;207;179;266;27;274;53;295;74;275;321;241;205,L_IP1;R_PH;L_s32;R_p10p;L_55b;R_PHA1;L_13l;R_POS1;L_PHA2;R_EC;R_V6;L_MST;L_LIPv,L_46;R_LO2;L_AIP;R_STSvp;L_STSvp;R_V3B;L_FOP3;R_STV;L_p24;R_9a;L_STV;R_LIPd;L_6d;R_PFt;L_45;R_6a;R_DVT;R_d32;R_SFL,0.9396777908202001
444,semantic_first,83;265;178;349;81;331;39;220;154;274;320;21;137,37;182;78;259;108;251;139;225;38;300;146;355;129;346;66;235;257;239;261,L_46;R_9-46d;L_a32pr;R_p10p;L_IFSa;R_V6A;L_24dd;R_24dv;L_PHA2;R_LIPd;R_TPOJ3;L_PIT;L_PH,L_23c;R_V6;L_IFJa;R_IFJp;L_MI;R_10d;L_TPOJ2;R_7PL;L_5L;R_ProS;L_PFop;R_STSva;L_STSvp;R_PoI1;L_8Av;R_6v;R_6r;R_p32pr;R_IFSa,0.9405672863279295
445,episodic_first,52;260;35;198;20;200;42;189;63;332;317;121;177,46;358;114;286;143;347;157;232;151;319;167;251;24;221;51;285;229;201;184,L_3a;R_IFSp;L_5m;R_V3B;L_LO2;R_LO2;L_SCEF;R_FEF;L_p32;R_VMV1;R_PH;L_PeEc;L_PI,L_7PC;R_a32pr;L_FOP2;R_TA2;L_IP2;R_Ig;L_V3CD;R_3a;L_V6A;R_TPOJ2;L_Ig;R_10d;L_PSL;R_7AL;L_2;R_PoI2;R_MIP;R_PIT;R_V3,0.9468447996914449
446,semantic_first,28;288;159;349;19;339;5;266;65;195;215;69;177,108;219;169;295;104;245;175;228;94;208;27;358;128;233;147;187;218;181;252,L_7Pm;R_MI;L_VMV2;R_p10p;L_LO1;R_VMV2;L_V4;R_9a;L_47m;R_V7;R_5m;L_8BL;L_PI,L_MI;R_24dd;L_p10p;R_PFt;L_PFcm;R_47m;L_STSva;R_VIP;L_LIPd;R_7Pm;L_STV;R_a32pr;L_STSdp;R_6d;L_PF;R_4;R_5L;R_MST;R_8C,0.9091229668567027
447,episodic_first,28;291;140;320;126;245;39;278;159;251;207;11;177,49;202;76;208;27;225;138;250;108;185;109;198;54;328;128;224;288;181;256,L_7Pm;R_AAIC;L_TPOJ3;R_TPOJ3;L_PHA3;R_47m;L_24dd;R_43;L_VMV2;R_10d;R_STV;L_55b;L_PI,L_MIP;R_MT;L_a47r;R_7Pm;L_STV;R_7PL;L_TPOJ1;R_9p;L_MI;R_V4;L_Pir;R_V3B;L_6mp;R_PFm;L_STSdp;R_7Am;R_MI;R_MST;R_a47r,0.9432415013358514
448,semantic_first,72;263;111;190;20;251;42;184;65;339;288;6;98,105;281;104;355;47;293;108;357;139;323;138;331;30;295;73;285;317;258;233,L_8C;R_46;L_AAIC;R_PEF;L_LO2;R_10d;L_SCEF;R_V3;L_47m;R_VMV2;R_MI;L_V8;L_43,L_PoI2;R_OP2-3;L_PFcm;R_STSva;L_LIPv;R_FOP3;L_MI;R_PI;L_TPOJ2;R_IP2;L_TPOJ1;R_V6A;L_POS1;R_PFt;L_44;R_PoI2;R_PH;R_IFJa;R_6d,0.9169469112258354
449,episodic_first,72;295;139;320;82;339;110;288;20;269;278;69;53,9;199;104;195;115;273;2;266;27;296;12;347;36;226;143;208;319;254;205,L_8C;R_PFt;L_TPOJ2;R_TPOJ3;L_p9-46v;R_VMV2;L_AVI;R_MI;L_LO2;R_10pp;R_43;L_8BL;L_6d,L_FEF;R_LO1;L_PFcm;R_V7;L_PFt;R_47s;L_V6;R_9a;L_STV;R_AIP;L_V3A;R_Ig;L_5mv;R_7PC;L_IP2;R_7Pm;R_TPOJ2;R_45;R_SFL,0.9773052527406881
450,semantic_first,96;256;79;359;71;245;116;255;6;238;325;0;78,105;202;129;323;157;331;48;357;2;218;146;278;41;232;73;234;250;181;253,L_i6-8;R_a47r;L_IFJp;R_p24;L_10d;R_47m;L_AIP;R_47l;L_V8;R_a24pr;R_IP0;L_V1;L_IFJa,L_PoI2;R_MT;L_STSvp;R_IP2;L_V3CD;R_V6A;L_VIP;R_PI;L_V6;R_5L;L_PFop;R_43;L_7AL;R_3a;L_44;R_6mp;R_9p;R_MST;R_44,0.9171150153574882
451,episodic_first,28;266;158;190;19;200;40;249;88;273;204;71;107,144;219;78;274;5;269;139;295;55;225;108;250;47;252;30;224;185;192;296,L_7Pm;R_9a;L_LO3;R_PEF;L_LO1;R_LO2;L_24dv;R_8BL;L_a10p;R_47s;R_PSL;L_10d;L_FOP4,L_IP1;R_24dd;L_IFJa;R_LIPd;L_V4;R_10pp;L_TPOJ2;R_PFt;L_6v;R_7PL;L_MI;R_9p;L_LIPv;R_8C;L_POS1;R_7Am;R_V4;R_V3A;R_AIP,0.9223557373036784
452,semantic_first,59;185;22;190;118;331;71;348;92;334;215;78;156,143;202;91;309;108;269;167;344;109;205;80;358;166;230;14;357;317;337;253,L_p32pr;R_V4;L_MT;R_PEF;L_PreS;R_V6A;L_10d;R_FOP5;L_OFC;R_PHA2;R_5m;L_IFJa;L_FST,L_IP2;R_MT;L_13l;R_STSvp;L_MI;R_10pp;L_Ig;R_s32;L_Pir;R_SFL;L_IFSp;R_a32pr;L_PoI1;R_1;L_POS2;R_PI;R_PH;R_V3CD;R_44,1.007566935460165
453,episodic_first,45;319;165;272;88;305;84;189;58;344;204;99;141,83;292;107;185;5;274;113;326;59;195;151;288;166;217;77;221;233;358;256,L_7PL;R_TPOJ2;L_pOFC;R_OFC;L_a10p;R_PHA1;L_a9-46v;R_FEF;L_a24pr;R_s32;R_PSL;L_OP4;L_DVT,L_46;R_FOP1;L_FOP4;R_V4;L_V4;R_LIPd;L_FOP3;R_PFop;L_p32pr;R_V7;L_V6A;R_MI;L_PoI1;R_23c;L_6r;R_7AL;R_6d;R_a32pr;R_a47r,0.9203930482986038
454,semantic_first,166;266;63;338;21;190;81;237;91;251;358;90;76,145;200;156;319;128;286;27;185;94;300;80;326;46;205;44;188;323;258;233,L_PoI1;R_9a;L_p32;R_LO3;L_PIT;R_PEF;L_IFSa;R_33pr;L_13l;R_10d;R_a32pr;L_11l;L_a47r,L_IP0;R_LO2;L_FST;R_TPOJ2;L_STSdp;R_TA2;L_STV;R_V4;L_LIPd;R_ProS;L_IFSp;R_PFop;L_7PC;R_SFL;L_7Am;R_3b;R_IP2;R_IFJa;R_6d,0.9713108056944932
455,episodic_first,40;189;179;298;20;273;5;293;89;306;274;82;177,49;202;137;300;100;185;157;355;28;296;139;326;53;319;95;285;208;336;227,L_24dv;R_FEF;L_p24;R_PreS;L_LO2;R_47s;L_V4;R_FOP3;L_10pp;R_PHA3;R_LIPd;L_p9-46v;L_PI,L_MIP;R_MT;L_PH;R_ProS;L_OP1;R_V4;L_V3CD;R_STSva;L_7Pm;R_AIP;L_TPOJ2;R_PFop;L_6d;R_TPOJ2;L_6a;R_PoI2;R_7Pm;R_FST;R_LIPv,0.865621109484302
456,semantic_first,96;288;58;201;84;271;170;196;164;238;293;168;90,49;292;113;228;143;357;94;331;97;296;18;320;115;253;51;217;218;289;319,L_i6-8;R_MI;L_a24pr;R_PIT;L_a9-46v;R_13l;L_p47r;R_IPS1;L_s32;R_a24pr;R_FOP3;L_FOP5;L_11l,L_MIP;R_FOP1;L_FOP3;R_VIP;L_IP2;R_PI;L_LIPd;R_V6A;L_s6-8;R_AIP;L_V3B;R_TPOJ3;L_PFt;R_44;L_2;R_23c;R_5L;R_Pir;R_TPOJ2,0.8830436119683491
457,episodic_first,86;256;159;305;168;201;111;249;125;301;331;84;90,12;325;100;185;98;342;145;323;28;250;140;357;30;208;73;217;234;220;205,L_9a;R_a47r;L_VMV2;R_PHA1;L_FOP5;R_PIT;L_AAIC;R_8BL;L_PHA1;R_PeEc;R_V6A;L_a9-46v;L_11l,L_V3A;R_IP0;L_OP1;R_V4;L_43;R_VVC;L_IP0;R_IP2;L_7Pm;R_9p;L_TPOJ3;R_PI;L_POS1;R_7Pm;L_44;R_23c;R_6mp;R_24dv;R_SFL,0.9030621278830219
458,semantic_first,128;228;178;350;1;202;88;321;154;300;184;82;16,144;180;99;323;115;331;139;218;157;295;48;273;25;227;52;235;285;192;308,L_STSdp;R_VIP;L_a32pr;R_p47r;L_MST;R_MT;L_a10p;R_DVT;L_PHA2;R_ProS;R_V3;L_p9-46v;L_IPS1,L_IP1;R_V1;L_OP4;R_IP2;L_PFt;R_V6A;L_TPOJ2;R_5L;L_V3CD;R_PFt;L_VIP;R_47s;L_SFL;R_LIPv;L_3a;R_6v;R_PoI2;R_V3A;R_STSdp,0.9606696530672122
459,episodic_first,47;260;157;186;11;338;57;321;91;297;215;19;141,48;254;177;269;114;355;38;225;139;357;175;198;50;231;37;234;235;348;308,L_LIPv;R_IFSp;L_V3CD;R_V8;L_55b;R_LO3;L_33pr;R_DVT;L_13l;R_EC;R_5m;L_LO1;L_DVT,L_VIP;R_45;L_PI;R_10pp;L_FOP2;R_STSva;L_5L;R_7PL;L_TPOJ2;R_PI;L_STSva;R_V3B;L_1;R_2;L_23c;R_6mp;R_6v;R_FOP5;R_STSdp,1.0112136298816068
460,semantic_first,107;227;140;305;6;298;116;237;60;299;184;0;156,36;183;104;357;114;251;48;195;139;228;151;225;5;308;147;235;252;192;275,L_FOP4;R_LIPv;L_TPOJ3;R_PHA1;L_V8;R_PreS;L_AIP;R_33pr;L_a24;R_H;R_V3;L_V1;L_FST,L_5mv;R_V2;L_PFcm;R_PI;L_FOP2;R_10d;L_VIP;R_V7;L_TPOJ2;R_VIP;L_V6A;R_7PL;L_V4;R_STSdp;L_PF;R_6v;R_8C;R_V3A;R_6a,0.9313198086372989
461,episodic_first,144;319;139;258;19;186;70;227;159;333;274;90;116,128;358;113;261;98;332;59;250;157;295;175;225;24;224;66;217;296;272;260,L_IP1;R_TPOJ2;L_TPOJ2;R_IFJa;L_LO1;R_V8;L_9p;R_LIPv;L_VMV2;R_VMV3;R_LIPd;L_11l;L_AIP,L_STSdp;R_a32pr;L_FOP3;R_IFSa;L_43;R_VMV1;L_p32pr;R_9p;L_V3CD;R_PFt;L_STSva;R_7PL;L_PSL;R_7Am;L_8Av;R_23c;R_AIP;R_OFC;R_IFSp,0.9287140482491397
462,semantic_first,143;250;58;272;93;298;84;257;164;344;288;75;116,28;294;16;326;167;278;38;309;146;357;83;196;128;224;141;235;229;199;228,L_IP2;R_9p;L_a24pr;R_OFC;L_47s;R_PreS;L_a9-46v;R_6r;L_s32;R_s32;R_MI;L_47l;L_AIP,L_7Pm;R_FOP2;L_IPS1;R_PFop;L_Ig;R_43;L_5L;R_STSvp;L_PFop;R_PI;L_46;R_IPS1;L_STSdp;R_7Am;L_DVT;R_6v;R_MIP;R_LO1;R_VIP,0.8850069893600652
463,episodic_first,66;222;125;350;154;349;17;229;20;334;358;90;78,129;200;3;317;94;274;179;300;97;260;151;251;44;226;95;193;205;192;346,L_8Av;R_SCEF;L_PHA1;R_p47r;L_PHA2;R_p10p;L_FFC;R_MIP;L_LO2;R_PHA2;R_a32pr;L_11l;L_IFJa,L_STSvp;R_LO2;L_V2;R_PH;L_LIPd;R_LIPd;L_p24;R_ProS;L_s6-8;R_IFSp;L_V6A;R_10d;L_7Am;R_7PC;L_6a;R_RSC;R_SFL;R_V3A;R_PoI1,0.9497358821826132
464,semantic_first,136;250;139;272;159;271;42;227;92;359;204;75;116,48;215;24;218;98;349;151;274;140;291;144;288;129;231;51;275;278;239;263,L_PHT;R_9p;L_TPOJ2;R_OFC;L_VMV2;R_13l;L_SCEF;R_LIPv;L_OFC;R_p24;R_PSL;L_47l;L_AIP,L_VIP;R_5m;L_PSL;R_5L;L_43;R_p10p;L_V6A;R_LIPd;L_TPOJ3;R_AAIC;L_IP1;R_MI;L_STSvp;R_2;L_2;R_6a;R_43;R_p32pr;R_46,1.0425002170066782
465,episodic_first,107;288;179;264;21;245;11;256;19;333;207;168;25,143;279;116;295;146;251;140;300;17;326;128;317;43;205;147;233;319;271;221,L_FOP4;R_MI;L_p24;R_a9-46v;L_PIT;R_47m;L_55b;R_a47r;L_LO1;R_VMV3;R_STV;L_FOP5;L_SFL,L_IP2;R_OP4;L_AIP;R_PFt;L_PFop;R_10d;L_TPOJ3;R_ProS;L_FFC;R_PFop;L_STSdp;R_PH;L_6ma;R_SFL;L_PF;R_6d;R_TPOJ2;R_13l;R_7AL,0.8290990291172912
466,semantic_first,52;260;79;264;22;332;69;239;159;301;274;96;156,144;325;4;232;27;198;113;323;70;250;48;225;38;285;36;185;184;197;235,L_3a;R_IFSp;L_IFJp;R_a9-46v;L_MT;R_VMV1;L_8BL;R_p32pr;L_VMV2;R_PeEc;R_LIPd;L_i6-8;L_FST,L_IP1;R_IP0;L_V3;R_3a;L_STV;R_V3B;L_FOP3;R_IP2;L_9p;R_9p;L_VIP;R_7PL;L_5L;R_PoI2;L_5mv;R_V4;R_V3;R_FFC;R_6v,0.9556899535036666
467,episodic_first,83;291;35;239;91;274;141;254;89;269;347;82;16,80;292;76;195;2;286;151;266;59;218;108;355;3;275;49;295;325;350;217,L_46;R_AAIC;L_5m;R_p32pr;L_13l;R_LIPd;L_DVT;R_45;L_10pp;R_10pp;R_Ig;L_p9-46v;L_IPS1,L_IFSp;R_FOP1;L_a47r;R_V7;L_V6;R_TA2;L_V6A;R_9a;L_p32pr;R_5L;L_MI;R_STSva;L_V2;R_6a;L_MIP;R_PFt;R_IP0;R_p47r;R_23c,0.9789533431641926
468,semantic_first,86;261;125;289;84;332;11;196;164;243;320;4;0,77;202;16;286;113;238;138;295;15;357;12;251;148;226;166;187;293;249;235,L_9a;R_IFSa;L_PHA1;R_Pir;L_a9-46v;R_VMV1;L_55b;R_IPS1;L_s32;R_p32;R_TPOJ3;L_V3;L_V1,L_6r;R_MT;L_IPS1;R_TA2;L_FOP3;R_a24pr;L_TPOJ1;R_PFt;L_V7;R_PI;L_V3A;R_10d;L_PFm;R_7PC;L_PoI1;R_4;R_FOP3;R_8BL;R_6v,0.932894843974641
469,episodic_first,141;256;152;251;20;338;110;257;71;245;326;93;0,138;281;99;357;38;358;108;344;105;235;109;198;25;232;144;226;323;202;275,L_DVT;R_a47r;L_VMV1;R_10d;L_LO2;R_LO3;L_AVI;R_6r;L_10d;R_47m;R_PFop;L_47s;L_V1,L_TPOJ1;R_OP2-3;L_OP4;R_PI;L_5L;R_a32pr;L_MI;R_s32;L_PoI2;R_6v;L_Pir;R_V3B;L_SFL;R_3a;L_IP1;R_7PC;R_IP2;R_MT;R_6a,0.9356683690341007
470,semantic_first,96;250;152;201;19;301;91;237;6;243;355;11;115,105;202;169;326;79;198;175;226;94;319;45;278;30;323;43;229;253;289;252,L_i6-8;R_9p;L_VMV1;R_PIT;L_LO1;R_PeEc;L_13l;R_33pr;L_V8;R_p32;R_STSva;L_55b;L_PFt,L_PoI2;R_MT;L_p10p;R_PFop;L_IFJp;R_V3B;L_STSva;R_7PC;L_LIPd;R_TPOJ2;L_7PL;R_43;L_POS1;R_IP2;L_6ma;R_MIP;R_44;R_Pir;R_8C,0.8278286316974234
471,episodic_first,129;235;10;255;61;197;111;316;6;236;349;168;143,12;199;116;260;151;198;79;221;145;326;140;195;36;205;54;230;250;289;257,L_STSvp;R_6v;L_PEF;R_47l;L_d32;R_FFC;L_AAIC;R_PHT;L_V8;R_p24pr;R_p10p;L_FOP5;L_IP2,L_V3A;R_LO1;L_AIP;R_IFSp;L_V6A;R_V3B;L_IFJp;R_7AL;L_IP0;R_PFop;L_TPOJ3;R_V7;L_5mv;R_SFL;L_6mp;R_1;R_9p;R_Pir;R_6r,0.9640017122792948
472,semantic_first,141;185;109;337;65;255;88;239;154;338;184;121;101,44;294;107;295;27;355;138;251;94;319;2;317;129;235;54;229;218;220;228,L_DVT;R_V4;L_Pir;R_V3CD;L_47m;R_47l;L_a10p;R_p32pr;L_PHA2;R_LO3;R_V3;L_PeEc;L_OP2-3,L_7Am;R_FOP2;L_FOP4;R_PFt;L_STV;R_STSva;L_TPOJ1;R_10d;L_LIPd;R_TPOJ2;L_V6;R_PH;L_STSvp;R_6v;L_6mp;R_MIP;R_5L;R_24dv;R_VIP,0.9978920004248848
473,episodic_first,96;190;18;339;11;255;170;325;159;338;317;81;90,12;349;100;319;2;274;138;185;139;309;157;278;137;346;8;231;189;268;296,L_i6-8;R_PEF;L_V3B;R_VMV2;L_55b;R_47l;L_p47r;R_IP0;L_VMV2;R_LO3;R_PH;L_IFSa;L_11l,L_V3A;R_p10p;L_OP1;R_TPOJ2;L_V6;R_LIPd;L_TPOJ1;R_V4;L_TPOJ2;R_STSvp;L_V3CD;R_43;L_PH;R_PoI1;L_3b;R_2;R_FEF;R_a10p;R_AIP,0.9199215827335105
474,semantic_first,52;228;35;220;118;332;4;266;154;359;358;99;16,143;331;78;317;94;269;101;295;139;232;12;218;41;285;148;194;205;348;321,L_3a;R_VIP;L_5m;R_24dv;L_PreS;R_VMV1;L_V3;R_9a;L_PHA2;R_p24;R_a32pr;L_OP4;L_IPS1,L_IP2;R_V6A;L_IFJa;R_PH;L_LIPd;R_10pp;L_OP2-3;R_PFt;L_TPOJ2;R_3a;L_V3A;R_5L;L_7AL;R_PoI2;L_PFm;R_POS2;R_SFL;R_FOP5;R_DVT,0.9513099360367584
475,episodic_first,144;296;139;339;76;331;17;189;153;297;320;96;112,175;292;177;185;2;347;138;269;94;319;151;207;137;233;148;194;256;241;252,L_IP1;R_AIP;L_TPOJ2;R_VMV2;L_a47r;R_V6A;L_FFC;R_FEF;L_VMV3;R_EC;R_TPOJ3;L_i6-8;L_FOP1,L_STSva;R_FOP1;L_PI;R_V4;L_V6;R_Ig;L_TPOJ1;R_10pp;L_LIPd;R_TPOJ2;L_V6A;R_STV;L_PH;R_6d;L_PFm;R_POS2;R_a47r;R_d32;R_8C,0.9449068786751631
476,semantic_first,52;295;63;289;1;337;39;254;154;243;198;19;177,44;215;53;259;145;293;97;300;70;309;94;278;137;232;14;233;288;241;210,L_3a;R_PFt;L_p32;R_Pir;L_MST;R_V3CD;L_24dd;R_45;L_PHA2;R_p32;R_V3B;L_LO1;L_PI,L_7Am;R_5m;L_6d;R_IFJp;L_IP0;R_FOP3;L_s6-8;R_ProS;L_9p;R_STSvp;L_LIPd;R_43;L_PH;R_3a;L_POS2;R_6d;R_MI;R_d32;R_POS1,0.9259242692093965
477,episodic_first,57;237;125;289;164;271;71;266;154;359;358;61;116,28;199;169;295;98;355;59;251;70;319;175;195;166;224;77;229;233;220;257,L_33pr;R_33pr;L_PHA1;R_Pir;L_s32;R_13l;L_10d;R_9a;L_PHA2;R_p24;R_a32pr;L_d32;L_AIP,L_7Pm;R_LO1;L_p10p;R_PFt;L_43;R_STSva;L_p32pr;R_10d;L_9p;R_TPOJ2;L_STSva;R_V7;L_PoI1;R_7Am;L_6r;R_MIP;R_6d;R_24dv;R_6r,0.8820445862151092
478,semantic_first,39;291;151;273;81;339;57;254;91;333;196;116;129,59;320;114;218;80;306;101;342;105;323;146;358;54;257;95;224;205;271;296,L_24dd;R_AAIC;L_V6A;R_47s;L_IFSa;R_VMV2;L_33pr;R_45;L_13l;R_VMV3;R_IPS1;L_AIP;L_STSvp,L_p32pr;R_TPOJ3;L_FOP2;R_5L;L_IFSp;R_PHA3;L_OP2-3;R_VVC;L_PoI2;R_IP2;L_PFop;R_a32pr;L_6mp;R_6r;L_6a;R_7Am;R_SFL;R_13l;R_AIP,1.017575489045392
479,episodic_first,136;277;159;198;75;350;39;321;20;338;278;168;98,59;316;78;309;104;271;143;251;2;225;105;323;47;308;36;232;253;239;227,L_PHT;R_s6-8;L_VMV2;R_V3B;L_47l;R_p47r;L_24dd;R_DVT;L_LO2;R_LO3;R_43;L_FOP5;L_43,L_p32pr;R_PHT;L_IFJa;R_STSvp;L_PFcm;R_13l;L_IP2;R_10d;L_V6;R_7PL;L_PoI2;R_IP2;L_LIPv;R_STSdp;L_5mv;R_3a;R_44;R_p32pr;R_LIPv,0.8970726249170384
480,semantic_first,107;208;15;186;93;337;76;250;60;338;317;6;4,80;316;38;326;169;198;48;302;83;259;45;309;50;185;37;346;188;358;217,L_FOP4;R_7Pm;L_V7;R_V8;L_47s;R_V3CD;L_a47r;R_9p;L_a24;R_LO3;R_PH;L_V8;L_V3,L_IFSp;R_PHT;L_5L;R_PFop;L_p10p;R_V3B;L_VIP;R_STGa;L_46;R_IFJp;L_7PL;R_STSvp;L_1;R_V4;L_23c;R_PoI1;R_3b;R_a32pr;R_23c,1.041743828030011
481,episodic_first,166;266;179;359;89;337;71;227;92;301;215;118;115,175;202;47;309;157;269;15;302;45;225;49;196;53;308;54;233;321;192;187,L_PoI1;R_9a;L_p24;R_p24;L_10pp;R_V3CD;L_10d;R_LIPv;L_OFC;R_PeEc;R_5m;L_PreS;L_PFt,L_STSva;R_MT;L_LIPv;R_STSvp;L_V3CD;R_10pp;L_V7;R_STGa;L_7PL;R_7PL;L_MIP;R_IPS1;L_6d;R_STSdp;L_6mp;R_6d;R_DVT;R_V3A;R_4,0.9404169270454192
482,semantic_first,17;228;151;239;88;264;96;256;155;243;347;20;74,2;280;5;235;94;271;18;221;28;208;45;218;43;285;50;224;234;201;189,L_FFC;R_VIP;L_V6A;R_p32pr;L_a10p;R_a9-46v;L_i6-8;R_a47r;L_V4t;R_p32;R_Ig;L_LO2;L_45,L_V6;R_OP1;L_V4;R_6v;L_LIPd;R_13l;L_V3B;R_7AL;L_7Pm;R_7Pm;L_7PL;R_5L;L_6ma;R_PoI2;L_1;R_7Am;R_6mp;R_PIT;R_FEF,0.9545521105629391
483,episodic_first,72;196;157;197;153;245;170;223;6;269;254;20;99,48;347;100;295;5;300;94;306;55;274;79;355;25;185;51;224;257;241;288,L_8C;R_IPS1;L_V3CD;R_FFC;L_VMV3;R_47m;L_p47r;R_6ma;L_V8;R_10pp;R_45;L_LO2;L_OP4,L_VIP;R_Ig;L_OP1;R_PFt;L_V4;R_ProS;L_LIPd;R_PHA3;L_6v;R_LIPd;L_IFJp;R_STSva;L_SFL;R_V4;L_2;R_7Am;R_6r;R_d32;R_MI,1.0085318766251434
484,semantic_first,141;260;165;264;22;251;110;293;164;298;274;71;25,55;337;4;300;128;278;108;207;158;326;140;273;24;285;44;275;317;192;266,L_DVT;R_IFSp;L_pOFC;R_a9-46v;L_MT;R_10d;L_AVI;R_FOP3;L_s32;R_PreS;R_LIPd;L_10d;L_SFL,L_6v;R_V3CD;L_V3;R_ProS;L_STSdp;R_43;L_MI;R_STV;L_LO3;R_PFop;L_TPOJ3;R_47s;L_PSL;R_PoI2;L_7Am;R_6a;R_PH;R_V3A;R_9a,0.9476689091710786
485,episodic_first,83;237;15;201;76;298;82;220;88;245;207;93;5,36;292;99;195;24;251;94;331;12;317;2;355;166;218;43;231;221;264;228,L_46;R_33pr;L_V7;R_PIT;L_a47r;R_PreS;L_p9-46v;R_24dv;L_a10p;R_47m;R_STV;L_47s;L_V4,L_5mv;R_FOP1;L_OP4;R_V7;L_PSL;R_10d;L_LIPd;R_V6A;L_V3A;R_PH;L_V6;R_STSva;L_PoI1;R_5L;L_6ma;R_2;R_7AL;R_a9-46v;R_VIP,0.834099420645416
486,semantic_first,66;260;179;238;154;271;67;189;125;251;355;84;156,77;254;115;309;145;317;79;232;139;217;138;273;137;253;141;194;208;181;275,L_8Av;R_IFSp;L_p24;R_a24pr;L_PHA2;R_13l;L_8Ad;R_FEF;L_PHA1;R_10d;R_STSva;L_a9-46v;L_FST,L_6r;R_45;L_PFt;R_STSvp;L_IP0;R_PH;L_IFJp;R_3a;L_TPOJ2;R_23c;L_TPOJ1;R_47s;L_PH;R_44;L_DVT;R_POS2;R_7Pm;R_MST;R_6a,0.9069260656468074
487,episodic_first,39;296;164;201;118;255;107;256;88;269;204;92;137,73;254;104;300;2;320;18;208;151;228;49;250;156;231;141;194;205;241;257,L_24dd;R_AIP;L_s32;R_PIT;L_PreS;R_47l;L_FOP4;R_a47r;L_a10p;R_10pp;R_PSL;L_OFC;L_PH,L_44;R_45;L_PFcm;R_ProS;L_V6;R_TPOJ3;L_V3B;R_7Pm;L_V6A;R_VIP;L_MIP;R_9p;L_FST;R_2;L_DVT;R_POS2;R_SFL;R_d32;R_6r,0.8537745856868437
488,semantic_first,70;221;97;239;91;198;81;205;6;190;278;11;99,105;284;90;260;38;300;27;309;59;250;139;274;74;296;66;328;288;202;234,L_9p;R_7AL;L_s6-8;R_p32pr;L_13l;R_V3B;L_IFSa;R_SFL;L_V8;R_PEF;R_43;L_55b;L_OP4,L_PoI2;R_PFcm;L_11l;R_IFSp;L_5L;R_ProS;L_STV;R_STSvp;L_p32pr;R_9p;L_TPOJ2;R_LIPd;L_45;R_AIP;L_8Av;R_PFm;R_MI;R_MT;R_6mp,0.9312109447018562
489,episodic_first,47;259;63;268;65;274;111;196;92;333;278;75;98,128;181;16;319;146;347;12;357;158;260;28;326;24;346;66;221;296;254;234,L_LIPv;R_IFJp;L_p32;R_a10p;L_47m;R_LIPd;L_AAIC;R_IPS1;L_OFC;R_VMV3;R_43;L_47l;L_43,L_STSdp;R_MST;L_IPS1;R_TPOJ2;L_PFop;R_Ig;L_V3A;R_PI;L_LO3;R_IFSp;L_7Pm;R_PFop;L_PSL;R_PoI1;L_8Av;R_7AL;R_AIP;R_45;R_6mp,0.9633088342537641
490,semantic_first,43;275;158;272;89;359;96;249;58;332;250;118;177,27;192;53;218;113;198;79;286;94;232;18;358;74;319;37;323;227;271;187,L_6ma;R_6a;L_LO3;R_OFC;L_10pp;R_p24;L_i6-8;R_8BL;L_a24pr;R_VMV1;R_9p;L_PreS;L_PI,L_STV;R_V3A;L_6d;R_5L;L_FOP3;R_V3B;L_IFJp;R_TA2;L_LIPd;R_3a;L_V3B;R_a32pr;L_45;R_TPOJ2;L_23c;R_IP2;R_LIPv;R_13l;R_4,0.9717201619352916
491,episodic_first,73;266;179;273;61;200;111;239;153;333;320;22;129,144;219;53;228;79;357;146;331;97;225;2;215;48;221;43;308;208;249;232,L_44;R_9a;L_p24;R_47s;L_d32;R_LO2;L_AAIC;R_p32pr;L_VMV3;R_VMV3;R_TPOJ3;L_MT;L_STSvp,L_IP1;R_24dd;L_6d;R_VIP;L_IFJp;R_PI;L_PFop;R_V6A;L_s6-8;R_7PL;L_V6;R_5m;L_VIP;R_7AL;L_6ma;R_STSdp;R_7Pm;R_8BL;R_3a,0.9478033730057984
492,semantic_first,96;291;63;220;75;272;39;293;1;334;331;4;78,48;336;16;259;94;306;179;225;157;185;146;251;25;217;30;323;229;264;187,L_i6-8;R_AAIC;L_p32;R_24dv;L_47l;R_OFC;L_24dd;R_FOP3;L_MST;R_PHA2;R_V6A;L_V3;L_IFJa,L_VIP;R_FST;L_IPS1;R_IFJp;L_LIPd;R_PHA3;L_p24;R_7PL;L_V3CD;R_V4;L_PFop;R_10d;L_SFL;R_23c;L_POS1;R_IP2;R_MIP;R_a9-46v;R_4,0.8709374746075966
493,episodic_first,70;228;139;258;164;301;40;196;153;236;266;81;100,105;292;91;218;38;269;2;251;94;317;175;357;50;226;51;275;235;249;263,L_9p;R_VIP;L_TPOJ2;R_IFJa;L_s32;R_PeEc;L_24dv;R_IPS1;L_VMV3;R_p24pr;R_9a;L_IFSa;L_OP1,L_PoI2;R_FOP1;L_13l;R_5L;L_5L;R_10pp;L_V6;R_10d;L_LIPd;R_PH;L_STSva;R_PI;L_1;R_7PC;L_2;R_6a;R_6v;R_8BL;R_46,1.0281119884038066
494,semantic_first,129;260;179;258;121;190;85;223;10;301;320;20;53,12;331;99;207;38;225;169;218;146;357;128;185;156;327;147;193;253;272;205,L_STSvp;R_IFSp;L_p24;R_IFJa;L_PeEc;R_PEF;L_9-46d;R_6ma;L_PEF;R_PeEc;R_TPOJ3;L_LO2;L_6d,L_V3A;R_V6A;L_OP4;R_STV;L_5L;R_7PL;L_p10p;R_5L;L_PFop;R_PI;L_STSdp;R_V4;L_FST;R_PF;L_PF;R_RSC;R_44;R_OFC;R_SFL,0.9714028386996734
495,episodic_first,166;317;79;349;6;268;11;205;60;245;215;75;53,9;202;3;228;101;300;59;302;94;326;138;278;30;275;107;328;266;289;257,L_PoI1;R_PH;L_IFJp;R_p10p;L_V8;R_a10p;L_55b;R_SFL;L_a24;R_47m;R_5m;L_47l;L_6d,L_FEF;R_MT;L_V2;R_VIP;L_OP2-3;R_ProS;L_p32pr;R_STGa;L_LIPd;R_PFop;L_TPOJ1;R_43;L_POS1;R_6a;L_FOP4;R_PFm;R_9a;R_Pir;R_6r,0.9080082728480661
496,semantic_first,128;295;140;305;19;332;70;227;155;301;198;82;78,37;287;3;319;101;339;18;226;45;195;175;218;156;328;54;257;233;350;235,L_STSdp;R_PFt;L_TPOJ3;R_PHA1;L_LO1;R_VMV1;L_9p;R_LIPv;L_V4t;R_PeEc;R_V3B;L_p9-46v;L_IFJa,L_23c;R_FOP4;L_V2;R_TPOJ2;L_OP2-3;R_VMV2;L_V3B;R_7PC;L_7PL;R_V7;L_STSva;R_5L;L_FST;R_PFm;L_6mp;R_6r;R_6d;R_p47r;R_6v,0.9557155130839644
497,episodic_first,52;190;109;201;82;200;96;237;93;306;355;69;38,12;219;156;207;108;245;146;295;175;300;86;250;107;327;3;231;205;336;253,L_3a;R_PEF;L_Pir;R_PIT;L_p9-46v;R_LO2;L_i6-8;R_33pr;L_47s;R_PHA3;R_STSva;L_8BL;L_5L,L_V3A;R_24dd;L_FST;R_STV;L_MI;R_47m;L_PFop;R_PFt;L_STSva;R_ProS;L_9a;R_9p;L_FOP4;R_PF;L_V2;R_2;R_SFL;R_FST;R_44,0.894530747687897
498,semantic_first,136;252;164;305;61;289;57;230;118;306;251;91;115,145;337;16;250;2;274;80;269;86;319;55;225;24;232;44;228;253;192;223,L_PHT;R_8C;L_s32;R_PHA1;L_d32;R_Pir;L_33pr;R_1;L_PreS;R_PHA3;R_10d;L_13l;L_PFt,L_IP0;R_V3CD;L_IPS1;R_9p;L_V6;R_LIPd;L_IFSp;R_10pp;L_9a;R_TPOJ2;L_6v;R_7PL;L_PSL;R_3a;L_7Am;R_VIP;R_44;R_V3A;R_6ma,0.937691537590156
499,episodic_first,28;221;125;339;20;338;111;227;88;245;316;19;78,27;289;91;232;156;349;94;342;167;228;97;288;38;346;49;233;321;200;189,L_7Pm;R_7AL;L_PHA1;R_VMV2;L_LO2;R_LO3;L_AAIC;R_LIPv;L_a10p;R_47m;R_PHT;L_LO1;L_IFJa,L_STV;R_Pir;L_13l;R_3a;L_FST;R_p10p;L_LIPd;R_VVC;L_Ig;R_VIP;L_s6-8;R_MI;L_5L;R_PoI1;L_MIP;R_6d;R_DVT;R_LO2;R_FEF,0.9818603135206091
