scope,variant,condition,severity,seed,probe,global_coupling,input_peak_per_ms,dt_ms,b_signature,network,network_response,transfer,segment_transfer_1,segment_transfer_2,segment_transfer_3,segment_transfer_4,segment_transfer_5,segment_locked_transfer_1,segment_locked_transfer_2,segment_locked_transfer_3,segment_locked_transfer_4,segment_locked_transfer_5,target_response_coverage,transfer_first_half,transfer_second_half,transfer_split_abs_log2,transfer_nonstationary_flag,transfer_log2_slope_per_s,locked_transfer_segment_median,evoked_fc_z,evoked_fc_first_half_z,evoked_fc_second_half_z,evoked_fc_split_abs_z,fc_valid_fraction,relative_latency_raw_ms,relative_latency_ms,latency_valid_fraction,median_pulse_tail_energy_fraction,median_target_fit_r_squared,median_target_snr_db,median_target_phase_consistency,target_frequency_qa_valid_fraction,a1_snr_db_min,a1_phase_consistency_min
parameter_G30,G30,"Baseline, G30",0.0,11,2Hz,30.0,0.02,0.5,512a8299eaef29ce,semantic_expanded,5.725322353996004e-06,0.0001377653279411797,0.00013870108772493344,0.0001379420271527135,0.00013794131039542197,0.0001379412710049361,0.0001379412708131819,0.0001377157924032758,0.00013760273473326822,0.00013760208402045313,0.00013760204516529578,0.0001376020449804903,1.0,0.00013795857195546458,0.00013764942108895371,0.003236557867101352,False,-0.0007928892732349092,0.00013760208402045313,2.138174294563405,2.1102315141844263,2.169064611101196,0.058833096916769634,1.0,,,,,0.9985127623254307,31.63020573678945,0.9999949543241136,1.0,31.540683223892145,0.9999999999998924
parameter_G30,G30,"Baseline, G30",0.0,11,2Hz,30.0,0.02,0.5,512a8299eaef29ce,episodic_expanded,1.143128929800188e-05,0.0002756275979953909,0.0002766240262412551,0.0002761774437707928,0.000276176973607211,0.0002761769277209767,0.00027617692754919505,0.00027564446436379017,0.0002755217992848077,0.0002755213226322877,0.00027552127656174945,0.00027552127639471536,1.0,0.0002757962964610859,0.00027561213314940985,0.0009636831505658463,False,-0.00023350168058362543,0.0002755213226322877,2.2156319239958235,2.2078884893088087,2.219691732660383,0.011803243351574455,1.0,,,,,0.999584796254844,31.598781401252076,0.9999988048474531,1.0,31.540683223892145,0.9999999999998924
parameter_G30,G30,"Baseline, G30",0.0,11,2Hz,30.0,0.02,0.5,512a8299eaef29ce,semantic_anatomical_core,5.039836897440438e-06,0.00012138666649787851,0.0001223430526159983,0.00012151039359362343,0.00012150972636774345,0.00012150968732072058,0.00012150968709981727,0.00012132208113260781,0.00012120983442485202,0.00012120922943296445,0.00012120919108784745,0.00012120919087663447,1.0,0.00012158997275451414,0.00012125122805354111,0.0040248987039362815,False,-0.0009865037344307659,0.00012120922943296445,2.1221506258002005,2.0893508195732995,2.160303333156967,0.07095251358366772,1.0,,,,,0.9984376447023953,31.631030775892974,0.9999933625729414,1.0,31.540683223892145,0.9999999999998924
parameter_G30,G30,"Baseline, G30",0.0,11,2Hz,30.0,0.02,0.5,512a8299eaef29ce,episodic_anatomical_core,1.2013650094627898e-05,0.00028911474887838463,0.00029011296019723295,0.0002897013253425895,0.00028970084498536054,0.0002897007942756519,0.00028970079410463453,0.0002891354650768512,0.0002890152123657311,0.0002890147254915265,0.0002890146744968563,0.00028901467433130036,1.0,0.0002892802484273389,0.0002891097061620141,0.0008507771811185204,False,-0.0002052429524269428,0.0002890147254915265,2.2185223478826233,2.2116094823783436,2.2217239808086644,0.01011449843032075,1.0,,,,,0.9995899608278391,31.59791249565914,0.9999988908105969,1.0,31.540683223892145,0.9999999999998924
parameter_G30,G30,"Baseline, G30",0.0,11,2Hz,30.0,0.02,0.5,512a8299eaef29ce,semantic_platel_peaks,6.271948603834853e-06,0.00015084778131980065,0.00015177429986204665,0.0001510686662453005,0.00015106784293778677,0.00015106780094935717,0.00015106780079019618,0.00015081145490733144,0.00015069634701507723,0.00015069558714871464,0.00015069554505939083,0.00015069554490123265,1.0,0.00015103385805293747,0.00015074750896753778,0.0027378398708257624,False,-0.0006735458452313382,0.00015069558714871464,2.160058572491691,2.138279016996685,2.179489245813069,0.04121022881638359,1.0,,,,,0.9985127623254307,31.63020573678945,0.999991770821769,1.0,31.540683223892145,0.9999999999998924
parameter_G30,G30,"Baseline, G30",0.0,11,2Hz,30.0,0.02,0.5,512a8299eaef29ce,episodic_platel_peaks,1.0493678670331751e-05,0.00025287740715748404,0.0002539436752531929,0.0002533469506679429,0.00025334630884309145,0.0002533462635914091,0.0002533462634221142,0.00025288001263715654,0.00025274356344978633,0.0002527429096545152,0.0002527428643850948,0.0002527428642153932,1.0,0.00025306929976442354,0.0002528265314818152,0.00138463534449857,False,-0.0003399947932718917,0.0002527429096545152,2.2094816560403983,2.1987670832662785,2.216619959406332,0.017852876140053375,1.0,,,,,0.9991387213188871,31.610506489536718,0.9999984958981825,1.0,31.540683223892145,0.9999999999998924
parameter_G30,G30,"Baseline, G30",0.0,11,2Hz,30.0,0.02,0.5,512a8299eaef29ce,semantic_expanded_left,5.786432183293197e-06,0.00013929632915031756,0.00014033387396750934,0.00013945164269293784,0.00013945090067313395,0.0001394508658585642,0.00013945086564760883,0.00013922261015363382,0.000139107777428865,0.0001391071427161496,0.00013910710875527418,0.00013910710855387612,1.0,0.00013951499217656563,0.0001391551877156234,0.003725467864147558,False,-0.000911041892908937,0.0001391071427161496,2.1021864475202614,2.0657199369651242,2.1472992937847044,0.08157935681958017,1.0,,,,,0.9985127623254307,31.63020573678945,0.9999949543241136,1.0,31.540683223892145,0.9999999999998924
parameter_G30,G30,"Baseline, G30",0.0,11,2Hz,30.0,0.02,0.5,512a8299eaef29ce,episodic_expanded_left,1.1524513272665019e-05,0.0002774287062002206,0.00027842129205342604,0.0002779852435856407,0.00027798497498930256,0.00027798493582502484,0.0002779849356225652,0.00027744895543363316,0.00027732465421411774,0.0002773243726847123,0.0002773243340309471,0.0002773243338371999,1.0,0.0002775958069562364,0.0002774159395058959,0.0009350933177986392,False,-0.00022636395247674912,0.0002773243726847123,2.2152794074471718,2.2078916217823314,2.218966311703014,0.011074689920682612,1.0,,,,,0.9995853650363238,31.598200483111405,0.9999988543633042,1.0,31.540683223892145,0.9999999999998924
parameter_G30,G30,"Baseline, G30",0.0,11,2Hz,30.0,0.02,0.5,512a8299eaef29ce,semantic_expanded_right,5.65402755314928e-06,0.00013625115391418423,0.00013708729896912657,0.00013644875375830602,0.00013644806180353322,0.00013644801794028197,0.00013644801776733798,0.00013622528306525344,0.00013611397548031904,0.00013611330918792306,0.00013611326554836624,0.00013611326537981767,1.0,0.00013641951505759397,0.00013615994802036965,0.0027476478700576464,False,-0.0006747366535608812,0.00013611330918792306,2.174162141606549,2.154743091403729,2.1908299284176875,0.03608683701395865,1.0,,,,,0.9985159936066219,31.62430570854348,0.9999938768010765,1.0,31.540683223892145,0.9999999999998924
parameter_G30,G30,"Baseline, G30",0.0,11,2Hz,30.0,0.02,0.5,512a8299eaef29ce,episodic_expanded_right,1.1363490043701418e-05,0.0002738381828514913,0.00027483836214379424,0.0002743814004798822,0.00027438073138223853,0.0002743806788631436,0.00027438067872164856,0.00027385170946363663,0.0002737306645031535,0.0002737299952765014,0.000273729941887266,0.0002737299417466064,1.0,0.0002740084512646941,0.0002738200554534241,0.0009922729833332707,False,-0.0002406394086904129,0.0002737299952765014,2.2159844405444753,2.207885356835286,2.2204171536177526,0.012531796782466742,1.0,,,,,0.9994381588557347,31.60432568425904,0.9999986860163591,1.0,31.540683223892145,0.9999999999998924
parameter_G30,G30,"Baseline, G30",0.0,11,2Hz,30.0,0.02,0.5,512a8299eaef29ce,shared_auditory_relay,2.074270612760598e-05,0.0004995418449105633,0.0005008955640553777,0.0005006177111126487,0.0005006170541078318,0.0005006170147849221,0.0005006170146248113,0.0004995749254740637,0.0004994602393845651,0.0004994595788305958,0.0004994595396457383,0.0004994595394889589,1.0,0.0004997373148132137,0.0004996190731304925,0.0003413931048867172,False,-8.03513275257295e-05,0.0004994595788305958,2.2425214814303573,2.2388467569893447,2.2424303502963454,0.003583593307000754,1.0,,,,,0.9998664481061668,31.585741535841436,0.9999997215857646,1.0,31.540683223892145,0.9999999999998924
parameter_G30,G30,"Baseline, G30",0.0,11,2Hz,30.0,0.02,0.5,512a8299eaef29ce,anterior_temporal_context,8.720538481181663e-06,0.00020986426424390698,0.00021085428090744199,0.00021023453083263575,0.00021023360561539813,0.00021023357356688368,0.00021023357346647346,0.00020984916903230108,0.00020972699986284885,0.00020972611758289132,0.000209726085315789,0.0002097260852125741,1.0,0.00021004983010881775,0.00020979661746816232,0.0017402012919942283,False,-0.000425651666406246,0.00020972611758289132,2.1751159299808043,2.158101153264545,2.189995776331907,0.031894623067362016,1.0,,,,,0.9993257550199923,31.60600924489489,0.9999982681660174,1.0,31.540683223892145,0.9999999999998924
parameter_G30,G30,"Baseline, G30",0.0,11,2Hz,30.0,0.02,0.5,512a8299eaef29ce,hippocampal_context,1.2084674414977836e-05,0.00028902823413569866,0.0002901969671903387,0.00028957496309057026,0.0002895745340685766,0.0002895744722244738,0.00028957447211181006,0.00028903477379669184,0.0002888885864927259,0.0002888881362817731,0.00028888807525210896,0.00028888807513470114,1.0,0.0002892345805658944,0.00028898320932703355,0.0012543787787648497,False,-0.0003099239846248381,0.0002888881362817731,2.2188684442417643,2.2099227984412635,2.224164745272012,0.014241946830748642,1.0,,,,,0.9993545025372155,31.600817860142367,0.9999994300798387,1.0,31.540683223892145,0.9999999999998924
parameter_G30,G30,"Baseline, G30",0.0,11,2Hz,30.0,0.02,0.5,512a8299eaef29ce,angular_parietal_context,1.0485228259290178e-05,0.0002525391173768928,0.00025363219400539617,0.00025300694078099733,0.0002530064400487247,0.0002530063871782206,0.0002530063870587658,0.0002525422484892197,0.0002523997115782092,0.0002523991940621887,0.0002523991417230174,0.0002523991416026975,1.0,0.00025273688795714085,0.0002524834798176679,0.001447252407528262,False,-0.0003565653721704365,0.0002523991940621887,2.203879744220628,2.1932957654356073,2.210878059771974,0.01758229433636682,1.0,,,,,0.999173627627397,31.609079651970504,0.9999987070866516,1.0,31.540683223892145,0.9999999999998924
parameter_G30,G30,"Baseline, G30",0.0,11,5Hz,30.0,0.02,0.5,512a8299eaef29ce,semantic_expanded,1.0309588875738141e-05,0.00018634618485167045,0.00018698322317927337,0.0001865153290020155,0.00018651493032180373,0.00018651493947675134,0.0001865149387992046,0.0001863834241215093,0.00018621613454346383,0.0001862157165780716,0.0001862157295619958,0.00018621572885760312,1.0,0.00018647286706844227,0.00018628470534838167,0.0014564962515078335,False,-0.00036191516380945643,0.0001862157295619958,1.3187863757934264,1.3171294406210885,1.3203649274626423,0.0032354868415538363,1.0,,,,,0.9991441057549216,31.957436881981888,0.9999943685095004,1.0,31.883315927553376,0.9999999999966945
parameter_G30,G30,"Baseline, G30",0.0,11,5Hz,30.0,0.02,0.5,512a8299eaef29ce,episodic_expanded,2.047257345241925e-05,0.0003708401701024109,0.00037160236259029363,0.0003712821450452017,0.0003712822363883038,0.0003712823215345827,0.0003712823204681638,0.0003708884203954454,0.0003707137249865024,0.0003707137912697275,0.00037071388917095735,0.0003707138880705303,1.0,0.0003709671404363204,0.00037083920346321256,0.0004976340253677028,False,-0.0001242711975320887,0.0003707138880705303,1.3836122622710736,1.3833816633229308,1.3836961240736156,0.000314460750684864,1.0,,,,,0.9995673826684768,31.927233645980508,0.9999981331147334,1.0,31.883315927553376,0.9999999999966945
parameter_G30,G30,"Baseline, G30",0.0,11,5Hz,30.0,0.02,0.5,512a8299eaef29ce,semantic_anatomical_core,9.082241156420188e-06,0.00016432893185746957,0.00016496214327561164,0.00016446146031762982,0.00016446117528364727,0.00016446117352455556,0.00016446117309458662,0.00016436026536830275,0.00016419557305430243,0.0001641952791285105,0.00016419527971178193,0.0001641952792643456,1.0,0.00016445845839554115,0.00016425710464424364,0.0017674374289261255,False,-0.0004389215391945811,0.00016419527971178193,1.3078634230440347,1.3058165604507035,1.3098535344256805,0.004036973974977043,1.0,,,,,0.9991136693626113,31.961633154347368,0.9999942208331363,1.0,31.883315927553376,0.9999999999966945
parameter_G30,G30,"Baseline, G30",0.0,11,5Hz,30.0,0.02,0.5,512a8299eaef29ce,episodic_anatomical_core,2.150395085153972e-05,0.0003887721508104146,0.00038954404722520353,0.00038924069329636916,0.00038924071690652927,0.00038924081533874217,0.00038924081420360775,0.00038882071087514034,0.0003886469030167371,0.0003886468957084599,0.00038864700844454676,0.00038864700727353415,1.0,0.00038889867255987334,0.00038877739682700575,0.0004499660120558001,False,-0.00011232491821360213,0.00038864700727353415,1.386373277148755,1.386180217053367,1.3864184683527254,0.00023825129935839406,1.0,,,,,0.9995749336690355,31.926131093630755,0.9999983421049485,1.0,31.883315927553376,0.9999999999966945
parameter_G30,G30,"Baseline, G30",0.0,11,5Hz,30.0,0.02,0.5,512a8299eaef29ce,semantic_platel_peaks,1.1298929168106818e-05,0.00020415387812485744,0.0002047998273055587,0.00020435348311485682,0.00020435288067307075,0.0002043529343298368,0.00020435293330473386,0.00020419539908140923,0.0002040249815373261,0.00020402433382603506,0.00020402439680788963,0.00020402439574182283,1.0,0.00020427939029968463,0.00020410011319345307,0.0012666757587385087,False,-0.0003153483854050343,0.00020402439680788963,1.3308234730406756,1.329781559295647,1.331741025700564,0.001959466404916954,1.0,,,,,0.9991441057549216,31.96582942671285,0.9999953744376205,1.0,31.883315927553376,0.9999999999966945
parameter_G30,G30,"Baseline, G30",0.0,11,5Hz,30.0,0.02,0.5,512a8299eaef29ce,episodic_platel_peaks,1.8829711125874683e-05,0.000340879570472024,0.00034165833860156074,0.0003412684232941314,0.0003412687477997633,0.0003412688178241596,0.00034126881704487055,0.0003409198765136648,0.00034074216499650767,0.0003407424694470284,0.0003407425514181947,0.00034074255061410243,1.0,0.0003410153955006733,0.0003408600707463432,0.000657264464751764,False,-0.000164490786056426,0.00034074255061410243,1.3791723192558827,1.3788105281618153,1.3793906352978684,0.0005801071360531651,1.0,,,,,0.9993884165393334,31.933477187965682,0.9999964976266424,1.0,31.883315927553376,0.9999999999966945
parameter_G30,G30,"Baseline, G30",0.0,11,5Hz,30.0,0.02,0.5,512a8299eaef29ce,semantic_expanded_left,1.0426379007683766e-05,0.0001885473373147616,0.00018923192531951517,0.0001887089024147349,0.00018870821902974906,0.00018870821211543489,0.00018870821110009647,0.0001885717414363161,0.0001884049178268047,0.0001884042176602161,0.00018840421187912528,0.0001884042108226061,1.0,0.00018868572635910515,0.00018847487304670752,0.0016130903404106738,False,-0.00040009459365908384,0.0001884042176602161,1.292344694282969,1.2899303183401363,1.2947330132610426,0.004802694920906347,1.0,,,,,0.9991441057549216,31.957436881981888,0.9999943685095004,1.0,31.883315927553376,0.9999999999966945
parameter_G30,G30,"Baseline, G30",0.0,11,5Hz,30.0,0.02,0.5,512a8299eaef29ce,episodic_expanded_left,2.0646883315990334e-05,0.00037337170173937185,0.00037413443625501235,0.0003738184374679286,0.0003738187661678795,0.0003738188052855727,0.0003738188038526961,0.0003734217747300143,0.00037324510861188345,0.0003732454296468313,0.0003732454762733235,0.00037324547479369624,1.0,0.0003734982601066083,0.0003733721450535076,0.00048722124256629016,False,-0.00012169100090861918,0.00037324547479369624,1.3826996495608561,1.3824876382026692,1.3827646251859993,0.0002769869833301186,1.0,,,,,0.9995693210096319,31.926581496510614,0.9999981950417911,1.0,31.883315927553376,0.9999999999966945
parameter_G30,G30,"Baseline, G30",0.0,11,5Hz,30.0,0.02,0.5,512a8299eaef29ce,semantic_expanded_right,1.0173333721801577e-05,0.00018417072923603825,0.0001847612430697195,0.00018434725393227526,0.0001843471334307024,0.00018434715828231183,0.00018434715793484222,0.00018422050155903256,0.00018405277932387394,0.00018405263709766204,0.00018405266841143517,0.00018405266805113067,1.0,0.000184285959641414,0.00018411998844075934,0.001299902162604715,False,-0.0003237357339597402,0.00018405266841143517,1.345228057303884,1.3443285629020407,1.345996841664242,0.001668278762201325,1.0,,,,,0.9991394503086772,31.955566626834155,0.999994444390957,1.0,31.883315927553376,0.9999999999966945
parameter_G30,G30,"Baseline, G30",0.0,11,5Hz,30.0,0.02,0.5,512a8299eaef29ce,episodic_expanded_right,2.0345802642549375e-05,0.0003683258027347265,0.0003690874255385736,0.000368763060920966,0.0003687629181130852,0.00036876304866150487,0.00036876304795663647,0.00036837225275061666,0.00036819950944426834,0.0003681993244166758,0.0003681994728949358,0.00036819947216863274,1.0,0.0003684531736351877,0.00036832344524662385,0.000508046808167595,False,-0.00012685139415555824,0.0003681994728949358,1.3845248749812913,1.3842756884431926,1.384627622961232,0.00035193451803938736,1.0,,,,,0.9995097842170029,31.9318985412828,0.9999978509487459,1.0,31.883315927553376,0.9999999999966945
parameter_G30,G30,"Baseline, G30",0.0,11,5Hz,30.0,0.02,0.5,512a8299eaef29ce,shared_auditory_relay,3.6966042704013236e-05,0.0006687690117322538,0.0006698434019839827,0.0006696115482822104,0.0006696109591974676,0.0006696110090835364,0.0006696110074165397,0.0006687880401967005,0.0006686230864918698,0.0006686224348648816,0.000668622493216016,0.0006686224915040276,1.0,0.0006689262754240294,0.0006688330277903507,0.00020112422104272864,False,-5.011943787733842e-05,0.000668622493216016,1.413973178752311,1.4139048032943964,1.413884897351859,1.9905942537423726e-05,1.0,,,,,0.999707378830812,31.913729169258577,0.9999994613232487,1.0,31.883315927553376,0.9999999999966945
parameter_G30,G30,"Baseline, G30",0.0,11,5Hz,30.0,0.02,0.5,512a8299eaef29ce,anterior_temporal_context,1.5671237646365283e-05,0.00028331746738953387,0.0002840321383943027,0.0002836300799477126,0.0002836295542328004,0.00028362959029459123,0.00028362958913785805,0.0002833594966974532,0.0002831855330409164,0.00028318494623108054,0.00028318499055536903,0.0002831849893557204,1.0,0.00028344705897326083,0.00028328561478021776,0.0008219562900486577,False,-0.00020473790835655594,0.00028318499055536903,1.3456308239769292,1.3448516612826902,1.3462835008538754,0.0014318395711852006,1.0,,,,,0.9994525728241905,31.93228415119591,0.9999969834574993,1.0,31.883315927553376,0.9999999999966945
parameter_G30,G30,"Baseline, G30",0.0,11,5Hz,30.0,0.02,0.5,512a8299eaef29ce,hippocampal_context,2.1701897987603223e-05,0.00039005010699801046,0.00039088746304875675,0.0003905060202654039,0.0003905066547164934,0.0003905066854772998,0.00039050668479347013,0.0003900676000256471,0.00038990509804486657,0.00038990571531781075,0.00038990575815087695,0.00038990575744514156,1.0,0.00039019211169412143,0.00039004086328132503,0.0005593338010964985,False,-0.00014048399575896652,0.00038990575744514156,1.3890426128885034,1.3887973513044447,1.3891422784154486,0.00034492711100386764,1.0,,,,,0.9994685071583078,31.922316580868248,0.9999969491950473,1.0,31.883315927553376,0.9999999999966945
parameter_G30,G30,"Baseline, G30",0.0,11,5Hz,30.0,0.02,0.5,512a8299eaef29ce,angular_parietal_context,1.8858334487747892e-05,0.00034120939324057577,0.00034199914507855583,0.0003416008009971412,0.00034160121545780765,0.0003416012405768439,0.0003416012391465134,0.000341243564527608,0.0003410675862637029,0.00034106796517789986,0.00034106799948397987,0.00034106799800095105,1.0,0.00034134736168748333,0.00034118885721579073,0.0006700702850549704,False,-0.00016785821610429963,0.00034106799800095105,1.3717475103357861,1.371408570126036,1.3719458018529618,0.0005372317269258797,1.0,,,,,0.9993899172357984,31.930899880561913,0.999996586686623,1.0,31.883315927553376,0.9999999999966945
parameter_G30,G30,"Baseline, G30",0.0,23,2Hz,30.0,0.02,0.5,512a8299eaef29ce,semantic_expanded,5.72533362794717e-06,0.0001377655861148182,0.00013870246077651085,0.00013794203698238658,0.0001379413153217596,0.00013794127101265683,0.00013794127081314563,0.0001377157151941847,0.0001376027455766542,0.00013760208849806572,0.00013760204517298066,0.0001376020449804837,1.0,0.00013795909498239063,0.00013764942105661717,0.0032420277242329355,False,-0.0007943225777674812,0.00013760208849806572,2.138095176127265,2.110110942187638,2.169064613657122,0.05895367146948427,1.0,,,,,0.9985034155935558,31.630064180204393,0.9999950227473076,1.0,31.54068318212458,0.999999999999876
parameter_G30,G30,"Baseline, G30",0.0,23,2Hz,30.0,0.02,0.5,512a8299eaef29ce,episodic_expanded,1.1431285607602187e-05,0.00027562750272401104,0.0002766237510920205,0.0002761773774728587,0.00027617698360790725,0.0002761769277283179,0.0002761769275490705,0.00027564444777388814,0.0002755217344543167,0.00027552133170122793,0.0002755212765690277,0.00027552127639459155,1.0,0.0002757961197355452,0.0002756121330776826,0.0009627590714667252,False,-0.00023334086196200588,0.00027552133170122793,2.215639720890226,2.207903972466931,2.2196917351366467,0.011787762669715818,1.0,,,,,0.9995847541420766,31.598647367673564,0.9999988185465009,1.0,31.54068318212458,0.999999999999876
parameter_G30,G30,"Baseline, G30",0.0,23,2Hz,30.0,0.02,0.5,512a8299eaef29ce,semantic_anatomical_core,5.0398520172155476e-06,0.00012138703020598076,0.00012234491251817222,0.00012151041807615264,0.00012150973034415251,0.00012150968732994038,0.00012150968709975381,0.00012132195975615729,0.00012120985920437593,0.00012120923305737052,0.00012120919109702916,0.00012120919087661315,1.0,0.00012159070330121563,0.00012125122802838754,0.00403356709412993,False,-0.0009887114822468845,0.00012120923305737052,2.1220405525128783,2.089183125062009,2.1603033356430403,0.07112021058103135,1.0,,,,,0.9984322346932005,31.63087051729736,0.9999934038588785,1.0,31.54068318212458,0.999999999999876
parameter_G30,G30,"Baseline, G30",0.0,23,2Hz,30.0,0.02,0.5,512a8299eaef29ce,episodic_anatomical_core,1.201364669964298e-05,0.0002891146648131402,0.0002901127311857122,0.0002897012549607712,0.0002897008559354772,0.00028970079428762644,0.00028970079410450383,0.00028913549071607936,0.000289015143534996,0.0002890147354298026,0.0002890146745087434,0.00028901467433117096,1.0,0.000289280092251613,0.0002891097060819292,0.0008499987028049911,False,-0.0002051115400725223,0.0002890147354298026,2.2185301208585364,2.21162492886568,2.221723983684887,0.010099054819207254,1.0,,,,,0.9995903076955914,31.59768093845914,0.9999988999493945,1.0,31.54068318212458,0.999999999999876
parameter_G30,G30,"Baseline, G30",0.0,23,2Hz,30.0,0.02,0.5,512a8299eaef29ce,semantic_platel_peaks,6.271953559570666e-06,0.00015084790472357689,0.00015177510665153088,0.0001510686420520221,0.00015106785066221716,0.00015106780095664395,0.000151067800789989,0.00015081156068934653,0.00015069632545171811,0.00015069559410426368,0.0001506955450666385,0.00015069554490109262,1.0,0.00015103411996038806,0.00015074750891446993,0.0027403421505369733,False,-0.0006743011838070246,0.00015069559410426368,2.160033458435712,2.1382321784951586,2.1794892494905893,0.041257070995430745,1.0,,,,,0.9985034155935558,31.630064180204393,0.9999917849704493,1.0,31.54068318212458,0.999999999999876
parameter_G30,G30,"Baseline, G30",0.0,23,2Hz,30.0,0.02,0.5,512a8299eaef29ce,episodic_platel_peaks,1.0493674075366242e-05,0.00025287729648211163,0.00025394340206011547,0.0002533469003596766,0.00025334631752486144,0.0002533462635829872,0.0002533462634221142,0.00025288017199065753,0.00025274351539625415,0.0002527429175024323,0.00025274286437679255,0.0002527428642153932,1.0,0.000253069100836635,0.0002528265314289082,0.00138350160032207,False,-0.00033982526605589317,0.0002527429175024323,2.2094907012965663,2.198785012718478,2.2166199607912613,0.01783494807278352,1.0,,,,,0.999139417442486,31.61023027442829,0.9999985114255043,1.0,31.54068318212458,0.999999999999876
parameter_G30,G30,"Baseline, G30",0.0,23,2Hz,30.0,0.02,0.5,512a8299eaef29ce,semantic_expanded_left,5.786449270042255e-06,0.00013929674052942935,0.0001403359515213423,0.00013945164666159622,0.0001394509049831873,0.00013945086586044636,0.0001394508656474302,0.0001392223107432027,0.00013910778248134228,0.0001391071466528181,0.0001391071087571613,0.00013910710855375552,1.0,0.0001395158111862331,0.00013915518768940798,0.0037339373169118528,False,-0.0009131797475316006,0.0001391071466528181,2.1020454795319976,2.0655108814070853,2.147299296453322,0.0817884150462369,1.0,,,,,0.9985034155935558,31.630064180204393,0.9999950227473076,1.0,31.54068318212458,0.999999999999876
parameter_G30,G30,"Baseline, G30",0.0,23,2Hz,30.0,0.02,0.5,512a8299eaef29ce,episodic_expanded_left,1.1524507522326496e-05,0.00027742856787462094,0.0002784207706059901,0.00027798517725069976,0.0002779849835838932,0.00027798493584298237,0.0002779849356223143,0.0002774486024864155,0.0002773245886975063,0.00027732438051986824,0.00027732433404874674,0.0002773243338369511,1.0,0.0002775955420517837,0.00027741593945993046,0.0009337168194657845,False,-0.000226076536040587,0.00027732438051986824,2.2152862641713345,2.2079052472792196,2.2189663132497834,0.011061065970563888,1.0,,,,,0.9995857096682617,31.59804975823471,0.9999988653068084,1.0,31.54068318212458,0.999999999999876
parameter_G30,G30,"Baseline, G30",0.0,23,2Hz,30.0,0.02,0.5,512a8299eaef29ce,semantic_expanded_right,5.654032045502902e-06,0.00013625126220056507,0.00013708798363428436,0.00013644876932163342,0.00013644806733230746,0.0001364480179537147,0.00013644801776744076,0.0001362254232831124,0.00013611399198871566,0.0001361133141943135,0.00013611326556172324,0.00013611326537992283,1.0,0.00013641974860436695,0.00013615994798204774,0.002750118131551041,False,-0.0006754654080035395,0.0001361133141943135,2.1741448727225325,2.1547110029681904,2.1908299308609216,0.03611892789273119,1.0,,,,,0.9985147710736602,31.624073304722767,0.999993894285261,1.0,31.54068318212458,0.999999999999876
parameter_G30,G30,"Baseline, G30",0.0,23,2Hz,30.0,0.02,0.5,512a8299eaef29ce,episodic_expanded_right,1.1363487851439057e-05,0.0002738381300811401,0.00027483833013489236,0.00027438133422127953,0.0002743807427703863,0.0002743806788600052,0.00027438067872164856,0.00027385202487113585,0.0002737306003526315,0.0002737300055628517,0.0002737299418841594,0.0002737299417466059,1.0,0.00027400836158598686,0.00027382005535627206,0.0009918013234645794,False,-0.00024060518788422415,0.0002737300055628517,2.215993177609118,2.2079026976546428,2.22041715702351,0.012514459368867303,1.0,,,,,0.9994388040905606,31.604014268159165,0.9999987029696445,1.0,31.54068318212458,0.999999999999876
parameter_G30,G30,"Baseline, G30",0.0,23,2Hz,30.0,0.02,0.5,512a8299eaef29ce,shared_auditory_relay,2.0742701968880134e-05,0.0004995417453235746,0.0005008953594068238,0.0005006176401263605,0.0005006170621280917,0.0005006170147733095,0.0005006170146244306,0.0004995748675582795,0.000499460171398952,0.0004994595861933063,0.0004994595396341739,0.0004994595394885739,1.0,0.0004997371336103068,0.0004996190730728787,0.0003408701552571308,False,-8.028215726048061e-05,0.0004994595861933063,2.2425248875879733,2.2388536169838087,2.2424303513586734,0.0035767343748647207,1.0,,,,,0.9998665070657469,31.585621587032556,0.9999997253918391,1.0,31.54068318212458,0.999999999999876
parameter_G30,G30,"Baseline, G30",0.0,23,2Hz,30.0,0.02,0.5,512a8299eaef29ce,anterior_temporal_context,8.72053134516832e-06,0.0002098640897787322,0.0002108536748076265,0.00021023446848392112,0.00021023361315807351,0.00021023357357042994,0.00021023357346625538,0.00020984915221765473,0.00020972693986379842,0.0002097261243893906,0.0002097260853193189,0.00020972608521236026,1.0,0.00021004949951826081,0.0002097966174213176,0.0017379310018066825,False,-0.00042521556979018276,0.0002097261243893906,2.175143011794456,2.158149212502958,2.189995779400355,0.031846566897396844,1.0,,,,,0.9993266135239423,31.605727269844845,0.9999982816263624,1.0,31.54068318212458,0.999999999999876
parameter_G30,G30,"Baseline, G30",0.0,23,2Hz,30.0,0.02,0.5,512a8299eaef29ce,hippocampal_context,1.2084670374735407e-05,0.00028902811971461483,0.0002901966020212838,0.0002895748955948476,0.0002895745458456438,0.00028957447223079154,0.00028957447211181006,0.00028903505847925035,0.00028888852210999977,0.0002888881470826691,0.0002888880752582146,0.00028888807513470114,1.0,0.0002892343611259916,0.0002889832092844296,0.0012532844301533323,False,-0.0003097256279885663,0.0002888881470826691,2.2188795340225176,2.209944625683735,2.2241647457812483,0.014220120097513167,1.0,,,,,0.9993553617746647,31.60058856279047,0.9999994350037704,1.0,31.54068318212458,0.999999999999876
parameter_G30,G30,"Baseline, G30",0.0,23,2Hz,30.0,0.02,0.5,512a8299eaef29ce,angular_parietal_context,1.0485218795994733e-05,0.0002525388894580408,0.00025363136481621195,0.0002530068379341368,0.00025300644947613655,0.00025300638717710554,0.0002530063870589869,0.00025254217310107126,0.0002523996123260178,0.00025239920265338506,0.00025239914172197947,0.0002523991416029037,1.0,0.00025273644876001844,0.00025248347977563845,0.0014447455816763227,False,-0.00035606439465007966,0.00025239920265338506,2.203895850534304,2.193327450616289,2.2108780611192387,0.017550610502949482,1.0,,,,,0.9991747984788215,31.608858406917133,0.9999987175799716,1.0,31.54068318212458,0.999999999999876
parameter_G30,G30,"Baseline, G30",0.0,23,5Hz,30.0,0.02,0.5,512a8299eaef29ce,semantic_expanded,1.0309585513957813e-05,0.00018634612008758297,0.00018698289574616697,0.0001865153017136239,0.00018651494328288497,0.00018651493948383755,0.00018651493879981023,0.00018638344938664954,0.00018621610646829363,0.00018621573036836935,0.0001862157295695195,0.00018621572885827196,1.0,0.0001864727373458944,0.00018628470474328044,0.0014554973057297664,False,-0.0003616519710374355,0.00018621573036836935,1.3187845586494622,1.317125899963746,1.3203649360299736,0.003239036066227552,1.0,,,,,0.9991437108126727,31.957657417561215,0.9999943812328445,1.0,31.883315988158678,0.9999999999965312
parameter_G30,G30,"Baseline, G30",0.0,23,5Hz,30.0,0.02,0.5,512a8299eaef29ce,episodic_expanded,2.047255654834402e-05,0.0003708398722489492,0.0003716009070157728,0.0003712820806668085,0.00037128226625334767,0.00037128232154865545,0.00037128232046758304,0.0003708875677067302,0.00037071365582478814,0.0003707138225351639,0.0003707138891857082,0.00037071388806996826,1.0,0.00037096654745131553,0.00037083920203625787,0.0004953334500719215,False,-0.00012369357934565174,0.00037071388806996826,1.3836131056717291,1.3833833498040016,1.3836961310836213,0.000312781279619756,1.0,,,,,0.9995680252331617,31.927132332300484,0.999998134035318,1.0,31.883315988158678,0.9999999999965312
parameter_G30,G30,"Baseline, G30",0.0,23,5Hz,30.0,0.02,0.5,512a8299eaef29ce,semantic_anatomical_core,9.082240935821115e-06,0.00016432892778329167,0.0001649621030731199,0.0001644614436717278,0.0001644611851071202,0.00016446117353114277,0.00016446117309462343,0.00016436044102173005,0.00016419555662153894,0.0001641952896589332,0.00016419527971869448,0.00016419527926438322,1.0,0.00016445844896083452,0.00016425710416923726,0.0017673588359758533,False,-0.0004388790756349792,0.0001641952896589332,1.3078601688893599,1.30581018485489,1.3098535430483564,0.004043358193466462,1.0,,,,,0.9991132411710677,31.961826443683396,0.9999942335904606,1.0,31.883315988158678,0.9999999999965312
parameter_G30,G30,"Baseline, G30",0.0,23,5Hz,30.0,0.02,0.5,512a8299eaef29ce,episodic_anatomical_core,2.150393444705645e-05,0.00038877185592343174,0.0003895426205604038,0.00038924061487556307,0.0003892407494846379,0.00038924081535444006,0.0003892408142029948,0.00038881983981578326,0.0003886468194784243,0.00038864692972474454,0.000388647008461007,0.0003886470072729421,1.0,0.00038889808587332244,0.000388777395320588,0.0004477951729755409,False,-0.00011178200934107707,0.0003886470072729421,1.3863740722981794,1.38618181017433,1.3864184752685458,0.0002366650942158266,1.0,,,,,0.9995755599936489,31.926000330440182,0.9999983448528785,1.0,31.883315988158678,0.9999999999965312
parameter_G30,G30,"Baseline, G30",0.0,23,5Hz,30.0,0.02,0.5,512a8299eaef29ce,semantic_platel_peaks,1.1298920111501356e-05,0.00020415370620863093,0.0002047989999072522,0.0002043534304141749,0.00020435290298633275,0.00020435293433362657,0.00020435293330656992,0.00020419513368250303,0.0002040249258699285,0.00020402435730452808,0.00020402439681237565,0.0002040243957438473,1.0,0.00020427904831780345,0.00020410011243561816,0.0012642659136174606,False,-0.00031474692504298576,0.00020402439681237565,1.330824123687903,1.3297828543936385,1.3317410342589358,0.001958179865297227,1.0,,,,,0.9991437108126727,31.965995469805577,0.9999953665032116,1.0,31.883315988158678,0.9999999999965312
parameter_G30,G30,"Baseline, G30",0.0,23,5Hz,30.0,0.02,0.5,512a8299eaef29ce,episodic_platel_peaks,1.882968914859263e-05,0.000340879172705742,0.00034165634329510574,0.0003412683938742269,0.0003412687777601409,0.0003412688178304612,0.0003412688170448724,0.0003409187149235851,0.00034074213160511054,0.0003407425009193809,0.00034074255142465393,0.00034074255061409305,1.0,0.0003410146015755035,0.00034086006980403745,0.0006539096802630639,False,-0.00016364202061378564,0.00034074255061409305,1.3791733597571099,1.3788126009891535,1.379390641045363,0.0005780400562094279,1.0,,,,,0.9993894174016245,31.93336736820725,0.9999964985772576,1.0,31.883315988158678,0.9999999999965312
parameter_G30,G30,"Baseline, G30",0.0,23,5Hz,30.0,0.02,0.5,512a8299eaef29ce,semantic_expanded_left,1.042637792108763e-05,0.0001885473177046871,0.00018923182402291654,0.0001887088768129522,0.00018870822771498987,0.00018870821212454565,0.00018870821110018027,0.00018857196983150255,0.0001884048906035294,0.00018840422718140325,0.00018840421188865108,0.00018840421082269145,1.0,0.00018868568716872667,0.0001884748722969146,0.0016127964292656555,False,-0.0004000075756680488,0.00018840422718140325,1.2923422555423165,1.2899256503039092,1.2947330240765944,0.004807373772685253,1.0,,,,,0.9991437108126727,31.957657417561215,0.9999943812328445,1.0,31.883315988158678,0.9999999999965312
parameter_G30,G30,"Baseline, G30",0.0,23,5Hz,30.0,0.02,0.5,512a8299eaef29ce,episodic_expanded_left,2.0646869777541533e-05,0.00037337145699274,0.00037413325699321503,0.00037381836786842983,0.00037381878615135044,0.00037381880530201257,0.0003738188038515553,0.0003734211800262629,0.00037324503272681884,0.0003732454508282771,0.0003732454762906746,0.000373245474792599,1.0,0.00037349777339656693,0.0003733721431525998,0.00048534859324335177,False,-0.00012122283338635854,0.000373245474792599,1.38270035635465,1.3824890477409817,1.3827646340769486,0.0002755863359669153,1.0,,,,,0.9995699584498106,31.926469955961736,0.9999981967441522,1.0,31.883315988158678,0.9999999999965312
parameter_G30,G30,"Baseline, G30",0.0,23,5Hz,30.0,0.02,0.5,512a8299eaef29ce,semantic_expanded_right,1.017332770563969e-05,0.00018417062037490194,0.0001847606948891849,0.00018434722499994507,0.00018434715056705778,0.00018434715828741965,0.0001843471579359579,0.00018422032837810595,0.00018405275042027635,0.00018405265505660594,0.0001840526684170017,0.00018405266805236945,1.0,0.0001842857415156088,0.0001841199879770883,0.001298198182196313,False,-0.00032329636640682224,0.0001840526684170017,1.3452268617566079,1.3443261496235828,1.345996847983353,0.0016706983597702951,1.0,,,,,0.9991399869236413,31.955669632922742,0.9999944473899617,1.0,31.883315988158678,0.9999999999965312
parameter_G30,G30,"Baseline, G30",0.0,23,5Hz,30.0,0.02,0.5,512a8299eaef29ce,episodic_expanded_right,2.034578329074583e-05,0.00036832545250584326,0.00036908569744562773,0.0003687630016960337,0.0003687629577246806,0.0003687630486732415,0.00036876304795660866,0.0003683711456049165,0.0003681994469181985,0.0003681993656283336,0.00036819947290712014,0.00036819947216859875,1.0,0.0003684524758380097,0.0003683234442872788,0.0005053183068988742,False,-0.0001261643253048561,0.00036819947216859875,1.3845258549888084,1.3842776518670217,1.3846276280902943,0.0003499762232725967,1.0,,,,,0.9995105802345701,31.931760425664773,0.9999978539016984,1.0,31.883315988158678,0.9999999999965312
parameter_G30,G30,"Baseline, G30",0.0,23,5Hz,30.0,0.02,0.5,512a8299eaef29ce,shared_auditory_relay,3.696602968101993e-05,0.0006687687746100826,0.0006698422622824152,0.0006696114865918567,0.0006696109814812542,0.0006696110090959211,0.0006696110074167301,0.0006687872093516324,0.000668623021421622,0.0006686224582370262,0.0006686224932289751,0.0006686224915042069,1.0,0.0006689258044705268,0.0006688330265494274,0.00020011117667086562,False,-4.986732402523231e-05,0.0006686224932289751,1.4139734491452436,1.413905349037245,1.4138849016335513,2.044740369377962e-05,1.0,,,,,0.9997075583373951,31.9136695283227,0.9999994613282397,1.0,31.883315988158678,0.9999999999965312
parameter_G30,G30,"Baseline, G30",0.0,23,5Hz,30.0,0.02,0.5,512a8299eaef29ce,anterior_temporal_context,1.567122030840346e-05,0.00028331714619517586,0.00028403059450751565,0.00028363000609795785,0.0002836295774937878,0.00028362959030038575,0.0002836295891385543,0.0002833588781690887,0.00028318545396755596,0.0002831849708991289,0.0002831849905616736,0.00028318498935644884,1.0,0.00028344641970379485,0.0002832856139087985,0.0008187069565648147,False,-0.00020393493023984632,0.0002831849905616736,1.3456340031156722,1.3448579734221031,1.3462835076467359,0.001425534224632763,1.0,,,,,0.9994537155294381,31.932214085927065,0.999996984184896,1.0,31.883315988158678,0.9999999999965312
parameter_G30,G30,"Baseline, G30",0.0,23,5Hz,30.0,0.02,0.5,512a8299eaef29ce,hippocampal_context,2.1701881983315474e-05,0.0003900497973019209,0.00039088599892403604,0.0003905058855786056,0.0003905066918856611,0.00039050668548757663,0.00039050668478758356,0.0003900669657999684,0.0003899049561118236,0.0003899057542484142,0.00038990575816124116,0.00038990575743886306,1.0,0.0003901914934599898,0.00039004086223587967,0.0005570518093494151,False,-0.00013991873351217876,0.00038990575743886306,1.3890437026805262,1.3887995247017992,1.389142282707489,0.00034275800568983605,1.0,,,,,0.9994693513222576,31.922177428552132,0.9999969536945539,1.0,31.883315988158678,0.9999999999965312
parameter_G30,G30,"Baseline, G30",0.0,23,5Hz,30.0,0.02,0.5,512a8299eaef29ce,angular_parietal_context,1.8858311321533655e-05,0.0003412089745872384,0.0003419971440409712,0.0003416006902572927,0.0003416012438895959,0.0003416012405872737,0.00034160123914625274,0.00034124256587765713,0.0003410674664416745,0.0003410679953856772,0.0003410679994947263,0.00034106799800070445,1.0,0.0003413465278467842,0.0003411888560231515,0.0006665511194435534,False,-0.00016699070584200726,0.00034106799800070445,1.3717495714844041,1.3714126982687147,1.3719458090218968,0.0005331107531820756,1.0,,,,,0.9993911733978171,31.93080740079347,0.9999965874390377,1.0,31.883315988158678,0.9999999999965312
parameter_G30,G30,"Baseline, G30",0.0,37,2Hz,30.0,0.02,0.5,512a8299eaef29ce,semantic_expanded,5.7253210104929095e-06,0.00013776529161779573,0.00013870088709142816,0.000137942040333399,0.00013794131409566963,0.0001379412710079826,0.00013794127081341077,0.00013771577555513544,0.00013760274621905485,0.00013760208730296723,0.0001376020451683057,0.0001376020449807225,1.0,0.00013795849967917213,0.00013764942106537102,0.0032358022882670386,False,-0.0007926874755812996,0.00013760208730296723,2.138175979391165,2.110236208174162,2.1690646126827677,0.058828404508605825,1.0,,,,,0.9985101035287917,31.63009860102024,0.9999949680511824,1.0,31.540683195338662,0.9999999999998819
parameter_G30,G30,"Baseline, G30",0.0,37,2Hz,30.0,0.02,0.5,512a8299eaef29ce,episodic_expanded,1.1431286462613873e-05,0.0002756275269814386,0.00027662360217321275,0.00027617742392926827,0.00027617698062201707,0.0002761769277290748,0.00027617692754906213,0.00027564463312722243,0.00027552177838602483,0.00027552132883559936,0.0002755212765698142,0.0002755212763945847,1.0,0.0002757961497576175,0.0002756121331003348,0.0009629159989480692,False,-0.00023327532903465455,0.00027552132883559936,2.215642612637428,2.207909532758562,2.219691734220177,0.011782201461615127,1.0,,,,,0.9995851986303306,31.598794185311366,0.9999988092660603,1.0,31.540683195338662,0.9999999999998819
parameter_G30,G30,"Baseline, G30",0.0,37,2Hz,30.0,0.02,0.5,512a8299eaef29ce,semantic_anatomical_core,5.039834551449725e-06,0.00012138660994127551,0.0001223427306866274,0.00012151041757062113,0.00012150972948894366,0.00012150968732400596,0.0001215096871001406,0.00012132196552069599,0.00012120985619814619,0.00012120923221020221,0.0001212091910910883,0.00012120919087696239,1.0,0.00012158985907603114,0.00012125122803534491,0.004023550096549476,False,-0.0009861383396678747,0.00012120923221020221,2.1221520015998028,2.0893553598558956,2.1603033347148792,0.07094797485898363,1.0,,,,,0.9984378501551173,31.630925826918805,0.9999933650786452,1.0,31.540683195338662,0.9999999999998819
parameter_G30,G30,"Baseline, G30",0.0,37,2Hz,30.0,0.02,0.5,512a8299eaef29ce,episodic_anatomical_core,1.2013648037578733e-05,0.0002891146977099327,0.00029011262852817523,0.0002897013057018155,0.00028970085253824903,0.00028970079428449245,0.0002897007941044956,0.00028913566395655026,0.0002890151917130686,0.00028901473217121833,0.000289014674505662,0.0002890146743311638,1.0,0.00028928014037553156,0.00028910970610652423,0.0008502385832212311,False,-0.0002050731248818494,0.00028901473217121833,2.2185320080003805,2.211628540486389,2.22172398264852,0.010095442162130652,1.0,,,,,0.9995907059598399,31.597813852068008,0.9999988963300945,1.0,31.540683195338662,0.9999999999998819
parameter_G30,G30,"Baseline, G30",0.0,37,2Hz,30.0,0.02,0.5,512a8299eaef29ce,semantic_platel_peaks,6.271948930334917e-06,0.00015084776711104394,0.0001517742561157168,0.00015106865894730603,0.00015106784824719634,0.00015106780095036239,0.00015106780079073232,0.00015081160284055863,0.00015069633922252035,0.00015069559178793477,0.0001506955450603869,0.00015069554490177632,1.0,0.0001510338332236607,0.00015074750892772617,0.0027376030793357787,False,-0.0006735007762650902,0.00015069559178793477,2.1600625633387587,2.1382863046142058,2.179489248120521,0.04120294350631504,1.0,,,,,0.9985101035287917,31.63009860102024,0.9999917621061082,1.0,31.540683195338662,0.9999999999998819
parameter_G30,G30,"Baseline, G30",0.0,37,2Hz,30.0,0.02,0.5,512a8299eaef29ce,episodic_platel_peaks,1.0493673878110102e-05,0.0002528772916910943,0.00025394310563321606,0.00025334690774679006,0.00025334631519814796,0.00025334626359322905,0.0002533462634221142,0.0002528803457848653,0.00025274352044381314,0.0002527429152445653,0.0002527428643869252,0.0002527428642153932,1.0,0.00025306906801008137,0.0002528265314476747,0.0013833143557736404,False,-0.00033965896126222363,0.0002527429152445653,2.2094965050878006,2.1987961671535254,2.216619960132392,0.017823792978866493,1.0,,,,,0.9991403874312936,31.610358445094743,0.9999984974621825,1.0,31.540683195338662,0.9999999999998819
parameter_G30,G30,"Baseline, G30",0.0,37,2Hz,30.0,0.02,0.5,512a8299eaef29ce,semantic_expanded_left,5.7864325651594206e-06,0.00013929633837822845,0.00014033386583711115,0.00013945167480440397,0.00013945090416187702,0.00013945086585906335,0.00013945086564807154,0.0001392224870069451,0.00013910780663948169,0.00013910714585255944,0.00013910710875576985,0.0001391071085543456,1.0,0.00013951500911700183,0.00013915518769805785,0.0037256432237176926,False,-0.0009110501441930374,0.00013910714585255944,2.102177944048487,2.065706704981394,2.147299295445554,0.0815925904641599,1.0,,,,,0.9985101035287917,31.63009860102024,0.9999949680511824,1.0,31.540683195338662,0.9999999999998819
parameter_G30,G30,"Baseline, G30",0.0,37,2Hz,30.0,0.02,0.5,512a8299eaef29ce,episodic_expanded_left,1.152450955628611e-05,0.00027742861680637765,0.00027842070968686833,0.0002779852481557625,0.0002779849812388281,0.00027798493583908087,0.00027798493562229806,0.00027744890436489793,0.00027732465676564915,0.00027732437828376506,0.00027732433404492347,0.00027732433383693733,1.0,0.0002775956215087269,0.0002774159394754075,0.0009341296855283801,False,-0.00022606336979889008,0.00027732437828376506,2.2152890060173323,2.207910538598512,2.218966312658782,0.011055774060269918,1.0,,,,,0.9995860237622971,31.598182156778115,0.9999988591404629,1.0,31.540683195338662,0.9999999999998819
parameter_G30,G30,"Baseline, G30",0.0,37,2Hz,30.0,0.02,0.5,512a8299eaef29ce,semantic_expanded_right,5.654024196715314e-06,0.00013625107303971072,0.0001370869103134309,0.00013644874841431588,0.00013644806571029742,0.00013644801794582083,0.00013644801776733798,0.00013622537022920977,0.000136113969621397,0.0001361133126130132,0.00013611326555383594,0.00013611326537981767,1.0,0.0001364193555531134,0.0001361599479909023,0.0027459613528161837,False,-0.0006743248069698282,0.0001361133126130132,2.174174014733843,2.154765711366929,2.1908299299199814,0.036064218553052196,1.0,,,,,0.9985179567211753,31.624238300825454,0.9999938544295212,1.0,31.540683195338662,0.9999999999998819
parameter_G30,G30,"Baseline, G30",0.0,37,2Hz,30.0,0.02,0.5,512a8299eaef29ce,episodic_expanded_right,1.1363487849034063e-05,0.0002738381299825491,0.000274838094354922,0.0002743813565440299,0.000274380739152106,0.00027438067886536026,0.00027438067872164856,0.000273852095202052,0.0002737306204588465,0.00027373000207597803,0.0002737299418894959,0.0002737299417466064,1.0,0.00027400834281074904,0.00027382005538600435,0.0009917023123708064,False,-0.0002404872882703302,0.00027373000207597803,2.2159962192575233,2.207908526918612,2.220417155781573,0.01250862886296078,1.0,,,,,0.9994394199781633,31.60412379259791,0.999998687158339,1.0,31.540683195338662,0.9999999999998819
parameter_G30,G30,"Baseline, G30",0.0,37,2Hz,30.0,0.02,0.5,512a8299eaef29ce,shared_auditory_relay,2.074270503737079e-05,0.0004995418189333618,0.000500895495142024,0.0005006176800972719,0.0005006170600842666,0.0005006170147775019,0.0005006170146246414,0.0004995751503012342,0.0004994602081734967,0.0004994595842194785,0.0004994595396383341,0.0004994595394887903,1.0,0.0004997372651967118,0.0004996190730913169,0.00034124997978718797,False,-8.032701095119777e-05,0.0004994595842194785,2.242524948363747,2.238853675148023,2.2424303509513197,0.0035766758032966806,1.0,,,,,0.9998666241657395,31.585674789680496,0.9999997238748835,1.0,31.540683195338662,0.9999999999998819
parameter_G30,G30,"Baseline, G30",0.0,37,2Hz,30.0,0.02,0.5,512a8299eaef29ce,anterior_temporal_context,8.720534745851894e-06,0.0002098641700350834,0.0002108538525598072,0.00021023450670285267,0.00021023361103666364,0.00021023357356620846,0.0002102335734663211,0.00020984956591067538,0.00020972697447250004,0.00020972612235921548,0.00020972608531515008,0.00020972608521242322,1.0,0.00021004964469069159,0.00020979661743464553,0.0017389280059546559,False,-0.0004253503055825725,0.00020972612235921548,2.175145778918015,2.158154234118335,2.1899957783307213,0.031841544212386275,1.0,,,,,0.999327127562929,31.605827609671174,0.9999982824149172,1.0,31.540683195338662,0.9999999999998819
parameter_G30,G30,"Baseline, G30",0.0,37,2Hz,30.0,0.02,0.5,512a8299eaef29ce,hippocampal_context,1.2084676819332233e-05,0.00028902828141401984,0.0002901971308199453,0.0002895749436291694,0.00028957454250207117,0.0002895744722259614,0.00028957447211181006,0.00028903565217400766,0.000288888565679899,0.0002888881438524463,0.0002888880752535992,0.00028888807513470114,1.0,0.00028923466854957164,0.0002889832093055786,0.0012548177462464866,False,-0.0003100004836639414,0.0002888881438524463,2.218878960278862,2.2099434035973475,2.224164745491657,0.014221341894309347,1.0,,,,,0.9993554539848959,31.600724139469257,0.9999994347090331,1.0,31.540683195338662,0.9999999999998819
parameter_G30,G30,"Baseline, G30",0.0,37,2Hz,30.0,0.02,0.5,512a8299eaef29ce,angular_parietal_context,1.0485223689489166e-05,0.00025253900727425507,0.0002536316261564348,0.0002530069034339231,0.0002530064468991667,0.0002530063871744953,0.0002530063870589869,0.00025254263687401465,0.00025239967378463745,0.00025239920017206734,0.0002523991417194171,0.0002523991416029037,1.0,0.00025273666309804185,0.00025248347978937334,0.0014459690080506253,False,-0.00035623172437579956,0.00025239920017206734,2.203896108172496,2.1933278120052715,2.2108780605395104,0.01755024853423892,1.0,,,,,0.9991751702472684,31.60899791428409,0.9999987123666448,1.0,31.540683195338662,0.9999999999998819
parameter_G30,G30,"Baseline, G30",0.0,37,5Hz,30.0,0.02,0.5,512a8299eaef29ce,semantic_expanded,1.0309573169859511e-05,0.00018634589724653367,0.00018698174696434107,0.00018651534532606082,0.00018651493827577992,0.00018651493948389388,0.00018651493879957897,0.0001863825174490563,0.00018621615383494162,0.00018621572509568919,0.00018621572956955821,0.00018621572885810193,1.0,0.0001864722924293067,0.00018628470470822767,0.001452055359694678,False,-0.00036078247543720466,0.00018621572956955821,1.3187865813639932,1.3171297349803772,1.3203649365014265,0.00323520152104928,1.0,,,,,0.9991449363913991,31.957626718312312,0.9999943684795681,1.0,31.88331596230966,0.9999999999965888
parameter_G30,G30,"Baseline, G30",0.0,37,5Hz,30.0,0.02,0.5,512a8299eaef29ce,episodic_expanded,2.0472549609091728e-05,0.0003708397449966575,0.00037160019161226157,0.00037128215487830773,0.00037128225633000183,0.00037128232154595237,0.00037128232046735156,0.00037088669434068647,0.0003707137335119943,0.00037071381223866364,0.0003707138891829549,0.00037071388806975293,1.0,0.0003709662918993482,0.00037083920201125856,0.0004943397011564018,False,-0.00012343025125831632,0.00037071388806975293,1.3836124222124766,1.3833819736759247,1.3836961312567597,0.0003141575808349728,1.0,,,,,0.9995677171052567,31.927136519076416,0.9999981315185336,1.0,31.88331596230966,0.9999999999965888
parameter_G30,G30,"Baseline, G30",0.0,37,5Hz,30.0,0.02,0.5,512a8299eaef29ce,semantic_anatomical_core,9.082227259502922e-06,0.0001643286803815733,0.00016496084596217742,0.00016446147704493488,0.00016446118122921953,0.00016446117353077235,0.0001644611730944908,0.00016435955183258038,0.00016419559377991798,0.00016419528558671528,0.00016419527971829696,0.00016419527926433072,1.0,0.00016445795554647448,0.00016425710415090446,0.0017630305631407273,False,-0.00043779428878014674,0.00016419528558671528,1.3078635240128849,1.3058166047839999,1.3098535434221419,0.004036938638142029,1.0,,,,,0.999114718016644,31.96183055058401,0.9999942215773838,1.0,31.88331596230966,0.9999999999965888
parameter_G30,G30,"Baseline, G30",0.0,37,5Hz,30.0,0.02,0.5,512a8299eaef29ce,episodic_anatomical_core,2.1503927961144768e-05,0.00038877173767313335,0.0003895419452674831,0.0003892406949212765,0.00038924073862936704,0.0003892408153515443,0.000389240814202766,0.0003888189692422654,0.00038864690292649256,0.0003886469184733168,0.00038864700845804085,0.00038864700727273053,1.0,0.00038889784832865166,0.00038877739529472196,0.0004469140493413063,False,-0.00011154674507158903,0.00038864700727273053,1.3863733580259385,1.3861803730125417,1.386418475444978,0.00023810243243627127,1.0,,,,,0.9995752981859777,31.926038244741285,0.9999983405583392,1.0,31.88331596230966,0.9999999999965888
parameter_G30,G30,"Baseline, G30",0.0,37,5Hz,30.0,0.02,0.5,512a8299eaef29ce,semantic_platel_peaks,1.1298908882520414e-05,0.00020415349139897186,0.00020479786062790173,0.00020435349610078402,0.00020435289559804788,0.0002043529343326087,0.00020435293330554918,0.00020419407978244957,0.00020402499565930345,0.0002040243495319469,0.00020402439681123114,0.00020402439574298113,1.0,0.00020427861828777196,0.00020410011238925033,0.0012612292052583635,False,-0.00031396755168087157,0.00020402439681123114,1.3308239614590232,1.3297825070352374,1.3317410347794203,0.001958527744182925,1.0,,,,,0.9991449363913991,31.966034382855707,0.9999953622288391,1.0,31.88331596230966,0.9999999999965888
parameter_G30,G30,"Baseline, G30",0.0,37,5Hz,30.0,0.02,0.5,512a8299eaef29ce,episodic_platel_peaks,1.8829682023595273e-05,0.0003408790437601988,0.00034165564802546,0.0003412684364077024,0.00034126876782328817,0.000341268817828618,0.0003412688170448703,0.00034091801409920765,0.0003407421779910518,0.00034074249066068883,0.00034074255142284234,0.0003407425506140909,1.0,0.0003410143419620999,0.00034086006977965196,0.0006528114636060286,False,-0.00016335742309872006,0.0003407425506140909,1.3791729420635694,1.3788117495560344,1.379390641202582,0.0005788916465476746,1.0,,,,,0.9993896154843105,31.933462257568696,0.9999965052714066,1.0,31.88331596230966,0.9999999999965888
parameter_G30,G30,"Baseline, G30",0.0,37,5Hz,30.0,0.02,0.5,512a8299eaef29ce,semantic_expanded_left,1.0426365294090561e-05,0.00018854708939804982,0.00018923061670572097,0.00018870895778135628,0.0001887082232232564,0.00018870821212346628,0.00018870821110145443,0.00018857092407024526,0.0001884049762742256,0.00018840422236394782,0.00018840421188756206,0.00018840421082403047,1.0,0.00018868523220998652,0.00018847487223745837,0.001609318255344813,False,-0.00039911806939247897,0.00018840422236394782,1.292345596661251,1.2899319316820157,1.2947330246989197,0.004801093016904012,1.0,,,,,0.9991449363913991,31.957626718312312,0.9999943684795681,1.0,31.88331596230966,0.9999999999965888
parameter_G30,G30,"Baseline, G30",0.0,37,5Hz,30.0,0.02,0.5,512a8299eaef29ce,episodic_expanded_left,2.06468620940086e-05,0.000373371318117413,0.00037413245965231437,0.0003738184640239706,0.00037381877947929154,0.00037381880529848186,0.0003738188038509819,0.0003734201623667418,0.0003732451325874394,0.0003732454437851014,0.0003732454762870529,0.0003732454747920603,1.0,0.0003734974951218913,0.0003733721431128179,0.0004842738660021994,False,-0.00012093392626244537,0.0003732454747920603,1.3826994556254082,1.3824872413715528,1.3827646342961035,0.0002773929245507567,1.0,,,,,0.9995696672478124,31.926477204728485,0.9999981932369431,1.0,31.88331596230966,0.9999999999965888
parameter_G30,G30,"Baseline, G30",0.0,37,5Hz,30.0,0.02,0.5,512a8299eaef29ce,semantic_expanded_right,1.0173315691589949e-05,0.0001841704029029411,0.00018475960342193362,0.0001843472321139414,0.00018434714505716717,0.00018434715828858576,0.00018434715793425572,0.00018421950776306971,0.0001840527603613116,0.0001840526493399265,0.00018405266841814175,0.00018405266805072493,1.0,0.00018428530646820014,0.00018411998796587987,0.0012947924640446776,False,-0.00032244688148184156,0.00018405266841814175,1.3452275660667354,1.3443275382787387,1.3459968483039333,0.001669310025194548,1.0,,,,,0.9991407185938339,31.955663150174665,0.9999944413072757,1.0,31.88331596230966,0.9999999999965888
parameter_G30,G30,"Baseline, G30",0.0,37,5Hz,30.0,0.02,0.5,512a8299eaef29ce,episodic_expanded_right,2.0345776892788548e-05,0.0003683253367253558,0.0003690850629068515,0.0003687630542568393,0.0003687629445944775,0.0003687630486713553,0.0003687630479567138,0.0003683704146212246,0.0003681995027281616,0.0003681993521229657,0.0003681994729052241,0.0003681994721687024,1.0,0.00036845224271354557,0.0003683234442768637,0.00050440553630921,False,-0.0001259265762545425,0.0003681994729052241,1.384525388799545,1.384276705980297,1.3846276282174161,0.0003509222371191889,1.0,,,,,0.9995103079925428,31.931896063935092,0.9999978529631647,1.0,31.88331596230966,0.9999999999965888
parameter_G30,G30,"Baseline, G30",0.0,37,5Hz,30.0,0.02,0.5,512a8299eaef29ce,shared_auditory_relay,3.696602342562618e-05,0.0006687686617484541,0.0006698416095541942,0.0006696115661269263,0.0006696109735757373,0.0006696110090957576,0.0006696110074176109,0.0006687864376398352,0.0006686231039696379,0.0006686224500337603,0.0006686224932288315,0.0006686224915051452,1.0,0.0006689255773183236,0.0006688330265078106,0.00019962135947161082,False,-4.973530829026629e-05,0.0006686224932288315,1.413973028029987,1.413904499843437,1.4138849017830366,1.9598060400305428e-05,1.0,,,,,0.9997074895365554,31.913704904427192,0.9999994610220261,1.0,31.88331596230966,0.9999999999965888
parameter_G30,G30,"Baseline, G30",0.0,37,5Hz,30.0,0.02,0.5,512a8299eaef29ce,anterior_temporal_context,1.5671211874790905e-05,0.00028331699442335267,0.00028402974459700985,0.0002836300915195273,0.00028362956815051397,0.0002836295902997676,0.0002836295891374328,0.0002833578383805777,0.0002831855433852551,0.00028318496102255956,0.0002831849905610438,0.000283184989355315,1.0,0.00028344611474498155,0.0002832856138182966,0.0008171552270916012,False,-0.00020352495476334554,0.0002831849905610438,1.3456334293757752,1.344856796291554,1.3462835082934008,0.0014267120018467416,1.0,,,,,0.999453339083129,31.932163026421335,0.999996971379044,1.0,31.88331596230966,0.9999999999965888
parameter_G30,G30,"Baseline, G30",0.0,37,5Hz,30.0,0.02,0.5,512a8299eaef29ce,hippocampal_context,2.1701866073154732e-05,0.00039004950899669625,0.0003908844252383034,0.00039050601535208857,0.0003905066761334231,0.0003905066854804706,0.0003905066847938184,0.0003900652005882704,0.00038990509232982013,0.00038990573770567857,0.00038990575815422366,0.0003899057574455094,1.0,0.0003901909156523118,0.0003900408621175891,0.0005549158576956023,False,-0.00013936188211136625,0.0003899057574455094,1.3890435411474615,1.3887991896076373,1.3891422832698315,0.0003430936621942049,1.0,,,,,0.9994691597064553,31.922192156005003,0.9999969526680978,1.0,31.88331596230966,0.9999999999965888
parameter_G30,G30,"Baseline, G30",0.0,37,5Hz,30.0,0.02,0.5,512a8299eaef29ce,angular_parietal_context,1.885830478007776e-05,0.0003412088562854046,0.0003419964250375874,0.00034160080657592997,0.00034160123262259157,0.00034160124058284615,0.0003416012391425485,0.0003412414507262666,0.00034106758838041114,0.00034106798354317433,0.0003410679994903596,0.00034106799799704174,1.0,0.00034134628930754534,0.0003411888559434468,0.0006655432742585469,False,-0.00016671196327084915,0.00034106799799704174,1.371748215713888,1.3714099706696365,1.3719458094531254,0.0005358387834888401,1.0,,,,,0.9993906739809548,31.930844204898765,0.9999965858067787,1.0,31.88331596230966,0.9999999999965888
parameter_G30,G30,"Baseline, G30",0.0,53,2Hz,30.0,0.02,0.5,512a8299eaef29ce,semantic_expanded,5.725327013840244e-06,0.00013776543760122306,0.00013870173416516104,0.00013794200418848309,0.0001379413054574239,0.0001379412710069897,0.00013794127081196065,0.00013771650194322794,0.0001376027149166038,0.00013760207923052342,0.00013760204516741523,0.00013760204497929821,1.0,0.00013795879820412049,0.00013764942116430232,0.003238923059726879,False,-0.000793549655851944,0.00013760207923052342,2.1381750052487885,2.110233057993246,2.1690645946817404,0.05883153668849461,1.0,,,,,0.9985113311035296,31.630322514883527,0.9999949769294196,1.0,31.54068324281388,0.9999999999998999
parameter_G30,G30,"Baseline, G30",0.0,53,2Hz,30.0,0.02,0.5,512a8299eaef29ce,episodic_expanded,1.1431302205915084e-05,0.0002756279098491797,0.00027662550037167597,0.0002761774983479378,0.0002761769707042069,0.00027617692772175575,0.00027617692754883206,0.00027564560327370414,0.00027552185533674477,0.0002755213201473925,0.00027552127656264803,0.00027552127639435665,1.0,0.00027579691399419747,0.00027561213337310147,0.0009669123020708162,False,-0.00023428474621862706,0.0002755213201473925,2.2156246077130684,2.2078740468353084,2.2196917183057567,0.011817671470448321,1.0,,,,,0.9995841769028458,31.598753257800883,0.9999988079735659,1.0,31.54068324281388,0.9999999999998999
parameter_G30,G30,"Baseline, G30",0.0,53,2Hz,30.0,0.02,0.5,512a8299eaef29ce,semantic_anatomical_core,5.039840476805783e-06,0.00012138675256838923,0.0001223436175703652,0.00012151035337348811,0.00012150972059803566,0.00012150968732329625,0.0001215096870983368,0.0001213227801895711,0.00012120979742763827,0.0001212092237617775,0.00012120919109048974,0.00012120919087519576,1.0,0.00012159015455557723,0.00012125122812235051,0.00402705499809288,False,-0.0009871460624856,0.0001212092237617775,2.1221532399170435,2.0893561415654673,2.1603033142368377,0.0709471726713704,1.0,,,,,0.9984373829388377,31.631128067059507,0.9999934005606783,1.0,31.54068324281388,0.9999999999998999
parameter_G30,G30,"Baseline, G30",0.0,53,2Hz,30.0,0.02,0.5,512a8299eaef29ce,episodic_anatomical_core,1.2013663276574987e-05,0.00028911506660342324,0.0002901144531698962,0.00028970138332386853,0.0002897008420046883,0.0002897007942769179,0.00028970079410434277,0.0002891366095932749,0.00028901527177405454,0.00028901472295521943,0.0002890146744982558,0.00028901467433101386,1.0,0.000289280876481528,0.0002891097063927549,0.0008539082507310859,False,-0.0002059998239217542,0.00028901472295521943,2.2185153180608292,2.211595571328346,2.2217239666561213,0.01012839532777532,1.0,,,,,0.9995891835236612,31.59785991902021,0.999998890794237,1.0,31.54068324281388,0.9999999999998999
parameter_G30,G30,"Baseline, G30",0.0,53,2Hz,30.0,0.02,0.5,512a8299eaef29ce,semantic_platel_peaks,6.271953685343907e-06,0.00015084790066674386,0.0001517749243136187,0.0001510686810635615,0.00015106783920413813,0.00015106780094890955,0.00015106780078989857,0.00015081217486209483,0.0001506963642631215,0.00015069558369270445,0.0001506955450590482,0.00015069554490100537,1.0,0.00015103410013127573,0.00015074750904918807,0.0027401514513050495,False,-0.0006741464944408194,0.00015069558369270445,2.1600610029656617,2.1382828293993112,2.17948923305375,0.04120640365443862,1.0,,,,,0.9985113311035296,31.630322514883527,0.9999918241919369,1.0,31.54068324281388,0.9999999999998999
parameter_G30,G30,"Baseline, G30",0.0,53,2Hz,30.0,0.02,0.5,512a8299eaef29ce,episodic_platel_peaks,1.0493691859518263e-05,0.0002528777248990628,0.00025394515016425115,0.0002533470294432269,0.0002533463057329517,0.0002533462635861271,0.00025334626342169927,0.0002528813276387751,0.0002527436429214845,0.00025274290703627804,0.00025274286437983564,0.0002527428642149734,1.0,0.00025306993260184034,0.00025282653165208314,0.0013882420418798941,False,-0.0003408551428340623,0.00025274290703627804,2.209475787393437,2.198755618524854,2.2166199477080735,0.017864329183219674,1.0,,,,,0.9991384603844873,31.610453475171425,0.9999984855353935,1.0,31.54068324281388,0.9999999999998999
parameter_G30,G30,"Baseline, G30",0.0,53,2Hz,30.0,0.02,0.5,512a8299eaef29ce,semantic_expanded_left,5.78643794332332e-06,0.00013929646777802437,0.0001403347289242333,0.00013945158575377436,0.00013945089426144793,0.00013945086585875446,0.0001394508656473522,0.00013922321939267087,0.00013910772526351572,0.00013910713636518772,0.00013910710875558206,0.00013910710855368017,1.0,0.00013951527790124734,0.00013915518781008602,0.003728421500310143,False,-0.000911891371008089,0.00013910713636518772,2.1021774840863072,2.065703469218778,2.147299272474027,0.08159580325524907,1.0,,,,,0.9985113311035296,31.630322514883527,0.9999949769294196,1.0,31.54068324281388,0.9999999999998999
parameter_G30,G30,"Baseline, G30",0.0,53,2Hz,30.0,0.02,0.5,512a8299eaef29ce,episodic_expanded_left,1.1524526510609562e-05,0.0002774290248104044,0.00027842285817958573,0.0002779852619223302,0.000277984972740223,0.0002779849358303416,0.0002779849356219193,0.00027744998417027287,0.0002773246748766169,0.0002773243706683573,0.00027732433403642907,0.00027732433383656344,1.0,0.0002775964383452282,0.0002774159397613019,0.0009383733818220082,False,-0.00022718022663390514,0.0002773243706683573,2.215269323955449,2.2078717053792687,2.2189662950578617,0.011094589678593003,1.0,,,,,0.9995847133134117,31.59817295904991,0.999998857277159,1.0,31.54068324281388,0.9999999999998999
parameter_G30,G30,"Baseline, G30",0.0,53,2Hz,30.0,0.02,0.5,512a8299eaef29ce,semantic_expanded_right,5.65403092944332e-06,0.0001362512352265886,0.00013708774162958374,0.00013644876404010685,0.00013644805830806837,0.00013644801794415834,0.00013644801776517305,0.0001362260906637067,0.0001361139873184754,0.00013611330592599029,0.00013611326555225804,0.00013611326537765127,1.0,0.00013641968312170808,0.00013615994807700683,0.0027494246191433866,False,-0.0006752079406958878,0.00013611330592599029,2.1741725264112692,2.1547626467677135,2.1908299168894536,0.03606727012174016,1.0,,,,,0.9985165613248748,31.62437884945348,0.999993895905223,1.0,31.54068324281388,0.9999999999998999
parameter_G30,G30,"Baseline, G30",0.0,53,2Hz,30.0,0.02,0.5,512a8299eaef29ce,episodic_expanded_right,1.1363502711591828e-05,0.00027383848802318343,0.00027483974540094266,0.0002743814908253525,0.00027438072783391126,0.0002743806788594433,0.0002743806787215652,0.0002738529570702531,0.00027373075548353524,0.00027372999232924434,0.000273729941883641,0.00027372994174652127,1.0,0.0002740090550950332,0.00027382005564580294,0.0009954512223146316,False,-0.00024138926580317133,0.00027372999232924434,2.2159798914706883,2.2078763882913486,2.2204171415536518,0.012540753262303195,1.0,,,,,0.9994379743945133,31.604244064835996,0.999998682424853,1.0,31.54068324281388,0.9999999999998999
parameter_G30,G30,"Baseline, G30",0.0,53,2Hz,30.0,0.02,0.5,512a8299eaef29ce,shared_auditory_relay,2.0742716717723126e-05,0.0004995421013546567,0.0005008967527345501,0.0005006177590593285,0.0005006170527725785,0.0005006170147801978,0.0005006170146252528,0.0004995758601908373,0.000499460287702583,0.0004994595778646132,0.0004994595396411842,0.000499459539489383,1.0,0.0004997378223833915,0.0004996190733036442,0.00034285791193794146,False,-8.07006034674096e-05,0.0004994595778646132,2.2425180559802804,2.2388399197332873,2.242430344063104,0.0035904243298165994,1.0,,,,,0.9998662702232347,31.58570575182644,0.9999997216592744,1.0,31.54068324281388,0.9999999999998999
parameter_G30,G30,"Baseline, G30",0.0,53,2Hz,30.0,0.02,0.5,512a8299eaef29ce,anterior_temporal_context,8.720551002113656e-06,0.00020986457131332806,0.0002108557251845056,0.0002102345764957855,0.00021023360297688757,0.00021023357356272568,0.00021023357346634463,0.00020985002920870873,0.000209727047742028,0.00020972611527210236,0.00020972608531173156,0.00020972608521244222,1.0,0.00021005043606510366,0.000209796617586478,0.0017443623901859365,False,-0.00042665552722622737,0.00020972611527210236,2.175092716446805,2.1580591597957617,2.189995764468594,0.031936604672832214,1.0,,,,,0.9993249921350682,31.60596114441516,0.9999982670057609,1.0,31.54068324281388,0.9999999999998999
parameter_G30,G30,"Baseline, G30",0.0,53,2Hz,30.0,0.02,0.5,512a8299eaef29ce,hippocampal_context,1.2084690020624943e-05,0.000289028626022226,0.00029019874603529027,0.00028957503972411905,0.0002895745278363643,0.0002895744722272299,0.0002895744721177173,0.0002890360589460749,0.0002888886645836451,0.0002888881304951732,0.0002888880752549704,0.0002888880751405585,1.0,0.00028923534612031025,0.0002889832095629772,0.0012581961625805983,False,-0.0003108274091400354,0.0002888881304951732,2.218858325669614,2.209902821491144,2.2241647326804928,0.01426191118934872,1.0,,,,,0.9993538660795531,31.600780587339095,0.999999427300327,1.0,31.54068324281388,0.9999999999998999
parameter_G30,G30,"Baseline, G30",0.0,53,2Hz,30.0,0.02,0.5,512a8299eaef29ce,angular_parietal_context,1.0485244217382359e-05,0.00025253950124711904,0.00025363394651577604,0.00025300700513027167,0.0002530064350336796,0.0002530063871772269,0.0002530063870587658,0.0002525435673748707,0.00025239977704133866,0.00025239918943607,0.00025239914172212963,0.0002523991416026975,1.0,0.0002527376408144619,0.0002524834800439581,0.0014515486347990597,False,-0.000357580567786453,0.00025239918943607,2.203868695938526,2.193274018591671,2.2108780456679225,0.017604027076251416,1.0,,,,,0.9991730409085606,31.609073867625018,0.9999986980006292,1.0,31.54068324281388,0.9999999999998999
parameter_G30,G30,"Baseline, G30",0.0,53,5Hz,30.0,0.02,0.5,512a8299eaef29ce,semantic_expanded,1.030959494781289e-05,0.0001863463009834114,0.00018698386929294378,0.0001865152633929498,0.00018651492394313582,0.00018651493947781752,0.0001865149387991635,0.00018638381052090645,0.0001862160680707367,0.00018621570998535902,0.00018621572956310957,0.00018621572885756143,1.0,0.00018647309708819947,0.00018628470513339926,0.0014582775220536447,False,-0.0003623883062555677,0.00018621572956310957,1.318784474515088,1.3171256840670647,1.3203649284574661,0.0032392443904014634,1.0,,,,,0.9991431843993852,31.957471093285974,0.9999943493197407,1.0,31.883315946160508,0.9999999999967575
parameter_G30,G30,"Baseline, G30",0.0,53,5Hz,30.0,0.02,0.5,512a8299eaef29ce,episodic_expanded,2.047257254095066e-05,0.000370840151784772,0.0003716023237833082,0.0003712821073169177,0.00037128222401657966,0.00037128232153790574,0.0003712823204667527,0.00037088814762698924,0.00037071368814159926,0.00037071377851063047,0.0003707138891745344,0.00037071388806915895,1.0,0.00037096710265636034,0.00037083920276044605,0.0004974898327146352,False,-0.0001242488010953835,0.00037071388806915895,1.3836124770354687,1.3833820755196138,1.3836961259514338,0.0003140504318199788,1.0,,,,,0.9995670541293402,31.92715973471452,0.9999981212631307,1.0,31.883315946160508,0.9999999999967575
parameter_G30,G30,"Baseline, G30",0.0,53,5Hz,30.0,0.02,0.5,512a8299eaef29ce,semantic_anatomical_core,9.082251101811197e-06,0.00016432911187916108,0.00016496310704839238,0.0001644613917952374,0.00016446116964190086,0.0001644611735262079,0.00016446117309453257,0.0001643609582400888,0.00016419550344957205,0.0001641952732990419,0.00016419527971344095,0.00016419527926429077,1.0,0.00016445881563311633,0.000164257104465488,0.0017705728257272648,False,-0.00043973435967465947,0.00016419527971344095,1.3078610743638504,1.3058119323310822,1.3098535352870688,0.004041602955986656,1.0,,,,,0.999112853555759,31.96170264569002,0.9999942031231257,1.0,31.883315946160508,0.9999999999967575
parameter_G30,G30,"Baseline, G30",0.0,53,5Hz,30.0,0.02,0.5,512a8299eaef29ce,episodic_anatomical_core,2.1503949591202573e-05,0.00038877212764187283,0.00038954398533059257,0.0003892406565228107,0.0003892407039153887,0.0003892408153428105,0.00038924081420190583,0.00038882041178640766,0.00038864686722999087,0.0003886468823229594,0.0003886470084489424,0.0003886470072718807,1.0,0.0003888986253440658,0.00038877739607807863,0.00044979363500807264,False,-0.0001122951801836969,0.0003886470072718807,1.386373536773342,1.3861807219567088,1.3864184702899554,0.00023774833324652356,1.0,,,,,0.9995746866017023,31.926091605574246,0.9999983319918774,1.0,31.883315946160508,0.9999999999967575
parameter_G30,G30,"Baseline, G30",0.0,53,5Hz,30.0,0.02,0.5,512a8299eaef29ce,semantic_platel_peaks,1.1298929528093991e-05,0.00020415391667062073,0.00020480007703289812,0.00020435343549717394,0.00020435287154863332,0.00020435293433034937,0.00020435293330468013,0.00020419531035431447,0.00020402493277335928,0.00020402432439368457,0.0002040243968085311,0.00020402439574176919,1.0,0.00020427946587759044,0.0002041001130067454,0.0012672108369390135,False,-0.0003155074948927528,0.0002040243968085311,1.3308220014712704,1.3297786061866028,1.3317410265417047,0.001962420355101857,1.0,,,,,0.9991431843993852,31.965934198094068,0.9999953480589169,1.0,31.883315946160508,0.9999999999967575
parameter_G30,G30,"Baseline, G30",0.0,53,5Hz,30.0,0.02,0.5,512a8299eaef29ce,episodic_platel_peaks,1.8829710817527335e-05,0.00034087956481786483,0.00034165833355966985,0.0003412684015609113,0.0003412687350166315,0.0003412688178243357,0.0003412688170448724,0.00034091968151267807,0.0003407421431124562,0.0003407424562798125,0.0003407425514182246,0.00034074255061409305,1.0,0.00034101538089597645,0.0003408600704595724,0.0006572038920826402,False,-0.00016448406321227795,0.00034074255061409305,1.3791723543120913,1.3788105637518648,1.3793906359895873,0.0005800722377224954,1.0,,,,,0.9993879531120011,31.933477736377117,0.9999964805261154,1.0,31.883315946160508,0.9999999999967575
parameter_G30,G30,"Baseline, G30",0.0,53,5Hz,30.0,0.02,0.5,512a8299eaef29ce,semantic_expanded_left,1.0426381485988105e-05,0.000188547382119011,0.00018923223002926032,0.00018870882878376058,0.00018870821443386676,0.0001887082121172836,0.00018870821110005055,0.0001885717828591967,0.0001884048438011233,0.0001884042128521174,0.00018840421188096832,0.00018840421082255959,1.0,0.00018868581491598207,0.00018847487273839446,0.0016137698080048724,False,-0.0004002987562881977,0.0001884042128521174,1.2923424112040853,1.2899258841334134,1.2947330146155438,0.0048071304821304395,1.0,,,,,0.9991431843993852,31.957471093285974,0.9999943493197407,1.0,31.883315946160508,0.9999999999967575
parameter_G30,G30,"Baseline, G30",0.0,53,5Hz,30.0,0.02,0.5,512a8299eaef29ce,episodic_expanded_left,2.0646881650480804e-05,0.00037337167159583087,0.000374134356717899,0.00037381838724273006,0.00037381875625187405,0.00037381880529021964,0.0003738188038515553,0.00037342140219131896,0.0003732450609378106,0.00037324541933820687,0.00037324547627836106,0.000373245474792599,1.0,0.0003734982000137317,0.00037337214394129656,0.00048699342201746,False,-0.0001216506384198901,0.000373245474792599,1.3826998533283499,1.3824880353786182,1.3827646281324846,0.00027659275386637816,1.0,,,,,0.9995690567105485,31.926506995241535,0.999998184586366,1.0,31.883315946160508,0.9999999999967575
parameter_G30,G30,"Baseline, G30",0.0,53,5Hz,30.0,0.02,0.5,512a8299eaef29ce,semantic_expanded_right,1.0173343986608475e-05,0.00018417091502379907,0.0001847622224308964,0.0001843471961685727,0.0001843471253113108,0.00018434715828261376,0.00018434715793480587,0.0001842212249233071,0.0001840527202385998,0.00018405262876244416,0.000184052668411836,0.00018405266805109405,1.0,0.00018428632779389568,0.00018411998831698015,0.0013027852360993023,False,-0.0003244778562233819,0.000184052668411836,1.3452265378260908,1.3443254840007157,1.3459968422993887,0.0016713582986729314,1.0,,,,,0.9991391064931621,31.95577512003097,0.9999944271511487,1.0,31.883315946160508,0.9999999999967575
parameter_G30,G30,"Baseline, G30",0.0,53,5Hz,30.0,0.02,0.5,512a8299eaef29ce,episodic_expanded_right,2.0345802279474184e-05,0.00036832579608401167,0.00036908742691405525,0.00036876303552233055,0.00036876290331942535,0.0003687630486635215,0.0003687630479549589,0.0003683720784158558,0.0003681994832838391,0.00036819930924082255,0.0003681994728970716,0.00036819947216699077,1.0,0.0003684531578684854,0.00036832344494779767,0.0005079862434109855,False,-0.00012684696377132098,0.0003681994728970716,1.3845251007425876,1.3842761156606096,1.3846276237703827,0.0003515081097731354,1.0,,,,,0.9995094109313478,31.931929841260494,0.9999978415188123,1.0,31.883315946160508,0.9999999999967575
parameter_G30,G30,"Baseline, G30",0.0,53,5Hz,30.0,0.02,0.5,512a8299eaef29ce,shared_auditory_relay,3.6966038830942115e-05,0.000668768941526996,0.0006698430858735295,0.0006696115166637275,0.0006696109512195892,0.0006696110090858273,0.0006696110074182465,0.0006687875973112069,0.0006686230552112214,0.0006686224266598593,0.0006686224932184603,0.000668622491505808,1.0,0.0006689261329831867,0.0006688330273697391,0.00020081792148763546,False,-5.004794788163736e-05,0.0006686224932184603,1.4139733973119053,1.4139052292330199,1.4138848980450875,2.0331187932320915e-05,1.0,,,,,0.9997072874798918,31.913736195423414,0.9999994581990568,1.0,31.883315946160508,0.9999999999967575
parameter_G30,G30,"Baseline, G30",0.0,53,5Hz,30.0,0.02,0.5,512a8299eaef29ce,anterior_temporal_context,1.5671233191053394e-05,0.00028331738960378256,0.00028403178959302407,0.00028363005036922425,0.00028362954558970523,0.00028362959029363296,0.0002836295891381976,0.00028335884390064727,0.00028318550309942815,0.0002831849372538923,0.00028318499055450026,0.00028318498935607056,1.0,0.0002834469025462038,0.0002832856144560428,0.0008211617549056983,False,-0.0002045532177787024,0.00028318499055450026,1.3456302486736518,1.3448505128762465,1.346283502021002,0.0014329891447555365,1.0,,,,,0.9994523453090316,31.932296397701222,0.9999969700130451,1.0,31.883315946160508,0.9999999999967575
parameter_G30,G30,"Baseline, G30",0.0,53,5Hz,30.0,0.02,0.5,512a8299eaef29ce,hippocampal_context,2.1701893181111552e-05,0.00039005002675043473,0.0003908871117394395,0.00039050598642424586,0.00039050664006304986,0.0003905066854759873,0.00039050668479333694,0.00039006695627486187,0.000389905063286914,0.0003899057001827355,0.00038990575814965033,0.0003899057574450065,1.0,0.0003901919503020142,0.00039004086259402445,0.000558739612530707,False,-0.0001403480828864545,0.0003899057574450065,1.3890427469900388,1.3887976055721112,1.3891422800767392,0.0003446745046280508,1.0,,,,,0.9994682039323299,31.922240966112863,0.9999969363324575,1.0,31.883315946160508,0.9999999999967575
parameter_G30,G30,"Baseline, G30",0.0,53,5Hz,30.0,0.02,0.5,512a8299eaef29ce,angular_parietal_context,1.8858328696018908e-05,0.00034120928850128827,0.0003419986439348202,0.00034160079149503776,0.0003416012049000005,0.00034160124057876657,0.00034160123914242534,0.00034124272482223366,0.0003410675784163088,0.0003410679542342738,0.00034106799948590834,0.00034106799799688605,1.0,0.0003413471511079686,0.000341188856756737,0.0006691822174527302,False,-0.00016764480741091604,0.00034106799799688605,1.3717476280793197,1.3714087903150098,1.3719458031288334,0.0005370128138235675,1.0,,,,,0.9993893878779778,31.93091751697,0.9999965668173536,1.0,31.883315946160508,0.9999999999967575
parameter_G30,G30,"Baseline, G30",0.0,71,2Hz,30.0,0.02,0.5,512a8299eaef29ce,semantic_expanded,5.725309662242582e-06,0.00013776502449789965,0.00013869964173041205,0.00013794199187757542,0.00013794131228987423,0.0001379412710057469,0.00013794127081316206,0.00013771549922438357,0.00013760269596126015,0.00013760208567190413,0.0001376020451661102,0.0001376020449805013,1.0,0.00013795797737395187,0.00013764942107590716,0.003230340183258347,False,-0.0007913667716806573,0.00013760208567190413,2.1382262350542285,2.1103174654074794,2.169064611913842,0.05874714650636248,1.0,,,,,0.9985142614714935,31.630003780364135,0.9999949806618627,1.0,31.540683203911048,0.9999999999998881
parameter_G30,G30,"Baseline, G30",0.0,71,2Hz,30.0,0.02,0.5,512a8299eaef29ce,episodic_expanded,1.1431282108648529e-05,0.0002756274227123538,0.0002766231557607682,0.0002761774086003259,0.00027617697709811725,0.00027617692772240236,0.0002761769275492265,0.00027564434765111256,0.00027552176165771637,0.00027552132567330433,0.0002755212765631629,0.0002755212763947462,1.0,0.0002757959525270751,0.00027561213312191177,0.0009618841688184501,False,-0.00023303850603415555,0.00027552132567330433,2.2156457026534833,2.207915699999431,2.219691733360304,0.011776033360872962,1.0,,,,,0.9995855094552543,31.59873846752298,0.9999988171438469,1.0,31.540683203911048,0.9999999999998881
parameter_G30,G30,"Baseline, G30",0.0,71,2Hz,30.0,0.02,0.5,512a8299eaef29ce,semantic_anatomical_core,5.039822040258879e-06,0.0001213863087652109,0.00012234134579492683,0.0001215103591503057,0.00012150972805826453,0.0001215096873214661,0.00012150968709976805,0.00012132173860937924,0.00012120979647245611,0.0001212092309140085,0.00012120919108860448,0.00012120919087662887,1.0,0.00012158927074186426,0.00012125122804308457,0.004016569250925653,False,-0.0009844705533462062,0.0001212092309140085,2.122215375296899,2.0894558504904888,2.1603033339376747,0.07084748344718594,1.0,,,,,0.9984405250785233,31.630824266557966,0.9999933822427768,1.0,31.540683203911048,0.9999999999998881
parameter_G30,G30,"Baseline, G30",0.0,71,2Hz,30.0,0.02,0.5,512a8299eaef29ce,episodic_anatomical_core,1.2013643929618515e-05,0.0002891145986218345,0.00029011221565782236,0.00028970129173716086,0.00028970084870593175,0.0002897007942769009,0.0002897007941046613,0.000289135404279204,0.00028901517638208477,0.0002890147287311742,0.0002890146744980977,0.00028901467433132703,1.0,0.00028927995439118417,0.0002891097061306447,0.0008493109232699324,False,-0.00020486433394948378,0.0002890147287311742,2.2185347176666674,2.2116339772259948,2.221723981639153,0.010090004413158216,1.0,,,,,0.9995907252799552,31.59781620161889,0.9999988943300053,1.0,31.540683203911048,0.9999999999998881
parameter_G30,G30,"Baseline, G30",0.0,71,2Hz,30.0,0.02,0.5,512a8299eaef29ce,semantic_platel_peaks,6.2719395262691105e-06,0.00015084753988971834,0.00015177315046686866,0.00015106862615990694,0.00015106784553656826,0.00015106780095138937,0.00015106780078993077,0.00015081122016393552,0.00015069630385257377,0.0001506955893860658,0.00015069554506140037,0.00015069554490103668,1.0,0.00015103338616428657,0.0001507475089479126,0.0027333325098812845,False,-0.0006724341387977618,0.0001506955893860658,2.160090483344971,2.1383387551030273,2.1794892470509373,0.041150491947909984,1.0,,,,,0.9985142614714935,31.630003780364135,0.9999917838236909,1.0,31.540683203911048,0.9999999999998881
parameter_G30,G30,"Baseline, G30",0.0,71,2Hz,30.0,0.02,0.5,512a8299eaef29ce,episodic_platel_peaks,1.0493667778482382e-05,0.0002528771447028617,0.0002539423748176854,0.0002533468852071208,0.0002533463120868493,0.0002533462635925477,0.0002533462634221489,0.0002528798046159838,0.00025274349652722384,0.0002527429124908575,0.0002527428643862001,0.00025274286421542413,1.0,0.0002530687796844496,0.0002528265314644602,0.0013816705735485932,False,-0.0003392373541425187,0.0002527429124908575,2.209499983834898,2.1988029876349633,2.216619959822702,0.01781697218773859,1.0,,,,,0.9991407073725251,31.61036609344891,0.9999984911311679,1.0,31.540683203911048,0.9999999999998881
parameter_G30,G30,"Baseline, G30",0.0,71,2Hz,30.0,0.02,0.5,512a8299eaef29ce,semantic_expanded_left,5.786418517534171e-06,0.00013929600019623028,0.000140332324274096,0.00013945162585505118,0.00013945090236530607,0.00013945086585932817,0.00013945086564737992,0.00013922223860508867,0.00013910775552548112,0.00013910714419394573,0.00013910710875604464,0.0001391071085537071,1.0,0.00013951435121883514,0.00013915518770499794,0.003718839950688207,False,-0.0009094400199506581,0.00013910714419394573,2.102256991572794,2.065828568597827,2.1472992945716767,0.08147072597384986,1.0,,,,,0.9985142614714935,31.630003780364135,0.9999949806618627,1.0,31.540683203911048,0.9999999999998881
parameter_G30,G30,"Baseline, G30",0.0,71,2Hz,30.0,0.02,0.5,512a8299eaef29ce,episodic_expanded_left,1.1524505398237881e-05,0.0002774285166809005,0.00027842034019338093,0.00027798523157024325,0.00027798497807805247,0.00027798493582773334,0.00027798493562261557,0.00027744867167061167,0.0002773246384632224,0.0002773243753832548,0.0002773243340336556,0.00027732433383725067,1.0,0.00027759543696034475,0.00027741593948658346,0.0009331705088066859,False,-0.00022586760788820826,0.0002773243753832548,2.2152927191258893,2.2079179770698594,2.2189663120085505,0.011048334938691173,1.0,,,,,0.9995861364805725,31.59813762388301,0.9999988638460691,1.0,31.540683203911048,0.9999999999998881
parameter_G30,G30,"Baseline, G30",0.0,71,2Hz,30.0,0.02,0.5,512a8299eaef29ce,semantic_expanded_right,5.6540159977357285e-06,0.00013625087546067613,0.00013708595447026122,0.00013644870044707204,0.00013644806389568806,0.0001364480179411383,0.00013644801776752267,0.00013622506660317403,0.00013611392020726433,0.00013611331100909827,0.00013611326554922363,0.00013611326538000504,1.0,0.00013641896589734046,0.00013615994800495585,0.002741840415831489,False,-0.0006732935234103898,0.00013611331100909827,2.1741954785356628,2.154806362217132,2.1908299292560067,0.03602356703887466,1.0,,,,,0.998519394147109,31.62417285716455,0.999993836130487,1.0,31.540683203911048,0.9999999999998881
parameter_G30,G30,"Baseline, G30",0.0,71,2Hz,30.0,0.02,0.5,512a8299eaef29ce,episodic_expanded_right,1.1363483352583548e-05,0.00027383802162787857,0.00027483757203190643,0.0002743813424560215,0.00027438073526993875,0.000274380678863303,0.0002743806787216612,0.0002738517576404582,0.00027373060528496323,0.0002737299986554254,0.00027372994188740114,0.00027372994174661755,1.0,0.00027400813307022184,0.00027382005541784715,0.0009905978288276929,False,-0.00024020940418001402,0.0002737299986554254,2.215998686181077,2.207913422929003,2.2204171547120577,0.01250373178305475,1.0,,,,,0.9994397692110935,31.604188476416738,0.9999986822426139,1.0,31.540683203911048,0.9999999999998881
parameter_G30,G30,"Baseline, G30",0.0,71,2Hz,30.0,0.02,0.5,512a8299eaef29ce,shared_auditory_relay,2.0742701025645318e-05,0.0004995417221711133,0.0005008950651310331,0.0005006176541724488,0.0005006170568440953,0.0005006170147777478,0.0005006170146265041,0.0004995747009282357,0.0004994601810064789,0.0004994595812361923,0.0004994595396386056,0.0004994595394906145,1.0,0.0004997370815122758,0.000499619073107311,0.00034071965360944707,False,-8.019942165402583e-05,0.0004994595812361923,2.2425252592952614,2.2388543333648627,2.2424303506227874,0.0035760172579246685,1.0,,,,,0.999866626623396,31.58565544201521,0.9999997243894396,1.0,31.540683203911048,0.9999999999998881
parameter_G30,G30,"Baseline, G30",0.0,71,2Hz,30.0,0.02,0.5,512a8299eaef29ce,anterior_temporal_context,8.720528895295753e-06,0.0002098640296210806,0.00021085314829444624,0.00021023449302826977,0.00021023360825045694,0.00021023357357106707,0.00021023357346631102,0.0002098491691733248,0.00020972695923589482,0.00020972611986441253,0.0002097260853199455,0.0002097260852124139,1.0,0.00021004937055805082,0.00020979661744925584,0.001737045064597146,False,-0.0004248637417776813,0.00020972611986441253,2.175156140933727,2.158173080246436,2.1899957773511116,0.03182269710467578,1.0,,,,,0.9993273041251893,31.60587654874784,0.9999982775540626,1.0,31.540683203911048,0.9999999999998881
parameter_G30,G30,"Baseline, G30",0.0,71,2Hz,30.0,0.02,0.5,512a8299eaef29ce,hippocampal_context,1.2084667063522232e-05,0.0002890280454852023,0.00029019600538322403,0.000289574924477534,0.00028957453798699134,0.0002895744722253447,0.00028957447211181006,0.0002890350903468196,0.0002888885446512706,0.0002888881397344795,0.0002888880752529649,0.00028888807513470114,1.0,0.0002892342117241195,0.0002889832093143443,0.0012525390671537424,False,-0.00030943620884062997,0.0002888881397344795,2.2188877399972546,2.2099607778242096,2.2241647453061186,0.014203967481908997,1.0,,,,,0.9993562005041081,31.600712139236087,0.999999433881839,1.0,31.540683203911048,0.9999999999998881
parameter_G30,G30,"Baseline, G30",0.0,71,2Hz,30.0,0.02,0.5,512a8299eaef29ce,angular_parietal_context,1.0485217072170438e-05,0.00025253884790675665,0.00025363081207864117,0.0002530069111780106,0.0002530064433762875,0.0002530063871775568,0.00025300638705883004,0.0002525421007325793,0.00025239967924823296,0.00025239919697852474,0.0002523991417223767,0.00025239914160276027,1.0,0.00025273635429908805,0.0002524834798020637,0.0014442062194126041,False,-0.0003557708710061114,0.00025239919697852474,2.203902449576397,2.1933403049089053,2.2108780601008755,0.017537755191970206,1.0,,,,,0.9991760492612005,31.6090065510612,0.9999987156291406,1.0,31.540683203911048,0.9999999999998881
parameter_G30,G30,"Baseline, G30",0.0,71,5Hz,30.0,0.02,0.5,512a8299eaef29ce,semantic_expanded,1.0309574972249197e-05,0.00018634593437920227,0.00018698199556578226,0.00018651531579422614,0.00018651493357900377,0.00018651493948438158,0.0001865149387991857,0.0001863829767489133,0.0001862161239496689,0.00018621572022294182,0.0001862157295700157,0.00018621572885758392,1.0,0.00018647236922734412,0.00018628470472758547,0.0014526493791490696,False,-0.00036096286740718855,0.0001862157295700157,1.3187911940186428,1.3171388577487662,1.320364936489625,0.0032260787408588953,1.0,,,,,0.9991454908471183,31.95749307263462,0.9999943759592665,1.0,31.883315931227575,0.9999999999966549
parameter_G30,G30,"Baseline, G30",0.0,71,5Hz,30.0,0.02,0.5,512a8299eaef29ce,episodic_expanded,2.047256007831854e-05,0.0003708399335953466,0.0003716011868230519,0.0003712821355762786,0.00037128224615420646,0.00037128232154867523,0.0003712823204673819,0.00037088765389767584,0.0003707137164502087,0.0003707138017800074,0.0003707138891856463,0.0003707138880697964,1.0,0.00037096667030636583,0.0003708392020563057,0.0004958111573230302,False,-0.0001238128792477866,0.0003707138880697964,1.3836133823360595,1.3833839057948234,1.3836961312444107,0.00031222544958731113,1.0,,,,,0.9995677088383698,31.92719452889277,0.9999981345743093,1.0,31.883315931227575,0.9999999999966549
parameter_G30,G30,"Baseline, G30",0.0,71,5Hz,30.0,0.02,0.5,512a8299eaef29ce,semantic_anatomical_core,9.082227387145045e-06,0.0001643286827648838,0.00016496093197556293,0.00016446144197370497,0.0001644611774836136,0.00016446117353207792,0.00016446117309456442,0.00016435992969333836,0.0001641955580344317,0.00016419528168997165,0.00016419527971958932,0.00016419527926432286,1.0,0.00016445796362437085,0.00016425710416611726,0.0017631012922608084,False,-0.0004378541300334327,0.00016419528168997165,1.30786913229727,1.3058276756701124,1.309853543405204,0.004025867735091726,1.0,,,,,0.9991149206412726,31.961703232598147,0.9999942286849313,1.0,31.883315931227575,0.9999999999966549
parameter_G30,G30,"Baseline, G30",0.0,71,5Hz,30.0,0.02,0.5,512a8299eaef29ce,episodic_anatomical_core,2.150393838252257e-05,0.00038877192609239374,0.000389542933629934,0.0003892406801736367,0.00038924072767765447,0.00038924081535441897,0.00038924081420281574,0.000388819931030167,0.00038864689066562673,0.00038864690722768504,0.0003886470084608845,0.00038864700727279716,1.0,0.00038889822611254545,0.0003887773953468017,0.0004483153209840682,False,-0.00011191005774220387,0.00038864700727279716,1.3863742009476918,1.386182067720633,1.386418475423191,0.00023640770255806132,1.0,,,,,0.9995752147732562,31.926122942266147,0.9999983427871733,1.0,31.883315931227575,0.9999999999966549
parameter_G30,G30,"Baseline, G30",0.0,71,5Hz,30.0,0.02,0.5,512a8299eaef29ce,semantic_platel_peaks,1.1298915125591166e-05,0.00020415361842850648,0.0002047985368970196,0.00020435347981144505,0.00020435288764215445,0.00020435293433432498,0.00020435293330473315,0.0002041947631053029,0.00020402497947157183,0.0002040243412767084,0.0002040243968129751,0.0002040243957418221,1.0,0.0002042788735874882,0.0002041001124212632,0.0012630320037220573,False,-0.00031443819751775237,0.0002040243968129751,1.3308264205428113,1.3297874453617724,1.3317410347698644,0.0019535894080919824,1.0,,,,,0.9991454908471183,31.965913392561678,0.9999953858613672,1.0,31.883315931227575,0.9999999999966549
parameter_G30,G30,"Baseline, G30",0.0,71,5Hz,30.0,0.02,0.5,512a8299eaef29ce,episodic_platel_peaks,1.882969337593155e-05,0.000340879249196626,0.0003416567346295086,0.0003412684171744203,0.0003412687573076746,0.0003412688178289287,0.0003412688170448703,0.0003409190402969413,0.0003407421600389267,0.00034074247982478304,0.0003407425514231428,0.0003407425506140909,1.0,0.00034101475515715897,0.0003408600698037886,0.0006545594231214901,False,-0.00016381219267209702,0.0003407425506140909,1.379174424073133,1.3788147371195925,1.3793906412364347,0.000575904116842274,1.0,,,,,0.9993894137718236,31.9334614213235,0.9999965061921192,1.0,31.883315931227575,0.9999999999966549
parameter_G30,G30,"Baseline, G30",0.0,71,5Hz,30.0,0.02,0.5,512a8299eaef29ce,semantic_expanded_left,1.0426364485624172e-05,0.00018854707472628227,0.00018923063697975386,0.00018870890264418276,0.0001887082198899375,0.00018870821212479909,0.00018870821110009647,0.00018857137507291542,0.00018840492145377123,0.00018840421889501435,0.00018840421188891045,0.0001884042108226061,1.0,0.000188685205760632,0.00018847487225190997,0.0016091159118577641,False,-0.00039911245044415016,0.00018840421889501435,1.2923517593301688,1.2899440189915998,1.2947330246993243,0.0047890057077244474,1.0,,,,,0.9991454908471183,31.95749307263462,0.9999943759592665,1.0,31.883315931227575,0.9999999999966549
parameter_G30,G30,"Baseline, G30",0.0,71,5Hz,30.0,0.02,0.5,512a8299eaef29ce,episodic_expanded_left,2.0646872249615924e-05,0.0003733715016657879,0.0003741334431560692,0.0003738184316465475,0.0003738187717796275,0.0003738188053035518,0.0003738188038509092,0.0003734211114496362,0.00037324510382635335,0.00037324543585233,0.0003732454762920736,0.000373245474791986,1.0,0.00037349786342029775,0.0003733721431446525,0.0004856963550051491,False,-0.00012130692666385557,0.000373245474791986,1.382700387522422,1.3824891159136332,1.3827646343006055,0.00027551838697226216,1.0,,,,,0.9995696241861671,31.926548080320778,0.999998196327816,1.0,31.883315931227575,0.9999999999966549
parameter_G30,G30,"Baseline, G30",0.0,71,5Hz,30.0,0.02,0.5,512a8299eaef29ce,semantic_expanded_right,1.0173320539978396e-05,0.00018417049063247865,0.00018476007492118144,0.00018434722759961053,0.00018434713902907833,0.0001843471582882478,0.0001843471579348049,0.00018421997510679168,0.0001840527548392465,0.00018405264309644698,0.00018405266841772916,0.00018405266805109275,1.0,0.0001842854840955099,0.0001841199879900279,0.001296182846440427,False,-0.00032281328437004935,0.00018405266841772916,1.3452306287071167,1.3443336965059325,1.3459968482799258,0.0016631517739933432,1.0,,,,,0.9991408174334921,31.955601269413876,0.9999944492556225,1.0,31.883315931227575,0.9999999999966549
parameter_G30,G30,"Baseline, G30",0.0,71,5Hz,30.0,0.02,0.5,512a8299eaef29ce,episodic_expanded_right,2.0345787590102273e-05,0.0003683255302974353,0.0003690860696211476,0.0003687630478542652,0.00036876293197650857,0.00036876304867176305,0.0003687630479568458,0.00036837138446650094,0.0003681994972083072,0.00036819933917305454,0.0003681994729056178,0.00036819947216886167,1.0,0.0003684526310752469,0.00036832344433494226,0.0005059259596407438,False,-0.0001263188318314512,0.0003681994729056178,1.384526377149697,1.3842786956760138,1.384627628188216,0.00034893251220213806,1.0,,,,,0.9995102314695897,31.93191591936759,0.9999978544182093,1.0,31.883315931227575,0.9999999999966549
parameter_G30,G30,"Baseline, G30",0.0,71,5Hz,30.0,0.02,0.5,512a8299eaef29ce,shared_auditory_relay,3.696603289813856e-05,0.0006687688339641831,0.0006698425182538061,0.0006696115466429186,0.0006696109654890076,0.000669611009093974,0.0006696110074183043,0.0006687873285230905,0.0006686230850379425,0.0006686224417524777,0.0006686224932270522,0.0006686224915058495,1.0,0.0006689259225319434,0.0006688330265398871,0.00020036582430109674,False,-4.99289236514322e-05,0.0006686224932270522,1.413973720825071,1.4139058894821144,1.4138849017811475,2.0987700966923484e-05,1.0,,,,,0.999707476812563,31.913717480622847,0.9999994613235154,1.0,31.883315931227575,0.9999999999966549
parameter_G30,G30,"Baseline, G30",0.0,71,5Hz,30.0,0.02,0.5,512a8299eaef29ce,anterior_temporal_context,1.5671221354155538e-05,0.00028331717038555625,0.00028403064686218627,0.0002836300879628475,0.0002836295611638821,0.0002836295903019824,0.00028362958913683126,0.00028335865457639926,0.0002831855407266847,0.0002831849537895307,0.000283184990563231,0.0002831849893546525,1.0,0.0002834464671806214,0.00028328561384539274,0.0008189489285878611,False,-0.00020398234399969796,0.000283184990563231,1.3456347251701468,1.344859403328711,1.3462835082846363,0.001424104955925376,1.0,,,,,0.9994533191020394,31.932230765603308,0.9999969832427544,1.0,31.883315931227575,0.9999999999966549
parameter_G30,G30,"Baseline, G30",0.0,71,5Hz,30.0,0.02,0.5,512a8299eaef29ce,hippocampal_context,2.1701876025322955e-05,0.00039004969976073694,0.00039088542617303067,0.0003905060096188293,0.00039050666759557755,0.0003905066854789958,0.0003905066847938184,0.00039006621817771803,0.00038990508802717644,0.0003899057289374601,0.00038990575815266805,0.0003899057574455094,1.0,0.0003901912996413103,0.0003900408621339075,0.0005563355606604098,False,-0.0001397302526604527,0.0003899057574455094,1.389044637573726,1.3888014015176031,1.3891422833311196,0.000340881813516436,1.0,,,,,0.999469174509809,31.92227336590819,0.999996955447858,1.0,31.883315931227575,0.9999999999966549
parameter_G30,G30,"Baseline, G30",0.0,71,5Hz,30.0,0.02,0.5,512a8299eaef29ce,angular_parietal_context,1.885831554590989e-05,0.0003412090509100577,0.00034199741986920437,0.0003416008072165161,0.00034160122431405135,0.00034160124058540324,0.0003416012391425485,0.00034124248304651236,0.0003410675920583542,0.0003410679749658065,0.0003410679994929081,0.00034106799799704174,1.0,0.0003413466792918579,0.00034118885596487453,0.0006671914456378658,False,-0.00016713176219882442,0.00034106799799704174,1.3717496515154979,1.371412848468214,1.3719458095012564,0.0005329610330424561,1.0,,,,,0.9993906569442957,31.930900781395714,0.9999965889930619,1.0,31.883315931227575,0.9999999999966549
parameter_G30,G30,"High AD-like perturbation, G30",1.0,11,2Hz,30.0,0.02,0.5,ac884c60d8359016,semantic_expanded,0.005446975720346947,0.14507293875884675,0.05661485271211717,0.09922632022558545,0.13595975965997883,0.1777088326257167,0.21166560858902508,0.004750259296178638,0.006820988426354177,0.00995932965646414,0.01027878918699144,0.014599990771776313,1.0,0.08962732629929765,0.18442469251815244,1.0410212654078241,True,0.23228947011595613,0.00995932965646414,0.09239638711272243,0.16619924905846906,0.06094546733056304,0.10525378172790602,1.0,,,,,0.0003664484906903409,1.377999027954362,0.17286083309493433,0.38461538461538464,31.546465412873772,0.9999990299879813
parameter_G30,G30,"High AD-like perturbation, G30",1.0,11,2Hz,30.0,0.02,0.5,ac884c60d8359016,episodic_expanded,0.0026631323675087516,0.061553888351684835,0.024762496078945952,0.04145449463835296,0.061756271906668596,0.06985896190068823,0.08887178983704073,0.001135325126554243,0.0018997501300514871,0.002838513324722915,0.002363861848996744,0.002352859741947589,1.0,0.0410987534105712,0.07609254754545998,0.8886605286600363,False,0.2220027133211512,0.002352859741947589,0.07666408730027333,0.1143258439006153,0.054589291667981765,0.059736552232633536,1.0,,,,,0.0008415525640370625,5.442323388245737,0.2698146902087847,0.5789473684210527,31.546465412873772,0.9999990299879813
parameter_G30,G30,"High AD-like perturbation, G30",1.0,11,2Hz,30.0,0.02,0.5,ac884c60d8359016,semantic_anatomical_core,0.004689218825758655,0.1113899997662182,0.04654929618824091,0.07534490247941177,0.10578903382783209,0.1393297857025949,0.15787421454532094,0.004664642955046401,0.005276024005355233,0.00814507536625538,0.011267822652221853,0.014602923879591608,1.0,0.06965256326667571,0.14103382067879752,1.0177928190682413,True,0.22054052436385324,0.00814507536625538,0.0783626163087379,0.13452694697298234,0.05329502410196173,0.08123192287102061,1.0,,,,,0.0003263593324268066,1.80027155330215,0.15391679583726525,0.4,31.546465412873772,0.9999990299879813
parameter_G30,G30,"High AD-like perturbation, G30",1.0,11,2Hz,30.0,0.02,0.5,ac884c60d8359016,episodic_anatomical_core,0.0028238559814582247,0.054076408900398616,0.021502500390389763,0.03809599145574797,0.052120182938116676,0.059904252205316436,0.078445058671044,0.0010842436340681308,0.001828819902546679,0.0027222783953576996,0.0022141912658732313,0.0021337013857787453,1.0,0.036550025669410166,0.06631512855333319,0.8594656123161605,False,0.21936877477509992,0.0021337013857787453,0.07021047131466536,0.10177143293819167,0.049859355646850304,0.05191207729134137,1.0,,,,,0.0008741008173258069,5.960754228994018,0.28450352573627824,0.625,31.546465412873772,0.9999990299879813
parameter_G30,G30,"High AD-like perturbation, G30",1.0,11,2Hz,30.0,0.02,0.5,ac884c60d8359016,semantic_platel_peaks,0.011096103349149908,0.2981368196399946,0.11293877897056456,0.20655838743877064,0.28023765261611017,0.36438367906520674,0.43761049803491814,0.007976059807158105,0.014457390105801332,0.020329892500804313,0.014578879817398928,0.02440951381794161,1.0,0.18384721922972988,0.3796909150400421,1.0463181243356237,True,0.23635607583637688,0.014578879817398928,0.07549483148513404,0.1368044859121482,0.050733215222580605,0.08607127068956759,1.0,,,,,0.0008888072685608872,1.2258735524063546,0.19363755826094076,0.4,31.546465412873772,0.9999990299879813
parameter_G30,G30,"High AD-like perturbation, G30",1.0,11,2Hz,30.0,0.02,0.5,ac884c60d8359016,episodic_platel_peaks,0.0014942545043883995,0.04015637452757665,0.018651394052270766,0.02417050723323839,0.04263939594644954,0.04666860509612179,0.05657796902190458,0.0004988773400964547,0.00127906465413647,0.0010288015233229037,0.0007340480267402,0.0011953191084505862,1.0,0.026816692157258328,0.04958899440158647,0.8868886781429803,False,0.20755592226684083,0.0010288015233229037,0.09310827324787883,0.1417417025255979,0.06791691943435088,0.07382478309124701,1.0,,,,,0.00045800173814758427,3.3632274070385284,0.15160792844655938,0.25,31.546465412873772,0.9999990299879813
parameter_G30,G30,"High AD-like perturbation, G30",1.0,11,2Hz,30.0,0.02,0.5,ac884c60d8359016,semantic_expanded_left,0.004901207345966654,0.12872850129042096,0.0455667975941856,0.08358352726327015,0.113829808196226,0.16074896645232445,0.19271361922212668,0.00811979820271087,0.014781797644703866,0.02071203137854827,0.028283963482134897,0.03401639566810701,1.0,0.07344722482038463,0.16659855989243919,1.181596044686127,True,0.2552163101191674,0.02071203137854827,0.0778254179921772,0.14298414591717037,0.05086754832067084,0.09211659759649954,1.0,,,,,0.0008888072685608872,2.222544078649938,0.19363755826094076,0.42857142857142855,31.546465412873772,0.9999990299879813
parameter_G30,G30,"High AD-like perturbation, G30",1.0,11,2Hz,30.0,0.02,0.5,ac884c60d8359016,episodic_expanded_left,0.004781193534553509,0.12557638039717234,0.04744795683641911,0.0879077234427397,0.13430755031673924,0.14657707465096226,0.17764688168534118,0.0030665265980648246,0.003002461459993324,0.008641514597102516,0.008801367440563226,0.00544470127667464,1.0,0.08539526902223554,0.15572151713876894,0.8667402550076542,False,0.22733933188700242,0.00544470127667464,0.07597890677265631,0.12116797520492567,0.05373331693195683,0.06743465827296885,1.0,,,,,0.000816302590576079,5.253878291771747,0.2428736756349415,0.5,31.546465412873772,0.9999990299879813
parameter_G30,G30,"High AD-like perturbation, G30",1.0,11,2Hz,30.0,0.02,0.5,ac884c60d8359016,semantic_expanded_right,0.006083705490457288,0.1634926014763927,0.07034160214988895,0.11779668731253803,0.16239205301069878,0.19645805438233557,0.2324813889137854,0.0027790054404797948,0.003147511840626991,0.004788919319080248,0.003735456214166956,0.006266382029881175,1.0,0.10937183316599959,0.20415823061360494,0.9004464861295218,False,0.2093626301127448,0.003735456214166956,0.10696735623326765,0.18941435219976777,0.07102338634045523,0.11839096585931254,1.0,,,,,0.00020014753047803424,1.1532917758656072,0.134180038248712,0.3333333333333333,31.546465412873772,0.9999990299879813
parameter_G30,G30,"High AD-like perturbation, G30",1.0,11,2Hz,30.0,0.02,0.5,ac884c60d8359016,episodic_expanded_right,0.0011227242460216552,0.030171925319301525,0.012923237436204228,0.019548625062968384,0.02839629723583046,0.03329493762556663,0.04446008257453621,0.00042033326689513344,0.0012020306021309141,0.0009323779765796018,0.0006348834858762273,0.001016758988963076,1.0,0.019779872482902076,0.03718224621969454,0.9105808023124196,False,0.21666609475529977,0.0009323779765796018,0.07734926782789034,0.10748371259630493,0.0554452664040067,0.05203844619229823,1.0,,,,,0.0009066490706145514,5.442323388245737,0.2877040707781548,0.6363636363636364,31.546465412873772,0.9999990299879813
parameter_G30,G30,"High AD-like perturbation, G30",1.0,11,2Hz,30.0,0.02,0.5,ac884c60d8359016,shared_auditory_relay,0.008127066106397076,0.06535416235709623,0.035307503444590965,0.05705634969756761,0.061369119198842075,0.06479618632900591,0.08722240600762965,0.002947165751309231,0.004243018833925616,0.0048173083638855165,0.0035054067891186467,0.003545163140297679,1.0,0.049792099166669504,0.07379939622204436,0.5676921744231946,False,0.1396484700740935,0.003545163140297679,0.11980320911986633,0.17342643211591552,0.09127429134609485,0.08215214076982066,1.0,,,,,0.003240328103838508,8.606274639464981,0.43205941005264903,0.7142857142857143,31.546465412873772,0.9999990299879813
parameter_G30,G30,"High AD-like perturbation, G30",1.0,11,2Hz,30.0,0.02,0.5,ac884c60d8359016,anterior_temporal_context,0.009201313413931204,0.2331566809414902,0.08433406717228523,0.1473627741155311,0.22638973357239034,0.2754960850346194,0.3520254941657639,0.005117653600951026,0.008779922196724948,0.013027334753293119,0.01308588774263934,0.018243757109686495,1.0,0.1414785017777004,0.298206500885777,1.0757288621898022,True,0.2512822322485195,0.013027334753293119,0.10970856789312063,0.19733306700039022,0.0569394969072197,0.14039357009317052,1.0,,,,,0.0018177527586412112,1.6655980311051353,0.19513373418372754,0.3888888888888889,31.546465412873772,0.9999990299879813
parameter_G30,G30,"High AD-like perturbation, G30",1.0,11,2Hz,30.0,0.02,0.5,ac884c60d8359016,hippocampal_context,0.0016110838074153738,0.02697978356456688,0.014803049765603116,0.02878101165165047,0.03709901850538492,0.02073726771166946,0.028513511584210036,0.0005332650794627808,0.0011260011953767135,0.0009306142529933161,0.0007093179538887375,0.0003547069043350559,1.0,0.027344336822025164,0.02665536232794071,0.036816280201283746,False,0.07093055495690362,0.0007093179538887375,0.027672548650618953,0.03237929442589348,0.021780593793210592,0.010598700632682891,1.0,,,,,0.0008544316174354805,6.1958111770767825,0.23744142550892647,0.5,31.546465412873772,0.9999990299879813
parameter_G30,G30,"High AD-like perturbation, G30",1.0,11,2Hz,30.0,0.02,0.5,ac884c60d8359016,angular_parietal_context,0.0010124965634118524,0.020454168910197277,0.009453749496463888,0.02018082451703186,0.023799077505599345,0.023510281210844853,0.02203524688407322,0.00039160704556486355,0.0015090169700153787,0.0011065939870647018,0.0006593229500812966,0.000587141407586208,1.0,0.019098691362884147,0.021705882764586844,0.18461230870558426,False,0.13310078568515657,0.0006593229500812966,0.04670930739776083,0.06761714508025504,0.0199518471421892,0.04766529793806584,1.0,,,,,0.000768200192295565,6.255308189629754,0.2554083341772597,0.8333333333333334,31.546465412873772,0.9999990299879813
parameter_G30,G30,"High AD-like perturbation, G30",1.0,11,5Hz,30.0,0.02,0.5,ac884c60d8359016,semantic_expanded,0.005704108386805244,0.10973745047127875,0.04163956957970917,0.07204047170442292,0.10063783810218237,0.1334304330626525,0.1577673130586691,0.002791038235536423,0.0026956474889506094,0.004603391206704332,0.0038885189421307294,0.004732692279830009,1.0,0.06701562452021814,0.13940204444257964,1.0566823191069972,True,0.23663753832086495,0.0038885189421307294,0.036097674498587876,0.056513555503183203,0.026663702074122886,0.029849853429060318,1.0,,,,,0.0006531537303451351,1.1841741034107918,0.179896541801767,0.38461538461538464,31.870569248847925,0.9999990362402845
parameter_G30,G30,"High AD-like perturbation, G30",1.0,11,5Hz,30.0,0.02,0.5,ac884c60d8359016,episodic_expanded,0.0024938454629568315,0.039730902095311924,0.014235885623304459,0.025342943172783867,0.03872524962743186,0.04529763631533963,0.056980425465988124,0.0010420795224000078,0.0019591681764003274,0.001399906411853102,0.0016227094366718148,0.0033266057327275083,1.0,0.025504657168585774,0.04955133939662092,0.9581633463999407,False,0.2419859992701553,0.0016227094366718148,0.052185240663353845,0.05549722636489659,0.05036026222149305,0.00513696414340354,1.0,,,,,0.003527419757097805,3.4712154788638605,0.261648147515874,0.5789473684210527,31.870569248847925,0.9999990362402845
parameter_G30,G30,"High AD-like perturbation, G30",1.0,11,5Hz,30.0,0.02,0.5,ac884c60d8359016,semantic_anatomical_core,0.00507566483913618,0.08379411657927324,0.033988296735027713,0.05451080143728344,0.07820452165943285,0.10372566067352272,0.11708912394500065,0.0028152657060279045,0.002181025296182778,0.0044211879298074516,0.004284511845825733,0.0050115650126294296,1.0,0.05195242850096856,0.10594231112993523,1.028015792288867,True,0.22485765087562093,0.004284511845825733,0.03170679639815102,0.04168290873673112,0.026756661533390992,0.014926247203340126,1.0,,,,,0.0006104558869610144,1.3328779776166213,0.16378824490969338,0.3,31.870569248847925,0.9999990362402845
parameter_G30,G30,"High AD-like perturbation, G30",1.0,11,5Hz,30.0,0.02,0.5,ac884c60d8359016,episodic_anatomical_core,0.002694653551532642,0.035413550089814734,0.012659801485343515,0.02359542574028901,0.03278879619917673,0.03945056851951373,0.05119183333509192,0.0010568533432161922,0.0018929598638498418,0.0013672130141029937,0.0014520643983283689,0.00320200025931403,1.0,0.022899026437277235,0.043895120271910545,0.9387743045271233,False,0.2386428336196049,0.0014520643983283689,0.050814263689807966,0.05050699262473814,0.050801367603325716,0.00029437497858757905,1.0,,,,,0.003536332799118025,4.0600535164931255,0.2762064508918788,0.625,31.870569248847925,0.9999990362402845
parameter_G30,G30,"High AD-like perturbation, G30",1.0,11,5Hz,30.0,0.02,0.5,ac884c60d8359016,semantic_platel_peaks,0.011686810380338416,0.22451814948670268,0.08415711968397942,0.15190368518339098,0.20782683570502403,0.27225483885159385,0.3238225262981749,0.004275763415345243,0.004832722966254483,0.007823616864944635,0.004667674036133494,0.007003331696302715,1.0,0.13905685534818307,0.28520007465920066,1.0362994897507125,True,0.2364946524917958,0.004832722966254483,0.03234930121268649,0.04295824894318509,0.028150687798351205,0.014807561144833885,1.0,,,,,0.0005677580435768936,-1.4999093909588774,0.207580436712364,0.4,31.870569248847925,0.9999990362402845
parameter_G30,G30,"High AD-like perturbation, G30",1.0,11,5Hz,30.0,0.02,0.5,ac884c60d8359016,episodic_platel_peaks,0.0011945559957581107,0.023059855982073007,0.009010593398816196,0.012892339675378672,0.024717592517102423,0.02713267055775633,0.03187077585345273,0.0005168758962824164,0.000851548633856145,0.0006363255484387487,0.0006704513003628395,0.0011863428194185763,1.0,0.014951407462907707,0.02867675903869027,0.939600684098006,False,0.2359298590354354,0.0006704513003628395,0.08176458509189262,0.10264671983877334,0.071141087554162,0.03150563228461134,1.0,,,,,0.0020130487548720155,3.014052108357019,0.24789468843391121,0.5,31.870569248847925,0.9999990362402845
parameter_G30,G30,"High AD-like perturbation, G30",1.0,11,5Hz,30.0,0.02,0.5,ac884c60d8359016,semantic_expanded_left,0.005527058006766293,0.1055414725872509,0.037168013244041974,0.06483004821991266,0.09043418700795168,0.1306883480169541,0.15599535669862075,0.0030582934039829063,0.001997445616977348,0.004614875572717983,0.0037656233146621376,0.008165500591314734,1.0,0.05953221425105704,0.13626340753366853,1.1946557294324047,True,0.2575067592132688,0.0037656233146621376,0.03550606112705289,0.05122502724870478,0.02974173277918469,0.02148329446952009,1.0,,,,,0.0006531537303451351,1.1841741034107918,0.179896541801767,0.42857142857142855,31.870569248847925,0.9999990362402845
parameter_G30,G30,"High AD-like perturbation, G30",1.0,11,5Hz,30.0,0.02,0.5,ac884c60d8359016,episodic_expanded_left,0.004659076789585471,0.08896701005633648,0.031221300095688586,0.059390152761314555,0.09180712253196663,0.10439913833837579,0.12528196083921747,0.002085906685649041,0.00508356619947713,0.0035171924742425265,0.0051635918225547625,0.009846054325445148,1.0,0.05840467996680237,0.11127741446290655,0.9300049222819553,False,0.24114832567609668,0.00508356619947713,0.023549215108294635,0.022295696073647064,0.023805486663481104,0.0015097905898340397,1.0,,,,,0.003260521748137346,7.14705454071979,0.26552770619235294,0.5,31.870569248847925,0.9999990362402845
parameter_G30,G30,"High AD-like perturbation, G30",1.0,11,5Hz,30.0,0.02,0.5,ac884c60d8359016,semantic_expanded_right,0.005910667163517353,0.11410024647875756,0.046649083538555236,0.08005284132739075,0.11199276283636565,0.13623005216178374,0.15955939712897985,0.0025471377017264765,0.00363790399244103,0.0045919354201530375,0.004015425415610416,0.002743049977779279,1.0,0.07543972597584203,0.14261297546055707,0.9187089087815907,False,0.21576831742846114,0.00363790399244103,0.03668928787012287,0.06180208375766163,0.023585671369061086,0.038216412388600546,1.0,,,,,0.0005039439350138508,-0.2268258457152319,0.18552698287262143,0.3333333333333333,31.870569248847925,0.9999990362402845
parameter_G30,G30,"High AD-like perturbation, G30",1.0,11,5Hz,30.0,0.02,0.5,ac884c60d8359016,episodic_expanded_right,0.0009191317708632761,0.017743032842260083,0.006491095465553415,0.010814330975712013,0.016334734357726376,0.019654145507468544,0.025915693404989226,0.0005206032170454143,0.0007550486789794496,0.0005571881483027118,0.0005099523754689334,0.0011239330329934174,1.0,0.011137592700736231,0.02206499178517115,0.9863217705179274,False,0.24282367286421383,0.0005571881483027118,0.08082126621841305,0.08869875665614611,0.076915037779505,0.01178371887664112,1.0,,,,,0.003527419757097805,1.5709535600455424,0.261648147515874,0.6363636363636364,31.870569248847925,0.9999990362402845
parameter_G30,G30,"High AD-like perturbation, G30",1.0,11,5Hz,30.0,0.02,0.5,ac884c60d8359016,shared_auditory_relay,0.007621701115351141,0.04309691315197769,0.017888483659893175,0.033887982281871946,0.03942391169998226,0.04428428314473171,0.05879424269769687,0.0017145517377356834,0.003745375451820499,0.0030052771380906468,0.0031345529276079324,0.006545184011658461,1.0,0.029790386178275074,0.05044718853524994,0.7599270433187846,False,0.1909654301006894,0.0031345529276079324,0.10826726661026732,0.1285435359520598,0.09721546353841609,0.031328072413643715,1.0,,,,,0.01229281157310358,7.919319697004064,0.40796409148872953,0.8571428571428571,31.870569248847925,0.9999990362402845
parameter_G30,G30,"High AD-like perturbation, G30",1.0,11,5Hz,30.0,0.02,0.5,ac884c60d8359016,anterior_temporal_context,0.008835912208031316,0.1619181483194661,0.058384686503515255,0.10086066358569439,0.154741386623424,0.18762892329785508,0.24149312825321229,0.004067664935033139,0.00847973302349245,0.006491682380949796,0.01370715802761673,0.015477207530948224,1.0,0.09820579816404673,0.20670087990841612,1.0736644199497056,True,0.24960795207771175,0.00847973302349245,0.033726619769272194,0.05290451340772327,0.021142837202906134,0.03176167620481714,1.0,,,,,0.006200628479690495,-1.3524584409866014,0.2322946431707767,0.4444444444444444,31.870569248847925,0.9999990362402845
parameter_G30,G30,"High AD-like perturbation, G30",1.0,11,5Hz,30.0,0.02,0.5,ac884c60d8359016,hippocampal_context,0.0013497819632561257,0.01697238972199996,0.007399011799796377,0.016488660211331503,0.02336595573636154,0.014117547480720083,0.018121350569897193,0.0006599254751709103,0.0007274809963027075,0.00025554201102590804,0.0005486041732229309,0.0005993411970855532,1.0,0.01643901703298463,0.017441183689585957,0.08537391954710347,False,0.11802936308017276,0.0005993411970855532,0.04296742055123024,0.04225678027502619,0.04333413178610041,0.0010773515110742218,1.0,,,,,0.0028589823666138048,-0.6820109856871046,0.17678074989290418,0.5,31.870569248847925,0.9999990362402845
parameter_G30,G30,"High AD-like perturbation, G30",1.0,11,5Hz,30.0,0.02,0.5,ac884c60d8359016,angular_parietal_context,0.000982620368308337,0.014157362449401224,0.005316698441823187,0.010731092423582788,0.01376942808974329,0.01765483540219719,0.01758881024462377,0.0006270484143809087,0.0008782047794925364,0.0006262957820787023,0.0005992628683534528,0.0008854520179425783,1.0,0.010824424832301009,0.016510858471534814,0.6091247664045278,False,0.20851885632544623,0.0006270484143809087,0.047767503367934935,0.04866639973001032,0.046925820970993855,0.0017405787590164673,1.0,,,,,0.002905036539839756,-2.048550295465114,0.22678638290459535,0.3333333333333333,31.870569248847925,0.9999990362402845
parameter_G30,G30,"High AD-like perturbation, G30",1.0,23,2Hz,30.0,0.02,0.5,ac884c60d8359016,semantic_expanded,0.011005747491830198,0.28408123152373377,0.21106930377971728,0.24203348485299783,0.22000322322340443,0.2261839842485032,0.37788133894590825,0.023683072051773668,0.026993997951674738,0.014777625277592753,0.011216875441070206,0.014394710217302605,1.0,0.2298633023851668,0.2987146197869064,0.37799168965899654,False,0.07913615564983952,0.014777625277592753,0.06435517246769461,0.06722326284678679,0.06422680946329135,0.00299645338349544,1.0,,,,,0.00019360817401947727,-6.400071802434445,0.12093019294709059,0.0,31.18193059278162,0.999768683271485
parameter_G30,G30,"High AD-like perturbation, G30",1.0,23,2Hz,30.0,0.02,0.5,ac884c60d8359016,episodic_expanded,0.008229088332332483,0.21127315050614076,0.06517708342347941,0.1333953123729833,0.13812746978915222,0.2766048923823833,0.3117889054142277,0.003700189805542556,0.004292904011578259,0.004201937263157165,0.005272366607539139,0.009614968819436772,1.0,0.11243053564678115,0.27057766158510993,1.267008819364804,True,0.27841922444904105,0.004292904011578259,0.06804051884424317,0.05714978135376718,0.07764787697779621,0.02049809562402903,1.0,,,,,0.0001799461418857673,-6.537637317231021,0.2128696943063186,0.0,31.18193059278162,0.999768683271485
parameter_G30,G30,"High AD-like perturbation, G30",1.0,23,2Hz,30.0,0.02,0.5,ac884c60d8359016,semantic_anatomical_core,0.010226081451621849,0.1960328598488353,0.10123743940026916,0.1534275144096589,0.18688200065751942,0.20024585991561925,0.2606130110915745,0.008183449045066288,0.01582141954792343,0.014300277278655623,0.010780530255425826,0.012162836838917772,1.0,0.1483197097998915,0.21822472640850715,0.5571042521752287,False,0.15562737834047768,0.012162836838917772,0.06659297841420603,0.06459898864186261,0.06889908590407759,0.004300097262214975,1.0,,,,,0.0001641020919666003,-6.229695265586927,0.11696715290213192,0.0,31.18193059278162,0.999768683271485
parameter_G30,G30,"High AD-like perturbation, G30",1.0,23,2Hz,30.0,0.02,0.5,ac884c60d8359016,episodic_anatomical_core,0.006939558721755423,0.18374282394234945,0.06379114248987436,0.128125614344034,0.12819119070620236,0.24833046225712216,0.25531685698841194,0.003717309529081644,0.004277815157901226,0.0037946305977618337,0.0043345285330993214,0.009058250004226932,1.0,0.10539825725675306,0.23349647925772843,1.1475497841925817,True,0.2478211932309165,0.004277815157901226,0.06849181690174365,0.05756006056184048,0.07831589490686602,0.020755834345025544,1.0,,,,,0.00023920361684753866,-6.538516798660741,0.2625652109388634,0.0,31.18193059278162,0.999768683271485
parameter_G30,G30,"High AD-like perturbation, G30",1.0,23,2Hz,30.0,0.02,0.5,ac884c60d8359016,semantic_platel_peaks,0.016650526276097144,0.4498597771627857,0.4757221436046856,0.5019762032521672,0.3746094580080787,0.3098167746290604,0.4745151444997339,0.05957309820042241,0.06272357711643547,0.025564042250754395,0.018935729182106894,0.0248442753252349,1.0,0.47451748555312034,0.4216829389470868,0.1703025980992239,False,-0.035176690489414575,0.025564042250754395,0.06181836297441057,0.07286448261367248,0.05473077661416602,0.018133705999506464,1.0,,,,,0.007214844542094423,-7.838824573206653,0.18254806048461789,0.0,31.18193059278162,0.999768683271485
parameter_G30,G30,"High AD-like perturbation, G30",1.0,23,2Hz,30.0,0.02,0.5,ac884c60d8359016,episodic_platel_peaks,0.01249860100354043,0.333944556241906,0.047918015960255606,0.12882133381514121,0.2037705211157429,0.4109795384038343,0.5729742242410133,0.003245135789243318,0.003869677077456483,0.00467319417157816,0.008305114137468211,0.010659237439201389,1.0,0.11752296544153025,0.4523038805827623,1.9443496689569348,True,0.44166776761135146,0.00467319417157816,0.08562595355989495,0.0693953551528586,0.09941921809907159,0.03002386294621298,1.0,,,,,8.520471541445529e-05,-6.462681009793613,0.19654517944439787,0.0,31.18193059278162,0.999768683271485
parameter_G30,G30,"High AD-like perturbation, G30",1.0,23,2Hz,30.0,0.02,0.5,ac884c60d8359016,semantic_expanded_left,0.01262210841888983,0.33119030208571515,0.17205904920017456,0.22299827958307666,0.2702032657678007,0.35413322713099055,0.45458293108235326,0.020821830165923465,0.03640764333447229,0.027263168147551475,0.01690423972123881,0.018041661597825366,1.0,0.2065440958859723,0.39060098475586774,0.9192457654619189,False,0.17352695602557486,0.020821830165923465,0.058520118835789295,0.06723771670171798,0.05484259784876559,0.012395118852952386,1.0,,,,,0.007214844542094423,-6.358394530443288,0.10501684579266829,0.0,31.18193059278162,0.999768683271485
parameter_G30,G30,"High AD-like perturbation, G30",1.0,23,2Hz,30.0,0.02,0.5,ac884c60d8359016,episodic_expanded_left,0.006952902333655347,0.1824365429162051,0.09288694413400987,0.15772608802477145,0.10966014977591725,0.2352049476757691,0.25883870722224683,0.0036030419895550212,0.004114495443039398,0.004740340257669686,0.005014271173542354,0.00957236444934833,1.0,0.12949042162853308,0.2233500031283787,0.786460888751943,False,0.1766754193810248,0.004740340257669686,0.052064680721218996,0.04442145293655271,0.05809341456161468,0.01367196162506197,1.0,,,,,0.00015914407687972476,-6.417846710473768,0.26235822190947594,0.0,31.18193059278162,0.999768683271485
parameter_G30,G30,"High AD-like perturbation, G30",1.0,23,2Hz,30.0,0.02,0.5,ac884c60d8359016,semantic_expanded_right,0.00911999307692729,0.2436730350973706,0.25892419611260636,0.262693541401348,0.17912965667217692,0.14446313085330406,0.31412157509645583,0.026937492878384876,0.020014366728457786,0.00801000850902799,0.007443002272524769,0.011484955591068817,1.0,0.2558152899833296,0.22844393014064357,0.16326238614392627,False,-0.015254644725895794,0.011484955591068817,0.07019022609959992,0.0672088089918556,0.07361102107781708,0.006402212085961478,1.0,,,,,0.0001641020919666003,-7.194777267315171,0.16740412642575547,0.0,31.18193059278162,0.999768683271485
parameter_G30,G30,"High AD-like perturbation, G30",1.0,23,2Hz,30.0,0.02,0.5,ac884c60d8359016,episodic_expanded_right,0.009157223604097672,0.2446677809790132,0.045733576911115126,0.11281779435429308,0.17398478799582304,0.32529190923032597,0.3755710364290019,0.0037999569909902596,0.004479048551093088,0.0037246855296814555,0.005543746774400283,0.009657762811677642,1.0,0.0976182267911991,0.32779167192034825,1.7475567499776639,True,0.3801630295170573,0.004479048551093088,0.08401635696726735,0.06987810977098165,0.09720233939397774,0.02732422962299609,1.0,,,,,0.000434208492038346,-6.589748190698925,0.21208914800393008,0.0,31.18193059278162,0.999768683271485
parameter_G30,G30,"High AD-like perturbation, G30",1.0,23,2Hz,30.0,0.02,0.5,ac884c60d8359016,shared_auditory_relay,0.01780847800988589,0.27079984089298553,0.0843323275848139,0.12310356836697248,0.15130717980324931,0.25051261196340047,0.43897517648510004,0.008165846735640199,0.00844990367568487,0.007288619524993968,0.010406476627103404,0.018179158301105478,1.0,0.11996890658373464,0.34979111101318616,1.5438330894839325,True,0.2892487008600763,0.00844990367568487,0.08333277961291122,0.07956948044188367,0.09101253697008681,0.011443056528203141,1.0,,,,,0.0004993000364412192,-6.373466172038938,0.27709254875858247,0.0,31.18193059278162,0.999768683271485
parameter_G30,G30,"High AD-like perturbation, G30",1.0,23,2Hz,30.0,0.02,0.5,ac884c60d8359016,anterior_temporal_context,0.04698673142082457,0.8993983465826909,0.19185279023291332,0.5145319215730988,0.9168555811380872,1.058502931104499,1.2370888884350313,0.01404109159603918,0.03700561050924062,0.050528120080366515,0.05583678397631797,0.08110548457783665,1.0,0.500411723691527,1.1437412250823464,1.1925731803091555,True,0.32092239009077006,0.050528120080366515,0.045062136351640254,0.04210474003136667,0.04960095402531433,0.007496213993947662,1.0,,,,,0.0008402626306541205,-7.180144112583469,0.1496406447861105,0.0,31.18193059278162,0.999768683271485
parameter_G30,G30,"High AD-like perturbation, G30",1.0,23,2Hz,30.0,0.02,0.5,ac884c60d8359016,hippocampal_context,0.008822125705480157,0.16913331699549985,0.047784150377131705,0.1361204880559025,0.16382323427649687,0.2129734362632084,0.22812358310248043,0.0021817290274568596,0.0033767411660396702,0.0021739981058611787,0.003597852442164255,0.006794148498656353,1.0,0.11778981193140461,0.20852764414393088,0.8240238912674447,False,0.25781061600721883,0.0033767411660396702,0.05864731042701787,0.03814229649993389,0.07346984531847524,0.035327548818541346,1.0,,,,,0.000252696392036067,-6.561696329294701,0.2585470720606175,0.0,31.18193059278162,0.999768683271485
parameter_G30,G30,"High AD-like perturbation, G30",1.0,23,2Hz,30.0,0.02,0.5,ac884c60d8359016,angular_parietal_context,0.035062528732419156,0.35303505845462174,0.05200611979317445,0.21585365355301034,0.30216238554577113,0.48834346773146187,0.49505534998062634,0.0041690145579814306,0.0068246761378033625,0.002388705494470848,0.010182110954662786,0.009705900184193992,1.0,0.18999925356405462,0.457434909506418,1.2675727196039581,True,0.3839757872229834,0.0068246761378033625,0.055613292390588494,0.042803189180989576,0.06795972854728752,0.025156539366297942,1.0,,,,,0.00038093021893875756,-6.623724623974717,0.19130278891965796,0.0,31.18193059278162,0.999768683271485
parameter_G30,G30,"High AD-like perturbation, G30",1.0,23,5Hz,30.0,0.02,0.5,ac884c60d8359016,semantic_expanded,0.014326538659042033,0.27368155345298767,0.14144236297776688,0.25380253543438624,0.20426477082438002,0.27048674898516606,0.35646550219308315,0.0217657910843771,0.0218336980158996,0.016932964333143032,0.011268828548370339,0.013856182334984837,1.0,0.2208435314641861,0.3048730355489374,0.46518398076690015,False,0.13794738996975983,0.016932964333143032,-0.012052765631165032,-0.020843841564775777,-0.004894541654505257,0.01594929991027052,1.0,,,,,0.0005847308780514426,-0.37145270609280073,0.1639566717311631,0.07692307692307693,31.736140718485252,0.9998364358972119
parameter_G30,G30,"High AD-like perturbation, G30",1.0,23,5Hz,30.0,0.02,0.5,ac884c60d8359016,episodic_expanded,0.008540276533883062,0.15597385038300057,0.056408729207113824,0.0949816199231043,0.11197699274779062,0.1840141125301457,0.22678485601282436,0.005988810189200887,0.006226616724086425,0.004380348648925371,0.008822664298204726,0.009482135441788303,1.0,0.0940309034745867,0.19153272392633922,1.0263840169717944,True,0.24843820377450987,0.006226616724086425,0.020863512756773166,-0.001008512894477095,0.03617939228048416,0.037187905174961254,1.0,,,,,0.00035632182258371614,0.01865285828557856,0.07522636349514587,0.05263157894736842,31.736140718485252,0.9998364358972119
parameter_G30,G30,"High AD-like perturbation, G30",1.0,23,5Hz,30.0,0.02,0.5,ac884c60d8359016,semantic_anatomical_core,0.011757945802331086,0.15354516764578563,0.05997290456845887,0.11781173426622203,0.1370333043682022,0.18043509105532682,0.19959407164761922,0.006863915338023989,0.010733786987827933,0.013364444495079304,0.010958903352630285,0.010827187554170578,1.0,0.11554364838345862,0.17923858628704528,0.6334432978794517,False,0.20421844690999746,0.010827187554170578,0.0012846886267431268,-0.010925425221361643,0.010387922699664685,0.021313347921026328,1.0,,,,,0.00037348341709736443,-0.31468851663343705,0.12481276839605945,0.0,31.736140718485252,0.9998364358972119
parameter_G30,G30,"High AD-like perturbation, G30",1.0,23,5Hz,30.0,0.02,0.5,ac884c60d8359016,episodic_anatomical_core,0.0070289787621428245,0.13460584252426955,0.055472590001782895,0.08873747663248573,0.0987314267242087,0.15427407717153893,0.1946478997484155,0.006093358647728417,0.006459877544030311,0.003913732119247277,0.007923958754139017,0.008848118058105786,1.0,0.08800392754850853,0.1636943786591103,0.8953649631615164,False,0.2209959902284404,0.006459877544030311,0.024753887029723514,0.004939961533262798,0.038448236090018635,0.03350827455675584,1.0,,,,,0.0003660504726770153,-0.030441321398898373,0.07472940363584515,0.0,31.736140718485252,0.9998364358972119
parameter_G30,G30,"High AD-like perturbation, G30",1.0,23,5Hz,30.0,0.02,0.5,ac884c60d8359016,semantic_platel_peaks,0.027657467484996045,0.54106829753412,0.3123317592647876,0.5917048701243615,0.42402278922887926,0.5368680595490697,0.609444648019457,0.05407584604024009,0.05204620661718616,0.03490880540934929,0.01914879266101466,0.02773611206073902,1.0,0.498993631019268,0.5774494458719773,0.21067324640766744,False,0.08942608227059715,0.03490880540934929,-0.016938776748840256,-0.011925299339794434,-0.01939079234326462,0.007465493003470184,1.0,,,,,0.0030197271836974737,-1.097175787302528,0.17400805545452755,0.2,31.736140718485252,0.9998364358972119
parameter_G30,G30,"High AD-like perturbation, G30",1.0,23,5Hz,30.0,0.02,0.5,ac884c60d8359016,episodic_platel_peaks,0.013680178142402365,0.2633930967539382,0.044794625380278216,0.09242408031345654,0.18721092332581596,0.32978115875017106,0.42985225894366463,0.00373531197490549,0.0031992480762000485,0.006254180596207111,0.009252756052427324,0.00956785514757939,1.0,0.10022196085443266,0.3533941841550067,1.8180796278478049,True,0.41800274841130797,0.006254180596207111,0.02523087697421126,-0.009531766316017678,0.05065111584636411,0.06018288216238178,1.0,,,,,8.693629698236505e-05,0.22886534513312495,0.10121706725239066,0.25,31.736140718485252,0.9998364358972119
parameter_G30,G30,"High AD-like perturbation, G30",1.0,23,5Hz,30.0,0.02,0.5,ac884c60d8359016,semantic_expanded_left,0.01481660667055606,0.28282928083553904,0.08395633459231615,0.2436503235951414,0.21170026950275492,0.36798302982786174,0.34203685944743395,0.013342894380396304,0.0167839339876732,0.027878427507372606,0.0180114212776532,0.018871578885049284,1.0,0.19297465892406923,0.337243988579776,0.8053813192839878,False,0.23238542660784411,0.0180114212776532,-0.021560439373573666,-0.02118670141388563,-0.021243884238115598,5.718282422996837e-05,1.0,,,,,0.0030197271836974737,-0.5446192870127872,0.1639566717311631,0.14285714285714285,31.736140718485252,0.9998364358972119
parameter_G30,G30,"High AD-like perturbation, G30",1.0,23,5Hz,30.0,0.02,0.5,ac884c60d8359016,episodic_expanded_left,0.006701294675969789,0.1279187870754506,0.07587947337118642,0.11927193917043388,0.09112096351645556,0.1520176053057805,0.1648058586680114,0.008231458026474514,0.008005141386702917,0.004217228586104944,0.010619033871277224,0.01041595263139804,1.0,0.10690022071214261,0.14553046473409337,0.4450563607176298,False,0.1293977833439659,0.008231458026474514,0.01129255809882006,-0.004887617013913679,0.02253574318221371,0.02742336019612739,1.0,,,,,0.00028004328442154947,-0.08955449153405448,0.0641304557365449,0.0,31.736140718485252,0.9998364358972119
parameter_G30,G30,"High AD-like perturbation, G30",1.0,23,5Hz,30.0,0.02,0.5,ac884c60d8359016,semantic_expanded_right,0.013754792645608999,0.26482969683748797,0.23828984604772568,0.26437776089293646,0.19709042741390334,0.1988218897235263,0.3715028095482072,0.03550576419347168,0.02840277907429886,0.010284844115819225,0.007050331836395316,0.010173700360198788,1.0,0.25273715036731054,0.2756092649605129,0.12498664224981279,False,0.04350935333167549,0.010284844115819225,-0.0025450918887563977,-0.020500981715665927,0.011454800929105084,0.03195578264477101,1.0,,,,,0.0005300929540664745,-0.2355784981043876,0.1641843261371556,0.0,31.736140718485252,0.9998364358972119
parameter_G30,G30,"High AD-like perturbation, G30",1.0,23,5Hz,30.0,0.02,0.5,ac884c60d8359016,episodic_expanded_right,0.009877717885092717,0.1901819315168249,0.04193419629042616,0.0756381441097033,0.13760661016906786,0.2227452112677738,0.3120724671588404,0.004357168240052065,0.004843231862596908,0.0045497781053087235,0.007330177703770141,0.008632037387093025,1.0,0.08271087514455164,0.25207632231280264,1.6077116732259595,True,0.36747862420505384,0.004843231862596908,0.030434467414726274,0.0028705912249594886,0.049823041378754616,0.04695245015379513,1.0,,,,,0.00035632182258371614,0.028593255779391424,0.07696104757757827,0.09090909090909091,31.736140718485252,0.9998364358972119
parameter_G30,G30,"High AD-like perturbation, G30",1.0,23,5Hz,30.0,0.02,0.5,ac884c60d8359016,shared_auditory_relay,0.017666496268878795,0.19804670283947037,0.0570994846126194,0.08564674603187569,0.11480657264026366,0.18317557496003337,0.3128116397630832,0.005526433213453786,0.0061066282755907345,0.006440267871944676,0.010624667400936065,0.018181690516033053,1.0,0.08546402905173262,0.25243751009653187,1.5625370615687382,True,0.30021229696067775,0.006440267871944676,0.03525202790168762,0.021802400449795437,0.04611007962782111,0.024307679178025676,1.0,,,,,0.0004574056023151085,-0.14898244284079287,0.06544745228259774,0.0,31.736140718485252,0.9998364358972119
parameter_G30,G30,"High AD-like perturbation, G30",1.0,23,5Hz,30.0,0.02,0.5,ac884c60d8359016,anterior_temporal_context,0.03791023900605,0.5086630408135067,0.15130311874142854,0.2873386760599769,0.49614961570272637,0.5897352237780702,0.6917669323600024,0.018874333247193398,0.03355651448044691,0.04474394245820874,0.05522114347535259,0.06524866947373312,1.0,0.2813120187473908,0.648332941400971,1.2045636857029067,True,0.27115019126703593,0.04474394245820874,-0.017136463666082794,-0.013818752252561833,-0.019482320201074203,0.005663567948512371,1.0,,,,,0.0015978353902295073,-1.4910422214779013,0.10444506170502471,0.05555555555555555,31.736140718485252,0.9998364358972119
parameter_G30,G30,"High AD-like perturbation, G30",1.0,23,5Hz,30.0,0.02,0.5,ac884c60d8359016,hippocampal_context,0.009444690338609093,0.13031057883645464,0.04858286961861026,0.09474744906714112,0.1396407871091503,0.15217974750425,0.1695577320639115,0.004140005769693651,0.0021220079049588947,0.004520000170812332,0.004655285620182131,0.005331695269013675,1.0,0.10024421502478505,0.15418901759111192,0.621181027331393,False,0.21450656458718612,0.004520000170812332,0.03479206078176254,0.010003602576423392,0.05213005107717426,0.04212644850075087,1.0,,,,,0.00032378500935265064,-0.0019143714863079364,0.08874575412840172,0.0,31.736140718485252,0.9998364358972119
parameter_G30,G30,"High AD-like perturbation, G30",1.0,23,5Hz,30.0,0.02,0.5,ac884c60d8359016,angular_parietal_context,0.03116200522879935,0.24489038058380366,0.03406597120840138,0.11702434074045125,0.20510251743748986,0.3403932345216256,0.33819457364293176,0.005132379132790885,0.007318318356100636,0.0057688980828991985,0.009113330874386165,0.006003047513642253,1.0,0.12271980555811283,0.3158275719358321,1.363769022740784,True,0.4081647131330932,0.006003047513642253,0.015342679948728295,-0.0017768850267543572,0.027636744388617133,0.02941362941537149,1.0,,,,,0.0005644340150872118,-0.38966649009673127,0.09454975747281011,0.0,31.736140718485252,0.9998364358972119
parameter_G30,G30,"High AD-like perturbation, G30",1.0,37,2Hz,30.0,0.02,0.5,ac884c60d8359016,semantic_expanded,0.031137958750639214,0.5801327326551419,0.10813447945033008,0.2990440415676906,0.38284124913334616,0.4905189711096844,0.9992873319224073,0.014505576313004228,0.017103962344193032,0.015113802260445957,0.007189969113647161,0.05260906241126701,1.0,0.2572104828020568,0.7736700561351717,1.5887689953870818,True,0.3565048436763474,0.015113802260445957,0.009285116101558235,0.028060975240346328,-0.0013642181275767104,0.029425193367923038,1.0,,,,,0.00020252193791903128,-3.328966939070237,0.09375016851506413,0.07692307692307693,31.57669081568907,0.9998436419586815
parameter_G30,G30,"High AD-like perturbation, G30",1.0,37,2Hz,30.0,0.02,0.5,ac884c60d8359016,episodic_expanded,0.009908919694790746,0.26242970634212226,0.06100338141092876,0.1729577611495869,0.2735108882996488,0.32635428009813555,0.35188822977125445,0.002839817773365499,0.004073634883867404,0.005997864337744668,0.014680820358084346,0.012722165849976673,1.0,0.16271073460268456,0.3282741056233809,1.012591520262957,True,0.29861657435075795,0.005997864337744668,0.03708359420829074,0.03252000664056721,0.03972775770727477,0.0072077510667075614,1.0,,,,,3.796040866055339e-05,-3.9089939753158056,0.1456938199475471,0.10526315789473684,31.57669081568907,0.9998436419586815
parameter_G30,G30,"High AD-like perturbation, G30",1.0,37,2Hz,30.0,0.02,0.5,ac884c60d8359016,semantic_anatomical_core,0.008624641169145967,0.21879518287038577,0.047440547964268415,0.1037844223535111,0.15207298207001085,0.17699208670335306,0.36775830924588504,0.00482084066496683,0.004934194343106569,0.004905102969838585,0.0036594655925616553,0.03362917416478729,1.0,0.10244860194230226,0.28746457057328606,1.4884838609222688,True,0.3339612830590255,0.004905102969838585,0.01067940061767295,0.020708896221212254,0.002383108561509778,0.018325787659702476,1.0,,,,,0.00017917057276700676,-1.7748873670619112,0.09664197868150491,0.1,31.57669081568907,0.9998436419586815
parameter_G30,G30,"High AD-like perturbation, G30",1.0,37,2Hz,30.0,0.02,0.5,ac884c60d8359016,episodic_anatomical_core,0.00832799970036807,0.2170762486721971,0.058645006685100004,0.15029557663356802,0.22771391904554816,0.26129743867803135,0.2912004027285307,0.0028142960451478932,0.004048418368480466,0.0052733977747381235,0.012789602155391657,0.010373858962340138,1.0,0.1406321877727797,0.269013153143371,0.9357498787240275,False,0.2710877386706079,0.0052733977747381235,0.04198888164109005,0.039163493179303475,0.043601169694332885,0.0044376765150294095,1.0,,,,,3.592813722230748e-05,-3.745637608289487,0.14900930031966603,0.125,31.57669081568907,0.9998436419586815
parameter_G30,G30,"High AD-like perturbation, G30",1.0,37,2Hz,30.0,0.02,0.5,ac884c60d8359016,semantic_platel_peaks,0.07280514825544344,1.2856631678882902,0.23849172424767495,0.5822453793880591,0.6334410626633051,0.8800926323030062,2.3492456043836225,0.035666170891170704,0.04196175161866585,0.03234182857018509,0.013235103966289552,0.1195536331516763,1.0,0.48617391310127994,1.7485287360728032,1.846597117019178,True,0.3598200486226829,0.035666170891170704,0.030966532499369693,0.04627011566412119,0.02371680350941041,0.022553312154710778,1.0,,,,,0.0008648347229790465,-4.667554073821294,0.118841603526221,0.0,31.57669081568907,0.9998436419586815
parameter_G30,G30,"High AD-like perturbation, G30",1.0,37,2Hz,30.0,0.02,0.5,ac884c60d8359016,episodic_platel_peaks,0.014779752381866013,0.39571580172288484,0.04689448531926439,0.22002351872907583,0.38169508465884683,0.5223118266756362,0.5572700994261515,0.002758410358110022,0.0033411492779672957,0.005047877957506037,0.013968284691898281,0.01475634730238227,1.0,0.20691982203940137,0.5114455917661942,1.3055089165260612,True,0.4194513380028646,0.005047877957506037,0.038361126332157186,0.023727677878684426,0.04627143223899015,0.022543754360305722,1.0,,,,,8.773769884889981e-05,-3.995307913036772,0.12965827017224094,0.0,31.57669081568907,0.9998436419586815
parameter_G30,G30,"High AD-like perturbation, G30",1.0,37,2Hz,30.0,0.02,0.5,ac884c60d8359016,semantic_expanded_left,0.00828653387779792,0.21748336165401258,0.046422257474097846,0.1131670612212342,0.11141894879311734,0.11726146766532451,0.4188082067072828,0.007580915788782959,0.012423281522616488,0.004053953437110666,0.0024304961458905512,0.06800682238581704,1.0,0.09400435715837155,0.2887053415749773,1.6187982670746845,True,0.3199038583850771,0.007580915788782959,0.01464702597872113,0.0455453588035728,-0.0006577747138193983,0.0462031335173922,1.0,,,,,0.0008648347229790465,-1.4349544414268864,0.08297831028779946,0.14285714285714285,31.57669081568907,0.9998436419586815
parameter_G30,G30,"High AD-like perturbation, G30",1.0,37,2Hz,30.0,0.02,0.5,ac884c60d8359016,episodic_expanded_left,0.009843539170486373,0.25834758186485907,0.0893130991242327,0.19922038534290798,0.290570532442868,0.3168702574533233,0.3239680223637903,0.002702699474194925,0.0042816112946916715,0.009740484198605914,0.02029044367090704,0.016938315035998613,1.0,0.1837063496991076,0.31423816756273326,0.7744569287147833,False,0.21936712131762537,0.009740484198605914,0.024910508295082377,0.02628552535296783,0.024907428735804846,0.0013780966171629827,1.0,,,,,4.933298141396314e-05,-3.1828214529071555,0.15956642501349289,0.25,31.57669081568907,0.9998436419586815
parameter_G30,G30,"High AD-like perturbation, G30",1.0,37,2Hz,30.0,0.02,0.5,ac884c60d8359016,semantic_expanded_right,0.057797954435620726,1.5474930355055638,0.2518848992321889,0.7902240972955381,1.315462258669548,2.051900473437909,2.3843257026683253,0.027755451984273913,0.023548168600944615,0.0563467297568829,0.021269589726610513,0.040697585193596696,1.0,0.7037677237855088,2.073274268133869,1.558739723699479,True,0.39310582896761764,0.027755451984273913,0.003923206224395341,0.010576591677119856,-0.0020706615413340224,0.012647253218453879,1.0,,,,,0.00017294179717208813,-4.653825303315932,0.130260702480814,0.0,31.57669081568907,0.9998436419586815
parameter_G30,G30,"High AD-like perturbation, G30",1.0,37,2Hz,30.0,0.02,0.5,ac884c60d8359016,episodic_expanded_right,0.009956469167012115,0.2665763320627397,0.04166704078189963,0.1501572597120894,0.2574528304351431,0.33612216240920434,0.3822146560888074,0.002983892609193939,0.0038757607883824516,0.0036932842228867844,0.010622068688195868,0.009555466619337821,1.0,0.14411468737094968,0.3429369807578103,1.2507261118111308,True,0.3778660273838905,0.0038757607883824516,0.049256680121499107,0.03875448792816659,0.054548086678744695,0.015793598750578106,1.0,,,,,3.389586578406156e-05,-3.9881113015115672,0.14237971220092183,0.0,31.57669081568907,0.9998436419586815
parameter_G30,G30,"High AD-like perturbation, G30",1.0,37,2Hz,30.0,0.02,0.5,ac884c60d8359016,shared_auditory_relay,0.0173761069865274,0.2586517590221887,0.08998526547588753,0.22063170419396128,0.24925756303679897,0.3272733512617947,0.3114950572495629,0.0065103201772776014,0.009521077046575429,0.008843169003390666,0.01589818995147796,0.015956766376081667,1.0,0.18241194199133354,0.30504760306784323,0.7418342129084035,False,0.20758765854807104,0.009521077046575429,0.05783685060463728,0.06500666810765969,0.056300552376425825,0.008706115731233866,1.0,,,,,0.00011530849834190393,-3.9025331420214204,0.15598834064127465,0.0,31.57669081568907,0.9998436419586815
parameter_G30,G30,"High AD-like perturbation, G30",1.0,37,2Hz,30.0,0.02,0.5,ac884c60d8359016,anterior_temporal_context,0.08110115594543178,1.7001923943959625,0.21398199827220687,0.7617514153358547,1.4908533423806198,2.133826633164666,2.7029550464919643,0.015882990469895473,0.03871152925565676,0.09139179321195794,0.1017635149617712,0.147641079648421,1.0,0.7554108991598752,2.2792849431225095,1.5932477889124574,True,0.44020015743728713,0.09139179321195794,0.01436746218640366,0.06553845282796689,-0.010158500244411575,0.07569695307237846,1.0,,,,,0.000298331071750646,-4.583183696611952,0.16077324345042804,0.0,31.57669081568907,0.9998436419586815
parameter_G30,G30,"High AD-like perturbation, G30",1.0,37,2Hz,30.0,0.02,0.5,ac884c60d8359016,hippocampal_context,0.00959528298087254,0.1771866982013022,0.04545667118708147,0.2027766033117577,0.2282883417683497,0.16144879992808767,0.1696272111372399,0.0026321402373400264,0.0033399293617792365,0.0041850829007333825,0.006522662520715566,0.004893483726463674,1.0,0.17293429965878784,0.17495852967188183,0.01678896092431751,False,0.17353964356504004,0.0041850829007333825,0.04865460692057878,0.04667675032307762,0.051123798774424536,0.004447048451346913,1.0,,,,,3.505231577816126e-05,-2.6691651863542116,0.13610248356219437,0.0,31.57669081568907,0.9998436419586815
parameter_G30,G30,"High AD-like perturbation, G30",1.0,37,2Hz,30.0,0.02,0.5,ac884c60d8359016,angular_parietal_context,0.008272249085834876,0.1584158598674349,0.038174123959685,0.13262667682051982,0.16819875965165546,0.20794420601555394,0.1904222776526934,0.0034629766475428045,0.006022315352411417,0.0032470543241509323,0.00823772192330775,0.008170897119701457,1.0,0.11395408821631757,0.1920489855338933,0.7530216594459166,False,0.2642948063782369,0.006022315352411417,0.03231494298518629,0.041605737469532916,0.024054948217035934,0.017550789252496982,1.0,,,,,3.791947473241741e-05,-2.8416260007589966,0.14802357243978986,0.0,31.57669081568907,0.9998436419586815
parameter_G30,G30,"High AD-like perturbation, G30",1.0,37,5Hz,30.0,0.02,0.5,ac884c60d8359016,semantic_expanded,0.02885706422191813,0.41428760386885444,0.07805501783882741,0.1824924427457775,0.3171830940774067,0.42689186070125645,0.6794821314344746,0.010084550507204419,0.006647121240098406,0.023108222776126217,0.014295805755155712,0.031346370492196886,1.0,0.16847365187579974,0.5555409298782149,1.721370225692108,True,0.3734889294439576,0.014295805755155712,-0.005455594686319689,0.015292030368444542,-0.014406870118378358,0.0296989004868229,1.0,,,,,0.00027735044459831215,-2.748793969481971,0.09387671997513963,0.15384615384615385,31.84025119753647,0.999869873172186
parameter_G30,G30,"High AD-like perturbation, G30",1.0,37,5Hz,30.0,0.02,0.5,ac884c60d8359016,episodic_expanded,0.0096360264285694,0.1863067820984207,0.05026764019258235,0.11880102916230077,0.17693264366541853,0.20774248560054295,0.27657755750540386,0.0035988349929619683,0.005840085823347848,0.004249232217346567,0.01504948188008713,0.014147855641152689,1.0,0.10928325227681299,0.23605360503039538,1.1110421919901348,True,0.28631067067118227,0.005840085823347848,0.02009680087488103,0.004493836150093124,0.03126095678598918,0.02676712063589606,1.0,,,,,0.0002293641867185947,-1.0986965239312467,0.10875066888508626,0.0,31.84025119753647,0.999869873172186
parameter_G30,G30,"High AD-like perturbation, G30",1.0,37,5Hz,30.0,0.02,0.5,ac884c60d8359016,semantic_anatomical_core,0.008555756230836079,0.1497393074321699,0.03916086190983169,0.06571155809797653,0.12978601753798397,0.1622111597206208,0.19501270749277344,0.003059214389963826,0.00795115256133066,0.010568330439288802,0.01013329598968826,0.021880586357940518,1.0,0.0692311316942385,0.1955858396486367,1.498309086786238,True,0.2967910723695634,0.01013329598968826,0.0032024541614187746,0.014291395704433225,-0.0008413113316658649,0.015132707036099091,1.0,,,,,0.00024044004402828945,-2.7556396609260094,0.08598919922700474,0.1,31.84025119753647,0.999869873172186
parameter_G30,G30,"High AD-like perturbation, G30",1.0,37,5Hz,30.0,0.02,0.5,ac884c60d8359016,episodic_anatomical_core,0.008320536906894316,0.1547806140923493,0.04683277206689474,0.1031793232049116,0.1505179124679857,0.16757413367038032,0.2284805696590715,0.003361300177211037,0.006119696083455245,0.004193602869019594,0.014209810599553348,0.012639258090409384,1.0,0.09504358079665484,0.19433434491458976,1.0318797962164032,True,0.26363039350875067,0.006119696083455245,0.02322603924131889,0.006282341225080633,0.03574036881009848,0.02945802758501785,1.0,,,,,0.00023397121639029406,-1.005415558455101,0.12209954972377125,0.0,31.84025119753647,0.999869873172186
parameter_G30,G30,"High AD-like perturbation, G30",1.0,37,5Hz,30.0,0.02,0.5,ac884c60d8359016,semantic_platel_peaks,0.06746948135855615,0.9116116706254733,0.17009420063989528,0.32518525077923904,0.6116876582395337,0.865059689838552,1.5903762169109315,0.02476143297115186,0.0075430768541393444,0.05238922726304259,0.027594128527232784,0.06902872868409846,1.0,0.30173580577407677,1.2453035637501526,2.045139655845057,True,0.3930731159210086,0.027594128527232784,0.0062660132540923,0.03468264346764433,-0.003896391660147106,0.03857903512779144,1.0,,,,,0.0049633216796325375,0.5058645539259559,0.10653636532490639,0.4,31.84025119753647,0.999869873172186
parameter_G30,G30,"High AD-like perturbation, G30",1.0,37,5Hz,30.0,0.02,0.5,ac884c60d8359016,episodic_platel_peaks,0.013463118385063078,0.2595076676566536,0.049393775105278453,0.15839790198572049,0.23702760217497912,0.3171513165858605,0.3741349062774682,0.0023806528124143776,0.002808841305089108,0.003885762805291232,0.015478168132265756,0.013368189786092138,1.0,0.1402193453245031,0.3319120890018962,1.2431157725298285,True,0.34219664844497166,0.003885762805291232,0.02323607201881679,0.0034678704827052244,0.034835465903703,0.031367595420997776,1.0,,,,,0.000180757027362477,-1.6596163285012726,0.057936658239172566,0.0,31.84025119753647,0.999869873172186
parameter_G30,G30,"High AD-like perturbation, G30",1.0,37,5Hz,30.0,0.02,0.5,ac884c60d8359016,semantic_expanded_left,0.008960264871250219,0.1710061764792064,0.041084052035631265,0.06847608516278424,0.11906128882779422,0.1339467169183215,0.3148315703275846,0.005790351444249283,0.01281371513002892,0.012399200429721034,0.009677002747078547,0.05285994435437774,1.0,0.06476571934476205,0.2292707361524773,1.8237499245730608,True,0.3421923379004912,0.012399200429721034,-0.006976935722047848,0.015052356393537188,-0.014060172716784712,0.029112529110321902,1.0,,,,,0.003938868978573207,-1.5442282581808853,0.093788934323037,0.2857142857142857,31.84025119753647,0.999869873172186
parameter_G30,G30,"High AD-like perturbation, G30",1.0,37,5Hz,30.0,0.02,0.5,ac884c60d8359016,episodic_expanded_left,0.010347319227615791,0.19747803478464152,0.06340543474172655,0.1289475797270054,0.18838775266789365,0.20755743882954933,0.30125901603238536,0.0059999585164016425,0.009110614422844273,0.004653607460872096,0.016004093075992935,0.01886496484857631,1.0,0.12073954215441465,0.24885422374659733,1.043402638200971,True,0.2591688980631674,0.009110614422844273,0.014108204408881832,0.010019313293148277,0.01953205143949898,0.009512738146350704,1.0,,,,,0.00022569999081406555,-1.5062171104955928,0.0692366245462508,0.0,31.84025119753647,0.999869873172186
parameter_G30,G30,"High AD-like perturbation, G30",1.0,37,5Hz,30.0,0.02,0.5,ac884c60d8359016,semantic_expanded_right,0.05206999679769736,1.0036726289840578,0.14829564047226165,0.48635215608705445,0.8449859409302084,1.3605160688194087,1.4664856083471507,0.01756338279490082,0.003448197523684737,0.04306648343155239,0.021119148927682362,0.01858864883486573,1.0,0.43824683279247295,1.346119133864075,1.6189905268111549,True,0.4047855209874241,0.01858864883486573,-0.00393425365059153,0.015531704343351896,-0.014753567519972005,0.0302852718633239,1.0,,,,,0.00024044004402828945,-3.911312971597594,0.10020654265002302,0.0,31.84025119753647,0.999869873172186
parameter_G30,G30,"High AD-like perturbation, G30",1.0,37,5Hz,30.0,0.02,0.5,ac884c60d8359016,episodic_expanded_right,0.009118722574717478,0.17576748266571232,0.0398520357257015,0.10945288434185342,0.16617407422244398,0.20792769734903693,0.2539181941277792,0.0021586171422956846,0.0037436116644941563,0.003879995162624287,0.014151811276254969,0.010610240774342162,1.0,0.098913984723611,0.22391142737679898,1.1786817457792977,True,0.31345244327919697,0.003879995162624287,0.026085397340880227,-0.0010316409929620287,0.04298986213247938,0.044021503125441404,1.0,,,,,0.0002385782460619934,-1.0986965239312467,0.13975272919856774,0.0,31.84025119753647,0.999869873172186
parameter_G30,G30,"High AD-like perturbation, G30",1.0,37,5Hz,30.0,0.02,0.5,ac884c60d8359016,shared_auditory_relay,0.01745651581628561,0.1878213271760477,0.061940475982481126,0.14885171280875686,0.1733038350052261,0.21813125552099358,0.24119444264798653,0.002929598791797325,0.0076126726073872854,0.009412939419244343,0.02313134104038969,0.022791064703513726,1.0,0.12569571348456485,0.22437913255098033,0.836003058977436,False,0.2236902633320119,0.009412939419244343,0.0343074097330235,0.027814208208296755,0.04273293463685547,0.014918726428558717,1.0,,,,,0.00024548882968666863,-1.480933414264551,0.13594856309536038,0.07142857142857142,31.84025119753647,0.999869873172186
parameter_G30,G30,"High AD-like perturbation, G30",1.0,37,5Hz,30.0,0.02,0.5,ac884c60d8359016,anterior_temporal_context,0.08171878133858157,1.2295347419787674,0.13636086835954328,0.5209115727801251,1.0374920931716947,1.507131618866792,1.9587803576204594,0.01402851916252646,0.020503026716612846,0.06029510327563156,0.10989088492109507,0.140007595825446,1.0,0.5260565116487701,1.6491167003988505,1.648403800729094,True,0.4610801547109377,0.06029510327563156,-0.00891021437412308,0.02328670097878016,-0.022552846346419082,0.045839547325199244,1.0,,,,,0.0012800817949313315,-1.8185663482721033,0.11819755122550463,0.16666666666666666,31.84025119753647,0.999869873172186
parameter_G30,G30,"High AD-like perturbation, G30",1.0,37,5Hz,30.0,0.02,0.5,ac884c60d8359016,hippocampal_context,0.009260210333666244,0.12367501636300651,0.04651043660030282,0.14123154893528905,0.1585740231690213,0.09201638479621847,0.11952498407421597,0.0017542926177619273,0.004831049890572778,0.003979231755243325,0.011391210104470664,0.00565265306560476,1.0,0.123378960874873,0.11790633469212533,0.06545516940916082,False,0.10526359660170337,0.004831049890572778,0.03316670512032655,0.01425607063269568,0.04978196392955958,0.0355258932968639,1.0,,,,,0.00019633251095685367,-2.092497886267909,0.08207254233989231,0.0,31.84025119753647,0.999869873172186
parameter_G30,G30,"High AD-like perturbation, G30",1.0,37,5Hz,30.0,0.02,0.5,ac884c60d8359016,angular_parietal_context,0.0075978287098538285,0.10815999344657357,0.033963333117352064,0.09418472542834933,0.12234936942186515,0.1227303851108985,0.12949841062161693,0.0019620227883416007,0.004878188502288482,0.004769883038009975,0.013761276439632548,0.007465075833632054,1.0,0.0841947547971089,0.12747259163444047,0.5983848175575368,False,0.2121848165012663,0.004878188502288482,0.013069875458094543,-0.010530452240388326,0.029397801500504774,0.0399282537408931,1.0,,,,,0.00046866442462711877,-1.2278537327136525,0.09403888255208129,0.0,31.84025119753647,0.999869873172186
parameter_G30,G30,"High AD-like perturbation, G30",1.0,53,2Hz,30.0,0.02,0.5,ac884c60d8359016,semantic_expanded,0.007596655022419276,0.20221854682747545,0.08443374132605488,0.11909246239310142,0.15268611856549985,0.2082825746024431,0.3300186061813255,0.006286685842261774,0.007764360334882028,0.010632251626986942,0.019743772763526034,0.02370605372292363,1.0,0.11146164184447299,0.2615569649025256,1.2305778777430434,True,0.23698858372892115,0.010632251626986942,0.0751765208400891,0.10893364282888218,0.08657561903262725,0.022358023796254928,1.0,,,,,0.0004454364952395373,-4.362581957259513,0.12756239664916708,0.07692307692307693,31.334952251148177,0.999941471470788
parameter_G30,G30,"High AD-like perturbation, G30",1.0,53,2Hz,30.0,0.02,0.5,ac884c60d8359016,episodic_expanded,0.0035873712120564434,0.09636759015550736,0.03328545948554059,0.046519797261201354,0.055839860219445724,0.10316698923979015,0.17152396209189716,0.0010457673489978792,0.0014405484877428767,0.0024529227059201506,0.0036094432874587555,0.006827414835279535,1.0,0.04301669553620277,0.12912500259639176,1.58579976916115,True,0.29399785001309553,0.0024529227059201506,0.05862842774727468,0.09342944043179657,0.0697301449607747,0.02369929547102187,1.0,,,,,0.0005836072143322601,-4.473824116557905,0.22084853860038212,0.0,31.334952251148177,0.999941471470788
parameter_G30,G30,"High AD-like perturbation, G30",1.0,53,2Hz,30.0,0.02,0.5,ac884c60d8359016,semantic_anatomical_core,0.006174878405791265,0.129915242432361,0.05348887151632362,0.08457586665029665,0.10386905132780615,0.162662716533878,0.1491883515284758,0.004892777268066141,0.004945196638338604,0.007810416405672231,0.01051539648976762,0.016482042710766996,1.0,0.07594809779592433,0.16407960179753509,1.1113101592782735,True,0.19516070502008062,0.007810416405672231,0.05876297248715705,0.07071235532182923,0.07341731542225874,0.0027049601004295043,1.0,,,,,0.00022270376188682217,-4.559278966205902,0.08415427099184719,0.1,31.334952251148177,0.999941471470788
parameter_G30,G30,"High AD-like perturbation, G30",1.0,53,2Hz,30.0,0.02,0.5,ac884c60d8359016,episodic_anatomical_core,0.0034377671929866397,0.08959485798397968,0.032006160612880835,0.044382896963949856,0.05404693031101438,0.10051231633737667,0.15554186218632685,0.0010094725721449085,0.001466064218326108,0.002328142046008133,0.0035423660329748784,0.006653620392175341,1.0,0.04122541649896698,0.1195878390065198,1.5364647137084684,True,0.2870529661548595,0.002328142046008133,0.05807667155755404,0.08716818908011567,0.06940995878967113,0.017758230290444543,1.0,,,,,0.0006499327279642086,-4.438722705176455,0.22345015464845466,0.0,31.334952251148177,0.999941471470788
parameter_G30,G30,"High AD-like perturbation, G30",1.0,53,2Hz,30.0,0.02,0.5,ac884c60d8359016,semantic_platel_peaks,0.01549779418016651,0.4197030115090215,0.17711769137901928,0.24125442809928288,0.3234057006755094,0.4143793505481139,0.7279910562849475,0.013137375867181023,0.017798143414191756,0.02297026969196992,0.04641457270857056,0.05208650007788261,1.0,0.23072429167840217,0.5461390814692073,1.2430984937597742,True,0.24294107484095262,0.02297026969196992,0.0834235919385551,0.12046429866930487,0.09136857619209035,0.029095722477214522,1.0,,,,,0.0025847032605508247,-4.176315592812081,0.19618247481075082,0.2,31.334952251148177,0.999941471470788
parameter_G30,G30,"High AD-like perturbation, G30",1.0,53,2Hz,30.0,0.02,0.5,ac884c60d8359016,episodic_platel_peaks,0.0037257262726538135,0.0999790411997987,0.023383257268606416,0.04395391906628704,0.04519906997599877,0.09291003814593451,0.19286377978258232,0.0006377505458683153,0.0006608199629321791,0.0013902782852899637,0.002742853372679967,0.0061489874128709005,1.0,0.036849056776755505,0.13653700196326113,1.8895923827712047,True,0.35839557474076467,0.0013902782852899637,0.06441791339329243,0.08778328830217237,0.08128630535561007,0.006496982946562299,1.0,,,,,0.0002303469037462924,-5.222566882680395,0.16593941707558943,0.0,31.334952251148177,0.999941471470788
parameter_G30,G30,"High AD-like perturbation, G30",1.0,53,2Hz,30.0,0.02,0.5,ac884c60d8359016,semantic_expanded_left,0.007206489439683889,0.18925543849326,0.07039704384923287,0.09914515968467916,0.11666724028918675,0.20096679083888386,0.33702467237915046,0.01161418208839965,0.014874015640657726,0.020093846360805828,0.02218932135482028,0.04106287723062811,1.0,0.08838050505439735,0.25300281580562906,1.5173533609676875,True,0.2768938893962692,0.020093846360805828,0.08010524198002357,0.10984803894380823,0.08846314135676267,0.021384897587045565,1.0,,,,,0.0025847032605508247,-2.404339293837465,0.08238873012548907,0.14285714285714285,31.334952251148177,0.999941471470788
parameter_G30,G30,"High AD-like perturbation, G30",1.0,53,2Hz,30.0,0.02,0.5,ac884c60d8359016,episodic_expanded_left,0.004091773097294124,0.10745735745882012,0.04874907582732189,0.05129475907647633,0.06371718164190823,0.11989109774019976,0.1873594182216136,0.0017088395194862968,0.0025565586758517327,0.004606476850624279,0.004436451764288995,0.007311047431595431,1.0,0.05082336816084176,0.14333101569131496,1.4957869373054973,True,0.2554782329203988,0.004436451764288995,0.05291679623003053,0.11540590911716384,0.057036806667941684,0.05836910244922215,1.0,,,,,0.0004883257558891407,-4.378818288324332,0.21012485283358412,0.0,31.334952251148177,0.999941471470788
parameter_G30,G30,"High AD-like perturbation, G30",1.0,53,2Hz,30.0,0.02,0.5,ac884c60d8359016,semantic_expanded_right,0.00805184820227723,0.21606956717638628,0.10126926195343122,0.1430530208833177,0.19982516724327312,0.21586467446654675,0.32315818203166813,0.003402944656668507,0.00405306091282445,0.005625840500107863,0.017567755079317512,0.013685767316250595,1.0,0.1405705658167365,0.27040033396932234,0.9438023945183995,False,0.19708327806157308,0.005625840500107863,0.07024779970015464,0.10801924671395614,0.08468809670849185,0.02333115000546429,1.0,,,,,0.0003827853822196414,-6.5471082083600205,0.14193101032296657,0.0,31.334952251148177,0.999941471470788
parameter_G30,G30,"High AD-like perturbation, G30",1.0,53,2Hz,30.0,0.02,0.5,ac884c60d8359016,episodic_expanded_right,0.0032205334773381306,0.08642230417715882,0.022727032140835355,0.042189330375775644,0.04893640787269848,0.08877579628027886,0.15702690503075364,0.0006399836472407974,0.0008117083191321358,0.0013061673804793384,0.0029365992323527527,0.006375774985612831,1.0,0.03640915905058189,0.11632699465010826,1.6758126010168033,True,0.3325174671057922,0.0013061673804793384,0.06434005926451883,0.07145297174642931,0.08242348325360772,0.010970511507178413,1.0,,,,,0.0012171838293182358,-4.473824116557905,0.22084853860038212,0.0,31.334952251148177,0.999941471470788
parameter_G30,G30,"High AD-like perturbation, G30",1.0,53,2Hz,30.0,0.02,0.5,ac884c60d8359016,shared_auditory_relay,0.010340118865901865,0.13264502834135164,0.037777617348252086,0.05556621227741545,0.0531923856553897,0.15388506365878182,0.23360534832719734,0.0027655099783188554,0.003647076287102054,0.004637392449613496,0.008157676506101838,0.013658769121280478,1.0,0.048295974711001236,0.18052833198694598,1.9022504144617056,True,0.33632563874018245,0.004637392449613496,0.08493854354767383,0.14473592351210066,0.0924216882434381,0.05231423526866255,1.0,,,,,0.0015791655201060073,-3.5246134360327193,0.3942172901226497,0.07142857142857142,31.334952251148177,0.999941471470788
parameter_G30,G30,"High AD-like perturbation, G30",1.0,53,2Hz,30.0,0.02,0.5,ac884c60d8359016,anterior_temporal_context,0.014842516312511468,0.3111650785893515,0.07452576451340785,0.13330388955229108,0.1980259513617987,0.2665800819619762,0.5852646747317537,0.004527315297020178,0.008404991111597478,0.011743019239355302,0.0216579519359936,0.03428439643584259,1.0,0.1261888436451717,0.4182479192550353,1.7287739957067871,True,0.3473203085645566,0.011743019239355302,0.08976810772783714,0.15757089354980783,0.09209575607651728,0.06547513747329055,1.0,,,,,0.0014327553228981604,-5.296173659694912,0.21199096374939597,0.0,31.334952251148177,0.999941471470788
parameter_G30,G30,"High AD-like perturbation, G30",1.0,53,2Hz,30.0,0.02,0.5,ac884c60d8359016,hippocampal_context,0.0027735518692412913,0.05672675487543913,0.016074412704244208,0.027640397441935232,0.015756771211047627,0.08200334221480747,0.0925102641223446,0.000127703625598481,0.00013139147305966446,0.0006920004194036154,0.0027190637929851414,0.004520640229173843,1.0,0.02148371308454053,0.07728300599731593,1.8469078507741281,True,0.33092995903526906,0.0006920004194036154,0.03943549171452286,0.026343054857519727,0.051138022318152565,0.02479496746063284,1.0,,,,,0.0008521826658650089,-4.943457323045869,0.2101532379565989,0.0,31.334952251148177,0.999941471470788
parameter_G30,G30,"High AD-like perturbation, G30",1.0,53,2Hz,30.0,0.02,0.5,ac884c60d8359016,angular_parietal_context,0.004713097050726163,0.07607786563381255,0.025768683078577728,0.051133981868359296,0.045289289365166546,0.09665558452740255,0.10009806777939875,0.0004426469823435839,0.0008839611220554269,0.001375397059852662,0.003788396099790662,0.005087841087339856,1.0,0.04202280791015392,0.09365653310551382,1.156207070354858,True,0.2417008768857123,0.001375397059852662,0.05020363529335458,0.042385445754091186,0.06396228860645034,0.021576842852359154,1.0,,,,,0.0011148662708821977,-4.717445508750774,0.2290776442592525,0.0,31.334952251148177,0.999941471470788
parameter_G30,G30,"High AD-like perturbation, G30",1.0,53,5Hz,30.0,0.02,0.5,ac884c60d8359016,semantic_expanded,0.00797948829169179,0.15339738601420677,0.062467041625534014,0.08656174911916975,0.11232574123409841,0.1493720913302146,0.2536903495775848,0.00264865314059212,0.0026887008181673867,0.005973105361950751,0.01798723424269871,0.015578662793316734,1.0,0.0829917149013622,0.19911144034904282,1.2625368924971596,True,0.24154560598686034,0.005973105361950751,0.03046880211124991,0.017550755456776992,0.039992800873988765,0.022442045417211773,1.0,,,,,0.0013050008030548454,1.9259008200237002,0.1370966320346247,0.3076923076923077,31.7428651696244,0.9999886889513595
parameter_G30,G30,"High AD-like perturbation, G30",1.0,53,5Hz,30.0,0.02,0.5,ac884c60d8359016,episodic_expanded,0.003677926128029838,0.07143716796933013,0.02406337429167004,0.031202041934992115,0.03911174377548342,0.0741474944917614,0.12752124646083546,0.0011151426884701086,0.0017049563702211032,0.0015376467411283153,0.003481238998476088,0.008091615676688476,1.0,0.029804014180285186,0.09618329956324743,1.690279764198301,True,0.3030205521184316,0.0017049563702211032,0.04395396745354613,0.02584674534787152,0.05736358081377585,0.03151683546590433,1.0,,,,,0.0016051572090023392,3.9947056681485704,0.1580319804953113,0.3157894736842105,31.7428651696244,0.9999886889513595
parameter_G30,G30,"High AD-like perturbation, G30",1.0,53,5Hz,30.0,0.02,0.5,ac884c60d8359016,semantic_anatomical_core,0.006482743531813306,0.09515923401494727,0.03885725916609504,0.06076061353638298,0.07518261119096062,0.11572383770382944,0.11042113152053162,0.002267382061622535,0.0019615910004201586,0.00475326246566932,0.009662459704088003,0.010647618270911693,1.0,0.05570468080728028,0.12010481731746468,1.108423551701634,True,0.19714991072798982,0.00475326246566932,0.029848648226750565,0.004384936531453694,0.043790062230863985,0.03940512569941029,1.0,,,,,0.0009047513829955611,1.4122082390826909,0.13141713190064933,0.2,31.7428651696244,0.9999886889513595
parameter_G30,G30,"High AD-like perturbation, G30",1.0,53,5Hz,30.0,0.02,0.5,ac884c60d8359016,episodic_anatomical_core,0.003588383655223678,0.06754663236659342,0.022760502993255084,0.030245535545140746,0.03875216129042584,0.0729614489563262,0.11823868519370317,0.0010407776700898717,0.0017587547020774068,0.0015070590128291445,0.0034727796732821154,0.008101400005494825,1.0,0.02889373443519102,0.09067512972482056,1.6499502239019128,True,0.3012303873445636,0.0017587547020774068,0.04740888101022722,0.02627428040888166,0.06201276648967176,0.0357384860807901,1.0,,,,,0.0021097944324808826,4.020354171876844,0.15891350516569003,0.3125,31.7428651696244,0.9999886889513595
parameter_G30,G30,"High AD-like perturbation, G30",1.0,53,5Hz,30.0,0.02,0.5,ac884c60d8359016,semantic_platel_peaks,0.01636225415690143,0.3201835229690948,0.13265798851167476,0.17713902376148633,0.23999071486248794,0.296802216086696,0.5577446158649211,0.004846880143046388,0.004971155511896819,0.01208219090925573,0.042184433902225954,0.03476296506037066,1.0,0.173842024258503,0.41758327520491995,1.2642870522887009,True,0.24442030214164356,0.01208219090925573,0.0355333218458876,0.01917938062603202,0.04747700614247562,0.028297625516443596,1.0,,,,,0.0034387428788423824,2.226202054422735,0.2505599738470558,0.4,31.7428651696244,0.9999886889513595
parameter_G30,G30,"High AD-like perturbation, G30",1.0,53,5Hz,30.0,0.02,0.5,ac884c60d8359016,episodic_platel_peaks,0.003584792302345371,0.06908925601415604,0.01895952479128886,0.026965824396659867,0.02694730728385431,0.062161960511965354,0.13308827305815749,0.0006939059823867192,0.0007386916416905415,0.001009085793151533,0.002678331286366544,0.005018546579811484,1.0,0.02399810488220044,0.09450893174215495,1.9775301988929908,True,0.341383867807038,0.001009085793151533,0.04670374134730362,0.04068378610811777,0.0606192943027877,0.01993550819466993,1.0,,,,,0.0007140149395784001,3.8273984698054004,0.10201327728376655,0.25,31.7428651696244,0.9999886889513595
parameter_G30,G30,"High AD-like perturbation, G30",1.0,53,5Hz,30.0,0.02,0.5,ac884c60d8359016,semantic_expanded_left,0.007716035584201634,0.14733296671635382,0.05646144752054064,0.07683054389512439,0.09275837536761693,0.15117482251300432,0.25810192631108564,0.002532176144812253,0.0017123382629258372,0.005942927075149685,0.022192255235125927,0.02889664379436923,1.0,0.07099656438215558,0.1956087933578999,1.4621501088732525,True,0.26808358942910804,0.005942927075149685,0.035635949578870674,0.017596625312213614,0.047481067393537045,0.02988444208132343,1.0,,,,,0.0034387428788423824,0.8985156581416816,0.1474498530181349,0.2857142857142857,31.7428651696244,0.9999886889513595
parameter_G30,G30,"High AD-like perturbation, G30",1.0,53,5Hz,30.0,0.02,0.5,ac884c60d8359016,episodic_expanded_left,0.004280045540446865,0.08172484435482069,0.03274246952259371,0.035084581212816164,0.04730715637559785,0.08981546344318503,0.1424959569640258,0.0020499188352171736,0.0031601954111367216,0.0023159882961760214,0.003990251053814639,0.011822475991842236,1.0,0.035585048232942174,0.10976023196709143,1.6250123390661058,True,0.2799749299435999,0.0031601954111367216,0.028695011441809005,0.015384985124404423,0.036313621978438,0.02092863685403358,1.0,,,,,0.0014944940060090395,4.2078559590750295,0.1452645985132607,0.125,31.7428651696244,0.9999886889513595
parameter_G30,G30,"High AD-like perturbation, G30",1.0,53,5Hz,30.0,0.02,0.5,ac884c60d8359016,semantic_expanded_right,0.008286849783763641,0.15971142481161799,0.06911142843134876,0.09752548961254429,0.136020840099733,0.1475908573760201,0.24935417719907543,0.002770487935265124,0.004221778048258845,0.006003436894615799,0.014578986780469833,0.008398717032846637,1.0,0.09701349357124855,0.20267680709697145,1.0629236761210659,True,0.21500762254461261,0.006003436894615799,0.02530165464362914,0.017504885601340368,0.03250453435444048,0.014999648753100111,1.0,,,,,0.0007833539300602377,2.0760514372232177,0.13141713190064933,0.3333333333333333,31.7428651696244,0.9999886889513595
parameter_G30,G30,"High AD-like perturbation, G30",1.0,53,5Hz,30.0,0.02,0.5,ac884c60d8359016,episodic_expanded_right,0.0032400211008174547,0.06244452354441545,0.01768485977825955,0.02774915325360557,0.03233609073886623,0.06121274364835392,0.1141202083581257,0.0006066304647211055,0.0009198406573572974,0.0010208849087909332,0.0030371585148571377,0.005538116068445332,1.0,0.02496214858116541,0.08428578319374465,1.7555471893304957,True,0.32606617429326334,0.0010208849087909332,0.05921292346528326,0.03630850557133862,0.0784135396491137,0.04210503407777508,1.0,,,,,0.0037871819721340128,3.947599366424239,0.1948975369160418,0.45454545454545453,31.7428651696244,0.9999886889513595
parameter_G30,G30,"High AD-like perturbation, G30",1.0,53,5Hz,30.0,0.02,0.5,ac884c60d8359016,shared_auditory_relay,0.009718749676095415,0.0946306927593501,0.01995914613131355,0.03413376926088709,0.03442689731214051,0.1051878308119568,0.16971267271638818,0.0013466863404392171,0.0036197938345198266,0.0027044385273909725,0.008101447719135742,0.015758123714560448,1.0,0.02976970000202552,0.12997074803311628,2.1262703702111962,True,0.3899820474405966,0.0036197938345198266,0.07169657744390132,0.0980656752389392,0.08245725148864574,0.015608423750293463,1.0,,,,,0.00479788387630109,4.683788414197377,0.2981873146299322,0.6428571428571429,31.7428651696244,0.9999886889513595
parameter_G30,G30,"High AD-like perturbation, G30",1.0,53,5Hz,30.0,0.02,0.5,ac884c60d8359016,anterior_temporal_context,0.015090266355424911,0.23007481863433288,0.05192132323719927,0.09265564899917811,0.13892097968118142,0.1875422285195889,0.435549305812176,0.004175996656183773,0.007671861824597765,0.006278208892508394,0.022236452858503723,0.03778198186661985,1.0,0.08921648217501296,0.3106004382104748,1.7996776965808707,True,0.3577069309541419,0.007671861824597765,0.03630248515724963,0.007332266900524452,0.04828947575061475,0.0409572088500903,1.0,,,,,0.0025286279414823976,2.4235947103463564,0.1733723313774948,0.3888888888888889,31.7428651696244,0.9999886889513595
parameter_G30,G30,"High AD-like perturbation, G30",1.0,53,5Hz,30.0,0.02,0.5,ac884c60d8359016,hippocampal_context,0.002972451932156628,0.04329814845933329,0.011319727263208602,0.016534336172531052,0.00975432680785313,0.05845864951550766,0.07366815121238113,0.00037741674028311063,0.0006975033098713357,0.00043115376484973843,0.0027574287064073225,0.004924807006865316,1.0,0.013769442069227752,0.059604816814928525,2.1139588198180874,True,0.36131775267366906,0.0006975033098713357,0.0533917623263339,0.039356253726912704,0.06895486264686973,0.029598608919957026,1.0,,,,,0.0024386383718408844,3.7558253227955354,0.13208892620692742,0.5,31.7428651696244,0.9999886889513595
parameter_G30,G30,"High AD-like perturbation, G30",1.0,53,5Hz,30.0,0.02,0.5,ac884c60d8359016,angular_parietal_context,0.004383105317985056,0.05325524514541144,0.016261663558145914,0.03337150936369177,0.030356278245867698,0.06614398556538184,0.06424486477007536,0.0005153116418562251,0.0011878622730008472,0.0010069623184100372,0.003900155111494415,0.004848905106621015,1.0,0.027938444456928852,0.06461194400549378,1.2095491853257963,True,0.2475602809042671,0.0011878622730008472,0.055403044545513716,0.013335666737398288,0.07413655492460111,0.06080088818720282,1.0,,,,,0.003275056728570813,3.427474711304261,0.1117641622677754,0.16666666666666666,31.7428651696244,0.9999886889513595
parameter_G30,G30,"High AD-like perturbation, G30",1.0,71,2Hz,30.0,0.02,0.5,ac884c60d8359016,semantic_expanded,0.005100931588720608,0.13585933612270434,0.05652588138796086,0.09949291051653557,0.12680228006042793,0.1650500534441115,0.19597418401531091,0.004768691787360113,0.00627134178389479,0.00915985023373801,0.0097427571593708,0.01396646801608026,1.0,0.08791993469193507,0.17069352944409397,0.9571461507688679,False,0.21587991167958537,0.00915985023373801,0.08659576575580112,0.15671559814380862,0.05569366708519847,0.10102193105861015,1.0,,,,,0.0002775039898105236,1.817527276766027,0.21122143333645357,0.46153846153846156,31.54743580251731,0.9999988428449986
parameter_G30,G30,"High AD-like perturbation, G30",1.0,71,2Hz,30.0,0.02,0.5,ac884c60d8359016,episodic_expanded,0.002433663578573686,0.06235571756354469,0.02117150788065245,0.053963952523616174,0.059378676002380205,0.06634702386533639,0.08852950853084028,0.0014081055316210265,0.0015958425354846825,0.0024963250174715474,0.0020178803210802072,0.001850013098936276,1.0,0.04629751941985727,0.07343778328198289,0.6655876144561204,False,0.22130522532366298,0.001850013098936276,0.0758235247555516,0.11068244922697792,0.05452307348921373,0.056159375737764194,1.0,,,,,0.0007765311746618098,6.725426486070456,0.1697741271820366,0.3157894736842105,31.54743580251731,0.9999988428449986
parameter_G30,G30,"High AD-like perturbation, G30",1.0,71,2Hz,30.0,0.02,0.5,ac884c60d8359016,semantic_anatomical_core,0.0044640867262622334,0.10731552200742997,0.04622346794084253,0.07902746583063208,0.10309559279506193,0.1323945204915944,0.14964201322890472,0.0047399821632830965,0.005105996970151786,0.007804996132891214,0.010772702712879986,0.014064978100034087,1.0,0.07114063490580921,0.13373641458977903,0.9106465898469337,False,0.20670265538187055,0.007804996132891214,0.0714813556012606,0.1234591639387666,0.04722459034124092,0.07623457359752568,1.0,,,,,0.00024004843235492235,1.940248334007597,0.20113640653798276,0.5,31.54743580251731,0.9999988428449986
parameter_G30,G30,"High AD-like perturbation, G30",1.0,71,2Hz,30.0,0.02,0.5,ac884c60d8359016,episodic_anatomical_core,0.0025770824539609084,0.06066830308493652,0.019417595153904132,0.049351312619278026,0.05516610476123928,0.0657617577180142,0.08813287001800638,0.0013389694638668021,0.0016370814504969636,0.0025418482217637725,0.0019049458714251292,0.001755706474188381,1.0,0.042221954454125264,0.07287138479879775,0.7873590443826854,False,0.23893958527714274,0.001755706474188381,0.07137721583051537,0.10098473399392857,0.05148126535995506,0.049503468633973514,1.0,,,,,0.0007865795038881074,6.744386276548161,0.17112968596296502,0.3125,31.54743580251731,0.9999988428449986
parameter_G30,G30,"High AD-like perturbation, G30",1.0,71,2Hz,30.0,0.02,0.5,ac884c60d8359016,semantic_platel_peaks,0.0104170320961051,0.2789729742833712,0.11311387687296222,0.20052490639274073,0.2549549338236697,0.3391533409053867,0.41059045358310053,0.00798386377727129,0.012947375751307453,0.018189754099225578,0.013583189781361006,0.02340116133153365,1.0,0.17535183750993732,0.3537709977912456,1.0125632318272826,True,0.22390022863557224,0.013583189781361006,0.07479431636307671,0.13515286957847367,0.0500249099666812,0.08512795961179247,1.0,,,,,0.0008589444231993371,1.777465044631514,0.21888674337530306,0.4,31.54743580251731,0.9999988428449986
parameter_G30,G30,"High AD-like perturbation, G30",1.0,71,2Hz,30.0,0.02,0.5,ac884c60d8359016,episodic_platel_peaks,0.001428078334447372,0.03837580869128588,0.012416670861913068,0.044738656104573865,0.041035068075609776,0.03610971759926261,0.048996588273199894,0.0007196259787691171,0.0008961059047579077,0.0008869831717262421,0.0007285353828957961,0.0008193689843379875,1.0,0.0364393935180979,0.04029501803553313,0.14510253122665082,False,0.18258354914524466,0.0008193689843379875,0.08190275787710488,0.12513278520848564,0.05855565892496834,0.06657712628351731,1.0,,,,,0.00035986016754507855,5.387924459525523,0.12175689675076089,0.25,31.54743580251731,0.9999988428449986
parameter_G30,G30,"High AD-like perturbation, G30",1.0,71,2Hz,30.0,0.02,0.5,ac884c60d8359016,semantic_expanded_left,0.004599443339447091,0.12079988426121596,0.04611943317687884,0.08701799586503725,0.10912533302077686,0.1491661030560847,0.17623560640230268,0.008269074832349944,0.014758232016896104,0.020014931455481975,0.02688224656361657,0.0326187264013753,1.0,0.07450172542542986,0.15344247125948118,1.042352117680484,True,0.23228257644905181,0.020014931455481975,0.07730037297556953,0.1429456864784186,0.04937727945570554,0.09356840702271306,1.0,,,,,0.0008589444231993371,2.062969391249167,0.22026625707894645,0.5714285714285714,31.54743580251731,0.9999988428449986
parameter_G30,G30,"High AD-like perturbation, G30",1.0,71,2Hz,30.0,0.02,0.5,ac884c60d8359016,episodic_expanded_left,0.0037713698653793863,0.09905134374344393,0.04762470480720738,0.08119139485229167,0.09838684915661619,0.11166129731208782,0.137733224675432,0.0033322779928229053,0.0023365248056957085,0.00606104848525157,0.006271324926402911,0.004482937101431114,1.0,0.07301549375902977,0.11915052740586099,0.7065107985284151,False,0.17619598037420814,0.004482937101431114,0.0780016048145195,0.11977869396883632,0.057067601697061585,0.06271109227177474,1.0,,,,,0.0006610265568200435,5.237444207574775,0.1710232645113806,0.125,31.54743580251731,0.9999988428449986
parameter_G30,G30,"High AD-like perturbation, G30",1.0,71,2Hz,30.0,0.02,0.5,ac884c60d8359016,semantic_expanded_right,0.005686001212873044,0.1527961663588117,0.069280453955962,0.11375623104908336,0.1473426727180011,0.1826254060660254,0.21792350356712667,0.0027500563030185246,0.0026649349139787003,0.004192013172322398,0.0035310038854766343,0.005980068824390657,1.0,0.10375484422801909,0.1898840702637696,0.8719401838572522,False,0.19947724691011884,0.0035310038854766343,0.09589115853603271,0.17048550980919863,0.0620100547146914,0.10847545509450723,1.0,,,,,0.00016380317441999637,1.612217501910562,0.16302945200716426,0.3333333333333333,31.54743580251731,0.9999988428449986
parameter_G30,G30,"High AD-like perturbation, G30",1.0,71,2Hz,30.0,0.02,0.5,ac884c60d8359016,episodic_expanded_right,0.0014607862790786302,0.03925474774916329,0.009411769537576109,0.03586720214955028,0.03583636628288693,0.03942214251267694,0.05690329184683729,0.0005950167400355629,0.0010899577833944235,0.0010281453131447227,0.0006492792253611193,0.0007634611837723979,1.0,0.02935623925938296,0.04526298062450874,0.6246644303838249,False,0.26641447027311765,0.0007634611837723979,0.07364544469658368,0.10158620448511951,0.05197854528136587,0.049607659203753644,1.0,,,,,0.0009516715339799031,7.201188248249544,0.1697741271820366,0.45454545454545453,31.54743580251731,0.9999988428449986
parameter_G30,G30,"High AD-like perturbation, G30",1.0,71,2Hz,30.0,0.02,0.5,ac884c60d8359016,shared_auditory_relay,0.00871876447144565,0.07358791625029124,0.0348242442633743,0.06670793000904578,0.06943417066337829,0.07227919258821229,0.09933886713469188,0.0035006174729908883,0.004690155573754427,0.005178631078090611,0.0036572409974057313,0.003778217271503943,1.0,0.05653191179572823,0.08250698012389016,0.5454506902382298,False,0.1570127307764888,0.003778217271503943,0.11483272482154933,0.16479279643404143,0.08742965322893095,0.07736314320511048,1.0,,,,,0.002751795276809299,9.218111889171933,0.30380903340047893,0.7142857142857143,31.54743580251731,0.9999988428449986
parameter_G30,G30,"High AD-like perturbation, G30",1.0,71,2Hz,30.0,0.02,0.5,ac884c60d8359016,anterior_temporal_context,0.00907633368449519,0.2272397203327379,0.08209294184025158,0.1424823741731274,0.22084794533556656,0.2701458170450135,0.3413705044125065,0.005006293388662213,0.007757819128797579,0.012260475545500192,0.012408636731877594,0.01770508637961645,1.0,0.13745635656143074,0.2906843452858606,1.0804797529833083,True,0.25174857580802473,0.012260475545500192,0.11428712036818903,0.205410652681127,0.05721593917920927,0.1481947135019177,1.0,,,,,0.0017208115574647298,2.407287026930786,0.20828839708675762,0.3888888888888889,31.54743580251731,0.9999988428449986
parameter_G30,G30,"High AD-like perturbation, G30",1.0,71,2Hz,30.0,0.02,0.5,ac884c60d8359016,hippocampal_context,0.001913769191809141,0.03166786012625601,0.012730435368871793,0.0403272920054918,0.03921978911587356,0.02640542210732281,0.03067366138225347,0.0006984584238127722,0.0012483011588219205,0.0010307481640700032,0.0007334044432680843,0.0005432948267375116,1.0,0.032586284267244844,0.030783089683045682,0.08212681303560385,False,0.0963257462538651,0.0007334044432680843,0.02756457310195559,0.02984212919566366,0.02365530925960962,0.0061868199360540395,1.0,,,,,0.0007934452062660635,7.634279015730527,0.16804230136901765,0.0,31.54743580251731,0.9999988428449986
parameter_G30,G30,"High AD-like perturbation, G30",1.0,71,2Hz,30.0,0.02,0.5,ac884c60d8359016,angular_parietal_context,0.0013005970572992607,0.02638380057601008,0.009319240834591784,0.03372554339138089,0.02674017504330065,0.02280389086760513,0.03249450455294052,0.0005573452822265696,0.001306554245642379,0.0013766661370611236,0.0005439219931622038,0.0005936838777784748,1.0,0.02495986326180412,0.02754723914925742,0.14229770499301636,False,0.15196305684990086,0.0005936838777784748,0.049058188557512136,0.0711005319599735,0.020559451664969412,0.050541080295004086,1.0,,,,,0.0006493989214334528,7.042083511471395,0.15965020078213413,0.3333333333333333,31.54743580251731,0.9999988428449986
parameter_G30,G30,"High AD-like perturbation, G30",1.0,71,5Hz,30.0,0.02,0.5,ac884c60d8359016,semantic_expanded,0.005325451884660235,0.10249847337458005,0.04163260086224616,0.07239602597706658,0.09432174291472857,0.12409934850070978,0.14560118193932292,0.002818187417953382,0.0024824061771277464,0.00420857139486682,0.0038061368285536045,0.004379008770521673,1.0,0.0658769068209507,0.1288871201292792,0.9682633787845254,False,0.2194993038068745,0.0038061368285536045,0.03169223590183212,0.05615192616568004,0.02025389522991001,0.03589803093577003,1.0,,,,,0.0004624165298359184,1.1174714556729985,0.1729149847289473,0.3076923076923077,31.880519768517015,0.9999988040412416
parameter_G30,G30,"High AD-like perturbation, G30",1.0,71,5Hz,30.0,0.02,0.5,ac884c60d8359016,episodic_expanded,0.0023254467825300973,0.04207395633768453,0.012506841505289822,0.034738753529707574,0.03816700799304285,0.04474198559077252,0.05989502243200973,0.0011810166456448607,0.001784940066056765,0.0015750099702512741,0.0016353865830102264,0.0028299421768477116,1.0,0.02997561832602983,0.05007059477523873,0.74017407958388,False,0.24422602644117883,0.0016353865830102264,0.04605297164555181,0.0481885343361443,0.0464233602374664,0.0017651740986779005,1.0,,,,,0.0024483472204709367,2.686865092660465,0.18360383895714855,0.42105263157894735,31.880519768517015,0.9999988040412416
parameter_G30,G30,"High AD-like perturbation, G30",1.0,71,5Hz,30.0,0.02,0.5,ac884c60d8359016,semantic_anatomical_core,0.00476120596686958,0.0799525961020797,0.03386757257029592,0.05694133462285621,0.07553125110570502,0.0980765479994481,0.11002595191594831,0.0028748535975320357,0.002101063125396901,0.004114272303234601,0.004116013490394218,0.004545746199759936,1.0,0.052677123523838576,0.09975932037194847,0.9212750683484986,False,0.20920833085146848,0.004114272303234601,0.02774336418532904,0.03960452475689928,0.02198894452291132,0.01761558023398796,1.0,,,,,0.0004284969475750189,1.0356112650023994,0.12908098983954125,0.2,31.880519768517015,0.9999988040412416
parameter_G30,G30,"High AD-like perturbation, G30",1.0,71,5Hz,30.0,0.02,0.5,ac884c60d8359016,episodic_anatomical_core,0.002501304587094256,0.0413575239270147,0.011981691175064821,0.03166843501856147,0.03577215369775687,0.04505492429139951,0.060260164447807296,0.0011702756966567884,0.0016902739285202615,0.0015448825110712825,0.001600318464256889,0.002849283495831068,1.0,0.02738593618157137,0.05030493752077041,0.877264810724276,False,0.25846926659873976,0.001600318464256889,0.04517649301198208,0.042335368049221,0.04826794140500907,0.005932573355788069,1.0,,,,,0.0025266432204000266,3.4197907159310534,0.20564461950210133,0.4375,31.880519768517015,0.9999988040412416
parameter_G30,G30,"High AD-like perturbation, G30",1.0,71,5Hz,30.0,0.02,0.5,ac884c60d8359016,semantic_platel_peaks,0.011112046465973599,0.21273401573290282,0.08433009166917382,0.14799756236090048,0.19233868563745785,0.2570993895597751,0.30757063115728783,0.004250005348858349,0.004216004697340857,0.006949505254519058,0.004885893105128929,0.0069134934314367446,1.0,0.13346988639846277,0.2694672032589757,1.0135954174373303,True,0.2265174709691805,0.004885893105128929,0.027994539949723108,0.04471332180714809,0.0208608928942396,0.02385242891290849,1.0,,,,,0.00039457736531411935,-1.5277459749112512,0.20766694640431113,0.4,31.880519768517015,0.9999988040412416
parameter_G30,G30,"High AD-like perturbation, G30",1.0,71,5Hz,30.0,0.02,0.5,ac884c60d8359016,episodic_platel_peaks,0.001196291113906472,0.023093264892839093,0.005882519611494256,0.027672250588927288,0.023477706245098668,0.021055538566008305,0.029134112113570955,0.0007023734974480489,0.0008720004472179539,0.0008983358175500695,0.0006158523345901635,0.0008917021252697052,1.0,0.022106698746359617,0.024016875102145313,0.11956485081211926,False,0.21110831108974815,0.0008720004472179539,0.07147784732534501,0.09659769976741954,0.059616621207488736,0.036981078559930804,1.0,,,,,0.0013581731545286857,1.7853760441457593,0.12217509625579623,0.25,31.880519768517015,0.9999988040412416
parameter_G30,G30,"High AD-like perturbation, G30",1.0,71,5Hz,30.0,0.02,0.5,ac884c60d8359016,semantic_expanded_left,0.005100973027327183,0.0974049284908448,0.03742629342538934,0.06721592628742956,0.08648819860638096,0.119969613699128,0.14014915170656628,0.0030714489168766506,0.0018396571093332037,0.00423505228573637,0.0037922811434653947,0.007030453791975801,1.0,0.06021448095931934,0.12361765831851503,1.037702454488603,True,0.23227359451267457,0.0037922811434653947,0.03218528552932355,0.05350016020227905,0.023200454186586165,0.030299706015692887,1.0,,,,,0.0006591020837946049,1.7272894431102215,0.1729149847289473,0.2857142857142857,31.880519768517015,0.9999988040412416
parameter_G30,G30,"High AD-like perturbation, G30",1.0,71,5Hz,30.0,0.02,0.5,ac884c60d8359016,episodic_expanded_left,0.0037726689858032635,0.07204048145581861,0.03104126781176754,0.054748499671657916,0.0690939803084611,0.08224552342592334,0.10108649855889083,0.002173536073047835,0.004213796040969428,0.0028983635563350663,0.004295928232905179,0.007941289258859353,1.0,0.050134524925070256,0.08827570712225064,0.8162120211690701,False,0.19968897947194428,0.004213796040969428,0.019727143567560865,0.01565808760115208,0.022925219983620793,0.007267132382468712,1.0,,,,,0.00250181378314307,7.432951882805451,0.22894306884006693,0.5,31.880519768517015,0.9999988040412416
parameter_G30,G30,"High AD-like perturbation, G30",1.0,71,5Hz,30.0,0.02,0.5,ac884c60d8359016,semantic_expanded_right,0.00558734388488213,0.10785837233181647,0.046311651406529014,0.07797533808966167,0.10286479924228382,0.1283712418789972,0.1512653050267058,0.002585809022924315,0.0033497222917131383,0.004182256083436181,0.0038200431375280688,0.0027275220604097974,1.0,0.07207181367598513,0.13438120379547083,0.8988243030804484,False,0.20672501310107433,0.0033497222917131383,0.03119918627434069,0.05880369212908102,0.01730733627323385,0.04149635585584717,1.0,,,,,0.0003555102969043378,-1.1233131759259494,0.18473601839469042,0.3333333333333333,31.880519768517015,0.9999988040412416
parameter_G30,G30,"High AD-like perturbation, G30",1.0,71,5Hz,30.0,0.02,0.5,ac884c60d8359016,episodic_expanded_right,0.0012729215437859772,0.024572542633422473,0.005039133239884682,0.022042266071859027,0.021083175301779666,0.024339869104339926,0.03548855448822375,0.000641719424207385,0.000756090472447677,0.0008558817271107525,0.0006225637698982711,0.001008472612349078,1.0,0.01792253333148655,0.028400389448868395,0.6641361379986905,False,0.28876307341041324,0.000756090472447677,0.07237879972354276,0.08071898107113652,0.069921500491312,0.01079748057982452,1.0,,,,,0.0024483472204709367,1.2663721717231526,0.1629253937101367,0.36363636363636365,31.880519768517015,0.9999988040412416
parameter_G30,G30,"High AD-like perturbation, G30",1.0,71,5Hz,30.0,0.02,0.5,ac884c60d8359016,shared_auditory_relay,0.007978499279224737,0.047881797999926576,0.01770901534143741,0.040127264525308966,0.042721913373008145,0.048668405684096916,0.06597037056517892,0.0020394794904025665,0.0034223997965653233,0.003362561243963093,0.0034743524486639077,0.006381894934114976,1.0,0.033752428246885784,0.05531291046255979,0.7126249584501636,False,0.2036535563093189,0.0034223997965653233,0.09812046338617372,0.11327753274350229,0.0906751096120932,0.02260242313140909,1.0,,,,,0.00909795630202237,7.169491762664993,0.32498537014941015,0.7857142857142857,31.880519768517015,0.9999988040412416
parameter_G30,G30,"High AD-like perturbation, G30",1.0,71,5Hz,30.0,0.02,0.5,ac884c60d8359016,anterior_temporal_context,0.00876180734568273,0.1586405477981739,0.05740677655596151,0.09835619210662307,0.15132773794312876,0.1849569518636568,0.23569391154152058,0.003961152306866277,0.008068080745669514,0.00623409656696069,0.01372072435443694,0.014939650273871532,1.0,0.09588458869185555,0.20262096969567256,1.0794126316381942,True,0.2493172407203418,0.008068080745669514,0.031080308461206643,0.0573005028346832,0.013102725372615738,0.04419777746206746,1.0,,,,,0.004883452509655883,-2.7399362473759155,0.19973514325614417,0.2777777777777778,31.880519768517015,0.9999988040412416
parameter_G30,G30,"High AD-like perturbation, G30",1.0,71,5Hz,30.0,0.02,0.5,ac884c60d8359016,hippocampal_context,0.001627278281125127,0.01999690748162765,0.006529672726822605,0.024414779986779964,0.023615459691175147,0.01741387577301913,0.020209758796779574,0.0007976449839017114,0.0007507109266942958,0.0006021612400065058,0.0006531135102401672,0.0005870662917935723,1.0,0.01987951134412986,0.020021929716221888,0.01029873338970899,False,0.13862107934641685,0.0006531135102401672,0.0380569051456966,0.030390898475589373,0.0450753513378687,0.014684452862279325,1.0,,,,,0.002213181210981241,-1.2443470010469688,0.13038030469899867,0.5,31.880519768517015,0.9999988040412416
parameter_G30,G30,"High AD-like perturbation, G30",1.0,71,5Hz,30.0,0.02,0.5,ac884c60d8359016,angular_parietal_context,0.0010895402643535806,0.01648863586475271,0.005562669447874587,0.02049566189885517,0.016349704988839153,0.014912588565949353,0.019239423380492133,0.0007019676720001895,0.0006103620800156667,0.0010071788512882273,0.0005803233837400574,0.0005686281695237081,1.0,0.015294478072348981,0.017298994770519327,0.17767733111906747,False,0.15608223396526777,0.0006103620800156667,0.04203627451982627,0.04114266619644633,0.041948440629931236,0.0008057744334849029,1.0,,,,,0.002108846514851659,-3.0109560670486273,0.13244429529086138,0.16666666666666666,31.880519768517015,0.9999988040412416
parameter_G100,G100,"Baseline, G100",0.0,11,2Hz,100.0,0.02,0.5,512a8299eaef29ce,semantic_expanded,2.2681577236607453e-05,0.00046907322088956367,0.00047000968744956794,0.00047000981758516013,0.0004700098175864029,0.0004700098175864033,0.0004700098175864016,0.0004690654880003109,0.0004690656113830167,0.000469065611384249,0.000469065611384249,0.0004690656113842474,1.0,0.00046918670588787806,0.00046918677547331183,2.1396717235419304e-07,False,3.9945694751963856e-08,0.0004690656113842474,2.249045063840695,2.247107460370117,2.2471051454476,2.3149225167884424e-06,1.0,,,,,0.9999849870187256,31.568127767728416,0.9999999999970034,1.0,31.538850170542666,0.9999999999999999
parameter_G100,G100,"Baseline, G100",0.0,11,2Hz,100.0,0.02,0.5,512a8299eaef29ce,episodic_expanded,4.483513029983684e-05,0.000930691786811832,0.0009323566525696337,0.0009323567626982309,0.0009323567626981183,0.0009323567626981191,0.000932356762698115,0.000930683579289244,0.0009306836841601523,0.0009306836841600399,0.0009306836841600399,0.0009306836841600366,1.0,0.0009308935417677568,0.0009308936010136409,9.181902843745408e-08,False,1.704087413401112e-08,0.0009306836841600399,2.362487361200973,2.360521062453633,2.3605201129379356,9.495156971794927e-07,1.0,,,,,0.9999854429975088,31.56556744469206,0.9999999999994412,1.0,31.538850170542666,0.9999999999999999
parameter_G100,G100,"Baseline, G100",0.0,11,2Hz,100.0,0.02,0.5,512a8299eaef29ce,semantic_anatomical_core,2.0050434228545217e-05,0.0004154689367919016,0.00041630579064081357,0.0004163059229620186,0.0004163059229633693,0.0004163059229633693,0.00041630592296336785,0.0004154617416141264,0.00041546186713784753,0.00041546186713918587,0.00041546186713918587,0.0004154618671391844,1.0,0.0004155703494257643,0.00041557041906469726,2.417586696353342e-07,False,4.585620496655452e-08,0.0004154618671391844,2.236117109642323,2.234183563828605,2.2341809813738838,2.582454721178351e-06,1.0,,,,,0.9999849481722676,31.568189472098865,0.9999999999966921,1.0,31.538850170542666,0.9999999999999999
parameter_G100,G100,"Baseline, G100",0.0,11,2Hz,100.0,0.02,0.5,512a8299eaef29ce,episodic_anatomical_core,4.666364047198082e-05,0.0009665961815814491,0.0009683282837001454,0.0009683283913234055,0.0009683283913232885,0.0009683283913232894,0.000968328391323285,0.000966587485229335,0.0009665875875286964,0.000966587587528578,0.000966587587528578,0.0009665875875285745,1.0,0.0009668060857265289,0.0009668061443287621,8.744788623032321e-08,False,1.6034570116119085e-08,0.000966587587528578,2.3589460654330314,2.356980526503337,2.356979608072738,9.184305991283281e-07,1.0,,,,,0.9999855168647548,31.565676568237592,0.9999999999993684,1.0,31.538850170542666,0.9999999999999999
parameter_G100,G100,"Baseline, G100",0.0,11,2Hz,100.0,0.02,0.5,512a8299eaef29ce,semantic_platel_peaks,2.490884419966645e-05,0.0005159956861377896,0.0005170330604775011,0.0005170331892772054,0.0005170331892779907,0.0005170331892779907,0.0005170331892779889,0.0005159870925149286,0.0005159872146929173,0.0005159872146936761,0.0005159872146936761,0.0005159872146936743,1.0,0.000516121401191809,0.0005161214715693876,1.9672382609972213e-07,False,3.5939745934854274e-08,0.0005159872146936743,2.2625823740580624,2.2606390913904555,2.260637173172785,1.9182176704823917e-06,1.0,,,,,0.9999850246879248,31.568127767728416,0.9999999999970034,1.0,31.538850170542666,0.9999999999999999
parameter_G100,G100,"Baseline, G100",0.0,11,2Hz,100.0,0.02,0.5,512a8299eaef29ce,episodic_platel_peaks,4.4018999407205374e-05,0.0009162386727367165,0.0009177825184776438,0.0009177826160297048,0.0009177826160302812,0.000917782616030282,0.0009177826160302763,0.0009162343075552069,0.000916234401130711,0.0009162344011312872,0.000916234401131288,0.0009162344011312823,1.0,0.0009164257568706521,0.0009164258056825455,7.684274933932469e-08,False,1.5334690584012378e-08,0.0009162344011312823,2.411043224788273,2.4090688718835223,2.4090679887519286,8.831315936319584e-07,1.0,,,,,0.9999853071916353,31.563025975725974,0.9999999999998338,1.0,31.538850170542666,0.9999999999999999
parameter_G100,G100,"Baseline, G100",0.0,11,2Hz,100.0,0.02,0.5,512a8299eaef29ce,semantic_expanded_left,2.314543321658226e-05,0.0004774491573081566,0.00047839991846866604,0.0004784000717506924,0.00047840007175199516,0.00047840007175199516,0.0004784000717519947,0.00047744149950221406,0.0004774416460287904,0.00047744164603007953,0.00047744164603007953,0.0004774416460300791,1.0,0.0004775643717866868,0.000477564451093565,2.3958158762486824e-07,False,4.622534284237645e-08,0.0004774416460300791,2.226088971029419,2.2241572257062985,2.224154687330322,2.5383759765240654e-06,1.0,,,,,0.9999849870187256,31.566853597454756,0.9999999999985213,1.0,31.538850170542666,0.9999999999999999
parameter_G100,G100,"Baseline, G100",0.0,11,2Hz,100.0,0.02,0.5,512a8299eaef29ce,episodic_expanded_left,4.544282843903821e-05,0.0009374047977798765,0.0009390795674327325,0.0009390797064884738,0.0009390797064882487,0.0009390797064882487,0.0009390797064882469,0.0009373966639625423,0.0009373967975441544,0.0009373967975439355,0.0009373967975439355,0.0009373967975439346,1.0,0.0009376077472820034,0.0009376078200859256,1.120232354325282e-07,False,2.136288879128756e-08,0.0009373967975439355,2.3585547142506877,2.3565872870193667,2.3565863136334477,9.733859189786642e-07,1.0,,,,,0.9999853802762444,31.565511144847985,0.9999999999992524,1.0,31.538850170542666,0.9999999999999999
parameter_G100,G100,"Baseline, G100",0.0,11,2Hz,100.0,0.02,0.5,512a8299eaef29ce,semantic_expanded_right,2.2140411926636845e-05,0.0004608442243279466,0.00046176660523596953,0.0004617667129898706,0.0004617667129910551,0.0004617667129910555,0.0004617667129910526,0.0004608364213466318,0.00046083652235242114,0.0004608365223535975,0.0004608365223535975,0.00046083652235359463,1.0,0.00046095600506866613,0.0004609560652493261,1.8835275625691969e-07,False,3.366604648391558e-08,0.00046083652235359463,2.2720011566519713,2.2700576950339357,2.270055603564878,2.091469057940998e-06,1.0,,,,,0.9999850225274842,31.568189472098865,0.9999999999966921,1.0,31.538850170542666,0.9999999999999999
parameter_G100,G100,"Baseline, G100",0.0,11,2Hz,100.0,0.02,0.5,512a8299eaef29ce,episodic_expanded_right,4.4393168016781294e-05,0.000924026849542967,0.0009256818673707559,0.0009256819489792628,0.0009256819489792628,0.0009256819489792636,0.0009256819489792578,0.0009240185697879228,0.0009240186463524968,0.0009240186463524893,0.0009240186463524893,0.0009240186463524836,1.0,0.0009242274166536754,0.0009242274625319665,7.161482140498688e-08,False,1.2718859654370363e-08,0.0009240186463524893,2.366420008151258,2.3644548378878985,2.3644539122424235,9.25645474936232e-07,1.0,,,,,0.9999855446491204,31.565689493749044,0.99999999999961,1.0,31.538850170542666,0.9999999999999999
parameter_G100,G100,"Baseline, G100",0.0,11,2Hz,100.0,0.02,0.5,512a8299eaef29ce,shared_auditory_relay,7.706054767994618e-05,0.0015965876913843187,0.0015993563503762227,0.0015993564804897317,0.0015993564804904178,0.0015993564804904178,0.0015993564804904121,0.0015965762032429344,0.0015965763273740592,0.0015965763273747527,0.0015965763273747542,0.0015965763273747483,1.0,0.0015969232070113647,0.0015969232777353225,6.389355504985354e-08,False,1.1736945459972504e-08,0.0015965763273747483,2.397891877075183,2.3959176004933913,2.395916989286518,6.112068731134457e-07,1.0,,,,,0.9999857378607611,31.563402807939188,0.9999999999998463,1.0,31.538850170542666,0.9999999999999999
parameter_G100,G100,"Baseline, G100",0.0,11,2Hz,100.0,0.02,0.5,512a8299eaef29ce,anterior_temporal_context,3.553479145969427e-05,0.0007359413856082731,0.0007372887660903986,0.0007372888740524561,0.0007372888740525557,0.0007372888740525557,0.000737288874052553,0.0007359340200492072,0.0007359341225971478,0.0007359341225972459,0.0007359341225972465,0.0007359341225972439,1.0,0.0007361046668902433,0.0007361047262922654,1.1642230102417746e-07,False,2.112557968558804e-08,0.0007359341225972439,2.3192660963247027,2.31731134181232,2.317310030220307,1.311592012775975e-06,1.0,,,,,0.9999851908375377,31.56480463807067,0.9999999999993621,1.0,31.538850170542666,0.9999999999999999
parameter_G100,G100,"Baseline, G100",0.0,11,2Hz,100.0,0.02,0.5,512a8299eaef29ce,hippocampal_context,5.465744259262485e-05,0.0011315228493489298,0.0011332021138948814,0.00113320214033838,0.0011332021403383822,0.0011332021403383822,0.0011332021403383781,0.0011315260462894253,0.001131526072103795,0.0011315260721037961,0.001131526072103797,0.001131526072103794,1.0,0.001131726336698888,0.0011317263474090137,1.3652987166044083e-08,False,3.3665576992802926e-09,0.001131526072103795,2.5292177365596054,2.5272195332402827,2.527219375728878,1.575114048080195e-07,1.0,,,,,0.9999852471829469,31.559869507297478,0.9999999999999676,1.0,31.538850170542666,0.9999999999999999
parameter_G100,G100,"Baseline, G100",0.0,11,2Hz,100.0,0.02,0.5,512a8299eaef29ce,angular_parietal_context,4.617244914829451e-05,0.0009567239746449931,0.0009582881072834902,0.0009582882285807618,0.0009582882285814342,0.0009582882285814342,0.0009582882285814309,0.0009567215366197519,0.0009567216555343615,0.0009567216555350336,0.0009567216555350336,0.0009567216555350302,1.0,0.0009569135102939084,0.0009569135666072608,8.490108144148906e-08,False,1.8261357048743323e-08,0.0009567216555350302,2.4347497770861337,2.4327689897724447,2.432768457169205,5.326032397334757e-07,1.0,,,,,0.9999851825968997,31.562615604239504,0.9999999999998297,1.0,31.538850170542666,0.9999999999999999
parameter_G100,G100,"Baseline, G100",0.0,11,5Hz,100.0,0.02,0.5,512a8299eaef29ce,semantic_expanded,4.364320940391806e-05,0.0006721136564561668,0.0006729790556644975,0.0006729792679239932,0.0006729792679254098,0.0006729792679251384,0.0006729792679249836,0.0006700781833211021,0.0006700785675608825,0.0006700785675621216,0.0006700785675618211,0.0006700785675615705,1.0,0.0006722213873776163,0.0006722214758149485,1.898007034645245e-07,False,4.5503337098296015e-08,0.0006700785675615705,1.4276881300674575,1.4275971807885743,1.4275975953033082,4.145147338707744e-07,1.0,,,,,0.9929515806649628,31.902437507778338,0.9999999999995088,1.0,31.882318085629677,1.0
parameter_G100,G100,"Baseline, G100",0.0,11,5Hz,100.0,0.02,0.5,512a8299eaef29ce,episodic_expanded,8.463807300270449e-05,0.00130877821505342,0.0013102622399330012,0.001310262506934483,0.00131026250693478,0.0013102625069350091,0.0013102625069350208,0.001306337870239846,0.0013063382533263347,0.0013063382533266376,0.001306338253326878,0.0013063382533268963,1.0,0.0013089629551441256,0.0013089630644037944,1.204223352971993e-07,False,2.9398911038924783e-08,0.0013063382533266376,1.5723641534011437,1.5722442334351334,1.5722445016183806,2.681832471651546e-07,1.0,,,,,0.995685750008354,31.900447782130314,0.9999999999999267,1.0,31.882318085629677,1.0
parameter_G100,G100,"Baseline, G100",0.0,11,5Hz,100.0,0.02,0.5,512a8299eaef29ce,semantic_anatomical_core,3.869058196175577e-05,0.0005971402676028326,0.0005979160697481383,0.0005979162550865445,0.0005979162550884511,0.0005979162550880517,0.0005979162550878818,0.0005952180166463008,0.0005952183796395801,0.0005952183796413653,0.0005952183796409276,0.0005952183796406379,1.0,0.0005972368459565134,0.0005972369234104967,1.8709909000604015e-07,False,4.472028578561549e-08,0.0005952183796406379,1.4125047346590298,1.4124172239331694,1.4124177026465738,4.78713404472586e-07,1.0,,,,,0.9928542446020454,31.90305890986844,0.9999999999994692,1.0,31.882318085629677,1.0
parameter_G100,G100,"Baseline, G100",0.0,11,5Hz,100.0,0.02,0.5,512a8299eaef29ce,episodic_anatomical_core,8.788915646291086e-05,0.0013561025034916642,0.0013576404339986144,0.0013576407121490405,0.0013576407121495156,0.0013576407121495214,0.0013576407121495373,0.0013536553551647655,0.0013536557422040875,0.0013536557422045973,0.0013536557422045925,0.0013536557422046203,1.0,0.0013562939539885645,0.0013562940678677905,1.211337609639765e-07,False,2.955769833334898e-08,0.0013536557422045925,1.5674540417057377,1.5673339674196227,1.567334194310058,2.2689043532864162e-07,1.0,,,,,0.9958569159020499,31.90049928389454,0.9999999999999326,1.0,31.882318085629677,1.0
parameter_G100,G100,"Baseline, G100",0.0,11,5Hz,100.0,0.02,0.5,512a8299eaef29ce,semantic_platel_peaks,4.798402979445975e-05,0.0007406970846322915,0.0007416600089045066,0.0007416602244567434,0.0007416602244581498,0.0007416602244574575,0.0007416602244575458,0.0007384606298038755,0.0007384610134365925,0.0007384610134379731,0.0007384610134372496,0.0007384610134372773,1.0,0.0007408169586004156,0.0007408170483560676,1.7479355016242757e-07,False,4.192996350127487e-08,0.0007384610134372496,1.4424809841382074,1.4423866094378814,1.4423870049286729,3.9549079144940436e-07,1.0,,,,,0.9929515806649628,31.903680311958546,0.9999999999995088,1.0,31.882318085629677,1.0
parameter_G100,G100,"Baseline, G100",0.0,11,5Hz,100.0,0.02,0.5,512a8299eaef29ce,episodic_platel_peaks,8.375131724613018e-05,0.0012986836772544274,0.0013000690443984364,0.0013000692107404603,0.0013000692107396036,0.0013000692107408562,0.0013000692107408517,0.001296203981537611,0.0012962042916301285,0.0012962042916291304,0.001296204291630483,0.001296204291630476,1.0,0.0012988561407685794,0.0012988562079630397,7.463575766342331e-08,False,1.8459146389204764e-08,0.0012962042916301285,1.639256961364247,1.6391327412125738,1.6391332162520815,4.7503950773020165e-07,1.0,,,,,0.9952457844733313,31.898834947137374,0.9999999999998017,1.0,31.882318085629677,1.0
parameter_G100,G100,"Baseline, G100",0.0,11,5Hz,100.0,0.02,0.5,512a8299eaef29ce,semantic_expanded_left,4.462600340433196e-05,0.0006855187708667956,0.0006863996700154862,0.0006863998683128752,0.0006863998683139519,0.0006863998683133452,0.0006863998683134208,0.0006833545807651122,0.0006833549550922905,0.0006833549550933739,0.0006833549550927408,0.0006833549550927645,1.0,0.0006856284327002001,0.000685628515238462,1.7367648172983146e-07,False,4.1678887363616473e-08,0.0006833549550927408,1.4036743460162644,1.403588994085,1.4035894657571533,4.716721533348789e-07,1.0,,,,,0.9929515806649628,31.901947083841804,0.999999999999705,1.0,31.882318085629677,1.0
parameter_G100,G100,"Baseline, G100",0.0,11,5Hz,100.0,0.02,0.5,512a8299eaef29ce,episodic_expanded_left,8.587278170885186e-05,0.0013191278464844633,0.001320625236401446,0.001320625546634985,0.0013206255466358635,0.00132062554663586,0.0013206255466358542,0.0013166257319266448,0.0013166261519384369,0.0013166261519393736,0.00131662615193937,0.001316626151939364,1.0,0.0013193142449319255,0.0013193143717392679,1.3866621686608068e-07,False,3.3891084960657734e-08,0.001316626151939364,1.5669914065640607,1.5668708857158462,1.566871127341528,2.416256816850648e-07,1.0,,,,,0.9957723836003408,31.90044052865001,0.9999999999999236,1.0,31.882318085629677,1.0
parameter_G100,G100,"Baseline, G100",0.0,11,5Hz,100.0,0.02,0.5,512a8299eaef29ce,semantic_expanded_right,4.24966164034352e-05,0.0006589706750461185,0.0006598208436680343,0.0006598210692678517,0.000659821069269594,0.0006598210692696449,0.0006598210692692692,0.000657059723314043,0.0006570601169399634,0.0006570601169413529,0.0006570601169413715,0.0006570601169408568,1.0,0.000659076508639306,0.0006590766027134422,2.0592492409805852e-07,False,4.932778701061125e-08,0.0006570601169408568,1.4517019141186507,1.4516053674921485,1.4516057248494632,3.5735731462871456e-07,1.0,,,,,0.993848014094377,31.90305890986844,0.9999999999994692,1.0,31.882318085629677,1.0
parameter_G100,G100,"Baseline, G100",0.0,11,5Hz,100.0,0.02,0.5,512a8299eaef29ce,episodic_expanded_right,8.374010303459736e-05,0.0012985097849032398,0.001299980562292067,0.0012999807867208773,0.0012999807867206013,0.001299980786721061,0.0012999807867210898,0.0012961303959368863,0.0012961307426494846,0.0012961307426491635,0.0012961307426496422,0.001296130742649686,1.0,0.001298692881185446,0.0012986929731649908,1.0217845219713981e-07,False,2.490673738364535e-08,0.0012961307426494846,1.5777369002382267,1.5776175811544206,1.5776178758952333,2.9474081264524443e-07,1.0,,,,,0.9955269897237353,31.900550785658762,0.9999999999999267,1.0,31.882318085629677,1.0
parameter_G100,G100,"Baseline, G100",0.0,11,5Hz,100.0,0.02,0.5,512a8299eaef29ce,shared_auditory_relay,0.00014279931132732453,0.0022036553870758,0.002206043929812366,0.0022060442506690653,0.0022060442506691338,0.0022060442506698806,0.0022060442506691594,0.0022007078966568916,0.0022007083186145575,0.0022007083186145558,0.0022007083186152613,0.002200708318614585,1.0,0.0022039527305683635,0.002203952861887896,8.596102357761357e-08,False,2.0983220316850294e-08,0.0022007083186145575,1.6177334713420932,1.617601679207485,1.61760178732257,1.081150851067747e-07,1.0,,,,,0.9970994392270379,31.89832706134725,0.999999999999976,1.0,31.882318085629677,1.0
parameter_G100,G100,"Baseline, G100",0.0,11,5Hz,100.0,0.02,0.5,512a8299eaef29ce,anterior_temporal_context,6.789717748353193e-05,0.0010474172202613581,0.0010486435397211657,0.0010486437816843671,0.0010486437816842982,0.0010486437816843222,0.0010486437816843168,0.0010449428532683916,0.0010449432445281898,0.001044943244528022,0.00104494324452802,0.0010449432445280395,1.0,0.001047569880304735,0.0010475699798977796,1.371578042279306e-07,False,3.328862030471669e-08,0.001044943244528022,1.5205537237934412,1.5204474771975782,1.5204477945590984,3.173615201745861e-07,1.0,,,,,0.99520163678399,31.900389896486683,0.9999999999998659,1.0,31.882318085629677,1.0
parameter_G100,G100,"Baseline, G100",0.0,11,5Hz,100.0,0.02,0.5,512a8299eaef29ce,hippocampal_context,0.00010405805657820325,0.001605033219818743,0.0016065006813752061,0.0016065008318416633,0.0016065008318412437,0.0016065008318408272,0.001606500831841689,0.0016025782034762002,0.0016025784470424396,0.0016025784470420355,0.0016025784470415656,0.0016025784470424637,1.0,0.001605215893656182,0.0016052159522302405,5.264369893257204e-08,False,1.3512389873682196e-08,0.0016025784470420355,1.8083231188207152,1.8081760523712025,1.8081765262997074,4.73928504884924e-07,1.0,,,,,0.9966352655682393,31.89594800804475,0.9999999999998933,1.0,31.882318085629677,1.0
parameter_G100,G100,"Baseline, G100",0.0,11,5Hz,100.0,0.02,0.5,512a8299eaef29ce,angular_parietal_context,8.845463281930277e-05,0.0013651517930451567,0.0013665611970028768,0.0013665613484059496,0.0013665613484057614,0.001366561348405794,0.0013665613484057843,0.0013624895950464983,0.0013624898680965364,0.001362489868096401,0.0013624898680964323,0.0013624898680964226,1.0,0.0013653272478447386,0.0013653273073315642,6.285771166789457e-08,False,1.5983777412742484e-08,0.0013624898680964226,1.6750709629082063,1.67494204862394,1.6749425233344526,4.747105126767792e-07,1.0,,,,,0.9953882311085402,31.898475990716946,0.9999999999998999,1.0,31.882318085629677,1.0
parameter_G100,G100,"Baseline, G100",0.0,23,2Hz,100.0,0.02,0.5,512a8299eaef29ce,semantic_expanded,2.2681577236647467e-05,0.0004690732208903886,0.0004700096874511275,0.00047000981758512505,0.00047000981758625886,0.00047000981758625886,0.0004700098175862572,0.00046906548800163905,0.0004690656113829817,0.00046906561138410573,0.00046906561138410573,0.00046906561138410405,1.0,0.0004691867058893699,0.00046918677547316975,2.1396214809931927e-07,False,3.994515509475605e-08,0.00046906561138410405,2.2490450638141226,2.2471074603152354,2.247105145447775,2.314867460384562e-06,1.0,,,,,0.9999849870187165,31.568127768309378,0.9999999999970051,1.0,31.538850170542936,0.9999999999999997
parameter_G100,G100,"Baseline, G100",0.0,23,2Hz,100.0,0.02,0.5,512a8299eaef29ce,episodic_expanded,4.48351302998957e-05,0.0009306917868132108,0.0009323566525730356,0.0009323567626982309,0.0009323567626981183,0.0009323567626981191,0.000932356762698115,0.0009306835792923405,0.0009306836841601523,0.0009306836841600399,0.0009306836841600399,0.0009306836841600375,1.0,0.0009308935417701561,0.0009308936010136409,9.181530989973179e-08,False,1.7040347799479605e-08,0.0009306836841600399,2.362487361175507,2.360521062401748,2.3605201129379383,9.494638097962138e-07,1.0,,,,,0.9999854429974818,31.565567445692118,0.9999999999994412,1.0,31.538850170542936,0.9999999999999997
parameter_G100,G100,"Baseline, G100",0.0,23,2Hz,100.0,0.02,0.5,512a8299eaef29ce,semantic_anatomical_core,2.0050434228531803e-05,0.00041546893679162485,0.00041630579063872556,0.0004163059229619942,0.00041630592296319996,0.00041630592296319996,0.0004163059229631985,0.000415461741611971,0.00041546186713782275,0.0004154618671390176,0.0004154618671390176,0.0004154618671390165,1.0,0.00041557034942526567,0.0004155704190645304,2.417598214275267e-07,False,4.585684472147023e-08,0.0004154618671390165,2.236117109638329,2.2341835638195207,2.2341809813740943,2.582445426391189e-06,1.0,,,,,0.9999849481722739,31.568189472918824,0.9999999999966922,1.0,31.538850170542936,0.9999999999999997
parameter_G100,G100,"Baseline, G100",0.0,23,2Hz,100.0,0.02,0.5,512a8299eaef29ce,episodic_anatomical_core,4.666364047205465e-05,0.0009665961815830031,0.0009683282837040233,0.0009683283913234055,0.0009683283913232885,0.0009683283913232894,0.000968328391323285,0.0009665874852328652,0.0009665875875286964,0.000966587587528578,0.000966587587528578,0.0009665875875285762,1.0,0.0009668060857292415,0.0009668061443287621,8.744383854051897e-08,False,1.603399226723923e-08,0.000966587587528578,2.358946065404163,2.356980526444561,2.3569796080727405,9.183718203686908e-07,1.0,,,,,0.9999855168647187,31.565676569171295,0.9999999999993685,1.0,31.538850170542936,0.9999999999999997
parameter_G100,G100,"Baseline, G100",0.0,23,2Hz,100.0,0.02,0.5,512a8299eaef29ce,semantic_platel_peaks,2.4908844199793583e-05,0.0005159956861402717,0.0005170330604853005,0.0005170331892772054,0.0005170331892779907,0.0005170331892779907,0.0005170331892779889,0.0005159870925223744,0.0005159872146929173,0.0005159872146936761,0.0005159872146936761,0.0005159872146936743,1.0,0.0005161214011962995,0.0005161214715693876,1.9671127395176937e-07,False,3.593756972009033e-08,0.0005159872146936743,2.262582374018093,2.2606390913087164,2.2606371731727855,1.9181359309783375e-06,1.0,,,,,0.9999850246879566,31.568127768309378,0.9999999999970051,1.0,31.538850170542936,0.9999999999999997
parameter_G100,G100,"Baseline, G100",0.0,23,2Hz,100.0,0.02,0.5,512a8299eaef29ce,episodic_platel_peaks,4.401899940720105e-05,0.0009162386727366262,0.0009177825184778981,0.0009177826160297048,0.0009177826160302812,0.000917782616030282,0.0009177826160302763,0.0009162343075555024,0.000916234401130711,0.000916234401131288,0.000916234401131288,0.0009162344011312823,1.0,0.0009164257568705447,0.0009164258056825455,7.68429184802531e-08,False,1.533465061598349e-08,0.0009162344011312823,2.4110432247928753,2.409068871892937,2.4090679887519304,8.831410065468503e-07,1.0,,,,,0.9999853071916296,31.56302597582797,0.9999999999998338,1.0,31.538850170542936,0.9999999999999997
parameter_G100,G100,"Baseline, G100",0.0,23,2Hz,100.0,0.02,0.5,512a8299eaef29ce,semantic_expanded_left,2.3145433216623974e-05,0.00047744915730901614,0.0004783999184684217,0.0004784000717508279,0.00047840007175199516,0.00047840007175199516,0.0004784000717519947,0.00047744149950171706,0.00047744164602892485,0.00047744164603007953,0.00047744164603007953,0.0004774416460300791,1.0,0.00047756437178796737,0.000477564451093565,2.3957771900620845e-07,False,4.6225396133081634e-08,0.0004774416460300791,2.2260889710043252,2.2241572256537308,2.224154687330322,2.538323408796117e-06,1.0,,,,,0.9999849870187165,31.566853597569594,0.9999999999985215,1.0,31.538850170542936,0.9999999999999997
parameter_G100,G100,"Baseline, G100",0.0,23,2Hz,100.0,0.02,0.5,512a8299eaef29ce,episodic_expanded_left,4.5442828439157894e-05,0.0009374047977823435,0.0009390795674393008,0.0009390797064884738,0.0009390797064882487,0.0009390797064882487,0.0009390797064882469,0.0009373966639686468,0.0009373967975441536,0.0009373967975439355,0.0009373967975439355,0.0009373967975439355,1.0,0.0009376077472863405,0.0009376078200859256,1.120165620539173e-07,False,2.1361879642967097e-08,0.0009373967975439355,2.3585547142112606,2.356587286938864,2.3565863136334517,9.733054122662566e-07,1.0,,,,,0.9999853802762424,31.565511145883136,0.9999999999992526,1.0,31.538850170542936,0.9999999999999997
parameter_G100,G100,"Baseline, G100",0.0,23,2Hz,100.0,0.02,0.5,512a8299eaef29ce,semantic_expanded_right,2.2140411926674863e-05,0.0004608442243287378,0.00046176660523926984,0.00046176671298967046,0.0004617667129907721,0.0004617667129907725,0.0004617667129907696,0.00046083642134972123,0.00046083652235222224,0.0004608365223533163,0.00046083652235331675,0.0004608365223533139,1.0,0.0004609560050703611,0.0004609560652490469,1.883465773269011e-07,False,3.366491423406615e-08,0.0004608365223533139,2.27200115662392,2.27005769497674,2.2700556035652277,2.0914115124170962e-06,1.0,,,,,0.9999850225274807,31.568189472918824,0.9999999999966922,1.0,31.538850170542936,0.9999999999999997
parameter_G100,G100,"Baseline, G100",0.0,23,2Hz,100.0,0.02,0.5,512a8299eaef29ce,episodic_expanded_right,4.439316801679592e-05,0.0009240268495432714,0.0009256818673710362,0.0009256819489792628,0.0009256819489792628,0.0009256819489792636,0.0009256819489792578,0.0009240185697880542,0.0009240186463524968,0.0009240186463524893,0.0009240186463524893,0.0009240186463524836,1.0,0.0009242274166541655,0.0009242274625319665,7.16140564266998e-08,False,1.2718815955992114e-08,0.0009240186463524893,2.3664200081397535,2.364454837864632,2.3644539122424244,9.256222077702603e-07,1.0,,,,,0.9999855446491401,31.565689493091202,0.99999999999961,1.0,31.538850170542936,0.9999999999999997
parameter_G100,G100,"Baseline, G100",0.0,23,2Hz,100.0,0.02,0.5,512a8299eaef29ce,shared_auditory_relay,7.706054768005536e-05,0.0015965876913865465,0.001599356350381767,0.0015993564804898113,0.0015993564804904178,0.0015993564804904178,0.0015993564804904121,0.0015965762032479557,0.0015965763273741414,0.0015965763273747527,0.0015965763273747542,0.0015965763273747483,1.0,0.0015969232070152978,0.0015969232777353225,6.389000180901815e-08,False,1.173644168517285e-08,0.0015965763273747483,2.397891877048215,2.3959176004386213,2.39591698928652,6.111521013707488e-07,1.0,,,,,0.9999857378607548,31.563402808595065,0.9999999999998465,1.0,31.538850170542936,0.9999999999999997
parameter_G100,G100,"Baseline, G100",0.0,23,2Hz,100.0,0.02,0.5,512a8299eaef29ce,anterior_temporal_context,3.553479145977401e-05,0.0007359413856099164,0.0007372887660950113,0.000737288874052314,0.0007372888740525557,0.0007372888740525557,0.000737288874052553,0.0007359340200534532,0.0007359341225970066,0.0007359341225972465,0.0007359341225972472,0.0007359341225972439,1.0,0.0007361046668931429,0.0007361047262922654,1.1641661814510112e-07,False,2.112469106307913e-08,0.0007359341225972439,2.3192660962921146,2.317311341745964,2.31731003022031,1.311525654301704e-06,1.0,,,,,0.999985190837532,31.564804638635565,0.9999999999993621,1.0,31.538850170542936,0.9999999999999997
parameter_G100,G100,"Baseline, G100",0.0,23,2Hz,100.0,0.02,0.5,512a8299eaef29ce,hippocampal_context,5.4657442592641765e-05,0.001131522849349235,0.0011332021138970383,0.00113320214033838,0.0011332021403383822,0.0011332021403383822,0.0011332021403383781,0.0011315260462916353,0.001131526072103795,0.0011315260721037961,0.001131526072103797,0.001131526072103793,1.0,0.0011317263366995595,0.0011317263474090147,1.3652132491844776e-08,False,3.3662830745129216e-09,0.001131526072103795,2.529217736563722,2.5272195332486316,2.527219375728884,1.5751974746791575e-07,1.0,,,,,0.9999852471829502,31.55986950731866,0.9999999999999679,1.0,31.538850170542936,0.9999999999999997
parameter_G100,G100,"Baseline, G100",0.0,23,2Hz,100.0,0.02,0.5,512a8299eaef29ce,angular_parietal_context,4.617244914832359e-05,0.0009567239746455981,0.0009582881072865951,0.0009582882285807618,0.0009582882285814342,0.0009582882285814342,0.0009582882285814309,0.0009567215366229044,0.0009567216555343606,0.0009567216555350336,0.0009567216555350336,0.0009567216555350302,1.0,0.000956913510295116,0.0009569135666072616,8.489926205529915e-08,False,1.826088951162319e-08,0.0009567216555350302,2.4347497770889106,2.432768989777961,2.4327684571692054,5.326087557655512e-07,1.0,,,,,0.9999851825969099,31.562615604429677,0.9999999999998296,1.0,31.538850170542936,0.9999999999999997
parameter_G100,G100,"Baseline, G100",0.0,23,5Hz,100.0,0.02,0.5,512a8299eaef29ce,semantic_expanded,4.3643209403557423e-05,0.0006721136564501328,0.0006729790556284259,0.0006729792679234887,0.0006729792679252305,0.0006729792679251277,0.000672979267925175,0.0006700781832366688,0.0006700785675604439,0.000670078567561855,0.000670078567561827,0.0006700785675618323,1.0,0.0006722213873648632,0.0006722214758150261,1.8982824012237429e-07,False,4.55111639041661e-08,0.000670078567561827,1.427688129686632,1.427597180024636,1.4275975953036126,4.152789765399234e-07,1.0,,,,,0.99295158055101,31.902437455102557,0.9999999999995084,1.0,31.88231808562469,0.9999999999999997
parameter_G100,G100,"Baseline, G100",0.0,23,5Hz,100.0,0.02,0.5,512a8299eaef29ce,episodic_expanded,8.463807300301452e-05,0.0013087782150586695,0.0013102622399533866,0.001310262506934483,0.00131026250693478,0.0013102625069350091,0.0013102625069350254,0.0013063378702533907,0.0013063382533263347,0.0013063382533266376,0.0013063382533268755,0.0013063382533269011,1.0,0.0013089629551540447,0.0013089630644037955,1.2041140392368528e-07,False,2.9396666967329567e-08,0.0013063382533266376,1.5723641533086985,1.572244233248745,1.5722445016183833,2.6836963828991145e-07,1.0,,,,,0.9956857500088632,31.900447782743882,0.9999999999999268,1.0,31.88231808562469,0.9999999999999997
parameter_G100,G100,"Baseline, G100",0.0,23,5Hz,100.0,0.02,0.5,512a8299eaef29ce,semantic_anatomical_core,3.8690581961188716e-05,0.0005971402675941022,0.0005979160696985462,0.0005979162550859519,0.0005979162550882413,0.00059791625508804,0.0005979162550881059,0.0005952180165364241,0.0005952183796390657,0.0005952183796410524,0.0005952183796409345,0.0005952183796409451,1.0,0.0005972368459383475,0.0005972369234105879,1.8714319222512365e-07,False,4.473237567026445e-08,0.0005952183796409345,1.4125047341975305,1.4124172230077319,1.4124177026469384,4.796392065742339e-07,1.0,,,,,0.9928542444699207,31.903058908496206,0.9999999999994709,1.0,31.88231808562469,0.9999999999999997
parameter_G100,G100,"Baseline, G100",0.0,23,5Hz,100.0,0.02,0.5,512a8299eaef29ce,episodic_anatomical_core,8.788915646283391e-05,0.0013561025034907477,0.0013576404339899133,0.0013576407121490405,0.0013576407121495156,0.0013576407121495204,0.001357640712149542,0.0013536553551432723,0.0013536557422040875,0.0013536557422045973,0.0013536557422045925,0.0013536557422046238,1.0,0.0013562939539863287,0.0013562940678677918,1.2113614062955466e-07,False,2.95586233711731e-08,0.0013536557422045925,1.5674540416252516,1.5673339672577653,1.5673341943100607,2.2705229540953553e-07,1.0,,,,,0.9958569158924397,31.900499277842556,0.9999999999999327,1.0,31.88231808562469,0.9999999999999997
parameter_G100,G100,"Baseline, G100",0.0,23,5Hz,100.0,0.02,0.5,512a8299eaef29ce,semantic_platel_peaks,4.798402979503374e-05,0.0007406970846462384,0.0007416600089659057,0.0007416602244567434,0.0007416602244581491,0.0007416602244574569,0.0007416602244575477,0.0007384606298656244,0.0007384610134365925,0.0007384610134379738,0.000738461013437249,0.0007384610134372799,1.0,0.000740816958627475,0.0007408170483560682,1.747408549112556e-07,False,4.1918020254883005e-08,0.000738461013437249,1.4424809839548063,1.4423866090674404,1.4423870049286753,3.9586123490309433e-07,1.0,,,,,0.99295158055101,31.903680361889855,0.9999999999995084,1.0,31.88231808562469,0.9999999999999997
parameter_G100,G100,"Baseline, G100",0.0,23,5Hz,100.0,0.02,0.5,512a8299eaef29ce,episodic_platel_peaks,8.375131724836067e-05,0.0012986836772891108,0.0013000690445574563,0.0013000692107404603,0.0013000692107396036,0.0013000692107408562,0.001300069210740853,0.0012962039817148259,0.0012962042916301285,0.0012962042916291304,0.001296204291630483,0.0012962042916304774,1.0,0.0012988561408364813,0.0012988562079630397,7.456033618591763e-08,False,1.8441500060362162e-08,0.0012962042916301285,1.6392569612096541,1.6391327408992264,1.6391332162520815,4.753528550782704e-07,1.0,,,,,0.9952457844854483,31.89883495160694,0.9999999999998024,1.0,31.88231808562469,0.9999999999999997
parameter_G100,G100,"Baseline, G100",0.0,23,5Hz,100.0,0.02,0.5,512a8299eaef29ce,semantic_expanded_left,4.462600340426371e-05,0.0006855187708657563,0.0006863996700062037,0.0006863998683128752,0.0006863998683139519,0.000686399868313344,0.000686399868313425,0.000683354580713178,0.0006833549550922905,0.0006833549550933739,0.0006833549550927397,0.0006833549550927694,1.0,0.0006856284326977295,0.0006856285152384632,1.7368168281372916e-07,False,4.1680839135693764e-08,0.0006833549550927397,1.4036743457082324,1.4035889934682864,1.4035894657571577,4.722888713448725e-07,1.0,,,,,0.99295158055101,31.90194709173217,0.9999999999997058,1.0,31.88231808562469,0.9999999999999997
parameter_G100,G100,"Baseline, G100",0.0,23,5Hz,100.0,0.02,0.5,512a8299eaef29ce,episodic_expanded_left,8.587278170937228e-05,0.0013191278464924762,0.001320625236436468,0.001320625546634985,0.0013206255466358635,0.0013206255466358576,0.0013206255466358624,0.0013166257319619924,0.0013166261519384369,0.0013166261519393736,0.0013166261519393678,0.0013166261519393723,1.0,0.0013193142449474421,0.0013193143717392703,1.3864925167785728e-07,False,3.388725975383977e-08,0.0013166261519393678,1.566991406507933,1.5668708856024158,1.566871127341533,2.4173911716829366e-07,1.0,,,,,0.99577238359937,31.90044052901655,0.9999999999999236,1.0,31.88231808562469,0.9999999999999997
parameter_G100,G100,"Baseline, G100",0.0,23,5Hz,100.0,0.02,0.5,512a8299eaef29ce,semantic_expanded_right,4.249661640273345e-05,0.0006589706750352855,0.0006598208436062259,0.0006598210692668618,0.0006598210692692429,0.0006598210692696262,0.0006598210692696403,0.0006570597231983931,0.0006570601169391037,0.0006570601169408294,0.0006570601169413843,0.0006570601169413669,1.0,0.000659076508616673,0.0006590766027135944,2.0597480033464364e-07,False,4.934148885027412e-08,0.0006570601169408294,1.4517019136650318,1.4516053665809858,1.4516057248500676,3.582690817349743e-07,1.0,,,,,0.9938480140279399,31.903058908496206,0.9999999999994709,1.0,31.88231808562469,0.9999999999999997
parameter_G100,G100,"Baseline, G100",0.0,23,5Hz,100.0,0.02,0.5,512a8299eaef29ce,episodic_expanded_right,8.374010303475433e-05,0.0012985097849057701,0.0012999805622980433,0.0012999807867208773,0.0012999807867206013,0.001299980786721062,0.0012999807867210898,0.0012961303959289695,0.0012961307426494846,0.0012961307426491635,0.0012961307426496422,0.001296130742649686,1.0,0.0012986928811898535,0.0012986929731649908,1.0217355607972462e-07,False,2.4906074092001518e-08,0.0012961307426494846,1.577736900109464,1.577617580895074,1.5776178758952333,2.9500015918948463e-07,1.0,,,,,0.9955269897269446,31.900550772941227,0.9999999999999268,1.0,31.88231808562469,0.9999999999999997
parameter_G100,G100,"Baseline, G100",0.0,23,5Hz,100.0,0.02,0.5,512a8299eaef29ce,shared_auditory_relay,0.000142799311326787,0.0022036553870673327,0.0022060439297673044,0.002206044250669177,0.0022060442506691555,0.0022060442506699,0.0022060442506691867,0.0022007078965982333,0.0022007083186146707,0.002200708318614577,0.002200708318615281,0.002200708318614616,1.0,0.002203952730551261,0.0022039528618878236,8.597217150251112e-08,False,2.098616587176139e-08,0.002200708318614616,1.6177334712973264,1.6176016791175372,1.6176017873226147,1.0820507756470477e-07,1.0,,,,,0.9970994392188985,31.898327061492893,0.999999999999976,1.0,31.88231808562469,0.9999999999999997
parameter_G100,G100,"Baseline, G100",0.0,23,5Hz,100.0,0.02,0.5,512a8299eaef29ce,anterior_temporal_context,6.789717748378019e-05,0.0010474172202651416,0.0010486435397361498,0.001048643781684232,0.0010486437816842982,0.0010486437816843222,0.0010486437816843196,0.0010449428532712797,0.001044943244528031,0.001044943244528022,0.0010449432445280191,0.0010449432445280432,1.0,0.0010475698803118975,0.0010475699798977805,1.3714794151747302e-07,False,3.328656852374934e-08,0.001044943244528022,1.52055372370531,1.5204474770213423,1.5204477945591015,3.175377591979611e-07,1.0,,,,,0.9952016367808574,31.900389899129785,0.9999999999998661,1.0,31.88231808562469,0.9999999999999997
parameter_G100,G100,"Baseline, G100",0.0,23,5Hz,100.0,0.02,0.5,512a8299eaef29ce,hippocampal_context,0.00010405805657850487,0.001605033219823527,0.0016065006813978846,0.0016065008318416633,0.0016065008318412437,0.0016065008318408244,0.0016065008318416948,0.001602578203501784,0.0016025784470424396,0.0016025784470420355,0.0016025784470415643,0.0016025784470424696,1.0,0.0016052158936656173,0.0016052159522302405,5.2635218821621725e-08,False,1.3510353724655033e-08,0.0016025784470420355,1.8083231188208826,1.8081760523712767,1.80817652629971,4.739284333865612e-07,1.0,,,,,0.9966352655689938,31.895948008839447,0.9999999999998933,1.0,31.88231808562469,0.9999999999999997
parameter_G100,G100,"Baseline, G100",0.0,23,5Hz,100.0,0.02,0.5,512a8299eaef29ce,angular_parietal_context,8.845463282005262e-05,0.0013651517930567555,0.0013665611970568449,0.0013665613484059496,0.0013665613484057614,0.0013665613484057917,0.0013665613484057893,0.0013624895951075508,0.0013624898680965364,0.001362489868096401,0.00136248986809643,0.0013624898680964276,1.0,0.001365327247867528,0.0013653273073315655,6.283363215050176e-08,False,1.5978080192269317e-08,0.0013624898680964276,1.6750709628836002,1.6749420485737836,1.6749425233344555,4.7476067188689797e-07,1.0,,,,,0.9953882311108866,31.898475993595213,0.9999999999998996,1.0,31.88231808562469,0.9999999999999997
parameter_G100,G100,"Baseline, G100",0.0,37,2Hz,100.0,0.02,0.5,512a8299eaef29ce,semantic_expanded,2.2681577236610302e-05,0.00046907322088963365,0.0004700096874494619,0.0004700098175852269,0.0004700098175864029,0.0004700098175864029,0.0004700098175864016,0.0004690654880002005,0.0004690656113830829,0.000469065611384249,0.000469065611384249,0.0004690656113842474,1.0,0.00046918670588798475,0.00046918677547331183,2.1396684432327038e-07,False,3.994571695642435e-08,0.0004690656113842474,2.2490450638401462,2.2471074603687873,2.2471051454476,2.314921187185348e-06,1.0,,,,,0.9999849870187294,31.568127767821426,0.9999999999970035,1.0,31.53885017054263,0.9999999999999998
parameter_G100,G100,"Baseline, G100",0.0,37,2Hz,100.0,0.02,0.5,512a8299eaef29ce,episodic_expanded,4.483513029985041e-05,0.0009306917868121148,0.0009323566525712419,0.0009323567626982309,0.0009323567626981183,0.0009323567626981191,0.000932356762698115,0.0009306835792908824,0.0009306836841601532,0.0009306836841600399,0.0009306836841600408,0.0009306836841600366,1.0,0.0009308935417683339,0.0009308936010136409,9.181813388054597e-08,False,1.704062526641792e-08,0.0009306836841600399,2.362487361203464,2.360521062458664,2.3605201129379347,9.495207291543295e-07,1.0,,,,,0.9999854429975198,31.565567444403378,0.9999999999994412,1.0,31.53885017054263,0.9999999999999998
parameter_G100,G100,"Baseline, G100",0.0,37,2Hz,100.0,0.02,0.5,512a8299eaef29ce,semantic_anatomical_core,2.005043422854759e-05,0.0004154689367919511,0.0004163057906404327,0.000416305922962114,0.0004163059229633693,0.0004163059229633693,0.00041630592296336785,0.0004154617416137415,0.00041546186713794196,0.00041546186713918587,0.00041546186713918587,0.0004154618671391844,1.0,0.0004155703494258178,0.00041557041906469726,2.417584838365659e-07,False,4.585632042974908e-08,0.0004154618671391844,2.236117109642195,2.2341835638280374,2.2341809813738847,2.5824541527441625e-06,1.0,,,,,0.9999849481722662,31.56818947235923,0.9999999999966922,1.0,31.53885017054263,0.9999999999999998
parameter_G100,G100,"Baseline, G100",0.0,37,2Hz,100.0,0.02,0.5,512a8299eaef29ce,episodic_anatomical_core,4.666364047199697e-05,0.0009665961815817823,0.0009683282837020022,0.0009683283913234055,0.0009683283913232885,0.0009683283913232894,0.000968328391323285,0.0009665874852312237,0.0009665875875286972,0.000966587587528578,0.0009665875875285788,0.0009665875875285745,1.0,0.0009668060857272081,0.0009668061443287621,8.744687282628731e-08,False,1.603429353735919e-08,0.000966587587528578,2.3589460654354655,2.3569805265082455,2.356979608072737,9.18435508534543e-07,1.0,,,,,0.9999855168647518,31.56567656809072,0.9999999999993683,1.0,31.53885017054263,0.9999999999999998
parameter_G100,G100,"Baseline, G100",0.0,37,2Hz,100.0,0.02,0.5,512a8299eaef29ce,semantic_platel_peaks,2.4908844199668296e-05,0.0005159956861378257,0.0005170330604774038,0.0005170331892772054,0.0005170331892779907,0.0005170331892779907,0.0005170331892779889,0.0005159870925148223,0.0005159872146929177,0.0005159872146936761,0.0005159872146936761,0.0005159872146936743,1.0,0.000516121401191854,0.0005161214715693876,1.967237003652147e-07,False,3.593977311311392e-08,0.0005159872146936743,2.2625823740563202,2.2606390913868015,2.2606371731727855,1.918214016072284e-06,1.0,,,,,0.9999850246879053,31.568127767821426,0.9999999999970035,1.0,31.53885017054263,0.9999999999999998
parameter_G100,G100,"Baseline, G100",0.0,37,2Hz,100.0,0.02,0.5,512a8299eaef29ce,episodic_platel_peaks,4.401899940719738e-05,0.0009162386727365489,0.0009177825184767031,0.0009177826160297048,0.0009177826160302812,0.000917782616030282,0.0009177826160302763,0.000916234307554254,0.0009162344011307119,0.000916234401131288,0.0009162344011312888,0.0009162344011312823,1.0,0.000916425756870307,0.0009164258056825455,7.684329264048868e-08,False,1.5334838376901418e-08,0.0009162344011312823,2.411043224787091,2.4090688718811353,2.4090679887519286,8.831292066524554e-07,1.0,,,,,0.9999853071916405,31.563025975732906,0.9999999999998337,1.0,31.53885017054263,0.9999999999999998
parameter_G100,G100,"Baseline, G100",0.0,37,2Hz,100.0,0.02,0.5,512a8299eaef29ce,semantic_expanded_left,2.314543321658019e-05,0.0004774491573081142,0.0004783999184675944,0.0004784000717508279,0.00047840007175199516,0.00047840007175199516,0.0004784000717519947,0.00047744149950115604,0.00047744164602892485,0.00047744164603007953,0.00047744164603007953,0.0004774416460300791,1.0,0.00047756437178653877,0.000477564451093565,2.395820348232824e-07,False,4.622564553358188e-08,0.0004774416460300791,2.226088971034581,2.2241572257161915,2.224154687330322,2.5383858694993933e-06,1.0,,,,,0.9999849870187294,31.566853597433322,0.9999999999985214,1.0,31.53885017054263,0.9999999999999998
parameter_G100,G100,"Baseline, G100",0.0,37,2Hz,100.0,0.02,0.5,512a8299eaef29ce,episodic_expanded_left,4.544282843905202e-05,0.0009374047977801621,0.0009390795674348894,0.0009390797064884738,0.0009390797064882487,0.0009390797064882487,0.0009390797064882469,0.0009373966639647737,0.0009373967975441544,0.0009373967975439355,0.0009373967975439355,0.0009373967975439346,1.0,0.0009376077472826405,0.0009376078200859256,1.1202225518394193e-07,False,2.136255750073701e-08,0.0009373967975439355,2.3585547142571066,2.356587287032399,2.3565863136334486,9.73398950332438e-07,1.0,,,,,0.9999853802762461,31.565511144685967,0.9999999999992525,1.0,31.53885017054263,0.9999999999999998
parameter_G100,G100,"Baseline, G100",0.0,37,2Hz,100.0,0.02,0.5,512a8299eaef29ce,semantic_expanded_right,2.2140411926645437e-05,0.00046084422432812505,0.00046176660523679515,0.0004617667129898706,0.0004617667129910551,0.0004617667129910551,0.0004617667129910526,0.0004608364213474357,0.00046083652235242114,0.0004608365223535975,0.00046083652235359793,0.00046083652235359463,1.0,0.0004609560050690182,0.0004609560652493261,1.883516542780585e-07,False,3.366578846808466e-08,0.00046083652235359463,2.2720011566457115,2.2700576950213827,2.2700556035648787,2.0914565039831245e-06,1.0,,,,,0.9999850225275082,31.56818947235923,0.9999999999966922,1.0,31.53885017054263,0.9999999999999998
parameter_G100,G100,"Baseline, G100",0.0,37,2Hz,100.0,0.02,0.5,512a8299eaef29ce,episodic_expanded_right,4.439316801679469e-05,0.0009240268495432452,0.0009256818673718223,0.0009256819489792628,0.0009256819489792628,0.0009256819489792636,0.0009256819489792578,0.0009240185697889766,0.0009240186463524975,0.0009240186463524893,0.0009240186463524902,0.0009240186463524836,1.0,0.0009242274166541942,0.0009242274625319665,7.161401157872652e-08,False,1.2718693387370196e-08,0.0009240186463524893,2.366420008149821,2.364454837884929,2.3644539122424213,9.256425075321317e-07,1.0,,,,,0.9999855446491165,31.565689493885863,0.99999999999961,1.0,31.53885017054263,0.9999999999999998
parameter_G100,G100,"Baseline, G100",0.0,37,2Hz,100.0,0.02,0.5,512a8299eaef29ce,shared_auditory_relay,7.706054767994307e-05,0.0015965876913842578,0.00159935635037596,0.0015993564804897317,0.0015993564804904178,0.0015993564804904178,0.0015993564804904121,0.001596576203242702,0.0015965763273740592,0.0015965763273747527,0.0015965763273747542,0.0015965763273747483,1.0,0.0015969232070112442,0.0015969232777353225,6.389366396635949e-08,False,1.1736969085518468e-08,0.0015965763273747483,2.397891877077077,2.3959176004971825,2.395916989286519,6.112106634148518e-07,1.0,,,,,0.9999857378607593,31.563402807961925,0.9999999999998465,1.0,31.53885017054263,0.9999999999999998
parameter_G100,G100,"Baseline, G100",0.0,37,2Hz,100.0,0.02,0.5,512a8299eaef29ce,anterior_temporal_context,3.553479145970996e-05,0.0007359413856086052,0.0007372887660913376,0.0007372888740524444,0.0007372888740526853,0.0007372888740526853,0.0007372888740526827,0.0007359340200501131,0.0007359341225971347,0.0007359341225973739,0.0007359341225973739,0.0007359341225973713,1.0,0.0007361046668907376,0.0007361047262923909,1.1642157833109988e-07,False,2.1125435001323468e-08,0.0007359341225973713,2.319266096319474,2.3173113418033724,2.3173100302184593,1.3115849131217772e-06,1.0,,,,,0.9999851908375381,31.564804638198446,0.9999999999993621,1.0,31.53885017054263,0.9999999999999998
parameter_G100,G100,"Baseline, G100",0.0,37,2Hz,100.0,0.02,0.5,512a8299eaef29ce,hippocampal_context,5.465744259264158e-05,0.0011315228493492613,0.0011332021138967785,0.00113320214033838,0.0011332021403383822,0.0011332021403383822,0.0011332021403383781,0.0011315260462913237,0.001131526072103794,0.0011315260721037961,0.0011315260721037961,0.001131526072103792,1.0,0.0011317263366995756,0.0011317263474090137,1.3652110708544347e-08,False,3.366316114750134e-09,0.001131526072103794,2.5292177365607764,2.527219533242664,2.527219375728877,1.5751378690254114e-07,1.0,,,,,0.9999852471829427,31.559869507297293,0.9999999999999676,1.0,31.53885017054263,0.9999999999999998
parameter_G100,G100,"Baseline, G100",0.0,37,2Hz,100.0,0.02,0.5,512a8299eaef29ce,angular_parietal_context,4.617244914829336e-05,0.0009567239746449676,0.0009582881072831821,0.0009582882285807618,0.0009582882285814342,0.0009582882285814342,0.0009582882285814309,0.0009567215366194647,0.0009567216555343615,0.0009567216555350336,0.0009567216555350336,0.0009567216555350302,1.0,0.0009569135102938353,0.0009569135666072608,8.490119163936727e-08,False,1.826140341165683e-08,0.0009567216555350302,2.4347497770886246,2.4327689897773763,2.4327684571692036,5.326081726764187e-07,1.0,,,,,0.9999851825968984,31.56261560429796,0.9999999999998295,1.0,31.53885017054263,0.9999999999999998
parameter_G100,G100,"Baseline, G100",0.0,37,5Hz,100.0,0.02,0.5,512a8299eaef29ce,semantic_expanded,4.3643209403892706e-05,0.0006721136564557799,0.0006729790556625191,0.0006729792679240219,0.0006729792679254098,0.0006729792679251384,0.0006729792679249843,0.0006700781833188554,0.0006700785675609135,0.0006700785675621216,0.0006700785675618211,0.00067007856756157,1.0,0.0006722213873768389,0.0006722214758149485,1.8980237180926718e-07,False,4.5503758183684796e-08,0.00067007856756157,1.4276881300660977,1.4275971807857997,1.427597595303308,4.1451750831811296e-07,1.0,,,,,0.9929515806630508,31.90243750684903,0.9999999999995091,1.0,31.882318085629624,1.0
parameter_G100,G100,"Baseline, G100",0.0,37,5Hz,100.0,0.02,0.5,512a8299eaef29ce,episodic_expanded,8.463807300271574e-05,0.0013087782150535989,0.001310262239933896,0.001310262506934483,0.00131026250693478,0.0013102625069350091,0.0013102625069350208,0.0013063378702406663,0.0013063382533263347,0.0013063382533266376,0.001306338253326878,0.0013063382533268963,1.0,0.0013089629551444836,0.0013089630644037944,1.204219406350211e-07,False,2.9398812451120196e-08,0.0013063382533266376,1.5723641534012724,1.5722442334353974,1.5722445016183806,2.6818298315411937e-07,1.0,,,,,0.995685750008251,31.90044778207273,0.999999999999927,1.0,31.882318085629624,1.0
parameter_G100,G100,"Baseline, G100",0.0,37,5Hz,100.0,0.02,0.5,512a8299eaef29ce,semantic_anatomical_core,3.86905819617297e-05,0.00059714026760243,0.000597916069746082,0.0005979162550865786,0.0005979162550884511,0.0005979162550880517,0.0005979162550878823,0.0005952180166440202,0.0005952183796396165,0.0005952183796413653,0.0005952183796409276,0.0005952183796406379,1.0,0.0005972368459557039,0.0005972369234104967,1.8710104537783168e-07,False,4.4720777925277846e-08,0.0005952183796406379,1.4125047346573298,1.4124172239296975,1.4124177026465738,4.787168763620286e-07,1.0,,,,,0.9928542446004316,31.90305890940379,0.9999999999994693,1.0,31.882318085629624,1.0
parameter_G100,G100,"Baseline, G100",0.0,37,5Hz,100.0,0.02,0.5,512a8299eaef29ce,episodic_anatomical_core,8.788915646292274e-05,0.0013561025034918486,0.0013576404339995368,0.0013576407121490405,0.0013576407121495156,0.0013576407121495214,0.0013576407121495373,0.0013536553551657237,0.0013536557422040875,0.0013536557422045973,0.001353655742204595,0.0013536557422046203,1.0,0.0013562939539889319,0.0013562940678677905,1.2113337030608155e-07,False,2.9557600278451448e-08,0.001353655742204595,1.5674540417061575,1.5673339674204687,1.5673341943100583,2.2688958956074146e-07,1.0,,,,,0.9958569159020744,31.900499283854842,0.9999999999999325,1.0,31.882318085629624,1.0
parameter_G100,G100,"Baseline, G100",0.0,37,5Hz,100.0,0.02,0.5,512a8299eaef29ce,semantic_platel_peaks,4.798402979442057e-05,0.0007406970846318139,0.0007416600089021206,0.0007416602244567434,0.0007416602244581498,0.0007416602244574575,0.0007416602244575458,0.0007384606298010171,0.0007384610134365925,0.0007384610134379738,0.0007384610134372504,0.0007384610134372765,1.0,0.0007408169585994589,0.0007408170483560676,1.7479541327550794e-07,False,4.1930427663317006e-08,0.0007384610134372504,1.442480984138245,1.4423866094379663,1.4423870049286727,3.9549070640632067e-07,1.0,,,,,0.9929515806630508,31.903680311958546,0.9999999999995091,1.0,31.882318085629624,1.0
parameter_G100,G100,"Baseline, G100",0.0,37,5Hz,100.0,0.02,0.5,512a8299eaef29ce,episodic_platel_peaks,8.375131724613606e-05,0.0012986836772545174,0.001300069044398881,0.0013000692107404603,0.0013000692107396036,0.0013000692107408562,0.001300069210740853,0.0012962039815375352,0.0012962042916301285,0.0012962042916291304,0.001296204291630483,0.001296204291630476,1.0,0.0012988561407687616,0.0012988562079630397,7.463555536702911e-08,False,1.845909718412031e-08,0.0012962042916301285,1.6392569613627144,1.6391327412095151,1.639133216252081,4.750425659505453e-07,1.0,,,,,0.9952457844728871,31.89883494723798,0.9999999999998017,1.0,31.882318085629624,1.0
parameter_G100,G100,"Baseline, G100",0.0,37,5Hz,100.0,0.02,0.5,512a8299eaef29ce,semantic_expanded_left,4.462600340430344e-05,0.0006855187708663578,0.0006863996700132531,0.0006863998683128752,0.0006863998683139519,0.0006863998683133452,0.0006863998683134208,0.0006833545807627318,0.0006833549550922905,0.0006833549550933739,0.0006833549550927408,0.0006833549550927645,1.0,0.0006856284326993188,0.000685628515238462,1.736783360334864e-07,False,4.167935667709344e-08,0.0006833549550927408,1.4036743460160026,1.4035889940843853,1.4035894657571533,4.716727679543453e-07,1.0,,,,,0.9929515806630508,31.90194708383967,0.9999999999997049,1.0,31.882318085629624,1.0
parameter_G100,G100,"Baseline, G100",0.0,37,5Hz,100.0,0.02,0.5,512a8299eaef29ce,episodic_expanded_left,8.58727817088659e-05,0.0013191278464846801,0.001320625236402531,0.001320625546634985,0.0013206255466358635,0.00132062554663586,0.0013206255466358542,0.001316625731927681,0.0013166261519384369,0.0013166261519393736,0.0013166261519393712,0.001316626151939364,1.0,0.001319314244932359,0.0013193143717392679,1.3866574291908387e-07,False,3.389096647765655e-08,0.001316626151939364,1.56699140656481,1.5668708857173528,1.5668711273415281,2.41624175334465e-07,1.0,,,,,0.9957723836002467,31.90044052855113,0.9999999999999235,1.0,31.882318085629624,1.0
parameter_G100,G100,"Baseline, G100",0.0,37,5Hz,100.0,0.02,0.5,512a8299eaef29ce,semantic_expanded_right,4.24966164034135e-05,0.0006589706750457814,0.0006598208436663013,0.0006598210692679085,0.000659821069269594,0.0006598210692696449,0.0006598210692692699,0.0006570597233119257,0.0006570601169400241,0.0006570601169413529,0.0006570601169413715,0.0006570601169408562,1.0,0.0006590765086386282,0.0006590766027134422,2.0592640792542686e-07,False,4.9328160045547524e-08,0.0006570601169408562,1.451701914116193,1.451605367487214,1.451605724849463,3.573622489039252e-07,1.0,,,,,0.9938480140937191,31.90305890940379,0.9999999999994693,1.0,31.882318085629624,1.0
parameter_G100,G100,"Baseline, G100",0.0,37,5Hz,100.0,0.02,0.5,512a8299eaef29ce,episodic_expanded_right,8.374010303460653e-05,0.0012985097849033816,0.0012999805622927747,0.0012999807867208773,0.0012999807867206013,0.001299980786721061,0.0012999807867210898,0.0012961303959374952,0.0012961307426494846,0.0012961307426491635,0.0012961307426496435,0.001296130742649686,1.0,0.0012986928811857298,0.0012986929731649908,1.021781369799495e-07,False,2.4906658691037367e-08,0.0012961307426494846,1.5777369002377346,1.577617581153442,1.5776178758952328,2.9474179075172913e-07,1.0,,,,,0.9955269897235521,31.900550785636955,0.999999999999927,1.0,31.882318085629624,1.0
parameter_G100,G100,"Baseline, G100",0.0,37,5Hz,100.0,0.02,0.5,512a8299eaef29ce,shared_auditory_relay,0.00014279931132734255,0.002203655387076074,0.0022060439298136354,0.002206044250669177,0.0022060442506691555,0.002206044250669904,0.0022060442506691828,0.0022007078966581853,0.0022007083186146707,0.002200708318614577,0.0022007083186152848,0.0022007083186146082,1.0,0.002203952730568982,0.0022039528618878214,8.596056997239361e-08,False,2.0983136028718265e-08,0.0022007083186146082,1.6177334713419045,1.617601679207059,1.6176017873226127,1.0811555362089109e-07,1.0,,,,,0.9970994392269685,31.898327061322775,0.9999999999999762,1.0,31.882318085629624,1.0
parameter_G100,G100,"Baseline, G100",0.0,37,5Hz,100.0,0.02,0.5,512a8299eaef29ce,anterior_temporal_context,6.789717748350259e-05,0.0010474172202609004,0.0010486435397212774,0.0010486437816837634,0.0010486437816836554,0.0010486437816838007,0.001048643781683674,0.0010449428532685308,0.0010449432445275104,0.0010449432445274196,0.001044943244527542,0.0010449432445274363,1.0,0.001047569880304454,0.0010475699798971488,1.3715732259270997e-07,False,3.328852207218347e-08,0.0010449432445274363,1.520553723793059,1.52044747719611,1.520447794559844,3.173637339592972e-07,1.0,,,,,0.9952016367839576,31.90038989639538,0.9999999999998659,1.0,31.882318085629624,1.0
parameter_G100,G100,"Baseline, G100",0.0,37,5Hz,100.0,0.02,0.5,512a8299eaef29ce,hippocampal_context,0.00010405805657823092,0.0016050332198191848,0.0016065006813773665,0.0016065008318416646,0.0016065008318412437,0.0016065008318408272,0.001606500831841689,0.0016025782034783723,0.0016025784470424396,0.0016025784470420368,0.0016025784470415656,0.0016025784470424652,1.0,0.0016052158936570617,0.0016052159522302405,5.264290832688205e-08,False,1.3512195895515335e-08,0.0016025784470420368,1.8083231188203397,1.8081760523704395,1.8081765262997078,4.7392926827427573e-07,1.0,,,,,0.9966352655682447,31.895948008124172,0.9999999999998934,1.0,31.882318085629624,1.0
parameter_G100,G100,"Baseline, G100",0.0,37,5Hz,100.0,0.02,0.5,512a8299eaef29ce,angular_parietal_context,8.845463281930049e-05,0.0013651517930451228,0.0013665611970026484,0.0013665613484059496,0.0013665613484057614,0.0013665613484057928,0.0013665613484057843,0.0013624895950462915,0.0013624898680965364,0.001362489868096401,0.0013624898680964323,0.0013624898680964226,1.0,0.0013653272478446647,0.0013653273073315642,6.285778983150467e-08,False,1.59838015711955e-08,0.0013624898680964226,1.675070962908288,1.6749420486240854,1.6749425233344526,4.74710367237563e-07,1.0,,,,,0.9953882311085402,31.898475990716946,0.9999999999998994,1.0,31.882318085629624,1.0
parameter_G100,G100,"Baseline, G100",0.0,53,2Hz,100.0,0.02,0.5,512a8299eaef29ce,semantic_expanded,2.2681577237973734e-05,0.0004690732209178897,0.0004700096875312066,0.00047000981758518973,0.0004700098175863974,0.00047000981758639785,0.0004700098175863958,0.000469065488076123,0.0004690656113830546,0.00046906561138424527,0.0004690656113842457,0.000469065611384244,1.0,0.00046918670593846054,0.00046918677547331145,2.1381163588357997e-07,False,3.9920628758238766e-08,0.000469065611384244,2.249045062903819,2.2471074584589905,2.247105145448625,2.3130103654622758e-06,1.0,,,,,0.9999849870187719,31.56812778155802,0.9999999999970102,1.0,31.538850170548418,0.9999999999999996
parameter_G100,G100,"Baseline, G100",0.0,53,2Hz,100.0,0.02,0.5,512a8299eaef29ce,episodic_expanded,4.483513030264845e-05,0.0009306917868698393,0.0009323566527530826,0.0009323567626982309,0.0009323567626981183,0.0009323567626981191,0.000932356762698115,0.0009306835794633667,0.0009306836841601532,0.0009306836841600399,0.0009306836841600408,0.0009306836841600375,1.0,0.000930893541872881,0.0009308936010136409,9.165610728059269e-08,False,1.7012487951717504e-08,0.0009306836841600399,2.3624873603948187,2.3605210608123093,2.3605201129379365,9.478743727697747e-07,1.0,,,,,0.9999854429970033,31.565567467573704,0.9999999999994447,1.0,31.538850170548418,0.9999999999999996
parameter_G100,G100,"Baseline, G100",0.0,53,2Hz,100.0,0.02,0.5,512a8299eaef29ce,semantic_anatomical_core,2.005043422960505e-05,0.00041546893681384595,0.0004163057907005147,0.0004163059229620611,0.0004163059229633612,0.00041630592296336156,0.0004163059229633601,0.0004154617416687504,0.00041546186713790103,0.0004154618671391807,0.0004154618671391807,0.00041546186713917925,1.0,0.0004155703494646114,0.0004155704190646965,2.4162380519675877e-07,False,4.583550436976225e-08,0.00041546186713917925,2.236117108678209,2.234183561860723,2.234180981375319,2.5804854040245573e-06,1.0,,,,,0.9999849481722832,31.568189493437497,0.9999999999966996,1.0,31.538850170548418,0.9999999999999996
parameter_G100,G100,"Baseline, G100",0.0,53,2Hz,100.0,0.02,0.5,512a8299eaef29ce,episodic_anatomical_core,4.666364047510861e-05,0.0009665961816460236,0.0009683282838995312,0.0009683283913234055,0.0009683283913232885,0.0009683283913232894,0.000968328391323285,0.0009665874854178414,0.0009665875875286972,0.000966587587528578,0.0009665875875285788,0.0009665875875285754,1.0,0.0009668060858430952,0.0009668061443287621,8.727394288354563e-08,False,1.600486392305811e-08,0.000966587587528578,2.358946064505812,2.356980524615688,2.3569796080727388,9.165429490920474e-07,1.0,,,,,0.999985516864595,31.5656765882444,0.9999999999993721,1.0,31.538850170548418,0.9999999999999996
parameter_G100,G100,"Baseline, G100",0.0,53,2Hz,100.0,0.02,0.5,512a8299eaef29ce,semantic_platel_peaks,2.4908844201324358e-05,0.000515995686173039,0.0005170330605863035,0.0005170331892772054,0.0005170331892779907,0.0005170331892779907,0.0005170331892779889,0.0005159870926176375,0.0005159872146929173,0.0005159872146936761,0.0005159872146936761,0.0005159872146936743,1.0,0.000516121401255447,0.0005161214715693876,1.9654594124326206e-07,False,3.590938639774777e-08,0.0005159872146936743,2.2625823733394537,2.2606390899267055,2.260637173172787,1.916753918695946e-06,1.0,,,,,0.9999850246871768,31.56812778155802,0.9999999999970102,1.0,31.538850170548418,0.9999999999999996
parameter_G100,G100,"Baseline, G100",0.0,53,2Hz,100.0,0.02,0.5,512a8299eaef29ce,episodic_platel_peaks,4.4018999408274045e-05,0.000916238672758914,0.0009177825185822705,0.0009177826160297048,0.0009177826160302812,0.000917782616030282,0.0009177826160302754,0.0009162343076597223,0.000916234401130711,0.000916234401131288,0.000916234401131288,0.0009162344011312823,1.0,0.0009164257569141683,0.0009164258056825455,7.677424341920808e-08,False,1.531824365130774e-08,0.0009162344011312823,2.411043224704703,2.409068871712388,2.4090679887519264,8.829604616344966e-07,1.0,,,,,0.9999853071916129,31.563025981398184,0.9999999999998336,1.0,31.538850170548418,0.9999999999999996
parameter_G100,G100,"Baseline, G100",0.0,53,2Hz,100.0,0.02,0.5,512a8299eaef29ce,semantic_expanded_left,2.314543321793559e-05,0.0004774491573360555,0.00047839991855126707,0.0004784000717507527,0.00047840007175198454,0.00047840007175198454,0.00047840007175198367,0.0004774414995792556,0.0004774416460288672,0.0004774416460300723,0.0004774416460300723,0.0004774416460300723,1.0,0.0004775643718367023,0.0004775644510935641,2.394304909411935e-07,False,4.620041904601635e-08,0.0004774416460300723,2.226088969953433,2.2241572235079463,2.2241546873323723,2.5361755739972125e-06,1.0,,,,,0.9999849870187719,31.566853602199892,0.9999999999985232,1.0,31.538850170548418,0.9999999999999996
parameter_G100,G100,"Baseline, G100",0.0,53,2Hz,100.0,0.02,0.5,512a8299eaef29ce,episodic_expanded_left,4.544282844176727e-05,0.0009374047978361366,0.0009390795676064201,0.0009390797064884738,0.0009390797064882487,0.0009390797064882487,0.0009390797064882469,0.0009373966641268013,0.0009373967975441544,0.0009373967975439355,0.0009373967975439355,0.0009373967975439346,1.0,0.0009376077473835614,0.0009376078200859256,1.1186696843143485e-07,False,2.1336205424660196e-08,0.0009373967975439355,2.3585547134161042,2.3565872853204173,2.3565863136334513,9.716869660003624e-07,1.0,,,,,0.99998538027641,31.56551116578594,0.9999999999992557,1.0,31.538850170548418,0.9999999999999996
parameter_G100,G100,"Baseline, G100",0.0,53,2Hz,100.0,0.02,0.5,512a8299eaef29ce,semantic_expanded_right,2.2140411928018244e-05,0.00046084422435667665,0.00046176660531665467,0.0004617667129898706,0.0004617667129910551,0.0004617667129910555,0.0004617667129910526,0.00046083642142123336,0.00046083652235242114,0.0004608365223535975,0.00046083652235359793,0.00046083652235359463,1.0,0.0004609560051197799,0.0004609560652493261,1.8819278080038273e-07,False,3.364083820400765e-08,0.00046083652235359463,2.272001155854205,2.270057693410035,2.2700556035648782,2.089845156927339e-06,1.0,,,,,0.9999850225270333,31.568189493437497,0.9999999999966996,1.0,31.538850170548418,0.9999999999999996
parameter_G100,G100,"Baseline, G100",0.0,53,2Hz,100.0,0.02,0.5,512a8299eaef29ce,episodic_expanded_right,4.439316801965294e-05,0.0009240268496026935,0.0009256818675638171,0.0009256819489792628,0.0009256819489792628,0.0009256819489792636,0.0009256819489792578,0.0009240185699717598,0.0009240186463524975,0.0009240186463524893,0.0009240186463524902,0.0009240186463524844,1.0,0.0009242274167623098,0.0009242274625319665,7.144524593237253e-08,False,1.2688770656410498e-08,0.0009240186463524893,2.3664200073735326,2.364454836304201,2.3644539122424217,9.240617790950978e-07,1.0,,,,,0.9999855446482158,31.565689503768404,0.9999999999996129,1.0,31.538850170548418,0.9999999999999996
parameter_G100,G100,"Baseline, G100",0.0,53,2Hz,100.0,0.02,0.5,512a8299eaef29ce,shared_auditory_relay,7.706054768358728e-05,0.0015965876914596714,0.0015993563506158874,0.001599356480490084,0.0015993564804904178,0.0015993564804904178,0.0015993564804904121,0.0015965762034709744,0.0015965763273744166,0.0015965763273747527,0.0015965763273747542,0.0015965763273747483,1.0,0.00159692320714804,0.0015969232777353225,6.377007977065747e-08,False,1.1715310588300555e-08,0.0015965763273747483,2.39789187649545,2.3959175993136768,2.39591698928652,6.100271567888171e-07,1.0,,,,,0.999985737860793,31.563402818128477,0.9999999999998468,1.0,31.538850170548418,0.9999999999999996
parameter_G100,G100,"Baseline, G100",0.0,53,2Hz,100.0,0.02,0.5,512a8299eaef29ce,anterior_temporal_context,3.553479146150966e-05,0.0007359413856457036,0.0007372887662208409,0.0007372888740525864,0.0007372888740526853,0.0007372888740526853,0.0007372888740526827,0.0007359340201748147,0.0007359341225972746,0.0007359341225973739,0.0007359341225973739,0.0007359341225973713,1.0,0.0007361046669591505,0.0007361047262923909,1.1628749570054233e-07,False,2.110008034961197e-08,0.0007359341225973713,2.3192660957509617,2.317311340644711,2.3173100302184597,1.3104262510665876e-06,1.0,,,,,0.9999851908375554,31.564804649768966,0.9999999999993631,1.0,31.538850170548418,0.9999999999999996
parameter_G100,G100,"Baseline, G100",0.0,53,2Hz,100.0,0.02,0.5,512a8299eaef29ce,hippocampal_context,5.4657442592822704e-05,0.001131522849352401,0.0011332021139301256,0.00113320214033838,0.0011332021403383822,0.0011332021403383822,0.0011332021403383781,0.0011315260463266093,0.001131526072103794,0.0011315260721037961,0.0011315260721037961,0.001131526072103792,1.0,0.0011317263367074944,0.0011317263474090137,1.3642015910678707e-08,False,3.3620707995396517e-09,0.001131526072103794,2.529217736697588,2.527219533519691,2.527219375728883,1.5779080797528877e-07,1.0,,,,,0.9999852471831557,31.55986950835173,0.9999999999999678,1.0,31.538850170548418,0.9999999999999996
parameter_G100,G100,"Baseline, G100",0.0,53,2Hz,100.0,0.02,0.5,512a8299eaef29ce,angular_parietal_context,4.6172449149009e-05,0.0009567239746598143,0.0009582881073640497,0.0009582882285807627,0.0009582882285814342,0.0009582882285814342,0.0009582882285814309,0.0009567215367014765,0.0009567216555343606,0.0009567216555350336,0.0009567216555350336,0.0009567216555350302,1.0,0.0009569135103239875,0.0009569135666072608,8.485573245186241e-08,False,1.824922879478663e-08,0.0009567216555350302,2.4347497771253557,2.432768989850719,2.432768457169206,5.32681513121247e-07,1.0,,,,,0.9999851825971675,31.56261560740021,0.9999999999998301,1.0,31.538850170548418,0.9999999999999996
parameter_G100,G100,"Baseline, G100",0.0,53,5Hz,100.0,0.02,0.5,512a8299eaef29ce,semantic_expanded,4.3643209402798475e-05,0.0006721136564379297,0.0006729790555702206,0.0006729792679238235,0.0006729792679254295,0.0006729792679251576,0.0006729792679250057,0.0006700781831628364,0.0006700785675605885,0.0006700785675620895,0.0006700785675617883,0.0006700785675615396,1.0,0.0006722213873409167,0.0006722214758148954,1.898793527210248e-07,False,4.552357264486773e-08,0.0006700785675615396,1.4276881297061794,1.4275971800624856,1.4275975953066846,4.1524419902572163e-07,1.0,,,,,0.9929515805225702,31.90243743014836,0.9999999999995084,1.0,31.882318085627492,0.9999999999999999
parameter_G100,G100,"Baseline, G100",0.0,53,5Hz,100.0,0.02,0.5,512a8299eaef29ce,episodic_expanded,8.463807300287391e-05,0.0013087782150563887,0.0013102622399437356,0.001310262506934483,0.00131026250693478,0.0013102625069350091,0.0013102625069350254,0.0013063378702445518,0.0013063382533263347,0.0013063382533266376,0.0013063382533268766,0.0013063382533269011,1.0,0.0013089629551496593,0.0013089630644037955,1.2041623725399765e-07,False,2.9397729583990895e-08,0.0013063382533266376,1.5723641533307773,1.5722442332933437,1.5722445016183828,2.683250390767e-07,1.0,,,,,0.9956857500081616,31.90044778186862,0.9999999999999266,1.0,31.882318085627492,0.9999999999999999
parameter_G100,G100,"Baseline, G100",0.0,53,5Hz,100.0,0.02,0.5,512a8299eaef29ce,semantic_anatomical_core,3.8690581960201557e-05,0.0005971402675788515,0.0005979160696256661,0.0005979162550862642,0.0005979162550884808,0.0005979162550880804,0.0005979162550879126,0.0005952180164437923,0.0005952183796392555,0.0005952183796413188,0.0005952183796408806,0.0005952183796405935,1.0,0.0005972368459083992,0.0005972369234104203,1.8721513078259668e-07,False,4.4749881400463213e-08,0.0005952183796405935,1.4125047342190395,1.4124172230486254,1.4124177026512994,4.796026740194748e-07,1.0,,,,,0.9928542444398105,31.903058892502777,0.9999999999994705,1.0,31.882318085627492,0.9999999999999999
parameter_G100,G100,"Baseline, G100",0.0,53,5Hz,100.0,0.02,0.5,512a8299eaef29ce,episodic_anatomical_core,8.788915646276211e-05,0.0013561025034895806,0.0013576404339859303,0.0013576407121490405,0.0013576407121495156,0.0013576407121495204,0.001357640712149542,0.0013536553551420122,0.0013536557422040875,0.0013536557422045973,0.0013536557422045925,0.0013536557422046238,1.0,0.0013562939539841809,0.0013562940678677918,1.21138425313529e-07,False,2.955904667700793e-08,0.0013536557422045925,1.5674540416538123,1.567333967315348,1.5673341943100605,2.2699471258214032e-07,1.0,,,,,0.9958569158945106,31.90049928039638,0.9999999999999326,1.0,31.882318085627492,0.9999999999999999
parameter_G100,G100,"Baseline, G100",0.0,53,5Hz,100.0,0.02,0.5,512a8299eaef29ce,semantic_platel_peaks,4.798402979459866e-05,0.0007406970846398866,0.0007416600089362835,0.0007416602244568185,0.0007416602244581498,0.0007416602244574569,0.0007416602244575477,0.0007384606298294511,0.000738461013436397,0.0007384610134379738,0.000738461013437249,0.0007384610134372792,1.0,0.0007408169586149991,0.0007408170483560682,1.7476515098217415e-07,False,4.192377511813561e-08,0.000738461013437249,1.4424809839811668,1.442386609121506,1.4423870049286758,3.9580716970633034e-07,1.0,,,,,0.9929515805225702,31.903680354857194,0.9999999999995084,1.0,31.882318085627492,0.9999999999999999
parameter_G100,G100,"Baseline, G100",0.0,53,5Hz,100.0,0.02,0.5,512a8299eaef29ce,episodic_platel_peaks,8.37513172477982e-05,0.0012986836772803676,0.0013000690445152821,0.0013000692107404603,0.0013000692107396036,0.0013000692107408562,0.0013000692107408517,0.0012962039816662024,0.0012962042916301285,0.0012962042916291304,0.001296204291630483,0.001296204291630476,1.0,0.0012988561408191596,0.0012988562079630397,7.4579575966494e-08,False,1.8446180050091245e-08,0.0012962042916301285,1.639256961207752,1.639132740895795,1.6391332162520815,4.753562865555949e-07,1.0,,,,,0.9952457844818383,31.898834949964996,0.9999999999998024,1.0,31.882318085627492,0.9999999999999999
parameter_G100,G100,"Baseline, G100",0.0,53,5Hz,100.0,0.02,0.5,512a8299eaef29ce,semantic_expanded_left,4.462600340378619e-05,0.0006855187708584146,0.0006863996699716301,0.0006863998683124777,0.0006863998683139926,0.0006863998683133855,0.0006863998683134666,0.0006833545806695208,0.0006833549550918281,0.0006833549550933078,0.0006833549550926735,0.0006833549550927026,1.0,0.0006856284326833367,0.0006856285152383542,1.7371173880634857e-07,False,4.1688160656860876e-08,0.0006833549550926735,1.403674345736077,1.403588993518549,1.403589465763906,4.7224535704160076e-07,1.0,,,,,0.9929515805225702,31.901947090182993,0.9999999999997058,1.0,31.882318085627492,0.9999999999999999
parameter_G100,G100,"Baseline, G100",0.0,53,5Hz,100.0,0.02,0.5,512a8299eaef29ce,episodic_expanded_left,8.587278170918304e-05,0.0013191278464895575,0.0013206252364235198,0.001320625546634985,0.0013206255466358635,0.0013206255466358576,0.0013206255466358624,0.0013166257319467526,0.0013166261519384369,0.0013166261519393736,0.0013166261519393688,0.0013166261519393723,1.0,0.001319314244941772,0.0013193143717392703,1.3865545223079394e-07,False,3.388867426679099e-08,0.0013166261519393688,1.5669914065212058,1.5668708856293676,1.5668711273415328,2.4171216517210325e-07,1.0,,,,,0.9957723835990413,31.90044052831043,0.9999999999999235,1.0,31.882318085627492,0.9999999999999999
parameter_G100,G100,"Baseline, G100",0.0,53,5Hz,100.0,0.02,0.5,512a8299eaef29ce,semantic_expanded_right,4.249661640164616e-05,0.0006589706750184153,0.0006598208435253262,0.0006598210692679014,0.000659821069269594,0.0006598210692696449,0.0006598210692692692,0.0006570597230955745,0.0006570601169398326,0.0006570601169413529,0.0006570601169413715,0.0006570601169408568,1.0,0.0006590765085835523,0.0006590766027134422,2.0604696697705534e-07,False,4.9358984632874583e-08,0.0006570601169408568,1.4517019136762819,1.4516053666064221,1.4516057248494632,3.582430410098425e-07,1.0,,,,,0.9938480140095414,31.903058892502777,0.9999999999994705,1.0,31.882318085627492,0.9999999999999999
parameter_G100,G100,"Baseline, G100",0.0,53,5Hz,100.0,0.02,0.5,512a8299eaef29ce,episodic_expanded_right,8.374010303464911e-05,0.0012985097849041174,0.0012999805622916387,0.0012999807867208773,0.0012999807867206013,0.001299980786721061,0.0012999807867210898,0.0012961303959264311,0.0012961307426494846,0.0012961307426491635,0.0012961307426496422,0.001296130742649686,1.0,0.0012986928811867344,0.0012986929731649908,1.0217702090607654e-07,False,2.4906784812372964e-08,0.0012961307426494846,1.5777369001403485,1.5776175809573199,1.5776178758952328,2.949379129812968e-07,1.0,,,,,0.9955269897246164,31.90055077892414,0.9999999999999266,1.0,31.882318085627492,0.9999999999999999
parameter_G100,G100,"Baseline, G100",0.0,53,5Hz,100.0,0.02,0.5,512a8299eaef29ce,shared_auditory_relay,0.00014279931132657152,0.002203655387064021,0.002206043929752813,0.002206044250669177,0.0022060442506691555,0.0022060442506699,0.0022060442506691867,0.0022007078965830284,0.0022007083186146707,0.002200708318614577,0.002200708318615281,0.002200708318614616,1.0,0.002203952730544838,0.0022039528618878236,8.59763758398766e-08,False,2.0987113735770892e-08,0.002200708318614616,1.6177334713122047,1.6176016791475893,1.6176017873226147,1.081750253817404e-07,1.0,,,,,0.9970994392207129,31.89832706086976,0.9999999999999762,1.0,31.882318085627492,0.9999999999999999
parameter_G100,G100,"Baseline, G100",0.0,53,5Hz,100.0,0.02,0.5,512a8299eaef29ce,anterior_temporal_context,6.789717748364367e-05,0.0010474172202629972,0.0010486435397284715,0.0010486437816837934,0.0010486437816836388,0.0010486437816838268,0.0010486437816836591,0.0010449428532628656,0.0010449432445275662,0.0010449432445274493,0.0010449432445275217,0.0010449432445274697,1.0,0.0010475698803083173,0.0010475699798971525,1.371520073067782e-07,False,3.3287530065706505e-08,0.0010449432445274697,1.5205537237185678,1.520447477047604,1.520447794559618,3.175120140141985e-07,1.0,,,,,0.9952016367817123,31.900389898594582,0.9999999999998659,1.0,31.882318085627492,0.9999999999999999
parameter_G100,G100,"Baseline, G100",0.0,53,5Hz,100.0,0.02,0.5,512a8299eaef29ce,hippocampal_context,0.00010405805657847416,0.0016050332198230509,0.0016065006813956216,0.0016065008318416633,0.0016065008318412437,0.0016065008318408244,0.0016065008318416948,0.0016025782034979764,0.0016025784470424396,0.0016025784470420368,0.0016025784470415656,0.0016025784470424696,1.0,0.0016052158936646834,0.0016052159522302405,5.263605827956768e-08,False,1.3510556939877461e-08,0.0016025784470420368,1.8083231188176416,1.8081760523648336,1.8081765262997105,4.7393487689895153e-07,1.0,,,,,0.9966352655686095,31.89594800881045,0.9999999999998934,1.0,31.882318085627492,0.9999999999999999
parameter_G100,G100,"Baseline, G100",0.0,53,5Hz,100.0,0.02,0.5,512a8299eaef29ce,angular_parietal_context,8.84546328199081e-05,0.0013651517930545027,0.001366561197046358,0.0013665613484059496,0.0013665613484057614,0.0013665613484057917,0.0013665613484057893,0.0013624895950944379,0.0013624898680965364,0.001362489868096401,0.00136248986809643,0.0013624898680964276,1.0,0.0013653272478631043,0.0013653273073315655,6.283830659065972e-08,False,1.5979187395487317e-08,0.0013624898680964276,1.6750709628843508,1.674942048575487,1.6749425233344555,4.747589685827336e-07,1.0,,,,,0.9953882311102298,31.898475993276715,0.9999999999999001,1.0,31.882318085627492,0.9999999999999999
parameter_G100,G100,"Baseline, G100",0.0,71,2Hz,100.0,0.02,0.5,512a8299eaef29ce,semantic_expanded,2.268157723661289e-05,0.0004690732208896903,0.0004700096874501707,0.0004700098175851271,0.000470009817586258,0.00047000981758625886,0.00047000981758625637,0.00046906548800089583,0.0004690656113829842,0.0004690656113841045,0.00046906561138410573,0.0004690656113841032,1.0,0.0004691867058882464,0.00046918677547316893,2.139656002724031e-07,False,3.994544819363455e-08,0.0004690656113841032,2.2490450638384734,2.2471074603653465,2.2471051454477795,2.3149175669701094e-06,1.0,,,,,0.9999849870187294,31.56812776772842,0.9999999999970035,1.0,31.538850170542805,0.9999999999999998
parameter_G100,G100,"Baseline, G100",0.0,71,2Hz,100.0,0.02,0.5,512a8299eaef29ce,episodic_expanded,4.483513029983479e-05,0.0009306917868117759,0.0009323566525696569,0.0009323567626982343,0.0009323567626981166,0.0009323567626981191,0.0009323567626981133,0.0009306835792893059,0.0009306836841601573,0.0009306836841600383,0.0009306836841600408,0.000930683684160035,1.0,0.0009308935417676733,0.00093089360101364,9.181915641435105e-08,False,1.704087004839039e-08,0.0009306836841600383,2.3624873612041863,2.360521062460146,2.3605201129379405,9.49522205306863e-07,1.0,,,,,0.9999854429975088,31.565567444344556,0.9999999999994413,1.0,31.538850170542805,0.9999999999999998
parameter_G100,G100,"Baseline, G100",0.0,71,2Hz,100.0,0.02,0.5,512a8299eaef29ce,semantic_anatomical_core,2.0050434228550357e-05,0.0004154689367920086,0.00041630579064112566,0.00041630592296199606,0.00041630592296319926,0.00041630592296319996,0.00041630592296319703,0.00041546174161440937,0.000415461867137825,0.0004154618671390169,0.000415461867139018,0.0004154618671390154,1.0,0.00041557034942609573,0.00041557041906452964,2.417569370618193e-07,False,4.585601232065528e-08,0.0004154618671390154,2.2361171096390247,2.234183563821558,2.2341809813740983,2.582447459875681e-06,1.0,,,,,0.9999849481722662,31.568189472661267,0.999999999996692,1.0,31.538850170542805,0.9999999999999998
parameter_G100,G100,"Baseline, G100",0.0,71,2Hz,100.0,0.02,0.5,512a8299eaef29ce,episodic_anatomical_core,4.666364047197833e-05,0.0009665961815813951,0.0009683282837001634,0.0009683283913234098,0.0009683283913232868,0.0009683283913232894,0.0009683283913232834,0.0009665874852293933,0.0009665875875287016,0.0009665875875285762,0.0009665875875285788,0.0009665875875285728,1.0,0.0009668060857264481,0.0009668061443287612,8.74480055579677e-08,False,1.6034566829858932e-08,0.0009665875875285762,2.3589460654362577,2.356980526509864,2.3569796080727428,9.18437121022464e-07,1.0,,,,,0.999985516864756,31.56567656806472,0.9999999999993684,1.0,31.538850170542805,0.9999999999999998
parameter_G100,G100,"Baseline, G100",0.0,71,2Hz,100.0,0.02,0.5,512a8299eaef29ce,semantic_platel_peaks,2.4908844199671722e-05,0.0005159956861378987,0.0005170330604778676,0.0005170331892772077,0.0005170331892779893,0.0005170331892779907,0.000517033189277987,0.0005159870925152911,0.00051598721469292,0.0005159872146936748,0.0005159872146936761,0.0005159872146936725,1.0,0.0005161214011920162,0.0005161214715693872,1.9672324579893182e-07,False,3.593964290615759e-08,0.0005159872146936725,2.262582374056273,2.260639091386719,2.2606371731727917,1.918213927254442e-06,1.0,,,,,0.9999850246878832,31.56812776772842,0.9999999999970035,1.0,31.538850170542805,0.9999999999999998
parameter_G100,G100,"Baseline, G100",0.0,71,2Hz,100.0,0.02,0.5,512a8299eaef29ce,episodic_platel_peaks,4.4018999407206384e-05,0.0009162386727367384,0.0009177825184777228,0.0009177826160297138,0.000917782616030277,0.000917782616030282,0.0009177826160302714,0.0009162343075552753,0.00091623440113072,0.0009162344011312839,0.0009162344011312888,0.0009162344011312774,1.0,0.000916425756870696,0.000916425805682543,7.684267630119651e-08,False,1.533467655079335e-08,0.0009162344011312774,2.4110432247872877,2.409068871881558,2.409067988751939,8.831296192113314e-07,1.0,,,,,0.9999853071916358,31.563025975732906,0.9999999999998337,1.0,31.538850170542805,0.9999999999999998
parameter_G100,G100,"Baseline, G100",0.0,71,2Hz,100.0,0.02,0.5,512a8299eaef29ce,semantic_expanded_left,2.314543321658145e-05,0.0004774491573081396,0.00047839991846759274,0.00047840007175082834,0.00047840007175199516,0.00047840007175199516,0.0004784000717519947,0.0004774414995011344,0.00047744164602892485,0.0004774416460300791,0.0004774416460300791,0.0004774416460300791,1.0,0.00047756437178657905,0.000477564451093565,2.395819130930551e-07,False,4.622564597767109e-08,0.0004774416460300791,2.226088971030084,2.2241572257072355,2.2241546873303237,2.5383769117759414e-06,1.0,,,,,0.9999849870187294,31.566853597620362,0.9999999999985215,1.0,31.538850170542805,0.9999999999999998
parameter_G100,G100,"Baseline, G100",0.0,71,2Hz,100.0,0.02,0.5,512a8299eaef29ce,episodic_expanded_left,4.544282843903058e-05,0.0009374047977797192,0.0009390795674326883,0.0009390797064884738,0.0009390797064882478,0.0009390797064882478,0.0009390797064882469,0.0009373966639625824,0.0009373967975441544,0.0009373967975439355,0.0009373967975439355,0.0009373967975439346,1.0,0.0009376077472817636,0.0009376078200859256,1.1202360446729011e-07,False,2.136289554144355e-08,0.0009373967975439355,2.358554714257779,2.3565872870337583,2.356586313633451,9.734003074690634e-07,1.0,,,,,0.9999853802762388,31.565511144656554,0.9999999999992525,1.0,31.538850170542805,0.9999999999999998
parameter_G100,G100,"Baseline, G100",0.0,71,2Hz,100.0,0.02,0.5,512a8299eaef29ce,semantic_expanded_right,2.2140411926649574e-05,0.0004608442243282123,0.0004617666052381896,0.0004617667129896746,0.00046176671299077006,0.0004617667129907725,0.0004617667129907672,0.00046083642134882324,0.0004608365223522271,0.00046083652235331425,0.00046083652235331675,0.0004608365223533114,1.0,0.0004609560050694936,0.00046095606524904564,1.883492885472766e-07,False,3.366525023196232e-08,0.0004608365223533114,2.2720011566468625,2.270057695023458,2.270055603565235,2.091458223052456e-06,1.0,,,,,0.9999850225274641,31.568189472661267,0.999999999996692,1.0,31.538850170542805,0.9999999999999998
parameter_G100,G100,"Baseline, G100",0.0,71,2Hz,100.0,0.02,0.5,512a8299eaef29ce,episodic_expanded_right,4.439316801678331e-05,0.0009240268495430105,0.0009256818673708455,0.0009256819489792711,0.0009256819489792587,0.0009256819489792644,0.000925681948979253,0.0009240185697880066,0.0009240186463525065,0.0009240186463524853,0.0009240186463524902,0.0009240186463524787,1.0,0.0009242274166537461,0.0009242274625319641,7.16147073629977e-08,False,1.2718844377701545e-08,0.0009240186463524853,2.366420008150594,2.3644548378865333,2.36445391224243,9.256441031446627e-07,1.0,,,,,0.999985544649123,31.565689493698294,0.9999999999996099,1.0,31.538850170542805,0.9999999999999998
parameter_G100,G100,"Baseline, G100",0.0,71,2Hz,100.0,0.02,0.5,512a8299eaef29ce,shared_auditory_relay,7.70605476799522e-05,0.0015965876913844451,0.0015993563503768405,0.0015993564804897388,0.0015993564804904121,0.0015993564804904178,0.0015993564804904065,0.0015965762032435584,0.0015965763273740677,0.0015965763273747483,0.0015965763273747542,0.0015965763273747427,1.0,0.00159692320701162,0.0015969232777353196,6.389332184039373e-08,False,1.173688888300717e-08,0.0015965763273747427,2.3978918770755744,2.3959176004941636,2.3959169892865253,6.112076382791543e-07,1.0,,,,,0.9999857378607617,31.56340280795488,0.9999999999998463,1.0,31.538850170542805,0.9999999999999998
parameter_G100,G100,"Baseline, G100",0.0,71,2Hz,100.0,0.02,0.5,512a8299eaef29ce,anterior_temporal_context,3.553479145970983e-05,0.0007359413856086,0.0007372887660915465,0.0007372888740525105,0.000737288874052595,0.0007372888740525976,0.0007372888740525924,0.0007359340200503446,0.0007359341225972105,0.0007359341225972949,0.0007359341225972968,0.0007359341225972923,1.0,0.0007361046668907939,0.0007361047262923321,1.1642135264968448e-07,False,2.112536154896816e-08,0.0007359341225972923,2.3192660963301774,2.3173113418147544,2.3173100302285268,1.3115862276258383e-06,1.0,,,,,0.9999851908375381,31.564804638231337,0.9999999999993618,1.0,31.538850170542805,0.9999999999999998
parameter_G100,G100,"Baseline, G100",0.0,71,2Hz,100.0,0.02,0.5,512a8299eaef29ce,hippocampal_context,5.465744259264158e-05,0.0011315228493492624,0.0011332021138967816,0.0011332021403383853,0.0011332021403383792,0.0011332021403383822,0.0011332021403383742,0.0011315260462913268,0.0011315260721038,0.001131526072103794,0.001131526072103797,0.00113152607210379,1.0,0.0011317263366995775,0.0011317263474090117,1.3652105743233218e-08,False,3.3663148713003467e-09,0.001131526072103794,2.5292177365607715,2.527219533242677,2.527219375728882,1.5751379489614692e-07,1.0,,,,,0.9999852471829427,31.559869507297293,0.9999999999999676,1.0,31.538850170542805,0.9999999999999998
parameter_G100,G100,"Baseline, G100",0.0,71,2Hz,100.0,0.02,0.5,512a8299eaef29ce,angular_parietal_context,4.617244914829297e-05,0.0009567239746449617,0.0009582881072832782,0.0009582882285807669,0.0009582882285814325,0.0009582882285814342,0.0009582882285814283,0.0009567215366195513,0.0009567216555343657,0.0009567216555350311,0.0009567216555350336,0.0009567216555350277,1.0,0.0009569135102938386,0.0009569135666072591,8.490118411131455e-08,False,1.8261388134988013e-08,0.0009567216555350277,2.4347497770873012,2.432768989774753,2.4327684571692094,5.326055436682964e-07,1.0,,,,,0.9999851825968997,31.56261560425126,0.9999999999998295,1.0,31.538850170542805,0.9999999999999998
parameter_G100,G100,"Baseline, G100",0.0,71,5Hz,100.0,0.02,0.5,512a8299eaef29ce,semantic_expanded,4.3643209403543044e-05,0.0006721136564503948,0.0006729790556372329,0.0006729792679235139,0.0006729792679252329,0.0006729792679251284,0.0006729792679251755,0.0006700781832815377,0.0006700785675603772,0.0006700785675618579,0.000670078567561827,0.0006700785675618335,1.0,0.0006722213873661081,0.0006722214758150273,1.8982557102706014e-07,False,4.5509273327581924e-08,0.000670078567561827,1.427688130053853,1.4275971807623817,1.427597595303614,4.1454123222983696e-07,1.0,,,,,0.992951580650699,31.9024375092025,0.9999999999995088,1.0,31.88231808562941,0.9999999999999998
parameter_G100,G100,"Baseline, G100",0.0,71,5Hz,100.0,0.02,0.5,512a8299eaef29ce,episodic_expanded,8.463807300222366e-05,0.0013087782150467593,0.0013102622399003964,0.001310262506934483,0.0013102625069347858,0.0013102625069350091,0.0013102625069350267,0.0013063378701969487,0.0013063382533263347,0.0013063382533266435,0.001306338253326878,0.0013063382533269011,1.0,0.0013089629551308825,0.0013089630644037965,1.2043693363333845e-07,False,2.9402501766639944e-08,0.0013063382533266435,1.5723641533853119,1.5722442334037439,1.5722445016183841,2.6821464027548814e-07,1.0,,,,,0.9956857500078301,31.900447781249646,0.9999999999999268,1.0,31.88231808562941,0.9999999999999998
parameter_G100,G100,"Baseline, G100",0.0,71,5Hz,100.0,0.02,0.5,512a8299eaef29ce,semantic_anatomical_core,3.86905819614482e-05,0.0005971402675981054,0.0005979160697259922,0.0005979162550859525,0.0005979162550882439,0.00059791625508804,0.0005979162550881059,0.0005952180166119505,0.0005952183796390663,0.0005952183796410545,0.000595218379640935,0.0005952183796409456,1.0,0.0005972368459470564,0.000597236923410589,1.8712215724260052e-07,False,4.472575341196716e-08,0.000595218379640935,1.412504734644826,1.4124172239059893,1.4124177026469398,4.787409504380946e-07,1.0,,,,,0.9928542445852196,31.903058911119505,0.9999999999994692,1.0,31.88231808562941,0.9999999999999998
parameter_G100,G100,"Baseline, G100",0.0,71,5Hz,100.0,0.02,0.5,512a8299eaef29ce,episodic_anatomical_core,8.788915646228948e-05,0.0013561025034822924,0.0013576404339530354,0.0013576407121490405,0.0013576407121495204,0.0013576407121495204,0.0013576407121495433,0.0013536553551062045,0.0013536557422040888,0.0013536557422046034,0.0013536557422045925,0.0013536557422046261,1.0,0.0013562939539699614,0.001356294067867793,1.2115355205492155e-07,False,2.9562542369632186e-08,0.0013536557422045925,1.5674540416901994,1.567333967388993,1.5673341943100616,2.2692106860233707e-07,1.0,,,,,0.9958569158924944,31.90049927940953,0.9999999999999325,1.0,31.88231808562941,0.9999999999999998
parameter_G100,G100,"Baseline, G100",0.0,71,5Hz,100.0,0.02,0.5,512a8299eaef29ce,semantic_platel_peaks,4.798402979397637e-05,0.0007406970846244774,0.0007416600088670316,0.0007416602244568185,0.0007416602244581531,0.0007416602244574569,0.0007416602244575484,0.0007384606297549649,0.000738461013436397,0.000738461013437977,0.000738461013437249,0.0007384610134372805,1.0,0.000740816958584963,0.0007408170483560689,1.7482364571739224e-07,False,4.193724629786289e-08,0.000738461013437249,1.4424809841307527,1.4423866094236883,1.4423870049286769,3.9550498853735405e-07,1.0,,,,,0.992951580650699,31.90368031303651,0.9999999999995088,1.0,31.88231808562941,0.9999999999999998
parameter_G100,G100,"Baseline, G100",0.0,71,5Hz,100.0,0.02,0.5,512a8299eaef29ce,episodic_platel_peaks,8.375131724650774e-05,0.0012986836772603597,0.0013000690444256388,0.0013000692107404614,0.001300069210739615,0.0013000692107408575,0.001300069210740854,0.001296203981566037,0.0012962042916301296,0.0012962042916291419,0.0012962042916304843,0.0012962042916304785,1.0,0.0012988561407801939,0.0012988562079630432,7.462286082782313e-08,False,1.8456128003663253e-08,0.0012962042916301296,1.6392569613406498,1.6391327411649115,1.6391332162520855,4.750871740455409e-07,1.0,,,,,0.9952457844733518,31.898834948647796,0.9999999999998017,1.0,31.88231808562941,0.9999999999999998
parameter_G100,G100,"Baseline, G100",0.0,71,5Hz,100.0,0.02,0.5,512a8299eaef29ce,semantic_expanded_left,4.462600340395788e-05,0.0006855187708610486,0.0006863996699878826,0.0006863998683128758,0.0006863998683139519,0.000686399868313344,0.000686399868313425,0.0006833545807215168,0.0006833549550922905,0.0006833549550933739,0.0006833549550927397,0.0006833549550927694,1.0,0.0006856284326888222,0.0006856285152384632,1.7370042542377416e-07,False,4.1684689833232374e-08,0.0006833549550927397,1.4036743459948375,1.4035889940440776,1.4035894657571575,4.7171307993032485e-07,1.0,,,,,0.992951580650699,31.901947083694495,0.9999999999997049,1.0,31.88231808562941,0.9999999999999998
parameter_G100,G100,"Baseline, G100",0.0,71,5Hz,100.0,0.02,0.5,512a8299eaef29ce,episodic_expanded_left,8.587278170874401e-05,0.0013191278464828055,0.0013206252363926394,0.001320625546634985,0.0013206255466358635,0.0013206255466358576,0.0013206255466358624,0.0013166257319132846,0.0013166261519384369,0.0013166261519393736,0.0013166261519393688,0.0013166261519393723,1.0,0.0013193142449285588,0.0013193143717392703,1.3866990096708549e-07,False,3.389204774606469e-08,0.0013166261519393688,1.5669914065522907,1.5668708856923015,1.5668711273415323,2.4164923084768475e-07,1.0,,,,,0.9957723835978186,31.900440526769202,0.9999999999999236,1.0,31.88231808562941,0.9999999999999998
parameter_G100,G100,"Baseline, G100",0.0,71,5Hz,100.0,0.02,0.5,512a8299eaef29ce,semantic_expanded_right,4.249661640305905e-05,0.0006589706750403253,0.0006598208436411057,0.0006598210692669116,0.0006598210692692482,0.0006598210692696267,0.0006598210692696415,0.0006570597232783695,0.0006570601169389729,0.0006570601169408352,0.0006570601169413843,0.000657060116941368,1.0,0.000659076508627677,0.0006590766027135968,2.0595071809194918e-07,False,4.933385699956716e-08,0.0006570601169408352,1.4517019141128686,1.451605367480686,1.4516057248500704,3.573693845293491e-07,1.0,,,,,0.9938480140850086,31.903058911119505,0.9999999999994692,1.0,31.88231808562941,0.9999999999999998
parameter_G100,G100,"Baseline, G100",0.0,71,5Hz,100.0,0.02,0.5,512a8299eaef29ce,episodic_expanded_right,8.37401030338452e-05,0.001298509784891655,0.0012999805622360369,0.0012999807867208784,0.001299980786720613,0.001299980786721062,0.001299980786721092,0.0012961303958649148,0.0012961307426494846,0.001296130742649175,0.0012961307426496435,0.0012961307426496884,1.0,0.0012986928811624804,0.0012986929731649943,1.0220396813173538e-07,False,2.491295543194383e-08,0.0012961307426494846,1.5777369002183332,1.5776175811151865,1.5776178758952362,2.947800497032915e-07,1.0,,,,,0.995526989724509,31.900550777569418,0.9999999999999268,1.0,31.88231808562941,0.9999999999999998
parameter_G100,G100,"Baseline, G100",0.0,71,5Hz,100.0,0.02,0.5,512a8299eaef29ce,shared_auditory_relay,0.00014279931132612584,0.0022036553870571356,0.002206043929721812,0.0022060442506690653,0.0022060442506691437,0.0022060442506698806,0.002206044250669167,0.0022007078965484293,0.0022007083186145575,0.0022007083186145653,0.0022007083186152613,0.0022007083186145948,1.0,0.0022039527305313254,0.0022039528618879,8.598527111512253e-08,False,2.0989142868188537e-08,0.0022007083186145653,1.617733471329057,1.6176016791817813,1.6176017873225734,1.0814079209886529e-07,1.0,,,,,0.997099439219463,31.898327060504784,0.9999999999999759,1.0,31.88231808562941,0.9999999999999998
parameter_G100,G100,"Baseline, G100",0.0,71,5Hz,100.0,0.02,0.5,512a8299eaef29ce,anterior_temporal_context,6.789717748319477e-05,0.0010474172202560778,0.001048643539693974,0.0010486437816844471,0.0010486437816845952,0.0010486437816846148,0.001048643781684613,0.0010449428532280825,0.001044943244528292,0.0010449432445284376,0.0010449432445284311,0.0010449432445284543,1.0,0.0010475698802939002,0.0010475699798980801,1.3717313983291903e-07,False,3.329241655691817e-08,0.0010449432445284311,1.5205537237704376,1.5204474771481595,1.520447794563422,3.174152625184945e-07,1.0,,,,,0.9952016367780132,31.900389895721794,0.999999999999866,1.0,31.88231808562941,0.9999999999999998
parameter_G100,G100,"Baseline, G100",0.0,71,5Hz,100.0,0.02,0.5,512a8299eaef29ce,hippocampal_context,0.00010405805657843614,0.0016050332198225064,0.0016065006813930104,0.0016065008318416646,0.001606500831841251,0.0016065008318408257,0.0016065008318416948,0.0016025782034954316,0.0016025784470424396,0.001602578447042044,0.0016025784470415656,0.0016025784470424709,1.0,0.0016052158936635942,0.0016052159522302436,5.263703996965559e-08,False,1.3510791418980262e-08,0.001602578447042044,1.8083231188190056,1.8081760523675752,1.8081765262997123,4.7393213709057136e-07,1.0,,,,,0.996635265568619,31.89594800869562,0.9999999999998934,1.0,31.88231808562941,0.9999999999999998
parameter_G100,G100,"Baseline, G100",0.0,71,5Hz,100.0,0.02,0.5,512a8299eaef29ce,angular_parietal_context,8.845463281968731e-05,0.0013651517930510955,0.0013665611970300113,0.0013665613484059496,0.0013665613484057674,0.0013665613484057917,0.0013665613484057893,0.001362489595075872,0.0013624898680965364,0.0013624898680964057,0.00136248986809643,0.0013624898680964287,1.0,0.0013653272478563545,0.001365327307331568,6.284544142265113e-08,False,1.5980913126156794e-08,0.0013624898680964287,1.6750709628885558,1.6749420485840973,1.6749425233344568,4.7475035946931143e-07,1.0,,,,,0.9953882311095357,31.89847599253514,0.9999999999998999,1.0,31.88231808562941,0.9999999999999998
parameter_G100,G100,"High AD-like perturbation, G100",1.0,11,2Hz,100.0,0.02,0.5,ac884c60d8359016,semantic_expanded,0.2658468365846525,3.0909651114018883,0.10175636951676242,0.32954007163567256,0.7882641580465968,2.547963120006785,4.967304732915531,0.0027151688481547483,0.005347988868029881,0.03516746944225121,0.25981151511875644,0.3554126308602188,1.0,0.3221997828597433,3.3332107323390576,3.3708851035551404,True,0.7084681539014455,0.03516746944225121,0.3120483313130997,0.03453117992463159,0.3619403447084192,0.32740916478378757,1.0,,,,,0.00016007282093888353,-0.36288433055288566,0.15343790067295404,0.15384615384615385,30.913432789027162,0.9735590520688607
parameter_G100,G100,"High AD-like perturbation, G100",1.0,11,2Hz,100.0,0.02,0.5,ac884c60d8359016,episodic_expanded,0.13171200161384808,1.750876900759537,0.050844944879083,0.08605197540430681,1.0233750905555679,1.9293021301813378,1.800805669610948,0.002083742584934651,0.002500981319150043,0.035312233702372194,0.06921949041626582,0.09351332918382223,1.0,0.14968641584185233,1.888962117147469,3.6575785622259946,True,0.7389757832126382,0.035312233702372194,0.8573557956622548,0.051601296086617884,1.0206624101538115,0.9690611140671936,1.0,,,,,6.5832724856274e-05,-2.5842879691897207,0.08428211564204703,0.0,30.913432789027162,0.9735590520688607
parameter_G100,G100,"High AD-like perturbation, G100",1.0,11,2Hz,100.0,0.02,0.5,ac884c60d8359016,semantic_anatomical_core,0.22332106284782055,2.7970041076194216,0.09048838436891843,0.17352299019234266,0.6932513349303849,2.5858880312756947,4.162641011534474,0.0014588077697426812,0.0028391200247029815,0.030411770320873756,0.19771869875048909,0.25414751841487715,1.0,0.21663484948743317,3.0174663658646868,3.8000004407505816,True,0.7472353265492322,0.030411770320873756,0.4552661725458258,0.039085375498642765,0.5241456174068297,0.485060241908187,1.0,,,,,0.00012459701264444512,-0.14934996084196953,0.1531112313622104,0.2,30.913432789027162,0.9735590520688607
parameter_G100,G100,"High AD-like perturbation, G100",1.0,11,2Hz,100.0,0.02,0.5,ac884c60d8359016,episodic_anatomical_core,0.13413589142834706,1.7311319899135482,0.049642021340763474,0.08422379207244442,1.0011493116399657,1.9230991405655427,1.7521110209959894,0.001990372930005586,0.0023050932064244216,0.03496379498841399,0.06929848698826584,0.09641504011476285,1.0,0.14942006185308718,1.86764842398025,3.643777130669399,True,0.7397919270101557,0.03496379498841399,0.8857283119524049,0.052362621132645455,1.0519371201551202,0.9995744990224747,1.0,,,,,6.045425408279792e-05,-2.5142451597536213,0.09091800521354901,0.0,30.913432789027162,0.9735590520688607
parameter_G100,G100,"High AD-like perturbation, G100",1.0,11,2Hz,100.0,0.02,0.5,ac884c60d8359016,semantic_platel_peaks,0.2873759503897103,2.893727684227876,0.09663636856927124,0.5273968183394426,0.7755194207794192,1.8319726097537863,5.286501064948914,0.004416825514786818,0.008155287253739709,0.04453361112811851,0.3633031595744771,0.4677277929057678,1.0,0.45165029651403055,3.1177983734293075,2.7872495715911545,True,0.6671821701365829,0.04453361112811851,0.15935789005859285,0.028835067511986903,0.1981620447430974,0.1693269772311105,1.0,,,,,0.00046439320298186093,-1.7439593006267216,0.19634251945415745,0.0,30.913432789027162,0.9735590520688607
parameter_G100,G100,"High AD-like perturbation, G100",1.0,11,2Hz,100.0,0.02,0.5,ac884c60d8359016,episodic_platel_peaks,0.11943106113498891,1.5857070343893054,0.04719750868781121,0.08093515388134681,0.9094644296214565,1.6510632290499734,1.9421646582703656,0.0026618062655670537,0.003516038134475605,0.02573437763344398,0.05651837396424872,0.06512169941344974,1.0,0.14099914010536377,1.7070460430490924,3.5977437023995087,True,0.7538053545610323,0.02573437763344398,0.7931002938493501,0.05690778237987634,0.9585744645288263,0.90166668214895,1.0,,,,,0.0001190665296816329,-3.184154632434633,0.06113619417517899,0.0,30.913432789027162,0.9735590520688607
parameter_G100,G100,"High AD-like perturbation, G100",1.0,11,2Hz,100.0,0.02,0.5,ac884c60d8359016,semantic_expanded_left,0.1310067807003717,1.7005041440362352,0.0818857845406201,0.13972704086261584,0.5672645344821242,1.5155822960062502,2.583513965417669,0.0041105516338237336,0.005785080878414527,0.031215745462677642,0.15221347298158486,0.19919243517927818,1.0,0.16936340029119237,1.8379407697844976,3.439896229809474,True,0.6699172372025698,0.031215745462677642,0.27467423186732826,0.03907731866409203,0.31655482802770923,0.2774775093636172,1.0,,,,,0.00046439320298186093,-1.984264488959158,0.19634251945415745,0.0,30.913432789027162,0.9735590520688607
parameter_G100,G100,"High AD-like perturbation, G100",1.0,11,2Hz,100.0,0.02,0.5,ac884c60d8359016,episodic_expanded_left,0.15870397117149576,2.0600213149987745,0.06133941946035599,0.10147545693087953,1.291631918641861,2.346801391786759,1.8569840104917559,0.0019271457721638905,0.0022734277402799686,0.05461625564825896,0.09771018234260564,0.13129180853614023,1.0,0.16127824222491954,2.2274133855578544,3.787745607503348,True,0.7185749576007945,0.05461625564825896,0.9035900950112938,0.04637242463208589,1.0787456008140783,1.0323731761819925,1.0,,,,,6.137944803147333e-05,-2.386307552861313,0.12157787794901792,0.0,30.913432789027162,0.9735590520688607
parameter_G100,G100,"High AD-like perturbation, G100",1.0,11,2Hz,100.0,0.02,0.5,ac884c60d8359016,semantic_expanded_right,0.42316023511631357,5.6183722653134005,0.12644879444362575,0.7772057444515695,1.0953626484479095,4.283578712962175,9.5506030313469,0.0017934677704394253,0.004943921361460726,0.039619457701254114,0.44346943845417924,0.6341512822075429,1.0,0.6129582890776694,6.044968351990463,3.301873977300807,True,0.7470190706003215,0.039619457701254114,0.34942243075887114,0.029985041185171146,0.4073258613891291,0.3773408202039579,1.0,,,,,8.444405647511921e-05,0.49054811039696306,0.15120256115665454,0.3333333333333333,30.913432789027162,0.9735590520688607
parameter_G100,G100,"High AD-like perturbation, G100",1.0,11,2Hz,100.0,0.02,0.5,ac884c60d8359016,episodic_expanded_right,0.11208147829919518,1.4881253408851962,0.04214595512153195,0.07297274331099918,0.8108320651218031,1.5860765732239108,1.7463268619335979,0.0022530642066556066,0.0027513113559383302,0.02283118522590812,0.049036218525183285,0.06660539475038739,1.0,0.13892774858205847,1.601937881469901,3.52741151694864,True,0.7593766088244817,0.02283118522590812,0.811121496313216,0.05683016754114987,0.9625792194935446,0.9057490519523947,1.0,,,,,6.5832724856274e-05,-2.5842879691897207,0.06282610423499342,0.0,30.913432789027162,0.9735590520688607
parameter_G100,G100,"High AD-like perturbation, G100",1.0,11,2Hz,100.0,0.02,0.5,ac884c60d8359016,shared_auditory_relay,0.19349960533636615,2.1788585488705268,0.22622899612012365,0.25459458346452585,0.9545878945164709,2.1819825311538428,2.7883703150561088,0.020087104223952133,0.01436570386806156,0.05345013026761099,0.10063690740334255,0.20318227015084267,1.0,0.3250907647856898,2.341970394925243,2.8488083612233943,True,0.5173249375375882,0.05345013026761099,0.8611688011167027,0.05730137564770328,1.031850191384259,0.9745488157365557,1.0,,,,,4.549706219614258e-05,-1.632550185468037,0.16709912998889917,0.07142857142857142,30.913432789027162,0.9735590520688607
parameter_G100,G100,"High AD-like perturbation, G100",1.0,11,2Hz,100.0,0.02,0.5,ac884c60d8359016,anterior_temporal_context,0.43410901361616266,5.6987792737946705,0.25225641679154714,0.5253237354124776,1.544244086384417,4.3673756316928465,9.398226231821177,0.018262035253713296,0.023098035335470588,0.07341420585766342,0.36315963855084055,0.4015153148102656,1.0,0.6183090732266249,6.1439824609802,3.312774016307023,True,0.6747169595290932,0.07341420585766342,0.15746364511067767,0.024253221985269097,0.19308241685039987,0.16882919486513076,1.0,,,,,7.527929985046145e-05,-2.546006408871844,0.16029994564059882,0.05555555555555555,30.913432789027162,0.9735590520688607
parameter_G100,G100,"High AD-like perturbation, G100",1.0,11,2Hz,100.0,0.02,0.5,ac884c60d8359016,hippocampal_context,0.1279084398029739,1.6169156628419055,0.04747413776409218,0.08917546084690131,0.827288376690087,1.7031599644718634,1.9757030671039604,0.0020103667435772956,0.0022591463165332953,0.029477687867600903,0.08394688389737458,0.09845589949204928,1.0,0.16138957647493885,1.7442724440437904,3.4340060886486676,True,0.7506792211930977,0.029477687867600903,1.1011735697665004,0.06297208393116074,1.31029526310518,1.2473231791740194,1.0,,,,,0.00011333993339668336,-4.213937043148442,0.12048161448267053,0.0,30.913432789027162,0.9735590520688607
parameter_G100,G100,"High AD-like perturbation, G100",1.0,11,2Hz,100.0,0.02,0.5,ac884c60d8359016,angular_parietal_context,0.16380479501857956,2.007147994202611,0.06782630332505833,0.13031060089961327,0.8714855494201124,2.1013821017964935,2.4277817576785172,0.002922579487213828,0.003056809887286866,0.04708740860901317,0.21046452364195514,0.19918078274468004,1.0,0.18599851435180945,2.1648561856756277,3.540908184871221,True,0.7167306141787796,0.04708740860901317,0.7924093327959003,0.06342207553896285,0.9267584919676273,0.8633364164286644,1.0,,,,,0.00012230005696795,-0.2707396183950238,0.18119088645913636,0.16666666666666666,30.913432789027162,0.9735590520688607
parameter_G100,G100,"High AD-like perturbation, G100",1.0,11,5Hz,100.0,0.02,0.5,ac884c60d8359016,semantic_expanded,0.30784136492037384,2.2544862920976096,0.08929776528851,0.3567558398436965,1.049753160895806,2.117345971278928,2.7023202505845547,0.006062551780187118,0.011573846532248291,0.07197955538811873,0.25982922052593777,0.44874740688636733,1.0,0.3868348309628822,2.36768701436095,2.6136887756872786,True,0.6204054811817553,0.07197955538811873,0.3978942075018423,0.019962201720554584,0.458056643676123,0.4380944419555684,1.0,,,,,0.0004978472872316786,0.03377070503219422,0.13590852163018743,0.07692307692307693,28.015352934261465,0.8659294309036016
parameter_G100,G100,"High AD-like perturbation, G100",1.0,11,5Hz,100.0,0.02,0.5,ac884c60d8359016,episodic_expanded,0.24124635282022105,1.890873140570373,0.04608490644131807,0.10766823213562483,1.193644658295825,2.0299925420997726,1.961072280669343,0.004764430277582574,0.00444423952200758,0.06957115673835772,0.13120691514872804,0.29321636090257114,1.0,0.21504502091956493,1.9880822705836392,3.2086668264659743,True,0.7529609519534444,0.06957115673835772,1.0079299279952143,0.09124632712325328,1.1698310047254004,1.078584677602147,1.0,,,,,0.0001063724635026464,2.1681276828739486,0.14034618914997687,0.3157894736842105,28.015352934261465,0.8659294309036016
parameter_G100,G100,"High AD-like perturbation, G100",1.0,11,5Hz,100.0,0.02,0.5,ac884c60d8359016,semantic_anatomical_core,0.2612982141060255,2.007621180274393,0.08439253917215249,0.2048918679035991,0.9061383609419797,1.9189145061531663,2.37604708553026,0.004557498682630785,0.009901881811595391,0.05675229264175309,0.22764360976579587,0.3947721702816153,1.0,0.2765318959467747,2.110051103388693,2.9317601404583327,True,0.6428982057294578,0.05675229264175309,0.5702097932422685,0.029256086536273727,0.6511120880979253,0.6218560015616516,1.0,,,,,0.00037968812691785425,1.5833357963188817,0.13446972160567983,0.1,28.015352934261465,0.8659294309036016
parameter_G100,G100,"High AD-like perturbation, G100",1.0,11,5Hz,100.0,0.02,0.5,ac884c60d8359016,episodic_anatomical_core,0.24783567281004315,1.8711721258902025,0.04504637644748587,0.10506811577454968,1.1767685470330669,2.0255927865035037,1.9178082966236933,0.004780662493959487,0.004318329630700845,0.0671529800489968,0.125811213710055,0.26444855110214716,1.0,0.21460961182445776,1.9673381014762323,3.1964583193092224,True,0.7546377314039091,0.0671529800489968,1.0345958860828128,0.09541283746803092,1.195851614052921,1.10043877658489,1.0,,,,,0.00010391619861160883,2.0567687383135596,0.15370469580791649,0.375,28.015352934261465,0.8659294309036016
parameter_G100,G100,"High AD-like perturbation, G100",1.0,11,5Hz,100.0,0.02,0.5,ac884c60d8359016,semantic_platel_peaks,0.33659395821807525,2.0798080063457665,0.08559710530575902,0.4658608282243311,0.9774565981946142,1.7938206834152535,2.682647325626239,0.006704870067633537,0.0124472599103982,0.10544367942874337,0.3161380041540454,0.458239941852258,1.0,0.4641946557716103,2.1821508819262796,2.2329490400624814,True,0.5942483958270638,0.10544367942874337,0.21660035022827784,0.012527710516959643,0.26482754096743083,0.25229983045047116,1.0,,,,,0.0016661779473851057,-1.9484880200273702,0.19318876685920017,0.0,28.015352934261465,0.8659294309036016
parameter_G100,G100,"High AD-like perturbation, G100",1.0,11,5Hz,100.0,0.02,0.5,ac884c60d8359016,episodic_platel_peaks,0.20923750017789744,1.6245483669641798,0.047240495084779316,0.11065410898820945,1.0055640738441307,1.667437910734765,1.8067307124683136,0.004454667770902002,0.003708763800459105,0.05211869056231261,0.1168364659579784,0.26018737745912945,1.0,0.21438112842864723,1.7044781508491553,2.9910802874171445,True,0.721396565444887,0.05211869056231261,0.9490962978713273,0.07662681839438995,1.126868505930478,1.050241687536088,1.0,,,,,0.0001128305624281678,2.7857319738993036,0.09266463414213577,0.0,28.015352934261465,0.8659294309036016
parameter_G100,G100,"High AD-like perturbation, G100",1.0,11,5Hz,100.0,0.02,0.5,ac884c60d8359016,semantic_expanded_left,0.18958534080473374,1.4684374704557253,0.07603921396829795,0.13201215039881287,0.6931790888718438,1.502328613787769,1.613126151736634,0.007927629071034802,0.010215532893526481,0.08053714338322368,0.19073617443993912,0.38601546900000466,1.0,0.18954834907765697,1.5467555343938155,3.0286073998839482,True,0.6161200732827855,0.08053714338322368,0.3787607252643753,-0.007809564890983623,0.434515508425205,0.4423250733161886,1.0,,,,,0.0016661779473851057,3.1329008876055693,0.19318876685920017,0.14285714285714285,28.015352934261465,0.8659294309036016
parameter_G100,G100,"High AD-like perturbation, G100",1.0,11,5Hz,100.0,0.02,0.5,ac884c60d8359016,episodic_expanded_left,0.30441292749221704,2.357837095016219,0.05057536723672963,0.11980304202174992,1.5480625369949632,2.5689571738127546,2.3779614013773873,0.005128151370323168,0.005681612727787541,0.108218670618706,0.1732267012548459,0.4451213532298974,1.0,0.2203767180571097,2.4844852646477777,3.494903263410642,True,0.7766369793688519,0.108218670618706,1.08408961773723,0.10027226573706516,1.2637764298307226,1.1635041640936574,1.0,,,,,0.00011067042960610785,2.0567687383135596,0.17579490056776767,0.5,28.015352934261465,0.8659294309036016
parameter_G100,G100,"High AD-like perturbation, G100",1.0,11,5Hz,100.0,0.02,0.5,ac884c60d8359016,semantic_expanded_right,0.44580672638862073,3.4613039666432814,0.10486813933724196,0.9641137492123285,1.589750349515336,2.984136706807366,4.526945849125143,0.004636258048669317,0.01311276904966177,0.06433126600006146,0.35395081209608176,0.5216740036582225,1.0,0.7894618295238983,3.6243230900547427,2.198770151490609,True,0.6246908890807252,0.06433126600006146,0.41702768973930926,0.04773396833209279,0.4815977789270409,0.4338638105949481,1.0,,,,,0.0003723351703870392,-3.1957375267371946,0.09881655275149798,0.0,28.015352934261465,0.8659294309036016
parameter_G100,G100,"High AD-like perturbation, G100",1.0,11,5Hz,100.0,0.02,0.5,ac884c60d8359016,episodic_expanded_right,0.19530702578604214,1.5163902719521303,0.04199314246724137,0.09676255306694317,0.9203682255911296,1.6041021481353268,1.6172695182445151,0.00442650659676511,0.0034763483319401535,0.044725608088152756,0.09937991347834395,0.19315144887363297,1.0,0.20984231651145693,1.5908611618066224,2.9224303895213057,True,0.7292849245380367,0.044725608088152756,0.9317702382531987,0.08222038850944142,1.075885579620078,0.9936651911106364,1.0,,,,,0.0001063724635026464,2.4975395544943484,0.12688336404426415,0.18181818181818182,28.015352934261465,0.8659294309036016
parameter_G100,G100,"High AD-like perturbation, G100",1.0,11,5Hz,100.0,0.02,0.5,ac884c60d8359016,shared_auditory_relay,0.291660006060184,1.9950046882416368,0.15276035081993464,0.28620473373905786,1.1391384107264257,2.0119705114515023,2.2386260503976123,0.012023433135636547,0.02948850626373716,0.10699720576852523,0.2319400088200687,0.5364706067322841,1.0,0.3649828738798963,2.0923950394123647,2.5192545798337185,True,0.5280016371643882,0.10699720576852523,0.9902585556054742,0.11260635267300098,1.1506807044942298,1.0380743518212288,1.0,,,,,0.00010090294878317696,2.1611715883693305,0.1927491324145254,0.42857142857142855,28.015352934261465,0.8659294309036016
parameter_G100,G100,"High AD-like perturbation, G100",1.0,11,5Hz,100.0,0.02,0.5,ac884c60d8359016,anterior_temporal_context,0.5749942476300856,4.457292745319211,0.21655783167199272,0.6185907764244828,1.9656634567440028,3.9720973528525527,5.526618016506805,0.016855461790702637,0.04880832809980799,0.17125513602105563,0.76520228407514,1.519630284900771,1.0,0.8014991419448686,4.679503425456935,2.5455825625629496,True,0.6014994526280879,0.17125513602105563,0.1983701722617497,-0.023379053429545018,0.2342895213254425,0.2576685747549875,1.0,,,,,0.00022405001790626322,1.230020509257817,0.1774785138642678,0.2777777777777778,28.015352934261465,0.8659294309036016
parameter_G100,G100,"High AD-like perturbation, G100",1.0,11,5Hz,100.0,0.02,0.5,ac884c60d8359016,hippocampal_context,0.22531916172944297,1.685936259962714,0.049359276469395086,0.12044947243349309,0.9508386257530886,1.727632433716553,1.8916514818461547,0.004711202309463135,0.003511620108435477,0.04545945431317227,0.10458873282468034,0.1849767641345356,1.0,0.24105834156259198,1.7721414909720863,2.8780395372564986,True,0.7181329416932467,0.04545945431317227,1.2933067566353265,0.11825694583704237,1.5013045842404769,1.3830476384034345,1.0,,,,,9.924095737962046e-05,2.229991547107148,0.20440938664385272,0.5,28.015352934261465,0.8659294309036016
parameter_G100,G100,"High AD-like perturbation, G100",1.0,11,5Hz,100.0,0.02,0.5,ac884c60d8359016,angular_parietal_context,0.27246518100831596,2.0056934039914314,0.06966362735481622,0.1582314739925784,1.0334835219979701,2.1655683968326156,2.100557093941235,0.006237074360135857,0.004881221344468549,0.06852896805298869,0.178686512536197,0.26721455083100887,1.0,0.2634115481959814,2.1080912981626065,3.0005468480873074,True,0.6801541212446113,0.06852896805298869,0.92229240936975,0.09244083553805352,1.0410975173673875,0.948656681829334,1.0,,,,,0.0001308286002036363,2.581334490976661,0.21144942657389676,0.6666666666666666,28.015352934261465,0.8659294309036016
parameter_G100,G100,"High AD-like perturbation, G100",1.0,23,2Hz,100.0,0.02,0.5,ac884c60d8359016,semantic_expanded,0.326829031881647,2.7402261359452305,0.17134276197178044,0.6654462962034029,1.5021093745474572,2.4028808713575986,3.1593052685238066,0.004967709327987617,0.01160358747172943,0.048869275059981954,0.1893094028630454,0.27766231487592424,1.0,0.6004946391417789,2.8524120074316275,2.247959110674903,True,0.5130835679813612,0.048869275059981954,0.2836177298255318,0.07011478457514575,0.3215899628181801,0.25147517824303434,1.0,,,,,8.104479797754749e-05,-1.6148814350944094,0.43916381819462347,0.23076923076923078,31.383066889591777,0.8240853855660261
parameter_G100,G100,"High AD-like perturbation, G100",1.0,23,2Hz,100.0,0.02,0.5,ac884c60d8359016,episodic_expanded,0.18116680743600008,1.7480625641664562,0.12375198451875419,0.40375024800207954,1.13642944622421,1.731179305823523,1.8980847868027022,0.0031863503558148465,0.005184240143585344,0.03945436096767444,0.127140149199971,0.1795545540621187,1.0,0.4176124034458144,1.819506897444584,2.1233110532698793,True,0.4989130926374826,0.03945436096767444,1.0870754594689718,0.17519666222992025,1.2384853638036166,1.0632887015736965,1.0,,,,,1.382828500906541e-05,-7.156708779523444,0.7164119866034475,0.0,31.383066889591777,0.8240853855660261
parameter_G100,G100,"High AD-like perturbation, G100",1.0,23,2Hz,100.0,0.02,0.5,ac884c60d8359016,semantic_anatomical_core,0.30694105647728076,2.670072691620341,0.1581882160367857,0.5487572112265984,1.477720063633727,2.266135125762157,3.118058005726942,0.003853570824786135,0.01229551340398703,0.05614897606605705,0.17790172739232848,0.2631800950110527,1.0,0.4856833939106935,2.780965264972896,2.5174976602672783,True,0.5323930724566744,0.05614897606605705,0.4706302792685237,0.10914857298267247,0.5252637768969464,0.4161152039142739,1.0,,,,,7.452370765681504e-05,-1.5621755355173952,0.5212192799010869,0.3,31.383066889591777,0.8240853855660261
parameter_G100,G100,"High AD-like perturbation, G100",1.0,23,2Hz,100.0,0.02,0.5,ac884c60d8359016,episodic_anatomical_core,0.18944295171765713,1.7533937628860972,0.12385265628526225,0.39631241315294535,1.1381114857030392,1.7378158457126782,1.9037010616802539,0.0027593366433091744,0.005322649616905398,0.039353522130803675,0.1202923367585983,0.16535144662083126,1.0,0.4089009766564534,1.82530243725127,2.1583121123787095,True,0.5008392808646367,0.039353522130803675,1.1248680507204634,0.1792271624798619,1.2780626708219256,1.0988355083420638,1.0,,,,,9.358523222147141e-06,-6.978841483709865,0.7195455570506886,0.0,31.383066889591777,0.8240853855660261
parameter_G100,G100,"High AD-like perturbation, G100",1.0,23,2Hz,100.0,0.02,0.5,ac884c60d8359016,semantic_platel_peaks,0.29223773341706344,2.445260487740835,0.14327152203115234,0.646545478981292,1.1648257117840217,2.224385826061623,2.774519972826368,0.006162935708793231,0.009894127712633354,0.02686717955046398,0.1724621839991016,0.2645167819445665,1.0,0.6546744544607029,2.5433198854122865,1.9578633371785892,True,0.5166706053297059,0.02686717955046398,0.07145425298202068,0.01760650084684279,0.09053582026955223,0.07292931942270944,1.0,,,,,4.993296106770018e-05,-2.1132134053651996,0.18421989484708354,0.0,31.383066889591777,0.8240853855660261
parameter_G100,G100,"High AD-like perturbation, G100",1.0,23,2Hz,100.0,0.02,0.5,ac884c60d8359016,episodic_platel_peaks,0.14103747929759636,1.5265650264051231,0.10993221875201264,0.38968383157711695,0.98955263368874,1.564240852517686,1.6515801792296863,0.004026449924435378,0.0042777593486582974,0.030806345825657715,0.11905131940237147,0.18376377779618414,1.0,0.3886449822454341,1.6011801492535471,2.0426108400452514,True,0.49117041780490284,0.030806345825657715,0.9027215783463145,0.1537331839050086,1.0695599972222638,0.9158268133172552,1.0,,,,,2.2695293363961255e-05,-7.396028079073706,0.6771558513463014,0.0,31.383066889591777,0.8240853855660261
parameter_G100,G100,"High AD-like perturbation, G100",1.0,23,2Hz,100.0,0.02,0.5,ac884c60d8359016,semantic_expanded_left,0.1549647841377174,1.315538398469413,0.1031301478893473,0.3600716057749041,1.0669363179708273,1.1600218926650496,1.4749241272964115,0.004827669297518719,0.01127535802929245,0.05098009449599963,0.1589364015787761,0.2455093337682284,1.0,0.37508045257443606,1.357050459592901,1.855202382289306,True,0.4682000846524651,0.05098009449599963,0.3973086363176165,0.0764616844364449,0.44707480016451057,0.37061311572806566,1.0,,,,,0.00010531565280880173,-3.024730605575687,0.3062647525494217,0.0,31.383066889591777,0.8240853855660261
parameter_G100,G100,"High AD-like perturbation, G100",1.0,23,2Hz,100.0,0.02,0.5,ac884c60d8359016,episodic_expanded_left,0.2387384112031554,2.0267156107430013,0.14056330442109932,0.44758512987690685,1.2820830007744537,1.9431376537289613,2.2058346183178834,0.003795380764287322,0.005657704404710807,0.04999385367817123,0.17604535519447326,0.241229366782962,1.0,0.4916660170788684,2.0924800028258295,2.0894632877882864,True,0.5031109759416141,0.04999385367817123,1.2420931918338334,0.19610761544950428,1.400927926537317,1.2048203110878126,1.0,,,,,1.2139049665405022e-05,-5.150714847640208,0.7905998477666072,0.0,31.383066889591777,0.8240853855660261
parameter_G100,G100,"High AD-like perturbation, G100",1.0,23,2Hz,100.0,0.02,0.5,ac884c60d8359016,semantic_expanded_right,0.5273373209162315,5.707806997388768,0.2846727429463015,1.2298075328040492,2.114777175637437,4.977351305561453,6.767269986977698,0.005111811610637669,0.01194137178298766,0.046845853631667454,0.22548673341267175,0.31402619166829426,1.0,0.9613772436366945,5.995542908979895,2.6407158390605,True,0.5579670513102573,0.046845853631667454,0.16992682333344714,0.06376788471384662,0.19610512547184963,0.13233724075800302,1.0,,,,,5.8967789201891385e-05,-0.33675008168045595,0.5212192799010869,0.5,31.383066889591777,0.8240853855660261
parameter_G100,G100,"High AD-like perturbation, G100",1.0,23,2Hz,100.0,0.02,0.5,ac884c60d8359016,episodic_expanded_right,0.1392965501507961,1.5077215135871809,0.1089512923405006,0.3642083971971372,1.0073231494882464,1.5423414718768294,1.633271065733483,0.002675048755459414,0.004750397677896279,0.03113675951824515,0.09182075562706103,0.13364806414076863,1.0,0.35471257612627316,1.5821443193614975,2.1571588187514723,True,0.4947152093333511,0.03113675951824515,0.9320577271041103,0.15428570901033625,1.0760428010699163,0.9217570920595801,1.0,,,,,1.382828500906541e-05,-7.408915835766232,0.6838430596204869,0.0,31.383066889591777,0.8240853855660261
parameter_G100,G100,"High AD-like perturbation, G100",1.0,23,2Hz,100.0,0.02,0.5,ac884c60d8359016,shared_auditory_relay,0.29785954494453415,2.3687109575313814,0.32421775762630817,0.4191241063681693,1.5010112943766696,2.259103398440302,2.5531203130704343,0.018694364459869727,0.012060871225900023,0.06510841047997921,0.44761270220040317,0.37115497346359344,1.0,0.49857357105774924,2.4657586296315745,2.3061532688542727,True,0.4192376957707977,0.06510841047997921,1.0301561946030044,0.1529043223451873,1.1814335827397757,1.0285292603945884,1.0,,,,,5.419819744945098e-06,-5.110326468658799,0.7139457209742879,0.07142857142857142,31.383066889591777,0.8240853855660261
parameter_G100,G100,"High AD-like perturbation, G100",1.0,23,2Hz,100.0,0.02,0.5,ac884c60d8359016,anterior_temporal_context,0.5154314374931573,4.923792388970447,0.4295703901494423,1.1622224473147413,2.862532127385889,4.018864953243964,5.790229257794609,0.01811661528428713,0.018764949285353792,0.0815319029397355,0.3611845431465886,0.41943981229304184,1.0,1.2003355008491818,5.1229858832580035,2.093547212383967,True,0.46476049502112127,0.0815319029397355,0.1501385199672553,0.0183298550997596,0.18092357786752478,0.16259372276776518,1.0,,,,,6.967059868145942e-05,-2.811450579034984,0.36746930618838947,0.16666666666666666,31.383066889591777,0.8240853855660261
parameter_G100,G100,"High AD-like perturbation, G100",1.0,23,2Hz,100.0,0.02,0.5,ac884c60d8359016,hippocampal_context,0.17101759783874398,1.6172289020538886,0.1154899850724523,0.3759034445345898,1.0427047687997801,1.62093172430981,1.7502203649261983,0.0022273784748135478,0.0052649404747601635,0.029616889752715224,0.11847623048002781,0.13806753310836706,1.0,0.4196882926543603,1.682750014950591,2.003430745055189,True,0.49758915643936685,0.029616889752715224,1.3385025431149142,0.21655160085770242,1.524363099271327,1.3078114984136247,1.0,,,,,1.368735161771939e-05,-5.381717559858725,0.7148871578718288,0.0,31.383066889591777,0.8240853855660261
parameter_G100,G100,"High AD-like perturbation, G100",1.0,23,2Hz,100.0,0.02,0.5,ac884c60d8359016,angular_parietal_context,0.21387815527269363,1.9910303352161154,0.1562767594558559,0.3814928660453951,1.3976606951070454,2.0854887412945526,2.0798506253727322,0.004818924591973549,0.010119268588854112,0.05952325335331592,0.1856370249042261,0.23701137484386264,1.0,0.49881112058365606,2.071901711216644,2.0543900304124145,True,0.49596335373874134,0.05952325335331592,0.9237368501961118,0.14495320377181284,1.0152019605752953,0.8702487568034825,1.0,,,,,6.031993994293217e-06,-4.271195861894482,0.7040092747788242,0.16666666666666666,31.383066889591777,0.8240853855660261
parameter_G100,G100,"High AD-like perturbation, G100",1.0,23,5Hz,100.0,0.02,0.5,ac884c60d8359016,semantic_expanded,0.34525655144431333,2.2718239244957483,0.11177943682692566,0.3725383838771201,2.143319789879498,1.949768986046664,2.8269014368659042,0.005853879652245443,0.023468876914776508,0.14246054283664303,0.20367582319940492,0.5262605224763436,1.0,0.6203541694265293,2.3637885774143115,1.9299369914976956,True,0.5854415974063658,0.14246054283664303,0.3167672122266973,0.06693106469316404,0.35797366032866634,0.2910425956355023,1.0,,,,,0.0006532066023856586,4.679111764629816,0.19930774899985645,0.3076923076923077,30.41395827024705,0.8422418196510645
parameter_G100,G100,"High AD-like perturbation, G100",1.0,23,5Hz,100.0,0.02,0.5,ac884c60d8359016,episodic_expanded,0.26354050102774346,1.8926078079221396,0.06716002594389447,0.2817255265563948,1.1762196313988713,1.8166989916248213,2.1590100542848525,0.0037308197282448574,0.010914885231013574,0.09678533692900802,0.1343461832654565,0.310909572011115,1.0,0.3018605442815741,1.973490607470698,2.7087955510786133,True,0.6351101966697379,0.09678533692900802,1.078547111549677,0.1261667069708011,1.234704656119057,1.108537949148256,1.0,,,,,9.641212300115498e-05,3.989865508216601,0.24738682589794123,0.7894736842105263,30.41395827024705,0.8422418196510645
parameter_G100,G100,"High AD-like perturbation, G100",1.0,23,5Hz,100.0,0.02,0.5,ac884c60d8359016,semantic_anatomical_core,0.26442127143570654,1.86874169809019,0.10053798783396395,0.32770452981425263,1.4823548993311726,1.540894074135452,2.4318681516636187,0.003635702272240719,0.017791995148840018,0.14183776452062796,0.20796174159785144,0.5713445534744582,1.0,0.5351340464433229,1.943476495440855,1.8606674352074108,True,0.5712902471791661,0.14183776452062796,0.4994012549616632,0.09582388825984559,0.5576180484650317,0.46179416020518615,1.0,,,,,0.0005895419861597362,4.698678946349164,0.20110938619214075,0.3,30.41395827024705,0.8422418196510645
parameter_G100,G100,"High AD-like perturbation, G100",1.0,23,5Hz,100.0,0.02,0.5,ac884c60d8359016,episodic_anatomical_core,0.2775046534658525,1.9329962133741887,0.06758990442817726,0.2782696479538854,1.166513069308023,1.8036167519643758,2.2542971833959844,0.0037450430875421432,0.010325401190748753,0.09561004455642885,0.12580603594304968,0.2752889267067484,1.0,0.2952808539177874,2.0157988743077313,2.7711919816583848,True,0.6407894810272374,0.09561004455642885,1.1035621046425748,0.13221040677639484,1.2603804099286267,1.1281700031522317,1.0,,,,,9.106792901925065e-05,3.6051649069301837,0.24356836349656197,0.75,30.41395827024705,0.8422418196510645
parameter_G100,G100,"High AD-like perturbation, G100",1.0,23,5Hz,100.0,0.02,0.5,ac884c60d8359016,semantic_platel_peaks,0.4174882872898979,2.0755541011654985,0.11767046759525382,0.35442955243040153,2.3334991873897337,1.92471685045544,2.393195780171997,0.008907375448726426,0.03202503675390761,0.12647861020922507,0.1928719625654673,0.5073490079713783,1.0,0.552406546328637,2.160240678394757,1.9673897344335338,True,0.5566651942904228,0.12647861020922507,0.09024025141561204,0.03904460185013732,0.11242272191876106,0.07337812006862374,1.0,,,,,0.0013330759432945705,4.679111764629816,0.24981520426631532,0.6,30.41395827024705,0.8422418196510645
parameter_G100,G100,"High AD-like perturbation, G100",1.0,23,5Hz,100.0,0.02,0.5,ac884c60d8359016,episodic_platel_peaks,0.19718719174711608,1.5141761704868324,0.05514730875370174,0.23556706598971913,0.9631905931245075,1.6205632222127448,1.564399042360865,0.0024624431394668867,0.009773886595825069,0.06134283613002747,0.08180816581319264,0.34701540288088883,1.0,0.28913994217514105,1.5864587347599939,2.45597017242753,True,0.621731703825849,0.06134283613002747,0.9777090145677272,0.11810495898815031,1.1533603660977236,1.0352554071095734,1.0,,,,,0.00013371785414723059,3.4966633916154093,0.33593579200812607,1.0,30.41395827024705,0.8422418196510645
parameter_G100,G100,"High AD-like perturbation, G100",1.0,23,5Hz,100.0,0.02,0.5,ac884c60d8359016,semantic_expanded_left,0.19754540339736137,1.2985806391301253,0.06345705416357542,0.2775279869640684,1.03916719651122,1.0695039779760551,1.6580692705223345,0.006741708607914121,0.019685649216619316,0.1756852167067656,0.17049286414391124,0.5579507438316192,1.0,0.32252067955016817,1.345281459667643,2.060444472798384,True,0.5680698260185448,0.17049286414391124,0.33916797128722004,0.07733391815195904,0.38710265390667187,0.3097687357547128,1.0,,,,,0.0013330759432945705,4.718246128068511,0.19930774899985645,0.42857142857142855,30.41395827024705,0.8422418196510645
parameter_G100,G100,"High AD-like perturbation, G100",1.0,23,5Hz,100.0,0.02,0.5,ac884c60d8359016,episodic_expanded_left,0.33215425082966843,2.1834427524722653,0.0793152328612259,0.35971265777097544,1.5565624945889645,2.194209747579971,2.382109157137302,0.00568898118703808,0.0156696898538843,0.1667121018918536,0.24144550118396707,0.39858793214419946,1.0,0.35039540919926565,2.264878322490061,2.692377767208774,True,0.621289005016404,0.1667121018918536,1.2034650424856594,0.12251346598717033,1.36958066279234,1.2470671968051696,1.0,,,,,9.770388268781627e-05,4.728982167344474,0.23265320307365528,0.625,30.41395827024705,0.8422418196510645
parameter_G100,G100,"High AD-like perturbation, G100",1.0,23,5Hz,100.0,0.02,0.5,ac884c60d8359016,semantic_expanded_right,0.5175862241657573,3.9744808973654226,0.1968991889402367,0.5000751418981936,4.420674302568302,3.55454414124166,4.819685085434957,0.0050829706497171915,0.02797917292846683,0.11551914637863463,0.24331716851761717,0.49637022726266555,1.0,1.1932236285178022,4.153403288628378,1.7994295101970075,True,0.6028133687941869,0.11551914637863463,0.29436645316617455,0.05652821123436904,0.3288446667506608,0.2723164555162918,1.0,,,,,0.0004789122645144084,0.1965439872466873,0.1932770671540003,0.16666666666666666,30.41395827024705,0.8422418196510645
parameter_G100,G100,"High AD-like perturbation, G100",1.0,23,5Hz,100.0,0.02,0.5,ac884c60d8359016,episodic_expanded_right,0.2136395920808889,1.6405121272596064,0.056867627088434985,0.2206463147705281,0.8888127692254532,1.5041384397324373,1.9568055479476114,0.0024466623086000835,0.007602876682123123,0.056189090882785786,0.07475350283807293,0.24251803472354944,1.0,0.26004846468222265,1.7195913524807716,2.725213334948452,True,0.6489313883230716,0.056189090882785786,0.9536291806136945,0.12981994795443186,1.0998286494457745,0.9700087014913427,1.0,,,,,8.572373503734632e-05,3.065002442790062,0.2928116532893509,0.9090909090909091,30.41395827024705,0.8422418196510645
parameter_G100,G100,"High AD-like perturbation, G100",1.0,23,5Hz,100.0,0.02,0.5,ac884c60d8359016,shared_auditory_relay,0.3457809132052501,2.1695190179381445,0.24413694896922902,0.34258325920749616,1.9238658928014998,2.2501341058540447,2.0111408482532593,0.009976056354774296,0.021747542214857033,0.13521295105996128,0.47419697462823707,0.48909025509360593,1.0,0.451238800878259,2.2602459397865418,2.324516730512477,True,0.43999937752081203,0.13521295105996128,1.0039547100821125,0.12821342459719914,1.1533100521940893,1.0250966275968902,1.0,,,,,9.466995195639427e-05,2.3471188076849883,0.2111856066341801,0.5,30.41395827024705,0.8422418196510645
parameter_G100,G100,"High AD-like perturbation, G100",1.0,23,5Hz,100.0,0.02,0.5,ac884c60d8359016,anterior_temporal_context,0.6317350676387454,4.487652498440762,0.22265702387142727,0.575212952304297,5.21200336141988,4.420656660848465,4.378553281710882,0.022022738407267886,0.04404542170052851,0.3345512368432777,0.7395443978344396,1.353082721194046,1.0,1.1060369392477338,4.669436064701149,2.0778487545772326,True,0.5768605550009844,0.3345512368432777,0.14698608352341364,0.015179799416156929,0.1773479532630359,0.16216815384687897,1.0,,,,,0.0006560161843547907,1.8165872324293428,0.2184359568778313,0.4444444444444444,30.41395827024705,0.8422418196510645
parameter_G100,G100,"High AD-like perturbation, G100",1.0,23,5Hz,100.0,0.02,0.5,ac884c60d8359016,hippocampal_context,0.23973077502408996,1.6612787338618689,0.05313210504520527,0.22678850063417327,1.0716365275753528,1.7940701187605947,1.673007942077017,0.002458764934971006,0.008959065329950068,0.0778453084930591,0.027220719408523473,0.26280543231133546,1.0,0.28475204221668315,1.7321526103643077,2.6047879495613375,True,0.6468625052741892,0.027220719408523473,1.3370499959562696,0.16869114150013093,1.53430156166141,1.365610420161279,1.0,,,,,0.00011324775149562649,3.878841514196944,0.18081639685556472,0.5,30.41395827024705,0.8422418196510645
parameter_G100,G100,"High AD-like perturbation, G100",1.0,23,5Hz,100.0,0.02,0.5,ac884c60d8359016,angular_parietal_context,0.28682277790000693,1.9643807445384884,0.08423058812911084,0.24633939093550414,1.2020112562297804,1.8706558575921752,2.257225411146688,0.0036130098923262935,0.013875675863592021,0.10412894638542758,0.10132403679002847,0.245764090500841,1.0,0.30197790239990585,2.0484066625808275,2.7619872691079213,True,0.6206474909552381,0.10132403679002847,0.8598283989889912,0.1191001793032771,0.9466252490403582,0.8275250697370811,1.0,,,,,9.352287642505619e-05,3.301910757373456,0.12020405155538427,0.16666666666666666,30.41395827024705,0.8422418196510645
parameter_G100,G100,"High AD-like perturbation, G100",1.0,37,2Hz,100.0,0.02,0.5,ac884c60d8359016,semantic_expanded,0.2153434067661561,2.389372561582166,0.10543219290490037,0.3273332381983633,1.587279142219351,1.9056547893976203,2.6058723891913975,0.0025128376501257115,0.011559781778993642,0.03369597779633147,0.10552495196827774,0.36226886515521955,1.0,0.8659623579953866,2.521040818416486,1.5416432574292132,True,0.5898106475113835,0.03369597779633147,0.35572418669652595,0.06071510474980403,0.41875566150555776,0.35804055675575375,1.0,,,,,0.0013827582839726071,0.006912212132777014,0.19138313354654782,0.23076923076923078,28.51173617962853,0.9462248379738812
parameter_G100,G100,"High AD-like perturbation, G100",1.0,37,2Hz,100.0,0.02,0.5,ac884c60d8359016,episodic_expanded,0.15386149351881384,1.839595899770214,0.06371168553056507,0.2096695910178809,0.8511874055334491,2.1471868959633564,1.9095139084169983,0.0017115374383397462,0.004810799648541902,0.02350616038172313,0.05581513593600281,0.1763826731896879,1.0,0.3529571896110496,1.9591384092585564,2.4726542108861898,True,0.6583632726972098,0.02350616038172313,0.9276118103402935,0.15536605773078035,1.097842799383324,0.9424767416525436,1.0,,,,,9.229303191948812e-05,-1.3456821574034974,0.15092499749629681,0.05263157894736842,28.51173617962853,0.9462248379738812
parameter_G100,G100,"High AD-like perturbation, G100",1.0,37,2Hz,100.0,0.02,0.5,ac884c60d8359016,semantic_anatomical_core,0.19094186453757844,2.243533530141271,0.09709670676080208,0.32710157244172866,1.4603623455104553,1.948635234538392,2.4386328159581683,0.001747539569310298,0.011442551581249566,0.029647394449585477,0.08085331273977446,0.3253386832628409,1.0,0.7808266417449143,2.3681055865654907,1.6006592242513165,True,0.5937833102564203,0.029647394449585477,0.4986090115052496,0.08677782195784899,0.5830978851505444,0.4963200631926954,1.0,,,,,0.0007844753198109067,0.07368676515660826,0.18258189196019145,0.2,28.51173617962853,0.9462248379738812
parameter_G100,G100,"High AD-like perturbation, G100",1.0,37,2Hz,100.0,0.02,0.5,ac884c60d8359016,episodic_anatomical_core,0.1554627409960665,1.8564987902083507,0.06320320639251084,0.20713885593159595,0.8365080645529133,2.189775662733772,1.924314052118338,0.0016481372218547776,0.004564091307316901,0.023264921000644204,0.058981672599957534,0.16521145569653642,1.0,0.3442726073516341,1.977228599198795,2.5218563792455058,True,0.6629259191760684,0.023264921000644204,0.9528689538580215,0.16279710100241618,1.1221307733673624,0.9593336723649463,1.0,,,,,8.345659326747246e-05,-1.0818902682831981,0.14558604880409987,0.0625,28.51173617962853,0.9462248379738812
parameter_G100,G100,"High AD-like perturbation, G100",1.0,37,2Hz,100.0,0.02,0.5,ac884c60d8359016,semantic_platel_peaks,0.21078522654171902,1.704049792279782,0.1080521209614257,0.2882442069619673,1.525518502031223,1.2807652053794927,1.8236165195833434,0.00188638760091548,0.009676123864247679,0.040370984184131924,0.13361220428333118,0.41748921619142326,1.0,0.8743087394572322,1.7873232580760485,1.0315858609081245,True,0.5152824337600695,0.040370984184131924,0.22009238103859008,0.028160454564783714,0.26595939929052664,0.23779894472574292,1.0,,,,,0.0017138014344851848,-0.2666796510841965,0.23359324799290346,0.4,28.51173617962853,0.9462248379738812
parameter_G100,G100,"High AD-like perturbation, G100",1.0,37,2Hz,100.0,0.02,0.5,ac884c60d8359016,episodic_platel_peaks,0.1434806006305326,1.6072422639794262,0.049781023822267415,0.16187057501633303,0.7421658243815746,1.5044696419021204,1.7430993949834341,0.0016330673328198624,0.005650793160068459,0.020502414704980723,0.034154522376224294,0.20824752630860233,1.0,0.2959444123332764,1.6925407140839415,2.5157924153429354,True,0.6738086292705406,0.020502414704980723,0.9675522510881297,0.1177208024002667,1.1510062205509188,1.0332854181506521,1.0,,,,,0.00011691105786632017,-1.9464913936569936,0.20506847717655793,0.0,28.51173617962853,0.9462248379738812
parameter_G100,G100,"High AD-like perturbation, G100",1.0,37,2Hz,100.0,0.02,0.5,ac884c60d8359016,semantic_expanded_left,0.12466409054001866,1.5870502236215152,0.07579009984463805,0.264319418202885,0.7579957610960159,1.8527500144257878,1.7070768993819485,0.0030226308726004846,0.00935820345751709,0.028990431081479934,0.0863125736643363,0.33154197509030975,1.0,0.3410808878039058,1.7087344032344618,2.324742347385328,True,0.589803178943871,0.028990431081479934,0.36210746003974803,0.06530851519727758,0.42420157258937685,0.35889305739209926,1.0,,,,,0.0017138014344851848,-0.9504416953112192,0.198898568995255,0.14285714285714285,28.51173617962853,0.9462248379738812
parameter_G100,G100,"High AD-like perturbation, G100",1.0,37,2Hz,100.0,0.02,0.5,ac884c60d8359016,episodic_expanded_left,0.15525767770323326,1.976525325380492,0.08221242885384576,0.2876352308784038,1.069691940707509,2.666149626927894,1.9825745576142644,0.0017593533357893201,0.0048321044738895294,0.027186469629616686,0.05923380354187835,0.18555455156773834,1.0,0.4833809433459883,2.128054151969013,2.138302360148769,True,0.6198097518998995,0.027186469629616686,0.8773149667508978,0.17926360822183535,1.0557453023029602,0.8764816940811249,1.0,,,,,6.666268904631512e-05,-0.4438281200594943,0.16130354744474518,0.125,28.51173617962853,0.9462248379738812
parameter_G100,G100,"High AD-like perturbation, G100",1.0,37,2Hz,100.0,0.02,0.5,ac884c60d8359016,semantic_expanded_right,0.3211359423633164,3.5973034457687376,0.1466675373633585,0.4053695697346876,3.3238379482249605,1.9600702458931487,3.977893972561298,0.002089025528432069,0.014279295741386628,0.039165299627993706,0.12901382747793594,0.3958434844489965,1.0,2.1985717531498192,3.719505381346256,0.7585441674730988,False,0.589818116078896,0.039165299627993706,0.34934091335330386,0.05612169430233047,0.4133097504217387,0.3571880561194082,1.0,,,,,0.0001632847180066399,0.31710312020992193,0.13608052301989637,0.3333333333333333,28.51173617962853,0.9462248379738812
parameter_G100,G100,"High AD-like perturbation, G100",1.0,37,2Hz,100.0,0.02,0.5,ac884c60d8359016,episodic_expanded_right,0.15284608683923612,1.7121526504093354,0.0493742725976613,0.1528371099164478,0.6773164981121171,1.729239619424196,1.8391456464697478,0.0016650210865825586,0.0047895887565075025,0.020324065000678085,0.05259377607504021,0.16766415665197495,1.0,0.2577238085469187,1.803630468275807,2.80700606162361,True,0.6969167934945202,0.020324065000678085,0.9779086539296891,0.13146850723972536,1.1399402964636876,1.0084717892239623,1.0,,,,,0.00011053614783962384,-1.7340766454707914,0.15092499749629681,0.0,28.51173617962853,0.9462248379738812
parameter_G100,G100,"High AD-like perturbation, G100",1.0,37,2Hz,100.0,0.02,0.5,ac884c60d8359016,shared_auditory_relay,0.19147412463759275,2.0382735159034446,0.20461546543446135,0.2961557577055359,1.1157569048351286,1.611918358910659,2.270913691489987,0.01616059823904343,0.019584723842138555,0.042019833282032015,0.09430488720346628,0.39129856727330803,1.0,0.6681477650059008,2.16079482727189,1.693322987275817,True,0.46944610964310823,0.042019833282032015,0.935657712146048,0.1578581003475069,1.1047332021463068,0.9468751017987999,1.0,,,,,6.727696467573319e-05,-1.489416204872938,0.1723217092201379,0.14285714285714285,28.51173617962853,0.9462248379738812
parameter_G100,G100,"High AD-like perturbation, G100",1.0,37,2Hz,100.0,0.02,0.5,ac884c60d8359016,anterior_temporal_context,0.3174224581809092,3.768485459251241,0.21853996053037006,0.4784135325375114,2.467037263065974,4.025594587764633,3.8556479542644553,0.01698777652137659,0.017517538110199734,0.08390478845265961,0.1742647719749885,0.41712498196224806,1.0,1.2894354797106957,3.9780408035691655,1.6253184883630407,True,0.5677440213098436,0.08390478845265961,0.15419409188614513,0.03491076137036879,0.18186164203815305,0.14695088066778428,1.0,,,,,0.0001022022503401332,-3.0631541160967037,0.12321978766919786,0.1111111111111111,28.51173617962853,0.9462248379738812
parameter_G100,G100,"High AD-like perturbation, G100",1.0,37,2Hz,100.0,0.02,0.5,ac884c60d8359016,hippocampal_context,0.13818514844380148,1.4970822724736215,0.04669711869601686,0.15284173975632875,0.7473315085559853,1.464199680779652,1.640696942192741,0.0007835724873282231,0.0038962189557552474,0.01737356623029038,0.03245536905097563,0.10401578154270293,1.0,0.3322823109383182,1.5944820788396408,2.262606484268902,True,0.6764832346006976,0.01737356623029038,1.2129289894828092,0.21417468169128107,1.4323312628449778,1.2181565811536967,1.0,,,,,5.458949636616417e-05,0.09130607983640848,0.07967436487472526,0.0,28.51173617962853,0.9462248379738812
parameter_G100,G100,"High AD-like perturbation, G100",1.0,37,2Hz,100.0,0.02,0.5,ac884c60d8359016,angular_parietal_context,0.19179633454705944,1.9276732561124554,0.06390737204914836,0.19484713531706485,0.8931727944843589,1.7881116915147899,2.1149453142414107,0.0016883885804411896,0.00641326305180727,0.025843406753061748,0.07267196801046508,0.12642733284427704,1.0,0.41222931495489534,2.0526566023472355,2.3159732847128516,True,0.6647505301408512,0.025843406753061748,0.8225089074498756,0.18605487600153697,0.9398935905736772,0.7538387145721401,1.0,,,,,0.00012677843980596348,0.5302357754867573,0.1773816163930968,0.3333333333333333,28.51173617962853,0.9462248379738812
parameter_G100,G100,"High AD-like perturbation, G100",1.0,37,5Hz,100.0,0.02,0.5,ac884c60d8359016,semantic_expanded,0.14183230053510754,2.009885722142077,0.08350291157207593,0.27483595079597317,1.2068631063632163,2.049961245014843,2.671886626884987,0.005727668441765128,0.01761510284230168,0.048690482322730724,0.10002427368995363,0.2614818030840313,1.0,0.6206170367686329,2.3587158691773698,1.9262264356213032,True,0.6449365479205854,0.048690482322730724,0.10224297640622504,0.015561121858797884,0.13585902096349403,0.12029789910469615,1.0,,,,,0.0005103861813288146,-0.4357906284899852,0.16663674850872462,0.07692307692307693,29.360472227505277,0.9530570510404037
parameter_G100,G100,"High AD-like perturbation, G100",1.0,37,5Hz,100.0,0.02,0.5,ac884c60d8359016,episodic_expanded,0.10251342005584002,1.4361690106366745,0.052043412244764733,0.19707246287185123,0.7235032645470754,1.3839042459891977,1.9961009225288364,0.0037828099423389905,0.013961048418508952,0.0504107024146636,0.07698947950054591,0.13451156234521291,1.0,0.27290344922304893,1.7385144478037793,2.671392522489197,True,0.6667298307857715,0.0504107024146636,0.477960320232409,0.11034157325239044,0.6193972498560243,0.5090556766036338,1.0,,,,,0.00043962714627920896,0.16331448276815852,0.09048246546338627,0.05263157894736842,29.360472227505277,0.9530570510404037
parameter_G100,G100,"High AD-like perturbation, G100",1.0,37,5Hz,100.0,0.02,0.5,ac884c60d8359016,semantic_anatomical_core,0.14224651780097822,2.0371061925360343,0.07247493708924166,0.2582605703489327,1.0816365741966296,2.1106012279471336,2.7556527669243476,0.005582328713993772,0.017664427205921793,0.0518770894733886,0.09505411261573189,0.2635991445606679,1.0,0.5407329797287918,2.427069348791371,2.1662270759672007,True,0.6764145483573503,0.0518770894733886,0.16529015376284006,0.03854400921163097,0.21220213994015713,0.17365813072852615,1.0,,,,,0.00046583908790570616,-0.2741453265800249,0.1422287119936866,0.1,29.360472227505277,0.9530570510404037
parameter_G100,G100,"High AD-like perturbation, G100",1.0,37,5Hz,100.0,0.02,0.5,ac884c60d8359016,episodic_anatomical_core,0.10924436558757679,1.432109233386067,0.050922705432279156,0.19898509926467842,0.7139022497935604,1.4063675069957509,1.9831275181841947,0.003731451685717808,0.013635961736788795,0.04949586817975154,0.07377943335526091,0.12553570645712211,1.0,0.2719783650006948,1.7336293540252337,2.672231687212807,True,0.6693945237793727,0.04949586817975154,0.49612030365526705,0.11293782867850866,0.641969619909213,0.5290317912307043,1.0,,,,,0.0004067440607905537,0.20756967615718658,0.0872923197858986,0.0,29.360472227505277,0.9530570510404037
parameter_G100,G100,"High AD-like perturbation, G100",1.0,37,5Hz,100.0,0.02,0.5,ac884c60d8359016,semantic_platel_peaks,0.1177128650240757,1.5817285718297531,0.10571302449221798,0.23780410860726023,1.0044930266323877,1.5133021606186545,2.076609985139843,0.0060000347263479475,0.017624826183840835,0.03568659459088219,0.13008678569768306,0.2580177260223297,1.0,0.5942709680407099,1.8133127353650296,1.6094349551322824,True,0.5630932509025576,0.03568659459088219,0.10482650509788034,-0.016086195148882387,0.15146325675367195,0.16754945190255432,1.0,,,,,0.0017478973228498562,-1.2205847394238587,0.20722604356121568,0.2,29.360472227505277,0.9530570510404037
parameter_G100,G100,"High AD-like perturbation, G100",1.0,37,5Hz,100.0,0.02,0.5,ac884c60d8359016,episodic_platel_peaks,0.06772831248300051,1.0077147960546249,0.04012506367812678,0.1478428737494354,0.6651275602340658,0.9332040991350762,1.4158345317379695,0.0021635245293542124,0.008246714005169093,0.03490875661851654,0.03130403761835625,0.14056606015418124,1.0,0.21888528852549158,1.228534043073764,2.4886909377221618,True,0.6470069145513988,0.03130403761835625,0.40882206043225944,0.09129505608604657,0.5409639559588267,0.44966889987278014,1.0,,,,,0.0007352224051948575,0.08398158805392726,0.11036606911192023,0.25,29.360472227505277,0.9530570510404037
parameter_G100,G100,"High AD-like perturbation, G100",1.0,37,5Hz,100.0,0.02,0.5,ac884c60d8359016,semantic_expanded_left,0.11017219087900836,1.5187381690871125,0.05219928823741416,0.2112133124372564,0.6068275106718207,1.6862516075557996,2.015113724624375,0.006105884921256353,0.023299136573679158,0.037603971525438276,0.132546878560836,0.1945896294969329,1.0,0.2448633960237079,1.8260923594584426,2.898710704794007,True,0.676921088799268,0.037603971525438276,0.081251555214182,-0.033144365766826084,0.11167053525764893,0.14481490102447503,1.0,,,,,0.0017478973228498562,-0.9222753232483377,0.1789841868060706,0.0,29.360472227505277,0.9530570510404037
parameter_G100,G100,"High AD-like perturbation, G100",1.0,37,5Hz,100.0,0.02,0.5,ac884c60d8359016,episodic_expanded_left,0.1532322088962569,2.1123261916416722,0.0748336389742125,0.25537376119918515,0.8394955880406351,1.974559122634389,2.9437039444244943,0.007352711960858955,0.025819391102361127,0.07958035639177556,0.21186483221017227,0.1577428548853865,1.0,0.35217041882858724,2.5388417810243853,2.849824852293139,True,0.6773226021674326,0.07958035639177556,0.5257536653726773,0.13160988928892275,0.6756100952292841,0.5440002059403612,1.0,,,,,0.0002922716989929852,0.7651608314508145,0.08912511683147548,0.0,29.360472227505277,0.9530570510404037
parameter_G100,G100,"High AD-like perturbation, G100",1.0,37,5Hz,100.0,0.02,0.5,ac884c60d8359016,semantic_expanded_right,0.17876909513388997,2.6598663932300703,0.13357914401630053,0.35762329077796723,2.400218401252368,2.492119851647788,3.542717247016699,0.005372879803971466,0.013317740215978601,0.06304555004825446,0.07548163665439127,0.3513688448908516,1.0,1.5729811502336044,3.046691763804933,0.9537421664485997,False,0.6129520070419028,0.06304555004825446,0.12323439759826808,0.06426660948442185,0.16004750666933915,0.0957808971849173,1.0,,,,,0.0004537455911602928,-0.15829458402822139,0.16525553809196875,0.16666666666666666,29.360472227505277,0.9530570510404037
parameter_G100,G100,"High AD-like perturbation, G100",1.0,37,5Hz,100.0,0.02,0.5,ac884c60d8359016,episodic_expanded_right,0.06562702817190046,0.9764502448886044,0.03619384003244686,0.15208122964553458,0.6235374923553949,0.9699334601395716,1.3535392716605004,0.0019461732128273155,0.007549011212976553,0.031932992426286756,0.027977177202703245,0.11470161623292828,1.0,0.21147799081355345,1.1904768969112256,2.4929601926852545,True,0.6561370594041104,0.027977177202703245,0.4301669750921407,0.08907325721585814,0.5631844044827645,0.4741111472669064,1.0,,,,,0.0005465052698985229,0.0682825336235684,0.09058922599959368,0.09090909090909091,29.360472227505277,0.9530570510404037
parameter_G100,G100,"High AD-like perturbation, G100",1.0,37,5Hz,100.0,0.02,0.5,ac884c60d8359016,shared_auditory_relay,0.20239475738223153,2.0601592802313875,0.14006736080058224,0.28092847290464257,0.9619337904932058,2.165373748000777,2.6530447578989778,0.007375371792360796,0.016878973409464492,0.04525640640335708,0.15582400453384856,0.20946836475133931,1.0,0.5251855994515024,2.477432420853739,2.2379464409624594,True,0.5716626948765428,0.04525640640335708,0.504973465349611,0.11208098350811843,0.6554734542883109,0.5433924707801925,1.0,,,,,0.0002835818969123549,-0.5155459389468846,0.05706225241467143,0.0,29.360472227505277,0.9530570510404037
parameter_G100,G100,"High AD-like perturbation, G100",1.0,37,5Hz,100.0,0.02,0.5,ac884c60d8359016,anterior_temporal_context,0.20274567948543035,2.8773160397096835,0.16984226639446515,0.4117052615640675,2.3724092758763873,3.1793912979002585,3.47948042776405,0.011636863024697543,0.03836168281001152,0.10878302164671119,0.31430326047560014,0.34809608929784064,1.0,1.0911308283250476,3.3603925291231134,1.62280567130575,True,0.5831137855668534,0.10878302164671119,0.06343434237806551,0.009844624799553656,0.0884148375808153,0.07857021278126164,1.0,,,,,0.001177875655703986,-0.1886079531867908,0.11861848278732257,0.0,29.360472227505277,0.9530570510404037
parameter_G100,G100,"High AD-like perturbation, G100",1.0,37,5Hz,100.0,0.02,0.5,ac884c60d8359016,hippocampal_context,0.07420909076736078,1.0235649545061734,0.04371913314569695,0.16076118530278513,0.6576417562743473,1.0940801886967952,1.3718550831565048,0.001786371574922201,0.009160173295961067,0.029479089246102163,0.023908800968530406,0.09795564527398622,1.0,0.2560229581546642,1.234371131471381,2.269431135918013,True,0.6355083211977952,0.023908800968530406,0.6101259307597013,0.1449450588400129,0.785718914219145,0.640773855379132,1.0,,,,,0.000455624833907764,0.25395723214039206,0.0837702446007704,0.0,29.360472227505277,0.9530570510404037
parameter_G100,G100,"High AD-like perturbation, G100",1.0,37,5Hz,100.0,0.02,0.5,ac884c60d8359016,angular_parietal_context,0.12175999114392273,1.5415290283529322,0.05720852792530405,0.1891858281282269,0.7945659322206141,1.6423426626255333,2.0985430511578573,0.001863042172125575,0.010402227300973689,0.03779212106153425,0.03545439392694029,0.13803630600569058,1.0,0.32145768334147584,1.8639999707216177,2.535701098402783,True,0.6755953648228964,0.03545439392694029,0.4340077167757814,0.10331343755455834,0.5516778311347336,0.4483643935801752,1.0,,,,,0.0003418713380494154,0.6237288658316162,0.07334951507453197,0.0,29.360472227505277,0.9530570510404037
parameter_G100,G100,"High AD-like perturbation, G100",1.0,53,2Hz,100.0,0.02,0.5,ac884c60d8359016,semantic_expanded,0.17915050812166558,2.19703954940915,0.1541425920615843,0.4860147940481548,0.7405261098706244,2.603843538241594,2.34231550414277,0.004482739170989049,0.013233128680257576,0.02485352330865115,0.11870519242357674,0.20889863960041613,1.0,0.455047803235576,2.39876990565509,2.3982047633824233,True,0.513638326806112,0.02485352330865115,0.25208348068276215,0.03510385020132858,0.3032745966075103,0.26817074640618177,1.0,,,,,0.00019532747279660256,-2.1590166335290504,0.20100022525022254,0.07692307692307693,30.97881882651601,0.9808848177927623
parameter_G100,G100,"High AD-like perturbation, G100",1.0,53,2Hz,100.0,0.02,0.5,ac884c60d8359016,episodic_expanded,0.09896877123875991,1.434477300806751,0.04725546339017377,0.20284894379726928,0.6302335070569718,1.3687943419845439,1.655044664443587,0.0017398658846969825,0.004070237992286117,0.00583803905198152,0.029684814359624872,0.07208125294242729,1.0,0.2252491340270538,1.5726460988551083,2.8036005850255608,True,0.6507459209335256,0.00583803905198152,0.813190973777064,0.0941260273849048,0.989687476712015,0.8955614493271101,1.0,,,,,9.167404963117409e-05,-1.6886479786247035,0.2128946639098493,0.15789473684210525,30.97881882651601,0.9808848177927623
parameter_G100,G100,"High AD-like perturbation, G100",1.0,53,2Hz,100.0,0.02,0.5,ac884c60d8359016,semantic_anatomical_core,0.15887456153227292,2.049367840219082,0.07256871962574843,0.20932388982464367,0.6103548900186505,2.7243540791813983,2.0854023276668707,0.0016795118304254292,0.005224737470696872,0.017717292524297098,0.11900376050348199,0.12926745618053137,1.0,0.23729171519737288,2.246465273207963,3.242923123984283,True,0.669588678788581,0.017717292524297098,0.3728886736336921,0.040503590665518945,0.44377077134979304,0.4032671806842741,1.0,,,,,0.0005172357979656983,-2.228716848430153,0.1930727674091804,0.1,30.97881882651601,0.9808848177927623
parameter_G100,G100,"High AD-like perturbation, G100",1.0,53,2Hz,100.0,0.02,0.5,ac884c60d8359016,episodic_anatomical_core,0.10241613293501065,1.416863684520527,0.04755180178748423,0.20223338140994,0.6186430811855704,1.3324322638816097,1.639409462349682,0.001654512441161708,0.003804999766466695,0.00548317834112582,0.029405346279290735,0.07488894769392365,1.0,0.22074160717188487,1.5534006936835039,2.8149995240729444,True,0.646751697973126,0.00548317834112582,0.8447050360396069,0.09346782969341338,1.0259676629428274,0.932499833249414,1.0,,,,,7.817656891734304e-05,-0.6944894063374341,0.20646476002235187,0.1875,30.97881882651601,0.9808848177927623
parameter_G100,G100,"High AD-like perturbation, G100",1.0,53,2Hz,100.0,0.02,0.5,ac884c60d8359016,semantic_platel_peaks,0.16969329477646306,1.888804190816493,0.2934727054154523,0.9109964735156095,0.7958772306626711,1.6822916787536504,2.1795993468136556,0.008784319070623416,0.025043504057416004,0.03260588251829349,0.0973021007671537,0.28119619130571655,1.0,0.7312628276395264,2.045542247429689,1.4840214017776518,True,0.33352199725509896,0.03260588251829349,0.11749684809589735,0.025023085236190318,0.15145185000002562,0.1264287647638353,1.0,,,,,0.00016551919607443732,-2.2984170633312555,0.18514530956813827,0.0,30.97881882651601,0.9808848177927623
parameter_G100,G100,"High AD-like perturbation, G100",1.0,53,2Hz,100.0,0.02,0.5,ac884c60d8359016,episodic_platel_peaks,0.08413874618353366,1.3049571947812253,0.02792344348958945,0.16535188135977588,0.5813183580342737,1.291173132199826,1.5194587532228245,0.0021041237703035764,0.00360846857318499,0.006655099526320118,0.02797605175787437,0.05437287456082066,1.0,0.19462405021963464,1.4457014640670276,2.8930077639637117,True,0.7248472386870326,0.006655099526320118,0.6609628355363539,0.10331842365646798,0.8277136559570688,0.7243952323006009,1.0,,,,,0.00015695896024608968,-2.1457662394759343,0.229771077289376,0.0,30.97881882651601,0.9808848177927623
parameter_G100,G100,"High AD-like perturbation, G100",1.0,53,2Hz,100.0,0.02,0.5,ac884c60d8359016,semantic_expanded_left,0.07836403418273583,1.0488349322275163,0.06627994987711519,0.17784743298138617,0.4092113250680786,1.0607921705771743,1.1677409406547572,0.0037693731132397426,0.009708347091311275,0.01503663412358326,0.06128917561570851,0.13550139290974025,1.0,0.20731821624227473,1.1355774937056908,2.453507370214243,True,0.5427218919164457,0.01503663412358326,0.25517581474188145,0.04046881067669995,0.3039169932763772,0.2634481825996773,1.0,,,,,0.000839144123134794,-3.42266055105119,0.21846804233429146,0.0,30.97881882651601,0.9808848177927623
parameter_G100,G100,"High AD-like perturbation, G100",1.0,53,2Hz,100.0,0.02,0.5,ac884c60d8359016,episodic_expanded_left,0.1310202267586529,1.7535926026013586,0.07443418266439657,0.2598126103308944,0.756118604846353,1.6590895411164674,1.9938487333263908,0.00169772944915807,0.005334074676363116,0.006198365721526792,0.03508372040709824,0.09562592122331041,1.0,0.2938112685696825,1.9023260014332113,2.694802868023648,True,0.6080871038939178,0.006198365721526792,0.9238106327886417,0.08998951530919047,1.116208975109081,1.0262194597998904,1.0,,,,,7.817656891734304e-05,-1.2698472145168815,0.19529432116930545,0.125,30.97881882651601,0.9808848177927623
parameter_G100,G100,"High AD-like perturbation, G100",1.0,53,2Hz,100.0,0.02,0.5,ac884c60d8359016,semantic_expanded_right,0.2967347277170837,4.602233042921647,0.35847852527824103,1.32816299945354,1.3400873480441646,6.391450992661006,4.69833824432954,0.00533111206331287,0.018037642558636963,0.04107951392425495,0.22990883082961314,0.32205308513671876,1.0,0.9987955085796251,5.067110868408798,2.342902156550603,True,0.48455476169577827,0.04107951392425495,0.24899114662364288,0.029738889725957205,0.3026321999386434,0.27289331021268615,1.0,,,,,0.0001065469543585218,-1.0265381949327133,0.1930727674091804,0.16666666666666666,30.97881882651601,0.9808848177927623
parameter_G100,G100,"High AD-like perturbation, G100",1.0,53,2Hz,100.0,0.02,0.5,ac884c60d8359016,episodic_expanded_right,0.07565862176974684,1.1734339683443575,0.030000716610114442,0.15837450671567663,0.525306837937207,1.1292928465983108,1.373811761905002,0.0017830481165497943,0.003105850277511473,0.005498659082682519,0.02511672631466721,0.05433366768427683,1.0,0.1726862711118394,1.300100902989746,2.9123983020274724,True,0.6934047379731333,0.005498659082682519,0.7025713147654862,0.09826253946061914,0.8631659783149491,0.76490343885433,1.0,,,,,9.742033680359974e-05,-1.832199020644591,0.21583441198724793,0.18181818181818182,30.97881882651601,0.9808848177927623
parameter_G100,G100,"High AD-like perturbation, G100",1.0,53,2Hz,100.0,0.02,0.5,ac884c60d8359016,shared_auditory_relay,0.18865131447761843,2.1794731508031226,0.24504140483289474,0.506025733384173,0.8233075619977605,2.3577918429070035,2.4036005654372263,0.02235077161077041,0.024996006186735385,0.04471258140692611,0.16172235026294315,0.325936487535009,1.0,0.5008594729200395,2.362784641336751,2.2380103535832143,True,0.4404176566842791,0.04471258140692611,0.7934562027006643,0.07939090731071675,0.9651271640492121,0.8857362567384953,1.0,,,,,0.00014097264656570685,-0.6105392030679241,0.21883117030908678,0.2857142857142857,30.97881882651601,0.9808848177927623
parameter_G100,G100,"High AD-like perturbation, G100",1.0,53,2Hz,100.0,0.02,0.5,ac884c60d8359016,anterior_temporal_context,0.28350985308865956,4.007948973742469,0.24718025176037256,1.110665129812924,1.4719316973060748,4.128645915699273,4.498567807817401,0.01720487424888419,0.03348263910542822,0.07480671253478109,0.17907467046387207,0.4038147943344191,1.0,0.9130328971912419,4.372065389497297,2.2595762308767884,True,0.5132952774231756,0.07480671253478109,0.1484050119565457,0.026951969054606836,0.1850287198405094,0.15807675078590255,1.0,,,,,0.0002791321617897635,-1.0676494054878616,0.16571721617584095,0.0,30.97881882651601,0.9808848177927623
parameter_G100,G100,"High AD-like perturbation, G100",1.0,53,2Hz,100.0,0.02,0.5,ac884c60d8359016,hippocampal_context,0.10385426033077401,1.469062586131415,0.027669360498644976,0.18723993041047163,0.5807468091159973,1.3213975923724752,1.715795605749156,0.0010134411637108879,0.002463892924099228,0.005361385596322316,0.03249336112342005,0.09370019263895082,1.0,0.21544464443357686,1.6110022965798734,2.9025694094914156,True,0.7363996882377786,0.005361385596322316,1.0073901449335667,0.10643657581734034,1.2218268976482105,1.11539032183087,1.0,,,,,0.0001778523616923211,-3.122947657121927,0.2059579823040144,0.0,30.97881882651601,0.9808848177927623
parameter_G100,G100,"High AD-like perturbation, G100",1.0,53,2Hz,100.0,0.02,0.5,ac884c60d8359016,angular_parietal_context,0.12750009890373873,1.7576046465382449,0.04428703461935227,0.2533760522778467,0.720544480995889,1.5674113275816148,2.0508813149057925,0.0021182491345307203,0.006815939277058029,0.01211484566298498,0.07326490562098639,0.21000356851110757,1.0,0.28492213311039516,1.925618902094888,2.7566826071571557,True,0.6847731668683743,0.01211484566298498,0.6993847847427688,0.07817080287610276,0.8249129418547717,0.7467421389786689,1.0,,,,,0.00016814815698329433,-0.49301143456085456,0.1882349534162823,0.3333333333333333,30.97881882651601,0.9808848177927623
parameter_G100,G100,"High AD-like perturbation, G100",1.0,53,5Hz,100.0,0.02,0.5,ac884c60d8359016,semantic_expanded,0.34581596152262734,2.7624645546858164,0.15507621744923553,0.6045702583862057,1.1129760710422847,3.66343265115748,2.725896322438072,0.010150921801590378,0.02718646304695655,0.061747638172845135,0.3607985079698268,0.5580405791557006,1.0,0.5803422509218543,2.9671302339576333,2.3540923802948055,True,0.5435288425293072,0.061747638172845135,0.31958500665016537,0.012104430690250207,0.39141504307885616,0.37931061238860597,1.0,,,,,0.00031371632554988427,-0.9573603804763363,0.2253468758582152,0.38461538461538464,27.89750969507685,0.8402484745925615
parameter_G100,G100,"High AD-like perturbation, G100",1.0,53,5Hz,100.0,0.02,0.5,ac884c60d8359016,episodic_expanded,0.16351689124084817,1.5590779012226719,0.04041917802990946,0.2892926999562856,0.8141963921713907,1.4811323188147174,1.761641478778115,0.0034127557610320203,0.011020743826232072,0.02361147734036961,0.11781067876708143,0.26047554508754395,1.0,0.29847920971863423,1.6781552636072443,2.491173850113367,True,0.6623785903859754,0.02361147734036961,0.8852938773380966,0.09282817734908282,1.0567531269276063,0.9639249495785235,1.0,,,,,0.00015944732688510932,-1.295837680953119,0.3697936411820957,0.2631578947368421,27.89750969507685,0.8402484745925615
parameter_G100,G100,"High AD-like perturbation, G100",1.0,53,5Hz,100.0,0.02,0.5,ac884c60d8359016,semantic_anatomical_core,0.2718639440946412,2.405872088804458,0.06130945515211727,0.283478424526043,1.0115489571645964,3.3665160903369684,2.2798018378917675,0.0035439259817017415,0.020420174535105428,0.05215081438973241,0.345669083944875,0.45164997934710543,1.0,0.3064787536489302,2.593049446799677,3.080790748152055,True,0.700162779524865,0.05215081438973241,0.4987664453516689,0.015324266198394818,0.6011793117074726,0.5858550455090779,1.0,,,,,0.0002423195885112861,-1.1615606526085587,0.21638993543524287,0.3,27.89750969507685,0.8402484745925615
parameter_G100,G100,"High AD-like perturbation, G100",1.0,53,5Hz,100.0,0.02,0.5,ac884c60d8359016,episodic_anatomical_core,0.16719148040964052,1.5314560373198445,0.04114890940656206,0.28383544608213324,0.7927899352564715,1.4486838353368945,1.7330265373730283,0.0034196714354899466,0.010670667749540574,0.023175448134835592,0.11219545607694995,0.2502015016661635,1.0,0.2907792100009442,1.6484781150451753,2.5031387052198886,True,0.6572103790706635,0.023175448134835592,0.9184403399572594,0.10466751473755426,1.092176143664034,0.9875086289264798,1.0,,,,,0.00015731443693295377,-1.376072511388894,0.36829165340418946,0.25,27.89750969507685,0.8402484745925615
parameter_G100,G100,"High AD-like perturbation, G100",1.0,53,5Hz,100.0,0.02,0.5,ac884c60d8359016,semantic_platel_peaks,0.4024166770642849,2.5491453699408426,0.3022173552257656,0.9925803914979742,1.0358779034110923,2.9345687844873685,2.6930921973287933,0.0222083814472742,0.04101152035240022,0.07821955981279408,0.3100937381174601,0.6341906284319692,1.0,0.8353960573799413,2.726155538370957,1.7063356362843773,True,0.39375515368047176,0.07821955981279408,0.0813321326414731,0.008801237387105233,0.11529501196103491,0.10649377457392967,1.0,,,,,0.0005139385562802357,-0.4212777651361347,0.2253468758582152,0.4,27.89750969507685,0.8402484745925615
parameter_G100,G100,"High AD-like perturbation, G100",1.0,53,5Hz,100.0,0.02,0.5,ac884c60d8359016,episodic_platel_peaks,0.14638514511886286,1.4320758482868148,0.027420610807426516,0.24019485421876163,0.7748846630974714,1.4634879294850256,1.5995120300455528,0.002512034148822718,0.006433289279500065,0.025101914105569553,0.07891939575830263,0.21533912901650248,1.0,0.25218235992293203,1.5469260899329216,2.616865000145116,True,0.7169794173507893,0.025101914105569553,0.7817708834596546,0.06636866644023519,0.9645990580440693,0.8982303916038341,1.0,,,,,0.0001597892549752844,-1.01009472225687,0.40108410530714633,0.25,27.89750969507685,0.8402484745925615
parameter_G100,G100,"High AD-like perturbation, G100",1.0,53,5Hz,100.0,0.02,0.5,ac884c60d8359016,semantic_expanded_left,0.14887400869673742,1.3552441266015869,0.05379265036508526,0.1791780503969982,0.5356229987083675,1.6378974594805342,1.4164670409238411,0.006575820449031882,0.021104951393598557,0.04408612716043743,0.28159357343365604,0.4084513649776461,1.0,0.22322712069984332,1.4549119882454822,2.7043476616985758,True,0.6314933759767112,0.04408612716043743,0.36322637593095447,-0.0006628121705765595,0.4496086287051536,0.4502714408757302,1.0,,,,,0.0005139385562802357,-0.9573603804763363,0.25809949504107105,0.42857142857142855,27.89750969507685,0.8402484745925615
parameter_G100,G100,"High AD-like perturbation, G100",1.0,53,5Hz,100.0,0.02,0.5,ac884c60d8359016,episodic_expanded_left,0.2074096485379887,1.88811136639843,0.05422337334109078,0.3957696410623023,0.9822537256584754,1.6761870853295229,2.1527387864446688,0.004815414856948957,0.019460390085657538,0.02476554059793927,0.19560083276750984,0.37153078722952027,1.0,0.4107831727816325,2.0247732967723473,2.301311396272753,True,0.6352339758229137,0.02476554059793927,0.9508460918232404,0.08760607816566411,1.128466948818129,1.040860870652465,1.0,,,,,0.00016961999086684276,-1.211862550903981,0.32188833775389347,0.375,27.89750969507685,0.8402484745925615
parameter_G100,G100,"High AD-like perturbation, G100",1.0,53,5Hz,100.0,0.02,0.5,ac884c60d8359016,semantic_expanded_right,0.5755815731528321,5.630875106635988,0.4470616906798038,2.0398993990353573,2.3126634548924,8.19388217002496,5.245805617782052,0.015669712124997733,0.0350203968357736,0.08648459425907919,0.4622817266954525,0.762414609635281,1.0,1.5087643792973982,6.051130168968017,2.003837098891035,True,0.45556430908190326,0.08648459425907919,0.27594363736937627,0.024871673551076973,0.3332214574525587,0.3083497839014817,1.0,,,,,0.00014074486257986685,-1.2889808454790392,0.1944323231786479,0.3333333333333333,27.89750969507685,0.8402484745925615
parameter_G100,G100,"High AD-like perturbation, G100",1.0,53,5Hz,100.0,0.02,0.5,ac884c60d8359016,episodic_expanded_right,0.13159488593383692,1.2873837557143115,0.03012925703343286,0.2114620667299312,0.67489259415179,1.3087757118747816,1.4415964999064732,0.0024186705051279225,0.006241231236826388,0.022511192921069397,0.07095755082013065,0.18261611667390315,1.0,0.21687801384605293,1.3908742738073239,2.6810363039539813,True,0.6895232049490373,0.022511192921069397,0.8197416628529528,0.09805027653250152,0.9850393050370834,0.8869890285045818,1.0,,,,,0.00012242817848007181,-1.4563073418246695,0.40798783685880924,0.18181818181818182,27.89750969507685,0.8402484745925615
parameter_G100,G100,"High AD-like perturbation, G100",1.0,53,5Hz,100.0,0.02,0.5,ac884c60d8359016,shared_auditory_relay,0.25918180430396764,2.1220982258487986,0.15132542562468526,0.5935184834007509,0.9334804010668477,2.055518135790416,2.3699657221957695,0.006552479406497208,0.045170326082095806,0.06066179352575319,0.18918405646663225,0.6490034150433994,1.0,0.5402216549788758,2.275151723431548,2.0743393807030235,True,0.48652084973274157,0.06066179352575319,0.8720623896415036,0.10044865533679595,1.0385318608031553,0.9380832054663594,1.0,,,,,0.00016068047257689066,-0.5900363569896842,0.32344626413268057,0.2857142857142857,27.89750969507685,0.8402484745925615
parameter_G100,G100,"High AD-like perturbation, G100",1.0,53,5Hz,100.0,0.02,0.5,ac884c60d8359016,anterior_temporal_context,0.5200132242822244,4.9015648287924165,0.26108429491391705,1.510141869368224,2.013486279690234,4.984333567024296,5.389883947696778,0.018879442831486886,0.08216717667291905,0.19444044711829706,0.7300747188298772,1.6533345666152839,1.0,1.3244681977936015,5.2541586882390305,1.9880465708557933,True,0.5229024893524136,0.19444044711829706,0.12974051755468824,-0.008416111638756756,0.16222225729294826,0.170638368931705,1.0,,,,,0.0004575969440420713,0.6328745641254689,0.2366022367098785,0.3888888888888889,27.89750969507685,0.8402484745925615
parameter_G100,G100,"High AD-like perturbation, G100",1.0,53,5Hz,100.0,0.02,0.5,ac884c60d8359016,hippocampal_context,0.16432329428329245,1.5186372927518508,0.033646469835219614,0.2824280848474009,0.7783513481653924,1.4626934263899338,1.7156474300949676,0.0021374084988576526,0.006433050431737415,0.03160595461644865,0.03806052563716769,0.1907167456384661,1.0,0.28949154382028347,1.6347881000364373,2.4975105346672697,True,0.6858490127211098,0.03160595461644865,1.088985010955899,0.15465241503077298,1.2958771387066386,1.1412247236758657,1.0,,,,,0.0001992100284663456,-0.9179903732145567,0.3779947435367792,0.5,27.89750969507685,0.8402484745925615
parameter_G100,G100,"High AD-like perturbation, G100",1.0,53,5Hz,100.0,0.02,0.5,ac884c60d8359016,angular_parietal_context,0.1654567648784911,1.5459387296165261,0.04909870403740713,0.34600289941624124,0.9586980669239127,1.5617555530063105,1.7078714278353735,0.005011650745304489,0.012458424094263891,0.0565852161890822,0.05793771807290166,0.23332107142158104,1.0,0.3594275290293087,1.66065783648376,2.207982033552814,True,0.6207526928226322,0.0565852161890822,0.785895618619622,0.11570685479123695,0.9059182787596403,0.7902114239684033,1.0,,,,,0.0002524172451924822,-0.4289477439929006,0.3435172649925792,0.0,27.89750969507685,0.8402484745925615
parameter_G100,G100,"High AD-like perturbation, G100",1.0,71,2Hz,100.0,0.02,0.5,ac884c60d8359016,semantic_expanded,0.3304983818709891,2.486856014772189,0.29401261443744187,0.9193283014705178,2.549046904617865,2.58924037401913,2.271503586578168,0.0055053791446947895,0.025830438234767876,0.19324508294927084,0.38311768841970184,0.46985783403604464,1.0,1.4279453750474265,2.5790355561809855,0.8528908719184183,False,0.3696636046558927,0.19324508294927084,0.3803836964148649,0.2075370743285886,0.41253830313868867,0.20500122881010008,1.0,,,,,0.00012957093880250348,-4.467393972179265,0.20729615006371416,0.0,30.740230356369548,0.9507796771002076
parameter_G100,G100,"High AD-like perturbation, G100",1.0,71,2Hz,100.0,0.02,0.5,ac884c60d8359016,episodic_expanded,0.24002173753221343,1.8493058610758153,0.08752980496516709,0.6608484395146207,1.707154113931963,1.601326068737646,2.1197865956726956,0.002178355856472685,0.012327599904592488,0.026140563544008878,0.18554406749419822,0.21749281775177645,1.0,1.36204298365623,1.8952448142332308,0.4766119845484228,False,0.5236438747023329,0.026140563544008878,1.1463213007084307,0.7202557450706533,1.2500826430904384,0.5298268980197851,1.0,,,,,7.53435463850538e-05,-4.051666052572744,0.20811335860467756,0.10526315789473684,30.740230356369548,0.9507796771002076
parameter_G100,G100,"High AD-like perturbation, G100",1.0,71,2Hz,100.0,0.02,0.5,ac884c60d8359016,semantic_anatomical_core,0.2752805437890535,2.0580649826141193,0.15680048510661135,0.6008601458313539,1.8507308513468048,2.0807667093410567,2.1264156344028815,0.0033618272758723995,0.01601771153269801,0.10271655362815976,0.3458528145371917,0.3949573550476476,1.0,1.2972646772398124,2.1261676775506815,0.7127825190864501,False,0.465742873130358,0.10271655362815976,0.5532432355242252,0.33099749416906477,0.5952868838986013,0.26428938972953653,1.0,,,,,0.00011435811588583755,-4.614340323322461,0.21714554933907515,0.0,30.740230356369548,0.9507796771002076
parameter_G100,G100,"High AD-like perturbation, G100",1.0,71,2Hz,100.0,0.02,0.5,ac884c60d8359016,episodic_anatomical_core,0.24264457372344972,1.8343763526184174,0.08394116142302795,0.6421808867273228,1.6870028280525962,1.5798239148148898,2.1141868644337682,0.002047452539627409,0.010782550471768513,0.025808166302563027,0.18344712668921268,0.21147587238823548,1.0,1.3509250110376974,1.8799327213405819,0.4767334381130911,False,0.5303936728701463,0.025808166302563027,1.1756796782087844,0.7508995706262613,1.2776722181846922,0.5267726475584309,1.0,,,,,5.475369347507364e-05,-3.8889490502677626,0.19609205171154298,0.0625,30.740230356369548,0.9507796771002076
parameter_G100,G100,"High AD-like perturbation, G100",1.0,71,2Hz,100.0,0.02,0.5,ac884c60d8359016,semantic_platel_peaks,0.3658581246318178,1.8813944899519877,0.44672819404039416,1.0967197426435007,2.202709760632931,1.848969164619718,1.6513622527025549,0.007173525120584039,0.04202136888732661,0.34706274922909874,0.449447377298421,0.5968759467385939,1.0,1.1086851010197307,1.946530965960342,0.8120556395510734,False,0.22629505490505541,0.34706274922909874,0.26856591538115626,0.08960968770559477,0.30332617688374086,0.2137164891781461,1.0,,,,,0.0005663305696154142,-4.373316254952263,0.20729615006371416,0.0,30.740230356369548,0.9507796771002076
parameter_G100,G100,"High AD-like perturbation, G100",1.0,71,2Hz,100.0,0.02,0.5,ac884c60d8359016,episodic_platel_peaks,0.22687002454150126,1.7031454540030246,0.10446852287326479,0.6961116134713335,1.6527807430989117,1.6827895831837347,1.8104626355325417,0.002400160802603802,0.01821442540434329,0.01997221412130003,0.20007108212105867,0.2161646386628611,1.0,1.3528078766755922,1.742207261311917,0.36495929912622743,False,0.47519503060062773,0.01997221412130003,1.1526953207615254,0.7000073916785794,1.2690366656890104,0.569029274010431,1.0,,,,,0.00010440877148748529,-5.580927335549191,0.2568703191439664,0.25,30.740230356369548,0.9507796771002076
parameter_G100,G100,"High AD-like perturbation, G100",1.0,71,2Hz,100.0,0.02,0.5,ac884c60d8359016,semantic_expanded_left,0.2540510429903201,1.9629136788176742,0.11155807676335948,0.5180317745641992,1.5827502106720068,1.9999802229457022,2.076897777452466,0.003979146181352709,0.02426525118197493,0.11557275795335208,0.37065801316504726,0.3394158008017829,1.0,1.1748562309088249,2.025795221416926,0.7860041232929068,False,0.5192999955728123,0.11557275795335208,0.33378113393023806,0.22656206981173543,0.35508890440088514,0.1285268345891497,1.0,,,,,0.00012957093880250348,-4.373316254952263,0.18611345491044132,0.0,30.740230356369548,0.9507796771002076
parameter_G100,G100,"High AD-like perturbation, G100",1.0,71,2Hz,100.0,0.02,0.5,ac884c60d8359016,episodic_expanded_left,0.27203551067928167,2.1018698398213593,0.08807304014721565,0.7304690620594376,1.8746647342227922,1.6354499338527388,2.532716011873794,0.00222976441738985,0.012681557260556147,0.03020958037123705,0.19024107541143476,0.246661037464227,1.0,1.447435856199812,2.156924386712324,0.5754761862472046,False,0.542723730242335,0.03020958037123705,1.1595155599228817,0.6869298396941033,1.2771237164432196,0.5901938767491164,1.0,,,,,5.475369347507364e-05,-4.814531960387328,0.16848411028815763,0.0,30.740230356369548,0.9507796771002076
parameter_G100,G100,"High AD-like perturbation, G100",1.0,71,2Hz,100.0,0.02,0.5,ac884c60d8359016,semantic_expanded_right,0.41968694389843614,3.1506494172141637,0.7748736797579108,1.631491671713907,4.105284635648944,3.3521160047154814,2.484344005686419,0.007617010822290716,0.027496584906394297,0.32311820488997384,0.3959961958645089,0.6504304858039587,1.0,1.7355553304952214,3.2833646410684487,0.9197776205439294,False,0.220027213738973,0.32311820488997384,0.42698625889949177,0.18851207884544174,0.46998770187649225,0.2814756230310505,1.0,,,,,8.638240146358056e-05,-4.498541393272834,0.228710104981026,0.0,30.740230356369548,0.9507796771002076
parameter_G100,G100,"High AD-like perturbation, G100",1.0,71,2Hz,100.0,0.02,0.5,ac884c60d8359016,episodic_expanded_right,0.2167389934252548,1.6270903664044334,0.08698992046185658,0.5978633219285798,1.5546114009143517,1.567914202288052,1.7741804411261994,0.002128132550874406,0.011983521919692387,0.02261961450642898,0.18096302761029456,0.19177380529937882,1.0,1.2816879458809458,1.6653123901820968,0.37774778284964106,False,0.5045640191623306,0.02261961450642898,1.1331270414939798,0.7535816504472032,1.223041569737657,0.46945991929045394,1.0,,,,,8.02373302204451e-05,-3.726232047962781,0.22402115757868293,0.18181818181818182,30.740230356369548,0.9507796771002076
parameter_G100,G100,"High AD-like perturbation, G100",1.0,71,2Hz,100.0,0.02,0.5,ac884c60d8359016,shared_auditory_relay,0.28173491674783674,1.9646119545979845,0.2169213378589476,0.6948520415495625,1.9883991368728937,1.8033585266941854,2.1727493754889817,0.013023323120370345,0.027643589366554335,0.13706176509979787,0.3254262332959765,0.48222820033661645,1.0,1.2726211146386732,2.023455607884259,0.6690182350942369,False,0.40122321588347076,0.13706176509979787,1.1136750850485886,0.6522685645871382,1.2171316563040513,0.5648630917169131,1.0,,,,,5.4864770079321445e-05,-2.9560389580458657,0.23724162435394452,0.35714285714285715,30.740230356369548,0.9507796771002076
parameter_G100,G100,"High AD-like perturbation, G100",1.0,71,2Hz,100.0,0.02,0.5,ac884c60d8359016,anterior_temporal_context,0.5001100456408573,3.8080330052016036,0.44944147755550024,1.4711077924797733,4.591371825717373,3.0985126928232516,3.9067164474112333,0.014158615863333357,0.047036000935756044,0.29222717876930615,0.45764790910663594,0.6722083145694252,1.0,2.2671284541811842,3.9365142023872552,0.7960525476165617,False,0.3657087828333936,0.29222717876930615,0.17960058882492644,0.0716872058286104,0.2018432939754967,0.13015608814688628,1.0,,,,,0.00015502466713118723,-1.80124724039035,0.17161597952006924,0.05555555555555555,30.740230356369548,0.9507796771002076
parameter_G100,G100,"High AD-like perturbation, G100",1.0,71,2Hz,100.0,0.02,0.5,ac884c60d8359016,hippocampal_context,0.23862476571235694,1.7269210203633771,0.08093715187065509,0.6400561956581557,1.725255403928057,1.7302362410524816,1.7978774658253398,0.001553512210634625,0.009090549237180709,0.025014208173934117,0.2349097671367313,0.17646820401336338,1.0,1.4299449853396207,1.7581525798992954,0.2981006362028143,False,0.5190698080318209,0.025014208173934117,1.4593328404846597,0.905823117503192,1.594257914264635,0.6884347967614429,1.0,,,,,0.00010154393781375282,-4.541547907661204,0.14278907685096281,0.0,30.740230356369548,0.9507796771002076
parameter_G100,G100,"High AD-like perturbation, G100",1.0,71,2Hz,100.0,0.02,0.5,ac884c60d8359016,angular_parietal_context,0.33706472664930115,2.2986645097244005,0.09828265993382593,0.6681177674636267,1.8575802571023883,2.0490757701615943,2.6726322124881796,0.003914413321424649,0.012276543101218935,0.057540626771745325,0.33514456770707085,0.32477650241429,1.0,1.5306032804141398,2.368676129418085,0.6299805546741065,False,0.5573580105893869,0.057540626771745325,0.8906020465904974,0.6334654246712981,0.9311232621734188,0.2976578375021207,1.0,,,,,9.729774690364623e-05,-3.1333170665669536,0.13229985218358484,0.3333333333333333,30.740230356369548,0.9507796771002076
parameter_G100,G100,"High AD-like perturbation, G100",1.0,71,5Hz,100.0,0.02,0.5,ac884c60d8359016,semantic_expanded,0.1975880269857059,2.474281410927823,0.2120280754323795,0.5790508285600222,1.2764803806514324,2.9136866092628186,2.4309035317074836,0.008526880870787823,0.013719191060695544,0.07854219952256812,0.17589732197480945,0.2102882123120595,1.0,0.4882664812574489,2.9280992786880833,2.584223822063918,True,0.46847073345870305,0.07854219952256812,0.20115496012403364,0.005097002297329956,0.25595550961704394,0.250858507319714,1.0,,,,,0.00025228518284103885,-0.8498859079205756,0.1321654631319506,0.07692307692307693,31.753799119137824,0.9837394558683281
parameter_G100,G100,"High AD-like perturbation, G100",1.0,71,5Hz,100.0,0.02,0.5,ac884c60d8359016,episodic_expanded,0.09826364664189273,1.3579981365249025,0.06285730994943603,0.20135889603990184,0.4280253009338859,1.3331284368672711,1.8111189428284287,0.0054566269758164745,0.00596964562588952,0.021387434667559452,0.05595284688459841,0.14984641461827972,1.0,0.2197951837685233,1.6135839058094625,2.8760369205313765,True,0.6212144285984723,0.021387434667559452,0.5277939967556664,0.07241765024943003,0.6830692664152577,0.6106516161658276,1.0,,,,,0.00019143206381067035,-0.3666789528910716,0.11308744488483255,0.0,31.753799119137824,0.9837394558683281
parameter_G100,G100,"High AD-like perturbation, G100",1.0,71,5Hz,100.0,0.02,0.5,ac884c60d8359016,semantic_anatomical_core,0.15319030327263486,2.0837272110901086,0.0929427135070718,0.2783657683327722,0.5216458588918182,2.4187687036523435,2.372428820359241,0.0057858805266345036,0.01234336649282398,0.028099071304965424,0.1386280762942501,0.1821420867829906,1.0,0.2678474307879674,2.4769854273945797,3.2091020181421883,True,0.6233488778854497,0.028099071304965424,0.26977045492521157,0.020900400245797493,0.3413376023711121,0.3204372021253146,1.0,,,,,0.00019808293000356247,-1.1184065649173587,0.11759013639116894,0.0,31.753799119137824,0.9837394558683281
parameter_G100,G100,"High AD-like perturbation, G100",1.0,71,5Hz,100.0,0.02,0.5,ac884c60d8359016,episodic_anatomical_core,0.10024746488144476,1.3554855611100456,0.06047137905766116,0.19837240215655966,0.4073485876043343,1.3345229540595562,1.8094479497417353,0.005397670488072033,0.006232268266055081,0.019763885615149464,0.057446114277732836,0.14963205069471172,1.0,0.21272165310410757,1.610891298151101,2.920820346302124,True,0.6278173760195002,0.019763885615149464,0.5364153326368346,0.07929646732764012,0.6933115383614517,0.6140150710338115,1.0,,,,,0.00019365835561097056,-0.30134481112171313,0.11784912188201627,0.0,31.753799119137824,0.9837394558683281
parameter_G100,G100,"High AD-like perturbation, G100",1.0,71,5Hz,100.0,0.02,0.5,ac884c60d8359016,semantic_platel_peaks,0.24181742631679287,2.314734085727423,0.34352748987785653,0.7761949681491087,1.6653397705090964,2.9822579314920663,1.9745168891350457,0.014250976147351185,0.01824549365185978,0.12873597895591038,0.25033049304346244,0.26818632669256276,1.0,0.6180879792282189,2.727027938229583,2.1414453682117394,True,0.34939592784397455,0.12873597895591038,0.13773393329754618,-0.0005759407651484486,0.1773981200671601,0.17797406083230854,1.0,,,,,0.0024766781393325,-0.8498859079205756,0.1321654631319506,0.2,31.753799119137824,0.9837394558683281
parameter_G100,G100,"High AD-like perturbation, G100",1.0,71,5Hz,100.0,0.02,0.5,ac884c60d8359016,episodic_platel_peaks,0.08561025772462214,1.1989537452454881,0.05879571442963368,0.18205791258656479,0.46992883834545573,1.1855080262710325,1.60230335791556,0.004088438916267096,0.0027118379771250466,0.01463443541379809,0.026451251741305814,0.09601612699427761,1.0,0.2198696921225381,1.427398945170055,2.6986679563555462,True,0.6119810541612157,0.01463443541379809,0.5066820881043463,0.05567723987564606,0.6606914791914682,0.6050142393158221,1.0,,,,,0.000167263344777846,-0.3779681892380596,0.1096732076972918,0.0,31.753799119137824,0.9837394558683281
parameter_G100,G100,"High AD-like perturbation, G100",1.0,71,5Hz,100.0,0.02,0.5,ac884c60d8359016,semantic_expanded_left,0.1093095763919286,1.4543271998148217,0.07106467687511552,0.2598465691523607,0.40816264989529344,1.2193590567484187,1.9481628289681978,0.008379931523990318,0.008735919371575895,0.030980373475885153,0.11295712698934215,0.21272515495924166,1.0,0.234751490342393,1.7226911325731469,2.8754578367091645,True,0.5892033362919642,0.030980373475885153,0.21366337453437848,-0.0036183104042693446,0.2689297921696234,0.2725481025738928,1.0,,,,,0.0024766781393325,-0.8498859079205756,0.14726135447905028,0.14285714285714285,31.753799119137824,0.9837394558683281
parameter_G100,G100,"High AD-like perturbation, G100",1.0,71,5Hz,100.0,0.02,0.5,ac884c60d8359016,episodic_expanded_left,0.1139886447896645,1.516580633276336,0.0775588588645436,0.23427959372273463,0.45803798221294506,1.461466006996923,2.011779054030054,0.0075801400838792134,0.011154884191745772,0.03901092143871647,0.10077002441996478,0.22768994316956312,1.0,0.24653315354780994,1.797106809039982,2.8658225793261654,True,0.6017593016113358,0.03901092143871647,0.5699177073709442,0.07607679627516875,0.7362551451425868,0.6601783488674181,1.0,,,,,0.00016733907906391066,0.6515072201516476,0.12287501555004,0.0,31.753799119137824,0.9837394558683281
parameter_G100,G100,"High AD-like perturbation, G100",1.0,71,5Hz,100.0,0.02,0.5,ac884c60d8359016,semantic_expanded_right,0.30057955267844605,4.209553738142623,0.6326054904965153,1.2903763291923458,3.99204131638703,6.962321401569785,3.0332639000188943,0.008676407101473022,0.021545093922486123,0.19912210259972163,0.27390806319665917,0.20787918685909348,1.0,1.015559715390135,4.9769603057323595,2.2929898074186723,True,0.34773813062544195,0.19912210259972163,0.1886465457136888,0.013812314998929256,0.24298122706446446,0.2291689120655352,1.0,,,,,0.0001860404938715532,-1.0565087588708055,0.1058154174239822,0.0,31.753799119137824,0.9837394558683281
parameter_G100,G100,"High AD-like perturbation, G100",1.0,71,5Hz,100.0,0.02,0.5,ac884c60d8359016,episodic_expanded_right,0.08682728435260416,1.2159979485041228,0.050942490283153265,0.17306417673915164,0.3999791837227377,1.2160607367365992,1.6304731965973454,0.003927998377830832,0.003194714376781408,0.011725494932943418,0.031067979714323155,0.09861633615162221,1.0,0.19595710399441355,1.4488026020435576,2.8862512617365885,True,0.6406695555856087,0.011725494932943418,0.4856702861403886,0.06875850422369131,0.6298833876879285,0.5611248834642372,1.0,,,,,0.00019588464741127076,-1.1511687463122797,0.10490025995208688,0.0,31.753799119137824,0.9837394558683281
parameter_G100,G100,"High AD-like perturbation, G100",1.0,71,5Hz,100.0,0.02,0.5,ac884c60d8359016,shared_auditory_relay,0.14957831538449534,1.7841756235587543,0.15396131897716162,0.33691031151190953,0.6239907073135846,1.8347671054246906,2.31155162704194,0.010858808747479187,0.01679636962603537,0.04245936907437213,0.0644354462342408,0.32735924952463374,1.0,0.3488605776948596,2.1119584832029825,2.5978589915996033,True,0.5130801972667726,0.04245936907437213,0.520998806405427,0.08429809732475582,0.6730786455821378,0.588780548257382,1.0,,,,,0.00018656459325006036,-0.5029470234346477,0.122596262737908,0.07142857142857142,31.753799119137824,0.9837394558683281
parameter_G100,G100,"High AD-like perturbation, G100",1.0,71,5Hz,100.0,0.02,0.5,ac884c60d8359016,anterior_temporal_context,0.30941370667089463,4.136729235846091,0.4789576773087093,1.014389781927362,2.3362768104687057,4.921757957134659,4.324506135452895,0.016793970574593246,0.04227591620738035,0.13126145636698291,0.2185396797834354,0.6165789666195503,1.0,0.8606667899259417,4.891330400294807,2.506700212803244,True,0.4313846096360284,0.13126145636698291,0.10943901164790196,-0.04387314396857696,0.1459675737879634,0.18984071775654038,1.0,,,,,0.0006954709513555812,-0.50036082504964,0.15102159823375627,0.16666666666666666,31.753799119137824,0.9837394558683281
parameter_G100,G100,"High AD-like perturbation, G100",1.0,71,5Hz,100.0,0.02,0.5,ac884c60d8359016,hippocampal_context,0.087675201543014,1.1288891505885033,0.055156923063044726,0.17682881632413758,0.4139914207240205,1.1297285076326877,1.4984462071033127,0.0034198946250817504,0.003268828225217062,0.011224278784912814,0.025351588301543052,0.08313325130627706,1.0,0.19705873319632025,1.3408892362749507,2.7664924758245877,True,0.6101556908871981,0.011224278784912814,0.7124983037208115,0.10651013023384293,0.9235955174786605,0.8170853872448176,1.0,,,,,0.00017941051824510446,-0.9715568751405846,0.09410889713514924,0.0,31.753799119137824,0.9837394558683281
parameter_G100,G100,"High AD-like perturbation, G100",1.0,71,5Hz,100.0,0.02,0.5,ac884c60d8359016,angular_parietal_context,0.08365597277348474,1.1083408544975797,0.08283618776723711,0.19913629396244034,0.4928550113176919,1.206083330605271,1.4224249918672696,0.005516279515202637,0.005319167360649153,0.016889977607294875,0.06717835776789687,0.1248912060313568,1.0,0.2256796383045569,1.3135172037554554,2.541086932302248,True,0.5401198355962631,0.016889977607294875,0.5002952066136629,0.07121594283735029,0.6384468604198155,0.5672309175824651,1.0,,,,,0.00024413716585308665,3.0133252494729166,0.1544748507010073,0.0,31.753799119137824,0.9837394558683281
parameter_input_0.01,input_0.01,"Baseline, input_0.01",0.0,11,2Hz,60.0,0.01,0.5,512a8299eaef29ce,semantic_expanded,6.121365438594183e-06,0.0002824900306978604,0.00028355866996216224,0.0002830624276226431,0.00028306624275855745,0.0002830653215170069,0.0002830653214875253,0.0002825057873432751,0.00028237137286960884,0.00028237578180056056,0.0002823749035010131,0.00028237490347771837,1.0,0.0002826656949084167,0.0002824754046086226,0.0009715481052497302,False,-0.0002504878914472819,0.0002823749035010131,2.1465967970569535,2.137766772123465,2.151974967429082,0.014208195305616567,1.0,,,,,0.9995818116300249,31.596550159441424,0.9999982442104661,1.0,31.54006051004249,0.9999999999998005
parameter_input_0.01,input_0.01,"Baseline, input_0.01",0.0,11,2Hz,60.0,0.01,0.5,512a8299eaef29ce,episodic_expanded,1.2067744187040333e-05,0.0005583976018839913,0.0005599127557164755,0.0005595718549219757,0.0005595764898592156,0.0005595750211470602,0.0005595750210687689,0.0005584320625010732,0.000558294790917563,0.0005582998602613612,0.0005582983919807412,0.0005582983919134439,1.0,0.0005586104567394457,0.0005584836254498151,0.00032759796382978286,False,-8.664024420799166e-05,0.0005582983919807412,2.2309265166974024,2.227360838077866,2.2306891048828863,0.003328266805020519,1.0,,,,,0.999866824394525,31.582219373506867,0.9999996418972361,1.0,31.54006051004249,0.9999999999998005
parameter_input_0.01,input_0.01,"Baseline, input_0.01",0.0,11,2Hz,60.0,0.01,0.5,512a8299eaef29ce,semantic_anatomical_core,5.401854134852297e-06,0.0002496125327802437,0.00025063186641453633,0.0002501068132701389,0.00025011047002049735,0.00025010988359412055,0.0002501098835920071,0.0002496217946168295,0.0002494902287760194,0.0002494944804274662,0.0002494939431866431,0.00024949394318738767,1.0,0.00024978477431409344,0.00024958381652009963,0.0011611496349377376,False,-0.00029989319122005755,0.00024949394318738767,2.1337236106909856,2.1236658091747507,2.140442585023767,0.016776775849016268,1.0,,,,,0.9995658898356894,31.599424765337794,0.9999981922754669,1.0,31.54006051004249,0.9999999999998005
parameter_input_0.01,input_0.01,"Baseline, input_0.01",0.0,11,2Hz,60.0,0.01,0.5,512a8299eaef29ce,episodic_anatomical_core,1.2637264732715917e-05,0.0005835900241895292,0.000585140257555368,0.0005848200185643474,0.0005848245479453811,0.0005848230581871932,0.0005848230581063702,0.0005836253145130009,0.0005834895702680542,0.0005834944693444473,0.000583492978585876,0.0005834929785163896,1.0,0.0005838053270109676,0.0005836859576492892,0.0002950147705433977,False,-7.785352795810497e-05,0.000583492978585876,2.233363562350625,2.230014055226433,2.2329062343932193,0.0028921791667864127,1.0,,,,,0.9998707915367692,31.582106247158325,0.9999996668584008,1.0,31.54006051004249,0.9999999999998005
parameter_input_0.01,input_0.01,"Baseline, input_0.01",0.0,11,2Hz,60.0,0.01,0.5,512a8299eaef29ce,semantic_platel_peaks,6.716568953562494e-06,0.0003100547032044586,0.0003111839084424009,0.00031069672021220596,0.00031070079422079147,0.00031069945146294814,0.0003106994513708167,0.000310073695089115,0.0003099361949757018,0.00030994076497545953,0.0003099394542440957,0.00030993945416340297,1.0,0.00031023664749241117,0.0003100498288738554,0.0008690252422219215,False,-0.0002241424278264681,0.0003099394542440957,2.1593028908986467,2.152075461826499,2.162843724304877,0.010768262478378254,1.0,,,,,0.9995818116300249,31.602985326734306,0.9999982442104661,1.0,31.54006051004249,0.9999999999998005
parameter_input_0.01,input_0.01,"Baseline, input_0.01",0.0,11,2Hz,60.0,0.01,0.5,512a8299eaef29ce,episodic_platel_peaks,1.1323084580634776e-05,0.0005240823537140411,0.000525587874319422,0.000525158029552544,0.0005251647403625131,0.0005251634265058271,0.0005251634264495354,0.0005241128771363375,0.0005239653381293504,0.0005239726924093459,0.000523971393191002,0.0005239713931412673,1.0,0.0005243000245954228,0.0005241441627289693,0.0004289425153405839,False,-0.00011581317058553254,0.000523971393191002,2.2336320942803676,2.2293449540018533,2.2341241497350794,0.00477919573322616,1.0,,,,,0.9997379559776642,31.582794702711745,0.9999993386678181,1.0,31.54006051004249,0.9999999999998005
parameter_input_0.01,input_0.01,"Baseline, input_0.01",0.0,11,2Hz,60.0,0.01,0.5,512a8299eaef29ce,semantic_expanded_left,6.208812123821723e-06,0.00028643249139777375,0.00028756087024189847,0.0002870046734757282,0.00028700892739479475,0.0002870077267666607,0.00028700772668176927,0.00028644031044439887,0.00028630202539278824,0.0002863072276281978,0.00028630609526726343,0.00028630609519016446,1.0,0.00028662107275838984,0.00028640817227383575,0.0010720237756264516,False,-0.00027701238944430887,0.00028630609526726343,2.1189253154456824,2.107946879443333,2.126720041332215,0.018773161888882228,1.0,,,,,0.9995818116300249,31.596550159441424,0.9999982442104661,1.0,31.54006051004249,0.9999999999998005
parameter_input_0.01,input_0.01,"Baseline, input_0.01",0.0,11,2Hz,60.0,0.01,0.5,512a8299eaef29ce,episodic_expanded_left,1.2192204572752326e-05,0.0005624656474957388,0.0005639871505604585,0.000563652901334029,0.00056365579146887,0.0005636541175066601,0.0005636541173819744,0.0005625012025431853,0.0005623655119910772,0.0005623689093501719,0.0005623672257956476,0.000562367225687718,1.0,0.0005626796161633416,0.0005625539163400939,0.0003223268897628458,False,-8.506034665911599e-05,0.0005623672257956476,2.2295332638184697,2.2260475936498647,2.2292172451366072,0.0031696514867425307,1.0,,,,,0.9998685955688249,31.58251565485273,0.9999996495618568,1.0,31.54006051004249,0.9999999999998005
parameter_input_0.01,input_0.01,"Baseline, input_0.01",0.0,11,2Hz,60.0,0.01,0.5,512a8299eaef29ce,semantic_expanded_right,6.019344305828719e-06,0.0002786018340805395,0.0002796121713050626,0.0002791743317671106,0.00027917771937187454,0.00027917707006776726,0.00027917707009218827,0.0002786253085629712,0.0002784946844398956,0.00027849832087027926,0.0002784976898685102,0.00027849768989755716,1.0,0.00027876490137000693,0.0002785966391088711,0.0008710724348704214,False,-0.00022396339345105433,0.00027849768989755716,2.174268278668225,2.1675866648035975,2.1772298935259484,0.009643228722350905,1.0,,,,,0.9995841643090113,31.596580476293383,0.9999985284907609,1.0,31.54006051004249,0.9999999999998005
parameter_input_0.01,input_0.01,"Baseline, input_0.01",0.0,11,2Hz,60.0,0.01,0.5,512a8299eaef29ce,episodic_expanded_right,1.197722754288616e-05,0.0005543589785048245,0.0005558677953965387,0.0005555203567297179,0.0005555267110574067,0.0005555254447121696,0.0005555254446796083,0.0005543923586639105,0.0005542535360358849,0.0005542602529859432,0.0005542589969521904,0.0005542589969249431,1.0,0.0005545707244672384,0.0005544427846574741,0.000332869037895995,False,-8.822014175677851e-05,0.0005542589969521904,2.2323197695763346,2.228674082505867,2.232160964629165,0.003486882123298063,1.0,,,,,0.9998222367769705,31.582219373506867,0.9999996418972361,1.0,31.54006051004249,0.9999999999998005
parameter_input_0.01,input_0.01,"Baseline, input_0.01",0.0,11,2Hz,60.0,0.01,0.5,512a8299eaef29ce,shared_auditory_relay,2.1390224281285533e-05,0.0009883037211788552,0.0009906086936601504,0.0009903595373344015,0.0009903664450614021,0.0009903647078225233,0.0009903647077023567,0.0009883368172636316,0.000988193996960973,0.0009882011726810994,0.0009881994383702448,0.0009881994382685546,1.0,0.0009886037233432963,0.0009885125637948504,0.00013303762598202527,False,-3.516121366855529e-05,0.0009881994383702448,2.269555941663028,2.2671158675581884,2.2681718800172757,0.0010560124590872633,1.0,,,,,0.9999559173591137,31.57507642063083,0.9999999116277367,1.0,31.54006051004249,0.9999999999998005
parameter_input_0.01,input_0.01,"Baseline, input_0.01",0.0,11,2Hz,60.0,0.01,0.5,512a8299eaef29ce,anterior_temporal_context,9.358031593955307e-06,0.00043211970843589715,0.0004334648063378399,0.00043301806661865755,0.0004330231904296169,0.0004330213458761259,0.0004330213457856129,0.00043214696239101286,0.00043200290960659546,0.0004320088796149858,0.0004320070591303944,0.0004320070590507787,1.0,0.0004323232838908101,0.00043215396058102754,0.0005651551941157298,False,-0.00014712564981316236,0.0004320070591303944,2.185935304584647,2.180050624170737,2.1881218638209714,0.008071239650234485,1.0,,,,,0.9998026296435465,31.58492341579113,0.9999993075991727,1.0,31.54006051004249,0.9999999999998005
parameter_input_0.01,input_0.01,"Baseline, input_0.01",0.0,11,2Hz,60.0,0.01,0.5,512a8299eaef29ce,hippocampal_context,1.3320296717429172e-05,0.0006128563429350098,0.0006145080982810336,0.0006141095120922824,0.0006141099944151665,0.0006141080798978384,0.0006141080798437905,0.0006128760698410868,0.0006127509987408404,0.0006127520425830823,0.0006127501220292848,0.0006127501219808384,1.0,0.0006130882888347968,0.0006129462873940504,0.00033419086093032844,False,-9.411207365506158e-05,0.0006127509987408404,2.2616566224344483,2.258084962308723,2.2614215757862244,0.003336613477501249,1.0,,,,,0.999821895219155,31.575810922650685,0.9999991224818072,1.0,31.54006051004249,0.9999999999998005
parameter_input_0.01,input_0.01,"Baseline, input_0.01",0.0,11,2Hz,60.0,0.01,0.5,512a8299eaef29ce,angular_parietal_context,1.150836235448796e-05,0.0005317794922735223,0.0005333235128101104,0.0005328800970956608,0.0005328843875699445,0.0005328821947695738,0.0005328821946042818,0.000531806363612594,0.0005316633476740201,0.0005316685345460264,0.0005316663527729008,0.0005316663526192579,1.0,0.0005320038163636459,0.0005318422126405853,0.0004383057045580018,False,-0.00011914658447551574,0.0005316663527729008,2.23002988049801,2.225843744255097,2.2304277315659498,0.004583987310852855,1.0,,,,,0.9997452290447391,31.581290631110893,0.999999357475026,1.0,31.54006051004249,0.9999999999998005
parameter_input_0.01,input_0.01,"Baseline, input_0.01",0.0,11,5Hz,60.0,0.01,0.5,512a8299eaef29ce,semantic_expanded,1.1305301627174007e-05,0.00039096002142842716,0.00039170601940535695,0.00039145306445061725,0.00039146756228034446,0.00039146686731767925,0.00039146686732249343,0.0003909076888094788,0.00039082290395172286,0.00039083963439423075,0.0003908388317594369,0.0003908388317639927,1.0,0.00039107275694726204,0.00039098468523643566,0.0003249393564599141,False,-8.556569297049067e-05,0.0003908388317639927,1.300420824903625,1.3002483003194114,1.3004476430934495,0.00019934277403810263,1.0,,,,,0.9995418428161162,31.912851021052198,0.9999988476075129,1.0,31.882878794552685,0.9999999999983654
parameter_input_0.01,input_0.01,"Baseline, input_0.01",0.0,11,5Hz,60.0,0.01,0.5,512a8299eaef29ce,episodic_expanded,2.2026460265805987e-05,0.0007639426959917831,0.0007650695470498897,0.0007649164276974962,0.0007649280738158591,0.0007649283811151233,0.0007649283811131171,0.000763847758359658,0.0007637909928829202,0.0007638044112616229,0.0007638046999045525,0.0007638046999024413,1.0,0.0007640926650197056,0.0007640444870940591,9.096834578934083e-05,False,-2.549493208183762e-05,0.0007638046999024413,1.3970735010872988,1.3970663667760292,1.3968991745345636,0.00016719224146566347,1.0,,,,,0.9997130726004219,31.905777507832234,0.9999994564322491,1.0,31.882878794552685,0.9999999999983654
parameter_input_0.01,input_0.01,"Baseline, input_0.01",0.0,11,5Hz,60.0,0.01,0.5,512a8299eaef29ce,semantic_anatomical_core,9.995876610183599e-06,0.0003461819238910665,0.0003468775541792219,0.0003466139178572185,0.0003466286223354236,0.0003466278540084144,0.00034662785401184525,0.0003461295769247235,0.00034604816346360333,0.00034606515674006304,0.00034606426504563473,0.0003460642650487779,1.0,0.0003462894445521947,0.0003461971545714629,0.0003845454871829776,False,-0.0001009897178801289,0.0003460642650487779,1.2870044980904554,1.2867904301653486,1.2870782843138409,0.00028785414849230584,1.0,,,,,0.9995302195337941,31.915710786932063,0.9999987345139727,1.0,31.882878794552685,0.9999999999983654
parameter_input_0.01,input_0.01,"Baseline, input_0.01",0.0,11,5Hz,60.0,0.01,0.5,512a8299eaef29ce,episodic_anatomical_core,2.3036829304224855e-05,0.0007973808013040784,0.0007985479762841359,0.0007983952836462079,0.0007984067243419825,0.0007984071050784039,0.0007984071050784309,0.0007972935072088144,0.0007972272541648071,0.000797240375014631,0.000797240741631408,0.000797240741631408,1.0,0.0007975358248748641,0.0007974876044292193,8.723056545044003e-05,False,-2.4384657583809144e-05,0.000797240741631408,1.4000080520463016,1.40000025554088,1.3998329336377227,0.00016732190315726925,1.0,,,,,0.9997189143456661,31.90593700600239,0.9999995217208265,1.0,31.882878794552685,0.9999999999983654
parameter_input_0.01,input_0.01,"Baseline, input_0.01",0.0,11,5Hz,60.0,0.01,0.5,512a8299eaef29ce,semantic_platel_peaks,1.2410641945274239e-05,0.00042946082489006896,0.0004302595735648522,0.0004300114618201221,0.0004300253474919916,0.0004300248588897791,0.0004300248588925867,0.0004293996719644702,0.00042931726471291204,0.0004293332950318221,0.0004293327256556447,0.00042933272565813475,1.0,0.00042957960893727645,0.00042949340598094263,0.0002895320324826606,False,-7.64758628109874e-05,0.00042933272565813475,1.311359777709979,1.311247078263602,1.311321095269511,7.401700590881077e-05,1.0,,,,,0.9995418428161162,31.90921404623033,0.9999991780186183,1.0,31.882878794552685,0.9999999999983654
parameter_input_0.01,input_0.01,"Baseline, input_0.01",0.0,11,5Hz,60.0,0.01,0.5,512a8299eaef29ce,episodic_platel_peaks,2.0766211842406292e-05,0.000720424389615867,0.0007214724362538744,0.0007213403934902442,0.0007213540284060712,0.0007213535091693215,0.0007213535091607374,0.0007202699368269579,0.0007202755133301493,0.0007202914542503384,0.0007202908723990596,0.0007202908723901147,1.0,0.000720561720014312,0.0007205236533179778,7.621843237552476e-05,False,-2.247169173834607e-05,0.0007202908723901147,1.4014208119213785,1.4014218350593504,1.4012400499522886,0.00018178510706179374,1.0,,,,,0.9996284287402235,31.897246361279315,0.9999991224435647,1.0,31.882878794552685,0.9999999999983654
parameter_input_0.01,input_0.01,"Baseline, input_0.01",0.0,11,5Hz,60.0,0.01,0.5,512a8299eaef29ce,semantic_expanded_left,1.1483512827165768e-05,0.0003970203610182331,0.00039779141940969457,0.00039751769310183846,0.00039753377375973927,0.0003975328619923966,0.0003975328619901941,0.00039695627768740677,0.0003968740667121828,0.00039689283361240223,0.0003968917637946704,0.0003968917637918972,1.0,0.00039713784642960803,0.00039704267150947347,0.00034578633660960184,False,-9.105058645921816e-05,0.0003968917637946704,1.2726498515764184,1.2724071037669435,1.2727587297955976,0.0003516260286540174,1.0,,,,,0.9995418428161162,31.912851021052198,0.9999986214204325,1.0,31.882878794552685,0.9999999999983654
parameter_input_0.01,input_0.01,"Baseline, input_0.01",0.0,11,5Hz,60.0,0.01,0.5,512a8299eaef29ce,episodic_expanded_left,2.2268785199519798e-05,0.0007699004017686905,0.0007710369650002943,0.0007708834559669412,0.0007708944274679016,0.0007708953458102572,0.0007708953458051754,0.0007698063778281373,0.0007697468177848993,0.0007697595184020214,0.0007697604407523809,0.0007697604407471499,1.0,0.0007700515516825836,0.000770003469283986,9.008540226024125e-05,False,-2.538837103971403e-05,0.0007697604407471499,1.3951901589503781,1.3951837177234288,1.3950151507052295,0.00016856701819922826,1.0,,,,,0.9997145922694748,31.905660421780034,0.9999994705370714,1.0,31.882878794552685,0.9999999999983654
parameter_input_0.01,input_0.01,"Baseline, input_0.01",0.0,11,5Hz,60.0,0.01,0.5,512a8299eaef29ce,semantic_expanded_right,1.1097388560516957e-05,0.0003849921902325222,0.00038571371364942654,0.00038548095928027647,0.0003854939188395463,0.00038549343427726155,0.0003854934342888784,0.00038495126481083485,0.000384864003633747,0.00038487875536345436,0.000384878212010739,0.0003848782120224009,1.0,0.0003851002935159445,0.0003850191303324115,0.00030409237630766244,False,-8.008079948158554e-05,0.0003848782120224009,1.3281917982308318,1.3280894968718793,1.3281365563913015,4.705951942218789e-05,1.0,,,,,0.9995342655323143,31.913746480689298,0.9999989715047124,1.0,31.882878794552685,0.9999999999983654
parameter_input_0.01,input_0.01,"Baseline, input_0.01",0.0,11,5Hz,60.0,0.01,0.5,512a8299eaef29ce,episodic_expanded_right,2.185022395037776e-05,0.0007580310926172684,0.000759148313755489,0.0007589955872481324,0.0007590078968835242,0.0007590076025435229,0.0007590076025445455,0.0007579352610681218,0.000757881250471239,0.0007578953747448496,0.0007578950394307848,0.0007578950394317454,1.0,0.0007581798899842679,0.0007581316208895215,9.185128932005591e-05,False,-2.5601493123872388e-05,0.0007578950394317454,1.3989568432242194,1.3989490158286295,1.3987831983638976,0.00016581746473187664,1.0,,,,,0.9996887724552577,31.906096504172545,0.9999994564322491,1.0,31.882878794552685,0.9999999999983654
parameter_input_0.01,input_0.01,"Baseline, input_0.01",0.0,11,5Hz,60.0,0.01,0.5,512a8299eaef29ce,shared_auditory_relay,3.8625997092887365e-05,0.0013375657739677965,0.0013393587333609244,0.0013392221378079948,0.0013392368376539138,0.0013392370291372808,0.0013392370291398666,0.0013374606867932242,0.001337370218829269,0.0013373866752466974,0.001337386829137554,0.001337386829140197,1.0,0.0013377962668010821,0.0013377567187209268,4.2649739646045716e-05,False,-1.2307919495668785e-05,0.001337386829137554,1.4464224522703448,1.4463980424554972,1.4462486811535191,0.00014936130197806818,1.0,,,,,0.9998097730831417,31.90189285994367,0.9999998432647956,1.0,31.882878794552685,0.9999999999983654
parameter_input_0.01,input_0.01,"Baseline, input_0.01",0.0,11,5Hz,60.0,0.01,0.5,512a8299eaef29ce,anterior_temporal_context,1.7205685799333387e-05,0.0005954830973326474,0.0005964432230824532,0.000596243718617699,0.0005962581945651448,0.0005962576300701784,0.000596257630070896,0.0005953876791515291,0.0005953302451025955,0.000595347160145523,0.0005953465249257418,0.0005953465249262749,1.0,0.0005956167045085128,0.0005955509561032644,0.00015926372320399233,False,-4.3215773390148376e-05,0.0005953465249262749,1.345231368295608,1.345168533976834,1.3451326278254534,3.590615138060471e-05,1.0,,,,,0.9996528835631271,31.904113341023184,0.999999169818188,1.0,31.882878794552685,0.9999999999983654
parameter_input_0.01,input_0.01,"Baseline, input_0.01",0.0,11,5Hz,60.0,0.01,0.5,512a8299eaef29ce,hippocampal_context,2.4484137020920612e-05,0.0008447854129405186,0.00084589476667262,0.0008458608032181338,0.0008458698004029454,0.0008458706408102474,0.0008458706408053843,0.0008445382713201466,0.000844640600549303,0.0008446516094607811,0.0008446524595315166,0.0008446524595263537,1.0,0.0008449206252557581,0.0008449214654468084,1.4346186171785227e-06,False,-3.275844718420018e-06,0.0008446516094607811,1.4374767926638197,1.4375103781793102,1.4372540056202041,0.00025637255910604395,1.0,,,,,0.9996700531280835,31.89219092608645,0.9999991914637856,1.0,31.882878794552685,0.9999999999983654
parameter_input_0.01,input_0.01,"Baseline, input_0.01",0.0,11,5Hz,60.0,0.01,0.5,512a8299eaef29ce,angular_parietal_context,2.1208136701509e-05,0.000734482467947556,0.0007355347844619808,0.0007354292644181895,0.0007354414372006879,0.0007354413549940745,0.0007354413549902559,0.0007342870260077958,0.0007343296063212954,0.0007343442694756962,0.0007343441468974599,0.000734344146893613,1.0,0.0007346176944984359,0.0007345902909160309,5.381812899921821e-05,False,-1.7140740725185567e-05,0.000734344146893613,1.3972674756241488,1.397285524335735,1.3970721228917116,0.00021340144402337557,1.0,,,,,0.9996132595653257,31.896881962709436,0.999999057732697,1.0,31.882878794552685,0.9999999999983654
parameter_input_0.01,input_0.01,"Baseline, input_0.01",0.0,23,2Hz,60.0,0.01,0.5,512a8299eaef29ce,semantic_expanded,6.121356030200326e-06,0.0002824895846462175,0.00028355668441166153,0.00028306286967097336,0.00028306587101302363,0.0002830653215105069,0.0002830653214844822,0.00028250358157340383,0.0002823717364583583,0.0002823753973962959,0.0002823749034946774,0.0002823749034747143,1.0,0.0002826648442260903,0.0002824754058786035,0.000967199822200456,False,-0.00024959032920408576,0.0002823749034946774,2.1465949320839295,2.137766497619178,2.1519748796619904,0.014208382042812495,1.0,,,,,0.9995785021398339,31.596417843474924,0.9999982701410283,1.0,31.54006049132315,0.9999999999998201
parameter_input_0.01,input_0.01,"Baseline, input_0.01",0.0,23,2Hz,60.0,0.01,0.5,512a8299eaef29ce,episodic_expanded,1.2067732736562963e-05,0.0005583970444213843,0.0005599099702147768,0.0005595725375061864,0.0005595755695680808,0.0005595750211479628,0.0005595750210710805,0.0005584315095870241,0.0005582953874941147,0.0005582989402266621,0.0005582983919816298,0.000558298391915712,1.0,0.0005586093541782207,0.0005584836261743315,0.0003247485601788365,False,-8.601050978214176e-05,0.0005582983919816298,2.230948018079289,2.2274037428683036,2.2306890875500685,0.00328534468176489,1.0,,,,,0.9998684195809079,31.582447570426226,0.9999996455003475,1.0,31.54006049132315,0.9999999999998201
parameter_input_0.01,input_0.01,"Baseline, input_0.01",0.0,23,2Hz,60.0,0.01,0.5,512a8299eaef29ce,semantic_anatomical_core,5.401846352967683e-06,0.0002496121728508959,0.000250630317023092,0.00025010720974055046,0.0002501102375704131,0.00025010988358949333,0.0002501098835973847,0.00024961944556823386,0.0002494905486569544,0.0002494942290898674,0.0002494939431822458,0.00024949394319278396,1.0,0.00024978410298142533,0.00024958381790355266,0.0011572641814584436,False,-0.0002991156693473052,0.00024949394319278396,2.133712468134642,2.123648440866527,2.1404424763477623,0.01679403548123526,1.0,,,,,0.999564294226472,31.599262075970515,0.999998215092206,1.0,31.54006049132315,0.9999999999998201
parameter_input_0.01,input_0.01,"Baseline, input_0.01",0.0,23,2Hz,60.0,0.01,0.5,512a8299eaef29ce,episodic_anatomical_core,1.2637253912554488e-05,0.0005835895153881997,0.0005851377628258724,0.0005848206779901995,0.0005848235994742986,0.0005848230581885686,0.0005848230581091596,0.0005836250349008795,0.0005834901469391236,0.0005834935214104667,0.0005834929785872197,0.0005834929785191259,1.0,0.0005838043184425178,0.0005836859583775182,0.00029252060216626927,False,-7.731977368035104e-05,0.0005834929785872197,2.2333830597018967,2.2300529731520435,2.2329062171519727,0.002853243999929145,1.0,,,,,0.999871937518491,31.58226734802423,0.9999996694815374,1.0,31.54006049132315,0.9999999999998201
parameter_input_0.01,input_0.01,"Baseline, input_0.01",0.0,23,2Hz,60.0,0.01,0.5,512a8299eaef29ce,semantic_platel_peaks,6.716556205009574e-06,0.0003100541101337697,0.0003111811645826853,0.00031069727990566947,0.00031070019428849465,0.00031069945144341537,0.0003106994513505405,0.00031007128441559804,0.00030993667499535006,0.00030994016000727244,0.00030993945422494164,0.0003099394541432023,1.0,0.0003102354938206025,0.00031004983013223044,0.0008636544510835083,False,-0.0002230002862992464,0.00030993945422494164,2.159315833419655,2.152101324853704,2.162843657532499,0.010742332678795208,1.0,,,,,0.9995785021398339,31.602884553009428,0.9999982701410283,1.0,31.54006049132315,0.9999999999998201
parameter_input_0.01,input_0.01,"Baseline, input_0.01",0.0,23,2Hz,60.0,0.01,0.5,512a8299eaef29ce,episodic_platel_peaks,1.1323070719251832e-05,0.0005240817122966697,0.0005255840328684607,0.000525158974844113,0.0005251640845068037,0.0005251634265080623,0.000525163426454483,0.0005241112657931991,0.0005239661778481615,0.000523972037139889,0.0005239713931932484,0.0005239713931461217,1.0,0.0005242987828151945,0.0005241441632333848,0.0004255241667830562,False,-0.00011488856211192556,0.0005239713931932484,2.2336605322892744,2.229401708399689,2.2341241388057993,0.004722430406110423,1.0,,,,,0.9997393123139031,31.5830346460486,0.9999993472364122,1.0,31.54006049132315,0.9999999999998201
parameter_input_0.01,input_0.01,"Baseline, input_0.01",0.0,23,2Hz,60.0,0.01,0.5,512a8299eaef29ce,semantic_expanded_left,6.208805186300345e-06,0.00028643217163805873,0.0002875596568708756,0.00028700509377933245,0.0002870085138329408,0.0002870077267599667,0.00028700772668946916,0.0002864383649202352,0.00028630234989840533,0.0002863067925656537,0.0002863060952609194,0.00028630609519789135,1.0,0.00028662046054462665,0.00028640817407018626,0.0010689331716897373,False,-0.00027650927438269693,0.0002863060952609194,2.118898959166334,2.1079010390650237,2.1267199103311403,0.018818871266116588,1.0,,,,,0.9995785021398339,31.596417843474924,0.9999982701410283,1.0,31.54006049132315,0.9999999999998201
parameter_input_0.01,input_0.01,"Baseline, input_0.01",0.0,23,2Hz,60.0,0.01,0.5,512a8299eaef29ce,episodic_expanded_left,1.2192188297282556e-05,0.0005624648972263368,0.0005639838788952699,0.0005636534504157919,0.0005636546555160601,0.0005636541175070947,0.0005636541173838477,0.0005625003249813151,0.000562365978089354,0.000562367772333368,0.0005623672257960927,0.000562367225689556,1.0,0.0005626781137144687,0.0005625539172828457,0.0003184722293539426,False,-8.429371245561869e-05,0.0005623672257960927,2.22955443630625,2.226089808882085,2.2292172237396084,0.003127414857523547,1.0,,,,,0.9998699597928381,31.582552272583854,0.9999996553899648,1.0,31.54006049132315,0.9999999999998201
parameter_input_0.01,input_0.01,"Baseline, input_0.01",0.0,23,2Hz,60.0,0.01,0.5,512a8299eaef29ce,semantic_expanded_right,6.019332014750305e-06,0.00027860126527417324,0.00027960943530628494,0.0002791747948835057,0.00027917738837183374,0.0002791770700614567,0.00027917707007869635,0.00027862285006418437,0.0002784950859774721,0.00027849798581509985,0.0002784976898621838,0.0002784976898841149,1.0,0.00027876381891766454,0.0002785966398665981,0.0008654664727140992,False,-0.00022267138402511934,0.0002784976898841149,2.174290905001525,2.1676319561733317,2.1772298489928406,0.009597892819508846,1.0,,,,,0.9995850713215968,31.596370535390804,0.9999985380090669,1.0,31.54006049132315,0.9999999999998201
parameter_input_0.01,input_0.01,"Baseline, input_0.01",0.0,23,2Hz,60.0,0.01,0.5,512a8299eaef29ce,episodic_expanded_right,1.1977219601494172e-05,0.000554358611099362,0.0005558654892051061,0.0005555211708544163,0.000555526003365939,0.0005555254447135334,0.0005555254446823511,0.0005543921257467748,0.0005542542611773691,0.0005542595468529825,0.0005542589969535161,0.0005542589969276344,1.0,0.0005545700160887293,0.0005544427851668638,0.00033102489100339435,False,-8.772730710875365e-05,0.0005542589969535161,2.2323415998523277,2.2287176768545227,2.232160951360529,0.003443274506006233,1.0,,,,,0.9998237990162238,31.582447570426226,0.9999996455003475,1.0,31.54006049132315,0.9999999999998201
parameter_input_0.01,input_0.01,"Baseline, input_0.01",0.0,23,2Hz,60.0,0.01,0.5,512a8299eaef29ce,shared_auditory_relay,2.1390211738049478e-05,0.0009883031451409312,0.0009906057436406617,0.0009903602667459496,0.0009903655301559176,0.0009903647078226341,0.0009903647077022142,0.0009883350997754654,0.0009881946505957344,0.000988200258100348,0.0009881994383702886,0.000988199438268437,1.0,0.0009886025929787894,0.0009885125649381555,0.0001313863862033151,False,-3.478470846207671e-05,0.0009881994383702886,2.2695633446871923,2.2671307205514797,2.268171865564398,0.0010411450129184097,1.0,,,,,0.9999563024619788,31.575163489100134,0.9999999125768206,1.0,31.54006049132315,0.9999999999998201
parameter_input_0.01,input_0.01,"Baseline, input_0.01",0.0,23,2Hz,60.0,0.01,0.5,512a8299eaef29ce,anterior_temporal_context,9.35801287323431e-06,0.0004321188467661313,0.0004334603788861674,0.00043301878206502994,0.0004330224108639827,0.00043302134587730354,0.0004330213457811873,0.0004321448909749277,0.0004320035159906584,0.0004320081031225092,0.0004320070591315378,0.0004320070590463681,1.0,0.0004323215913299718,0.00043215396131274345,0.000559504538564009,False,-0.00014577124408372556,0.0004320070591315378,2.185968361114087,2.1801155666090697,2.1881218410452545,0.008006274436184846,1.0,,,,,0.9998039984000338,31.585196931500164,0.9999993093028612,1.0,31.54006049132315,0.9999999999998201
parameter_input_0.01,input_0.01,"Baseline, input_0.01",0.0,23,2Hz,60.0,0.01,0.5,512a8299eaef29ce,hippocampal_context,1.3320283372806768e-05,0.0006128557839084785,0.0006145054848802912,0.0006141103575907029,0.0006141087466670791,0.0006141080798836511,0.000614108079816241,0.0006128757403490077,0.0006127517437686745,0.0006127507970485887,0.0006127501220150221,0.0006127501219531991,1.0,0.0006130872102432021,0.0006129462875852952,0.0003316523096092662,False,-9.359784045228637e-05,0.0006127507970485887,2.261674473029525,2.2581206698144243,2.2614215741432586,0.003300904328834342,1.0,,,,,0.9998232590569456,31.57591688189936,0.9999991168769435,1.0,31.54006049132315,0.9999999999998201
parameter_input_0.01,input_0.01,"Baseline, input_0.01",0.0,23,2Hz,60.0,0.01,0.5,512a8299eaef29ce,angular_parietal_context,1.1508342571523365e-05,0.0005317785764558568,0.0005333186211102533,0.0005328810180498051,0.0005328833420475289,0.0005328821947729199,0.0005328821946042762,0.0005318043657671819,0.0005316641506422109,0.0005316674932129179,0.0005316663527762616,0.0005316663526192513,1.0,0.0005320020156220732,0.0005318422129993041,0.00043342144821864815,False,-0.00011794799008848501,0.0005316663527762616,2.23005329705273,2.225890442101735,2.2304277269561825,0.0045372848544475985,1.0,,,,,0.9997473947026534,31.58146477665916,0.9999993626113892,1.0,31.54006049132315,0.9999999999998201
parameter_input_0.01,input_0.01,"Baseline, input_0.01",0.0,23,5Hz,60.0,0.01,0.5,512a8299eaef29ce,semantic_expanded,1.1305271789471826e-05,0.00039095899805487573,0.0003917005924956744,0.00039145324755581807,0.00039146788353620806,0.0003914668673169463,0.0003914668673217424,0.00039090389040186927,0.00039082313243287055,0.000390839953971786,0.0003908388317587274,0.00039083883176331443,1.0,0.0003910707289383108,0.000390984687942225,0.00031744788460686963,False,-8.360063240822058e-05,0.00039083883176331443,1.3004226505138252,1.3002521248678174,1.3004476324102932,0.00019550754247577018,1.0,,,,,0.9995440923494874,31.91262504500317,0.9999988445654857,1.0,31.882878714089507,0.9999999999982886
parameter_input_0.01,input_0.01,"Baseline, input_0.01",0.0,23,5Hz,60.0,0.01,0.5,512a8299eaef29ce,episodic_expanded,2.202641315167955e-05,0.0007639410512920503,0.0007650606713325447,0.0007649166558667523,0.0007649287405906881,0.000764928381115548,0.0007649283811130709,0.0007638394755677825,0.0007637912875161496,0.0007638050830302065,0.0007638046999048618,0.000763804699902307,1.0,0.0007640893985843662,0.0007640444886528647,8.479798272075099e-05,False,-2.384274167450684e-05,0.0007638046999048618,1.3970730315612128,1.3970655236358518,1.3968991722694688,0.00016635136638298853,1.0,,,,,0.9997134116866409,31.905619800736197,0.9999994559487291,1.0,31.882878714089507,0.9999999999982886
parameter_input_0.01,input_0.01,"Baseline, input_0.01",0.0,23,5Hz,60.0,0.01,0.5,512a8299eaef29ce,semantic_anatomical_core,9.995847759626323e-06,0.00034618092574447795,0.0003468724100782371,0.0003466140320693034,0.00034662885880060775,0.00034662785400518673,0.00034662785401047433,0.0003461263594108626,0.0003460483112761943,0.00034606538746780193,0.0003460642650425058,0.0003460642650475417,1.0,0.0003462874691491481,0.00034619715746655755,0.0003763035664292655,False,-9.887399423123e-05,0.0003460642650475417,1.2870073188253945,1.286796273979943,1.2870782708992032,0.00028199691926023007,1.0,,,,,0.9995320120306759,31.915395215766416,0.9999987411764364,1.0,31.882878714089507,0.9999999999982886
parameter_input_0.01,input_0.01,"Baseline, input_0.01",0.0,23,5Hz,60.0,0.01,0.5,512a8299eaef29ce,episodic_anatomical_core,2.3036782348846833e-05,0.0007973791716902187,0.0007985391872617509,0.0007983954785586296,0.000798407415270765,0.0007984071050795094,0.0007984071050779578,0.0007972852151668733,0.0007972275125990101,0.0007972410724231714,0.0007972407416323951,0.0007972407416308203,1.0,0.000797532588025354,0.0007974876060227886,8.13724017909385e-05,False,-2.2814392200753986e-05,0.0007972407416323951,1.4000076186849442,1.3999994779539318,1.3998329312483957,0.00016654670553606366,1.0,,,,,0.9997193019514548,31.905798651114072,0.9999995231309935,1.0,31.882878714089507,0.9999999999982886
parameter_input_0.01,input_0.01,"Baseline, input_0.01",0.0,23,5Hz,60.0,0.01,0.5,512a8299eaef29ce,semantic_platel_peaks,1.2410611124404476e-05,0.00042945971046426287,0.000430253488392079,0.0004300116862881217,0.00043002583839783147,0.0004300248588790451,0.00043002485889001704,0.00042939487640139567,0.00042931754897703264,0.0004293337927960415,0.00042933272564468165,0.000429332725655676,1.0,0.0004295773945769235,0.00042949340873940596,0.00028208606603726406,False,-7.447309821966286e-05,0.000429332725655676,1.311359826246361,1.3112473218707859,1.3113210855765631,7.376370577727442e-05,1.0,,,,,0.9995440923494874,31.9089593748013,0.9999991835626226,1.0,31.882878714089507,0.9999999999982886
parameter_input_0.01,input_0.01,"Baseline, input_0.01",0.0,23,5Hz,60.0,0.01,0.5,512a8299eaef29ce,episodic_platel_peaks,2.0766161669980508e-05,0.0007204226502493193,0.0007214631492668052,0.0007213408127479598,0.0007213544298286002,0.000721353509166981,0.0007213535091634937,0.0007202614774139663,0.0007202760048140684,0.0007202918410890064,0.0007202908723965685,0.0007202908723927351,1.0,0.0007205582702372326,0.000720523654297369,6.930937642925963e-05,False,-2.06565298181971e-05,0.0007202908723927351,1.4014196450618344,1.4014196240946521,1.4012400491287533,0.00017957496589882105,1.0,,,,,0.9996290247378785,31.897048544233026,0.9999991242499912,1.0,31.882878714089507,0.9999999999982886
parameter_input_0.01,input_0.01,"Baseline, input_0.01",0.0,23,5Hz,60.0,0.01,0.5,512a8299eaef29ce,semantic_expanded_left,1.1483480307482194e-05,0.0003970192374022564,0.00039778530848775785,0.0003975179642921737,0.00039753419278416293,0.0003975328619815641,0.0003975328619886688,0.0003969524187112968,0.00039687439397532623,0.00039689325228161855,0.0003968917637839763,0.00039689176379052027,1.0,0.0003971356155173059,0.0003970426752237983,0.00033766851276958374,False,-8.888349663829232e-05,0.00039689176379052027,1.2726533481390028,1.2724142650752892,1.272758715745466,0.0003444506701768546,1.0,,,,,0.9995440923494874,31.91262504500317,0.9999986377873872,1.0,31.882878714089507,0.9999999999982886
parameter_input_0.01,input_0.01,"Baseline, input_0.01",0.0,23,5Hz,60.0,0.01,0.5,512a8299eaef29ce,episodic_expanded_left,2.2268734874113508e-05,0.0007698986632016994,0.000771027449717359,0.0007708836633248982,0.0007708953145200309,0.0007708953458106612,0.0007708953458048645,0.0007697975614701438,0.0007697471012334947,0.0007697604248226874,0.0007697604407525893,0.0007697604407467172,1.0,0.0007700480963098797,0.0007700034712734429,8.360800396569935e-05,False,-2.362734922654042e-05,0.0007697604407467172,1.3951903052121852,1.3951841024728329,1.3950151480789432,0.00016895439388964206,1.0,,,,,0.9997149378406613,31.90550189741166,0.9999994729319344,1.0,31.882878714089507,0.9999999999982886
parameter_input_0.01,input_0.01,"Baseline, input_0.01",0.0,23,5Hz,60.0,0.01,0.5,512a8299eaef29ce,semantic_expanded_right,1.1097361851793067e-05,0.00038499126430291116,0.00038570895125500637,0.00038548105692493733,0.00038549414521311866,0.00038549343428632217,0.0003854934342888784,0.0003849475260218837,0.0003848641362691117,0.00038487897877457166,0.00038487821201971267,0.0003848782120224009,1.0,0.00038509846273326057,0.00038501913205957585,0.0002972272564448767,False,-7.831776817788239e-05,0.0003848782120224009,1.3281919528886477,1.3280899846603458,1.3281365490751205,4.656441477468576e-05,1.0,,,,,0.9995353030814429,31.913395099596897,0.9999989696434333,1.0,31.882878714089507,0.9999999999982886
parameter_input_0.01,input_0.01,"Baseline, input_0.01",0.0,23,5Hz,60.0,0.01,0.5,512a8299eaef29ce,episodic_expanded_right,2.1850179171727587e-05,0.0007580295404361664,0.0007591400682743112,0.000758995835894085,0.0007590083467376589,0.0007590076025439685,0.0007590076025447592,0.0007579275041108251,0.0007578815560990538,0.0007578958154378554,0.0007578950394311934,0.000757895039431905,1.0,0.0007581768097691326,0.0007581316220242229,8.598796147606446e-05,False,-2.4058134122384445e-05,0.000757895039431905,1.3989557579102403,1.3989469447988707,1.3987831964599946,0.00016374833887611295,1.0,,,,,0.9996890076545457,31.906034538157755,0.9999994559487291,1.0,31.882878714089507,0.9999999999982886
parameter_input_0.01,input_0.01,"Baseline, input_0.01",0.0,23,5Hz,60.0,0.01,0.5,512a8299eaef29ce,shared_auditory_relay,3.8625953740784506e-05,0.0013375642706420193,0.0013393499868259817,0.001339222820016425,0.001339237573728096,0.0013392370291396812,0.0013392370291385226,0.0013374521509925705,0.0013373709620955274,0.0013373874158586554,0.0013373868291399048,0.0013373868291389022,1.0,0.0013377932769114427,0.0013377567213374087,3.942258258191845e-05,False,-1.1402526201553798e-05,0.0013373868291399048,1.4464218786698113,1.44639693761476,1.4462486794397376,0.0001482581750225087,1.0,,,,,0.9998098459980781,31.901807146722795,0.9999998432231609,1.0,31.882878714089507,0.9999999999982886
parameter_input_0.01,input_0.01,"Baseline, input_0.01",0.0,23,5Hz,60.0,0.01,0.5,512a8299eaef29ce,anterior_temporal_context,1.7205646009381035e-05,0.0005954817031205036,0.0005964353448886868,0.0005962442179355784,0.000596258772876234,0.0005962576300715288,0.0005962576300711353,0.0005953810062350362,0.0005953308278578291,0.0005953477397809937,0.0005953465249270231,0.0005953465249264975,1.0,0.0005956139301641737,0.000595550957710284,0.00015253983381935694,False,-4.137056751742918e-05,0.0005953465249270231,1.3452303720118275,1.345166623215445,1.3451326257281089,3.399748733601271e-05,1.0,,,,,0.999653438448958,31.90394246152185,0.9999991727799161,1.0,31.882878714089507,0.9999999999982886
parameter_input_0.01,input_0.01,"Baseline, input_0.01",0.0,23,5Hz,60.0,0.01,0.5,512a8299eaef29ce,hippocampal_context,2.4484089356797923e-05,0.0008447837159632068,0.0008458854790916983,0.0008458609690287117,0.0008458707032059775,0.0008458706408061912,0.0008458706408081761,0.0008445298359622342,0.0008446408379684777,0.0008446525281936588,0.0008446524595272547,0.0008446524595291647,1.0,0.000844917252735084,0.0008449214658935662,7.193944347313726e-06,False,-1.7059556162379864e-06,0.0008446524595272547,1.437474273481679,1.4375054113771077,1.4372540063384196,0.0002514050386881461,1.0,,,,,0.9996704987963095,31.89205729177747,0.9999991926749359,1.0,31.882878714089507,0.9999999999982886
parameter_input_0.01,input_0.01,"Baseline, input_0.01",0.0,23,5Hz,60.0,0.01,0.5,512a8299eaef29ce,angular_parietal_context,2.120808402677263e-05,0.0007344806464099335,0.0007355244403219372,0.0007354300291621409,0.0007354421302991589,0.0007354413549855652,0.0007354413549857168,0.0007342775515286584,0.0007343304827339,0.0007343449644227265,0.0007343441468893239,0.0007343441468891909,1.0,0.000734614073118306,0.0007345902916832279,4.6704678092861455e-05,False,-1.5186814537226923e-05,0.0007343441468891909,1.3972650375075903,1.3972807322014618,1.3970721236144015,0.00020860858706028829,1.0,,,,,0.999613881933285,31.896560230415005,0.9999990620833386,1.0,31.882878714089507,0.9999999999982886
parameter_input_0.01,input_0.01,"Baseline, input_0.01",0.0,37,2Hz,60.0,0.01,0.5,512a8299eaef29ce,semantic_expanded,6.121372609598041e-06,0.0002824903453799909,0.00028355985815629224,0.00028306267497373765,0.00028306613918986103,0.0002830653215151857,0.00028306532148096694,0.0002825051494229581,0.0002823715762237214,0.0002823756739370218,0.00028237490349917175,0.00028237490347118757,1.0,0.0002826663306496382,0.00028247540480785626,0.0009747918382728259,False,-0.00025115545975156194,0.00028237490349917175,2.1465519383027356,2.1376810090246607,2.1519749609495964,0.014293951924935655,1.0,,,,,0.9995783228691819,31.59711506517965,0.999998241211265,1.0,31.54006050862617,0.9999999999998053
parameter_input_0.01,input_0.01,"Baseline, input_0.01",0.0,37,2Hz,60.0,0.01,0.5,512a8299eaef29ce,episodic_expanded,1.2067756207024345e-05,0.0005583981577604574,0.0005599148414503391,0.00055957234733923,0.0005595762575510564,0.0005595750211479046,0.0005595750210693544,0.0005584341208355281,0.000558295239458456,0.0005582996263365987,0.0005582983919815742,0.0005582983919140206,1.0,0.00055861156649693,0.0005584836255002697,0.0003304639453068009,False,-8.724113979656778e-05,0.0005582983919815742,2.2309191471969743,2.2273461481816814,2.2306891058587697,0.003342957677088254,1.0,,,,,0.9998670169429968,31.582339781705038,0.9999996456080048,1.0,31.54006050862617,0.9999999999998053
parameter_input_0.01,input_0.01,"Baseline, input_0.01",0.0,37,2Hz,60.0,0.01,0.5,512a8299eaef29ce,semantic_anatomical_core,5.4018584749820625e-06,0.00024961273322260863,0.00025063253797383777,0.0002501069959571982,0.00025011041223557695,0.00025010988359409875,0.0002501098835923914,0.00024962039115455936,0.0002494903682374923,0.0002494944175467335,0.0002494939431866006,0.00024949394318777413,1.0,0.0002497851840628519,0.00024958381680454273,0.0011635145962272128,False,-0.000300332445378082,0.00024949394318777413,2.133671266957946,2.12356638019559,2.140442574235884,0.016876194040293946,1.0,,,,,0.9995623364342358,31.599758434695403,0.9999982010139482,1.0,31.54006050862617,0.9999999999998053
parameter_input_0.01,input_0.01,"Baseline, input_0.01",0.0,37,2Hz,60.0,0.01,0.5,512a8299eaef29ce,episodic_anatomical_core,1.2637277663267793e-05,0.0005835906206916646,0.0005851425605256348,0.0005848205179691086,0.0005848243072653958,0.0005848230581886797,0.00058482305810711,0.0005836276309901833,0.0005834900278122394,0.0005834942270577955,0.0005834929785873385,0.0005834929785171177,1.0,0.0005838065156616728,0.0005836859577120576,0.00029795199649593836,False,-7.848293544681084e-05,0.0005834929785873385,2.2333565214290374,2.2300000054312674,2.2329062350548354,0.002906229623568013,1.0,,,,,0.9998707891025085,31.58226746379148,0.9999996724417709,1.0,31.54006050862617,0.9999999999998053
parameter_input_0.01,input_0.01,"Baseline, input_0.01",0.0,37,2Hz,60.0,0.01,0.5,512a8299eaef29ce,semantic_platel_peaks,6.716580939029532e-06,0.0003100551999813551,0.000311185940246992,0.0003106970760423972,0.00031070062562766124,0.0003106994514593529,0.0003106994513511824,0.00031007418201134314,0.00030993650797755365,0.0003099405923482785,0.00030993945424059416,0.000309939454143847,1.0,0.00031023764729482233,0.0003100498290292675,0.0008736738977580135,False,-0.00022516702301969007,0.00030993945424059416,2.159270412885523,2.1520115786705505,2.1628437212916656,0.010832142621115093,1.0,,,,,0.9995783228691819,31.603409414945716,0.999998241211265,1.0,31.54006050862617,0.9999999999998053
parameter_input_0.01,input_0.01,"Baseline, input_0.01",0.0,37,2Hz,60.0,0.01,0.5,512a8299eaef29ce,episodic_platel_peaks,1.132309367503993e-05,0.0005240827746255221,0.0005255891412368528,0.0005251585115857327,0.0005251645970807775,0.000525163426506087,0.0005251634264495354,0.0005241138752260931,0.0005239657676548771,0.0005239725483818591,0.0005239713931912999,0.0005239713931412669,1.0,0.0005243008867922533,0.0005241441626960216,0.0004313150760084796,False,-0.00011622713960983689,0.0005239713931912999,2.2336243471903927,2.229329624089872,2.234124151989139,0.004794527899266932,1.0,,,,,0.9997375313307985,31.583083618435097,0.9999993424245441,1.0,31.54006050862617,0.9999999999998053
parameter_input_0.01,input_0.01,"Baseline, input_0.01",0.0,37,2Hz,60.0,0.01,0.5,512a8299eaef29ce,semantic_expanded_left,6.208822907577368e-06,0.0002864329888870489,0.000287562997333155,0.0002870049396252234,0.0002870087959617423,0.00028700772675550515,0.0002870077266823183,0.00028644017857313203,0.00028630223558660274,0.000286307089690564,0.00028630609525622056,0.00028630609519071626,1.0,0.0002866220641190543,0.00028640817252812475,0.0010770124580458513,False,-0.0002781464443559756,0.00028630609525622056,2.1188615411838274,2.107826450608802,2.126720031703992,0.018893581095190015,1.0,,,,,0.9995783228691819,31.59711506517965,0.999998241211265,1.0,31.54006050862617,0.9999999999998053
parameter_input_0.01,input_0.01,"Baseline, input_0.01",0.0,37,2Hz,60.0,0.01,0.5,512a8299eaef29ce,episodic_expanded_left,1.2192216665978346e-05,0.0005624662053950122,0.000563989229078778,0.0005636534372530491,0.0005636554757677435,0.0005636541175061665,0.0005636541173821957,0.0005625033531116032,0.0005623660019918355,0.0005623685910913422,0.0005623672257951502,0.0005623672256879397,1.0,0.00056268070949023,0.000562553916401088,0.0003251299906515373,False,-8.566062194876879e-05,0.0005623672257951502,2.229525144933916,2.2260313337206776,2.2292172464564493,0.0031859127357716233,1.0,,,,,0.9998686680556235,31.582711916087383,0.9999996536217369,1.0,31.54006050862617,0.9999999999998053
parameter_input_0.01,input_0.01,"Baseline, input_0.01",0.0,37,2Hz,60.0,0.01,0.5,512a8299eaef29ce,semantic_expanded_right,6.019347261955496e-06,0.0002786019708937056,0.0002796124463275855,0.0002791745607860133,0.0002791776429267849,0.00027917707007502556,0.00027917707007871814,0.00027862417852149077,0.0002784948811024931,0.0002784982422809181,0.00027849768987562017,0.0002784976898841371,1.0,0.0002787651911185116,0.00027859663925451243,0.0008725712184998213,False,-0.00022416447514732598,0.0002784976898841371,2.174242335421644,2.16753556744052,2.1772298901952007,0.00969432275468085,1.0,,,,,0.9995819718021808,31.596754789099197,0.9999985332028908,1.0,31.54006050862617,0.9999999999998053
parameter_input_0.01,input_0.01,"Baseline, input_0.01",0.0,37,2Hz,60.0,0.01,0.5,512a8299eaef29ce,episodic_expanded_right,1.1977239509603252e-05,0.0005543595323585598,0.0005558698881332148,0.0005555208062470523,0.0005555265609516959,0.0005555254447143323,0.0005555254446805522,0.0005543943259863151,0.0005542539436914603,0.0005542601021915158,0.0005542589969543347,0.0005542589969258691,1.0,0.0005545718503604969,0.0005544427846975384,0.00033579789996218516,False,-8.882165764418916e-05,0.0005542589969543347,2.2323131494600323,2.228660962642685,2.2321609652610905,0.003500002618405329,1.0,,,,,0.9998219891521974,31.582339781705038,0.9999996456080048,1.0,31.54006050862617,0.9999999999998053
parameter_input_0.01,input_0.01,"Baseline, input_0.01",0.0,37,2Hz,60.0,0.01,0.5,512a8299eaef29ce,shared_auditory_relay,2.139023653793809e-05,0.0009883042855518157,0.0009906108379793028,0.000990360007999776,0.0009903661663885385,0.0009903647078250875,0.0009903647077022248,0.000988338850011459,0.000988194428158889,0.0009882008924187525,0.0009881994383727638,0.0009881994382684486,1.0,0.0009886048557495853,0.0009885125638400625,0.0001346901089030633,False,-3.550778767467122e-05,0.0009881994383727638,2.26955138913774,2.267106776284942,2.2681718822092245,0.001065105924282328,1.0,,,,,0.9999558424636903,31.575162879512604,0.9999999117382143,1.0,31.54006050862617,0.9999999999998053
parameter_input_0.01,input_0.01,"Baseline, input_0.01",0.0,37,2Hz,60.0,0.01,0.5,512a8299eaef29ce,anterior_temporal_context,9.358044694734073e-06,0.00043212030163922074,0.000433467038661993,0.0004330186044395227,0.00043302298846188686,0.000433021345874399,0.0004330213457815242,0.00043214858194594183,0.00043200339030815155,0.0004320086761253003,0.0004320070591286405,0.00043200705904670994,1.0,0.0004323244793217487,0.000432153960544553,0.000569144552563319,False,-0.0001479582243494093,0.0004320070591286405,2.185919473545155,2.1800193803193864,2.1881218675228182,0.008102487203431874,1.0,,,,,0.9998019951331589,31.585098188086725,0.9999993073430594,1.0,31.54006050862617,0.9999999999998053
parameter_input_0.01,input_0.01,"Baseline, input_0.01",0.0,37,2Hz,60.0,0.01,0.5,512a8299eaef29ce,hippocampal_context,1.3320315207447897e-05,0.0006128572166739709,0.0006145114588688988,0.0006141103396865926,0.0006141096936438816,0.0006141080798811022,0.0006141080798178915,0.0006128790162256439,0.0006127517716675926,0.0006127517396352281,0.0006127501220123702,0.0006127501219546631,1.0,0.0006130900449216934,0.0006129462873553165,0.00033832330020365075,False,-9.499826373868814e-05,0.0006127517396352281,2.2616452061045873,2.25806223616453,2.261421577337154,0.003359341172624042,1.0,,,,,0.9998216535442026,31.57603674804724,0.9999991305876914,1.0,31.54006050862617,0.9999999999998053
parameter_input_0.01,input_0.01,"Baseline, input_0.01",0.0,37,2Hz,60.0,0.01,0.5,512a8299eaef29ce,angular_parietal_context,1.1508380691829222e-05,0.0005317803406487725,0.0005333268807929817,0.0005328807434712338,0.0005328841018400109,0.0005328821947726156,0.0005328821946042818,0.0005318093024589816,0.0005316639298655092,0.000531668247833559,0.0005316663527759693,0.0005316663526192573,1.0,0.0005320055275550477,0.0005318422125377247,0.0004429464077726999,False,-0.00012014515356817412,0.0005316663527759693,2.230016688372795,2.2258175413702714,2.23042773574403,0.004610194373758425,1.0,,,,,0.9997446949559686,31.581568975657113,0.9999993633238466,1.0,31.54006050862617,0.9999999999998053
parameter_input_0.01,input_0.01,"Baseline, input_0.01",0.0,37,5Hz,60.0,0.01,0.5,512a8299eaef29ce,semantic_expanded,1.1305298103414333e-05,0.0003909598827053963,0.00039170480664536714,0.00039145359809108484,0.0003914676727629554,0.0003914668673265211,0.00039146686732387584,0.0003909077305577362,0.000390823483158693,0.00039083975361055306,0.00039083883176843913,0.00039083883176547774,1.0,0.000391072499698314,0.00039098468572469673,0.00032398854496123476,False,-8.521735387683194e-05,0.00039083883176843913,1.3004239524169896,1.3002547172898602,1.3004476448610576,0.00019292757119737658,1.0,,,,,0.999543298662672,31.912641878310033,0.9999988534311851,1.0,31.882878756837698,0.9999999999983438
parameter_input_0.01,input_0.01,"Baseline, input_0.01",0.0,37,5Hz,60.0,0.01,0.5,512a8299eaef29ce,episodic_expanded,2.202645965241468e-05,0.0007639427157853359,0.0007650686655655943,0.0007649171951110408,0.0007649283614929378,0.0007649283811152395,0.0007649283811125763,0.0007638474039021187,0.000763791810119657,0.000763804704971755,0.0007638046999046027,0.0007638046999018375,1.0,0.000764092720488024,0.0007640444872827636,9.107272004731763e-05,False,-2.5401080396214584e-05,0.0007638046999046027,1.3970730471375554,1.3970655193552073,1.3968991752894204,0.0001663440657868609,1.0,,,,,0.9997133686775982,31.90581301878375,0.9999994623359983,1.0,31.882878756837698,0.9999999999983438
parameter_input_0.01,input_0.01,"Baseline, input_0.01",0.0,37,5Hz,60.0,0.01,0.5,512a8299eaef29ce,semantic_anatomical_core,9.99586835369914e-06,0.00034618163781988175,0.00034687572676420683,0.0003466143946023409,0.0003466286850593827,0.00034662785401889603,0.00034662785401292403,0.00034612917350512745,0.0003460486828019985,0.00034606522761765693,0.000346064265056396,0.0003460642650500203,1.0,0.00034628889476627083,0.0003461971551909311,0.0003822524112316828,False,-0.00010032889149513835,0.000346064265056396,1.2870087372449492,1.2867990976299035,1.2870782859213823,0.00027918829147877133,1.0,,,,,0.9995318935226596,31.9154311669961,0.9999987384232829,1.0,31.882878756837698,0.9999999999983438
parameter_input_0.01,input_0.01,"Baseline, input_0.01",0.0,37,5Hz,60.0,0.01,0.5,512a8299eaef29ce,episodic_anatomical_core,2.3036830422552037e-05,0.0007973808488889541,0.0007985472241620684,0.0007983960384672776,0.0007984070290575642,0.0007984071050792399,0.0007984071050777572,0.0007972932122916601,0.0007972280565715312,0.0007972406858118659,0.0007972407416321799,0.0007972407416306688,1.0,0.0007975359348135727,0.0007974876046524025,8.742903429524911e-05,False,-2.4316973393023746e-05,0.0007972407416306688,1.4000074236289737,1.3999990513768812,1.3998329343457412,0.00016611703114000065,1.0,,,,,0.9997191555201634,31.905944168851406,0.999999525105055,1.0,31.882878756837698,0.9999999999983438
parameter_input_0.01,input_0.01,"Baseline, input_0.01",0.0,37,5Hz,60.0,0.01,0.5,512a8299eaef29ce,semantic_platel_peaks,1.2410645307971157e-05,0.00042946086821375203,0.00043025909850110403,0.00043001206253635794,0.0004300255414265857,0.00043002485889086917,0.00043002485889000137,0.000429400310918248,0.0004293179152375648,0.00042933349938357985,0.00042933272565668957,0.00042933272565565995,1.0,0.00042957971157888634,0.0004294934063867828,0.0002898753795588598,False,-7.641734124064214e-05,0.00042933272565668957,1.3113609996822642,1.3112496522880681,1.3113210967166449,7.144442857676125e-05,1.0,,,,,0.999543298662672,31.908957380361322,0.9999991861869948,1.0,31.882878756837698,0.9999999999983438
parameter_input_0.01,input_0.01,"Baseline, input_0.01",0.0,37,5Hz,60.0,0.01,0.5,512a8299eaef29ce,episodic_platel_peaks,2.0766205372060318e-05,0.0007204241653973912,0.0007214704404431728,0.0007213412627068737,0.0007213541304812788,0.000721353509166473,0.0007213535091607374,0.0007202688323539003,0.000720276442432088,0.0007202915601917726,0.0007202908723961981,0.0007202908723901154,1.0,0.0007205612936556217,0.0007205236532926612,7.536483551193108e-05,False,-2.2159520911291253e-05,0.0007202908723901154,1.401420556590263,1.4014214179748659,1.4012400507145533,0.00018136726031259265,1.0,,,,,0.9996291063800748,31.897118733695844,0.999999127852339,1.0,31.882878756837698,0.9999999999983438
parameter_input_0.01,input_0.01,"Baseline, input_0.01",0.0,37,5Hz,60.0,0.01,0.5,512a8299eaef29ce,semantic_expanded_left,1.1483514056194696e-05,0.0003970204035740509,0.0003977910583941018,0.0003975182266357005,0.0003975339203370467,0.00039753286200108594,0.0003975328619879725,0.00039695747964359337,0.00039687464959209016,0.000396892993002966,0.0003968917638035029,0.0003968917637897705,1.0,0.00039713794936980195,0.00039704267216917764,0.00034615789351165056,False,-9.101647043312511e-05,0.0003968917638035029,1.2726547325691269,1.272417017193599,1.2727587325978773,0.00034171540427840874,1.0,,,,,0.999543298662672,31.912641878310033,0.9999986234153808,1.0,31.882878756837698,0.9999999999983438
parameter_input_0.01,input_0.01,"Baseline, input_0.01",0.0,37,5Hz,60.0,0.01,0.5,512a8299eaef29ce,episodic_expanded_left,2.226879378679983e-05,0.0007699006987824674,0.000771037339467877,0.0007708842094817643,0.0007708948562503653,0.0007708953458102804,0.0007708953458048864,0.0007698071411967637,0.0007697476218908062,0.0007697599561428943,0.0007697604407522591,0.000769760440746739,1.0,0.0007700521598407252,0.0007700034695072002,9.122437060137703e-05,False,-2.552894754419555e-05,0.000769760440746739,1.3951901927316577,1.3951838368924547,1.3950151516735345,0.00016868521892021704,1.0,,,,,0.9997148481837185,31.905694250862304,0.9999994734408877,1.0,31.882878756837698,0.9999999999983438
parameter_input_0.01,input_0.01,"Baseline, input_0.01",0.0,37,5Hz,60.0,0.01,0.5,512a8299eaef29ce,semantic_expanded_right,1.109737949183724e-05,0.0003849918757550917,0.00038571167529129023,0.00038548149289991497,0.00038549399429491424,0.0003854934342862489,0.00038549343429375535,0.00038495018143252667,0.0003848645791442792,0.0003848788355938959,0.0003848782120199041,0.00038487821202738833,1.0,0.0003850996870557868,0.0003850191306543069,0.0003018191964103118,False,-7.941823732053877e-05,0.00038487821202738833,1.3281931722648526,1.3280924173861215,1.3281365571242376,4.4139738116122373e-05,1.0,,,,,0.9995354997030588,31.91339614600372,0.9999989818956369,1.0,31.882878756837698,0.9999999999983438
parameter_input_0.01,input_0.01,"Baseline, input_0.01",0.0,37,5Hz,60.0,0.01,0.5,512a8299eaef29ce,episodic_expanded_right,2.185021664558912e-05,0.000758030839463326,0.0007591461957397275,0.0007589963683000863,0.0007590080456137344,0.0007590076025437305,0.0007590076025437569,0.0007579338060451587,0.0007578820805874704,0.0007578955266266035,0.0007578950394310036,0.0007578950394309517,1.0,0.0007581794012804898,0.0007581316210442372,9.09210694930131e-05,False,-2.5273213248411253e-05,0.0007578950394310036,1.3989559015434532,1.3989472018179596,1.3987831989053063,0.0001640029126532827,1.0,,,,,0.9996892701917653,31.906075318919065,0.9999994623359983,1.0,31.882878756837698,0.9999999999983438
parameter_input_0.01,input_0.01,"Baseline, input_0.01",0.0,37,5Hz,60.0,0.01,0.5,512a8299eaef29ce,shared_auditory_relay,3.8626004438879974e-05,0.0013375660250915119,0.0013393587906747207,0.0013392230266015255,0.0013392371746762163,0.0013392370291366218,0.001339237029136931,0.0013374609944571787,0.0013373711493046465,0.0013373870195382816,0.0013373868291370135,0.0013373868291374792,1.0,0.001337796781114988,0.001337756719104942,4.320396749382094e-05,False,-1.236196664597955e-05,0.0013373868291374792,1.4464219515367993,1.4463970655070073,1.4462486822044593,0.00014838330254796084,1.0,,,,,0.99980986733413,31.901888920591922,0.9999998441242306,1.0,31.882878756837698,0.9999999999983438
parameter_input_0.01,input_0.01,"Baseline, input_0.01",0.0,37,5Hz,60.0,0.01,0.5,512a8299eaef29ce,anterior_temporal_context,1.720569613774541e-05,0.0005954834416189675,0.0005964439663214403,0.0005962445156832821,0.0005962584247017984,0.0005962576300751994,0.000596257630071352,0.0005953891859180449,0.0005953311006049381,0.0005953473985135396,0.0005953465249306875,0.0005953465249266493,1.0,0.0005956174054995008,0.0005955509561783676,0.000160961471531656,False,-4.349197998756438e-05,0.0005953465249306875,1.345230607841307,1.3451670801989786,1.3451326295531643,3.445064581431012e-05,1.0,,,,,0.9996532566663079,31.904011212390735,0.9999991758700681,1.0,31.882878756837698,0.9999999999983438
parameter_input_0.01,input_0.01,"Baseline, input_0.01",0.0,37,5Hz,60.0,0.01,0.5,512a8299eaef29ce,hippocampal_context,2.4484145835122046e-05,0.0008447856815001863,0.0008458948203166247,0.0008458617247594228,0.0008458702538966924,0.0008458706408091333,0.0008458706408053843,0.0008445390199312334,0.0008446415774591474,0.0008446520702672172,0.0008446524595302532,0.0008446524595263537,1.0,0.0008449211777338783,0.000844921465452824,4.912773361792346e-07,False,-3.3635826527600444e-06,0.0008446520702672172,1.4374750051954726,1.4375068510965212,1.4372540063221888,0.0002528447743324058,1.0,,,,,0.9996704186948012,31.892066002477605,0.999999197109132,1.0,31.882878756837698,0.9999999999983438
parameter_input_0.01,input_0.01,"Baseline, input_0.01",0.0,37,5Hz,60.0,0.01,0.5,512a8299eaef29ce,angular_parietal_context,2.12081456079624e-05,0.0007344827776339737,0.0007355351249022741,0.0007354302464420929,0.000735441711389781,0.0007354413549868638,0.0007354413549857919,0.0007342880773165593,0.0007343306605370838,0.0007343445523813475,0.0007343441468905618,0.0007343441468892665,1.0,0.000734618329188453,0.0007345902908041733,5.5064798027050996e-05,False,-1.7303839024762624e-05,0.0007343441468892665,1.3972663470450517,1.3972833223461572,1.397072124128525,0.00021119821763204705,1.0,,,,,0.9996138617009298,31.896700760440307,0.9999990682412183,1.0,31.882878756837698,0.9999999999983438
parameter_input_0.01,input_0.01,"Baseline, input_0.01",0.0,53,2Hz,60.0,0.01,0.5,512a8299eaef29ce,semantic_expanded,6.12137459626426e-06,0.00028249046108386053,0.000283562211437507,0.00028306204632359984,0.0002830662552359503,0.0002830653215115523,0.00028306532148417596,0.0002825076242219513,0.00028237103346884554,0.00028237579077743276,0.00028237490350086815,0.00028237490347441383,1.0,0.0002826666401856104,0.0002824753973462841,0.0009764097805857139,False,-0.00025219255253050576,0.00028237490350086815,2.1465748074271715,2.137723562910606,2.1519751039252606,0.014251541014654645,1.0,,,,,0.9995773369069898,31.595920933278478,0.999998196721886,1.0,31.54006056625047,0.9999999999997875
parameter_input_0.01,input_0.01,"Baseline, input_0.01",0.0,53,2Hz,60.0,0.01,0.5,512a8299eaef29ce,episodic_expanded,1.2067759574800816e-05,0.0005583982995766217,0.0005599178296306861,0.0005595714174718274,0.0005595765041460621,0.0005595750210768537,0.0005595750210668336,0.0005584355099676906,0.000558294391182415,0.0005582998722377101,0.0005582983919214343,0.0005582983919115021,1.0,0.0005586119524033562,0.0005584836190987636,0.00033147714063940377,False,-8.789122217827128e-05,0.0005582983919214343,2.2309109393852644,2.227330094563272,2.2306891402061693,0.0033590456428971294,1.0,,,,,0.999865818688158,31.582137568819697,0.999999635003079,1.0,31.54006056625047,0.9999999999997875
parameter_input_0.01,input_0.01,"Baseline, input_0.01",0.0,53,2Hz,60.0,0.01,0.5,512a8299eaef29ce,semantic_anatomical_core,5.401861039413634e-06,0.0002496128520274373,0.0002506348320993141,0.0002501064240401746,0.00025011048470873984,0.00025010988362435987,0.00025010988359694663,0.0002496237152477882,0.0002494898845081722,0.0002494944911896328,0.00024949394321873987,0.00024949394319235407,1.0,0.00024978549919449025,0.0002495838095821802,0.0011653764626155692,False,-0.0003014880262071529,0.00024949394321873987,2.133711008005694,2.123641101621611,2.140442751047707,0.016801649426096077,1.0,,,,,0.9995623598914372,31.598745446094703,0.9999981595855534,1.0,31.54006056625047,0.9999999999997875
parameter_input_0.01,input_0.01,"Baseline, input_0.01",0.0,53,2Hz,60.0,0.01,0.5,512a8299eaef29ce,episodic_anatomical_core,1.2637280019630121e-05,0.0005835907272989243,0.000585145307632546,0.0005848196003181365,0.0005848245636501127,0.0005848230581164741,0.0005848230581039383,0.0005836288565786527,0.0005834891870868514,0.0005834944828194363,0.0005834929785263119,0.0005834929785139611,1.0,0.0005838068326895554,0.0005836859520358691,0.0002987494612685596,False,-7.904706713777188e-05,0.0005834929785263119,2.233348561435905,2.229984429040324,2.2329062679006855,0.0029218388603613477,1.0,,,,,0.9998698128018061,31.5821202382958,0.9999996628483477,1.0,31.54006056625047,0.9999999999997875
parameter_input_0.01,input_0.01,"Baseline, input_0.01",0.0,53,2Hz,60.0,0.01,0.5,512a8299eaef29ce,semantic_platel_peaks,6.716583450713873e-06,0.00031005534447856226,0.00031118868124128826,0.00031069632575872025,0.0003107007938514938,0.00031069945138136545,0.0003106994513505422,0.00031007501084107564,0.0003099358363002616,0.0003099407616152934,0.00030993945417346014,0.0003099394541432039,1.0,0.00031023802503335306,0.0003100498203248153,0.0008754709931637396,False,-0.00022626359930884022,0.00030993945417346014,2.1592537974047676,2.1519791731307647,2.1628438392817717,0.010864666151007007,1.0,,,,,0.9995773369069898,31.602552525331706,0.999998196721886,1.0,31.54006056625047,0.9999999999997875
parameter_input_0.01,input_0.01,"Baseline, input_0.01",0.0,53,2Hz,60.0,0.01,0.5,512a8299eaef29ce,episodic_platel_peaks,1.1323100468841047e-05,0.000524083088885549,0.0005255935653875125,0.0005251574453084318,0.0005251647591600809,0.0005251634264614054,0.0005251634264577009,0.0005241161140673568,0.0005239648062575804,0.0005239727080529778,0.0005239713931537679,0.0005239713931492663,1.0,0.0005243016210948006,0.0005241441523815104,0.00043336401216800526,False,-0.00011729506613340491,0.0005239713931537679,2.2336135199222404,2.2293083874220763,2.2341242080470343,0.0048158206249580005,1.0,,,,,0.9997352147902092,31.582519127097783,0.9999993244753556,1.0,31.54006056625047,0.9999999999997875
parameter_input_0.01,input_0.01,"Baseline, input_0.01",0.0,53,2Hz,60.0,0.01,0.5,512a8299eaef29ce,semantic_expanded_left,6.2088197009215876e-06,0.0002864328407767318,0.0002875639824776791,0.0002870043035860722,0.00028700892528044704,0.00028700772671888216,0.0002870077266888258,0.0002864418441841119,0.00028630170534701727,0.00028630722185307266,0.0002863060952261476,0.00028630609519725915,1.0,0.00028662185084735837,0.0002864081675553128,0.0010759640163479549,False,-0.00027848083364556686,0.0002863060952261476,2.11890626683541,2.1079092625600926,2.1267201514492284,0.018810888889135846,1.0,,,,,0.9995773369069898,31.595920933278478,0.999998196721886,1.0,31.54006056625047,0.9999999999997875
parameter_input_0.01,input_0.01,"Baseline, input_0.01",0.0,53,2Hz,60.0,0.01,0.5,512a8299eaef29ce,episodic_expanded_left,1.2192217757011514e-05,0.0005624662553803841,0.0005639916193111011,0.0005636525210937204,0.0005636557926306403,0.0005636541173795063,0.0005636541173753441,0.000562504445651422,0.0005623651660584627,0.0005623689088323679,0.0005623672256848439,0.0005623672256811308,1.0,0.0005626809161912821,0.0005625539116335084,0.00032567219200415297,False,-8.615481699267847e-05,0.0005623672256848439,2.229520179491426,2.2260217854932343,2.229217247505713,0.003195462012478778,1.0,,,,,0.9998677399720416,31.582686021144106,0.9999996449746016,1.0,31.54006056625047,0.9999999999997875
parameter_input_0.01,input_0.01,"Baseline, input_0.01",0.0,53,2Hz,60.0,0.01,0.5,512a8299eaef29ce,semantic_expanded_right,6.019355307497381e-06,0.00027860234317745463,0.00027961612946979795,0.00027917393944190347,0.0002791777460405093,0.0002791770701034823,0.00027917707007871814,0.0002786274399638086,0.00027849432627591775,0.0002784983441951015,0.0002784976899082192,0.0002784976898841371,1.0,0.0002787660090729527,0.0002785966293734667,0.0008768555448183631,False,-0.0002259042714155335,0.0002784976899082192,2.1742433480189325,2.1675378632611193,2.1772300564012927,0.009692193140173444,1.0,,,,,0.9995824009024471,31.596077893723308,0.9999985015449584,1.0,31.54006056625047,0.9999999999997875
parameter_input_0.01,input_0.01,"Baseline, input_0.01",0.0,53,2Hz,60.0,0.01,0.5,512a8299eaef29ce,episodic_expanded_right,1.1977244533193037e-05,0.0005543597646745812,0.0005558734654980843,0.0005555198629181087,0.0005555267382792907,0.0005555254446980928,0.0005555254446823004,0.0005543960073626248,0.0005542530832952409,0.000554260277275668,0.0005542589969436399,0.0005542589969275788,1.0,0.0005545724128696233,0.0005544427766859996,0.0003372820892749195,False,-8.962762736342e-05,0.0005542589969436399,2.2323016992791027,2.2286384036333104,2.232161032906625,0.0035226292733145925,1.0,,,,,0.9998202999845356,31.582102907771908,0.999999635003079,1.0,31.54006056625047,0.9999999999997875
parameter_input_0.01,input_0.01,"Baseline, input_0.01",0.0,53,2Hz,60.0,0.01,0.5,512a8299eaef29ce,shared_auditory_relay,2.1390236517877227e-05,0.0009883042873128198,0.000990613017221387,0.0009903591807661738,0.0009903664594192996,0.0009903647077149308,0.000990364707701807,0.0009883396947574315,0.0009881936732178975,0.0009882011847959001,0.0009881994382806073,0.0009881994382680403,1.0,0.0009886049466205319,0.0009885125560021785,0.0001348341581553721,False,-3.5764920343517304e-05,0.0009881994382806073,2.2695475378843746,2.267099228502003,2.2681718976624827,0.0010726691604796557,1.0,,,,,0.9999553950502411,31.575089862098103,0.9999999098660605,1.0,31.54006056625047,0.9999999999997875
parameter_input_0.01,input_0.01,"Baseline, input_0.01",0.0,53,2Hz,60.0,0.01,0.5,512a8299eaef29ce,anterior_temporal_context,9.358051174897515e-06,0.00043212062527229735,0.00043347118213392285,0.0004330175538995067,0.00043302319558173873,0.0004330213458017669,0.00043302134577993774,0.0004321493172264505,0.0004320024487573606,0.00043200888232444756,0.00043200705906726625,0.00043200705904511763,1.0,0.0004323252133391698,0.0004321539514042151,0.000571624528528665,False,-0.00014916228416659295,0.00043200705906726625,2.1858821837345435,2.1799470053217798,2.188121881395004,0.008174876073224091,1.0,,,,,0.9997999359880982,31.584737671381852,0.9999992852125267,1.0,31.54006056625047,0.9999999999997875
parameter_input_0.01,input_0.01,"Baseline, input_0.01",0.0,53,2Hz,60.0,0.01,0.5,512a8299eaef29ce,hippocampal_context,1.3320313645295131e-05,0.0006128571569665638,0.0006145145280513207,0.0006141089248651246,0.000614109958959125,0.0006141080798160152,0.0006141080798453155,0.0006128798259217787,0.0006127504536273125,0.000612752004319886,0.0006127501219541069,0.0006127501219821757,1.0,0.0006130900730894,0.0006129462717606885,0.00033842628830399734,False,-9.555263010536664e-05,0.0006127504536273125,2.2616333255770034,2.258038965789736,2.2614215975837193,0.0033826317939831263,1.0,,,,,0.9998202540662606,31.575571608344646,0.9999991098310006,1.0,31.54006056625047,0.9999999999997875
parameter_input_0.01,input_0.01,"Baseline, input_0.01",0.0,53,2Hz,60.0,0.01,0.5,512a8299eaef29ce,angular_parietal_context,1.1508386875102897e-05,0.0005317806250432932,0.0005333313237350997,0.0005328794887331303,0.0005328844030719737,0.0005328821946099817,0.0005328821946042795,0.0005318102841416467,0.0005316627913239424,0.0005316685471914191,0.0005316663526258896,0.000531666352619255,1.0,0.000532006206025327,0.0005318422032147912,0.00044481157516643177,False,-0.00012117717359618752,0.0005316663526258896,2.2299967666487905,2.2257782687075727,2.230427745158548,0.004649476450975243,1.0,,,,,0.9997417966593419,31.58112567069123,0.9999993391245916,1.0,31.54006056625047,0.9999999999997875
parameter_input_0.01,input_0.01,"Baseline, input_0.01",0.0,53,5Hz,60.0,0.01,0.5,512a8299eaef29ce,semantic_expanded,1.1305313844198975e-05,0.0003909604317510431,0.00039170838572139867,0.0003914529385325175,0.00039146759342230316,0.0003914668673186243,0.00039146686732464145,0.0003909081964591079,0.00039082274815045975,0.00039083967207695553,0.00039083883176046515,0.0003908388317662345,1.0,0.000391073599005012,0.0003909846857407431,0.0003280439028261443,False,-8.641402532720832e-05,0.0003908388317662345,1.3004206738696409,1.3002482048594879,1.3004476429944165,0.00019943813492862006,1.0,,,,,0.9995401734294541,31.913045531107116,0.9999988031126948,1.0,31.88287880697889,0.9999999999983885
parameter_input_0.01,input_0.01,"Baseline, input_0.01",0.0,53,5Hz,60.0,0.01,0.5,512a8299eaef29ce,episodic_expanded,2.202647929562848e-05,0.0007639433713237692,0.0007650735886963385,0.0007649159593480715,0.0007649281164803064,0.0007649283811156526,0.0007649283811126836,0.0007638505994564936,0.0007637904764632209,0.0007638044599113686,0.0007638046999051807,0.0007638046999021448,1.0,0.0007640940319898406,0.0007640444875716985,9.354843879332514e-05,False,-2.621289788287129e-05,0.0007638046999021448,1.397073915980279,1.3970672599463918,1.3968991747346444,0.0001680852117473819,1.0,,,,,0.9997125687192038,31.905803485477414,0.999999441333018,1.0,31.88287880697889,0.9999999999983885
parameter_input_0.01,input_0.01,"Baseline, input_0.01",0.0,53,5Hz,60.0,0.01,0.5,512a8299eaef29ce,semantic_anatomical_core,9.995885797986866e-06,0.00034618224179649857,0.0003468793777234861,0.00034661386714046085,0.0003466286492752766,0.0003466278540092946,0.0003466278540148975,0.0003461293883558756,0.0003460480898186504,0.0003460651897495549,0.0003460642650466982,0.00034606426505196403,1.0,0.00034629010296122344,0.0003461971549799648,0.00038728681543245916,False,-0.00010173758814211454,0.00034606426505196403,1.2870044108766323,1.2867904936654475,1.2870782840787545,0.0002877904133069542,1.0,,,,,0.9995283385324134,31.91552765246457,0.9999987073881744,1.0,31.88287880697889,0.9999999999983885
parameter_input_0.01,input_0.01,"Baseline, input_0.01",0.0,53,5Hz,60.0,0.01,0.5,512a8299eaef29ce,episodic_anatomical_core,2.3036849191291417e-05,0.0007973814933249288,0.0007985520734009687,0.0007983948303513607,0.0007984067656228966,0.0007984071050809978,0.000798407105077677,0.000797296525672005,0.0007972267541765512,0.0007972404220870777,0.000797240741633994,0.0007972407416306207,1.0,0.0007975372234471981,0.0007974876049694078,8.975952046906442e-05,False,-2.508390529492033e-05,0.0007972407416306207,1.4000085922410008,1.400001388519712,1.3998329337393676,0.00016845478034444028,1.0,,,,,0.9997184657862026,31.905895683689398,0.9999995134451551,1.0,31.88287880697889,0.9999999999983885
parameter_input_0.01,input_0.01,"Baseline, input_0.01",0.0,53,5Hz,60.0,0.01,0.5,512a8299eaef29ce,semantic_platel_peaks,1.2410660779479314e-05,0.00042946144654910397,0.00043026310960234116,0.0004300112242242855,0.00043002538586173704,0.00043002485889556506,0.0004300248588971188,0.0004294013198600085,0.0004293169846554465,0.0004293333409109677,0.0004293327256614477,0.0004293327256628296,1.0,0.00042958087155734977,0.0004294934066182229,0.00029377025379906786,False,-7.762166043345786e-05,0.0004293327256628296,1.3113589223448787,1.3112455316461809,1.3113210952628735,7.556361669269762e-05,1.0,,,,,0.9995401734294541,31.908935693920306,0.9999991513266607,1.0,31.88287880697889,0.9999999999983885
parameter_input_0.01,input_0.01,"Baseline, input_0.01",0.0,53,5Hz,60.0,0.01,0.5,512a8299eaef29ce,episodic_platel_peaks,2.0766228973254264e-05,0.0007204249836129258,0.0007214762500327062,0.0007213398512905898,0.0007213540790908362,0.0007213535091599719,0.0007213535091615262,0.0007202718504215515,0.0007202749218489691,0.0007202915116807433,0.0007202908723901198,0.0007202908723915842,1.0,0.0007205629371570361,0.0007205236535174692,7.865497100864091e-05,False,-2.3180093681318682e-05,0.0007202908723901198,1.401420327688308,1.4014209893319003,1.4012400506736404,0.0001809386582598549,1.0,,,,,0.9996270549568204,31.89717741512782,0.9999990955654097,1.0,31.88287880697889,0.9999999999983885
parameter_input_0.01,input_0.01,"Baseline, input_0.01",0.0,53,5Hz,60.0,0.01,0.5,512a8299eaef29ce,semantic_expanded_left,1.1483528622071797e-05,0.0003970209068141951,0.0003977944483253821,0.0003975175431503213,0.0003975338123783586,0.0003975328619933227,0.0003975328619945564,0.00039695756836532575,0.00039687387822452696,0.0003968928809610828,0.0003968917637957392,0.0003968917637964509,1.0,0.00039713895540169884,0.00039704267208633365,0.0003498128324062666,False,-9.212188568108459e-05,0.0003968917637964509,1.2726495491655787,1.2724067112531265,1.2727587299734613,0.0003520187203347458,1.0,,,,,0.9995401734294541,31.913045531107116,0.999998611663654,1.0,31.88287880697889,0.9999999999983885
parameter_input_0.01,input_0.01,"Baseline, input_0.01",0.0,53,5Hz,60.0,0.01,0.5,512a8299eaef29ce,episodic_expanded_left,2.2268807988338184e-05,0.0007699011891003711,0.0007710415485179294,0.0007708829629743637,0.0007708944722480287,0.0007708953458124899,0.0007708953458066729,0.0007698101000362785,0.0007697462673778333,0.0007697595695331471,0.0007697604407545563,0.0007697604407486527,1.0,0.0007700531375132073,0.0007700034697301134,9.305562412370309e-05,False,-2.619986323981749e-05,0.0007697604407486527,1.3951908437958986,1.3951851287355206,1.395015150857711,0.0001699778778094796,1.0,,,,,0.9997141049093472,31.905722893887205,0.9999994635162818,1.0,31.88287880697889,0.9999999999983885
parameter_input_0.01,input_0.01,"Baseline, input_0.01",0.0,53,5Hz,60.0,0.01,0.5,512a8299eaef29ce,semantic_expanded_right,1.109739660334735e-05,0.0003849924690905393,0.00038571543693078134,0.0003854808566971771,0.0003854939427240332,0.0003854934342782247,0.0003854934342888784,0.0003849510129966338,0.0003848638795659546,0.00038487878366405,0.0003848782120117283,0.0003848782120224009,1.0,0.0003851008765534934,0.0003850191307662452,0.00030627497324692266,False,-8.070616497315442e-05,0.0003848782120224009,1.3281917985737033,1.328089698465849,1.328136556015372,4.685754952293841e-05,1.0,,,,,0.9995322835399142,31.91344780966621,0.999998931155376,1.0,31.88287880697889,0.9999999999983885
parameter_input_0.01,input_0.01,"Baseline, input_0.01",0.0,53,5Hz,60.0,0.01,0.5,512a8299eaef29ce,episodic_expanded_right,2.1850240246385065e-05,0.0007580316576357973,0.0007591518216441263,0.0007589951431898986,0.0007590079374623572,0.0007590076025423748,0.0007590076025422097,0.0007579372344719142,0.0007578807675459124,0.0007578954209485486,0.0007578950394298889,0.0007578950394296768,1.0,0.0007581810413862217,0.0007581316213981586,9.404125346245379e-05,False,-2.6225932526102724e-05,0.0007578950394298889,1.3989569881646595,1.3989493911572632,1.398783198611578,0.0001661925456852842,1.0,,,,,0.9996877587394022,31.905987881901382,0.999999441333018,1.0,31.88287880697889,0.9999999999983885
parameter_input_0.01,input_0.01,"Baseline, input_0.01",0.0,53,5Hz,60.0,0.01,0.5,512a8299eaef29ce,shared_auditory_relay,3.862601324878433e-05,0.0013375663303859587,0.0013393623517419136,0.0013392215608022519,0.0013392368776786313,0.001339237029139781,0.0013392370291405945,0.0013374636347918557,0.0013373696026297349,0.001337386720639182,0.0013373868291401507,0.00133738682914095,1.0,0.001337797398254489,0.0013377567194143682,4.38691637956754e-05,False,-1.266659458982744e-05,0.0013373868291401507,1.4464229976553673,1.446399173313205,1.4462486815149287,0.00015049179827641979,1.0,,,,,0.9998094911949029,31.901894610181003,0.9999998396256738,1.0,31.88287880697889,0.9999999999983885
parameter_input_0.01,input_0.01,"Baseline, input_0.01",0.0,53,5Hz,60.0,0.01,0.5,512a8299eaef29ce,anterior_temporal_context,1.7205709187641496e-05,0.0005954839036278565,0.0005964480256634552,0.0005962431784124447,0.0005962582409624043,0.000596257630069499,0.0005962576300708552,0.0005953908127780643,0.0005953296473226402,0.0005953472149831119,0.0005953465249249498,0.000595346524926241,1.0,0.0005956183350053926,0.0005955509567693029,0.00016321147270207396,False,-4.431207659427727e-05,0.000595346524926241,1.3452291004238144,1.3451641031778565,1.3451326283639053,3.147481395116003e-05,1.0,,,,,0.9996520201963244,31.904038982882128,0.9999991611428571,1.0,31.88287880697889,0.9999999999983885
parameter_input_0.01,input_0.01,"Baseline, input_0.01",0.0,53,5Hz,60.0,0.01,0.5,512a8299eaef29ce,hippocampal_context,2.4484165507676667e-05,0.0008447863946145153,0.0008459006085205211,0.0008458601237174742,0.0008458698570244186,0.0008458706408084015,0.0008458706408053843,0.0008445428920228508,0.0008446398533403755,0.0008446516744811171,0.0008446524595295338,0.0008446524595263537,1.0,0.0008449226092358906,0.0008449214656695258,1.9526269292470714e-06,False,-4.2142358215535585e-06,0.0008446516744811171,1.4374762917873265,1.437509442036136,1.4372540067346176,0.0002554353015185029,1.0,,,,,0.9996694463874027,31.892064134555582,0.9999991799242499,1.0,31.88287880697889,0.9999999999983885
parameter_input_0.01,input_0.01,"Baseline, input_0.01",0.0,53,5Hz,60.0,0.01,0.5,512a8299eaef29ce,angular_parietal_context,2.120816679909536e-05,0.0007344835103167917,0.0007355411062529425,0.0007354284215831216,0.000735441502185182,0.0007354413549906589,0.0007354413549858533,0.0007342915857119179,0.000734328691488582,0.0007343443443075279,0.0007343441468944172,0.0007343441468893291,1.0,0.0007346197981433565,0.0007345902912039199,5.794884681412065e-05,False,-1.829803766124627e-05,0.0007343441468893291,1.3972669869474217,1.3972846196301487,1.397072124165395,0.00021249546475377024,1.0,,,,,0.9996120420997637,31.896733185453275,0.9999990409168694,1.0,31.88287880697889,0.9999999999983885
parameter_input_0.01,input_0.01,"Baseline, input_0.01",0.0,71,2Hz,60.0,0.01,0.5,512a8299eaef29ce,semantic_expanded,6.121362795175431e-06,0.00028248990742279855,0.00028355795517307175,0.0002830627604117774,0.0002830661454832151,0.0002830653156856638,0.00028306531555265046,0.00028250528738068815,0.00028237167746735404,0.00028237568067150746,0.000282374897090363,0.0002823748969649563,1.0,0.00028266552994351597,0.00028247538180963563,0.0009708225839969658,False,-0.00025021353702223695,0.000282374897090363,2.146590990593128,2.1377559924372034,2.1519747628721544,0.014218770434951011,1.0,,,,,0.9995791968680754,31.59673199829079,0.9999982680580111,1.0,31.54006054283402,0.9999999999998065
parameter_input_0.01,input_0.01,"Baseline, input_0.01",0.0,71,2Hz,60.0,0.01,0.5,512a8299eaef29ce,episodic_expanded,1.2067750349598913e-05,0.0005583978708653285,0.0005599137061282316,0.0005595723776602716,0.0005595762538298019,0.0005595750007356821,0.000559575000594941,0.0005584335973130586,0.0005582952807919648,0.0005582996231759403,0.0005582983712129204,0.0005582983710762431,1.0,0.0005586110668721883,0.0005584835947731467,0.00032925296709686346,False,-8.696042740901078e-05,0.0005582983712129204,2.23092482401193,2.2273577482745033,2.2306889689764304,0.003331220701927151,1.0,,,,,0.9998673657985977,31.582450355819173,0.9999996541622462,1.0,31.54006054283402,0.9999999999998065
parameter_input_0.01,input_0.01,"Baseline, input_0.01",0.0,71,2Hz,60.0,0.01,0.5,512a8299eaef29ce,semantic_anatomical_core,5.401849149588625e-06,0.00024961230249312497,0.0002506307027981878,0.00025010710115979317,0.0002501104151230407,0.00025010987284451616,0.0002501098727391972,0.00024962090179794403,0.0002494904920144771,0.00024949442102357273,0.0002494939317988924,0.0002494939317009256,1.0,0.0002497844074556341,0.0002495837874169354,0.0011591989777361936,False,-0.0002993157775148525,0.0002494939317988924,2.1337190802853345,2.1236576958020104,2.1404423255737113,0.01678462977170092,1.0,,,,,0.9995642577753001,31.59953340994792,0.9999982210004685,1.0,31.54006054283402,0.9999999999998065
parameter_input_0.01,input_0.01,"Baseline, input_0.01",0.0,71,2Hz,60.0,0.01,0.5,512a8299eaef29ce,episodic_anatomical_core,1.2637271560966427e-05,0.0005835903345286716,0.0005851413928365629,0.0005848205391273987,0.0005848243035748768,0.0005848230407338145,0.000584823040588098,0.0005836270321557858,0.000583490058844163,0.0005834942238875585,0.000583492960755486,0.0005834929606138754,1.0,0.0005838060109774686,0.0005836859307234329,0.0002967715346529656,False,-7.820412070378425e-05,0.000583492960755486,2.233361365193168,2.230009946807814,2.2329060811470995,0.0028961343392857053,1.0,,,,,0.9998709299627542,31.58233383064568,0.9999996764450536,1.0,31.54006054283402,0.9999999999998065
parameter_input_0.01,input_0.01,"Baseline, input_0.01",0.0,71,2Hz,60.0,0.01,0.5,512a8299eaef29ce,semantic_platel_peaks,6.716570623052705e-06,0.00031005473190885973,0.00031118383400420015,0.0003106971219637468,0.0003107006300672758,0.00031069944576592954,0.0003106994455855461,0.0003100738751716204,0.0003099365647649845,0.00030994059706136343,0.0003099394479667199,0.00030993944779377153,1.0,0.00031023677703656576,0.00031004980813070023,0.0008697241820538736,False,-0.00022420520112786946,0.0003099394479667199,2.1592960598117,2.1520623867861426,2.1628435747676544,0.010781187981511842,1.0,,,,,0.9995791968680754,31.603173428451857,0.9999982680580111,1.0,31.54006054283402,0.9999999999998065
parameter_input_0.01,input_0.01,"Baseline, input_0.01",0.0,71,2Hz,60.0,0.01,0.5,512a8299eaef29ce,episodic_platel_peaks,1.1323088627277195e-05,0.0005240825410065342,0.0005255883922037752,0.000525158553062062,0.0005251645796068575,0.0005251633878105999,0.0005251633876849916,0.0005241139831523629,0.0005239658260328153,0.0005239725315815016,0.0005239713542602045,0.0005239713541378663,1.0,0.0005243005193683686,0.0005241441107784857,0.0004304469538251889,False,-0.00011604319794367157,0.0005239713542602045,2.2336308370175715,2.229342771273477,2.2341241049105265,0.0047813336370494675,1.0,,,,,0.9997380666030355,31.582986018906595,0.9999993549942621,1.0,31.54006054283402,0.9999999999998065
parameter_input_0.01,input_0.01,"Baseline, input_0.01",0.0,71,2Hz,60.0,0.01,0.5,512a8299eaef29ce,semantic_expanded_left,6.2088097244746195e-06,0.00028643238074684165,0.00028756032328603224,0.0002870050082071178,0.00028700880973116965,0.00028700772213714087,0.00028700772203671545,0.0002864396788885646,0.00028630232307902013,0.00028630710395797436,0.000286306089757446,0.00028630608966259295,1.0,0.0002866209294105818,0.00028640815394306466,0.0010713945760704095,False,-0.000276825609657827,0.000286306089757446,2.11891791180757,2.1079335373861006,2.126719427646988,0.018785890260887506,1.0,,,,,0.9995791968680754,31.59673199829079,0.9999982680580111,1.0,31.54006054283402,0.9999999999998065
parameter_input_0.01,input_0.01,"Baseline, input_0.01",0.0,71,2Hz,60.0,0.01,0.5,512a8299eaef29ce,episodic_expanded_left,1.2192208073284598e-05,0.000562465809062506,0.0005639876046646355,0.0005636534950168874,0.0005636554815588442,0.0005636540991032519,0.0005636540989828389,0.0005625022177323069,0.0005623660688193609,0.0005623685975716735,0.0005623672069838528,0.0005623672068662512,1.0,0.0005626799991511999,0.0005625538881859486,0.00032338106233550874,False,-8.525955014970776e-05,0.0005623672069838528,2.2295329698001747,2.226047301300375,2.229217065581076,0.0031697642807007043,1.0,,,,,0.9998688665746801,31.58272154563238,0.9999996605947603,1.0,31.54006054283402,0.9999999999998065
parameter_input_0.01,input_0.01,"Baseline, input_0.01",0.0,71,2Hz,60.0,0.01,0.5,512a8299eaef29ce,semantic_expanded_right,6.019341377659709e-06,0.0002786016985498285,0.0002796112934605235,0.00027917466260419133,0.0002791776419468661,0.00027917706306849143,0.0002791770629038045,0.00027862493669773223,0.00027849499570326773,0.0002784982416866658,0.00027849768258280484,0.000278497682427701,1.0,0.00027876471541194694,0.00027859661196783365,0.0008702505919183331,False,-0.00022360146438646922,0.00027849768258280484,2.1742640693786863,2.167578447488306,2.1772300980973207,0.009651650609014517,1.0,,,,,0.999584848973647,31.596647169243127,0.9999985581053037,1.0,31.54006054283402,0.9999999999998065
parameter_input_0.01,input_0.01,"Baseline, input_0.01",0.0,71,2Hz,60.0,0.01,0.5,512a8299eaef29ce,episodic_expanded_right,1.1977235641463872e-05,0.0005543593533385445,0.0005558692349216975,0.0005555208095196642,0.0005555265478554664,0.0005555254223228483,0.0005555254221620795,0.0005543944055282122,0.0005542539598965367,0.0005542600895290413,0.0005542589742576317,0.000554258974102161,1.0,0.0005545715584396186,0.0005544427514962598,0.00033512487185496416,False,-8.866130466822497e-05,0.0005542589742576317,2.2323166782236856,2.228668195248632,2.2321608723717845,0.00349267712315271,1.0,,,,,0.9998228062468398,31.582450355819173,0.9999996541622462,1.0,31.54006054283402,0.9999999999998065
parameter_input_0.01,input_0.01,"Baseline, input_0.01",0.0,71,2Hz,60.0,0.01,0.5,512a8299eaef29ce,shared_auditory_relay,2.1390229596462502e-05,0.000988303968237533,0.0009906095805227199,0.0009903600942559767,0.0009903661700389145,0.0009903647130344256,0.0009903647128027212,0.000988337904145092,0.000988194522884686,0.0009882008962840603,0.000988199443266522,0.000988199443041475,1.0,0.0009886042771185182,0.0009885125552888444,0.0001338581784722898,False,-3.532981566243265e-05,0.000988199443266522,2.269553455987298,2.267111056766675,2.2681718272796623,0.0010607705129874745,1.0,,,,,0.999955950258574,31.575140210867907,0.9999999140009332,1.0,31.54006054283402,0.9999999999998065
parameter_input_0.01,input_0.01,"Baseline, input_0.01",0.0,71,2Hz,60.0,0.01,0.5,512a8299eaef29ce,anterior_temporal_context,9.358034034987921e-06,0.0004321198191385005,0.00043346501521130613,0.00043301855640415953,0.00043302299966727987,0.00043302133665345204,0.00043302133646517025,0.00043214777060792087,0.00043200335710265287,0.00043200868733249734,0.00043200704945155585,0.00043200704926896254,1.0,0.0004323235814232465,0.00043215394145729706,0.0005662119240250889,False,-0.0001472814018796065,0.00043200704945155585,2.1859353409503344,2.1800509216838275,2.1881215863687884,0.008070664684960871,1.0,,,,,0.9998025085011637,31.585035549997322,0.9999993296168186,1.0,31.54006054283402,0.9999999999998065
parameter_input_0.01,input_0.01,"Baseline, input_0.01",0.0,71,2Hz,60.0,0.01,0.5,512a8299eaef29ce,hippocampal_context,1.3320302915294893e-05,0.000612856663694016,0.0006145090313909496,0.0006141103531375423,0.0006141096955070749,0.0006141080310073787,0.0006141080309676343,0.0006128779171295075,0.0006127517968236933,0.0006127517414796768,0.0006127500723014141,0.0006127500722592502,1.0,0.0006130890439531513,0.0006129462350647212,0.0003360909422274066,False,-9.444715802642278e-05,0.0006127517414796768,2.261654911063623,2.258082180783396,2.2614211451131814,0.003338964329785199,1.0,,,,,0.9998224944899065,31.57602118045863,0.9999991402735275,1.0,31.54006054283402,0.9999999999998065
parameter_input_0.01,input_0.01,"Baseline, input_0.01",0.0,71,2Hz,60.0,0.01,0.5,512a8299eaef29ce,angular_parietal_context,1.1508370309282486e-05,0.0005317798598447059,0.0005333251365730643,0.000532880711533876,0.0005328841191702622,0.0005328821768122822,0.0005328821767563625,0.0005318083381137525,0.0005316639131914109,0.0005316682654211577,0.0005316663342312696,0.0005316663341732901,1.0,0.0005320046654903358,0.0005318421865040416,0.00044067927476276335,False,-0.00011967626632367612,0.0005316663342312696,2.2300271893017225,2.2258389823912488,2.2304274630491676,0.004588480657918836,1.0,,,,,0.9997452529867763,31.58140210656392,0.9999993690530741,1.0,31.54006054283402,0.9999999999998065
parameter_input_0.01,input_0.01,"Baseline, input_0.01",0.0,71,5Hz,60.0,0.01,0.5,512a8299eaef29ce,semantic_expanded,1.1305295329746348e-05,0.00039095979546043246,0.00039170470034407705,0.00039145333775974774,0.00039146767246254333,0.0003914668673252468,0.00039146686732249343,0.00039090741582248036,0.00039082320044807345,0.0003908397535397635,0.0003908388317671124,0.0003908388317639927,1.0,0.0003910723316846084,0.0003909846855368282,0.00032336942320167374,False,-8.513023026202049e-05,0.0003908388317671124,1.3004232934809876,1.3002534505981531,1.3004476444311739,0.00019419383302077264,1.0,,,,,0.9995428526460594,31.912524670087198,0.999998828829901,1.0,31.882878745940637,0.999999999998354
parameter_input_0.01,input_0.01,"Baseline, input_0.01",0.0,71,5Hz,60.0,0.01,0.5,512a8299eaef29ce,episodic_expanded,2.202646079860161e-05,0.0007639427411731355,0.000765069290811088,0.0007649167917732633,0.0007649283606644909,0.0007649283811139391,0.0007649283811122576,0.0007638476920936935,0.0007637913776259363,0.0007638047042903711,0.0007638046999033938,0.0007638046999016278,1.0,0.0007640927804644168,0.0007640444871401826,9.118623160484643e-05,False,-2.5480947110789745e-05,0.0007638046999033938,1.3970738971893948,1.397067254095377,1.396899175176621,0.00016807891875592063,1.0,,,,,0.9997132365400888,31.905649505770747,0.9999994508417016,1.0,31.882878745940637,0.999999999998354
parameter_input_0.01,input_0.01,"Baseline, input_0.01",0.0,71,5Hz,60.0,0.01,0.5,512a8299eaef29ce,semantic_anatomical_core,9.995863948300748e-06,0.00034618148562089743,0.0003468752684834549,0.0003466141602634818,0.0003466286847435294,0.00034662785401876246,0.00034662785401184525,0.0003461284896192666,0.0003460484298365654,0.00034606522753316803,0.00034606426505611967,0.0003460642650487779,1.0,0.00034628859659920644,0.00034619715502026715,0.0003810109101162054,False,-0.00010008951890485563,0.00034606426505611967,1.287007807749943,1.286797292088886,1.2870782854482452,0.0002809933593592717,1.0,,,,,0.9995311398099436,31.915441977158284,0.9999987216133635,1.0,31.882878745940637,0.999999999998354
parameter_input_0.01,input_0.01,"Baseline, input_0.01",0.0,71,5Hz,60.0,0.01,0.5,512a8299eaef29ce,episodic_anatomical_core,2.3036832569623003e-05,0.0007973809183923831,0.0007985480674399222,0.0007983956337361642,0.0007984070283041364,0.000798407105077638,0.0007984071050772977,0.0007972937422353614,0.0007972276231460563,0.0007972406852025067,0.0007972407416306829,0.000797240741630336,1.0,0.0007975360827245353,0.0007974876044919225,8.769688671550978e-05,False,-2.4432757003811645e-05,0.000797240741630336,1.4000085459924538,1.4000013279180061,1.3998329342264941,0.00016839369151200323,1.0,,,,,0.9997190922642811,31.90578994154101,0.999999518329632,1.0,31.882878745940637,0.999999999998354
parameter_input_0.01,input_0.01,"Baseline, input_0.01",0.0,71,5Hz,60.0,0.01,0.5,512a8299eaef29ce,semantic_platel_peaks,1.2410647020686989e-05,0.00042946091679116317,0.00043025970225186533,0.00043001176339440433,0.0004300255414764681,0.0004300248588920711,0.0004300248588925867,0.00042940068414208427,0.0004293175879398633,0.0004293334996282298,0.0004293327256579014,0.0004293327256581355,1.0,0.0004295798154119198,0.0004294934061983627,0.0002902247239710969,False,-7.65696015121442e-05,0.0004293327256581355,1.3113603336205855,1.3112483713038756,1.3113210965023812,7.272519850554104e-05,1.0,,,,,0.9995428526460594,31.908755336817535,0.9999991773534856,1.0,31.882878745940637,0.999999999998354
parameter_input_0.01,input_0.01,"Baseline, input_0.01",0.0,71,5Hz,60.0,0.01,0.5,512a8299eaef29ce,episodic_platel_peaks,2.0766204210692536e-05,0.0007204241251141228,0.000721470821097508,0.0007213408059376382,0.000721354131015651,0.0007213535091664813,0.0007213535091607374,0.000720268585877996,0.0007202759519133107,0.0007202915608866094,0.0007202908723962058,0.0007202908723901154,1.0,0.0007205612257522582,0.0007205236532295566,7.522900694896756e-05,False,-2.2189961452490082e-05,0.0007202908723901154,1.4014200709760214,1.4014204984807173,1.4012400506203977,0.00018044786031956583,1.0,,,,,0.9996285765187785,31.89697108931699,0.999999113555054,1.0,31.882878745940637,0.999999999998354
parameter_input_0.01,input_0.01,"Baseline, input_0.01",0.0,71,5Hz,60.0,0.01,0.5,512a8299eaef29ce,semantic_expanded_left,1.1483508777277873e-05,0.0003970202210403603,0.0003977904411454259,0.0003975179916486754,0.0003975339203501301,0.0003975328620042887,0.00039753286199019377,0.0003969569482536836,0.0003968743904546063,0.00039689299333919566,0.0003968917638066406,0.0003968917637918972,1.0,0.000397137589645825,0.0003970426718763104,0.0003448521769113498,False,-9.074996582274508e-05,0.0003968917638066406,1.2726545418156312,1.2724166774555958,1.2727587318921791,0.0003420544365833056,1.0,,,,,0.9995428526460594,31.912524670087198,0.9999986143968258,1.0,31.882878745940637,0.999999999998354
parameter_input_0.01,input_0.01,"Baseline, input_0.01",0.0,71,5Hz,60.0,0.01,0.5,512a8299eaef29ce,episodic_expanded_left,2.226879171410681e-05,0.0007699006270740362,0.000771037413358346,0.0007708838554011052,0.0007708948539877096,0.0007708953458094513,0.0007708953458051747,0.0007698071776028159,0.000769747239971738,0.0007697599540517772,0.0007697604407515514,0.0007697604407471499,1.0,0.0007700520231921113,0.0007700034693353483,9.096868097443423e-05,False,-2.5509640514265188e-05,0.0007697604407471499,1.3951911561365953,1.3951857888800934,1.395015151538288,0.0001706373418053353,1.0,,,,,0.9997147428894255,31.905552212845066,0.9999994678363741,1.0,31.882878745940637,0.999999999998354
parameter_input_0.01,input_0.01,"Baseline, input_0.01",0.0,71,5Hz,60.0,0.01,0.5,512a8299eaef29ce,semantic_expanded_right,1.1097379640959576e-05,0.000384991880932243,0.00038571206444739753,0.000385481208052279,0.0003854939936905713,0.0003854934342806334,0.0003854934342888784,0.00038495007687169657,0.00038486427363961027,0.0003848788351284239,0.00038487821201424834,0.0003848782120224009,1.0,0.000385099704980405,0.00038501913056830184,0.0003018866694908344,False,-7.951049470138472e-05,0.0003848782120224009,1.328192045146344,1.3280902237407102,1.3281365569701686,4.6333229458461744e-05,1.0,,,,,0.9995349399836313,31.913307296689215,0.9999989598122254,1.0,31.882878745940637,0.999999999998354
parameter_input_0.01,input_0.01,"Baseline, input_0.01",0.0,71,5Hz,60.0,0.01,0.5,512a8299eaef29ce,episodic_expanded_right,2.1850220132779646e-05,0.000758030960448877,0.0007591473638000291,0.0007589959164889569,0.0007590080461974305,0.0007590076025419657,0.00075900760254284,0.0007579343421215811,0.000757881598324594,0.0007578955273332653,0.0007578950394293012,0.0007578950394301306,1.0,0.0007581796548467584,0.0007581316209304844,9.140378223544637e-05,False,-2.5452253707580755e-05,0.0007578950394301306,1.3989566382421943,1.3989487193106607,1.3987831988149542,0.00016552049570650595,1.0,,,,,0.9996888826685195,31.90593037731127,0.9999994508417016,1.0,31.882878745940637,0.999999999998354
parameter_input_0.01,input_0.01,"Baseline, input_0.01",0.0,71,5Hz,60.0,0.01,0.5,512a8299eaef29ce,shared_auditory_relay,3.8626001064697856e-05,0.0013375659065903878,0.0013393586940961104,0.0013392226663244435,0.0013392371746658118,0.001339237029138393,0.0013392370291402259,0.001337460662026507,0.0013373707628722283,0.0013373870197488094,0.0013373868291385934,0.0013373868291404582,1.0,0.001337796556719351,0.0013377567187011735,4.2962412145297043e-05,False,-1.2332157540040356e-05,0.0013373868291404582,1.4464223481995628,1.4463978850274264,1.4462486820418925,0.00014920298553389166,1.0,,,,,0.9998097244601252,31.901848946675536,0.9999998421097165,1.0,31.882878745940637,0.999999999998354
parameter_input_0.01,input_0.01,"Baseline, input_0.01",0.0,71,5Hz,60.0,0.01,0.5,512a8299eaef29ce,anterior_temporal_context,1.7205697018753982e-05,0.0005954834704104686,0.0005964445780690387,0.0005962441439900447,0.0005962584239047218,0.0005962576300706831,0.0005962576300712334,0.0005953895472073958,0.0005953306966361949,0.0005953473979326468,0.0005953465249261755,0.0005953465249265689,1.0,0.000595617472174464,0.0005955509559873342,0.0001611234333313272,False,-4.359498353370128e-05,0.0005953465249265689,1.345230665589375,1.3451672438328672,1.3451326292336692,3.461459919806842e-05,1.0,,,,,0.9996530884418416,31.903963096881483,0.9999991704551741,1.0,31.882878745940637,0.999999999998354
parameter_input_0.01,input_0.01,"Baseline, input_0.01",0.0,71,5Hz,60.0,0.01,0.5,512a8299eaef29ce,hippocampal_context,2.448415092851817e-05,0.0008447858655510706,0.0008458963259952333,0.0008458612544263132,0.0008458702536570854,0.0008458706408060846,0.0008458706408058494,0.0008445402984282307,0.0008446410740144846,0.0008446520702654482,0.0008446524595270041,0.0008446524595269164,1.0,0.0008449215578230357,0.0008449214653278717,1.5793456851738648e-07,False,-3.5802700731224492e-06,0.0008446520702654482,1.4374757173520334,1.4375083153916648,1.437254006043232,0.00025430934843284625,1.0,,,,,0.9996702921176719,31.89193791256544,0.9999991878057779,1.0,31.882878745940637,0.999999999998354
parameter_input_0.01,input_0.01,"Baseline, input_0.01",0.0,71,5Hz,60.0,0.01,0.5,512a8299eaef29ce,angular_parietal_context,2.120814527932629e-05,0.0007344827669903734,0.0007355357107959016,0.0007354297616920688,0.0007354417116425172,0.0007354413549940138,0.0007354413549902553,0.0007342882354687445,0.0007343301358599947,0.0007343445529408531,0.0007343441468974063,0.0007343441468936143,1.0,0.0007346183228747697,0.0007345902906558767,5.5052690019078836e-05,False,-1.7371209116223697e-05,0.0007343441468936143,1.3972668820476706,1.3972844525511148,1.3970721237495565,0.00021232880155830358,1.0,,,,,0.999613443892511,31.896486905430912,0.999999052837869,1.0,31.882878745940637,0.999999999998354
parameter_input_0.01,input_0.01,"High AD-like perturbation, input_0.01",1.0,11,2Hz,60.0,0.01,0.5,ac884c60d8359016,semantic_expanded,0.005300016931011319,0.2746471179959647,0.12192005068149211,0.18900933686531712,0.24688073494297724,0.3250819591296312,0.4089443412687843,0.005547152129460652,0.007277557766012907,0.017589924035008003,0.020082519137621723,0.021854285317035777,1.0,0.17460301797260086,0.3468458454067014,0.9902161079460154,False,0.21371420881364395,0.017589924035008003,0.016778689826840266,0.023328443724178822,0.014566880023203955,0.008761563700974867,1.0,,,,,0.00023380217659429992,-3.090142603304458,0.12322609347488685,0.15384615384615385,31.524732760905092,0.9999845703972196
parameter_input_0.01,input_0.01,"High AD-like perturbation, input_0.01",1.0,11,2Hz,60.0,0.01,0.5,ac884c60d8359016,episodic_expanded,0.0014007122559229388,0.07023785956499039,0.022371502095311857,0.0395126610755446,0.06512396018061464,0.09436714434592768,0.08933288564006302,0.0014403295905577457,0.0019189407399630033,0.002698389374571826,0.0039857641898424796,0.0034828977820523872,1.0,0.03831396260011829,0.09121177808367761,1.2513498867503812,True,0.2625514055332959,0.002698389374571826,0.03491414535725003,0.055359228370673565,0.028348963231986338,0.027010265138687227,1.0,,,,,0.0009191494475261353,8.367604475992524,0.24246169439288334,0.6842105263157895,31.524732760905092,0.9999845703972196
parameter_input_0.01,input_0.01,"High AD-like perturbation, input_0.01",1.0,11,2Hz,60.0,0.01,0.5,ac884c60d8359016,semantic_anatomical_core,0.004436824278615284,0.20428062022037466,0.09378783953550646,0.13900187905718495,0.1626481266395919,0.24453267727982542,0.30690923688449573,0.00383015057858167,0.003177594796675067,0.008830452944289906,0.011487069552130892,0.013199978962570792,1.0,0.1267111201208688,0.2584955312845387,1.0285961998946027,True,0.2117800726261758,0.008830452944289906,0.01145768824994729,0.012793209442731043,0.011283584267919793,0.0015096251748112494,1.0,,,,,0.0001976897245078435,-3.2069343136885604,0.11873873334585475,0.0,31.524732760905092,0.9999845703972196
parameter_input_0.01,input_0.01,"High AD-like perturbation, input_0.01",1.0,11,2Hz,60.0,0.01,0.5,ac884c60d8359016,episodic_anatomical_core,0.0014968346538526563,0.06895809568756323,0.020141141369579407,0.03731998551307867,0.06398056355690872,0.09734171348308582,0.08414336264227107,0.001417256365029189,0.0018211911047309511,0.0026645589761136786,0.0038338158119575728,0.003159337646031819,1.0,0.03583335018821644,0.09019289274257186,1.3317108200914425,True,0.2754258904970896,0.0026645589761136786,0.03069142836741253,0.05097565516428603,0.024626161173602307,0.026349493990683724,1.0,,,,,0.0009254034261052535,9.449889417561986,0.2500632419619281,0.75,31.524732760905092,0.9999845703972196
parameter_input_0.01,input_0.01,"High AD-like perturbation, input_0.01",1.0,11,2Hz,60.0,0.01,0.5,ac884c60d8359016,semantic_platel_peaks,0.005952022183356073,0.2834077429132258,0.12524762172918813,0.19842608678944607,0.2624077789761436,0.3265538538000981,0.42732555755774504,0.00478370053873019,0.006633795768406666,0.011419411000852295,0.013528185763373462,0.018749790198041037,1.0,0.1824976634729296,0.35733453739485366,0.9693973680117544,False,0.21299120090440138,0.011419411000852295,0.020053063392918277,0.029854311819255564,0.017146996046383707,0.012707315772871857,1.0,,,,,0.00023380217659429992,-3.090142603304458,0.18280979098064143,0.4,31.524732760905092,0.9999845703972196
parameter_input_0.01,input_0.01,"High AD-like perturbation, input_0.01",1.0,11,2Hz,60.0,0.01,0.5,ac884c60d8359016,episodic_platel_peaks,0.0007988652589427176,0.04254039570236234,0.01862688327036359,0.028158484363273922,0.035882677728284865,0.04146848072857047,0.07168462391970587,0.0009743115191179483,0.001352995415594552,0.0012224050285529803,0.0022935036110749867,0.0020580344575338756,1.0,0.02719586954673504,0.053659245993479654,0.9804392278158107,False,0.222350015782789,0.001352995415594552,0.07023144723195113,0.0980511325138646,0.059666086865646964,0.03838504564821764,1.0,,,,,0.0006041737252545087,2.9211506344762292,0.24794259713073974,0.5,31.524732760905092,0.9999845703972196
parameter_input_0.01,input_0.01,"High AD-like perturbation, input_0.01",1.0,11,2Hz,60.0,0.01,0.5,ac884c60d8359016,semantic_expanded_left,0.004068215671750863,0.21025576960565084,0.0928784031022081,0.14106161525393346,0.1789487115043685,0.24602930931702166,0.3202553555812247,0.004291232378097956,0.008107822843483131,0.01686644924852258,0.014467855251945582,0.01344479262006816,1.0,0.12991178478587312,0.266920876932979,1.0388798397464818,True,0.218705998826126,0.01344479262006816,0.030146843708730692,0.04623151444839475,0.02352925765375602,0.022702256794638734,1.0,,,,,0.00023380217659429992,-0.8766395915711598,0.11425137321682265,0.14285714285714285,31.524732760905092,0.9999845703972196
parameter_input_0.01,input_0.01,"High AD-like perturbation, input_0.01",1.0,11,2Hz,60.0,0.01,0.5,ac884c60d8359016,episodic_expanded_left,0.002212860957616753,0.11436630238282532,0.03718696317992357,0.06707150813869858,0.11621249205342385,0.15877293429809836,0.1297012573016602,0.002257224430092397,0.003284855591792407,0.005629597169973486,0.00721068582025238,0.007580675139885964,1.0,0.06569726518982662,0.14726793407182212,1.1645381128462038,True,0.24239201490593817,0.005629597169973486,0.006032241786470705,0.011027584842661722,0.004644710831900465,0.006382874010761257,1.0,,,,,0.0006671875687949691,9.268580522145044,0.22815641746446091,0.75,31.524732760905092,0.9999845703972196
parameter_input_0.01,input_0.01,"High AD-like perturbation, input_0.01",1.0,11,2Hz,60.0,0.01,0.5,ac884c60d8359016,semantic_expanded_right,0.006737118400148519,0.3587584757600966,0.16004257461037483,0.253254787689458,0.3406009284648952,0.42953532831077146,0.5221941533257041,0.007170643310866033,0.006532314292020454,0.018344431776857517,0.027876113486738643,0.035523774907878364,1.0,0.23466857864657342,0.45070300179665584,0.9415523761455491,False,0.2087224188011618,0.018344431776857517,0.003410535944949838,0.00042537299996288895,0.005604502392651892,0.005179129392689003,1.0,,,,,0.0002586670281462533,-3.3800462004505873,0.12506439038719347,0.16666666666666666,31.524732760905092,0.9999845703972196
parameter_input_0.01,input_0.01,"High AD-like perturbation, input_0.01",1.0,11,2Hz,60.0,0.01,0.5,ac884c60d8359016,episodic_expanded_right,0.0008100586546910739,0.043136455524788994,0.013458590409198659,0.023277400920258345,0.03649461529193092,0.05608738020351499,0.06152881338859948,0.0009190709181502719,0.0011210031797715837,0.0012933972000054165,0.0022031629962868957,0.0016001974410432141,1.0,0.02234430498562945,0.05649287140219278,1.338161660654558,True,0.28271079616065353,0.0012933972000054165,0.06379604892802936,0.0996908718986854,0.052053215632072214,0.04763765626661319,1.0,,,,,0.0010083945605913192,8.034989889645486,0.30478004200372877,0.6363636363636364,31.524732760905092,0.9999845703972196
parameter_input_0.01,input_0.01,"High AD-like perturbation, input_0.01",1.0,11,2Hz,60.0,0.01,0.5,ac884c60d8359016,shared_auditory_relay,0.003495748909910675,0.07850713651910199,0.03550752079505425,0.057208426760313034,0.06704756331300069,0.08695572736654189,0.12229783232520414,0.0031731775079778235,0.0035748864650171483,0.0034093756590711758,0.006118873994814181,0.0064518317147856325,1.0,0.0505501426747741,0.09887729720331487,0.9679241438649386,False,0.20862289875923495,0.0035748864650171483,0.06507062423554463,0.10215358862484167,0.052720296309657175,0.04943329231518449,1.0,,,,,0.0031569478314337762,12.464346128525804,0.45949254883922735,0.7857142857142857,31.524732760905092,0.9999845703972196
parameter_input_0.01,input_0.01,"High AD-like perturbation, input_0.01",1.0,11,2Hz,60.0,0.01,0.5,ac884c60d8359016,anterior_temporal_context,0.005754962662306177,0.2814524735571099,0.1069121045569127,0.1760691507216408,0.2890164075286429,0.32880619751854856,0.4010145749250531,0.004524833740740249,0.006428326563984036,0.009396299481741614,0.010517285082730674,0.015036807354889836,1.0,0.17618894149261435,0.35627303103175917,1.0158599029588173,True,0.23577771372153922,0.009396299481741614,0.04807204531814745,0.08013388242168396,0.037259302819156334,0.04287457960252762,1.0,,,,,0.0003298135955350223,0.29021565245660386,0.2193585915383755,0.3888888888888889,31.524732760905092,0.9999845703972196
parameter_input_0.01,input_0.01,"High AD-like perturbation, input_0.01",1.0,11,2Hz,60.0,0.01,0.5,ac884c60d8359016,hippocampal_context,0.0007444707729641364,0.032511983211633205,0.014906122819330594,0.025659230459521207,0.03011636522932185,0.024860701168784808,0.05462222008675683,0.0006478063382401188,0.0011202236947638882,0.0007723840252695474,0.0011681321895536773,0.0008317080553636253,1.0,0.022976864796534387,0.03972049080785043,0.7897014946654504,False,0.1850777442352,0.0008317080553636253,0.010953991218816407,0.01731296657155403,0.00940066652702822,0.007912300044525809,1.0,,,,,0.0009383349887939207,6.726304450140571,0.2784554452764496,0.5,31.524732760905092,0.9999845703972196
parameter_input_0.01,input_0.01,"High AD-like perturbation, input_0.01",1.0,11,2Hz,60.0,0.01,0.5,ac884c60d8359016,angular_parietal_context,0.004257664898864724,0.0886456017416967,0.035130017699647145,0.05398697993298419,0.07005849279736172,0.09913471992157363,0.1425327989974072,0.0014783660565134422,0.0023110926164358362,0.00242302930694197,0.0031903362087385002,0.0034374667047633992,1.0,0.04838260406952975,0.11456693678048807,1.243630426547763,True,0.24589071887325648,0.00242302930694197,0.010342070415319244,0.017150615448996723,0.0071164259675538175,0.010034189481442905,1.0,,,,,0.0007560734230676047,4.729137652061867,0.2613717453357006,0.6666666666666666,31.524732760905092,0.9999845703972196
parameter_input_0.01,input_0.01,"High AD-like perturbation, input_0.01",1.0,11,5Hz,60.0,0.01,0.5,ac884c60d8359016,semantic_expanded,0.005345561896396008,0.20146985726175873,0.08489497153785058,0.13222344738138092,0.1757379258474516,0.23538298582303577,0.2978536571501857,0.0075145317979509125,0.012641655806848985,0.01675759188419509,0.021702434199652905,0.022339581637726907,1.0,0.12425852006679289,0.2553465096818286,1.03911156223021,True,0.2226868668309926,0.01675759188419509,0.0023665294791702057,-0.00426352492937827,0.005253313295841677,0.009516838225219947,1.0,,,,,0.0007680327566326195,-2.6553472976915806,0.10601287183608447,0.0,31.83666619529928,0.9999376502669715
parameter_input_0.01,input_0.01,"High AD-like perturbation, input_0.01",1.0,11,5Hz,60.0,0.01,0.5,ac884c60d8359016,episodic_expanded,0.00147285177485853,0.05348140416649247,0.01699458344749561,0.030429298356157392,0.04642108542917065,0.07189894214525809,0.07124691947688513,0.0012316188747105924,0.0018388300969868715,0.0021530870368520875,0.003512006424137633,0.0032451993272707186,1.0,0.028393204467128955,0.06965778770920188,1.2947389731720806,True,0.2688007374741508,0.0021530870368520875,0.036245821894297744,0.05832034960332185,0.028987281898154686,0.029333067705167165,1.0,,,,,0.002047608099455478,6.748308525422509,0.22446951975372934,0.5263157894736842,31.83666619529928,0.9999376502669715
parameter_input_0.01,input_0.01,"High AD-like perturbation, input_0.01",1.0,11,5Hz,60.0,0.01,0.5,ac884c60d8359016,semantic_anatomical_core,0.00441897780888314,0.15125665377698397,0.06311346328882213,0.09623203183030898,0.11333786459801203,0.1789393353318371,0.2269969995687774,0.004569452593537372,0.007425930816105062,0.011741906411660192,0.010716869856004377,0.016439166362635496,1.0,0.08862225491633514,0.19273591728539782,1.1208845094726063,True,0.22940942648408696,0.010716869856004377,-0.0008939946174172783,0.0011589732605619667,-0.0024873988979323813,0.003646372158494348,1.0,,,,,0.0007409107539030346,-2.3696537906534485,0.09842082981142818,0.0,31.83666619529928,0.9999376502669715
parameter_input_0.01,input_0.01,"High AD-like perturbation, input_0.01",1.0,11,5Hz,60.0,0.01,0.5,ac884c60d8359016,episodic_anatomical_core,0.0015847277723354297,0.05327242781723621,0.01621081140800539,0.029155917632181803,0.04603799262319164,0.0743582393236198,0.06928066606198442,0.0012493238262694622,0.0017671233807133374,0.00221550519419283,0.0034711319702967454,0.0030041778321866918,1.0,0.027102424418381857,0.06985736894680192,1.3659903951274008,True,0.2770848435684909,0.00221550519419283,0.03907070611375192,0.06026936296694516,0.03290139649941223,0.02736796646753293,1.0,,,,,0.0020492670864210583,7.073038301054487,0.2262809400822508,0.5625,31.83666619529928,0.9999376502669715
parameter_input_0.01,input_0.01,"High AD-like perturbation, input_0.01",1.0,11,5Hz,60.0,0.01,0.5,ac884c60d8359016,semantic_platel_peaks,0.00613196887989313,0.21073343355645377,0.0916739969564517,0.14245614095816464,0.19366363794190602,0.2407160926658838,0.3123685063972881,0.006573659917484694,0.012841478435108267,0.014635944005534496,0.0223658694632644,0.017546721064501385,1.0,0.1342981763574806,0.26583382790509524,0.9850849877664927,False,0.21470719143160638,0.014635944005534496,0.008203531010786098,-0.014077232523699128,0.019532089109307572,0.0336093216330067,1.0,,,,,0.0003050914294681073,-4.4466723287152785,0.10873382495144096,0.0,31.83666619529928,0.9999376502669715
parameter_input_0.01,input_0.01,"High AD-like perturbation, input_0.01",1.0,11,5Hz,60.0,0.01,0.5,ac884c60d8359016,episodic_platel_peaks,0.0007957590838445503,0.03044604935433205,0.010725767251038906,0.021846288160450852,0.025846964807812838,0.031400511732438505,0.04879477603338966,0.0007671676997936812,0.0016386575459423256,0.0009686803389472666,0.002674435489431045,0.002044813860812237,1.0,0.01962402935314487,0.03828963766608117,0.9643327111064012,False,0.24473457960400058,0.0016386575459423256,0.03758883007775801,0.06647318076585541,0.02457766340283762,0.04189551736301779,1.0,,,,,0.0017448950117925355,5.950846057606807,0.2150273820026898,0.5,31.83666619529928,0.9999376502669715
parameter_input_0.01,input_0.01,"High AD-like perturbation, input_0.01",1.0,11,5Hz,60.0,0.01,0.5,ac884c60d8359016,semantic_expanded_left,0.004300804762660664,0.1616116956337255,0.06750741086759061,0.10183612943723858,0.13087871001465545,0.18752601533105673,0.2449080558134018,0.0034794047394090147,0.008783088748051001,0.008382534619944025,0.013645353211772807,0.012545643781060498,1.0,0.09555046382184626,0.20622350866109646,1.1098740221121073,True,0.2299543067383187,0.008783088748051001,-0.00581116038353431,-0.025030009661822433,0.0028154208696999287,0.02784543053152236,1.0,,,,,0.0007680327566326195,0.06828578455842133,0.10873382495144096,0.0,31.83666619529928,0.9999376502669715
parameter_input_0.01,input_0.01,"High AD-like perturbation, input_0.01",1.0,11,5Hz,60.0,0.01,0.5,ac884c60d8359016,episodic_expanded_left,0.0023178228120306977,0.08709701916324028,0.03149234466267936,0.04822570384851296,0.07917672697930006,0.12131200639257099,0.10760430851633716,0.0020428434514317374,0.002419649578360105,0.003929036647399486,0.004529366761248067,0.006061181892229833,1.0,0.04643047312710761,0.11318325875486976,1.2855166938108467,True,0.2438086838849819,0.003929036647399486,0.022602584250744732,0.03780662169252172,0.018127842255554173,0.019678779436967546,1.0,,,,,0.0014433933341742033,5.412961763287242,0.20201285351853146,0.375,31.83666619529928,0.9999376502669715
parameter_input_0.01,input_0.01,"High AD-like perturbation, input_0.01",1.0,11,5Hz,60.0,0.01,0.5,ac884c60d8359016,semantic_expanded_right,0.0065644452190872435,0.2511582050167105,0.10676096297854785,0.1716781670123428,0.23597282230017472,0.29545313975320026,0.362245336451222,0.0162292668923612,0.0181953599836164,0.03350023572692583,0.03451692622979544,0.03977929841289335,1.0,0.16159188759122897,0.316170743238801,0.9683491023483128,False,0.2154194269236665,0.03350023572692583,0.010544219341874722,0.016502959803065893,0.007691205721983425,0.008811754081082469,1.0,,,,,0.0007527346955554237,-11.35995097480784,0.09842082981142818,0.0,31.83666619529928,0.9999376502669715
parameter_input_0.01,input_0.01,"High AD-like perturbation, input_0.01",1.0,11,5Hz,60.0,0.01,0.5,ac884c60d8359016,episodic_expanded_right,0.0008583273841878624,0.03283993664879526,0.009170986461867323,0.019200180081489764,0.02721654777401621,0.04261291223622646,0.04717398034461664,0.0007425361211502873,0.001397432155393504,0.0011798779711888886,0.002723159720407655,0.0017375024971976176,1.0,0.0173630377985858,0.04287036300173208,1.3039612525333149,True,0.2937927910633197,0.001397432155393504,0.04988905953785075,0.07883407751412198,0.0398467215407552,0.038987355973366784,1.0,,,,,0.0030988479372885402,7.523019332830318,0.2652428060017367,0.6363636363636364,31.83666619529928,0.9999376502669715
parameter_input_0.01,input_0.01,"High AD-like perturbation, input_0.01",1.0,11,5Hz,60.0,0.01,0.5,ac884c60d8359016,shared_auditory_relay,0.0036510656825319153,0.06038455450743763,0.024734369048473398,0.04356148000316809,0.05083091488256652,0.06712973203650498,0.09197727835649458,0.003747785017765112,0.0047119417980965896,0.00511047615046012,0.006911610449512053,0.0034097183758124996,1.0,0.03808892731353203,0.07623529284865987,1.0010873844251515,True,0.22067098668630836,0.0047119417980965896,0.08315747721524185,0.12243804442552035,0.07135145626468557,0.05108658816083478,1.0,,,,,0.007976716324793298,9.616465517879114,0.3515522679443651,0.7857142857142857,31.83666619529928,0.9999376502669715
parameter_input_0.01,input_0.01,"High AD-like perturbation, input_0.01",1.0,11,5Hz,60.0,0.01,0.5,ac884c60d8359016,anterior_temporal_context,0.006079505480350942,0.21553678086255992,0.06868366320943714,0.12665910443428854,0.22450908120056146,0.2499677328811151,0.30397560893406217,0.0063422577669527275,0.018880452887045145,0.023236404154544386,0.029042580973846186,0.027700693767483412,1.0,0.128425006865411,0.27573092098357344,1.1023349121437747,True,0.2636312220575994,0.023236404154544386,0.0046353561028477245,-0.023734037216902135,0.020270239494727223,0.04400427671162936,1.0,,,,,0.001559813124030085,0.6372711490232288,0.16318715230485736,0.2777777777777778,31.83666619529928,0.9999376502669715
parameter_input_0.01,input_0.01,"High AD-like perturbation, input_0.01",1.0,11,5Hz,60.0,0.01,0.5,ac884c60d8359016,hippocampal_context,0.0007397824125507078,0.024204973387946676,0.00933937713102772,0.019532714001838904,0.022929527813345563,0.019871759413381387,0.03877414215329472,0.0006890394924776285,0.00131347417911767,0.0007611464314908665,0.0017372750877961156,0.0007559747071681254,1.0,0.01682676193676586,0.029553369884801756,0.8125650681993131,False,0.2066110218013739,0.0007611464314908665,0.03038136830570121,0.04404054416001853,0.027135740521713945,0.016904803638304582,1.0,,,,,0.00219859390140259,5.038355355822796,0.14790717875673276,0.5,31.83666619529928,0.9999376502669715
parameter_input_0.01,input_0.01,"High AD-like perturbation, input_0.01",1.0,11,5Hz,60.0,0.01,0.5,ac884c60d8359016,angular_parietal_context,0.004780112426514031,0.07194826217053475,0.02235718842678021,0.041006818250647004,0.05633139490125411,0.08141746349098494,0.114587690068791,0.0013307119848573724,0.0029516704722781593,0.003356862874365543,0.004123487175122017,0.004635933148769873,1.0,0.036622017102435886,0.09396613870457753,1.359429710651365,True,0.2852378624684561,0.003356862874365543,0.025604913706263163,0.044414270705112904,0.01870432781893244,0.025709942886180465,1.0,,,,,0.001534556243763141,3.4947333270952434,0.1440401803140985,0.3333333333333333,31.83666619529928,0.9999376502669715
parameter_input_0.01,input_0.01,"High AD-like perturbation, input_0.01",1.0,23,2Hz,60.0,0.01,0.5,ac884c60d8359016,semantic_expanded,0.005219544687286955,0.270203405161796,0.11582228869285417,0.1852651812576592,0.25976844013075623,0.31433906946843276,0.399633798546053,0.005427334123593915,0.007408616384070023,0.01784807044904058,0.020219591923303387,0.021271627660700346,1.0,0.17051053807926358,0.34099784146789225,0.9999017019261423,False,0.21681306072340611,0.01784807044904058,0.015002445409285789,0.02110661388230236,0.01522526027969242,0.00588135360260994,1.0,,,,,0.00021626855563472436,-2.3367631601413237,0.14389381986821528,0.23076923076923078,31.54777295964985,0.9999778131155969
parameter_input_0.01,input_0.01,"High AD-like perturbation, input_0.01",1.0,23,2Hz,60.0,0.01,0.5,ac884c60d8359016,episodic_expanded,0.001972688787313634,0.09883379164915461,0.031427656243824306,0.05282989006226677,0.06635643222147972,0.07728512781879256,0.18028953154153257,0.0015476268018451834,0.0017683654404132435,0.0028988357560439087,0.002588874687989737,0.003717324865221154,1.0,0.047966012194621786,0.12879746952918592,1.425019842602762,True,0.27946272448203807,0.002588874687989737,0.03690889000339647,0.04742559870776951,0.03859571428262833,0.008829884425141182,1.0,,,,,0.0005483273981315984,7.185511152673651,0.2621946854420393,0.631578947368421,31.54777295964985,0.9999778131155969
parameter_input_0.01,input_0.01,"High AD-like perturbation, input_0.01",1.0,23,2Hz,60.0,0.01,0.5,ac884c60d8359016,semantic_anatomical_core,0.004325900807941689,0.1968157992150165,0.0813459469204333,0.12751264264114032,0.18189715648973653,0.23030594045544384,0.2953732291033286,0.0034802409065954674,0.003060347362827031,0.008552045523865442,0.011180760857707162,0.012036533142757254,1.0,0.11534493858871625,0.25068763832295643,1.1199361580732057,True,0.2286852369123535,0.008552045523865442,0.014886284293399006,0.013890167879900543,0.01758414173475882,0.0036939738548582776,1.0,,,,,0.0002114016464351276,-3.452371276186021,0.14287533591577598,0.1,31.54777295964985,0.9999778131155969
parameter_input_0.01,input_0.01,"High AD-like perturbation, input_0.01",1.0,23,2Hz,60.0,0.01,0.5,ac884c60d8359016,episodic_anatomical_core,0.0021723038473179745,0.10251252016270943,0.028787961962502027,0.050631197995162,0.06852513339137103,0.08113555658074031,0.18892362801821536,0.0015181127259442453,0.0017497419320184069,0.0028765162677527496,0.0025280251439209747,0.0037613104187764544,1.0,0.045996293806441525,0.1351134757848064,1.5545820471274177,True,0.3054419420699784,0.0025280251439209747,0.032452677594958915,0.03980266229455814,0.0353930414056051,0.004409620888953039,1.0,,,,,0.0005517974466417996,7.7308427470465935,0.2713817238016918,0.625,31.54777295964985,0.9999778131155969
parameter_input_0.01,input_0.01,"High AD-like perturbation, input_0.01",1.0,23,2Hz,60.0,0.01,0.5,ac884c60d8359016,semantic_platel_peaks,0.006005104907346478,0.2856961858150317,0.12541636462031197,0.20001849124070434,0.2678044980505962,0.32566623368642605,0.4313339019543202,0.004996698942287384,0.006559610460711275,0.010868779025130771,0.013137766950336142,0.02077035079057791,1.0,0.18458552412669796,0.3599283152777734,0.9634201864251483,False,0.21337098884582054,0.010868779025130771,0.012266362202758644,0.024089908241550075,0.011119593875525392,0.012970314366024683,1.0,,,,,0.00021036060250601007,-2.3367631601413237,0.1806765856068457,0.4,31.54777295964985,0.9999778131155969
parameter_input_0.01,input_0.01,"High AD-like perturbation, input_0.01",1.0,23,2Hz,60.0,0.01,0.5,ac884c60d8359016,episodic_platel_peaks,0.0008819875359847813,0.046951129950214436,0.02497723146001358,0.04183872538815709,0.03349019180394069,0.03612899270523125,0.08059938807967448,0.0010514850525552924,0.0010249965867608483,0.0013494341516597772,0.0011227918712879944,0.0020264400792930543,1.0,0.034851356725513975,0.0565134815867854,0.6973802512973668,False,0.15843143776346558,0.0011227918712879944,0.06653902511263342,0.09980015496383036,0.06050885773480156,0.039291297229028806,1.0,,,,,0.0004237305764575594,2.2552516110169822,0.26583194919251885,0.75,31.54777295964985,0.9999778131155969
parameter_input_0.01,input_0.01,"High AD-like perturbation, input_0.01",1.0,23,2Hz,60.0,0.01,0.5,ac884c60d8359016,semantic_expanded_left,0.003987240536703333,0.2060175823574446,0.08373139087388504,0.13404252840094594,0.19724032263996585,0.23561887459560948,0.312258135628888,0.004240608747655769,0.008016106970253638,0.017389796978584213,0.014490854949221218,0.01263975147304543,1.0,0.1236352844622329,0.2623862834215623,1.0856017682572576,True,0.2305780819307806,0.01263975147304543,0.024265128479024827,0.04080220796676526,0.021340396854808066,0.019461811111957193,1.0,,,,,0.00021626855563472436,1.265129022436449,0.16301779534299027,0.2857142857142857,31.54777295964985,0.9999778131155969
parameter_input_0.01,input_0.01,"High AD-like perturbation, input_0.01",1.0,23,2Hz,60.0,0.01,0.5,ac884c60d8359016,episodic_expanded_left,0.0031200613059258345,0.16121111358516407,0.05057278983455124,0.0760098764873345,0.10412462079879996,0.11878617709371778,0.29407842322227584,0.002428481738766883,0.003147856472073986,0.006260095412379247,0.006376159553575654,0.0064124980661176955,1.0,0.07467182578582367,0.2120011041498929,1.5054358670605719,True,0.2861821748339074,0.006260095412379247,0.019898340510108706,0.009572894501669526,0.027731031809123216,0.018158137307453692,1.0,,,,,0.00031244286266346455,5.309173167343216,0.2102003339757859,0.5,31.54777295964985,0.9999778131155969
parameter_input_0.01,input_0.01,"High AD-like perturbation, input_0.01",1.0,23,2Hz,60.0,0.01,0.5,ac884c60d8359016,semantic_expanded_right,0.006657232862967846,0.354386646642402,0.16021234590807207,0.2560619215102114,0.3421189013726203,0.4193596576838983,0.5114588051283179,0.0069461620823685665,0.006847163708017993,0.018318420804234747,0.028213097086234217,0.03579834178705182,1.0,0.23515814051417688,0.4431616103153592,0.9142016355950275,False,0.20304803951603168,0.018318420804234747,0.005739762339546752,0.00141101979783946,0.009110123704576775,0.007699103906737315,1.0,,,,,0.0002428882073485239,-3.5435052084690946,0.13239487395933694,0.16666666666666666,31.54777295964985,0.9999778131155969
parameter_input_0.01,input_0.01,"High AD-like perturbation, input_0.01",1.0,23,2Hz,60.0,0.01,0.5,ac884c60d8359016,episodic_expanded_right,0.0011382360465047611,0.06059209042426368,0.019530217340416427,0.03671887671671533,0.04228755949730747,0.05028355258250831,0.11052941194158011,0.0009862741315097327,0.0009934113447007324,0.0013423515437003348,0.0010511456141895663,0.002154933071497609,1.0,0.03081133080170912,0.0782485932025744,1.3446038181449524,True,0.27274327413016874,0.0010511456141895663,0.053919439496684235,0.0852783029138695,0.04946039675613343,0.035817906157736064,1.0,,,,,0.0006324690633731089,7.185511152673651,0.2805687621613443,0.7272727272727273,31.54777295964985,0.9999778131155969
parameter_input_0.01,input_0.01,"High AD-like perturbation, input_0.01",1.0,23,2Hz,60.0,0.01,0.5,ac884c60d8359016,shared_auditory_relay,0.0038966404784153896,0.10143068833625414,0.03896153411238806,0.06876370905618065,0.07659601555499775,0.09600550574552923,0.17397826225373766,0.0032142467464608333,0.00331416996972327,0.00402444439295802,0.005430454351196196,0.007494714967210226,1.0,0.0593867124870284,0.1305105356013061,1.13595419894023,True,0.23995195594659213,0.00402444439295802,0.05237717061546879,0.08049237502404216,0.048688031791361386,0.031804343232680776,1.0,,,,,0.0015428423248753376,10.872979917055524,0.3702330345897525,0.7857142857142857,31.54777295964985,0.9999778131155969
parameter_input_0.01,input_0.01,"High AD-like perturbation, input_0.01",1.0,23,2Hz,60.0,0.01,0.5,ac884c60d8359016,anterior_temporal_context,0.007669522301239888,0.34837307727551914,0.11962840632794358,0.181935629195421,0.28253463792560407,0.33078566754317945,0.5949710532797035,0.0050396162159441985,0.006139607023886945,0.008974354197173112,0.008281609716019706,0.01722616867909642,1.0,0.18497276835309606,0.455488840912316,1.300102816509654,True,0.27454937879822,0.008281609716019706,0.03591161694970168,0.07146490349304643,0.027613485001902787,0.04385141849114364,1.0,,,,,0.0003164768215277447,0.3424877113017508,0.21606115191224107,0.3333333333333333,31.54777295964985,0.9999778131155969
parameter_input_0.01,input_0.01,"High AD-like perturbation, input_0.01",1.0,23,2Hz,60.0,0.01,0.5,ac884c60d8359016,hippocampal_context,0.0010393051934882921,0.049419068011578395,0.01775106319109278,0.03669884990892506,0.034456367230352294,0.03636756619445999,0.09011116221293355,0.0007421799826707414,0.0008333666133552569,0.0008718018078761309,0.0006165080317678113,0.0017166594138182426,1.0,0.030765883167361136,0.061885043719653046,1.0082593760626541,True,0.23372591536632847,0.0008333666133552569,0.023983417560312238,0.017915586794661122,0.03149407825710446,0.013578491462443335,1.0,,,,,0.00042466798996143584,4.511894389473039,0.2065439033897934,0.5,31.54777295964985,0.9999778131155969
parameter_input_0.01,input_0.01,"High AD-like perturbation, input_0.01",1.0,23,2Hz,60.0,0.01,0.5,ac884c60d8359016,angular_parietal_context,0.003797777467056087,0.11129660042958496,0.04030858692325318,0.06391563027215758,0.07494583246745065,0.11970646237121235,0.18886703367821894,0.0016505686663429247,0.0020618665047343787,0.003742080204942792,0.0022457908142269997,0.0044312406838453635,1.0,0.05689561882477962,0.1463255310964626,1.3627920460043288,True,0.2680841968414249,0.0022457908142269997,0.021343691765272167,0.01843736062310121,0.025497119630352123,0.007059759007250914,1.0,,,,,0.0003814286450989912,4.690389194393154,0.21459557676966243,0.5,31.54777295964985,0.9999778131155969
parameter_input_0.01,input_0.01,"High AD-like perturbation, input_0.01",1.0,23,5Hz,60.0,0.01,0.5,ac884c60d8359016,semantic_expanded,0.00530014010442134,0.19882495884064696,0.08101312886360774,0.12547728502620717,0.17984073829484679,0.2336647625787797,0.2927135846740244,0.007121971837575821,0.01300818882748833,0.01629145492536258,0.021297903362109974,0.022773867148087504,1.0,0.12022264191713217,0.2524438005983837,1.070253619727412,True,0.2301769053234656,0.01629145492536258,0.016971384891011916,0.015074771926652596,0.018498285394858704,0.003423513468206109,1.0,,,,,0.0012090736410866887,-3.2718649339540233,0.11665942261030417,0.23076923076923078,31.805059815101984,0.9999426414509255
parameter_input_0.01,input_0.01,"High AD-like perturbation, input_0.01",1.0,23,5Hz,60.0,0.01,0.5,ac884c60d8359016,episodic_expanded,0.0014741706092523683,0.05092172632121831,0.020066039680008762,0.03232848728915535,0.045152578848849746,0.040563418923115865,0.08570774140153381,0.0014301672170064822,0.0016361307859268641,0.0023046458595974177,0.0024520424235878087,0.0029590727837936408,1.0,0.033216078879165875,0.06368402441084232,0.9390497327641709,False,0.2258356237659896,0.0023046458595974177,0.05164371722636616,0.0779427125428665,0.04266282639347557,0.03527988614939093,1.0,,,,,0.0033126912558184562,5.8869615404953475,0.2315412253819849,0.5789473684210527,31.805059815101984,0.9999426414509255
parameter_input_0.01,input_0.01,"High AD-like perturbation, input_0.01",1.0,23,5Hz,60.0,0.01,0.5,ac884c60d8359016,semantic_anatomical_core,0.004354063832174382,0.14460532265095297,0.05753986477930976,0.08079852587336876,0.11842032127395503,0.17238798025668187,0.21708463239833956,0.004232109467662332,0.006704632401904975,0.01171827947418871,0.009995490236680126,0.014652533782048211,1.0,0.07957849061425985,0.18514607478522146,1.2182135233443196,True,0.24622530186643746,0.009995490236680126,0.01689708490449103,0.022212708147485757,0.014900309240113204,0.007312398907372553,1.0,,,,,0.0013387152402645763,-2.5244357004941316,0.10642779378617251,0.2,31.805059815101984,0.9999426414509255
parameter_input_0.01,input_0.01,"High AD-like perturbation, input_0.01",1.0,23,5Hz,60.0,0.01,0.5,ac884c60d8359016,episodic_anatomical_core,0.0015838114330889261,0.04856749584140124,0.018594984306918666,0.03064800658079502,0.04398205851962832,0.039969018092574145,0.08096979905900072,0.0014581461621283008,0.0016274305067321456,0.0022815249518183213,0.002396913773162578,0.0028709380408351707,1.0,0.031828667269006704,0.06073359758096465,0.9321680807202112,False,0.2314014811957812,0.0022815249518183213,0.04948484254578904,0.07431205173942437,0.04095310985466066,0.03335894188476371,1.0,,,,,0.0033962646969278865,6.933073326468515,0.23606301005591815,0.625,31.805059815101984,0.9999426414509255
parameter_input_0.01,input_0.01,"High AD-like perturbation, input_0.01",1.0,23,5Hz,60.0,0.01,0.5,ac884c60d8359016,semantic_platel_peaks,0.006074462792520388,0.20982914892121252,0.0898730833243685,0.1415633875174277,0.19309951717115784,0.23982438422476285,0.3112472974771003,0.006561879850888729,0.012625700693183202,0.013709949662011766,0.021735847179558634,0.018465722167300802,1.0,0.1338586689006676,0.2645615644666766,0.982892908711509,False,0.21723653884342653,0.013709949662011766,0.013494693324666705,-0.002939678762187924,0.02236860980606416,0.025308288568252086,1.0,,,,,0.0005112155703691501,-5.107417699894637,0.14585607860031347,0.2,31.805059815101984,0.9999426414509255
parameter_input_0.01,input_0.01,"High AD-like perturbation, input_0.01",1.0,23,5Hz,60.0,0.01,0.5,ac884c60d8359016,episodic_platel_peaks,0.0008168741840723413,0.0312566980523532,0.012103960235275555,0.021924535410400507,0.02274348919723337,0.02341118020799594,0.056174222323543535,0.0008951022598248543,0.0012733399108136513,0.0013079012383694713,0.0017047383806481702,0.0019191569662999567,1.0,0.019284652030348893,0.0395284967468301,1.0354399766688216,True,0.22617547907873534,0.0013079012383694713,0.07594775520326671,0.1132415766633904,0.06362790084371484,0.04961367581967556,1.0,,,,,0.0021880969997263855,4.013060141929886,0.20825648410609798,0.5,31.805059815101984,0.9999426414509255
parameter_input_0.01,input_0.01,"High AD-like perturbation, input_0.01",1.0,23,5Hz,60.0,0.01,0.5,ac884c60d8359016,semantic_expanded_left,0.004109221347354562,0.15443910487993565,0.06179511216561334,0.09031147118215084,0.1349443697897634,0.17967936973380833,0.23266103342237507,0.0033179684598643134,0.009047954424494192,0.0077941150673450236,0.01314027823111562,0.012461089633138326,1.0,0.08867609236351451,0.19730165624729207,1.153785964468677,True,0.24088867807659461,0.009047954424494192,0.01791953850149832,0.005787087779227358,0.024652271684291543,0.018865183905064184,1.0,,,,,0.0008956245319475808,0.18583733948085923,0.19208329376183603,0.42857142857142855,31.805059815101984,0.9999426414509255
parameter_input_0.01,input_0.01,"High AD-like perturbation, input_0.01",1.0,23,5Hz,60.0,0.01,0.5,ac884c60d8359016,episodic_expanded_left,0.0025155972756395837,0.09454506307826302,0.042140368219841136,0.057986690718812156,0.09396732241362908,0.07005837587754966,0.15342112598161642,0.0022991674741124728,0.0022442419808064726,0.004236578444495963,0.003715003981364415,0.005308633320415238,1.0,0.06634785129628804,0.11608190721549765,0.8070214788993038,False,0.20006401975555024,0.003715003981364415,0.030281469730155705,0.045763347125418935,0.02455900595939789,0.021204341166021046,1.0,,,,,0.0023146143931220275,4.987229800553919,0.20993961212017453,0.5,31.805059815101984,0.9999426414509255
parameter_input_0.01,input_0.01,"High AD-like perturbation, input_0.01",1.0,23,5Hz,60.0,0.01,0.5,ac884c60d8359016,semantic_expanded_right,0.006689545320999245,0.25596732309940223,0.10620786690510531,0.17433609320561916,0.2396742539227376,0.3038702848962863,0.3682664062493468,0.015287210673876443,0.018701793646695088,0.03405280795726439,0.034519869339422964,0.041621482562766654,1.0,0.16299188703856127,0.3229971489984954,0.986721274986147,False,0.2194651325703365,0.03405280795726439,0.016023231280525515,0.024362456074077835,0.012344299105425867,0.012018156968651968,1.0,,,,,0.0013387152402645763,-11.620387899294327,0.09259320713161766,0.0,31.805059815101984,0.9999426414509255
parameter_input_0.01,input_0.01,"High AD-like perturbation, input_0.01",1.0,23,5Hz,60.0,0.01,0.5,ac884c60d8359016,episodic_expanded_right,0.0007167693973343933,0.027426310027278633,0.00955487494411847,0.018023637449377943,0.021696429400502863,0.023485999127471405,0.04788008749872164,0.0008896169120475338,0.0011927964860971457,0.0012536986173500289,0.0016184402701140985,0.0016494097842687976,1.0,0.01662914283659246,0.034937873286590065,1.0710779866290376,True,0.25160722777642874,0.0012536986173500289,0.07300596472257662,0.11012207796031408,0.060766646827553256,0.04935543113276082,1.0,,,,,0.0036947461976002405,7.522274589197339,0.2762445576176331,0.6363636363636364,31.805059815101984,0.9999426414509255
parameter_input_0.01,input_0.01,"High AD-like perturbation, input_0.01",1.0,23,5Hz,60.0,0.01,0.5,ac884c60d8359016,shared_auditory_relay,0.003558338403405778,0.06044812734854737,0.02546166103751785,0.04363870933097006,0.0481890464517511,0.05819696758190457,0.09815465985514647,0.004017889391027191,0.004807142270539194,0.0052867252379604785,0.005921192480508086,0.005261027336937862,1.0,0.03941916782348658,0.07567063364288953,0.9408362058464012,False,0.21543979961146587,0.005261027336937862,0.09073944920203425,0.13472807408891935,0.07576500511173773,0.05896306897718162,1.0,,,,,0.010291737095647235,9.339148135233295,0.38938666055215143,0.7857142857142857,31.805059815101984,0.9999426414509255
parameter_input_0.01,input_0.01,"High AD-like perturbation, input_0.01",1.0,23,5Hz,60.0,0.01,0.5,ac884c60d8359016,anterior_temporal_context,0.005914608675535702,0.20457448749383175,0.09816981743124968,0.12528191592391963,0.21012848487262228,0.20275485112472008,0.29385578181241756,0.01405174311041111,0.0149029464309382,0.023509135250508035,0.02514076076139004,0.029964651788968035,1.0,0.1401290574308312,0.24994109354391578,0.8348319718155742,False,0.19290359731547352,0.023509135250508035,0.014477472295071982,0.009127413745749009,0.018874408295870494,0.009746994550121485,1.0,,,,,0.0028264381800170435,1.179973483081957,0.1880218364357612,0.3888888888888889,31.805059815101984,0.9999426414509255
parameter_input_0.01,input_0.01,"High AD-like perturbation, input_0.01",1.0,23,5Hz,60.0,0.01,0.5,ac884c60d8359016,hippocampal_context,0.0008541813240951902,0.026948220650588006,0.009790429532501121,0.019873217546680588,0.020936425112573827,0.018381077753426258,0.04798859025301642,0.000977610403289749,0.0012575870675413162,0.0006966373442827953,0.0012026714839657297,0.001730076536522744,1.0,0.018154984574966178,0.033258021925421,0.8733366601782204,False,0.22369453161796354,0.0012026714839657297,0.04060602512672798,0.06459829767159932,0.03380605224761045,0.030792245423988868,1.0,,,,,0.003201175863423833,4.4431800665317915,0.2048152432254743,0.5,31.805059815101984,0.9999426414509255
parameter_input_0.01,input_0.01,"High AD-like perturbation, input_0.01",1.0,23,5Hz,60.0,0.01,0.5,ac884c60d8359016,angular_parietal_context,0.003521082266244597,0.0610214537356244,0.023241292889844258,0.03681597971379862,0.04342696927271857,0.05841016997886235,0.10340289184532106,0.0016230127250927966,0.0029756290423108636,0.0032188568193695873,0.0015952216928276789,0.005326089243536186,1.0,0.03390702310166074,0.07895015870261365,1.2193580389565974,True,0.24864580466917144,0.0029756290423108636,0.033562284487075024,0.0663947902871011,0.022630282898274963,0.04376450738882614,1.0,,,,,0.002266403767071601,3.846182006136691,0.17012805821948976,0.16666666666666666,31.805059815101984,0.9999426414509255
parameter_input_0.01,input_0.01,"High AD-like perturbation, input_0.01",1.0,37,2Hz,60.0,0.01,0.5,ac884c60d8359016,semantic_expanded,0.005233636518042744,0.26973191761484794,0.12165668010175935,0.19617165343322598,0.25121053424288015,0.3221825288873989,0.38845740953572055,0.005898013782358328,0.007480207917202538,0.017997555717962063,0.019939471087961732,0.022046227712446537,1.0,0.17826519888066894,0.3376716004697112,0.921595762022495,False,0.20328217270319043,0.017997555717962063,0.016866738373811873,0.020384617660064788,0.018004082208937674,0.0023805354511271144,1.0,,,,,0.00021062779986946722,-2.7141713712070885,0.17760038767954392,0.3076923076923077,31.53947734996254,0.9999808340535141
parameter_input_0.01,input_0.01,"High AD-like perturbation, input_0.01",1.0,37,2Hz,60.0,0.01,0.5,ac884c60d8359016,episodic_expanded,0.003159876584216193,0.15369512272531313,0.03479353516110018,0.059205485928751744,0.09890451102386622,0.17240329023363268,0.25977510886057176,0.0016559712884154155,0.0018969747064151935,0.002936389806544538,0.0032432972263525895,0.004149431593940359,1.0,0.06421730020554907,0.20511895912312897,1.6754269278026197,True,0.36713642970582844,0.002936389806544538,0.038419113590964185,0.04883248828596157,0.040377610403055396,0.008454877882906171,1.0,,,,,0.0005059277303589571,6.018333445958419,0.2979879531361945,0.7368421052631579,31.53947734996254,0.9999808340535141
parameter_input_0.01,input_0.01,"High AD-like perturbation, input_0.01",1.0,37,2Hz,60.0,0.01,0.5,ac884c60d8359016,semantic_anatomical_core,0.004300297991971118,0.19192255962459884,0.08983958858887517,0.15019795373130274,0.1699610301896964,0.2389419995012809,0.26159843371366354,0.0039489149152653735,0.0032404193583835403,0.008179025937537662,0.010577006662857099,0.013466154343536875,1.0,0.1323130870376489,0.2371983733782071,0.8421383513324383,False,0.18768283290373786,0.008179025937537662,0.01614746666609922,0.013667367705500555,0.019290928294237963,0.0056235605887374075,1.0,,,,,0.0001676474568979569,-3.0839279479964414,0.1538556689245098,0.2,31.53947734996254,0.9999808340535141
parameter_input_0.01,input_0.01,"High AD-like perturbation, input_0.01",1.0,37,2Hz,60.0,0.01,0.5,ac884c60d8359016,episodic_anatomical_core,0.0035304406496103483,0.16145063548022315,0.03130505751691267,0.05460922161491191,0.0981761458956573,0.18164896406663095,0.27570193412646815,0.0016196786847756986,0.0018392908456384993,0.00285249949377194,0.0032223869006814663,0.004476755971216741,1.0,0.06074320816787854,0.2172432420421384,1.838516286745484,True,0.4005610051233597,0.00285249949377194,0.03435091487693446,0.04306171183001492,0.037455497547581915,0.005606214282433006,1.0,,,,,0.0005183228992352573,6.372072301355017,0.3668824142358591,0.75,31.53947734996254,0.9999808340535141
parameter_input_0.01,input_0.01,"High AD-like perturbation, input_0.01",1.0,37,2Hz,60.0,0.01,0.5,ac884c60d8359016,semantic_platel_peaks,0.006177020032125656,0.2971032431537368,0.12849245198131964,0.20201049687239095,0.2674519782214573,0.3431569232510475,0.45576370917810394,0.005421837456593781,0.006074895480464309,0.011479901168517498,0.01563104488484979,0.02128514998612838,1.0,0.1861821828852286,0.3772345992427621,1.0187469857200888,True,0.22088215394121333,0.011479901168517498,0.015720482767384514,0.022940283925293833,0.016215888370154186,0.006724395555139647,1.0,,,,,0.0003573789508504177,-2.7141713712070885,0.18080866882186475,0.4,31.53947734996254,0.9999808340535141
parameter_input_0.01,input_0.01,"High AD-like perturbation, input_0.01",1.0,37,2Hz,60.0,0.01,0.5,ac884c60d8359016,episodic_platel_peaks,0.0011035793507496046,0.05873288788786258,0.02619317680525598,0.03984188313532846,0.04562499674262155,0.05290370581239828,0.10296796735836725,0.0011019500146152953,0.0010414177245450906,0.001526765840720494,0.0011744335566992296,0.0015801108771083768,1.0,0.038419417211701064,0.07378664869039253,0.941524156977977,False,0.21794741166093845,0.0011744335566992296,0.06656751824384352,0.0922317851051646,0.06216360911288779,0.030068175992276805,1.0,,,,,0.0003204420121004081,1.8706481877938335,0.2752217139828335,0.75,31.53947734996254,0.9999808340535141
parameter_input_0.01,input_0.01,"High AD-like perturbation, input_0.01",1.0,37,2Hz,60.0,0.01,0.5,ac884c60d8359016,semantic_expanded_left,0.003894221886975088,0.20114775264758925,0.0895795582211252,0.14959001649239512,0.1829547235411014,0.24634705148275368,0.28407423139943905,0.004652715427825913,0.00863588399104507,0.017197437702636563,0.01385973318214657,0.013745899502043859,1.0,0.13377407733735597,0.2513485278561389,0.9098906607591546,False,0.2024865668033975,0.013745899502043859,0.025645960414535405,0.03901602044789411,0.02363380261228919,0.015382217835604919,1.0,,,,,0.00032517616237615066,-1.1402463867970436,0.18080866882186475,0.42857142857142855,31.53947734996254,0.9999808340535141
parameter_input_0.01,input_0.01,"High AD-like perturbation, input_0.01",1.0,37,2Hz,60.0,0.01,0.5,ac884c60d8359016,episodic_expanded_left,0.00525724466784561,0.2715517966740941,0.062462089630974126,0.1132739969461626,0.2066653971567152,0.3864245449673948,0.402586893231346,0.0027269647225665354,0.0038688966290041076,0.006194797115987961,0.00843936902244513,0.006693987847354208,1.0,0.12614624162844146,0.36066446188083146,1.5155600503505926,True,0.3573432473701072,0.006194797115987961,0.021476373502530406,0.01347920160867034,0.028147561756681004,0.014668360148010665,1.0,,,,,0.000329016324563447,3.2743323593671154,0.2562937262063322,0.75,31.53947734996254,0.9999808340535141
parameter_input_0.01,input_0.01,"High AD-like perturbation, input_0.01",1.0,37,2Hz,60.0,0.01,0.5,ac884c60d8359016,semantic_expanded_right,0.006796286920955008,0.36170082152322325,0.1652201474006767,0.2572585959483609,0.34493087302234154,0.4213631999875858,0.5311962238877698,0.007476615992640591,0.006479187370117553,0.018834899560153065,0.02868615882012853,0.03535862867881275,1.0,0.23755335685720633,0.4536414465456413,0.9333008632858364,False,0.20407777860298337,0.018834899560153065,0.008087516333088343,0.0017532148722354697,0.012374361805586159,0.01062114693335069,1.0,,,,,0.00016190194664805757,-4.131019480280923,0.1538556689245098,0.16666666666666666,31.53947734996254,0.9999808340535141
parameter_input_0.01,input_0.01,"High AD-like perturbation, input_0.01",1.0,37,2Hz,60.0,0.01,0.5,ac884c60d8359016,episodic_expanded_right,0.001634517977940253,0.08698963158730082,0.019381197397635556,0.030945227135629663,0.04733304382567859,0.07691771879006834,0.1676237063801847,0.0010056019006638636,0.000930113513450294,0.0013918753002782657,0.001246417459704676,0.0025721263535899187,1.0,0.03269111780465307,0.11665631587970986,1.835293805254647,True,0.37692961204154973,0.001246417459704676,0.05536185367939797,0.08418577496325279,0.05260765904942979,0.031578115913823,1.0,,,,,0.0005490687491991331,6.107567640046963,0.37074621072451913,0.7272727272727273,31.53947734996254,0.9999808340535141
parameter_input_0.01,input_0.01,"High AD-like perturbation, input_0.01",1.0,37,2Hz,60.0,0.01,0.5,ac884c60d8359016,shared_auditory_relay,0.004647983897177758,0.11313570287171008,0.04077610621623331,0.06210165584016625,0.08979177018673516,0.1267271283945638,0.1875241196878959,0.0032934662165039056,0.0034332532169461354,0.004453682946128991,0.005678209431996523,0.00796618687873771,1.0,0.060470779624265586,0.14723853035667503,1.2838451705420537,True,0.2715791124630633,0.004453682946128991,0.05331892624181174,0.07949370280074745,0.049724438968711336,0.029769263832036118,1.0,,,,,0.0014701281233746588,10.336055943794651,0.5338585253127139,0.7857142857142857,31.53947734996254,0.9999808340535141
parameter_input_0.01,input_0.01,"High AD-like perturbation, input_0.01",1.0,37,2Hz,60.0,0.01,0.5,ac884c60d8359016,anterior_temporal_context,0.008764954647922506,0.4101735336914065,0.13631180231765364,0.19158171425204484,0.3246751866884794,0.5387132087888457,0.6181595594651064,0.00512827606731947,0.006151240882248522,0.00982831525702629,0.011402155005767379,0.018649456017269868,1.0,0.20584783362918233,0.5389606169535204,1.388601590287274,True,0.29268475798518595,0.00982831525702629,0.034413008621391794,0.06789665085312906,0.026976371371806872,0.04092027948132218,1.0,,,,,0.00031297013686959474,0.9648790186650993,0.24426707107897672,0.3888888888888889,31.53947734996254,0.9999808340535141
parameter_input_0.01,input_0.01,"High AD-like perturbation, input_0.01",1.0,37,2Hz,60.0,0.01,0.5,ac884c60d8359016,hippocampal_context,0.001061172747213789,0.04929211251479107,0.01919614398934068,0.034088135493346515,0.03882322959006876,0.05012369709410359,0.08221631134188206,0.000851805459707083,0.0007996438598194094,0.0008763309145840854,0.0008901100939436294,0.0014272953266440131,1.0,0.03064389648186563,0.06224546457569306,1.022368968356152,True,0.23767196765672602,0.0008763309145840854,0.025359660025717448,0.021901097245925646,0.03135876979930236,0.009457672553376716,1.0,,,,,0.00043032616875604557,2.5598386221429905,0.37319339301876686,0.5,31.53947734996254,0.9999808340535141
parameter_input_0.01,input_0.01,"High AD-like perturbation, input_0.01",1.0,37,2Hz,60.0,0.01,0.5,ac884c60d8359016,angular_parietal_context,0.005019450806280996,0.13071346121973515,0.043234410839910815,0.06395175850461313,0.09683773284296249,0.1433506820347767,0.2218381273871871,0.001336785499167242,0.0013394836190672866,0.0031779143872652242,0.0011975081681872217,0.005986407568307301,1.0,0.06400444061769422,0.17226369358245092,1.4283747625310905,True,0.2941501825261222,0.0013394836190672866,0.02263327852334563,0.02165326912579502,0.026449535114111137,0.004796265988316117,1.0,,,,,0.0003526710021988788,3.8505061869348616,0.42761701060259993,0.6666666666666666,31.53947734996254,0.9999808340535141
parameter_input_0.01,input_0.01,"High AD-like perturbation, input_0.01",1.0,37,5Hz,60.0,0.01,0.5,ac884c60d8359016,semantic_expanded,0.005400838954254659,0.2036261251585144,0.08523252879989728,0.1413887448502007,0.18512334199488525,0.24473571372569358,0.2857991045437009,0.00784781708736772,0.01275090832174105,0.015859329216736773,0.024081454209066697,0.024289141115361297,1.0,0.12995630849290224,0.25677165726443524,0.9824592964766605,False,0.21413040372972816,0.015859329216736773,0.014250290024901496,-0.0011069790800159116,0.021688091856778172,0.022795070936794084,1.0,,,,,0.0010463818585239038,-2.0220140297526443,0.14045884837837863,0.07692307692307693,31.85603284937278,0.9999138377589942
parameter_input_0.01,input_0.01,"High AD-like perturbation, input_0.01",1.0,37,5Hz,60.0,0.01,0.5,ac884c60d8359016,episodic_expanded,0.004462606272956401,0.15765775258366116,0.025690873241573528,0.05113414899762124,0.09088930439912886,0.17719420464673516,0.26428595639050406,0.0014972363240993395,0.0018112137892981179,0.0024905391297194044,0.004073715383049061,0.006263985939384849,1.0,0.05737796378270875,0.21295956853952175,1.8920108773705637,True,0.42592581433824855,0.0024905391297194044,0.04961746326858213,0.04476891686232833,0.058756989546049285,0.013988072683720952,1.0,,,,,0.0015242395947588916,6.555470666798113,0.23960054978901957,0.5789473684210527,31.85603284937278,0.9999138377589942
parameter_input_0.01,input_0.01,"High AD-like perturbation, input_0.01",1.0,37,5Hz,60.0,0.01,0.5,ac884c60d8359016,semantic_anatomical_core,0.004455637685730043,0.15342294525158662,0.06434625142761638,0.11257860479621483,0.13199141986906499,0.19484198110887083,0.20063112481900916,0.004820448993335872,0.007449575435403569,0.0110364819803359,0.011566432324331195,0.015897927586156387,1.0,0.10016035937259543,0.19230642901563352,0.9410953506252184,False,0.20363033669119734,0.0110364819803359,0.0196158865963739,0.0009339806092713426,0.029102871397533613,0.02816889078826227,1.0,,,,,0.0010337035002859207,-1.2258323676178549,0.13922055011099166,0.0,31.85603284937278,0.9999138377589942
parameter_input_0.01,input_0.01,"High AD-like perturbation, input_0.01",1.0,37,5Hz,60.0,0.01,0.5,ac884c60d8359016,episodic_anatomical_core,0.005010113740576173,0.16746828289015023,0.024021543341831156,0.048653493723563944,0.08960668109025452,0.1841148726059942,0.28403066484822825,0.0015125456277651573,0.0017364653858352442,0.002417809356522141,0.004227066157672909,0.0066166759376412344,1.0,0.0554253225237146,0.22724298137161275,2.0356185706478596,True,0.4523641376056966,0.002417809356522141,0.04755212773681126,0.04359144880364706,0.05645589348397791,0.012864444680330857,1.0,,,,,0.0015568393309329243,7.050663727787237,0.25811557012246467,0.625,31.85603284937278,0.9999138377589942
parameter_input_0.01,input_0.01,"High AD-like perturbation, input_0.01",1.0,37,5Hz,60.0,0.01,0.5,ac884c60d8359016,semantic_platel_peaks,0.006407976730065131,0.22289284129775733,0.09213270067378097,0.1441236915117132,0.1971211560794267,0.2556904941536227,0.3381921285950458,0.007508635619159525,0.012839598666703748,0.014836491098431624,0.026559055894270604,0.021748424565682625,1.0,0.13596574052540591,0.28426762575888387,1.064006625488641,True,0.22896033814138136,0.014836491098431624,0.007390211607324988,-0.0050678907769508095,0.013340299892599687,0.018408190669550496,1.0,,,,,0.0008053370836144103,-2.0220140297526443,0.14045884837837863,0.2,31.85603284937278,0.9999138377589942
parameter_input_0.01,input_0.01,"High AD-like perturbation, input_0.01",1.0,37,5Hz,60.0,0.01,0.5,ac884c60d8359016,episodic_platel_peaks,0.0014507253779208287,0.055500367434452746,0.014437888412742211,0.029248270676295037,0.04075749264315898,0.05871232790716948,0.09596231827151547,0.0009315835665679612,0.0014759512785342504,0.001595753990751552,0.0020648473794574853,0.002640902118389861,1.0,0.029489021633928348,0.07272808452587604,1.3023346213854992,True,0.3235264318426135,0.001595753990751552,0.06813093328026704,0.06191384558460676,0.07956445975169674,0.017650614167089976,1.0,,,,,0.0008147325107062953,4.730906655183825,0.18187819311083694,0.5,31.85603284937278,0.9999138377589942
parameter_input_0.01,input_0.01,"High AD-like perturbation, input_0.01",1.0,37,5Hz,60.0,0.01,0.5,ac884c60d8359016,semantic_expanded_left,0.00436345517842236,0.1639386302843255,0.06805637727311566,0.11515333071975628,0.14429060516494943,0.20800861724509362,0.22019161879074753,0.003914559869855942,0.009130140950235906,0.007693521118282748,0.016961294514237023,0.012917086683121812,1.0,0.10450518160615957,0.20683587390942781,0.9849119542409752,False,0.21205008723379662,0.009130140950235906,0.011742356947701217,-0.01920075202897325,0.026011996566971677,0.04521274859594493,1.0,,,,,0.0010210251420479377,6.06217196026111,0.1472584514509022,0.14285714285714285,31.85603284937278,0.9999138377589942
parameter_input_0.01,input_0.01,"High AD-like perturbation, input_0.01",1.0,37,5Hz,60.0,0.01,0.5,ac884c60d8359016,episodic_expanded_left,0.007374252839675544,0.2770567956982664,0.056852386088767734,0.10520069856111716,0.20349138200915518,0.4009755133852288,0.4005831500497493,0.002505991258378096,0.0026136059636610517,0.00447393219333156,0.006636569163308256,0.009789772596276853,1.0,0.1231513066186597,0.369923926599689,1.586796681966697,True,0.3781993858731041,0.00447393219333156,0.038459374375117414,0.026565630257532502,0.047474020429849814,0.020908390172317312,1.0,,,,,0.0015568393309329243,6.948572484940349,0.23032700099474554,0.5,31.85603284937278,0.9999138377589942
parameter_input_0.01,input_0.01,"High AD-like perturbation, input_0.01",1.0,37,5Hz,60.0,0.01,0.5,ac884c60d8359016,semantic_expanded_right,0.006611120026059008,0.2529214668632948,0.10674361840437038,0.17360138039746195,0.2375113176091949,0.2879475397033698,0.37095475571031816,0.01573311817531285,0.0178075742658983,0.032692224969284436,0.034190576452558144,0.04567302137043119,1.0,0.1616057869814462,0.31876329153227884,0.9800066387123462,False,0.21621072022565963,0.032692224969284436,0.016758223102101778,0.016986793868941426,0.017364187146584668,0.0003773932776432419,1.0,,,,,0.0013186791740885662,-10.896435051665929,0.11350704870519324,0.0,31.85603284937278,0.9999138377589942
parameter_input_0.01,input_0.01,"High AD-like perturbation, input_0.01",1.0,37,5Hz,60.0,0.01,0.5,ac884c60d8359016,episodic_expanded_right,0.002345045133524296,0.08971433776632842,0.01160938024455228,0.024854409043604385,0.04059565359768327,0.07830350011977986,0.1743634667024036,0.0008945428690973816,0.001255160661612679,0.0013864280656530304,0.0025005626572598026,0.004008011367264398,1.0,0.026733218008350417,0.12259757904661416,2.19722507277443,True,0.4736522428033933,0.0013864280656530304,0.060775552162046845,0.06297220346712416,0.07003995866224876,0.007067755195124592,1.0,,,,,0.00136573300725773,5.116884479539932,0.31767478801866345,0.6363636363636364,31.85603284937278,0.9999138377589942
parameter_input_0.01,input_0.01,"High AD-like perturbation, input_0.01",1.0,37,5Hz,60.0,0.01,0.5,ac884c60d8359016,shared_auditory_relay,0.0053228341466899295,0.10154449257393793,0.027981906668424088,0.048476938145587435,0.07631423465527276,0.11302354651691471,0.16979363706487918,0.003882457943730029,0.004510215539213247,0.0060274335062009,0.008945749437072386,0.006436235023822066,1.0,0.04830360993853438,0.13410022713074737,1.4731087637246731,True,0.3211842660383324,0.0060274335062009,0.07024953936667673,0.0827452747579415,0.07607780263732057,0.006667472120620924,1.0,,,,,0.003772688663593149,9.529519392806494,0.4160820946712913,0.7857142857142857,31.85603284937278,0.9999138377589942
parameter_input_0.01,input_0.01,"High AD-like perturbation, input_0.01",1.0,37,5Hz,60.0,0.01,0.5,ac884c60d8359016,anterior_temporal_context,0.01068966562173344,0.36848523043537273,0.1013906419234469,0.13908836548151501,0.2673989029661598,0.4823874469710823,0.5567726745324334,0.01032973319833838,0.014985398963184465,0.026852106392197615,0.06735675620843688,0.07541850138494907,1.0,0.1621871084481342,0.48774055670074873,1.588454790106921,True,0.3354259215705532,0.026852106392197615,-0.0022658137302391333,-0.023700949004613434,-0.0007630959380218478,0.022937853066591588,1.0,,,,,0.0016890242470136707,1.4263216156203475,0.2226202251665717,0.4444444444444444,31.85603284937278,0.9999138377589942
parameter_input_0.01,input_0.01,"High AD-like perturbation, input_0.01",1.0,37,5Hz,60.0,0.01,0.5,ac884c60d8359016,hippocampal_context,0.001321062628461146,0.04510479184059536,0.012200884012692923,0.026223327359189478,0.03358904485735834,0.04989065667111856,0.07495269201505458,0.0009682693176032305,0.001078280084208609,0.0008994768018448296,0.0024237088452335348,0.002020471167084732,1.0,0.024726568104980178,0.058593259048852264,1.2446726806794595,True,0.3082954065600954,0.001078280084208609,0.05366695677524118,0.03382348903727823,0.06919192602622269,0.035368436988944464,1.0,,,,,0.0019606487731749778,5.734112249419183,0.2696553496238725,0.5,31.85603284937278,0.9999138377589942
parameter_input_0.01,input_0.01,"High AD-like perturbation, input_0.01",1.0,37,5Hz,60.0,0.01,0.5,ac884c60d8359016,angular_parietal_context,0.006196900930058633,0.12177853764612355,0.031908491251242684,0.05118009918211691,0.08552871009041202,0.13426966692468442,0.20641895208095287,0.0015364911812925318,0.002455821980594307,0.003563215049347964,0.00518297655333279,0.009587122463935277,1.0,0.05330104416040899,0.16204003410833193,1.6041145932355205,True,0.3389302422322282,0.003563215049347964,0.04759694813151033,0.036470814897760634,0.05861738096453882,0.022146566066778187,1.0,,,,,0.0018621731334479974,6.529670785558483,0.24432240202448918,0.6666666666666666,31.85603284937278,0.9999138377589942
parameter_input_0.01,input_0.01,"High AD-like perturbation, input_0.01",1.0,53,2Hz,60.0,0.01,0.5,ac884c60d8359016,semantic_expanded,0.005324379539954683,0.2730747944246374,0.11373584368574323,0.18094024755722263,0.262357087864138,0.3338008151981936,0.3928742166163048,0.005547978767295121,0.008186546001667112,0.01836445633085203,0.020116562261470128,0.021953510293658232,1.0,0.16961194176121017,0.3463984429869498,1.0301946969661262,True,0.22301175649785218,0.01836445633085203,0.014856638786301338,0.019466821646479636,0.01315770530611799,0.006309116340361645,1.0,,,,,0.0002133431936285346,-2.87264217444735,0.1745929455804657,0.07692307692307693,31.53612722588108,0.9999877256849661
parameter_input_0.01,input_0.01,"High AD-like perturbation, input_0.01",1.0,53,2Hz,60.0,0.01,0.5,ac884c60d8359016,episodic_expanded,0.0026842433904601896,0.140562509245468,0.031880719525288585,0.05910484631795394,0.10627918164354676,0.14334266423992012,0.23090623826591455,0.0015573535219262473,0.0018584705348199354,0.0028140539539164367,0.0033671517517658346,0.005763721940837685,1.0,0.05845204710894058,0.1850188181947545,1.662346557323683,True,0.3495610924719035,0.0028140539539164367,0.03005956679467401,0.046322514598141434,0.025759994720930098,0.020562519877211336,1.0,,,,,0.00041816347059908665,6.887502031087579,0.12224536413585806,0.21052631578947367,31.53612722588108,0.9999877256849661
parameter_input_0.01,input_0.01,"High AD-like perturbation, input_0.01",1.0,53,2Hz,60.0,0.01,0.5,ac884c60d8359016,semantic_anatomical_core,0.004421545277820264,0.1896535578710896,0.07490567989587095,0.12008099541552256,0.188013419867935,0.24435488373152986,0.25384724856839286,0.003339216656262209,0.0031550248871193708,0.00979495152107754,0.01122569854734689,0.01071728362455813,1.0,0.11201830156637918,0.24151971478186796,1.1084064989765303,True,0.2273298648019476,0.00979495152107754,0.01239768851413792,0.013181118326055105,0.012652564947360332,0.0005285533786947728,1.0,,,,,0.00019229835446343824,-3.03300348198366,0.1743019956726133,0.0,31.53612722588108,0.9999877256849661
parameter_input_0.01,input_0.01,"High AD-like perturbation, input_0.01",1.0,53,2Hz,60.0,0.01,0.5,ac884c60d8359016,episodic_anatomical_core,0.0029782077324131814,0.155287446935758,0.029724638730029035,0.05755075643002206,0.11540219502436032,0.159028955853684,0.25636691459602534,0.0015375884241018054,0.001875187120030082,0.002881068724852728,0.003351645452821015,0.006229117393161068,1.0,0.05891649890464848,0.2053841062403346,1.8015809359313697,True,0.3841670245352587,0.002881068724852728,0.02505142579297626,0.04102940000042005,0.021603264574832668,0.01942613542558738,1.0,,,,,0.0004352689723464698,7.909881550122746,0.12831262252107592,0.1875,31.53612722588108,0.9999877256849661
parameter_input_0.01,input_0.01,"High AD-like perturbation, input_0.01",1.0,53,2Hz,60.0,0.01,0.5,ac884c60d8359016,semantic_platel_peaks,0.005998370584498747,0.28538397359243484,0.12595854017376268,0.19704021936444122,0.2643325916772025,0.3313871827744874,0.43052150372103853,0.004778763134879017,0.009011516931685584,0.011836484693449742,0.012189732769714417,0.01905579330842946,1.0,0.1833266198028009,0.36019535368186056,0.9743632848792662,False,0.2148150189391692,0.011836484693449742,0.015765523273317723,0.022097335615614267,0.013297057006655809,0.008800278608958458,1.0,,,,,0.00015630080457396112,-3.1933647895199697,0.17401104576476092,0.2,31.53612722588108,0.9999877256849661
parameter_input_0.01,input_0.01,"High AD-like perturbation, input_0.01",1.0,53,2Hz,60.0,0.01,0.5,ac884c60d8359016,episodic_platel_peaks,0.0010344299437817705,0.05508107494875581,0.023953815054117162,0.03838200252264497,0.03555856004000654,0.048844395838405205,0.09956462866248858,0.0010055541169935055,0.0009717837679576388,0.0010106717717180084,0.0014427176314700406,0.002373878505199868,1.0,0.033593265437528,0.07030879426836083,1.065533114051688,True,0.22292593833596777,0.0010106717717180084,0.06372792021249016,0.08701141835345058,0.054574130483659444,0.03243728786979114,1.0,,,,,0.00044873865369321475,2.193600386082636,0.13261494530749976,0.25,31.53612722588108,0.9999877256849661
parameter_input_0.01,input_0.01,"High AD-like perturbation, input_0.01",1.0,53,2Hz,60.0,0.01,0.5,ac884c60d8359016,semantic_expanded_left,0.0038393874232425626,0.19844939032695955,0.08037132103992889,0.12771681288829073,0.1956612401361965,0.24563373077449005,0.278760484450057,0.004479316545673947,0.008855457160025004,0.017771830481298087,0.013629484563031218,0.01315861782941133,1.0,0.11969717638769731,0.2525971751958895,1.0774493854622957,True,0.22660534821090375,0.01315861782941133,0.025268645184883254,0.03792936455517855,0.019460887007236066,0.018468477547942484,1.0,,,,,0.00017125351529834187,-1.160175942394364,0.1799976302284813,0.0,31.53612722588108,0.9999877256849661
parameter_input_0.01,input_0.01,"High AD-like perturbation, input_0.01",1.0,53,2Hz,60.0,0.01,0.5,ac884c60d8359016,episodic_expanded_left,0.002649393469632076,0.13694125151367847,0.05133245760589386,0.09473251434628316,0.15329169936997294,0.15456955571049907,0.18780186319755515,0.0024499691667749673,0.003497550140712816,0.006296162900131723,0.007234581569109357,0.006737218171223181,1.0,0.08903801076863672,0.1723088490277493,0.9525035275982273,False,0.22244304430390338,0.006296162900131723,0.009822127706212422,0.012506691832488728,0.01001016948670471,0.002496522345784017,1.0,,,,,0.00034693420538395303,7.114174656918522,0.15141181167277115,0.125,31.53612722588108,0.9999877256849661
parameter_input_0.01,input_0.01,"High AD-like perturbation, input_0.01",1.0,53,2Hz,60.0,0.01,0.5,ac884c60d8359016,semantic_expanded_right,0.007056870342785492,0.3757625217552889,0.1609509707135611,0.2563434871703614,0.3517878221800023,0.4536143463507997,0.5537016854680087,0.006871599291656318,0.00756816212040967,0.018976844095079257,0.029691223857228805,0.0366266898592129,1.0,0.24034159916043765,0.4750325541476433,0.9829400084699569,False,0.21941816478480078,0.018976844095079257,0.004444632387719424,0.0010042787377807225,0.006854523604999915,0.005850244867219192,1.0,,,,,0.00023783173496172427,-3.133963596192723,0.14914538721006326,0.16666666666666666,31.53612722588108,0.9999877256849661
parameter_input_0.01,input_0.01,"High AD-like perturbation, input_0.01",1.0,53,2Hz,60.0,0.01,0.5,ac884c60d8359016,episodic_expanded_right,0.00270958878742609,0.14427952707448974,0.019799953574274592,0.036876281415896106,0.0736847754786815,0.1329312185504511,0.28390395048439226,0.0009899512308755754,0.00098752343492922,0.001257734239275649,0.0015671550332406457,0.004930891321463968,1.0,0.038372845279572514,0.1986663092426017,2.3721895870491387,True,0.4766791406399037,0.001257734239275649,0.0502970058831356,0.08013833736379414,0.041509819955155486,0.03862851740863865,1.0,,,,,0.00047931383678734285,6.887502031087579,0.10555708795281529,0.2727272727272727,31.53612722588108,0.9999877256849661
parameter_input_0.01,input_0.01,"High AD-like perturbation, input_0.01",1.0,53,2Hz,60.0,0.01,0.5,ac884c60d8359016,shared_auditory_relay,0.0038548174385759125,0.09659101693451894,0.03809806048080553,0.06284519707550236,0.07174635181553453,0.10641219088681958,0.15952360788609132,0.0031522588244742764,0.0034246100357599022,0.0033044181892751797,0.005736890925998301,0.00699016260497559,1.0,0.05624811935929694,0.12413892561958274,1.1420787989190737,True,0.24458750065831572,0.0034246100357599022,0.05249176258391159,0.08178538668568494,0.04362839011188495,0.03815699657379999,1.0,,,,,0.0016898817787308618,11.106837335882785,0.28152717101732516,0.7857142857142857,31.53612722588108,0.9999877256849661
parameter_input_0.01,input_0.01,"High AD-like perturbation, input_0.01",1.0,53,2Hz,60.0,0.01,0.5,ac884c60d8359016,anterior_temporal_context,0.00610250707330509,0.28350308727514595,0.12543604703427805,0.1873134569000646,0.254223844683707,0.3156222357575177,0.43400523917233125,0.004518345996670728,0.006528096125871411,0.008953371030469316,0.009791499210418964,0.0137821605589524,1.0,0.17720152691920105,0.3587796850197044,1.017707168224921,True,0.21671326074107466,0.008953371030469316,0.038286267820256126,0.06849285735438015,0.027065310862149354,0.0414275464922308,1.0,,,,,0.00031772367613719377,-0.9960213934297624,0.18240230703388338,0.1111111111111111,31.53612722588108,0.9999877256849661
parameter_input_0.01,input_0.01,"High AD-like perturbation, input_0.01",1.0,53,2Hz,60.0,0.01,0.5,ac884c60d8359016,hippocampal_context,0.0010282007879625972,0.04593867780831566,0.017203837044110184,0.03216717872610311,0.029826271147264966,0.0473904162909906,0.07940961320257141,0.0006122653837764306,0.000942556482634062,0.0006153235906543881,0.0009422604973110305,0.0010617351842132446,1.0,0.028229463548137414,0.0586397130070688,1.0546763295513726,True,0.24860862603766465,0.0009422604973110305,0.0161549773818205,0.018403690358130078,0.017234803254136663,0.001168887103993415,1.0,,,,,0.0004847454837965115,4.953532470220947,0.15017458020139512,0.0,31.53612722588108,0.9999877256849661
parameter_input_0.01,input_0.01,"High AD-like perturbation, input_0.01",1.0,53,2Hz,60.0,0.01,0.5,ac884c60d8359016,angular_parietal_context,0.004276330099979139,0.10785030670003452,0.040055237361199376,0.06507639242164999,0.07719451826268504,0.13890065469178475,0.16612902973136806,0.001568102144505443,0.0022202928645657875,0.0026198598504709276,0.0026584687599722186,0.0036958128038346795,1.0,0.05801777628145294,0.14063603214275497,1.2773993666962467,True,0.25991650065372446,0.0026198598504709276,0.009405983038092298,0.01820192997605715,0.006317068864467039,0.011884861111590112,1.0,,,,,0.0003676849023107054,2.9088825175741446,0.22702716410854296,0.5,31.53612722588108,0.9999877256849661
parameter_input_0.01,input_0.01,"High AD-like perturbation, input_0.01",1.0,53,5Hz,60.0,0.01,0.5,ac884c60d8359016,semantic_expanded,0.005288706582628934,0.19895886540204744,0.0793878194129128,0.1247111596153248,0.17861888379811838,0.23978540127851308,0.2884239276592253,0.007049430470388458,0.012660358698493227,0.016725673398229737,0.02149017962088079,0.024821061636998473,1.0,0.11843433578747567,0.25373625022851465,1.0992422465993426,True,0.23327779098845888,0.016725673398229737,0.03294653185727469,0.026506123746343008,0.038919559451548916,0.012413435705205908,1.0,,,,,0.0022337583868984323,0.017743101690128993,0.1556696479309324,0.23076923076923078,31.872495126906376,0.9999381677373481
parameter_input_0.01,input_0.01,"High AD-like perturbation, input_0.01",1.0,53,5Hz,60.0,0.01,0.5,ac884c60d8359016,episodic_expanded,0.0025089963665875644,0.09615301639555399,0.029751752793199526,0.051426299571110126,0.07179253640055908,0.09270573710631366,0.14791497037079548,0.0017425545129602267,0.0015939518143901236,0.0031035188693755342,0.0032407144827459626,0.006133859204327561,1.0,0.0483663772284745,0.11988686012734884,1.3095971595468783,True,0.27387976411190407,0.0031035188693755342,0.05620456261202976,0.08185460515988344,0.05783017856377177,0.02402442659611167,1.0,,,,,0.0015227000317865613,7.4580197977196026,0.24027310893926418,0.6842105263157895,31.872495126906376,0.9999381677373481
parameter_input_0.01,input_0.01,"High AD-like perturbation, input_0.01",1.0,53,5Hz,60.0,0.01,0.5,ac884c60d8359016,semantic_anatomical_core,0.004367373481897539,0.14650463269734332,0.05514597279746575,0.08158271297398047,0.11999386956123774,0.1786084872022207,0.21702963713853368,0.003827794769977275,0.006139933477804847,0.01135897432356844,0.012738973477999762,0.01710763145798379,1.0,0.07832035191814836,0.18913197176087468,1.2719341113254006,True,0.25417972540945816,0.01135897432356844,0.037951679158929594,0.02524257467786231,0.04616213619603497,0.02091956151817266,1.0,,,,,0.0024262719286229917,0.3753397273157213,0.16703140609739636,0.3,31.872495126906376,0.9999381677373481
parameter_input_0.01,input_0.01,"High AD-like perturbation, input_0.01",1.0,53,5Hz,60.0,0.01,0.5,ac884c60d8359016,episodic_anatomical_core,0.002673274016759387,0.09975431446437855,0.02754330001940766,0.04601476236936398,0.07064858302157562,0.09542613453206852,0.15531681290240354,0.0017742897645212983,0.0015788667217868297,0.0029995573835167855,0.0030011711618428845,0.005832256554108442,1.0,0.044893363165798734,0.12517706304073167,1.4793961483916578,True,0.30215845092778565,0.0029995573835167855,0.04791112962815297,0.08244065899673145,0.04568078969882321,0.03675986929790824,1.0,,,,,0.0015318996557660558,7.400416815776577,0.2512942476685719,0.75,31.872495126906376,0.9999381677373481
parameter_input_0.01,input_0.01,"High AD-like perturbation, input_0.01",1.0,53,5Hz,60.0,0.01,0.5,ac884c60d8359016,semantic_platel_peaks,0.006039042093739377,0.20688684806890037,0.08838458065851997,0.1372635056401669,0.18660553564050042,0.24223112365993035,0.3058797941887288,0.006377868590385183,0.012567716069453214,0.014324672543709657,0.023533312310107607,0.01720179737492135,1.0,0.12943326255634405,0.26230428105173414,1.019032936302719,True,0.220081627017246,0.014324672543709657,0.022975785066196235,0.020099531700376497,0.028268961707665942,0.008169430007289445,1.0,,,,,0.0011921171723588975,-2.972435022302022,0.19305611800999692,0.0,31.872495126906376,0.9999381677373481
parameter_input_0.01,input_0.01,"High AD-like perturbation, input_0.01",1.0,53,5Hz,60.0,0.01,0.5,ac884c60d8359016,episodic_platel_peaks,0.0014744823717199162,0.05638110782774297,0.018512858964675513,0.03539605265073492,0.03986120660642023,0.05219555075182591,0.09975496813378193,0.0011097538300795643,0.0012317194912595925,0.002231902064296672,0.002763088797139709,0.005818398103703175,1.0,0.03021013783079019,0.07374334606063207,1.2874801131140847,True,0.27100301611732736,0.002231902064296672,0.10603236706912922,0.09975103485729761,0.12585788775980616,0.026106852902508554,1.0,,,,,0.001397459753789354,7.807617879308115,0.1799225869214953,0.25,31.872495126906376,0.9999381677373481
parameter_input_0.01,input_0.01,"High AD-like perturbation, input_0.01",1.0,53,5Hz,60.0,0.01,0.5,ac884c60d8359016,semantic_expanded_left,0.004208572252357708,0.15807625763462835,0.059792428616157745,0.09175906419037431,0.13448310260986635,0.18496805426977583,0.24193927614827457,0.0032796117763735618,0.008889721206123384,0.008150715795860334,0.014229566816263523,0.012919796907462665,1.0,0.08775301246559056,0.2038839360664547,1.2162275529351683,True,0.25222870490384697,0.008889721206123384,0.036360860904271375,0.02610864900840193,0.045321992179079125,0.019213343170677195,1.0,,,,,0.0032478948995815493,0.34916612084686965,0.2525587943515443,0.42857142857142855,31.872495126906376,0.9999381677373481
parameter_input_0.01,input_0.01,"High AD-like perturbation, input_0.01",1.0,53,5Hz,60.0,0.01,0.5,ac884c60d8359016,episodic_expanded_left,0.0031400946004748135,0.1179436572067131,0.05950065804688415,0.09851769137292696,0.12292723883199011,0.12630912658638838,0.1450149971296636,0.0026814512369602063,0.0021255622890602745,0.004761086330121808,0.004286290913659103,0.007057222308628868,1.0,0.09241496386647419,0.13442216312102293,0.5405726475333437,False,0.14644766594048395,0.004286290913659103,0.03284554346379149,0.05319123814144601,0.03047962109598915,0.02271161704545686,1.0,,,,,0.0010319805007443228,6.068353894778085,0.2907546528075573,0.875,31.872495126906376,0.9999381677373481
parameter_input_0.01,input_0.01,"High AD-like perturbation, input_0.01",1.0,53,5Hz,60.0,0.01,0.5,ac884c60d8359016,semantic_expanded_right,0.006548863301278694,0.25041477268246376,0.10540508249959507,0.16949686082599058,0.23723951210317346,0.31084848080003114,0.34383984018945035,0.015152546504083788,0.018030338483968032,0.03432191204192536,0.032455508034853114,0.047685354901501414,1.0,0.1598428532458717,0.3157781133823238,0.982256940263517,False,0.21432687707307077,0.032455508034853114,0.029532202810278005,0.026903598484284082,0.0325171267240187,0.005613528239734617,1.0,,,,,0.0019050015794049857,-8.784618378590933,0.12226049488502257,0.0,31.872495126906376,0.9999381677373481
parameter_input_0.01,input_0.01,"High AD-like perturbation, input_0.01",1.0,53,5Hz,60.0,0.01,0.5,ac884c60d8359016,episodic_expanded_right,0.0020500158328513834,0.07838829811559757,0.014876588315547355,0.02684456213622081,0.04192861022340232,0.06804222247983707,0.1508729365434568,0.0011324077756045049,0.0011952989567390294,0.0020230318680912393,0.0024501907523850103,0.00533130842321784,1.0,0.025313069965455418,0.10692328480277723,2.0786216715604144,True,0.40131186228332416,0.0020230318680912393,0.07956358176026804,0.11051797217832088,0.08518073603155439,0.025337236146766487,1.0,,,,,0.0016010974295542768,8.205872365510547,0.22192486062833003,0.5454545454545454,31.872495126906376,0.9999381677373481
parameter_input_0.01,input_0.01,"High AD-like perturbation, input_0.01",1.0,53,5Hz,60.0,0.01,0.5,ac884c60d8359016,shared_auditory_relay,0.004150237785490024,0.08308941103825089,0.029532568305112843,0.040885515057981055,0.05808214578982179,0.08638669138382926,0.14251756809277244,0.004325142056678179,0.004674430473924538,0.005719398482267348,0.006062572084788959,0.007297826619895707,1.0,0.040219911584494,0.1096927456022789,1.4474863027153733,True,0.28103706669752554,0.005719398482267348,0.074008535163338,0.13888348016152827,0.06773688600543147,0.0711465941560968,1.0,,,,,0.004498441481564919,10.05387313490142,0.36980269163457635,0.7142857142857143,31.872495126906376,0.9999381677373481
parameter_input_0.01,input_0.01,"High AD-like perturbation, input_0.01",1.0,53,5Hz,60.0,0.01,0.5,ac884c60d8359016,anterior_temporal_context,0.005698565748565683,0.1974107250671313,0.09310702727827441,0.12240696906831464,0.14705199504698557,0.24779607427386005,0.2751624278186831,0.013911491446628382,0.014542580302059202,0.013992949450507846,0.03116428705891843,0.02509256307729937,1.0,0.12071255814972885,0.2502222201555431,1.0516341364345632,True,0.20720553419604687,0.014542580302059202,0.013885899562667529,0.051047098770584644,-0.005834171190023164,0.05688126996060781,1.0,,,,,0.0019441514558996564,0.894262032671939,0.2049681535813758,0.3888888888888889,31.872495126906376,0.9999381677373481
parameter_input_0.01,input_0.01,"High AD-like perturbation, input_0.01",1.0,53,5Hz,60.0,0.01,0.5,ac884c60d8359016,hippocampal_context,0.001208798687188101,0.041272786701103986,0.013429853747169438,0.02121721954654981,0.02226294540345414,0.04158020521197369,0.07461081535978731,0.0012078752684750828,0.0008068766308238121,0.0013837239587212642,0.0009923909869461916,0.00281006807018563,1.0,0.018345918535203194,0.05508788462462522,1.5862759258596144,True,0.29592718159832004,0.0012078752684750828,0.04030556557657502,0.07794473796357441,0.03791366106315064,0.040031076900423776,1.0,,,,,0.0012297719183875233,4.9440600376163015,0.23982076850949183,0.5,31.872495126906376,0.9999381677373481
parameter_input_0.01,input_0.01,"High AD-like perturbation, input_0.01",1.0,53,5Hz,60.0,0.01,0.5,ac884c60d8359016,angular_parietal_context,0.005046105464523598,0.0968724885555669,0.028066434340810534,0.03806451409247579,0.0628355994861821,0.10687547168727674,0.16713258011461873,0.0016964875654196855,0.0029523667347005644,0.004058427996207665,0.002873885737289073,0.009077408720476356,1.0,0.03902434679772605,0.13050062915229185,1.741610372924844,True,0.3318781408305312,0.0029523667347005644,0.03034464017783084,0.06845161798751172,0.024798989377472026,0.04365262861003969,1.0,,,,,0.001383871160322181,4.653463392107048,0.3011793972623352,0.6666666666666666,31.872495126906376,0.9999381677373481
parameter_input_0.01,input_0.01,"High AD-like perturbation, input_0.01",1.0,71,2Hz,60.0,0.01,0.5,ac884c60d8359016,semantic_expanded,0.005493054342526453,0.28455159828359533,0.11560512923289075,0.1816269678084858,0.24920039354281084,0.33455834323886724,0.4298856575795672,0.00554100589202965,0.007004351506278905,0.01688444707692464,0.01927661570867454,0.02295191318145971,1.0,0.16597411227082728,0.36304086141918346,1.1291737018554515,True,0.23353872655035077,0.01688444707692464,0.017982124025639323,0.02379687015601658,0.02116200934158643,0.002634860814430151,1.0,,,,,0.0001852726851784281,-3.4059964787626122,0.18469736359597907,0.23076923076923078,31.5110179361372,0.9999631552073944
parameter_input_0.01,input_0.01,"High AD-like perturbation, input_0.01",1.0,71,2Hz,60.0,0.01,0.5,ac884c60d8359016,episodic_expanded,0.0039013557765336594,0.19357382526468883,0.02525500288503786,0.049655996613462636,0.06980231595927681,0.14235786288698457,0.38939376882009913,0.0014936572087596073,0.0018940643971782673,0.0028811720740952403,0.004757262578238974,0.008309182047364258,1.0,0.042191841968209326,0.2691680375519301,2.673471129069907,True,0.4706329847303293,0.0028811720740952403,0.04109159269345558,0.05790220146673379,0.04984205693556905,0.008060144531164742,1.0,,,,,0.00011788534236156778,-0.09440402141920283,0.35286463923580336,0.3684210526315789,31.5110179361372,0.9999631552073944
parameter_input_0.01,input_0.01,"High AD-like perturbation, input_0.01",1.0,71,2Hz,60.0,0.01,0.5,ac884c60d8359016,semantic_anatomical_core,0.004732900371645231,0.22362614310356388,0.07905112474827204,0.12302816063603034,0.17579727662245967,0.26930026766567927,0.34356401709693335,0.0036893778251989745,0.00307329455449738,0.008432643716497741,0.012169141864112077,0.012911793731114746,1.0,0.11049540296734205,0.28995935677188883,1.3918643444960532,True,0.2684834591955541,0.008432643716497741,0.02214271621491981,0.014852831692885851,0.028368192372503258,0.013515360679617406,1.0,,,,,0.00016406563414533837,-4.345751285614269,0.1934474899080817,0.2,31.5110179361372,0.9999631552073944
parameter_input_0.01,input_0.01,"High AD-like perturbation, input_0.01",1.0,71,2Hz,60.0,0.01,0.5,ac884c60d8359016,episodic_anatomical_core,0.004176753729766955,0.1891956339302361,0.02308989593721874,0.047362305845833216,0.07119105224194708,0.14020819957438338,0.379282924759913,0.0014534468888306774,0.0019588773128456317,0.003060132337868158,0.004334450281695682,0.007493646129903313,1.0,0.0402780099120648,0.2632395806136444,2.7083121201230824,True,0.48208205954859884,0.003060132337868158,0.039861868612682254,0.049263648614389366,0.04995037165945214,0.0006867230450627732,1.0,,,,,0.00011086919794350836,-0.061482528290638314,0.38658691478695917,0.375,31.5110179361372,0.9999631552073944
parameter_input_0.01,input_0.01,"High AD-like perturbation, input_0.01",1.0,71,2Hz,60.0,0.01,0.5,ac884c60d8359016,semantic_platel_peaks,0.005969907365252208,0.2949951939104059,0.1269389420261465,0.19746290484708118,0.2545431408454481,0.3357315994086564,0.45557362047072514,0.004909591776730289,0.006259193850978754,0.00905361502794386,0.012930021816908431,0.02375470758262802,1.0,0.1795757553449033,0.3753495499239453,1.0636421691781643,True,0.2226412825875122,0.00905361502794386,0.011893598164918705,0.027551102687820742,0.013114959837507212,0.01443614285031353,1.0,,,,,0.00033688507949936053,-3.4059964787626122,0.16665355602920875,0.2,31.5110179361372,0.9999631552073944
parameter_input_0.01,input_0.01,"High AD-like perturbation, input_0.01",1.0,71,2Hz,60.0,0.01,0.5,ac884c60d8359016,episodic_platel_peaks,0.002266669003996498,0.1205604302365117,0.02050946737877417,0.03801917961860127,0.038339084416299664,0.10990241018198675,0.24373577836737678,0.001044173364079811,0.000888473492496988,0.0007978602451316307,0.0028859719262939025,0.006839587740930089,1.0,0.029718958953977314,0.1681297583575469,2.500119614256356,True,0.43366679700293276,0.001044173364079811,0.05333687739527836,0.11707124175873014,0.05537929766524764,0.0616919440934825,1.0,,,,,0.00020067494538317243,-3.062388833019602,0.33089895697204574,0.25,31.5110179361372,0.9999631552073944
parameter_input_0.01,input_0.01,"High AD-like perturbation, input_0.01",1.0,71,2Hz,60.0,0.01,0.5,ac884c60d8359016,semantic_expanded_left,0.004235860769700946,0.21873075525749108,0.08143273569546482,0.12943106856445197,0.17552281634614617,0.2532187326910998,0.3454892552084028,0.00421763355991382,0.007439967467621584,0.015091964317079055,0.01355283195759982,0.013472459599731066,1.0,0.11564082514408913,0.28285377718415833,1.2904056284521215,True,0.25690601553452064,0.013472459599731066,0.02114485977906664,0.045934118540260825,0.021962490886160146,0.02397162765410068,1.0,,,,,0.0001852726851784281,-2.1702974291252493,0.16665355602920875,0.2857142857142857,31.5110179361372,0.9999631552073944
parameter_input_0.01,input_0.01,"High AD-like perturbation, input_0.01",1.0,71,2Hz,60.0,0.01,0.5,ac884c60d8359016,episodic_expanded_left,0.006277344794449781,0.3241486069898889,0.040596572667105243,0.07327438500470028,0.10560668973140296,0.18241803654342942,0.6617067573197515,0.002337386468550358,0.003462013174237287,0.00688945000387206,0.009501513867563066,0.012783326174142013,1.0,0.06739464174295103,0.44851957764363054,2.7344651607744597,True,0.4684695934687449,0.00688945000387206,0.0328608442000554,0.014509438275518864,0.04569873286729626,0.031189294591777397,1.0,,,,,8.947146104587578e-05,-0.21842338295372835,0.3306428109217382,0.25,31.5110179361372,0.9999631552073944
parameter_input_0.01,input_0.01,"High AD-like perturbation, input_0.01",1.0,71,2Hz,60.0,0.01,0.5,ac884c60d8359016,semantic_expanded_right,0.006959780177489546,0.37017936499341736,0.1641176093473386,0.25487200099006935,0.35380492083390225,0.4420260848840029,0.5348984832571495,0.007279614470853799,0.006594241202938412,0.01888982422061845,0.027417731905954035,0.03910127284403062,1.0,0.23821523159978283,0.4659604279357821,0.9679417752587813,False,0.21017143756618084,0.01888982422061845,0.014819388272212006,0.0016596217717723318,0.020361527797012714,0.018701906025240383,1.0,,,,,0.0001717559334299401,-5.58736119449209,0.21478111609804781,0.16666666666666666,31.5110179361372,0.9999631552073944
parameter_input_0.01,input_0.01,"High AD-like perturbation, input_0.01",1.0,71,2Hz,60.0,0.01,0.5,ac884c60d8359016,episodic_expanded_right,0.0021733637635037517,0.11559767655818771,0.015711059550602945,0.033650476896094676,0.04613688134407908,0.11109516092683465,0.22914607644342222,0.0009544899345050155,0.0010362409846833192,0.001204907868680489,0.002381888565734152,0.005400981353029933,1.0,0.02641384363255468,0.16153460417534607,2.6124770973653537,True,0.47279637599191393,0.001204907868680489,0.049322341186855766,0.10129496465794871,0.05398538100384184,0.04730958365410687,1.0,,,,,0.00016514701033509827,-0.09440402141920283,0.40638205736271427,0.45454545454545453,31.5110179361372,0.9999631552073944
parameter_input_0.01,input_0.01,"High AD-like perturbation, input_0.01",1.0,71,2Hz,60.0,0.01,0.5,ac884c60d8359016,shared_auditory_relay,0.004698849572686314,0.1536620823740423,0.038374888803790044,0.06385288025888944,0.08184156826712762,0.1455529248828064,0.2830253692678244,0.003179571310755003,0.0036007101106879467,0.003890950325077819,0.005968134129109136,0.008442697858250572,1.0,0.055512542538309055,0.20697472230914177,1.898568906239722,True,0.3477057014820295,0.003890950325077819,0.047828828950088165,0.09463548029027893,0.05262945996843035,0.04200602032184858,1.0,,,,,0.00033752757752503193,4.093271065526727,0.4343679970347813,0.7857142857142857,31.5110179361372,0.9999631552073944
parameter_input_0.01,input_0.01,"High AD-like perturbation, input_0.01",1.0,71,2Hz,60.0,0.01,0.5,ac884c60d8359016,anterior_temporal_context,0.01094931276684945,0.4987941867420535,0.11911868262564398,0.18510801375922717,0.23084156394840522,0.3797718388120855,0.9520483199865315,0.004776395421207534,0.0060865921947075435,0.007881631303468611,0.010950270752218313,0.02733146950725408,1.0,0.16538225647706178,0.6754100354966198,2.0299591565895407,True,0.35170178812630626,0.007881631303468611,0.02369500371232601,0.07538210989519073,0.018947011713208395,0.056435098181982335,1.0,,,,,0.0003609234052436294,-0.9323739843085703,0.2655595341331609,0.2777777777777778,31.5110179361372,0.9999631552073944
parameter_input_0.01,input_0.01,"High AD-like perturbation, input_0.01",1.0,71,2Hz,60.0,0.01,0.5,ac884c60d8359016,hippocampal_context,0.002002007053422055,0.09678098681209017,0.015535886292527426,0.02941935258758923,0.032980031873505164,0.08649171818150181,0.19561605979173807,0.0006690526519420487,0.0008181123892001339,0.0005192032517006034,0.001291099769325528,0.002788154091694196,1.0,0.023813354791941754,0.1346973097968656,2.4998782523901353,True,0.44322466158291207,0.0008181123892001339,0.03892105377016892,0.024398751889435896,0.053101432676091825,0.02870268078665593,1.0,,,,,8.045565953146427e-05,-5.017889890379552,0.3105877208271889,0.5,31.5110179361372,0.9999631552073944
parameter_input_0.01,input_0.01,"High AD-like perturbation, input_0.01",1.0,71,2Hz,60.0,0.01,0.5,ac884c60d8359016,angular_parietal_context,0.0054276726145224595,0.1947327580812615,0.03567174960559836,0.056973033241457534,0.09422857897472427,0.20126512351616663,0.3464896551073206,0.0014982059971698583,0.0022042887698929515,0.0029969228966693624,0.002876298125499894,0.007898341516702304,1.0,0.0542324175037265,0.26534784043168147,2.290657419710186,True,0.419033143258591,0.002876298125499894,0.02880655033069075,0.02234614982513079,0.038057282893420766,0.015711133068289976,1.0,,,,,0.0001497392650507412,-2.17424897882993,0.33461733648380754,0.0,31.5110179361372,0.9999631552073944
parameter_input_0.01,input_0.01,"High AD-like perturbation, input_0.01",1.0,71,5Hz,60.0,0.01,0.5,ac884c60d8359016,semantic_expanded,0.005146989859460891,0.19212224847390344,0.0796367545874409,0.1291123259961829,0.17229268864116493,0.2289690679701526,0.2804916622383358,0.007048740043386817,0.012754053190997955,0.015366463225829517,0.021072251406286758,0.023898563358760127,1.0,0.11971834954332028,0.2438465794608579,1.0263294403652024,True,0.22297145413115926,0.015366463225829517,0.011603302483232006,0.017783537133883264,0.008972991680767798,0.008810545453115467,1.0,,,,,0.001274664663904801,-0.2666135387634005,0.10729822461250733,0.0,31.871940105185914,0.9999340947454982
parameter_input_0.01,input_0.01,"High AD-like perturbation, input_0.01",1.0,71,5Hz,60.0,0.01,0.5,ac884c60d8359016,episodic_expanded,0.0017424290714996432,0.06475292484638295,0.01782138720586266,0.02893424760010401,0.037298439954383505,0.06901861919292195,0.11053568830582818,0.001385513698545566,0.0017109456008974205,0.0023617414488582584,0.0033256482424274133,0.004158386519492828,1.0,0.025952989013640276,0.08683698874427144,1.742408994548443,True,0.32599344393461843,0.0023617414488582584,0.04363422002629899,0.09069783437048462,0.037592014269748515,0.053105820100736105,1.0,,,,,0.001544651129289809,8.079002520991905,0.2395376827724166,0.5789473684210527,31.871940105185914,0.9999340947454982
parameter_input_0.01,input_0.01,"High AD-like perturbation, input_0.01",1.0,71,5Hz,60.0,0.01,0.5,ac884c60d8359016,semantic_anatomical_core,0.00419284025975959,0.13557129106083748,0.05528701555201625,0.09192342808952814,0.11298585366049481,0.16941155363727442,0.1946777093865654,0.004333913253591077,0.006861961649705401,0.011385802739296833,0.010985190655067605,0.015562100695471006,1.0,0.08287818059043292,0.1726081428139614,1.0584362882044105,True,0.22570889847757294,0.010985190655067605,0.004515788625212911,0.024197130585736894,-0.00450479546620859,0.028701926051945485,1.0,,,,,0.0015683576712265945,0.7937413869795018,0.10253965631296913,0.0,31.871940105185914,0.9999340947454982
parameter_input_0.01,input_0.01,"High AD-like perturbation, input_0.01",1.0,71,5Hz,60.0,0.01,0.5,ac884c60d8359016,episodic_anatomical_core,0.0018154594357927753,0.062262812683628224,0.016513747847475325,0.028140261709913905,0.03866460038359962,0.06780821821543732,0.10429812099407867,0.0014171428705846264,0.0017267852526230182,0.0023931222284756257,0.003151068467419877,0.003331539979820795,1.0,0.0251809308433907,0.08350810201074149,1.7295845605949622,True,0.32933858749695305,0.0023931222284756257,0.040815622718091596,0.08684380495350572,0.03514361619037559,0.05170018876313012,1.0,,,,,0.0016365758249405338,8.256347499741805,0.24800893211957736,0.625,31.871940105185914,0.9999340947454982
parameter_input_0.01,input_0.01,"High AD-like perturbation, input_0.01",1.0,71,5Hz,60.0,0.01,0.5,ac884c60d8359016,semantic_platel_peaks,0.006030131410629478,0.21054968348382916,0.08957308050103087,0.13795460436967924,0.18531261145401967,0.24096128827902835,0.31970517198495474,0.006643580726893574,0.012839736779150073,0.013221301448652712,0.0217636956109437,0.017948664978951076,1.0,0.129350059697738,0.26818333657551424,1.0519388791057842,True,0.22379088453052126,0.013221301448652712,0.022762844847027758,-0.0014430294305450432,0.03447833914777661,0.03592136857832165,1.0,,,,,0.0006147524832063045,-4.612123217584948,0.14061726999237958,0.0,31.871940105185914,0.9999340947454982
parameter_input_0.01,input_0.01,"High AD-like perturbation, input_0.01",1.0,71,5Hz,60.0,0.01,0.5,ac884c60d8359016,episodic_platel_peaks,0.0012093694807989081,0.04627093481603092,0.009772895201606062,0.017780392146532615,0.015861713779574738,0.052152504758375934,0.08491450109724362,0.000853568709926393,0.0011939722188612834,0.001204605474382903,0.0030096528685367597,0.0043485246763538205,1.0,0.014066047672033247,0.0636641187825016,2.1782634839359853,True,0.38953777219736185,0.001204605474382903,0.0677555078440997,0.131259280585676,0.05863079006261361,0.0726284905230624,1.0,,,,,0.00097096943634295,7.185401837632936,0.23074090877158104,0.5,31.871940105185914,0.9999340947454982
parameter_input_0.01,input_0.01,"High AD-like perturbation, input_0.01",1.0,71,5Hz,60.0,0.01,0.5,ac884c60d8359016,semantic_expanded_left,0.003866208828488365,0.14526374752665852,0.06064950788162323,0.0978605999214347,0.12385473614435083,0.1717536786596559,0.21658652570331172,0.0032529663635745094,0.008986831819181734,0.006759014536390345,0.013014823944428155,0.013529586958223533,1.0,0.08923266483450681,0.18491498911892623,1.05121834349024,True,0.22421461320005218,0.008986831819181734,0.011445075887095646,0.011845210551373478,0.011788937900159216,5.627265121426264e-05,1.0,,,,,0.0018620506785483881,1.8540963127224042,0.10729822461250733,0.0,31.871940105185914,0.9999340947454982
parameter_input_0.01,input_0.01,"High AD-like perturbation, input_0.01",1.0,71,5Hz,60.0,0.01,0.5,ac884c60d8359016,episodic_expanded_left,0.0025895204232629166,0.09729516890246846,0.0419027945501828,0.05211032804580933,0.06921428700014742,0.08920558357071448,0.16516038796741497,0.0022088865032652,0.0024197363104856108,0.004347300286634905,0.004180481006906681,0.006037329102956236,1.0,0.05338072683083773,0.12668256799208563,1.246827163326215,True,0.2366531683926202,0.004180481006906681,0.02298558174891354,0.0516914360319239,0.018720400358847575,0.03297103567307633,1.0,,,,,0.001116831225370818,7.8036810114361135,0.23841578986779874,0.5,31.871940105185914,0.9999340947454982
parameter_input_0.01,input_0.01,"High AD-like perturbation, input_0.01",1.0,71,5Hz,60.0,0.01,0.5,ac884c60d8359016,semantic_expanded_right,0.0066412343955955045,0.2540961457151893,0.1045682463507988,0.17034427274641428,0.23967408500716716,0.30524431555849496,0.36325238760696227,0.015273670442951926,0.01810046922783252,0.03493529874798514,0.0341180012288875,0.04221424736588293,1.0,0.16061924457773394,0.3215594073691809,1.0014405372401647,True,0.2217282950622663,0.0341180012288875,0.011761529079368366,0.02372186371639305,0.0061570454613763806,0.017564818255016667,1.0,,,,,0.001095089334597732,-9.416262203811192,0.10279435233649598,0.0,31.871940105185914,0.9999340947454982
parameter_input_0.01,input_0.01,"High AD-like perturbation, input_0.01",1.0,71,5Hz,60.0,0.01,0.5,ac884c60d8359016,episodic_expanded_right,0.0011263626338536264,0.043095061383412014,0.007579490708213395,0.01606573429067965,0.02009951533601422,0.053399906201178814,0.07397741395263471,0.0008690569687576832,0.001209774319848413,0.0012830543793819005,0.0026456133191582842,0.002864210009196348,1.0,0.012617993023523668,0.05952407449337323,2.23799082577067,True,0.4153337194766167,0.0012830543793819005,0.06428285830368444,0.12970423270904535,0.056463628180649456,0.0732406045283959,1.0,,,,,0.0017285005205912585,10.019071908680502,0.28681473483600034,0.6363636363636364,31.871940105185914,0.9999340947454982
parameter_input_0.01,input_0.01,"High AD-like perturbation, input_0.01",1.0,71,5Hz,60.0,0.01,0.5,ac884c60d8359016,shared_auditory_relay,0.0036769223737027493,0.06763774245712488,0.023760125226194,0.03959313625135954,0.04703457401379399,0.07835726600803652,0.10940765152049141,0.0039031998344230255,0.004676041926966391,0.005436626884651684,0.006737659441054449,0.003561406632820717,1.0,0.034999568694006986,0.08848259850897569,1.338056610904314,True,0.2695507648023682,0.004676041926966391,0.0780738861881014,0.1554724939305615,0.06781052843933319,0.08766196549122832,1.0,,,,,0.006371647404703695,10.916195782065682,0.3837728496699083,0.8571428571428571,31.871940105185914,0.9999340947454982
parameter_input_0.01,input_0.01,"High AD-like perturbation, input_0.01",1.0,71,5Hz,60.0,0.01,0.5,ac884c60d8359016,anterior_temporal_context,0.006212833841362977,0.20201148675679592,0.08261638624460192,0.12201085232309296,0.15961095049713392,0.22350901358254968,0.3107671071170886,0.010562432996560284,0.014917039781170862,0.020855123141563722,0.02618554284429654,0.04219322339323705,1.0,0.11481371737235925,0.2600565734011522,1.1795304867816994,True,0.23479957188832012,0.020855123141563722,0.026901327950020017,0.0010484550730088874,0.0396310565532376,0.03858260148022871,1.0,,,,,0.0011312720896664574,1.756726324090204,0.13927392860306342,0.2777777777777778,31.871940105185914,0.9999340947454982
parameter_input_0.01,input_0.01,"High AD-like perturbation, input_0.01",1.0,71,5Hz,60.0,0.01,0.5,ac884c60d8359016,hippocampal_context,0.0010162037436994547,0.032944138417597246,0.008632883860440376,0.01664687088513,0.01823563185273813,0.034796862065963254,0.05904484533199912,0.0008347907506146059,0.0011041240477246176,0.0007639210868954638,0.001770791920958195,0.0010376982331313349,1.0,0.014076551159202685,0.04422280223468102,1.6514965380811744,True,0.3305749727857011,0.0010376982331313349,0.026214493044865766,0.0711522746448395,0.0200865121903139,0.0510657624545256,1.0,,,,,0.0014692762509694868,6.541751485236346,0.16478049509463455,0.5,31.871940105185914,0.9999340947454982
parameter_input_0.01,input_0.01,"High AD-like perturbation, input_0.01",1.0,71,5Hz,60.0,0.01,0.5,ac884c60d8359016,angular_parietal_context,0.0035241456019961567,0.07192979400474239,0.020712041919715395,0.03365999771025209,0.04820821148638705,0.08545798549337505,0.11405299468685837,0.0014645144282654098,0.00269232034747219,0.003321323040089849,0.0032137108680626997,0.004995772216242523,1.0,0.030849822189204526,0.09591887569022725,1.6365525742924842,True,0.3133252747652817,0.0032137108680626997,0.02381537951452502,0.06949256965210546,0.016218391084939793,0.05327417856716567,1.0,,,,,0.0013598750320409358,4.7905582418842245,0.14921353864500614,0.3333333333333333,31.871940105185914,0.9999340947454982
parameter_input_0.04,input_0.04,"Baseline, input_0.04",0.0,11,2Hz,60.0,0.04,0.5,512a8299eaef29ce,semantic_expanded,2.4108419976507717e-05,0.0002741206789149742,0.0002751251271729051,0.00027470913011813614,0.00027471087688995356,0.00027471062556175746,0.00027471062392476944,0.00027413750465623876,0.0002740420598410655,0.0002740437827708521,0.0002740435355636939,0.00027404353400808934,1.0,0.0002742817227993033,0.00027412217914335793,0.0008394281912145667,False,-0.0002171275117321514,0.0002740435355636939,2.146412678957031,2.1384082209488615,2.1509448025906135,0.012536581641751976,1.0,,,,,0.9995772212373506,31.592737335245577,0.9999988766777551,1.0,31.540083209328238,0.9999999999998719
parameter_input_0.04,input_0.04,"Baseline, input_0.04",0.0,11,2Hz,60.0,0.04,0.5,512a8299eaef29ce,episodic_expanded,4.752815390787944e-05,0.0005418601238217429,0.0005433294202312717,0.0005430486943432754,0.0005430505372008358,0.000543050152079691,0.000543050148724958,0.0005419162519275434,0.0005418150705041374,0.0005418168838360591,0.0005418164958758403,0.0005418164927035956,1.0,0.0005420627654511605,0.0005419592715718485,0.0002754743018131584,False,-7.398000316660713e-05,0.0005418164958758403,2.2298835581924132,2.226621741691146,2.229378595325317,0.002756853634171108,1.0,,,,,0.9998355395968731,31.583322953057802,0.9999996214796053,1.0,31.540083209328238,0.9999999999998719
parameter_input_0.04,input_0.04,"Baseline, input_0.04",0.0,11,2Hz,60.0,0.04,0.5,512a8299eaef29ce,semantic_anatomical_core,2.1274555259906996e-05,0.0002422160028172498,0.0002431680649976535,0.00024272709750427514,0.00024272877593164302,0.00024272860822766845,0.0002427286071395401,0.00024222485544825198,0.00024213201231639461,0.00024213366887622698,0.000242133505974705,0.00024213350496055287,1.0,0.000242373138280116,0.00024220385721703265,0.001007975873517859,False,-0.00026051345287250174,0.000242133505974705,2.1337105220201122,2.1245978672801584,2.139445331025718,0.014847463745559786,1.0,,,,,0.999561903919262,31.597049350366348,0.9999987970903385,1.0,31.540083209328238,0.9999999999998719
parameter_input_0.04,input_0.04,"Baseline, input_0.04",0.0,11,2Hz,60.0,0.04,0.5,512a8299eaef29ce,episodic_anatomical_core,4.977115435517413e-05,0.0005663061886523638,0.0005678137235405148,0.0005675498165280492,0.0005675515457065507,0.0005675511557689126,0.0005675511523011657,0.0005663659626459113,0.0005662645440079584,0.0005662662400424613,0.000566265846926819,0.0005662658436470788,1.0,0.0005665120946478003,0.0005664144852114708,0.0002485962507868689,False,-6.655903436918465e-05,0.000566265846926819,2.2322731790748076,2.2291976271811187,2.2315783170309116,0.002380689849792894,1.0,,,,,0.9998386005776806,31.58309982833034,0.9999996526334678,1.0,31.540083209328238,0.9999999999998719
parameter_input_0.04,input_0.04,"Baseline, input_0.04",0.0,11,2Hz,60.0,0.04,0.5,512a8299eaef29ce,semantic_platel_peaks,2.6452666206229756e-05,0.0003008682293494028,0.00030193538492888914,0.0003015256883385639,0.0003015275820064035,0.00030152722902023697,0.00030152722657297653,0.0003008901908276529,0.00030079133598528263,0.00030079319931630347,0.00030079284904941213,0.00030079284671408505,1.0,0.0003010359467599264,0.0003008794670386476,0.0007501137794417821,False,-0.0001947878767076361,0.00030079284904941213,2.1588752415297203,2.1523333370422435,2.1617522168665793,0.009418879824335757,1.0,,,,,0.9995772212373506,31.601361365487115,0.9999988766777551,1.0,31.540083209328238,0.9999999999998719
parameter_input_0.04,input_0.04,"Baseline, input_0.04",0.0,11,2Hz,60.0,0.04,0.5,512a8299eaef29ce,episodic_platel_peaks,4.459561109422977e-05,0.0005086421797204693,0.000510086956486697,0.0005097376969631335,0.0005097405663783315,0.00050974021992812,0.0005097402172505674,0.0005086853290840329,0.0005085855163866347,0.0005085883656501182,0.0005085880196758199,0.0005085880172046561,1.0,0.0005088463127920645,0.0005087212449272294,0.0003546394299069338,False,-9.774566721478806e-05,0.0005085880196758199,2.2328215852302504,2.228943441707149,2.232943104817404,0.003999663110255014,1.0,,,,,0.9997169966949422,31.582074498416105,0.9999992359995118,1.0,31.540083209328238,0.9999999999998719
parameter_input_0.04,input_0.04,"Baseline, input_0.04",0.0,11,2Hz,60.0,0.04,0.5,512a8299eaef29ce,semantic_expanded_left,2.4453143594529172e-05,0.0002779077282225499,0.00027896516122852494,0.0002784969115700059,0.0002784987480095464,0.00027849842612768285,0.000278498423914785,0.0002779169722194969,0.00027781918561933984,0.00027782101420691373,0.0002778206986762962,0.00027782069652545105,1.0,0.00027808025095643103,0.00027790054923786475,0.0009326033818153935,False,-0.00024118752948689706,0.0002778206986762962,2.118971968871033,2.1090053391401584,2.1256879170509464,0.016682577910787977,1.0,,,,,0.9995772212373506,31.592737335245577,0.9999987175029218,1.0,31.540083209328238,0.9999999999998719
parameter_input_0.04,input_0.04,"Baseline, input_0.04",0.0,11,2Hz,60.0,0.04,0.5,512a8299eaef29ce,episodic_expanded_left,4.801831885108608e-05,0.0005457237779422741,0.0005472005880478625,0.0005469233621576117,0.000546924579406713,0.000546924141869994,0.0005469241378672236,0.0005457823371440484,0.0005456801427569853,0.0005456813352545498,0.0005456808923396212,0.0005456808884946168,1.0,0.000545927313325438,0.0005458246171750401,0.000271415553653016,False,-7.280170488366267e-05,0.0005456808923396212,2.2283999066783897,2.2252068082259875,2.2278251345404625,0.0026183263144750057,1.0,,,,,0.9998368037468467,31.58312692235741,0.9999996262196608,1.0,31.540083209328238,0.9999999999998719
parameter_input_0.04,input_0.04,"Baseline, input_0.04",0.0,11,2Hz,60.0,0.04,0.5,512a8299eaef29ce,semantic_expanded_right,2.370624242214934e-05,0.0002703852357377848,0.0002713379522681682,0.0002709728655331725,0.0002709745247366799,0.00027097434210250556,0.0002709743410261715,0.00027040943508766814,0.00027031628645270345,0.00027031790625969533,0.000270317725576496,0.0002703177246003452,1.0,0.0002705350818801612,0.0002703951802340119,0.000746253000611334,False,-0.00019306749397740575,0.000270317725576496,2.173853389043029,2.1678111027575646,2.176201688130281,0.00839058537271642,1.0,,,,,0.99957763977362,31.596508423020598,0.9999988963687009,1.0,31.540083209328238,0.9999999999998719
parameter_input_0.04,input_0.04,"Baseline, input_0.04",0.0,11,2Hz,60.0,0.04,0.5,512a8299eaef29ce,episodic_expanded_right,4.7171670312820054e-05,0.0005380238238751852,0.0005394856389719896,0.0005392014765369475,0.0005392039360783877,0.0005392036026522221,0.0005392035999365465,0.0005380775523809005,0.0005379773746983132,0.0005379798000107059,0.0005379794662490494,0.0005379794637402291,1.0,0.0005382255742046027,0.000538121299040816,0.00027953304997314004,False,-7.515830144928516e-05,0.0005379794662490494,2.2313672097064363,2.2280366751563045,2.2309320561101718,0.0028953809538672104,1.0,,,,,0.9997941883803394,31.583322953057802,0.9999996214796053,1.0,31.540083209328238,0.9999999999998719
parameter_input_0.04,input_0.04,"Baseline, input_0.04",0.0,11,2Hz,60.0,0.04,0.5,512a8299eaef29ce,shared_auditory_relay,8.424521874173296e-05,0.0009590452669591628,0.0009613135864480517,0.0009611158296348523,0.0009611181336983672,0.0009611176801697994,0.0009611176787420875,0.0009591282115639812,0.0009590236354227946,0.000959025894876014,0.0009590254392837275,0.0009590254380126366,1.0,0.0009593372403060227,0.0009592648767530205,0.00010882771177879806,False,-2.926503181814866e-05,0.0009590254392837275,2.2682401683090014,2.2659417033015767,2.266746691541453,0.000804988239876181,1.0,,,,,0.9999168876293028,31.576858168039198,0.9999998863424069,1.0,31.540083209328238,0.9999999999998719
parameter_input_0.04,input_0.04,"Baseline, input_0.04",0.0,11,2Hz,60.0,0.04,0.5,512a8299eaef29ce,anterior_temporal_context,3.6856294211109374e-05,0.0004193238386928553,0.0004206089919625595,0.00042023837404133813,0.00042024075362698943,0.0004202402775233756,0.0004202402739937247,0.000419360010375898,0.0004192582405830594,0.0004192606051251323,0.00041926013131399984,0.0004192601279302415,1.0,0.0004195131588699568,0.0004193743800254446,0.00047733586041384446,False,-0.00012619953734605005,0.00041926013131399984,2.1852949909987203,2.1799558451036476,2.1869572226750766,0.007001377571429046,1.0,,,,,0.9997761779436998,31.58533542386619,0.9999993302211753,1.0,31.540083209328238,0.9999999999998719
parameter_input_0.04,input_0.04,"Baseline, input_0.04",0.0,11,2Hz,60.0,0.04,0.5,512a8299eaef29ce,hippocampal_context,5.246200447100192e-05,0.0005947133089805068,0.0005963073160837902,0.000595981386659423,0.0005959830704728496,0.0005959825880879389,0.0005959825836445233,0.0005947537069576918,0.0005946690968330584,0.0005946707677169744,0.0005946702797527908,0.0005946702754827456,1.0,0.0005949309770752142,0.0005948205914257127,0.00026770770267389786,False,-7.844115881274761e-05,0.0005946702797527908,2.260598540642649,2.2573705251148306,2.2600560268061334,0.002685501691302772,1.0,,,,,0.9997937228073086,31.576410032326265,0.9999988201164401,1.0,31.540083209328238,0.9999999999998719
parameter_input_0.04,input_0.04,"Baseline, input_0.04",0.0,11,2Hz,60.0,0.04,0.5,512a8299eaef29ce,angular_parietal_context,4.5325251964766736e-05,0.0005160325961874666,0.0005175138217309805,0.0005171506217845899,0.0005171530303097395,0.0005171524613838303,0.0005171524583321446,0.0005160727282852371,0.0005159756563048796,0.0005159780653956355,0.0005159774944282352,0.0005159774915639888,1.0,0.0005162417415431145,0.0005161133231515406,0.00035892414145912376,False,-0.00010051738581831061,0.0005159774944282352,2.2291241752469837,2.2253352956876844,2.2291603657044483,0.0038250700167639096,1.0,,,,,0.9997233293840435,31.580918170807408,0.99999913451438,1.0,31.540083209328238,0.9999999999998719
parameter_input_0.04,input_0.04,"Baseline, input_0.04",0.0,11,5Hz,60.0,0.04,0.5,512a8299eaef29ce,semantic_expanded,4.469268636803688e-05,0.0003803580606065296,0.00038106429551805265,0.0003808741411410318,0.00038087669920942863,0.0003808766102560192,0.0003808766102568277,0.00037917824461834254,0.0003791519322834089,0.00037915709342586695,0.0003791568954040464,0.00037915689540493305,1.0,0.00038046336173764894,0.00038039132430146686,0.00027318765108699176,False,-7.060680545443177e-05,0.00037915689540493305,1.292609120028899,1.2924991217372543,1.2926008466246706,0.00010172488741622132,1.0,,,,,0.9937021724953449,31.90860678098161,0.9999987020534655,1.0,31.883167289147536,0.9999999999978753
parameter_input_0.04,input_0.04,"Baseline, input_0.04",0.0,11,5Hz,60.0,0.04,0.5,512a8299eaef29ce,episodic_expanded,8.700602892611647e-05,0.0007426405511322721,0.0007437334754516593,0.0007436407666211366,0.0007436433038989345,0.0007436433894276304,0.0007436433894277956,0.0007409827872365378,0.00074098955524482,0.0007409942298210982,0.000740994307392948,0.0007409943073931356,1.0,0.0007427836745625664,0.000742751856667512,6.180063478591148e-05,False,-1.7221538154821304e-05,0.0007409942298210982,1.3910215572750522,1.3910482093137326,1.3908423163121215,0.00020589300161111268,1.0,,,,,0.9951903917992564,31.905295234811145,0.9999994079592848,1.0,31.883167289147536,0.9999999999978753
parameter_input_0.04,input_0.04,"Baseline, input_0.04",0.0,11,5Hz,60.0,0.04,0.5,512a8299eaef29ce,semantic_anatomical_core,3.952206314266809e-05,0.00033684810053155633,0.0003375043020149268,0.00033730265677579547,0.00033730519364031877,0.00033730510485398485,0.00033730510485470146,0.00033573673086343054,0.0003357122438522161,0.00033571746178783553,0.0003357172472225747,0.000335717247223375,1.0,0.0003369483557538773,0.0003368716469794964,0.00032847754124595943,False,-8.465036725304743e-05,0.000335717247223375,1.2788933776878162,1.278748152293171,1.2789256291685311,0.00017747687536018297,1.0,,,,,0.9935765768704479,31.914586701020085,0.9999986030001322,1.0,31.883167289147536,0.9999999999978753
parameter_input_0.04,input_0.04,"Baseline, input_0.04",0.0,11,5Hz,60.0,0.04,0.5,512a8299eaef29ce,episodic_anatomical_core,9.099092535264832e-05,0.0007750928058779386,0.0007762239897556171,0.0007761339791552822,0.0007761364900679789,0.000776136590545944,0.0007761365905461074,0.0007734301821422163,0.0007734281495624186,0.0007734326948692088,0.0007734327922437769,0.0007734327922439473,1.0,0.0007752404824721611,0.0007752095959969627,5.747977987037661e-05,False,-1.6002284319327488e-05,0.0007734326948692088,1.3941683032198613,1.394195038363935,1.3939868908027866,0.00020814756114839739,1.0,,,,,0.9953005424949386,31.905450538382347,0.9999994855515502,1.0,31.883167289147536,0.9999999999978753
parameter_input_0.04,input_0.04,"Baseline, input_0.04",0.0,11,5Hz,60.0,0.04,0.5,512a8299eaef29ce,semantic_platel_peaks,4.9061353550494135e-05,0.0004178186035818239,0.00041857791292806946,0.0004183924902055162,0.0004183950188494049,0.0004183949493898162,0.0004183949493896798,0.0004165198982370012,0.00041649962805169493,0.00041650468816827193,0.0004165045394841577,0.00041650453948418063,1.0,0.00041792994692238067,0.00041785999151451527,0.00024150642549074174,False,-6.265108127827546e-05,0.00041650453948418063,1.3036356532200748,1.3035699581448417,1.3035790181274662,9.05998262457075e-06,1.0,,,,,0.9937267203821919,31.90856028837258,0.9999990826033359,1.0,31.883167289147536,0.9999999999978753
parameter_input_0.04,input_0.04,"Baseline, input_0.04",0.0,11,5Hz,60.0,0.04,0.5,512a8299eaef29ce,episodic_platel_peaks,8.204580781446387e-05,0.0007005992213099284,0.0007016272217667626,0.0007015435267259468,0.0007015466219166777,0.000701546550058475,0.0007015465500587229,0.0006988164212498315,0.0006988832665664177,0.0006988890943640799,0.0006988889659987169,0.0006988889659990199,1.0,0.0007007327817816741,0.0007007059261061393,5.529253573575237e-05,False,-1.6277908272854802e-05,0.0006988889659987169,1.394597662400574,1.3946259273679433,1.3944224973033283,0.00020343006461498447,1.0,,,,,0.9944190854202779,31.89716768702125,0.999999035391314,1.0,31.883167289147536,0.9999999999978753
parameter_input_0.04,input_0.04,"Baseline, input_0.04",0.0,11,5Hz,60.0,0.04,0.5,512a8299eaef29ce,semantic_expanded_left,4.5402343375497154e-05,0.00038623915975922427,0.00038696971402425907,0.0003867611062568879,0.0003867636347669842,0.0003867635250271455,0.0003867635250274883,0.0003849830837725152,0.00038496089412223356,0.0003849664188698214,0.0003849661407532456,0.00038496614075355637,1.0,0.00038634933457318727,0.00038626994999156443,0.00029646617660549943,False,-7.64404553859066e-05,0.00038496614075355637,1.264065910627588,1.2638971837656165,1.264128171510245,0.00023098774462848581,1.0,,,,,0.9937267203821919,31.90860678098161,0.9999985039467988,1.0,31.883167289147536,0.9999999999978753
parameter_input_0.04,input_0.04,"Baseline, input_0.04",0.0,11,5Hz,60.0,0.04,0.5,512a8299eaef29ce,episodic_expanded_left,8.796662336646717e-05,0.0007483348252517023,0.0007494361371706237,0.0007493448363202313,0.0007493469959029417,0.0007493471962553063,0.0007493471962554641,0.0007466456981504866,0.0007466508720723173,0.0007466551425360317,0.0007466553613497106,0.0007466553613498757,1.0,0.0007484789243550585,0.0007484475217622548,6.052984771994218e-05,False,-1.6895328035282375e-05,0.0007466551425360317,1.3890525992898022,1.3890817983271844,1.3888703229619621,0.00021147536522225785,1.0,,,,,0.9952218163971891,31.905251970097954,0.9999994317924314,1.0,31.883167289147536,0.9999999999978753
parameter_input_0.04,input_0.04,"Baseline, input_0.04",0.0,11,5Hz,60.0,0.04,0.5,512a8299eaef29ce,semantic_expanded_right,4.386475319266655e-05,0.0003745665104453601,0.00037524899767625374,0.0003750767826524055,0.0003750793687934722,0.0003750793000191363,0.0003750793000203962,0.0003734609317972119,0.0003734306261991301,0.0003734354334520929,0.0003734353131710401,0.0003734353131724849,1.0,0.00037466706079518884,0.00037460216516191255,0.00024990912556856144,False,-6.477315552357866e-05,0.0003734353131724849,1.3211523294302097,1.3211010597088924,1.3210735217390959,2.753796979648726e-05,1.0,,,,,0.9935765768704479,31.912626854346854,0.999998841330699,1.0,31.883167289147536,0.9999999999978753
parameter_input_0.04,input_0.04,"Baseline, input_0.04",0.0,11,5Hz,60.0,0.04,0.5,512a8299eaef29ce,episodic_expanded_right,8.630741478767961e-05,0.0007369896062241169,0.0007380742068239376,0.0007379801167329964,0.0007379830258308668,0.0007379829982722763,0.0007379829982724481,0.0007353628264930632,0.0007353711641131466,0.000735376236428541,0.0007353761748877156,0.0007353761748879246,1.0,0.0007371317604862092,0.0007370995354277875,6.307142185046551e-05,False,-1.7547748274271412e-05,0.0007353761748877156,1.392990515260302,1.393014620300281,1.392814309662281,0.0002003106379999675,1.0,,,,,0.9950236906394186,31.905295234811145,0.999999397729569,1.0,31.883167289147536,0.9999999999978753
parameter_input_0.04,input_0.04,"Baseline, input_0.04",0.0,11,5Hz,60.0,0.04,0.5,512a8299eaef29ce,shared_auditory_relay,0.00015249633822753648,0.0012995881424231837,0.0013013431602763657,0.0013012774784254785,0.0013012806423356655,0.0013012807098258796,0.0013012807098253677,0.0012974792738698437,0.0012974564153195901,0.0012974616476336151,0.001297461682802134,0.0012974616828017884,1.0,0.0012998109418386025,0.0012997901249713329,2.3105384561547083e-05,False,-6.744419390436463e-06,0.0012974616828017884,1.4415538162682258,1.4415585604504844,1.4413771915526508,0.00018136889783360033,1.0,,,,,0.9964801463940274,31.903238609486834,0.9999998276508439,1.0,31.883167289147536,0.9999999999978753
parameter_input_0.04,input_0.04,"Baseline, input_0.04",0.0,11,5Hz,60.0,0.04,0.5,512a8299eaef29ce,anterior_temporal_context,6.799276757762589e-05,0.0005791250530901396,0.0005800524194356043,0.0005799122448172857,0.0005799149079884525,0.0005799148010313662,0.0005799148010318379,0.000577552070006772,0.0005775574345969419,0.0005775627969728288,0.0005775626188276098,0.0005775626188281413,1.0,0.0005792524868438977,0.0005792013643251063,0.00012733214070046074,False,-3.3914276984337024e-05,0.0005775626188276098,1.337885104998159,1.3378623874825584,1.3377762961087094,8.609137384896215e-05,1.0,,,,,0.9945052853742717,31.903955758361498,0.9999991137084911,1.0,31.883167289147536,0.9999999999978753
parameter_input_0.04,input_0.04,"Baseline, input_0.04",0.0,11,5Hz,60.0,0.04,0.5,512a8299eaef29ce,hippocampal_context,9.673673173855445e-05,0.000821437183448486,0.0008225507433636856,0.000822542849449111,0.0008225448728508151,0.0008225450450069965,0.0008225450450064092,0.0008192712692810294,0.0008194245191633498,0.0008194291401319491,0.0008194293351554637,0.0008194293351548196,1.0,0.0008215734030573355,0.0008215777935813999,7.709804560380514e-06,False,-8.069103325958338e-07,0.0008194291401319491,1.4300089842604435,1.430059918733813,1.4298056980589484,0.00025422067486458033,1.0,,,,,0.9947163570782696,31.892811775244567,0.9999991446577516,1.0,31.883167289147536,0.9999999999978753
parameter_input_0.04,input_0.04,"Baseline, input_0.04",0.0,11,5Hz,60.0,0.04,0.5,512a8299eaef29ce,angular_parietal_context,8.381056626672359e-05,0.0007143135085080312,0.0007153521627759106,0.0007152900087428437,0.0007152924791549915,0.0007152924673427996,0.0007152924673430074,0.0007123089398034541,0.0007124142104251079,0.0007124195600951642,0.0007124195137627352,0.0007124195137628124,1.0,0.000714446165652812,0.0007144281257650791,3.642875615881703e-05,False,-1.1791708611941232e-05,0.0007124195137627352,1.3898101787151944,1.3898502328184983,1.389627475919812,0.0002227568986863382,1.0,,,,,0.9941064144261251,31.8965242252104,0.9999989855524611,1.0,31.883167289147536,0.9999999999978753
parameter_input_0.04,input_0.04,"Baseline, input_0.04",0.0,23,2Hz,60.0,0.04,0.5,512a8299eaef29ce,semantic_expanded,2.410837877979867e-05,0.00027412022137204075,0.00027512262678633495,0.00027470919382205225,0.00027471078167417824,0.0002747106255590794,0.00027471062392478847,0.00027413728306517154,0.00027404211627041544,0.0002740436877663445,0.0002740435355611314,0.0002740435340081079,1.0,0.0002742807930250238,0.00027412217933750043,0.0008345366393696294,False,-0.00021583308705253046,0.0002740435355611314,2.1464533316728005,2.138485827857288,2.1509448066615056,0.012458978804217757,1.0,,,,,0.9995803545939745,31.592635722907133,0.9999988722607331,1.0,31.54008312141819,0.9999999999998789
parameter_input_0.04,input_0.04,"Baseline, input_0.04",0.0,23,2Hz,60.0,0.04,0.5,512a8299eaef29ce,episodic_expanded,4.7528135566130603e-05,0.0005418599115867453,0.0005433282686975305,0.0005430487476057955,0.0005430503109717235,0.0005430501520797764,0.0005430501487253198,0.0005419160290704637,0.0005418151099746429,0.0005418166575604557,0.0005418164958760976,0.0005418164927039507,1.0,0.0005420623313840165,0.0005419592714637643,0.0002743193233783625,False,-7.368131260134803e-05,0.0005418164958760976,2.229888151933639,2.2266308441130733,2.229378609092838,0.0027477649797646997,1.0,,,,,0.9998362117237329,31.583316794911717,0.9999996261455547,1.0,31.54008312141819,0.9999999999998789
parameter_input_0.04,input_0.04,"Baseline, input_0.04",0.0,23,2Hz,60.0,0.04,0.5,512a8299eaef29ce,semantic_anatomical_core,2.127451066466506e-05,0.00024221549547348814,0.0002431652847647814,0.0002427271658088572,0.00024272871258009695,0.00024272860822526252,0.0002427286071395664,0.00024222467343176782,0.00024213207479088601,0.00024213360564105094,0.00024213350597236563,0.00024213350496057954,1.0,0.00024237210856646374,0.00024220385744449217,0.0010018452670900006,False,-0.0002588842551568327,0.00024213350597236563,2.1337609942717055,2.124693839514869,2.1394453254011667,0.014751485886297822,1.0,,,,,0.9995650978119373,31.59688913374805,0.999998806934205,1.0,31.54008312141819,0.9999999999998789
parameter_input_0.04,input_0.04,"Baseline, input_0.04",0.0,23,2Hz,60.0,0.04,0.5,512a8299eaef29ce,episodic_anatomical_core,4.977113674241448e-05,0.000566305987038459,0.0005678126510017782,0.0005675498589819046,0.0005675513128035717,0.0005675511557688557,0.0005675511523013573,0.0005663657026037125,0.0005662645725144976,0.0005662660070578477,0.0005662658469269428,0.000566265843647276,1.0,0.0005665116830375975,0.000566414485125582,0.00024754825148243307,False,-6.629192039708798e-05,0.0005662658469269428,2.232276645131746,2.2292044963696025,2.2315783294178386,0.002373833048236129,1.0,,,,,0.9998392197477703,31.58307552574278,0.9999996576198664,1.0,31.54008312141819,0.9999999999998789
parameter_input_0.04,input_0.04,"Baseline, input_0.04",0.0,23,2Hz,60.0,0.04,0.5,512a8299eaef29ce,semantic_platel_peaks,2.6452628987573746e-05,0.00030086780218200275,0.00030193308331457995,0.000301525744253079,0.0003015274338264584,0.00030152722901575916,0.00030152722657297653,0.00030088986798432405,0.0003007913821871598,0.0003007930513604515,0.0003007928490451905,0.0003007928467140861,1.0,0.00030103507570393645,0.00030087946727233366,0.0007459381741637714,False,-0.0001937015024239486,0.0003007928490451905,2.1589007662495643,2.152383419092251,2.1617522298305905,0.009368810738339395,1.0,,,,,0.9995803545939745,31.601142544588967,0.9999988722607331,1.0,31.54008312141819,0.9999999999998789
parameter_input_0.04,input_0.04,"Baseline, input_0.04",0.0,23,2Hz,60.0,0.04,0.5,512a8299eaef29ce,episodic_platel_peaks,4.4595591101633836e-05,0.0005086419519764954,0.00051008556828708,0.000509737803002296,0.0005097404054295036,0.0005097402199294774,0.000509740217252426,0.0005086852812174565,0.0005085856071176705,0.0005085882051021296,0.000508588019677228,0.0005085880172064914,1.0,0.0005088458466634195,0.000508721244756216,0.0003533183335467281,False,-9.736804305138236e-05,0.000508588019677228,2.2328299289587914,2.228959987748713,2.232943117643119,0.003983129894405746,1.0,,,,,0.9997182893173973,31.582033335891424,0.9999992450339656,1.0,31.54008312141819,0.9999999999998789
parameter_input_0.04,input_0.04,"Baseline, input_0.04",0.0,23,2Hz,60.0,0.04,0.5,512a8299eaef29ce,semantic_expanded_left,2.4453092418706393e-05,0.0002779071468046911,0.0002789620168309284,0.000278496973488234,0.0002784986434576392,0.0002784984261219056,0.0002784984239148226,0.0002779165414855437,0.0002778192411130017,0.00027782090981160346,0.00027782069867073733,0.00027782069652548856,1.0,0.0002780790661481399,0.00027790054939131356,0.0009264557240632056,False,-0.0002395774041958454,0.00027782069867073733,2.1190286744012967,2.109112037453406,2.1256879209509942,0.01657588349758843,1.0,,,,,0.9995803545939745,31.592635722907133,0.9999987416076767,1.0,31.54008312141819,0.9999999999998789
parameter_input_0.04,input_0.04,"Baseline, input_0.04",0.0,23,2Hz,60.0,0.04,0.5,512a8299eaef29ce,episodic_expanded_left,4.801829795762868e-05,0.0005457235408644505,0.0005471993364074049,0.0005469234090262446,0.0005469242996632768,0.0005469241418700756,0.000546924137867224,0.0005457820435932014,0.0005456801769186234,0.0005456810551124093,0.0005456808923399678,0.0005456808884946168,1.0,0.0005459268229991571,0.0005458246169655136,0.00027012034593119514,False,-7.247789092286183e-05,0.0005456808923399678,2.228404443092346,2.22521577046174,2.2278251552090413,0.0026093847473012133,1.0,,,,,0.9998374651928328,31.583085511452992,0.9999996318538777,1.0,31.54008312141819,0.9999999999998789
parameter_input_0.04,input_0.04,"Baseline, input_0.04",0.0,23,2Hz,60.0,0.04,0.5,512a8299eaef29ce,semantic_expanded_right,2.3706212867739667e-05,0.0002703848988017033,0.0002713360787597409,0.0002709729309627493,0.00027097443862241595,0.00027097434210284345,0.000270974341026172,0.0002704094170309155,0.000270316343782041,0.00027031782040993525,0.00027031772557685035,0.0002703177246003452,1.0,0.0002705344003937319,0.0002703951804677127,0.0007426175546760743,False,-0.00019208876990868263,0.00027031772557685035,2.1738779889443047,2.16785961826117,2.1762016923720164,0.008342074110846642,1.0,,,,,0.999580364463313,31.596350659584616,0.9999989040732558,1.0,31.54008312141819,0.9999999999998789
parameter_input_0.04,input_0.04,"Baseline, input_0.04",0.0,23,2Hz,60.0,0.04,0.5,512a8299eaef29ce,episodic_expanded_right,4.717165382685927e-05,0.0005380236361431293,0.0005394845861912143,0.0005392015361004079,0.0005392037626195216,0.0005392036026523107,0.0005392035999372644,0.0005380773992307982,0.0005379774194007653,0.0005379796268527413,0.0005379794662492185,0.0005379794637409334,1.0,0.0005382251956246688,0.0005381212990327473,0.00027851830082599774,False,-7.488473428018949e-05,0.0005379794662492185,2.231371860774931,2.2280459177644065,2.230932062976635,0.00288614521222863,1.0,,,,,0.9997949202573402,31.583316794911717,0.9999996261455547,1.0,31.54008312141819,0.9999999999998789
parameter_input_0.04,input_0.04,"Baseline, input_0.04",0.0,23,2Hz,60.0,0.04,0.5,512a8299eaef29ce,shared_auditory_relay,8.424520406454359e-05,0.0009590451011800152,0.0009613126074553961,0.0009611158910780673,0.0009611179098239644,0.0009611176801695271,0.0009611176787420952,0.0009591276873184676,0.0009590236799631687,0.0009590256707407024,0.0009590254392835172,0.0009590254380126426,1.0,0.0009593368966842833,0.0009592648766864751,0.0001083110577440449,False,-2.912272057109533e-05,0.0009590254392835172,2.26824041711033,2.265942167500589,2.2667466967634717,0.0008045292628828804,1.0,,,,,0.9999170744804151,31.57684369140364,0.9999998876433654,1.0,31.54008312141819,0.9999999999998789
parameter_input_0.04,input_0.04,"Baseline, input_0.04",0.0,23,2Hz,60.0,0.04,0.5,512a8299eaef29ce,anterior_temporal_context,3.685626557117962e-05,0.0004193235138673801,0.00042060715180368646,0.00042023843550626107,0.0004202405659529782,0.00042024027752191024,0.0004202402739938295,0.00041935970887362577,0.0004192582890129108,0.00041926041785450823,0.00041926013131270807,0.00041926012793034874,1.0,0.0004195124925324644,0.0004193743798904391,0.000475044805406974,False,-0.00012557890955111617,0.00041926013131270807,2.1853099991336826,2.1799851062970683,2.1869572462686246,0.006972139971556324,1.0,,,,,0.9997772387538479,31.585249079090666,0.9999993392221047,1.0,31.54008312141819,0.9999999999998789
parameter_input_0.04,input_0.04,"Baseline, input_0.04",0.0,23,2Hz,60.0,0.04,0.5,512a8299eaef29ce,hippocampal_context,5.246198686424832e-05,0.0005947131153952509,0.0005963062141291878,0.0005959814488907026,0.0005959827696747324,0.0005959825880844527,0.0005959825836402494,0.0005947541006571714,0.000594669144657834,0.0005946704669004578,0.000594670279749534,0.0005946702754784643,1.0,0.0005949305677293698,0.0005948205913923,0.0002667151283547106,False,-7.818208731462662e-05,0.000594670279749534,2.260604340777468,2.257381987747685,2.260056055395258,0.00267406764757272,1.0,,,,,0.9997947187732892,31.57636701121534,0.9999988337812302,1.0,31.54008312141819,0.9999999999998789
parameter_input_0.04,input_0.04,"Baseline, input_0.04",0.0,23,2Hz,60.0,0.04,0.5,512a8299eaef29ce,angular_parietal_context,4.532523030066203e-05,0.0005160323494746982,0.0005175123181178784,0.0005171507337001135,0.0005171527771831939,0.0005171524613841758,0.0005171524583310082,0.0005160725845758587,0.0005159757519065744,0.0005159778126469783,0.000515977494428649,0.0005159774915628665,1.0,0.0005162412272613694,0.0005161133226792641,0.0003574882432882486,False,-0.00010011382746606402,0.000515977494428649,2.229130563196403,2.2253479006266375,2.229160388036253,0.0038124874096157058,1.0,,,,,0.9997244473244443,31.58082492427983,0.999999144275024,1.0,31.54008312141819,0.9999999999998789
parameter_input_0.04,input_0.04,"Baseline, input_0.04",0.0,23,5Hz,60.0,0.04,0.5,512a8299eaef29ce,semantic_expanded,4.469268364785562e-05,0.00038035803349286865,0.0003810638762137889,0.000380874317809844,0.00038087678381725697,0.00038087661025718565,0.0003808766102580476,0.0003791782486893513,0.000379152211462041,0.00037915718470268037,0.00037915689540545433,0.0003791568954060632,1.0,0.00038046330709198833,0.00038039132484999765,0.0002729783575000335,False,-7.048151743411779e-05,0.0003791568954060632,1.2926103798203936,1.2925016439269097,1.2926008463354883,9.920240857863583e-05,1.0,,,,,0.9937025672463341,31.90866445325339,0.9999987051534682,1.0,31.88316717804847,0.9999999999977911
parameter_input_0.04,input_0.04,"Baseline, input_0.04",0.0,23,5Hz,60.0,0.04,0.5,512a8299eaef29ce,episodic_expanded,8.700602634510503e-05,0.0007426405386639174,0.0007437329165241527,0.0007436410475277583,0.0007436434692677233,0.0007436433894278582,0.0007436433894279342,0.000740982379235069,0.0007409899884353688,0.000740994406169843,0.0007409943073931982,0.0007409943073933047,1.0,0.0007427836464610942,0.0007427518569505006,6.174550414607395e-05,False,-1.7140365784573677e-05,0.0007409943073931982,1.3910218405960206,1.391048764835444,1.390842316284058,0.00020644855138596263,1.0,,,,,0.9951905366744382,31.905286591642017,0.9999994111085395,1.0,31.88316717804847,0.9999999999977911
parameter_input_0.04,input_0.04,"Baseline, input_0.04",0.0,23,5Hz,60.0,0.04,0.5,512a8299eaef29ce,semantic_anatomical_core,3.952206017418305e-05,0.000336848075427784,0.000337503940496513,0.00033730280446438556,0.0003373052608197716,0.0003373051048551433,0.000337305104856297,0.000335736825776627,0.0003357124801550026,0.00033571753224071886,0.0003357172472240894,0.00033571724722488675,1.0,0.00033694830520693996,0.00033687164759501676,0.00032825848087543095,False,-8.452741599702663e-05,0.00033571724722488675,1.278894822041667,1.2787510449240957,1.2789256286515478,0.00017458372745204898,1.0,,,,,0.9935770261594324,31.91457752981991,0.9999986085932548,1.0,31.88316717804847,0.9999999999977911
parameter_input_0.04,input_0.04,"Baseline, input_0.04",0.0,23,5Hz,60.0,0.04,0.5,512a8299eaef29ce,episodic_anatomical_core,9.099092480956727e-05,0.0007750928035219337,0.0007762234802042219,0.0007761342587016992,0.0007761366592542706,0.0007761365905462101,0.0007761365905462763,0.0007734297758974357,0.0007734285748601299,0.0007734328765818114,0.0007734327922440304,0.0007734327922441458,1.0,0.0007752404744777815,0.0007752095962923665,5.7464352855303763e-05,False,-1.5933560021963446e-05,0.0007734327922440304,1.3941685415007394,1.394195503833938,1.3939868906847792,0.00020861314915876505,1.0,,,,,0.9953006905173949,31.905449127538333,0.9999994884499287,1.0,31.88316717804847,0.9999999999977911
parameter_input_0.04,input_0.04,"Baseline, input_0.04",0.0,23,5Hz,60.0,0.04,0.5,512a8299eaef29ce,semantic_platel_peaks,4.9061350096976166e-05,0.00041781854903401446,0.00041857728900902846,0.00041839269810241806,0.00041839513792775625,0.00041839494938663896,0.00041839494938969505,0.00041651972650036243,0.00041649996107316276,0.00041650482273342256,0.00041650453948095117,0.00041650453948419657,1.0,0.0004179298368587235,0.0004178599920051265,0.00024112479159398898,False,-6.247188143406746e-05,0.00041650453948419657,1.3036368068158148,1.3035722621103614,1.303579017463546,6.7553531846176185e-06,1.0,,,,,0.993727131583255,31.908533911356727,0.9999990881594506,1.0,31.88316717804847,0.9999999999977911
parameter_input_0.04,input_0.04,"Baseline, input_0.04",0.0,23,5Hz,60.0,0.04,0.5,512a8299eaef29ce,episodic_platel_peaks,8.204579647258715e-05,0.0007005991249354291,0.0007016262481482662,0.0007015438444803898,0.0007015467450676121,0.0007015465500591055,0.0007015465500590146,0.0006988157741029104,0.0006988837624626574,0.0006988892073109187,0.00069888896599918,0.000698888965999082,1.0,0.0007007325878189343,0.0007007059262364872,5.489292951143218e-05,False,-1.611038373612317e-05,0.000698888965999082,1.3945982131951895,1.3946270250276505,1.3944224978010547,0.00020452722659580758,1.0,,,,,0.994419450404627,31.897169458239738,0.9999990395383607,1.0,31.88316717804847,0.9999999999977911
parameter_input_0.04,input_0.04,"Baseline, input_0.04",0.0,23,5Hz,60.0,0.04,0.5,512a8299eaef29ce,semantic_expanded_left,4.540234545600569e-05,0.0003862391776996602,0.0003869694744980658,0.00038676130602479,0.00038676373655083295,0.0003867635250264681,0.0003867635250288672,0.00038498334445812515,0.0003849612094842492,0.0003849665301372679,0.00038496614075316757,0.000384966140755135,1.0,0.0003863493688563835,0.0003862699506600887,0.00029659169906898913,False,-7.638841382187068e-05,0.000384966140755135,1.264067145153269,1.2638996441710457,1.2641281710644157,0.00022852689336994025,1.0,,,,,0.993727131583255,31.90866445325339,0.9999985120330414,1.0,31.88316717804847,0.9999999999977911
parameter_input_0.04,input_0.04,"Baseline, input_0.04",0.0,23,5Hz,60.0,0.04,0.5,512a8299eaef29ce,episodic_expanded_left,8.796662906848063e-05,0.0007483348742267833,0.0007494358247449727,0.000749345127928327,0.0007493471995481794,0.000749347196255154,0.0007493471962555626,0.0007466455374260667,0.0007466513271435179,0.0007466553729376975,0.0007466553613497014,0.0007466553613500574,1.0,0.0007484790172144692,0.0007484475221306487,6.0708124350368295e-05,False,-1.6863256097021662e-05,0.0007466553613497014,1.3890527392553926,1.3890820598091786,1.3888703228326822,0.00021173697649645717,1.0,,,,,0.9952219832006134,31.9052603732085,0.9999994350124105,1.0,31.88316717804847,0.9999999999977911
parameter_input_0.04,input_0.04,"Baseline, input_0.04",0.0,23,5Hz,60.0,0.04,0.5,512a8299eaef29ce,semantic_expanded_right,4.3864744871680536e-05,0.0003745664396454871,0.0003752484041368582,0.000375076936879037,0.00037507943672457285,0.0003750793000220909,0.00037507930002146194,0.00037346068693307335,0.00037343087021456925,0.000373435505316272,0.0003734353131738892,0.00037343531317317975,1.0,0.00037466691992236946,0.00037460216559394744,0.00024936501593091824,False,-6.457462104663137e-05,0.0003734353131738892,1.3211536144875182,1.3211036436827739,1.321073521606561,3.0122076212890647e-05,1.0,,,,,0.9935770261594324,31.912599201772103,0.9999988448199127,1.0,31.88316717804847,0.9999999999977911
parameter_input_0.04,input_0.04,"Baseline, input_0.04",0.0,23,5Hz,60.0,0.04,0.5,512a8299eaef29ce,episodic_expanded_right,8.630740618265005e-05,0.0007369895332445732,0.0007380734051641454,0.0007379803870841674,0.0007379831534940962,0.000737982998272878,0.0007379829982726257,0.0007353621749748036,0.0007353715757286921,0.0007353763595307492,0.0007353761748882211,0.000735376174888082,1.0,0.0007371316132593043,0.0007370995356266485,6.278288394349226e-05,False,-1.7417475472125687e-05,0.000735376174888082,1.3929909419366486,1.3930154698617092,1.3928143097354337,0.0002011601262754681,1.0,,,,,0.9950238705169864,31.905286591642017,0.9999994003413634,1.0,31.88316717804847,0.9999999999977911
parameter_input_0.04,input_0.04,"Baseline, input_0.04",0.0,23,5Hz,60.0,0.04,0.5,512a8299eaef29ce,shared_auditory_relay,0.0001524963391525492,0.0012995881498200905,0.0013013426124247542,0.0013012778307920252,0.0013012808223301202,0.001301280709825592,0.0013012807098248915,0.00129747860895218,0.0012974568968918542,0.0012974618374583025,0.0012974616828018495,0.0012974616828011292,1.0,0.0012998109540534935,0.0012997901254332162,2.311842953177317e-05,False,-6.7032165349090185e-06,0.0012974616828018495,1.441553821104454,1.4415585655381156,1.4413771914681632,0.00018137406995233363,1.0,,,,,0.9964801283969469,31.903226541254597,0.9999998287185902,1.0,31.88316717804847,0.9999999999977911
parameter_input_0.04,input_0.04,"Baseline, input_0.04",0.0,23,5Hz,60.0,0.04,0.5,512a8299eaef29ce,anterior_temporal_context,6.79927590665434e-05,0.0005791249738324334,0.0005800515361384293,0.0005799125449790379,0.0005799150528999161,0.0005799148010321043,0.000579914801031925,0.0005775516602973872,0.0005775579041133351,0.0005775629479508705,0.0005775626188283701,0.0005775626188281556,1.0,0.000579252326847379,0.0005792013645291083,0.0001269331427505426,False,-3.3731921591773076e-05,0.0005775626188281556,1.337885916838729,1.3378640023048758,1.3377762965267352,8.770577814054548e-05,1.0,,,,,0.9945056248406623,31.903949636896293,0.9999991188734476,1.0,31.88316717804847,0.9999999999977911
parameter_input_0.04,input_0.04,"Baseline, input_0.04",0.0,23,5Hz,60.0,0.04,0.5,512a8299eaef29ce,hippocampal_context,9.673673476988888e-05,0.0008214371971864269,0.0008225501503563697,0.0008225432201703256,0.0008225450937659907,0.0008225450450057671,0.000822545045006182,0.0008192710025916518,0.0008194250678646517,0.0008194293839308952,0.0008194293351539637,0.0008194293351544324,1.0,0.0008215734262844867,0.0008215777935290805,7.668925467019624e-06,False,-7.354124369030047e-07,0.0008194293351539637,1.4300090686684959,1.4300600718342147,1.4298056984734129,0.0002543733608018073,1.0,,,,,0.9947166155612639,31.892841577718443,0.9999991494763176,1.0,31.88316717804847,0.9999999999977911
parameter_input_0.04,input_0.04,"Baseline, input_0.04",0.0,23,5Hz,60.0,0.04,0.5,512a8299eaef29ce,angular_parietal_context,8.381055860354122e-05,0.0007143134442426046,0.0007153512004495207,0.0007152904094729952,0.0007152926564287928,0.0007152924673430849,0.0007152924673434539,0.0007123083685892671,0.0007124148332392391,0.0007124197449023227,0.0007124195137628492,0.0007124195137630674,1.0,0.000714446034217979,0.0007144281257915674,3.616329372960919e-05,False,-1.1638042401962424e-05,0.0007124195137628492,1.3898103015571786,1.3898504659323112,1.389627476455059,0.0002229894772523,1.0,,,,,0.9941068105345449,31.896527428427596,0.9999989906851838,1.0,31.88316717804847,0.9999999999977911
parameter_input_0.04,input_0.04,"Baseline, input_0.04",0.0,37,2Hz,60.0,0.04,0.5,512a8299eaef29ce,semantic_expanded,2.410838409463644e-05,0.0002741202744976784,0.0002751229068833656,0.0002747091556586644,0.00027471085147323773,0.00027471062556146515,0.00027471062392471523,0.00027413724909269377,0.00027404208214469215,0.00027404375719806875,0.00027404353556337795,0.0002740435340080334,1.0,0.0002742809036695569,0.0002741221791919544,0.0008351193866528583,False,-0.00021596994321715357,0.00027404353556337795,2.146449217408267,2.1384781655556377,2.1509448010888095,0.012466635533171733,1.0,,,,,0.9995800457167954,31.59273352457035,0.9999988839877068,1.0,31.540083187567724,0.9999999999998759
parameter_input_0.04,input_0.04,"Baseline, input_0.04",0.0,37,2Hz,60.0,0.04,0.5,512a8299eaef29ce,episodic_expanded,4.752814170155647e-05,0.00054185998923901,0.0005433284531821741,0.0005430487505633712,0.0005430504809308181,0.0005430501520797267,0.0005430501487247955,0.0005419161085501495,0.0005418151198420945,0.0005418168273892121,0.0005418164958758764,0.0005418164927034368,1.0,0.0005420624805902274,0.0005419592715842921,0.00027471611374790274,False,-7.373069165659274e-05,0.0005418164958758764,2.2298886830261586,2.226631895585864,2.229378595572707,0.0027466999868428488,1.0,,,,,0.9998361020419053,31.583338818854216,0.9999996261132581,1.0,31.540083187567724,0.9999999999998759
parameter_input_0.04,input_0.04,"Baseline, input_0.04",0.0,37,2Hz,60.0,0.04,0.5,512a8299eaef29ce,semantic_anatomical_core,2.1274513564553934e-05,0.0002422155283105525,0.0002431655234600187,0.00024272711427120703,0.0002427287613106499,0.00024272860822712087,0.0002427286071395401,0.00024222459164295967,0.00024213202652322482,0.00024213365403066622,0.00024213350597412093,0.00024213350496055287,1.0,0.00024237218080777685,0.00024220385728488414,0.0010022762267206022,False,-0.0002590105557914946,0.00024213350597412093,2.1337562373801497,2.124685076342356,2.139445328473946,0.014760252131590157,1.0,,,,,0.999564998373984,31.596998312439645,0.9999988073548675,1.0,31.540083187567724,0.9999999999998759
parameter_input_0.04,input_0.04,"Baseline, input_0.04",0.0,37,2Hz,60.0,0.04,0.5,512a8299eaef29ce,episodic_anatomical_core,4.977114411552022e-05,0.0005663060725178491,0.0005678128518604479,0.0005675498727065701,0.0005675514874300335,0.0005675511557687519,0.0005675511523011824,0.0005663658273968265,0.00056626459321586,0.0005662661815678641,0.0005662658469266566,0.0005662658436470979,1.0,0.0005665118469390801,0.0005664144852269822,0.0002479653894059232,False,-6.634469888293637e-05,0.0005662658469266566,2.232277360587832,2.2292059105700854,2.231578317196589,0.0023724066265033983,1.0,,,,,0.999839133892053,31.58310985808555,0.9999996571928508,1.0,31.540083187567724,0.9999999999998759
parameter_input_0.04,input_0.04,"Baseline, input_0.04",0.0,37,2Hz,60.0,0.04,0.5,512a8299eaef29ce,semantic_platel_peaks,2.6452638603944075e-05,0.000300867892038784,0.0003019334580322768,0.00030152572113501696,0.0003015275409279124,0.000301527229021388,0.00030152722657281476,0.00030088992969056074,0.00030079136467317763,0.00030079315809961987,0.0003007928490505844,0.0003007928467139194,1.0,0.00030103525804689956,0.0003008794670794875,0.0007468129678083379,False,-0.00019387501786125583,0.0003007928490505844,2.158898611164577,2.152379243116427,2.1617522161230007,0.009372973006573915,1.0,,,,,0.9995800457167954,31.601263100308937,0.9999988839877068,1.0,31.540083187567724,0.9999999999998759
parameter_input_0.04,input_0.04,"Baseline, input_0.04",0.0,37,2Hz,60.0,0.04,0.5,512a8299eaef29ce,episodic_platel_peaks,4.4595591540671795e-05,0.0005086419568401763,0.0005100855361304967,0.0005097377476251591,0.0005097405315713039,0.0005097402199289204,0.0005097402172496113,0.0005086850292852183,0.0005085855599530318,0.0005085883309452136,0.0005085880196766335,0.0005085880172037066,1.0,0.0005088458538861491,0.0005087212449190118,0.00035333834997020784,False,-9.735111234387972e-05,0.0005085880196766335,2.2328298507363202,2.228959836458243,2.2329431054080335,0.00398326894979073,1.0,,,,,0.9997181344150217,31.582072361699787,0.9999992445011745,1.0,31.540083187567724,0.9999999999998759
parameter_input_0.04,input_0.04,"Baseline, input_0.04",0.0,37,2Hz,60.0,0.04,0.5,512a8299eaef29ce,semantic_expanded_left,2.4453104127456072e-05,0.0002779072797449732,0.0002789627024008514,0.00027849693679508246,0.0002784987162284583,0.0002784984261251925,0.000278498423914785,0.00027791677353142567,0.00027781920765713883,0.0002778209821581618,0.0002778206986737872,0.00027782069652545105,1.0,0.0002780793410801785,0.0002779005492985443,0.0009278825729875695,False,-0.0002399224519157528,0.0002778206986737872,2.1190215199858424,2.109098824358952,2.1256879148976426,0.01658909053869051,1.0,,,,,0.9995800457167954,31.59273352457035,0.9999987307220282,1.0,31.540083187567724,0.9999999999998759
parameter_input_0.04,input_0.04,"Baseline, input_0.04",0.0,37,2Hz,60.0,0.04,0.5,512a8299eaef29ce,episodic_expanded_left,4.8018309551942835e-05,0.0005457236723802715,0.0005471997396754358,0.0005469234303549719,0.0005469245031896003,0.0005469241418701019,0.0005469241378672236,0.0005457823213017133,0.0005456802039737582,0.0005456812586635221,0.0005456808923397259,0.0005456808884946168,1.0,0.0005459270813594796,0.0005458246171904793,0.0002708025077787941,False,-7.258702587629174e-05,0.0005456808923397259,2.228404951550572,2.2252167895319426,2.227825134871014,0.002608345339071505,1.0,,,,,0.9998373637700406,31.58314187972871,0.9999996306888352,1.0,31.540083187567724,0.9999999999998759
parameter_input_0.04,input_0.04,"Baseline, input_0.04",0.0,37,2Hz,60.0,0.04,0.5,512a8299eaef29ce,semantic_expanded_right,2.3706210723013538e-05,0.0002703848742632361,0.0002713359644157292,0.0002709728913759055,0.00027097450551709156,0.0002709743421043515,0.00027097434102606416,0.0002704091242323368,0.0002703163090108551,0.00027031788699271084,0.0002703177255783144,0.00027031772460023426,1.0,0.0002705343511875544,0.00027039518027084224,0.0007423562003185486,False,-0.00019201743451855436,0.0002703177255783144,2.173876914830691,2.167857506752323,2.1762016872799768,0.008344180527653844,1.0,,,,,0.9995802521598478,31.596458275157914,0.9999989023616662,1.0,31.540083187567724,0.9999999999998759
parameter_input_0.04,input_0.04,"Baseline, input_0.04",0.0,37,2Hz,60.0,0.04,0.5,512a8299eaef29ce,episodic_expanded_right,4.717165599218457e-05,0.0005380236606879407,0.0005394845549678654,0.0005392015209460622,0.0005392038994767059,0.0005392036026521857,0.0005392035999362238,0.0005380772832760779,0.0005379774123226586,0.0005379797634265635,0.0005379794662490179,0.0005379794637399127,1.0,0.0005382252372091969,0.0005381212990503061,0.0002786297197146873,False,-7.487435743724902e-05,0.0005379794662490179,2.2313724145017453,2.2280470016397853,2.2309320562743995,0.0028850546346141925,1.0,,,,,0.9997948983297241,31.583338818854216,0.9999996261132581,1.0,31.540083187567724,0.9999999999998759
parameter_input_0.04,input_0.04,"Baseline, input_0.04",0.0,37,2Hz,60.0,0.04,0.5,512a8299eaef29ce,shared_auditory_relay,8.424521298697638e-05,0.0009590452012632778,0.0009613129188330359,0.0009611158901488349,0.0009611180662896852,0.0009611176801698882,0.0009611176787420875,0.0009591279315448709,0.0009590236880459239,0.0009590258273209601,0.0009590254392838144,0.0009590254380126366,1.0,0.0009593370896633479,0.0009592648767646204,0.00010860115099923606,False,-2.916938096166888e-05,0.0009590254392838144,2.268240821365728,2.265942964173445,2.2667466921108153,0.0008037279373702688,1.0,,,,,0.9999170490046457,31.576871829130916,0.9999998875556524,1.0,31.540083187567724,0.9999999999998759
parameter_input_0.04,input_0.04,"Baseline, input_0.04",0.0,37,2Hz,60.0,0.04,0.5,512a8299eaef29ce,anterior_temporal_context,3.685627694102291e-05,0.00041932363852274264,0.0004206076396816177,0.0004202384381493345,0.0004202407052026432,0.00042024027752310503,0.00042024027399378925,0.0004193598810966991,0.0004192582988177198,0.00041926055673109153,0.00041926013131371757,0.0004192601279303078,1.0,0.000419512740649035,0.0004193743800176192,0.0004758976355465965,False,-0.00012574670653311414,0.00041926013131371757,2.1853090015050753,2.1799831615383995,2.186957223630805,0.006974062092405475,1.0,,,,,0.9997768976279784,31.58533894263983,0.9999993390184027,1.0,31.540083187567724,0.9999999999998759
parameter_input_0.04,input_0.04,"Baseline, input_0.04",0.0,37,2Hz,60.0,0.04,0.5,512a8299eaef29ce,hippocampal_context,5.246199784586786e-05,0.0005947132284648394,0.0005963064874983463,0.0005959814668296369,0.0005959829989503954,0.0005959825880870284,0.0005959825836453322,0.0005947539597867025,0.0005946691697634945,0.0005946706958479867,0.0005946702797518665,0.0005946702754835575,1.0,0.0005949307900470733,0.000594820591420063,0.000267254177018156,False,-7.825039555804382e-05,0.0005946702797518665,2.2606039493673573,2.257381221194174,2.2600560272518475,0.00267480605767334,1.0,,,,,0.9997944395791347,31.576422701345727,0.9999988286645902,1.0,31.540083187567724,0.9999999999998759
parameter_input_0.04,input_0.04,"Baseline, input_0.04",0.0,37,2Hz,60.0,0.04,0.5,512a8299eaef29ce,angular_parietal_context,4.532524067545944e-05,0.0005160324678660193,0.0005175127315629062,0.0005171507171315381,0.0005171529616760672,0.0005171524613852698,0.0005171524583310588,0.0005160726905916234,0.0005159757435584739,0.0005159779968865498,0.0005159774944296426,0.0005159774915629182,1.0,0.0005162414600988026,0.0005161133231262296,0.00035813768452252017,False,-0.00010022677432983685,0.0005159774944296426,2.229130101229919,2.225346992079122,2.2291603667855546,0.003813374706432615,1.0,,,,,0.9997242327927311,31.580941181504194,0.9999991436422346,1.0,31.540083187567724,0.9999999999998759
parameter_input_0.04,input_0.04,"Baseline, input_0.04",0.0,37,5Hz,60.0,0.04,0.5,512a8299eaef29ce,semantic_expanded,4.469269126832362e-05,0.00038035809775800587,0.0003810643761443345,0.0003808742152896267,0.0003808767174102091,0.0003808766102587093,0.0003808766102575273,0.00037917820451100116,0.000379152074473532,0.00037915712123034995,0.00037915689540701656,0.0003791568954057268,1.0,0.0003804634361556836,0.00038039132436422954,0.0002734696019008171,False,-7.065137267838751e-05,0.00037915689540701656,1.2926084132637383,1.2924977138346845,1.292600847149497,0.00010313331481248689,1.0,,,,,0.9937021749303467,31.908745108037714,0.9999987060197715,1.0,31.883167248559413,0.9999999999978477
parameter_input_0.04,input_0.04,"Baseline, input_0.04",0.0,37,5Hz,60.0,0.04,0.5,512a8299eaef29ce,episodic_expanded,8.70060401314246e-05,0.0007426406576752552,0.000743733793975476,0.0007436408883577736,0.0007436433680279249,0.000743643389427143,0.000743643389427962,0.0007409832215696415,0.0007409897611465081,0.0007409943003252702,0.0007409943073924591,0.0007409943073933384,1.0,0.000742783887026236,0.0007427518566770275,6.221328051386653e-05,False,-1.7295134157180315e-05,0.0007409943003252702,1.3910212896602097,1.391047671111839,1.390842316502122,0.00020535460971693453,1.0,,,,,0.9951905352110474,31.905311436962936,0.9999994101877516,1.0,31.883167248559413,0.9999999999978477
parameter_input_0.04,input_0.04,"Baseline, input_0.04",0.0,37,5Hz,60.0,0.04,0.5,512a8299eaef29ce,semantic_anatomical_core,3.952206490276277e-05,0.00033684811558287107,0.0003375042997045797,0.00033730271938141294,0.00033730520110456403,0.00033730510485750916,0.00033730510485568857,0.00033573651818388404,0.0003357123702070945,0.00033571747838410834,0.0003357172472265094,0.00033571724722449134,1.0,0.00033694838622952764,0.0003368716470729441,0.000328607627116947,False,-8.466276718550604e-05,0.0003357172472265094,1.2788924420438423,1.278746290347171,1.2789256297067908,0.00017933935961989,1.0,,,,,0.9935765614565978,31.914578860031018,0.9999986055054841,1.0,31.883167248559413,0.9999999999978477
parameter_input_0.04,input_0.04,"Baseline, input_0.04",0.0,37,5Hz,60.0,0.04,0.5,512a8299eaef29ce,episodic_anatomical_core,9.099093793904034e-05,0.0007750929158556472,0.0007762243234119059,0.0007761340998181338,0.0007761365584542927,0.0007761365905454877,0.000776136590546326,0.0007734306423803174,0.0007734283508236845,0.0007734327697565388,0.0007734327922432974,0.0007734327922442152,1.0,0.0007752407018570656,0.0007752095960105872,5.7888021982695455e-05,False,-1.607551242450711e-05,0.0007734327697565388,1.394168056621461,1.3941945426661972,1.3939868909816506,0.00020765168454661698,1.0,,,,,0.9953006600071628,31.90548750282705,0.9999994877647581,1.0,31.883167248559413,0.9999999999978477
parameter_input_0.04,input_0.04,"Baseline, input_0.04",0.0,37,5Hz,60.0,0.04,0.5,512a8299eaef29ce,semantic_platel_peaks,4.906136302495513e-05,0.0004178186701329831,0.00041857809136843047,0.00041839258785179,0.0004183950553415473,0.00041839494939029185,0.00041839494938969505,0.00041652007436242093,0.0004164998019022091,0.00041650473589186074,0.00041650453948465085,0.00041650453948419695,1.0,0.00041793007960153126,0.00041785999155919724,0.00024196427985210625,False,-6.2729418595886e-05,0.00041650453948465085,1.3036352915341456,1.3035692317684788,1.303579018550979,9.786782500187385e-06,1.0,,,,,0.9937265171157931,31.90858798307563,0.9999990856892603,1.0,31.883167248559413,0.9999999999978477
parameter_input_0.04,input_0.04,"Baseline, input_0.04",0.0,37,5Hz,60.0,0.04,0.5,512a8299eaef29ce,episodic_platel_peaks,8.204581398154747e-05,0.0007005992741921453,0.0007016273100795115,0.0007015436484916293,0.0007015466415470009,0.0007015465500579322,0.000701546550058908,0.0006988165569686527,0.000698883487401215,0.0006988891176276804,0.0006988889659981514,0.0006988889659992948,1.0,0.0007007328868257357,0.0007007059260841404,5.55088496831041e-05,False,-1.630858757390996e-05,0.0006988889659981514,1.3945973504939575,1.3946253000409992,1.3944224974729427,0.00020280256805649266,1.0,,,,,0.9944191619658003,31.89722806913193,0.9999990395566305,1.0,31.883167248559413,0.9999999999978477
parameter_input_0.04,input_0.04,"Baseline, input_0.04",0.0,37,5Hz,60.0,0.04,0.5,512a8299eaef29ce,semantic_expanded_left,4.540235371867689e-05,0.0003862392478547902,0.0003869700508479745,0.00038676117386596807,0.00038676365877794803,0.00038676352503116225,0.0003867635250289232,0.000384983287368688,0.00038496103753512016,0.0003849664575354369,0.0003849661407577613,0.00038496614075515036,1.0,0.0003863495109622295,0.00038626995007127654,0.00029712454583707997,False,-7.657863794809928e-05,0.0003849661407577613,1.2640649876362546,1.2638953481388486,1.2641281722552933,0.00023282411644465206,1.0,,,,,0.9937265171157931,31.908745108037714,0.9999985049911967,1.0,31.883167248559413,0.9999999999978477
parameter_input_0.04,input_0.04,"Baseline, input_0.04",0.0,37,5Hz,60.0,0.04,0.5,512a8299eaef29ce,episodic_expanded_left,8.796664447505156e-05,0.0007483350050281,0.0007494367775279983,0.0007493449664730381,0.0007493470922936923,0.0007493471962549755,0.0007493471962554641,0.0007466464904944001,0.000746651091877369,0.0007466552486018721,0.0007466553613494818,0.0007466553613498757,1.0,0.0007484792828058812,0.0007484475217737664,6.122074024219796e-05,False,-1.7031128410938123e-05,0.0007466552486018721,1.3890523078258676,1.3890812104131798,1.3888703232072173,0.00021088720596251775,1.0,,,,,0.9952219666353861,31.90531427667747,0.999999433915062,1.0,31.883167248559413,0.9999999999978477
parameter_input_0.04,input_0.04,"Baseline, input_0.04",0.0,37,5Hz,60.0,0.04,0.5,512a8299eaef29ce,semantic_expanded_right,4.386475174291148e-05,0.0003745664981837361,0.00037524882984631315,0.0003750768631257728,0.00037507938135538055,0.0003750793000205391,0.0003750793000203829,0.0003734606552894237,0.0003734307671707372,0.0003734354507144377,0.0003734353131725104,0.00037343531317250245,1.0,0.00037466703630832687,0.0003746021652082233,0.0002498146579649685,False,-6.47241074084981e-05,0.0003734353131725104,1.321151838891222,1.3211000795305203,1.3210735220437004,2.6557486819900333e-05,1.0,,,,,0.9935765614565978,31.91264609536445,0.9999988455982816,1.0,31.883167248559413,0.9999999999978477
parameter_input_0.04,input_0.04,"Baseline, input_0.04",0.0,37,5Hz,60.0,0.04,0.5,512a8299eaef29ce,episodic_expanded_right,8.630741879060499e-05,0.000736989640637787,0.0007380742083750899,0.0007379802301740497,0.0007379830581836372,0.0007379829982716333,0.0007379829982727778,0.0007353629082005868,0.0007353713563096737,0.0007353762719041852,0.0007353761748869697,0.000735376174888327,1.0,0.0007371318291636614,0.0007370995354353359,6.320582078659277e-05,False,-1.755913990360014e-05,0.0007353761748869697,1.3929902714945517,1.393014131810498,1.392814309797027,0.00019982201347112927,1.0,,,,,0.995023771763809,31.905311436962936,0.9999994006469233,1.0,31.883167248559413,0.9999999999978477
parameter_input_0.04,input_0.04,"Baseline, input_0.04",0.0,37,5Hz,60.0,0.04,0.5,512a8299eaef29ce,shared_auditory_relay,0.000152496353116023,0.0012995882686061585,0.0013013435364739876,0.0013012776262366244,0.0013012807173796398,0.0013012807098266785,0.0013012807098258428,0.0012974797109933,0.0012974566308409027,0.0012974617306454042,0.001297461682802799,0.0012974616828021087,1.0,0.0012998111939698568,0.001299790124967656,2.3385235859620975e-05,False,-6.794319040448472e-06,0.001297461682802799,1.4415536098517836,1.441558146529445,1.4413771917861578,0.000180954743287165,1.0,,,,,0.9964801781007702,31.903265093403345,0.9999998284965718,1.0,31.883167248559413,0.9999999999978477
parameter_input_0.04,input_0.04,"Baseline, input_0.04",0.0,37,5Hz,60.0,0.04,0.5,512a8299eaef29ce,anterior_temporal_context,6.799278277417723e-05,0.0005791251779879799,0.0005800528419635373,0.0005799123672522562,0.0005799149544985698,0.0005799148010323433,0.0005799148010321264,0.0005775526913527026,0.0005775576496706587,0.0005775628519366183,0.0005775626188286615,0.0005775626188284814,1.0,0.0005792527360604249,0.000579201364300288,0.00012795290485260148,False,-3.403459664648168e-05,0.0005775626188284814,1.3378849897557543,1.3378621543183336,1.3377762964724165,8.585784591708112e-05,1.0,,,,,0.9945054920982659,31.904016706075367,0.999999116436443,1.0,31.883167248559413,0.9999999999978477
parameter_input_0.04,input_0.04,"Baseline, input_0.04",0.0,37,5Hz,60.0,0.04,0.5,512a8299eaef29ce,hippocampal_context,9.67367597786753e-05,0.0008214374122288328,0.0008225515699898367,0.0008225430181513517,0.0008225449743031359,0.0008225450450095148,0.0008225450450093563,0.0008192722579593113,0.0008194247914619007,0.0008194292486738607,0.0008194293351576864,0.000819429335157495,1.0,0.000821573858303702,0.000821577793551128,6.910332274863162e-06,False,-9.666885456560692e-07,0.0008194292486738607,1.4300086569067345,1.4300592548553102,1.429805698144334,0.000253556710976266,1.0,,,,,0.9947164944640463,31.892890046684784,0.9999991485136495,1.0,31.883167248559413,0.9999999999978477
parameter_input_0.04,input_0.04,"Baseline, input_0.04",0.0,37,5Hz,60.0,0.04,0.5,512a8299eaef29ce,angular_parietal_context,8.381058855697923e-05,0.0007143136991245565,0.0007153528652688793,0.0007152901591649715,0.0007152925360100431,0.0007152924673423314,0.0007152924673419286,0.0007123098754957727,0.0007124144770775516,0.0007124196259640976,0.0007124195137627169,0.0007124195137621917,1.0,0.0007144465457362031,0.00071442812570868,3.719637963097261e-05,False,-1.1948554515850419e-05,0.0007124195137621917,1.3898098514316621,1.3898495719717503,1.3896274760942753,0.0002220958774750148,1.0,,,,,0.9941066832517217,31.896605087371736,0.9999989903258293,1.0,31.883167248559413,0.9999999999978477
parameter_input_0.04,input_0.04,"Baseline, input_0.04",0.0,53,2Hz,60.0,0.04,0.5,512a8299eaef29ce,semantic_expanded,2.410842549478355e-05,0.00027412073813176164,0.0002751256690926999,0.0002747091375354961,0.0002747108822861101,0.0002747106255612724,0.000274710623924788,0.000274137834693579,0.00027404207070402716,0.00027404378774762496,0.0002740435355633059,0.0002740435340081079,1.0,0.0002742818615866027,0.0002741221787879437,0.0008401600691851094,False,-0.0002174136299643692,0.0002740435355633059,2.1464129706941026,2.138408845459236,2.1509448371062954,0.012535991647059319,1.0,,,,,0.9995771292723207,31.59249487358519,0.9999988731228544,1.0,31.540083226277147,0.9999999999998678
parameter_input_0.04,input_0.04,"Baseline, input_0.04",0.0,53,2Hz,60.0,0.04,0.5,512a8299eaef29ce,episodic_expanded,4.7528166799028985e-05,0.0005418602816462407,0.0005433304898420975,0.0005430487039523191,0.0005430505419339598,0.0005430501520795048,0.0005430501487252334,0.0005419169641120968,0.0005418150860182866,0.0005418168881736442,0.0005418164958758407,0.0005418164927038785,1.0,0.0005420630998124077,0.0005419592711222822,0.00027636539765296317,False,-7.426529150871275e-05,0.0005418164958758407,2.2298819584843184,2.2266186060891995,2.2293786164919687,0.0027600104027691863,1.0,,,,,0.9998352973176765,31.58331485254442,0.9999996195972555,1.0,31.540083226277147,0.9999999999998678
parameter_input_0.04,input_0.04,"Baseline, input_0.04",0.0,53,2Hz,60.0,0.04,0.5,512a8299eaef29ce,semantic_anatomical_core,2.1274558722541113e-05,0.0002422160421133716,0.0002431685287712244,0.00024272709485315821,0.00024272878013090253,0.00024272860822813843,0.0002427286071395664,0.00024222517833954188,0.00024213201248290248,0.00024213367267240926,0.00024213350597520223,0.00024213350496057954,1.0,0.00024237323982490678,0.00024220385692860116,0.0010085820237947722,False,-0.0002607878174213596,0.00024213350597520223,2.1337125687973835,2.1246019654353168,2.139445359536711,0.014843394101394125,1.0,,,,,0.9995619132405007,31.596718931958844,0.999998790650575,1.0,31.540083226277147,0.9999999999998678
parameter_input_0.04,input_0.04,"Baseline, input_0.04",0.0,53,2Hz,60.0,0.04,0.5,512a8299eaef29ce,episodic_anatomical_core,4.977116803122625e-05,0.0005663063470292505,0.0005678147820484158,0.0005675498242165406,0.0005675515501716469,0.0005675511557688845,0.0005675511523015106,0.0005663666831513505,0.0005662645576579644,0.0005662662441337933,0.0005662658469269855,0.0005662658436474329,1.0,0.0005665124285238893,0.0005664144847916399,0.00024944757776277135,False,-6.68289557867574e-05,0.0005662658469269855,2.2322715818889898,2.2291944861535065,2.231578336635458,0.002383850481951555,1.0,,,,,0.9998382779254917,31.583106692310647,0.9999996505021165,1.0,31.540083226277147,0.9999999999998678
parameter_input_0.04,input_0.04,"Baseline, input_0.04",0.0,53,2Hz,60.0,0.04,0.5,512a8299eaef29ce,semantic_platel_peaks,2.6452674424899693e-05,0.00030086830918137476,0.0003019360043196908,0.00030152570901523603,0.00030152758923006454,0.0003015272290170093,0.00030152722657297653,0.00030089048427450787,0.0003007913610741412,0.00030079320609238333,0.0003007928490464018,0.00030079284671408505,1.0,0.0003010361242075805,0.00030087946667017916,0.000750965952220226,False,-0.00019508877843339435,0.0003007928490464018,2.1588729981041603,2.1523290056222146,2.1617522564063103,0.009423250784095671,1.0,,,,,0.9995771292723207,31.6009429903325,0.9999988731228544,1.0,31.540083226277147,0.9999999999998678
parameter_input_0.04,input_0.04,"Baseline, input_0.04",0.0,53,2Hz,60.0,0.04,0.5,512a8299eaef29ce,episodic_platel_peaks,4.459561876091107e-05,0.0005086422670259615,0.0005100877551381401,0.000509737713765898,0.0005097405709891791,0.0005097402199278679,0.0005097402172512461,0.0005086857172731671,0.0005085855396025429,0.0005085883696999532,0.0005085880196756266,0.0005085880172053752,1.0,0.0005088465149942322,0.0005087212444798637,0.00035521398762763874,False,-9.797392980779308e-05,0.0005085880196756266,2.2328207141881298,2.228941814596208,2.232943122782753,0.004001308186544872,1.0,,,,,0.9997165056541073,31.581935410286565,0.9999992306265392,1.0,31.540083226277147,0.9999999999998678
parameter_input_0.04,input_0.04,"Baseline, input_0.04",0.0,53,2Hz,60.0,0.04,0.5,512a8299eaef29ce,semantic_expanded_left,2.4453152207456238e-05,0.0002779078260020642,0.00027896583774474976,0.0002784969246689209,0.00027849875752740426,0.00027849842612466167,0.0002784984239148226,0.0002779173869724557,0.0002778192023512224,0.0002778210232059289,0.00027782069867345066,0.00027782069652548856,1.0,0.0002780804609546667,0.00027790054862974063,0.0009336960203707854,False,-0.00024154078947802304,0.00027782069867345066,2.1189717645969215,2.1090048333834264,2.12568796503594,0.016683131652513783,1.0,,,,,0.9995771292723207,31.59249487358519,0.9999987081782954,1.0,31.540083226277147,0.9999999999998678
parameter_input_0.04,input_0.04,"Baseline, input_0.04",0.0,53,2Hz,60.0,0.04,0.5,512a8299eaef29ce,episodic_expanded_left,4.801833940433924e-05,0.000545724011320721,0.0005472020206416557,0.0005469233735699511,0.0005469245858274784,0.0005469241418700912,0.0005469241378673538,0.0005457833649813728,0.0005456801598922919,0.0005456813413322098,0.0005456808923400036,0.0005456808884947481,1.0,0.0005459277968492916,0.0005458246165126071,0.00027269508850795155,False,-7.318091307135788e-05,0.0005456808923400036,2.2283977353418107,2.2252025123251697,2.2278251647071268,0.0026226523819570247,1.0,,,,,0.9998365102968231,31.583132790254425,0.9999996242021149,1.0,31.540083226277147,0.9999999999998678
parameter_input_0.04,input_0.04,"Baseline, input_0.04",0.0,53,2Hz,60.0,0.04,0.5,512a8299eaef29ce,semantic_expanded_right,2.3706244329998744e-05,0.0002703852574246819,0.00027133836316891647,0.00027097286742110144,0.0002709745261214934,0.00027097434210448824,0.0002709743410261715,0.00027040968263684884,0.0002703162916032344,0.0002703179073219341,0.00027031772557849974,0.0002703177246003452,1.0,0.00027053515136281516,0.0002703951801245478,0.0007466241179974861,False,-0.00019328647045071536,0.00027031772557849974,2.173854176791284,2.1678128575350453,2.17620170917665,0.008388851641604855,1.0,,,,,0.9995776924813482,31.596231440952387,0.9999988934489661,1.0,31.540083226277147,0.9999999999998678
parameter_input_0.04,input_0.04,"Baseline, input_0.04",0.0,53,2Hz,60.0,0.04,0.5,512a8299eaef29ce,episodic_expanded_right,4.717167763153062e-05,0.0005380239072038696,0.0005394863506642186,0.0005392014843676747,0.0005392039391474563,0.0005392036026517565,0.0005392035999369646,0.0005380779533331776,0.0005379773886134106,0.000537979802632557,0.0005379794662486734,0.0005379794637406615,1.0,0.0005382257614908576,0.0005381212988011342,0.00028003570679923365,False,-7.53496699459788e-05,0.0005379794662486734,2.2313661816268255,2.2280346998532297,2.2309320682768106,0.002897368423580904,1.0,,,,,0.9997938514055741,31.58331485254442,0.9999996195972555,1.0,31.540083226277147,0.9999999999998678
parameter_input_0.04,input_0.04,"Baseline, input_0.04",0.0,53,2Hz,60.0,0.04,0.5,512a8299eaef29ce,shared_auditory_relay,8.424522811144978e-05,0.0009590453727550112,0.0009613143654675328,0.0009611158522884416,0.0009611181395660474,0.0009611176801696663,0.0009611176787419646,0.0009591287451788098,0.0009590236648582209,0.0009590259002498635,0.0009590254392836952,0.0009590254380125123,1.0,0.0009593374645286461,0.0009592648761944767,0.00010916574796133558,False,-2.9383643668445814e-05,0.0009590254392836952,2.268239447968181,2.2659402793865038,2.26674670254351,0.0008064231570061864,1.0,,,,,0.9999167879275888,31.576824239963514,0.9999998855808008,1.0,31.540083226277147,0.9999999999998678
parameter_input_0.04,input_0.04,"Baseline, input_0.04",0.0,53,2Hz,60.0,0.04,0.5,512a8299eaef29ce,anterior_temporal_context,3.6856304968900144e-05,0.0004193239596562446,0.00042060977980388147,0.0004202384155107153,0.0004202407628138555,0.0004202402775211406,0.0004202402739936907,0.0004193603292756801,0.00041925828783657786,0.00041926061381375153,0.0004192601313119756,0.00041926012793020947,1.0,0.0004195134116755497,0.0004193743794194316,0.00047820733688327293,False,-0.00012647688652345224,0.0004192601313119756,2.1852902720233702,2.1799465842367107,2.1869572597565226,0.0070106755198118265,1.0,,,,,0.9997758717557754,31.58527626563284,0.9999993259777953,1.0,31.540083226277147,0.9999999999998678
parameter_input_0.04,input_0.04,"Baseline, input_0.04",0.0,53,2Hz,60.0,0.04,0.5,512a8299eaef29ce,hippocampal_context,5.2462010979088556e-05,0.0005947133809212531,0.000596307964547759,0.0005959814356608456,0.0005959830829038972,0.0005959825880850424,0.0005959825836453322,0.0005947540085594355,0.0005946691519891386,0.0005946707797844071,0.0005946702797500954,0.0005946702754835564,1.0,0.0005949311406825413,0.000594820591084426,0.0002681052746952224,False,-7.860397797063712e-05,0.0005946702797500954,2.2605972236014678,2.2573679333155208,2.260056060761214,0.0026881274456931337,1.0,,,,,0.9997934914123043,31.57638223096855,0.999998814518724,1.0,31.540083226277147,0.9999999999998678
parameter_input_0.04,input_0.04,"Baseline, input_0.04",0.0,53,2Hz,60.0,0.04,0.5,512a8299eaef29ce,angular_parietal_context,4.5325268328126724e-05,0.0005160327828061095,0.0005175150930333775,0.000517150639052938,0.0005171530404420066,0.0005171524613822741,0.0005171524583321446,0.0005160733489931922,0.0005159756805551863,0.0005159780749038761,0.0005159774944267765,0.0005159774915639888,1.0,0.000516242134427378,0.0005161133222595505,0.0003600245932570693,False,-0.00010087420059026187,0.0005159774944267765,2.2291204060759933,2.225327841598625,2.229160394720811,0.003832553122185889,1.0,,,,,0.9997227019867643,31.580858641393046,0.9999991268819265,1.0,31.540083226277147,0.9999999999998678
parameter_input_0.04,input_0.04,"Baseline, input_0.04",0.0,53,5Hz,60.0,0.04,0.5,512a8299eaef29ce,semantic_expanded,4.469271538784372e-05,0.00038035830770077937,0.00038106557128572493,0.00038087414056085854,0.0003808766978571089,0.0003808766102573365,0.00038087661025703576,0.00037917921142029235,0.0003791518765898282,0.0003791571005968695,0.0003791568954056271,0.00037915689540475594,1.0,0.00038046385803495504,0.000380391324786641,0.0002750677404108099,False,-7.10896952631046e-05,0.0003791568954056271,1.292608064008574,1.292497038217114,1.2926008484883287,0.00010381027121475483,1.0,,,,,0.9937016992617392,31.90881678049926,0.9999987018657436,1.0,31.883167313911077,0.999999999997933
parameter_input_0.04,input_0.04,"Baseline, input_0.04",0.0,53,5Hz,60.0,0.04,0.5,512a8299eaef29ce,episodic_expanded,8.700606146894719e-05,0.0007426408307202353,0.0007437350424600713,0.0007436406486133173,0.0007436433070274347,0.0007436433894281733,0.000743643389427958,0.0007409841963935623,0.0007409893682931139,0.0007409942379649117,0.0007409943073936496,0.0007409943073933021,1.0,0.0007427842361859764,0.0007427518568597805,6.289109171573804e-05,False,-1.751405920744631e-05,0.0007409942379649117,1.3910212770161092,1.3910476574864794,1.3908423170587207,0.00020534042775866013,1.0,,,,,0.9951902646445215,31.905309475344247,0.9999994056399801,1.0,31.883167313911077,0.999999999997933
parameter_input_0.04,input_0.04,"Baseline, input_0.04",0.0,53,5Hz,60.0,0.04,0.5,512a8299eaef29ce,semantic_anatomical_core,3.952209157059922e-05,0.0003368483427552037,0.0003375055276571026,0.00033730268140868695,0.0003373051919575366,0.00033730510485512625,0.00033730510485511725,0.0003357375795939814,0.00033571221896571725,0.0003357174686695873,0.00033571724722407777,0.000335717247223344,1.0,0.0003369488426764996,0.00033687164751594785,0.00033056007472880987,False,-8.517954650821835e-05,0.00033571724722407777,1.2788921740501031,1.2787457808470957,1.278925631436751,0.00017985058965530598,1.0,,,,,0.9935761921624848,31.91462326906641,0.9999986011953068,1.0,31.883167313911077,0.999999999997933
parameter_input_0.04,input_0.04,"Baseline, input_0.04",0.0,53,5Hz,60.0,0.04,0.5,512a8299eaef29ce,episodic_anatomical_core,9.09909571533805e-05,0.0007750930776606855,0.0007762255215327029,0.0007761338559642076,0.000776136493338782,0.000776136590546459,0.0007761365905463094,0.0007734315724868585,0.0007734279593407473,0.000773432702891777,0.0007734327922445023,0.0007734327922442461,1.0,0.000775241028359528,0.0007752095961937106,5.8495290385047756e-05,False,-1.6275531539466927e-05,0.000773432702891777,1.394168020440094,1.3941944804863398,1.3939868914242184,0.00020758906212137163,1.0,,,,,0.9953004566951954,31.905515604596275,0.9999994839387117,1.0,31.883167313911077,0.999999999997933
parameter_input_0.04,input_0.04,"Baseline, input_0.04",0.0,53,5Hz,60.0,0.04,0.5,512a8299eaef29ce,semantic_platel_peaks,4.906138280713316e-05,0.0004178188568215835,0.00041857925421357524,0.0004183924575891223,0.00041839501790219406,0.00041839494939211125,0.0004183949493904936,0.0004165210097163262,0.00041649952951386594,0.00041650469587281027,0.00041650453948594815,0.0004165045394842465,1.0,0.00041793045537362466,0.00041785999182685255,0.00024326052079889216,False,-6.310775177471583e-05,0.00041650453948594815,1.3036348444579735,1.303568362186283,1.3035790194994277,1.0657313144646352e-05,1.0,,,,,0.9937265189960387,31.908571342990975,0.9999990822560072,1.0,31.883167313911077,0.999999999997933
parameter_input_0.04,input_0.04,"Baseline, input_0.04",0.0,53,5Hz,60.0,0.04,0.5,512a8299eaef29ce,episodic_platel_peaks,8.20458461685497e-05,0.00070059954863468,0.0007016290198218714,0.0007015434380441831,0.000701546624339576,0.0007015465500592445,0.0007015465500584906,0.0006988179635579429,0.0006988831054252359,0.0006988891026027683,0.0006988889659993166,0.000698888965998393,1.0,0.0007007334411413491,0.0007007059262060896,5.664984383805613e-05,False,-1.6638507685406978e-05,0.000698888965998393,1.3945974112321224,1.394625444159701,1.394422498634701,0.00020294552500010887,1.0,,,,,0.9944188781229311,31.89721379949052,0.9999990312572105,1.0,31.883167313911077,0.999999999997933
parameter_input_0.04,input_0.04,"Baseline, input_0.04",0.0,53,5Hz,60.0,0.04,0.5,512a8299eaef29ce,semantic_expanded_left,4.540237257411136e-05,0.00038623940800195804,0.00038697100953016437,0.0003867610858610355,0.000386763635572029,0.0003867635250298586,0.00038676352502886547,0.0003849840551304317,0.0003849608057909508,0.0003849664307957906,0.0003849661407566651,0.0003849661407551333,1.0,0.00038634983261721825,0.00038626995038462046,0.00029832448966511573,False,-7.691963821852e-05,0.0003849661407566651,1.2640647311931181,1.2638948556618,1.2641281736824854,0.00023331802068549123,1.0,,,,,0.9937265189960387,31.90881678049926,0.9999985005248699,1.0,31.883167313911077,0.999999999997933
parameter_input_0.04,input_0.04,"Baseline, input_0.04",0.0,53,5Hz,60.0,0.04,0.5,512a8299eaef29ce,episodic_expanded_left,8.796665815622966e-05,0.0007483351209171425,0.0007494377986128943,0.0007493446894673382,0.0007493470010342979,0.000749347196255908,0.0007493471962562374,0.000746647251754957,0.0007466506487025749,0.000746655153148584,0.000746655361350543,0.0007466553613506742,1.0,0.0007484795165566326,0.0007484475219599277,6.1670936285583e-05,False,-1.720102525446521e-05,0.000746655153148584,1.3890523280926055,1.3890812577081628,1.3888703235922377,0.0002109341159250988,1.0,,,,,0.9952217122324911,31.90536555557754,0.9999994298470145,1.0,31.883167313911077,0.999999999997933
parameter_input_0.04,input_0.04,"Baseline, input_0.04",0.0,53,5Hz,60.0,0.04,0.5,512a8299eaef29ce,semantic_expanded_right,4.3864782003864826e-05,0.00037456675636854576,0.00037525025400642206,0.00037507680128940116,0.0003750793653492759,0.00037507930001909963,0.00037507930001947075,0.0003734618939597475,0.0003734306021783778,0.00037343543600892187,0.0003734353131708368,0.0003734353131706066,1.0,0.00037466755528339644,0.0003746021657363099,0.0002518109911577266,False,-6.525975230733395e-05,0.0003734353131708368,1.32115139682403,1.3210992207724281,1.3210735232941717,2.5697478256425654e-05,1.0,,,,,0.9935761921624848,31.912642636006684,0.9999988419319927,1.0,31.883167313911077,0.999999999997933
parameter_input_0.04,input_0.04,"Baseline, input_0.04",0.0,53,5Hz,60.0,0.04,0.5,512a8299eaef29ce,episodic_expanded_right,8.63074456963781e-05,0.0007369898699621579,0.0007380756807394463,0.0007379800271396179,0.0007379830269867035,0.0007379829982727607,0.0007379829982720089,0.0007353640933044097,0.0007353710130400562,0.000735376242140439,0.0007353761748882885,0.0007353761748874687,1.0,0.0007371322919625138,0.0007370995356147216,6.411124714733027e-05,False,-1.7827093160160955e-05,0.0007353761748874687,1.392990225939613,1.3930140572647962,1.392814310525204,0.00019974673959222145,1.0,,,,,0.9950234250795026,31.905309475344247,0.9999993950969244,1.0,31.883167313911077,0.999999999997933
parameter_input_0.04,input_0.04,"Baseline, input_0.04",0.0,53,5Hz,60.0,0.04,0.5,512a8299eaef29ce,shared_auditory_relay,0.00015249637129061377,0.0012995884232388409,0.0013013447506783564,0.0013012773437244278,0.0013012806465580206,0.001301280709824457,0.0013012807098236583,0.0012974808288842752,0.0012974562227067849,0.001297461656227107,0.0012974616828007133,0.0012974616827999283,1.0,0.001299811505597975,0.0012997901251804746,2.373088394426712e-05,False,-6.913267703900772e-06,0.0012974616827999283,1.4415537533025853,1.441558438841354,1.4413771919135352,0.00018124692781884555,1.0,,,,,0.996480117412474,31.903288592427916,0.9999998271673489,1.0,31.883167313911077,0.999999999997933
parameter_input_0.04,input_0.04,"Baseline, input_0.04",0.0,53,5Hz,60.0,0.04,0.5,512a8299eaef29ce,anterior_temporal_context,6.799279982499779e-05,0.0005791253263301534,0.0005800539387457869,0.0005799121404980553,0.0005799149128670151,0.000579914801031584,0.000579914801030796,0.0005775534604032764,0.0005775572477011253,0.000577562807992687,0.0005775626188278694,0.0005775626188269496,1.0,0.0005792530351578103,0.0005792013644519967,0.0001286974629489645,False,-3.427918040630473e-05,0.0005775626188269496,1.3378846898505015,1.3378615673184486,1.3377762969550993,8.527036334937677e-05,1.0,,,,,0.9945051501788873,31.904006997271843,0.9999991121341046,1.0,31.883167313911077,0.999999999997933
parameter_input_0.04,input_0.04,"Baseline, input_0.04",0.0,53,5Hz,60.0,0.04,0.5,512a8299eaef29ce,hippocampal_context,9.673675942328915e-05,0.0008214374227849546,0.000822552153135398,0.000822542711654466,0.0008225448868759422,0.0008225450450099553,0.0008225450450095477,0.0008192724932084671,0.0008194242998159077,0.0008194291585336205,0.0008194293351583145,0.000819429335157845,1.0,0.0008215738870725989,0.0008215777934537989,6.859642785057999e-06,False,-1.0420889497986252e-06,0.0008194291585336205,1.4300087851263776,1.4300595380605583,1.4298056987684271,0.00025383929213118606,1.0,,,,,0.9947162293854359,31.892850832145214,0.9999991415588687,1.0,31.883167313911077,0.999999999997933
parameter_input_0.04,input_0.04,"Baseline, input_0.04",0.0,53,5Hz,60.0,0.04,0.5,512a8299eaef29ce,angular_parietal_context,8.381060496103035e-05,0.0007143138385482299,0.0007153540439601112,0.0007152898480202724,0.0007152924864176656,0.0007152924673430931,0.0007152924673430334,0.000712310613275524,0.0007124139545480313,0.000712419574539101,0.0007124195137629054,0.0007124195137628391,1.0,0.0007144468294122657,0.0007144281257136027,3.776920186358001e-05,False,-1.2154889786142321e-05,0.0007124195137628391,1.389809785635635,1.389849460038186,1.3896274767004204,0.00022198333776568546,1.0,,,,,0.9941062205238116,31.89662281129964,0.9999989828688677,1.0,31.883167313911077,0.999999999997933
parameter_input_0.04,input_0.04,"Baseline, input_0.04",0.0,71,2Hz,60.0,0.04,0.5,512a8299eaef29ce,semantic_expanded,2.410838707579355e-05,0.0002741203083854357,0.00027512318033672944,0.00027470918761072393,0.0002747108484322955,0.00027471062556157786,0.000274710623924788,0.00027413705349583817,0.0002740421151219508,0.00027404375406846204,0.0002740435355635926,0.00027404353400810837,1.0,0.0002742809873887833,0.00027412217880708184,0.0008355617684157941,False,-0.00021612172726381829,0.0002740435355635926,2.146440566956521,2.1384614948554415,2.1509448370741353,0.01248334221869385,1.0,,,,,0.999578980631356,31.59264934672994,0.9999988823273879,1.0,31.540083179083055,0.9999999999998748
parameter_input_0.04,input_0.04,"Baseline, input_0.04",0.0,71,2Hz,60.0,0.04,0.5,512a8299eaef29ce,episodic_expanded,4.7528143855544586e-05,0.0005418600114787121,0.0005433286635424812,0.0005430487981007888,0.0005430504695852922,0.0005430501520789974,0.0005430501487251755,0.0005419159221057541,0.000541815168948398,0.0005418168159465307,0.0005418164958753258,0.0005418164927037996,1.0,0.0005420625391865593,0.0005419592710954717,0.0002748733686568097,False,-7.379286295430277e-05,0.0005418164958753258,2.229885690370578,2.2266259613686907,2.2293786171518066,0.002752655783115898,1.0,,,,,0.9998358412078701,31.58333435478675,0.999999624428617,1.0,31.540083179083055,0.9999999999998748
parameter_input_0.04,input_0.04,"Baseline, input_0.04",0.0,71,2Hz,60.0,0.04,0.5,512a8299eaef29ce,semantic_anatomical_core,2.1274516565745765e-05,0.00024221556246468203,0.00024316579312242377,0.0002427271415132598,0.00024272875902187294,0.00024272860822807332,0.0002427286071395664,0.0002422243718655296,0.00024213205472549068,0.00024213365166129609,0.00024213350597511405,0.00024213350496057954,1.0,0.00024237226535202006,0.00024220385697144793,0.001002781334385411,False,-0.000259178641359803,0.00024213350597511405,2.133746290174514,2.1246660044814787,2.139445358856589,0.014779354375110465,1.0,,,,,0.9995640300502571,31.596927398835938,0.99999880588679,1.0,31.540083179083055,0.9999999999998748
parameter_input_0.04,input_0.04,"Baseline, input_0.04",0.0,71,2Hz,60.0,0.04,0.5,512a8299eaef29ce,episodic_anatomical_core,4.977114585001404e-05,0.0005663060918127414,0.0005678130437851304,0.0005675499190595923,0.0005675514750476986,0.0005675511557682518,0.0005675511523011708,0.0005663656585766392,0.000566264641135587,0.0005662661691150272,0.0005662658469263447,0.0005662658436470808,1.0,0.0005665118987434635,0.0005664144847623558,0.0002480984993372251,False,-6.639935443493172e-05,0.0005662658469263447,2.2322747769508737,2.2292007831537317,2.231578337327033,0.0023775541733010996,1.0,,,,,0.9998388611430209,31.583104992453094,0.9999996544937508,1.0,31.540083179083055,0.9999999999998748
parameter_input_0.04,input_0.04,"Baseline, input_0.04",0.0,71,2Hz,60.0,0.04,0.5,512a8299eaef29ce,semantic_platel_peaks,2.645264253205049e-05,0.0003008679363683225,0.0003019337876998124,0.0003015257655334108,0.00030152753762893996,0.0003015272290188213,0.00030152722657297653,0.0003008897642908193,0.0003007914101394295,0.00030079315469076724,0.0003007928490482185,0.0003007928467140861,1.0,0.0003010353633368902,0.00030087946667256717,0.0007473195154057634,False,-0.00019404316121951481,0.0003007928490482185,2.1588910628183724,2.1523644266185524,2.161752256391212,0.009387829772659728,1.0,,,,,0.999578980631356,31.601205450941933,0.9999988823273879,1.0,31.540083179083055,0.9999999999998748
parameter_input_0.04,input_0.04,"Baseline, input_0.04",0.0,71,2Hz,60.0,0.04,0.5,512a8299eaef29ce,episodic_platel_peaks,4.459559502479409e-05,0.0005086419965881097,0.0005100858341442724,0.0005097377952877128,0.0005097405256174313,0.0005097402199269596,0.0005097402172517478,0.0005086847835569239,0.0005085856095540925,0.0005085883247267815,0.0005085880196747327,0.0005085880172057728,1.0,0.0005088459496406238,0.0005087212444442739,0.000353611182226709,False,-9.744214529634477e-05,0.0005085880196747327,2.2328250688729647,2.228950370861175,2.232943123369008,0.003992752507833153,1.0,,,,,0.9997175506804763,31.58204306638006,0.9999992402996596,1.0,31.540083179083055,0.9999999999998748
parameter_input_0.04,input_0.04,"Baseline, input_0.04",0.0,71,2Hz,60.0,0.04,0.5,512a8299eaef29ce,semantic_expanded_left,2.445310715473429e-05,0.0002779073141345332,0.0002789629675162667,0.0002784969826571879,0.00027849871392200784,0.00027849842612306523,0.0002784984239148226,0.00027791652610276776,0.00027781925441851,0.0002778209798153073,0.0002778206986718418,0.00027782069652548905,1.0,0.000278079426714657,0.0002779005486675903,0.0009283301261132643,False,-0.00024007143951658706,0.0002778206986718418,2.1190115235283,2.1090798384534155,2.1256879649507625,0.016608126497346998,1.0,,,,,0.999578980631356,31.59264934672994,0.9999987294461922,1.0,31.540083179083055,0.9999999999998748
parameter_input_0.04,input_0.04,"Baseline, input_0.04",0.0,71,2Hz,60.0,0.04,0.5,512a8299eaef29ce,episodic_expanded_left,4.801831015310039e-05,0.0005457236791825652,0.000547199879163339,0.0005469234851371038,0.000546924488312544,0.0005469241418696229,0.0005469241378671983,0.0005457820918426888,0.0005456802600643958,0.0005456812437434381,0.0005456808923395214,0.0005456808884945921,1.0,0.0005459271095737578,0.0005458246165088635,0.00027087886989400704,False,-7.263102731904781e-05,0.0005456808923395214,2.2284024986235798,2.225211919750811,2.227825165275453,0.0026132455246421493,1.0,,,,,0.9998371042061143,31.583123881764905,0.9999996284347161,1.0,31.540083179083055,0.9999999999998748
parameter_input_0.04,input_0.04,"Baseline, input_0.04",0.0,71,2Hz,60.0,0.04,0.5,512a8299eaef29ce,semantic_expanded_right,2.3706213650362694e-05,0.00027038490765648137,0.0002713362459272763,0.00027097290978781113,0.0002709745017620638,0.00027097434210664417,0.0002709743410261715,0.00027040897910328193,0.0002703163285701657,0.0002703178830981782,0.0002703177255806313,0.0002703177246003452,1.0,0.0002705344330278738,0.00027039518012547626,0.0007427934107181026,False,-0.0001921720150108719,0.0002703177255806313,2.1738696103847417,2.167843151257468,2.1762017091975077,0.008358557940039812,1.0,,,,,0.9995796640626062,31.596410643041118,0.999998900754584,1.0,31.540083179083055,0.9999999999998748
parameter_input_0.04,input_0.04,"Baseline, input_0.04",0.0,71,2Hz,60.0,0.04,0.5,512a8299eaef29ce,episodic_expanded_right,4.7171659275504e-05,0.000538023698146119,0.0005394848351907984,0.0005392015613386663,0.0005392038916134282,0.0005392036026512101,0.0005392035999370034,0.0005380771392484155,0.0005379774545407553,0.0005379797554127811,0.0005379794662481268,0.0005379794637406581,1.0,0.0005382253257560235,0.0005381212987515845,0.00027886786741906623,False,-7.495469858946891e-05,0.0005379794662481268,2.2313688821175757,2.2280400029865706,2.2309320690281598,0.002892066041589203,1.0,,,,,0.9997944813999827,31.58333435478675,0.999999624428617,1.0,31.540083179083055,0.9999999999998748
parameter_input_0.04,input_0.04,"Baseline, input_0.04",0.0,71,2Hz,60.0,0.04,0.5,512a8299eaef29ce,shared_auditory_relay,8.424521081368528e-05,0.0009590451764706501,0.0009613129181750637,0.000961115940651971,0.0009611180573768668,0.0009611176801694153,0.0009611176787420569,0.0009591277240021834,0.0009590237404891609,0.0009590258182532463,0.0009590254392834481,0.0009590254380126035,1.0,0.0009593370560645303,0.0009592648761792302,0.00010855150396059091,False,-2.9173072674293368e-05,0.0009590254392834481,2.2682401321310675,2.2659416098128764,2.2667467032575486,0.0008050934446721669,1.0,,,,,0.9999169579881979,31.57687000140087,0.9999998870626736,1.0,31.540083179083055,0.9999999999998748
parameter_input_0.04,input_0.04,"Baseline, input_0.04",0.0,71,2Hz,60.0,0.04,0.5,512a8299eaef29ce,anterior_temporal_context,3.685628021730842e-05,0.0004193236778014142,0.00042060797099180246,0.0004202384786780179,0.0004202406994862647,0.00042024027752114284,0.0004202402739937982,0.00041935970295032274,0.0004192583407021761,0.0004192605508348994,0.0004192601313119603,0.0004192601279303182,1.0,0.00041951283556588626,0.00041937437936590563,0.00047622629443078716,False,-0.00012586730389667624,0.0004192601313119603,2.1853022507738,2.179969991117823,2.1869572612337063,0.006987270115883071,1.0,,,,,0.9997764969925073,31.585301021967098,0.9999993357574324,1.0,31.540083179083055,0.9999999999998748
parameter_input_0.04,input_0.04,"Baseline, input_0.04",0.0,71,2Hz,60.0,0.04,0.5,512a8299eaef29ce,hippocampal_context,5.246199226158937e-05,0.0005947131690362173,0.0005963063119621843,0.0005959815289516239,0.00059598299971186,0.0005959825880848655,0.0005959825836453322,0.0005947534467598439,0.0005946692331852649,0.0005946706964832729,0.0005946702797499413,0.0005946702754835575,1.0,0.0005949306890560871,0.000594820591066771,0.0002670101327987827,False,-7.821544580419726e-05,0.0005946702797499413,2.26060180071934,2.257376965128739,2.2600560606105624,0.0026790954818234347,1.0,,,,,0.9997942166735785,31.576374197798188,0.9999988264211885,1.0,31.540083179083055,0.9999999999998748
parameter_input_0.04,input_0.04,"Baseline, input_0.04",0.0,71,2Hz,60.0,0.04,0.5,512a8299eaef29ce,angular_parietal_context,4.532524340806948e-05,0.000516032499067748,0.0005175130468267917,0.0005171507745684562,0.0005171529540895178,0.0005171524613821666,0.0005171524583310082,0.0005160724450028282,0.0005159758027848631,0.0005159779890744004,0.0005159774944266646,0.0005159774915628669,1.0,0.0005162415433011629,0.0005161133222106575,0.0003583727621977069,False,-0.00010032267396047345,0.0005159774944266646,2.2291263809361235,2.225339636385587,2.2291603956125496,0.003820759226962789,1.0,,,,,0.9997236803271037,31.580905210417296,0.9999991382877405,1.0,31.540083179083055,0.9999999999998748
parameter_input_0.04,input_0.04,"Baseline, input_0.04",0.0,71,5Hz,60.0,0.04,0.5,512a8299eaef29ce,semantic_expanded,4.4692694821812294e-05,0.00038035813084385324,0.0003810645733694071,0.00038087418702308697,0.00038087672504210913,0.0003808766102584677,0.0003808766102566055,0.00037917858758533047,0.0003791520520567044,0.00037915713379873124,0.000379156895406437,0.00037915689540410667,1.0,0.0003804635039779309,0.0003803913244410812,0.00027372648839072225,False,-7.07206882329281e-05,0.000379156895406437,1.2926092399088196,1.2924993819112292,1.292600848078289,0.00010146616705974942,1.0,,,,,0.9937023224540525,31.908758649306424,0.9999987014378551,1.0,31.88316719220599,0.9999999999978673
parameter_input_0.04,input_0.04,"Baseline, input_0.04",0.0,71,5Hz,60.0,0.04,0.5,512a8299eaef29ce,episodic_expanded,8.700604555930493e-05,0.0007426406985755333,0.0007437340214725091,0.000743640864880629,0.0007436433738956652,0.0007436433894279962,0.0007436433894281957,0.0007409834189856358,0.0007409897257948447,0.0007409943086748163,0.0007409943073931949,0.0007409943073934483,1.0,0.0007427839696169229,0.0007427518566976325,6.237365480556737e-05,False,-1.733698657044869e-05,0.0007409943073931949,1.391021503284659,1.391048101534234,1.390842316757348,0.0002057847768859311,1.0,,,,,0.9951905064161427,31.9053056808442,0.9999994078875665,1.0,31.88316719220599,0.9999999999978673
parameter_input_0.04,input_0.04,"Baseline, input_0.04",0.0,71,5Hz,60.0,0.04,0.5,512a8299eaef29ce,semantic_anatomical_core,3.952206872594577e-05,0.00033684814825386117,0.00033750450009150664,0.0003373026864523023,0.00033730520888267443,0.0003373051048568327,0.0003373051048544264,0.0003357369537135823,0.00033571234767474197,0.00033571749157869455,0.0003357172472253653,0.00033571724722234744,1.0,0.0003369484534092662,0.0003368716471793499,0.000328894811516218,False,-8.474138304936929e-05,0.0003357172472253653,1.2788934291696608,1.2787482820490037,1.2789256307587362,0.0001773487097325166,1.0,,,,,0.9935766561960349,31.91457715070608,0.9999986025338785,1.0,31.88316719220599,0.9999999999978673
parameter_input_0.04,input_0.04,"Baseline, input_0.04",0.0,71,5Hz,60.0,0.04,0.5,512a8299eaef29ce,episodic_anatomical_core,9.09909439486388e-05,0.0007750929655746486,0.0007762245912217838,0.0007761340785977831,0.000776136563365934,0.0007761365905465086,0.0007761365905467134,0.0007734308760458924,0.0007734283173680647,0.0007734327770273116,0.0007734327922442358,0.0007734327922445215,1.0,0.0007752408018287618,0.0007752095960408396,5.8074009397900427e-05,False,-1.6123315306071364e-05,0.0007734327770273116,1.3941682494320728,1.394194930083931,1.3939868911846005,0.00020803889933040942,1.0,,,,,0.9953006417701666,31.905478373651782,0.9999994856607637,1.0,31.88316719220599,0.9999999999978673
parameter_input_0.04,input_0.04,"Baseline, input_0.04",0.0,71,5Hz,60.0,0.04,0.5,512a8299eaef29ce,semantic_platel_peaks,4.906136687463685e-05,0.000417818707160396,0.0004185783022671157,0.0004183925647256529,0.00041839506322469583,0.0004183949493921105,0.00041839494939032416,0.0004165204155952537,0.0004164997778113658,0.00041650474846802773,0.0004165045394859689,0.0004165045394840419,1.0,0.00041793015526864197,0.0004178599915619362,0.00024222547331165738,False,-6.279812042659927e-05,0.0004165045394859689,1.3036358545038298,1.3035703728686037,1.3035790192999643,8.646431360670448e-06,1.0,,,,,0.9937267961728482,31.90853512640178,0.9999990836888268,1.0,31.88316719220599,0.9999999999978673
parameter_input_0.04,input_0.04,"Baseline, input_0.04",0.0,71,5Hz,60.0,0.04,0.5,512a8299eaef29ce,episodic_platel_peaks,8.204581782146013e-05,0.0007005993070033341,0.0007016275161994521,0.0007015436190400076,0.000701546654906717,0.0007015465500584151,0.0007015465500585235,0.0006988167393211865,0.0006988834454965232,0.0006988891341437528,0.000698888965998306,0.0006988889659985165,1.0,0.0007007329554587601,0.0007007059260448749,5.5650234754950706e-05,False,-1.6347941941319277e-05,0.000698888965998306,1.3945976380853828,1.3946258888675502,1.3944224979913398,0.00020339087621046303,1.0,,,,,0.9944191278396346,31.897188184495196,0.9999990350841865,1.0,31.88316719220599,0.9999999999978673
parameter_input_0.04,input_0.04,"Baseline, input_0.04",0.0,71,5Hz,60.0,0.04,0.5,512a8299eaef29ce,semantic_expanded_left,4.540235407827442e-05,0.0003862392509382867,0.0003869700940205748,0.0003867611482657483,0.00038676366243013503,0.0003867635250308802,0.00038676352502752545,0.00038498361821993557,0.0003849610210887039,0.000384966465326268,0.0003849661407573127,0.0003849661407532763,1.0,0.0003863495181958799,0.00038626995010422735,0.00029715143445334613,False,-7.658995936283831e-05,0.0003849661407573127,1.2640659404676122,1.2638972631339964,1.2641281731637022,0.00023091002970576646,1.0,,,,,0.9937267961728482,31.908758649306424,0.999998503629902,1.0,31.88316719220599,0.9999999999978673
parameter_input_0.04,input_0.04,"Baseline, input_0.04",0.0,71,5Hz,60.0,0.04,0.5,512a8299eaef29ce,episodic_expanded_left,8.796664495978402e-05,0.0007483350091989876,0.0007494368224872602,0.0007493449353618738,0.000749347093977921,0.0007493471962548864,0.0007493471962555626,0.0007466465199948185,0.000746651050219539,0.0007466552522065355,0.0007466553613494354,0.0007466553613500581,1.0,0.0007484792906705995,0.0007484475218027782,6.123584357680812e-05,False,-1.7036788356517008e-05,0.0007466552522065355,1.3890524878273598,1.3890815680305577,1.3888703233753823,0.00021124465517541324,1.0,,,,,0.9952219400059699,31.905310168141785,0.9999994318509231,1.0,31.88316719220599,0.9999999999978673
parameter_input_0.04,input_0.04,"Baseline, input_0.04",0.0,71,5Hz,60.0,0.04,0.5,512a8299eaef29ce,semantic_expanded_right,4.386475902260648e-05,0.0003745665603575481,0.00037524917641177573,0.0003750768322800133,0.00037507939284499726,0.0003750793000203369,0.0003750793000199228,0.00037346108893669504,0.00037343073896742654,0.0003734354679144037,0.0003734353131718043,0.000373435313171129,1.0,0.00037466716287135407,0.0003746021653276319,0.0002503015423269446,False,-6.485141710319554e-05,0.0003734353131718043,1.3211525393500267,1.3211015006884619,1.3210735229928756,2.7977695586267615e-05,1.0,,,,,0.9935766561960349,31.912599735740052,0.9999988412947962,1.0,31.88316719220599,0.9999999999978673
parameter_input_0.04,input_0.04,"Baseline, input_0.04",0.0,71,5Hz,60.0,0.04,0.5,512a8299eaef29ce,episodic_expanded_right,8.630742781350196e-05,0.0007369897177082413,0.0007380746156292228,0.0007379802142165065,0.0007379830681711058,0.0007379829982734155,0.0007379829982731448,0.0007353632709832393,0.0007353713271709402,0.0007353762849264565,0.0007353761748884759,0.0007353761748883648,1.0,0.0007371319853426444,0.0007370995354476601,6.351146603292797e-05,False,-1.7637184784913273e-05,0.0007353761748883648,1.392990518741958,1.3930146350379102,1.392814310139314,0.00020032489859622693,1.0,,,,,0.995023793277946,31.9053056808442,0.9999993974502315,1.0,31.88316719220599,0.9999999999978673
parameter_input_0.04,input_0.04,"Baseline, input_0.04",0.0,71,5Hz,60.0,0.04,0.5,512a8299eaef29ce,shared_auditory_relay,0.00015249635545639285,0.001299588288580764,0.0013013436561136872,0.0013012776146367232,0.0013012807208370154,0.0013012807098266715,0.0013012807098262092,0.0012974797861931317,0.0012974566082246128,0.0012974617353798642,0.0012974616828028277,0.0012974616828024083,1.0,0.0012998112348610587,0.0012997901249892788,2.3430598092240733e-05,False,-6.806939465509032e-06,0.0012974616828028277,1.4415537241889254,1.4415583773661869,1.441377191935116,0.00018118543107092933,1.0,,,,,0.9964801568934876,31.90326117260082,0.9999998278223641,1.0,31.88316719220599,0.9999999999978673
parameter_input_0.04,input_0.04,"Baseline, input_0.04",0.0,71,5Hz,60.0,0.04,0.5,512a8299eaef29ce,anterior_temporal_context,6.799278664804173e-05,0.0005791252120594194,0.0005800530377433931,0.0005799123457039639,0.0005799149614809015,0.0005799148010329582,0.0005799148010325101,0.0005775529066252796,0.0005775576173893209,0.0005775628610978545,0.0005775626188292103,0.000577562618828799,1.0,0.0005792528052089881,0.0005792013642437332,0.00012812526809878122,False,-3.4080610042153124e-05,0.000577562618828799,1.3378852253240012,1.337862630346421,1.3377762970292728,8.633331714813508e-05,1.0,,,,,0.9945054604466403,31.903992002320003,0.9999991147725231,1.0,31.88316719220599,0.9999999999978673
parameter_input_0.04,input_0.04,"Baseline, input_0.04",0.0,71,5Hz,60.0,0.04,0.5,512a8299eaef29ce,hippocampal_context,9.673676734665443e-05,0.0008214374819748458,0.0008225519696867404,0.0008225429652857772,0.0008225449902056407,0.0008225450450097493,0.0008225450450093198,0.0008192727414133864,0.0008194247236665138,0.0008194292672850737,0.0008194293351579622,0.0008194293351574571,1.0,0.000821573999137084,0.0008215777934477685,6.662845432720581e-06,False,-1.0321562507797922e-06,0.0008194292672850737,1.430008938953684,1.4300598234141177,1.4298056984129728,0.00025412500114496694,1.0,,,,,0.9947165285277195,31.892856360149196,0.9999991454929058,1.0,31.88316719220599,0.9999999999978673
parameter_input_0.04,input_0.04,"Baseline, input_0.04",0.0,71,5Hz,60.0,0.04,0.5,512a8299eaef29ce,angular_parietal_context,8.381058902173849e-05,0.00071431370305205,0.0007153529257820451,0.0007152901300127002,0.000715292546732962,0.0007152924673437538,0.0007152924673434641,0.0007123098981729776,0.0007124144262868357,0.0007124196392500617,0.000712419513763468,0.0007124195137630782,1.0,0.0007144465556264323,0.0007144281256338107,3.72165023415232e-05,False,-1.1957818200958314e-05,0.0007124195137630782,1.389810124445766,1.3898501265486414,1.3896274764079597,0.00022265014068167943,1.0,,,,,0.9941065805781499,31.89658298253898,0.9999989858188052,1.0,31.88316719220599,0.9999999999978673
parameter_input_0.04,input_0.04,"High AD-like perturbation, input_0.04",1.0,11,2Hz,60.0,0.04,0.5,ac884c60d8359016,semantic_expanded,0.020900491397951346,0.26876003660733555,0.11943206835680292,0.185127138386514,0.24187942919611385,0.3181292025767766,0.4001082846844198,0.005447585500611109,0.007150330996968447,0.017258565252274476,0.01967463107743913,0.021480669103122175,1.0,0.17102697276795018,0.3393897949559173,0.9887193140554981,False,0.21347484439651768,0.017258565252274476,0.015320027934587949,0.021723803810133464,0.013162395842931073,0.008561407967202391,1.0,,,,,0.00022933914577105696,-3.120132939597754,0.1230881819046989,0.15384615384615385,31.52077701090505,0.9999809804096838
parameter_input_0.04,input_0.04,"High AD-like perturbation, input_0.04",1.0,11,2Hz,60.0,0.04,0.5,ac884c60d8359016,episodic_expanded,0.005565195052178778,0.06900930880127953,0.022018413814407896,0.039020129594732125,0.06375291146289652,0.0922406778350178,0.08786658454813423,0.0014150534531614553,0.0018775760471947552,0.002629183811500605,0.0038962595174427106,0.003440971415332217,1.0,0.03773389750867618,0.08964296500372129,1.2483292449478178,True,0.2617196346563263,0.002629183811500605,0.031953557037024585,0.052630839934886695,0.02514279728195316,0.027488042652933534,1.0,,,,,0.0009142071024434983,8.38508193032029,0.24019441062964972,0.6842105263157895,31.52077701090505,0.9999809804096838
parameter_input_0.04,input_0.04,"High AD-like perturbation, input_0.04",1.0,11,2Hz,60.0,0.04,0.5,ac884c60d8359016,semantic_anatomical_core,0.01746907667685849,0.19892315532637994,0.09165963281695391,0.13580262414626484,0.15889541812232708,0.2382305755910547,0.2985362478786573,0.0037500076032121023,0.0031196513892854877,0.008645673826327064,0.011228028118581458,0.012970694185957757,1.0,0.12380335321709066,0.25160627417092946,1.0231175078648262,True,0.21089713156299963,0.008645673826327064,0.009730042379068493,0.01090349794510495,0.009628364594429796,0.001275133350675155,1.0,,,,,0.00019822745685144083,-3.1973461649264765,0.11827404893760923,0.0,31.52077701090505,0.9999809804096838
parameter_input_0.04,input_0.04,"High AD-like perturbation, input_0.04",1.0,11,2Hz,60.0,0.04,0.5,ac884c60d8359016,episodic_anatomical_core,0.005951465958806777,0.06761757785012168,0.01982926009507728,0.03700283861512765,0.06275697916696862,0.0950903712455174,0.08250687647577526,0.0013926425194575936,0.0017836048933777228,0.0025991129301904813,0.0037520536952568113,0.003123976371277776,1.0,0.03538536733916276,0.08840709393159124,1.3210092423573487,True,0.27377151753734746,0.0025991129301904813,0.027614999953479772,0.048203958066987455,0.021269477197093236,0.02693448086989422,1.0,,,,,0.0009189035479441054,9.357702801807903,0.2478149220438131,0.75,31.52077701090505,0.9999809804096838
parameter_input_0.04,input_0.04,"High AD-like perturbation, input_0.04",1.0,11,2Hz,60.0,0.04,0.5,ac884c60d8359016,semantic_platel_peaks,0.023524736913203136,0.27807823139033466,0.12284023969997522,0.1943956719811095,0.25707745180806624,0.32023436255405535,0.41979474453386684,0.004700372771432684,0.00651992962659244,0.011220918995480174,0.013267753742126418,0.018372434642516675,1.0,0.17881828467724184,0.3507503702929363,0.9719503631954829,False,0.2132966885116527,0.011220918995480174,0.018473381190315632,0.028020503883579594,0.015655814116823888,0.012364689766755706,1.0,,,,,0.00022933914577105696,-3.120132939597754,0.18269622197674165,0.4,31.52077701090505,0.9999809804096838
parameter_input_0.04,input_0.04,"High AD-like perturbation, input_0.04",1.0,11,2Hz,60.0,0.04,0.5,ac884c60d8359016,episodic_platel_peaks,0.0031517684812137755,0.041714343739807834,0.01819544669050506,0.027153569417794274,0.03416140699789179,0.040066544678716544,0.07128444299946254,0.0009562694520591192,0.0013089106062031885,0.0011723404395622972,0.002217062686335796,0.002030678495754329,1.0,0.02615885411319168,0.05285192362739415,1.0146566366149996,True,0.22506379107808244,0.0013089106062031885,0.06717690096587321,0.09464047056509452,0.056689611695228875,0.03795085886986564,1.0,,,,,0.0005995040387957173,2.8770036054441874,0.2481532463112583,0.5,31.52077701090505,0.9999809804096838
parameter_input_0.04,input_0.04,"High AD-like perturbation, input_0.04",1.0,11,2Hz,60.0,0.04,0.5,ac884c60d8359016,semantic_expanded_left,0.01598685381072254,0.20491656549326265,0.09072856007324172,0.13785149571267571,0.17503211386270007,0.2398216773427405,0.31177876108119323,0.004206910509917866,0.007964939330193798,0.0165468656646761,0.014178168814708696,0.013183593498497796,1.0,0.12696827003221614,0.2600425858505997,1.0342798996603633,True,0.21803175590540935,0.013183593498497796,0.028980639161427842,0.044909339380636855,0.022398554103964567,0.022510785276672288,1.0,,,,,0.00022933914577105696,-0.8517276891971788,0.11345991597051956,0.14285714285714285,31.52077701090505,0.9999809804096838
parameter_input_0.04,input_0.04,"High AD-like perturbation, input_0.04",1.0,11,2Hz,60.0,0.04,0.5,ac884c60d8359016,episodic_expanded_left,0.008861620418748894,0.11358662826434647,0.036868627307610556,0.06702384787513703,0.11627193416003839,0.1580440191442341,0.12728973911261812,0.00221911133449943,0.003243610991860191,0.005561534010671238,0.007086826131504958,0.007465040264572254,1.0,0.06578338672909258,0.1461677369568137,1.1518297163615023,True,0.24064405296827487,0.005561534010671238,0.003145578968975285,0.008500006652729057,0.001350812558715905,0.0071491940940131525,1.0,,,,,0.0006647913366160108,9.288697029149619,0.2261190845582621,0.75,31.52077701090505,0.9999809804096838
parameter_input_0.04,input_0.04,"High AD-like perturbation, input_0.04",1.0,11,2Hz,60.0,0.04,0.5,ac884c60d8359016,semantic_expanded_right,0.02663306858305162,0.35249447551155255,0.15721641499070682,0.2486157817149323,0.3342567085382473,0.4220060115228752,0.5134622990929746,0.007054152380115116,0.006419036134072317,0.0180008758518465,0.02730191134639037,0.03499949730476778,1.0,0.23037429277997884,0.4429483445699784,0.9431587284506326,False,0.20891793288762597,0.0180008758518465,0.001659416707748055,-0.0014617317603699265,0.003926237581897577,0.005387969342267504,1.0,,,,,0.00025890185069671334,-3.38022124515697,0.12495693666363428,0.16666666666666666,31.52077701090505,0.9999809804096838
parameter_input_0.04,input_0.04,"High AD-like perturbation, input_0.04",1.0,11,2Hz,60.0,0.04,0.5,ac884c60d8359016,episodic_expanded_right,0.0031677947855823286,0.04192645537595541,0.01314967717288547,0.022716847239600192,0.034956275126563026,0.05383527129678134,0.060653252445774644,0.0009023324986782773,0.0010868417396063099,0.001242931806475197,0.002142120879722938,0.0015860978456238572,1.0,0.02164447730638934,0.05497698289625061,1.344828773534135,True,0.2827952163443779,0.001242931806475197,0.06076153510507389,0.09676167321704433,0.048934782005190414,0.04782689121185392,1.0,,,,,0.0010021067174700304,7.99337463322389,0.30427806391616163,0.6363636363636364,31.52077701090505,0.9999809804096838
parameter_input_0.04,input_0.04,"High AD-like perturbation, input_0.04",1.0,11,2Hz,60.0,0.04,0.5,ac884c60d8359016,shared_auditory_relay,0.01377009741306707,0.07675937691818466,0.03478753847333368,0.05579358206482246,0.06538755614507079,0.08496384512233618,0.11978177535652139,0.003111129821734293,0.0034982355774033536,0.0033458331137168084,0.005989054864099072,0.006325331456529275,1.0,0.04930715795981031,0.09675568364156355,0.9725493118174542,False,0.20871408563020097,0.0034982355774033536,0.06208448720317746,0.09944061560681111,0.04955498183658221,0.0498856337702289,1.0,,,,,0.0031457713279917088,12.424237075571824,0.45287735899364967,0.7857142857142857,31.52077701090505,0.9999809804096838
parameter_input_0.04,input_0.04,"High AD-like perturbation, input_0.04",1.0,11,2Hz,60.0,0.04,0.5,ac884c60d8359016,anterior_temporal_context,0.02269751425723327,0.27555224578647136,0.1050217450518433,0.1728548435122619,0.2825479430455847,0.32266507532089905,0.39188219235344013,0.0044412348197799545,0.006309341083752531,0.00919185964327848,0.010295872739918655,0.014730598731557413,1.0,0.17274273765086093,0.34859904140331105,1.0129435433200216,True,0.23499701445683902,0.00919185964327848,0.04726236502921646,0.07926935038062641,0.03644349205363156,0.04282585832699485,1.0,,,,,0.0003248794943405686,0.2930471396880572,0.21653445199297222,0.3888888888888889,31.52077701090505,0.9999809804096838
parameter_input_0.04,input_0.04,"High AD-like perturbation, input_0.04",1.0,11,2Hz,60.0,0.04,0.5,ac884c60d8359016,hippocampal_context,0.0029371275976292455,0.031854506827206,0.014634231715457111,0.025062511840469304,0.02915807669957493,0.02438925667560634,0.05371614211658381,0.0006389090217277744,0.0010880677720905606,0.0007489613698365101,0.0011154113283064595,0.0008119564889337994,1.0,0.022365491236325568,0.03899949649535165,0.8021810520318047,False,0.18563660748380673,0.0008119564889337994,0.006422304872421432,0.013048617536863039,0.0045103138397933635,0.008538303697069675,1.0,,,,,0.000930289525803929,6.741883965756234,0.2709259275002607,0.5,31.52077701090505,0.9999809804096838
parameter_input_0.04,input_0.04,"High AD-like perturbation, input_0.04",1.0,11,2Hz,60.0,0.04,0.5,ac884c60d8359016,angular_parietal_context,0.016510348463870634,0.08605959341633145,0.0344478773806453,0.05276450545620351,0.06831511798925193,0.09672102714439902,0.13782240535129597,0.00145285715101321,0.0022595437779346014,0.002378240170953918,0.0030749321835825834,0.0033920230673479207,1.0,0.04731264940493054,0.11120687040341552,1.2329480650792568,True,0.24374543505321666,0.002378240170953918,0.007757186412876534,0.014438671352564101,0.00435511434282762,0.010083557009736482,1.0,,,,,0.0007487355919909011,4.628788493143363,0.25940972286804964,0.6666666666666666,31.52077701090505,0.9999809804096838
parameter_input_0.04,input_0.04,"High AD-like perturbation, input_0.04",1.0,11,5Hz,60.0,0.04,0.5,ac884c60d8359016,semantic_expanded,0.02099975526661458,0.19630262295117126,0.08284768539248878,0.12901252766510132,0.17154201883436762,0.22923513209540886,0.29024602982295056,0.007351732320664884,0.012352559019657159,0.01636672443009445,0.021200810945350018,0.021844512940655827,1.0,0.12126025567662467,0.2487778257911407,1.036751130601624,True,0.22234015367256707,0.01636672443009445,0.0008677183066471551,-0.005779029059218807,0.0036723818026321315,0.009451410861850938,1.0,,,,,0.0007867996883494932,-2.623524845389333,0.10597992990330736,0.0,31.822349522483414,0.9999185490920468
parameter_input_0.04,input_0.04,"High AD-like perturbation, input_0.04",1.0,11,5Hz,60.0,0.04,0.5,ac884c60d8359016,episodic_expanded,0.005813465280203251,0.05227392207907183,0.01665011990831992,0.02960745329945724,0.04466791107639494,0.06944086464246976,0.07105690122320242,0.0012033823991251865,0.0017920840138461274,0.0020831322597167127,0.003418900914289661,0.00328077567605563,1.0,0.027557376532153476,0.06821310416918676,1.3076103670072088,True,0.2708354462248943,0.0020831322597167127,0.03304842071371254,0.05591419244671471,0.02541935382447813,0.030494838622236578,1.0,,,,,0.001973429599449239,6.600905007636149,0.21985213037498416,0.5263157894736842,31.822349522483414,0.9999185490920468
parameter_input_0.04,input_0.04,"High AD-like perturbation, input_0.04",1.0,11,5Hz,60.0,0.04,0.5,ac884c60d8359016,semantic_anatomical_core,0.01732625939513154,0.14657081754989007,0.06137827262344563,0.0935799922036901,0.11017656788289817,0.17331724962588815,0.2199596093137728,0.004448446218625877,0.0072440640263778154,0.011435417654922585,0.010435373409862562,0.01618279468794035,1.0,0.08619487719271741,0.18671852588295665,1.1151910428285543,True,0.22860102967690238,0.010435373409862562,-0.0028745534163546436,-0.0007256081547787913,-0.004616132489994488,0.0038905243352156966,1.0,,,,,0.0007475938679009642,-2.2605021167424155,0.09839740259450212,0.0,31.822349522483414,0.9999185490920468
parameter_input_0.04,input_0.04,"High AD-like perturbation, input_0.04",1.0,11,5Hz,60.0,0.04,0.5,ac884c60d8359016,episodic_anatomical_core,0.006255439814064142,0.051989714698048486,0.015878451147559088,0.028468189506539752,0.0444230752814357,0.07180394891764717,0.06894425726588496,0.001220298475472816,0.0017232977283365193,0.002152717631070171,0.003382024338187416,0.0030264733789479746,1.0,0.026389207529687635,0.06824241054269864,1.370720581161271,True,0.27857164161429904,0.002152717631070171,0.03582711195060373,0.05781270911272973,0.029307471038685702,0.02850523807404403,1.0,,,,,0.0019960396546018777,7.061193476840142,0.22607721932987457,0.5625,31.822349522483414,0.9999185490920468
parameter_input_0.04,input_0.04,"High AD-like perturbation, input_0.04",1.0,11,5Hz,60.0,0.04,0.5,ac884c60d8359016,semantic_platel_peaks,0.024167864387041965,0.20611987864861966,0.08969553733953413,0.13923155792788725,0.18930765227248234,0.2352305152402748,0.3058610121347492,0.006443994844748335,0.012547563178472719,0.014324134899600717,0.021878258729492298,0.017024576196646296,1.0,0.13128507278245494,0.2600755765177148,0.9862280333658529,False,0.21480625960141506,0.014324134899600717,0.006992188683925149,-0.015727208448853953,0.01847231417091185,0.034199522619765804,1.0,,,,,0.00031418038185271335,-4.4369366358806515,0.10874594142446084,0.0,31.822349522483414,0.9999185490920468
parameter_input_0.04,input_0.04,"High AD-like perturbation, input_0.04",1.0,11,5Hz,60.0,0.04,0.5,ac884c60d8359016,episodic_platel_peaks,0.0031395519072173403,0.029843175627222083,0.010508491394696005,0.020829190108208873,0.024235789663125302,0.03009971558637296,0.04905847023490933,0.0007520963589545702,0.0015902235072616868,0.0009140135594783493,0.0025845705807460485,0.0021105858861215775,1.0,0.018646035921447632,0.0378177116224457,1.0201931159630493,True,0.24885182328413158,0.0015902235072616868,0.03406406592716143,0.06369887604816628,0.02070016765232084,0.042998708395845436,1.0,,,,,0.0017225839396738385,5.923459532644118,0.21469819565051884,0.5,31.822349522483414,0.9999185490920468
parameter_input_0.04,input_0.04,"High AD-like perturbation, input_0.04",1.0,11,5Hz,60.0,0.04,0.5,ac884c60d8359016,semantic_expanded_left,0.016822030473746065,0.15668057853556336,0.06565029842379422,0.09908274411133934,0.1274852939335774,0.18165748319988761,0.23728343233977878,0.0034014018890206215,0.008571008864268417,0.008174680144040214,0.01331314333508815,0.012279933629732983,1.0,0.09299341277547614,0.1998467331232514,1.1036935582548983,True,0.22909954313410874,0.008571008864268417,-0.007280939576908359,-0.026124620828827747,0.0009620543884962397,0.027086675217323986,1.0,,,,,0.0007867996883494932,0.0333227513103209,0.10874594142446084,0.0,31.822349522483414,0.9999185490920468
parameter_input_0.04,input_0.04,"High AD-like perturbation, input_0.04",1.0,11,5Hz,60.0,0.04,0.5,ac884c60d8359016,episodic_expanded_left,0.009188177928753236,0.08557879120546898,0.03089246702186573,0.04739156817926394,0.07742252362361722,0.11866098886458885,0.10721752482380593,0.0019930420679413518,0.0023639950872524104,0.0038539463557568402,0.004420095456286094,0.006040622819868005,1.0,0.045610439050252645,0.1112873773518885,1.2868540029750708,True,0.24572854458774757,0.0038539463557568402,0.01948075270814032,0.035246114783650306,0.014630022342609749,0.020616092441040557,1.0,,,,,0.0014099013632106194,5.422471136871594,0.19424159631767787,0.375,31.822349522483414,0.9999185490920468
parameter_input_0.04,input_0.04,"High AD-like perturbation, input_0.04",1.0,11,5Hz,60.0,0.04,0.5,ac884c60d8359016,semantic_expanded_right,0.025873767524961188,0.2459444567902403,0.10455000418406497,0.16798315835737654,0.23082399010745874,0.2892737742544705,0.3550300878459706,0.015889909477962618,0.017802538388476796,0.03276821402803654,0.03376170250911649,0.038858739794740735,1.0,0.15811925993362488,0.3096893586306336,0.9698087029483494,False,0.21558076421102534,0.03276821402803654,0.00901637619020267,0.014566562710390134,0.006382709216768023,0.00818385349362211,1.0,,,,,0.0007492091745561757,-11.350636870626605,0.09839740259450212,0.0,31.822349522483414,0.9999185490920468
parameter_input_0.04,input_0.04,"High AD-like perturbation, input_0.04",1.0,11,5Hz,60.0,0.04,0.5,ac884c60d8359016,episodic_expanded_right,0.0033591288085305358,0.03193037540070148,0.008973918876896745,0.018496988484611825,0.025770566322900073,0.040637059647265536,0.047091958331823724,0.0007265923895023892,0.0013585329047428498,0.0011259731223270438,0.0026444866581121405,0.0017818508716015945,1.0,0.016649894566859617,0.04181091954106836,1.3283667310393468,True,0.2959423478620411,0.0013585329047428498,0.04661608871928476,0.07658227010977911,0.036208685306346515,0.040373584803432595,1.0,,,,,0.0030528980503826686,7.514742814521273,0.26835464734928083,0.6363636363636364,31.822349522483414,0.9999185490920468
parameter_input_0.04,input_0.04,"High AD-like perturbation, input_0.04",1.0,11,5Hz,60.0,0.04,0.5,ac884c60d8359016,shared_auditory_relay,0.014381289779241387,0.0590724819903717,0.02419715919318319,0.04226224857614391,0.049360603331913624,0.06533110450006402,0.09060866413959243,0.0036651895706455153,0.004606202846674079,0.005019568375844055,0.006714698491262062,0.003335738093303154,1.0,0.03700268044364613,0.07472684654650154,1.0139968600631615,True,0.2219011579168699,0.004606202846674079,0.07987703567629251,0.12057391452531754,0.06764658112617095,0.0529273333991466,1.0,,,,,0.007869111669124351,9.609558272303714,0.3475643425888992,0.7142857142857143,31.822349522483414,0.9999185490920468
parameter_input_0.04,input_0.04,"High AD-like perturbation, input_0.04",1.0,11,5Hz,60.0,0.04,0.5,ac884c60d8359016,anterior_temporal_context,0.02393270240098726,0.21067523385032041,0.06744137520332723,0.1237621535878201,0.21726242122923084,0.24361545082587593,0.30006489554368077,0.006350644018339822,0.018502028630634066,0.022548848914337224,0.02815063421586301,0.02766991728903755,1.0,0.12498534728986843,0.26964346015090995,1.1092940737567842,True,0.2642086403611367,0.022548848914337224,0.0035158630766972806,-0.02394171195279021,0.018764881435343626,0.04270659338813383,1.0,,,,,0.0016064289187854852,0.6074305971043652,0.1624890361627253,0.2777777777777778,31.822349522483414,0.9999185490920468
parameter_input_0.04,input_0.04,"High AD-like perturbation, input_0.04",1.0,11,5Hz,60.0,0.04,0.5,ac884c60d8359016,hippocampal_context,0.0029236485867728235,0.023785870518056976,0.009195079979410178,0.01893694500316109,0.02204331169608054,0.019543272242383093,0.03851096250021827,0.0006765517862862638,0.0012731991048107747,0.000717512999261452,0.001663975417025722,0.00076979265504188,1.0,0.016264760026257992,0.029191072837458885,0.8437776973906423,False,0.20890693717468758,0.00076979265504188,0.025571006498839245,0.039759694665940655,0.02208944391046104,0.017670250755479615,1.0,,,,,0.002127973665431049,5.04288518989496,0.1414648224911033,0.5,31.822349522483414,0.9999185490920468
parameter_input_0.04,input_0.04,"High AD-like perturbation, input_0.04",1.0,11,5Hz,60.0,0.04,0.5,ac884c60d8359016,angular_parietal_context,0.01825038186380337,0.06951036873584061,0.0218967492842365,0.039808050779771134,0.054615271696592034,0.07886823594387908,0.11049986434474761,0.0012947450615394057,0.002886181476140941,0.003287434032163088,0.003961018779547816,0.0046759088712323435,1.0,0.035670750000869354,0.09082262043906601,1.3483101126630788,True,0.2828448056770498,0.003287434032163088,0.023086990378431427,0.041981132088486216,0.0161135310117316,0.025867601076754617,1.0,,,,,0.0015097757417626423,3.4636921365155313,0.1334487165468385,0.16666666666666666,31.822349522483414,0.9999185490920468
parameter_input_0.04,input_0.04,"High AD-like perturbation, input_0.04",1.0,23,2Hz,60.0,0.04,0.5,ac884c60d8359016,semantic_expanded,0.02086685915929764,0.26873394151999164,0.1137025506507616,0.18187976902224415,0.2551875812862326,0.3117178694382667,0.4003581991358503,0.005336724908199785,0.007277781308827432,0.0175191139415132,0.01991122550162132,0.0211232270324818,1.0,0.1673696140117057,0.33978644434497357,1.0215906678069029,True,0.22046546259733804,0.0175191139415132,0.013899459980683714,0.0194264793026761,0.014305844298937036,0.005120635003739063,1.0,,,,,0.0002088821979865374,-2.761538396104572,0.14629889030682997,0.23076923076923078,31.543139243051947,0.9999747271332868
parameter_input_0.04,input_0.04,"High AD-like perturbation, input_0.04",1.0,23,2Hz,60.0,0.04,0.5,ac884c60d8359016,episodic_expanded,0.007857496511771781,0.0976600190150832,0.03085611073850319,0.05213774868436099,0.06503789288010213,0.07599903353880713,0.17865875192660483,0.0015161869026219647,0.0017330390588493707,0.002855738453710689,0.00255495180368611,0.003610430078232672,1.0,0.04715330022745898,0.1273870283835579,1.4337877249623623,True,0.28054048467918913,0.00255495180368611,0.03469031909794189,0.04486141752987335,0.03600765802909789,0.008853759500775459,1.0,,,,,0.0005332846351017162,7.203680870102484,0.25401228248801516,0.631578947368421,31.543139243051947,0.9999747271332868
parameter_input_0.04,input_0.04,"High AD-like perturbation, input_0.04",1.0,23,2Hz,60.0,0.04,0.5,ac884c60d8359016,semantic_anatomical_core,0.017384687141951526,0.1992140886638314,0.07980940038711501,0.12526083947458766,0.17896555231315445,0.23101156141606113,0.30345184247491136,0.0034108139936341853,0.003001239980740727,0.00839220276234712,0.011063009537820892,0.012284438148454365,1.0,0.11321567134797561,0.2545777975186232,1.1690329327488738,True,0.23683517917779107,0.00839220276234712,0.013449947061835024,0.011916974767240702,0.016371804528609687,0.004454829761368986,1.0,,,,,0.00020388885104843935,-3.690806765909682,0.13744521349806973,0.1,31.543139243051947,0.9999747271332868
parameter_input_0.04,input_0.04,"High AD-like perturbation, input_0.04",1.0,23,2Hz,60.0,0.04,0.5,ac884c60d8359016,episodic_anatomical_core,0.008649789569786903,0.10119042869693651,0.028243200311383908,0.04991924009457601,0.0672099330035778,0.07996910783066183,0.1868222967671457,0.0014876142349092491,0.001712950899936014,0.002837688494671624,0.0024962518742060722,0.003664498998893928,1.0,0.04518545268740939,0.13347040955754258,1.5625896498721477,True,0.3065614578761835,0.0024962518742060722,0.030117093893872203,0.037031220518121764,0.03275090384528684,0.004280316672834926,1.0,,,,,0.0005367969164813968,7.911307990120819,0.26540253995424,0.625,31.543139243051947,0.9999747271332868
parameter_input_0.04,input_0.04,"High AD-like perturbation, input_0.04",1.0,23,2Hz,60.0,0.04,0.5,ac884c60d8359016,semantic_platel_peaks,0.023768789423726178,0.28086426027455585,0.1230811437885452,0.19612707589157105,0.26263072041932,0.3200658258722095,0.4247350934960151,0.004919168922765159,0.006433811323490364,0.010689372024126316,0.012923664798999939,0.02038874385545016,1.0,0.18101653833128065,0.35404686398767216,0.9678188244062723,False,0.21402435237293638,0.010689372024126316,0.010958631460014873,0.022225696634240316,0.00990336387916832,0.012322332755071996,1.0,,,,,0.00020829076700157323,-2.761538396104572,0.17992863012836952,0.4,31.543139243051947,0.9999747271332868
parameter_input_0.04,input_0.04,"High AD-like perturbation, input_0.04",1.0,23,2Hz,60.0,0.04,0.5,ac884c60d8359016,episodic_platel_peaks,0.003506486453994165,0.046393911017009216,0.02446757213717438,0.04144025938668988,0.03269316062865119,0.03486994328385261,0.08025980866545798,0.0010273318199895483,0.0010064060865998307,0.0013211920850648622,0.001099029716123861,0.0018607719364348257,1.0,0.03433668896582153,0.05592851660605328,0.7038331370012274,False,0.1589282255859999,0.001099029716123861,0.06421095154433065,0.09760783150770685,0.05736712078760818,0.040240710720098674,1.0,,,,,0.0003999681043529435,2.2107962683441853,0.2544466758089362,0.75,31.543139243051947,0.9999747271332868
parameter_input_0.04,input_0.04,"High AD-like perturbation, input_0.04",1.0,23,2Hz,60.0,0.04,0.5,ac884c60d8359016,semantic_expanded_left,0.0161587667036791,0.20706984266675924,0.08215040562042653,0.131574529506208,0.19388671701367197,0.23519401080364571,0.3180923032913326,0.004167375624389233,0.007873001751541604,0.01707739312115972,0.01429257368507302,0.0126962357533056,1.0,0.12130820515397893,0.26456911580369635,1.1249675238942602,True,0.23720914038131546,0.0126962357533056,0.02351980097454266,0.039263703658631036,0.02072944652770614,0.018534257130924894,1.0,,,,,0.00020829076700157323,1.243903822619589,0.1623844813998941,0.2857142857142857,31.543139243051947,0.9999747271332868
parameter_input_0.04,input_0.04,"High AD-like perturbation, input_0.04",1.0,23,2Hz,60.0,0.04,0.5,ac884c60d8359016,episodic_expanded_left,0.012448023623478858,0.1595177615033571,0.049968813395187765,0.07495756961065186,0.10202145687689675,0.1172149327011456,0.2915697510141047,0.0023847807719240685,0.003084748456751259,0.006158882460290489,0.006313364204963814,0.006454517398667688,1.0,0.07342459425496659,0.20989026559694865,1.5152999647612748,True,0.286724633722694,0.006158882460290489,0.01787415816902675,0.006833963748892002,0.025766746353108834,0.01893278260421683,1.0,,,,,0.00030291950490385355,5.281688954216787,0.2010503980855753,0.5,31.543139243051947,0.9999747271332868
parameter_input_0.04,input_0.04,"High AD-like perturbation, input_0.04",1.0,23,2Hz,60.0,0.04,0.5,ac884c60d8359016,semantic_expanded_right,0.026359633690852605,0.34876122179264774,0.15737317335015596,0.25141834444503236,0.33586984526704616,0.4131399000982814,0.5038999245087005,0.006834189022731572,0.006727561157819728,0.017972260234229438,0.02773866412810379,0.0351435440342701,1.0,0.23092079928864184,0.4363881529024137,0.9182138117195452,False,0.20372178481336062,0.017972260234229438,0.0042791189868247705,-0.00041074505327883627,0.00788224207016793,0.008292987123446767,1.0,,,,,0.00023188720173683564,-4.0556874692098805,0.12774318155518954,0.16666666666666666,31.543139243051947,0.9999747271332868
parameter_input_0.04,input_0.04,"High AD-like perturbation, input_0.04",1.0,23,2Hz,60.0,0.04,0.5,ac884c60d8359016,episodic_expanded_right,0.004518931339621181,0.05978945055485682,0.01905387591209969,0.03626511441063712,0.041461155719307564,0.04927574470019964,0.10947277462410032,0.0009639555764397038,0.0009736367232550968,0.0013241431653523163,0.0010339620061878428,0.0020195476353503748,1.0,0.030281865972864863,0.07731399526433914,1.3522754851634495,True,0.27435633563568407,0.0010339620061878428,0.051506480026857024,0.08288887131085469,0.04624856970508695,0.03664030160576774,1.0,,,,,0.0006096698074522511,7.203680870102484,0.2767927974204648,0.7272727272727273,31.543139243051947,0.9999747271332868
parameter_input_0.04,input_0.04,"High AD-like perturbation, input_0.04",1.0,23,2Hz,60.0,0.04,0.5,ac884c60d8359016,shared_auditory_relay,0.01565539395697056,0.0996704533227324,0.03826744999563192,0.06744165638930193,0.07503765052855808,0.09398670905948617,0.1712050795897495,0.003150774213376298,0.003241393789310246,0.00394136103993071,0.005327154115567507,0.007233980334794725,1.0,0.05822133436054655,0.12821055616833282,1.1388952408775366,True,0.2400944226057562,0.00394136103993071,0.05053101145337066,0.07740824484690625,0.046836722656994505,0.03057152218991175,1.0,,,,,0.0015509486217111235,10.974009424564828,0.36508315618044007,0.7142857142857143,31.543139243051947,0.9999747271332868
parameter_input_0.04,input_0.04,"High AD-like perturbation, input_0.04",1.0,23,2Hz,60.0,0.04,0.5,ac884c60d8359016,anterior_temporal_context,0.030206333630008606,0.3407521792279508,0.11814987346916692,0.17906072321855204,0.2775265296788227,0.32588213981293207,0.580591901192782,0.0049666208268920745,0.006035734525471128,0.008843555728218787,0.008259086284775235,0.01677967440966488,1.0,0.18193836641973563,0.44531735643557685,1.2913840378266057,True,0.2728857047346151,0.008259086284775235,0.03563356649996885,0.07050796908847376,0.0273230440903443,0.04318492499812946,1.0,,,,,0.0003053521386272573,0.35947593929252386,0.21386307121156867,0.3333333333333333,31.543139243051947,0.9999747271332868
parameter_input_0.04,input_0.04,"High AD-like perturbation, input_0.04",1.0,23,2Hz,60.0,0.04,0.5,ac884c60d8359016,hippocampal_context,0.004084681153995254,0.04811872685305396,0.01757698690568164,0.0362537468566332,0.033645010475647684,0.035328363501491364,0.08751319825353095,0.0007264363672124167,0.0008088066844094778,0.0008540897220065471,0.0005859442901820105,0.0015742272486636403,1.0,0.030293944704915154,0.06011377185745022,0.9886660953564438,False,0.22971612390167795,0.0008088066844094778,0.020545255512954694,0.014019107308953253,0.02791945073121937,0.013900343422266119,1.0,,,,,0.00041901740433902823,4.37953027154279,0.20027581760097435,0.5,31.543139243051947,0.9999747271332868
parameter_input_0.04,input_0.04,"High AD-like perturbation, input_0.04",1.0,23,2Hz,60.0,0.04,0.5,ac884c60d8359016,angular_parietal_context,0.015270662765221656,0.10958359965107896,0.03973550891324277,0.06300182976730263,0.07337326485455303,0.11410626004353772,0.18882303125857328,0.0016157749856925694,0.00201248152045987,0.0036560182515442607,0.002187723577501636,0.004217539522700028,1.0,0.05595398456430791,0.14409621954728988,1.3647197096432495,True,0.26769901716698347,0.002187723577501636,0.019487753459054343,0.01598894931953429,0.02354452764875709,0.007555578329222799,1.0,,,,,0.00037180032550004904,5.4226204538032965,0.21025747241962983,0.3333333333333333,31.543139243051947,0.9999747271332868
parameter_input_0.04,input_0.04,"High AD-like perturbation, input_0.04",1.0,23,5Hz,60.0,0.04,0.5,ac884c60d8359016,semantic_expanded,0.020952730006449063,0.19512410263538818,0.07924970500727915,0.12275685244053194,0.17574054478924683,0.22929346016624783,0.28774045027004735,0.006974384325617984,0.012716260884396735,0.015921416832477952,0.020863609143202136,0.022210552476963633,1.0,0.11755720494347044,0.24788766321640004,1.0763235108952334,True,0.23109864015848514,0.015921416832477952,0.015151282909857205,0.013941171367034282,0.01633694049417981,0.0023957691271455275,1.0,,,,,0.0012140239281598353,-3.305262735768508,0.11641751932748569,0.23076923076923078,31.78675792079783,0.9999247421453831
parameter_input_0.04,input_0.04,"High AD-like perturbation, input_0.04",1.0,23,5Hz,60.0,0.04,0.5,ac884c60d8359016,episodic_expanded,0.005725638303571335,0.049112356737069145,0.01953907290463062,0.031707813364084785,0.04371943721447592,0.03952298250978764,0.08208419519464846,0.0013975972736581478,0.0016011969060149402,0.0022548425154334,0.00241495001703716,0.0028822491158972197,1.0,0.032382440544699756,0.06120149722609703,0.9183552269443513,False,0.22296691666739746,0.0022548425154334,0.04900658221664118,0.07640537205717327,0.0390286676115229,0.03737670444565037,1.0,,,,,0.0033475431356344565,5.9720164451062105,0.22123990860800233,0.5263157894736842,31.78675792079783,0.9999247421453831
parameter_input_0.04,input_0.04,"High AD-like perturbation, input_0.04",1.0,23,5Hz,60.0,0.04,0.5,ac884c60d8359016,semantic_anatomical_core,0.017226960947562257,0.14233905479206643,0.05628440714755709,0.07906638336636122,0.11539554057869572,0.16943207604987487,0.21434195775932174,0.004141153590046047,0.006550553348897835,0.011419696147810025,0.00979615172700873,0.014388188606804155,1.0,0.07774785181322898,0.18238633195113896,1.2301228988618231,True,0.24788924265222217,0.00979615172700873,0.014740126780225979,0.020515716305076925,0.012478234288970672,0.008037482016106254,1.0,,,,,0.0013374220662610292,-2.5497411857228753,0.10676884847519413,0.2,31.78675792079783,0.9999247421453831
parameter_input_0.04,input_0.04,"High AD-like perturbation, input_0.04",1.0,23,5Hz,60.0,0.04,0.5,ac884c60d8359016,episodic_anatomical_core,0.006139185589627099,0.04663924062968628,0.018083879566547487,0.030026799721371213,0.04261369443273862,0.03883310739803062,0.07706893713838138,0.0014248098621608436,0.0015938306033875971,0.002231903026394355,0.002359250885096888,0.0027803755977938707,1.0,0.03099823629704608,0.058074471509700666,0.9057179872688069,False,0.22769634978165537,0.002231903026394355,0.04670498675425927,0.07276217644738342,0.03706811959063066,0.03569405685675276,1.0,,,,,0.0034379426930710166,7.008486356936064,0.2259238239279231,0.5625,31.78675792079783,0.9999247421453831
parameter_input_0.04,input_0.04,"High AD-like perturbation, input_0.04",1.0,23,5Hz,60.0,0.04,0.5,ac884c60d8359016,semantic_platel_peaks,0.02395331677472362,0.2053783133866934,0.08792572273071428,0.1384809880830389,0.1888936046648855,0.2347481282262237,0.30473972046846376,0.006424448883399114,0.012343030556078492,0.013420324654182952,0.021303763822561876,0.01795182598071366,1.0,0.13093136397264601,0.25898927760742707,0.9840816409805491,False,0.21739332281931079,0.013420324654182952,0.011642162477793965,-0.003912099506351909,0.02009308717497658,0.02400518668132849,1.0,,,,,0.0005059195243934944,-5.1066452772297115,0.14748794413020436,0.2,31.78675792079783,0.9999247421453831
parameter_input_0.04,input_0.04,"High AD-like perturbation, input_0.04",1.0,23,5Hz,60.0,0.04,0.5,ac884c60d8359016,episodic_platel_peaks,0.0032214868591100643,0.030625686304258225,0.01186247988886431,0.021504309519966423,0.021774890103853934,0.022999101530026184,0.05515202384127559,0.0008763539273370293,0.0012393229106141992,0.0012786328496598527,0.0016899761905757127,0.001883574603282606,1.0,0.01879468007146371,0.03875895650470453,1.044205372433911,True,0.22654840331557777,0.0012786328496598527,0.07356131889216481,0.11139030977332774,0.06066526220064385,0.05072504757268389,1.0,,,,,0.0022061998253445347,4.20917589742161,0.20540080266019145,0.5,31.78675792079783,0.9999247421453831
parameter_input_0.04,input_0.04,"High AD-like perturbation, input_0.04",1.0,23,5Hz,60.0,0.04,0.5,ac884c60d8359016,semantic_expanded_left,0.01628436881887812,0.1517058769686081,0.0603946223700609,0.0883192351475437,0.13168930097669204,0.17628392892313904,0.2291185055336369,0.0032508933667764316,0.008843923146154214,0.007614935771954805,0.012868619654965323,0.012132911586235084,1.0,0.0866438367531345,0.1939277542286144,1.1623502567003232,True,0.24221526732583937,0.008843923146154214,0.01625028759977081,0.005362492761518844,0.022415201087865547,0.017052708326346703,1.0,,,,,0.0008947040727008693,0.16331880325385992,0.1920766023601599,0.42857142857142855,31.78675792079783,0.9999247421453831
parameter_input_0.04,input_0.04,"High AD-like perturbation, input_0.04",1.0,23,5Hz,60.0,0.04,0.5,ac884c60d8359016,episodic_expanded_left,0.009762558113049696,0.09094840926719057,0.04100134513226172,0.0569743235899325,0.0919266499948767,0.06846847635129698,0.14587017299025165,0.002243534586816383,0.0022028555006220925,0.00415262950710593,0.0036268924895859014,0.005209687317855824,1.0,0.06491501043939588,0.1110101712520371,0.7740678494190847,False,0.19635057783680798,0.0036268924895859014,0.027227834512689866,0.04383630342096957,0.020509744542117698,0.023326558878851874,1.0,,,,,0.002332426768261897,5.004487036432815,0.20261393806549813,0.375,31.78675792079783,0.9999247421453831
parameter_input_0.04,input_0.04,"High AD-like perturbation, input_0.04",1.0,23,5Hz,60.0,0.04,0.5,ac884c60d8359016,semantic_expanded_right,0.0263991513919485,0.2509686255407487,0.10399130745876099,0.1706224560927443,0.2345273219142352,0.2982432442717676,0.36136132491251133,0.014962667560412495,0.01828411308055693,0.03328872646399739,0.033825709217565704,0.04065871887598845,1.0,0.15950005161355182,0.3168617809209928,0.9902967650901434,False,0.21998201299113088,0.03328872646399739,0.014052278219943601,0.02251984997254972,0.010258679900494075,0.012261170072055644,1.0,,,,,0.0013374220662610292,-11.638087784248443,0.09322206657240822,0.0,31.78675792079783,0.9999247421453831
parameter_input_0.04,input_0.04,"High AD-like perturbation, input_0.04",1.0,23,5Hz,60.0,0.04,0.5,ac884c60d8359016,episodic_expanded_right,0.0027896966239507087,0.02652078913423363,0.009311288903838238,0.01764628985449311,0.020792546997601108,0.02281438451258,0.046190492289355345,0.0008706253742708838,0.001163867321804713,0.0012243603145201864,0.0016079835841656398,0.0015945985736259894,1.0,0.016153774736122093,0.03374126190844183,1.062642604469618,True,0.24958325549798688,0.0012243603145201864,0.07078532992059249,0.10897444069337694,0.057547590680928094,0.05142685001244885,1.0,,,,,0.003733372248286182,7.675349725942392,0.2719023420718184,0.6363636363636364,31.78675792079783,0.9999247421453831
parameter_input_0.04,input_0.04,"High AD-like perturbation, input_0.04",1.0,23,5Hz,60.0,0.04,0.5,ac884c60d8359016,shared_auditory_relay,0.013992412497818628,0.058540010771391544,0.02492443949047819,0.042354359391446786,0.04684188484137265,0.05654899904544816,0.09479405431937685,0.003927984671163127,0.004703218226431666,0.005168628731040097,0.005757546700505997,0.005103301614407609,1.0,0.03830641213899601,0.07319933680024798,0.9342446713132581,False,0.21357310213901354,0.005103301614407609,0.08901436830068624,0.13377291240463343,0.07297733144149902,0.06079558096313441,1.0,,,,,0.010563870808587672,9.395903417247506,0.3922966476414494,0.7857142857142857,31.78675792079783,0.9999247421453831
parameter_input_0.04,input_0.04,"High AD-like perturbation, input_0.04",1.0,23,5Hz,60.0,0.04,0.5,ac884c60d8359016,anterior_temporal_context,0.023085611034550566,0.19805781514050327,0.09546414233095953,0.12249249463505889,0.20430777641106615,0.19711177681472167,0.2810804355885845,0.013677601666954366,0.014610600293966438,0.022892016705049686,0.024144779316327965,0.0279482024452892,1.0,0.1364257989871427,0.24099501464347997,0.8208868093954919,False,0.19011125060809525,0.022892016705049686,0.013016914194230155,0.009753660580662779,0.016194951926651862,0.006441291345989083,1.0,,,,,0.002843832444171246,1.1687365527389093,0.18721879707701286,0.3888888888888889,31.78675792079783,0.9999247421453831
parameter_input_0.04,input_0.04,"High AD-like perturbation, input_0.04",1.0,23,5Hz,60.0,0.04,0.5,ac884c60d8359016,hippocampal_context,0.0033370661256646008,0.025987753265661297,0.009678727523693854,0.01934656781507046,0.020245134986735722,0.017823635779510585,0.04612720288447639,0.0009562549695912069,0.0012265238672819966,0.0006839610773007856,0.0011553162578519357,0.0016519408977698194,1.0,0.017658763228225252,0.032007311118786325,0.8580171794666925,False,0.2193585524260626,0.0011553162578519357,0.036461186989830356,0.061632122166426294,0.028453017635482854,0.03317910453094344,1.0,,,,,0.0032742543103764787,4.494011021519435,0.19060698754163916,0.5,31.78675792079783,0.9999247421453831
parameter_input_0.04,input_0.04,"High AD-like perturbation, input_0.04",1.0,23,5Hz,60.0,0.04,0.5,ac884c60d8359016,angular_parietal_context,0.01404870611958074,0.059427707127256015,0.02283227393336829,0.03576318965557855,0.042218148430313664,0.05672296097783571,0.1007893333678349,0.0015859803248780906,0.0029078674726003757,0.0031334378136497402,0.0015857970223849215,0.005202098076990631,1.0,0.03300999010613281,0.07682336927994879,1.2186425320850474,True,0.24749252263086557,0.0029078674726003757,0.03103993414877601,0.06500778003090438,0.01921109667828507,0.045796683352619307,1.0,,,,,0.002325369213730999,3.8376146340321973,0.15562649897009007,0.16666666666666666,31.78675792079783,0.9999247421453831
parameter_input_0.04,input_0.04,"High AD-like perturbation, input_0.04",1.0,37,2Hz,60.0,0.04,0.5,ac884c60d8359016,semantic_expanded,0.020747067652398667,0.26565920268283894,0.11953781654077217,0.1926385314831077,0.24662733859914804,0.31742022316663615,0.38349766661929136,0.005805820263451914,0.007337190338415795,0.0177271853083967,0.019537959207542664,0.021842910042967796,1.0,0.17502326731929416,0.33287571323137166,0.9274368901808794,False,0.20419995773138463,0.0177271853083967,0.015779702625456297,0.018994188101744303,0.01704243344908229,0.0019517546526620112,1.0,,,,,0.00021087572998690352,-2.680611657202738,0.17055842196427617,0.23076923076923078,31.53458348593211,0.9999770706375497
parameter_input_0.04,input_0.04,"High AD-like perturbation, input_0.04",1.0,37,2Hz,60.0,0.04,0.5,ac884c60d8359016,episodic_expanded,0.012463801272253126,0.1489667574690431,0.034392726612526195,0.05894136037122527,0.09853109954197445,0.16900090679554686,0.250172891957355,0.0016235599912399151,0.0018726869409846107,0.0029272401704034485,0.0030461832570988735,0.0038738141756373234,1.0,0.06392903899918898,0.19824016119669022,1.6327059536168158,True,0.3622589432958915,0.0029272401704034485,0.03698417978348295,0.04740751771193493,0.03857039537698809,0.008837122334946844,1.0,,,,,0.0004882997765200958,5.931833451099617,0.2822286377024505,0.7368421052631579,31.53458348593211,0.9999770706375497
parameter_input_0.04,input_0.04,"High AD-like perturbation, input_0.04",1.0,37,2Hz,60.0,0.04,0.5,ac884c60d8359016,semantic_anatomical_core,0.017020544595475647,0.18933511856435264,0.08832429746983221,0.1476323202086261,0.16703090737291607,0.23618439188802967,0.25891047720645705,0.0038769178556580233,0.0031731803821604563,0.008047176601225921,0.010333237479833987,0.013264437390633899,1.0,0.13003565569462583,0.2343282900140997,0.8496238750098989,False,0.18905235892393102,0.008047176601225921,0.014806398000974228,0.012173620477065251,0.01803497989504132,0.005861359417976067,1.0,,,,,0.00016951665408287964,-3.0515261390103743,0.15026817185497277,0.1,31.53458348593211,0.9999770706375497
parameter_input_0.04,input_0.04,"High AD-like perturbation, input_0.04",1.0,37,2Hz,60.0,0.04,0.5,ac884c60d8359016,episodic_anatomical_core,0.013941317832586689,0.15615327817859886,0.030992267950435026,0.05433194368299686,0.09762002836986373,0.1777102355689636,0.26529052386951124,0.0015886392955141093,0.0018089455861553794,0.002836051262749683,0.003018410319818223,0.004162902871875105,1.0,0.06039537943955705,0.20968975715664934,1.7957463057362608,True,0.3952420013453766,0.002836051262749683,0.032798064309666794,0.04149977054098325,0.03553440456069238,0.0059653659802908696,1.0,,,,,0.0004987370022597748,6.285825818935205,0.3553662564741122,0.75,31.53458348593211,0.9999770706375497
parameter_input_0.04,input_0.04,"High AD-like perturbation, input_0.04",1.0,37,2Hz,60.0,0.04,0.5,ac884c60d8359016,semantic_platel_peaks,0.024532710187047762,0.2931531238928193,0.1261856336002477,0.19810824513121272,0.2625078777589435,0.3380911760319564,0.451511956285505,0.005357119106750617,0.005925297284784046,0.011494602841414374,0.015373451018154334,0.02153824212138268,1.0,0.1826121972782587,0.37271468946966885,1.0292885488742813,True,0.22247782435311578,0.011494602841414374,0.014580596300790699,0.02119130950142729,0.015325222574116101,0.005866086927311189,1.0,,,,,0.0003464697779035353,-2.680611657202738,0.18079236848702473,0.4,31.53458348593211,0.9999770706375497
parameter_input_0.04,input_0.04,"High AD-like perturbation, input_0.04",1.0,37,2Hz,60.0,0.04,0.5,ac884c60d8359016,episodic_platel_peaks,0.00428135813782079,0.05662949505160454,0.025820009545241787,0.039925451747242456,0.045702303370547745,0.052194872907849674,0.09712758441048697,0.0010786901976960386,0.001035842209815852,0.0015428553325069214,0.0011284745957319952,0.0015193092927333813,1.0,0.03830975036208311,0.07046237848909633,0.879141549715776,False,0.2104691231171561,0.0011284745957319952,0.06528712680142468,0.09068451464760002,0.060532681860604384,0.03015183278699564,1.0,,,,,0.0003156725837666352,1.8379815293090709,0.24813367849572573,0.75,31.53458348593211,0.9999770706375497
parameter_input_0.04,input_0.04,"High AD-like perturbation, input_0.04",1.0,37,2Hz,60.0,0.04,0.5,ac884c60d8359016,semantic_expanded_left,0.015507277618768186,0.19864611134838359,0.08798153957173081,0.1468908092745595,0.1796300400908459,0.24340552215318925,0.28197759366732217,0.004574596234155501,0.008472560995519263,0.016908486191042266,0.013620587436757392,0.013693801044981852,1.0,0.1313006829353175,0.24868085831436945,0.9214210432625101,False,0.20446166602720012,0.013620587436757392,0.024724172563196086,0.03766139223426395,0.022872628281502164,0.014788763952761786,1.0,,,,,0.00032975769664644883,-1.4012602546455974,0.18079236848702473,0.2857142857142857,31.53458348593211,0.9999770706375497
parameter_input_0.04,input_0.04,"High AD-like perturbation, input_0.04",1.0,37,2Hz,60.0,0.04,0.5,ac884c60d8359016,episodic_expanded_left,0.021044027639995157,0.26957112399494154,0.06181832311087964,0.11193524474012059,0.20594758036888508,0.38287056654022245,0.4001772503182427,0.002676363582368331,0.0038252864043758004,0.006116946314022148,0.007896375778018301,0.00627074468878843,1.0,0.12573220745470937,0.35785885434778303,1.5090364194523025,True,0.3581628924097105,0.006116946314022148,0.01994384906230312,0.012303896047058597,0.026267631437639494,0.013963735390580897,1.0,,,,,0.00031349752091797134,3.084565138621623,0.2427440676685537,0.75,31.53458348593211,0.9999770706375497
parameter_input_0.04,input_0.04,"High AD-like perturbation, input_0.04",1.0,37,2Hz,60.0,0.04,0.5,ac884c60d8359016,semantic_expanded_right,0.026860156024967566,0.35527910156926396,0.16241236119408128,0.25263393942234486,0.3386128740701568,0.41394129921072914,0.5215678961923308,0.007368420556952485,0.006353965712446637,0.018585525363277056,0.02802609298373101,0.034841510956523145,1.0,0.23330529147523082,0.44557607372908015,0.9334527370992483,False,0.20393824943556904,0.018585525363277056,0.006835232687716509,0.00032698396922465413,0.01121223861666242,0.010885254647437765,1.0,,,,,0.0001640637430699865,-4.066754521823241,0.15026817185497277,0.16666666666666666,31.53458348593211,0.9999770706375497
parameter_input_0.04,input_0.04,"High AD-like perturbation, input_0.04",1.0,37,2Hz,60.0,0.04,0.5,ac884c60d8359016,episodic_expanded_right,0.00622363664116801,0.08231999964231003,0.019134450504623784,0.031036551271017513,0.04714004194446577,0.07459781188146414,0.1563968861811466,0.0009848987120137055,0.000916782694995763,0.0014008190648299643,0.0011751254875256504,0.002393086788272364,1.0,0.03250497314963628,0.10981749098513868,1.7563754877813285,True,0.36635499418207257,0.0011751254875256504,0.054024510504662775,0.08251113937681126,0.05087315931633667,0.03163798006047459,1.0,,,,,0.000533034048389891,5.931833451099617,0.3717727757817365,0.7272727272727273,31.53458348593211,0.9999770706375497
parameter_input_0.04,input_0.04,"High AD-like perturbation, input_0.04",1.0,37,2Hz,60.0,0.04,0.5,ac884c60d8359016,shared_auditory_relay,0.018420907368614476,0.11068887786130122,0.040197567956386286,0.06105843634915715,0.08850118495117426,0.12486835087235904,0.18262091120142537,0.0032308780383538994,0.0033578908681350115,0.004386224654804317,0.005570128380993236,0.007797190573446201,1.0,0.05951784145734087,0.14384702925379883,1.2731413166071832,True,0.26997445036687945,0.004386224654804317,0.051452367476042676,0.07692002313387063,0.04766364353004718,0.02925637960382345,1.0,,,,,0.0014613835881469028,10.30943604666984,0.5177769885599972,0.7142857142857143,31.53458348593211,0.9999770706375497
parameter_input_0.04,input_0.04,"High AD-like perturbation, input_0.04",1.0,37,2Hz,60.0,0.04,0.5,ac884c60d8359016,anterior_temporal_context,0.03480461092165241,0.40401678314071676,0.13524382475474248,0.18929172536620176,0.32021552176377344,0.5313082514658009,0.6052897157066591,0.005071806878782252,0.006038159023035652,0.009690084424044466,0.01163279605033009,0.01881113029949007,1.0,0.20374586296377226,0.5305522476059561,1.3807240656517827,True,0.2906532002780053,0.009690084424044466,0.03389038893028827,0.06680534446796896,0.02647126518089192,0.04033407928707704,1.0,,,,,0.00030879477654027765,0.8890185198153459,0.2505492356917184,0.3888888888888889,31.53458348593211,0.9999770706375497
parameter_input_0.04,input_0.04,"High AD-like perturbation, input_0.04",1.0,37,2Hz,60.0,0.04,0.5,ac884c60d8359016,hippocampal_context,0.0041851148351606405,0.048331993011328754,0.019143749399354162,0.033757606093262976,0.03800952903497126,0.049839906833228496,0.07990666820130739,0.0008381985165579455,0.0007715527493465631,0.0008671787876642336,0.0008518043125984052,0.0013230015148950757,1.0,0.030276713683555407,0.06091714171990626,1.008639631232455,True,0.23424868703143736,0.0008518043125984052,0.022435697341044156,0.019314016955920582,0.027960513339622357,0.008646496383701775,1.0,,,,,0.00040846729694787864,2.2954332081396243,0.3609558814470719,0.5,31.53458348593211,0.9999770706375497
parameter_input_0.04,input_0.04,"High AD-like perturbation, input_0.04",1.0,37,2Hz,60.0,0.04,0.5,ac884c60d8359016,angular_parietal_context,0.019810147320965473,0.12834304367507585,0.04293097905804758,0.06308157338462458,0.09535357061795656,0.14162041763556232,0.2171165734753822,0.001310703453091196,0.0013094747848469061,0.0031565751513346098,0.001213302687281811,0.005505972626591326,1.0,0.06313863353367365,0.16901897120476678,1.420590245249166,True,0.2921748241248646,0.001310703453091196,0.021622276478101048,0.020586052621205133,0.025258968318302377,0.004672915697097244,1.0,,,,,0.00032270534510614457,3.6413753993008893,0.4060590153671121,0.6666666666666666,31.53458348593211,0.9999770706375497
parameter_input_0.04,input_0.04,"High AD-like perturbation, input_0.04",1.0,37,5Hz,60.0,0.04,0.5,ac884c60d8359016,semantic_expanded,0.02146481863135536,0.20104635507973878,0.08336419436244526,0.13827485195617054,0.18168944920261812,0.24164377184486435,0.28492865643924586,0.00767904828793894,0.012470902053840367,0.015448418186714101,0.023704749106283646,0.024068388924444833,1.0,0.12713643129301982,0.2541386205418587,0.9992381354774761,False,0.21757724615984328,0.015448418186714101,0.016376083527012877,-0.0030132977654046215,0.02575594458965833,0.02876924235506295,1.0,,,,,0.0011866414416364934,-1.6183795232303775,0.13055171063777912,0.07692307692307693,31.83940804418846,0.9998926058237615
parameter_input_0.04,input_0.04,"High AD-like perturbation, input_0.04",1.0,37,5Hz,60.0,0.04,0.5,ac884c60d8359016,episodic_expanded,0.01729974290040922,0.14993267883975753,0.02521904712440556,0.049944551738987646,0.0893324868910622,0.17113532961127736,0.25033929692509344,0.0014631133447280753,0.0017766895711843107,0.0024563423000559317,0.003903192382692024,0.0062103276548557025,1.0,0.05634139585694637,0.20209807833322677,1.8427883917855188,True,0.4199668309587436,0.0024563423000559317,0.05075416697667941,0.04381097513338111,0.060727110319233335,0.016916135185852228,1.0,,,,,0.0015180652498244518,6.5147229399394435,0.2417400280212752,0.5789473684210527,31.83940804418846,0.9998926058237615
parameter_input_0.04,input_0.04,"High AD-like perturbation, input_0.04",1.0,37,5Hz,60.0,0.04,0.5,ac884c60d8359016,semantic_anatomical_core,0.017685446357201484,0.15219136605784647,0.06290137158497904,0.11002840297339969,0.12995885172016788,0.1933802281232219,0.20316382196731947,0.004708085993659696,0.007283702033538401,0.010751985718395087,0.011707840490916888,0.015980161063111342,1.0,0.09800535274122511,0.1915025889934449,0.9664314446879734,False,0.20982622905725654,0.010751985718395087,0.021118419056444755,-0.001210677334409346,0.03239125532797145,0.0336019326623808,1.0,,,,,0.001204738508639891,-1.0313816432776226,0.11505108772162137,0.0,31.83940804418846,0.9998926058237615
parameter_input_0.04,input_0.04,"High AD-like perturbation, input_0.04",1.0,37,5Hz,60.0,0.04,0.5,ac884c60d8359016,episodic_anatomical_core,0.01943920471486891,0.15882354413222136,0.02357968073216578,0.04741592795795478,0.08795296442768243,0.1770800711742811,0.26882033338754824,0.0014779265056031417,0.0017027327571298696,0.0023843964226608117,0.004016654040369308,0.006474685464224985,1.0,0.054325709527989534,0.2151622176403123,1.9857177465803333,True,0.4461505268512596,0.0023843964226608117,0.04793006181544922,0.042605572236662705,0.057277328959036825,0.01467175672237412,1.0,,,,,0.001549731705620505,7.028658756642777,0.2522722552237225,0.625,31.83940804418846,0.9998926058237615
parameter_input_0.04,input_0.04,"High AD-like perturbation, input_0.04",1.0,37,5Hz,60.0,0.04,0.5,ac884c60d8359016,semantic_platel_peaks,0.02548096078279724,0.22019469034437109,0.09019782681090265,0.14098878854815255,0.1933183942432136,0.25200193205081534,0.3362791464111969,0.007350332337482507,0.012571806339162243,0.01453111809661458,0.026479764238776685,0.0218310812681586,1.0,0.13301360399441117,0.28144292523551373,1.081268577738956,True,0.23174219122612028,0.01453111809661458,0.009481865097818497,-0.006845947017401001,0.0172358988090046,0.0240818458264056,1.0,,,,,0.0007904062998496109,-1.6183795232303775,0.14649439481794313,0.2,31.83940804418846,0.9998926058237615
parameter_input_0.04,input_0.04,"High AD-like perturbation, input_0.04",1.0,37,5Hz,60.0,0.04,0.5,ac884c60d8359016,episodic_platel_peaks,0.005556308154552042,0.05281511382555258,0.01429997421090409,0.02879099911772135,0.0402112162263863,0.05810663994289619,0.08882849418112654,0.000911954601522163,0.001444040730540481,0.0015655680239931333,0.002148378374304202,0.002736515779556042,1.0,0.029016955191257462,0.06881694676204042,1.245867742288032,True,0.3141552578422127,0.0015655680239931333,0.07246601804575109,0.060375494202811054,0.08659348331169273,0.02621798910888167,1.0,,,,,0.0008666236328550014,5.085841744284616,0.17537241332669007,0.5,31.83940804418846,0.9998926058237615
parameter_input_0.04,input_0.04,"High AD-like perturbation, input_0.04",1.0,37,5Hz,60.0,0.04,0.5,ac884c60d8359016,semantic_expanded_left,0.01750501422791331,0.16301834860609205,0.06646667050993725,0.11247086988981761,0.14180731747982397,0.2064337137639574,0.22347534785886158,0.003828305608461943,0.008914689738482301,0.007473939560499987,0.016923163653870546,0.013031222128981236,1.0,0.1021443782231273,0.20660534820284687,1.0162677965595963,True,0.21874763074534365,0.008914689738482301,0.016003594778759265,-0.02126538030046125,0.033203092493842644,0.05446847279430389,1.0,,,,,0.0011866414416364934,6.3792067821806135,0.17133685336621726,0.14285714285714285,31.83940804418846,0.9998926058237615
parameter_input_0.04,input_0.04,"High AD-like perturbation, input_0.04",1.0,37,5Hz,60.0,0.04,0.5,ac884c60d8359016,episodic_expanded_left,0.02907884760848995,0.2708015917487958,0.05540462271361049,0.10256835526213977,0.2002596964218106,0.3882754046831248,0.39449353674596743,0.0024460102957192193,0.002568198482894127,0.004416060736395867,0.006123393785115701,0.010163785040183202,1.0,0.12145307066482659,0.3612429001300083,1.572570267455786,True,0.3792170719447047,0.004416060736395867,0.038487289293891225,0.025909612723471125,0.04773915075412751,0.021829538030656386,1.0,,,,,0.001549731705620505,6.938830926590754,0.20961683810365933,0.5,31.83940804418846,0.9998926058237615
parameter_input_0.04,input_0.04,"High AD-like perturbation, input_0.04",1.0,37,5Hz,60.0,0.04,0.5,ac884c60d8359016,semantic_expanded_right,0.02608459043537109,0.24794532171661263,0.10455749999784529,0.16999899353700898,0.2327880996426541,0.2828593808963769,0.36328096158304995,0.015403102217899704,0.017445744338709587,0.03193143623115325,0.03320390570490865,0.04445380024103902,1.0,0.15824338493320045,0.3126077761912888,0.9822084743953563,False,0.21640686157434305,0.03193143623115325,0.016748572275266493,0.015238784769652007,0.018308796685474013,0.003070011915822006,1.0,,,,,0.0013640000629957516,-10.749511168961915,0.11099256409921905,0.0,31.83940804418846,0.9998926058237615
parameter_input_0.04,input_0.04,"High AD-like perturbation, input_0.04",1.0,37,5Hz,60.0,0.04,0.5,ac884c60d8359016,episodic_expanded_right,0.008733121294532324,0.08301209767230194,0.011479192650593589,0.024319959523901733,0.039849721919745486,0.07542919455601929,0.15886131900129466,0.000875180559651703,0.0012291206670279858,0.0013662895180124614,0.00248798481870249,0.0037946660056449146,1.0,0.026136456408495264,0.11306418271828673,2.1130065161152514,True,0.46071658997278253,0.0013662895180124614,0.06302104465946759,0.06171233754329109,0.07371506988433917,0.012002732341048074,1.0,,,,,0.001400699060364996,5.362174311799576,0.30826119423479525,0.6363636363636364,31.83940804418846,0.9998926058237615
parameter_input_0.04,input_0.04,"High AD-like perturbation, input_0.04",1.0,37,5Hz,60.0,0.04,0.5,ac884c60d8359016,shared_auditory_relay,0.0210804472446118,0.09890932776262992,0.02756370389811827,0.04728245804871316,0.07495557511243403,0.11058421659325753,0.16486083234718407,0.003796525982869197,0.004407024848285805,0.0058952972700345215,0.00895711990852289,0.006417491133384052,1.0,0.04727966266431413,0.13052342238557596,1.4650170740021236,True,0.319329128660585,0.0058952972700345215,0.0706895330006483,0.08101384583757608,0.07721950488551238,0.003794340952063699,1.0,,,,,0.00393618880541774,9.516064962857648,0.40305297291698927,0.7857142857142857,31.83940804418846,0.9998926058237615
parameter_input_0.04,input_0.04,"High AD-like perturbation, input_0.04",1.0,37,5Hz,60.0,0.04,0.5,ac884c60d8359016,anterior_temporal_context,0.041908345622856745,0.35747260554947335,0.098943615227798,0.13604378646438467,0.2602333973468856,0.4701458383202595,0.5334353153214183,0.01006789301970489,0.014776471617656776,0.026513563482314737,0.06751608833288937,0.07172274436264149,1.0,0.1586690622074499,0.4727219953612236,1.5749711392788703,True,0.33251534612667605,0.026513563482314737,0.0018205189447676544,-0.02462928147713096,0.005785047809306221,0.03041432928643718,1.0,,,,,0.001756724282407307,1.331079812391941,0.22505380941972183,0.4444444444444444,31.83940804418846,0.9998926058237615
parameter_input_0.04,input_0.04,"High AD-like perturbation, input_0.04",1.0,37,5Hz,60.0,0.04,0.5,ac884c60d8359016,hippocampal_context,0.005229354290345241,0.04448092467601756,0.012161276219846471,0.02559236843492732,0.03283618417892564,0.04956053363489466,0.07374644926203593,0.0009475669018024378,0.0010387123343212575,0.0008779065173943813,0.002412613330331112,0.0020618053703385934,1.0,0.024224433615747106,0.05783827468791118,1.2555615826162607,True,0.3077017980479697,0.0010387123343212575,0.052407522695543746,0.03149328312066143,0.0682716391351824,0.03677835601452097,1.0,,,,,0.0018861923530820723,5.629272067745137,0.25336913743435596,0.5,31.83940804418846,0.9998926058237615
parameter_input_0.04,input_0.04,"High AD-like perturbation, input_0.04",1.0,37,5Hz,60.0,0.04,0.5,ac884c60d8359016,angular_parietal_context,0.024351318263779436,0.11951898086643235,0.03144562475969355,0.049925993883292906,0.08411328936719163,0.13170019547912593,0.202943828982759,0.0015012558959865245,0.0023956680623728774,0.003480394147146021,0.005312765960197007,0.009000434919595571,1.0,0.052242178470116675,0.15909360322432264,1.6065888666550094,True,0.33898464845548615,0.003480394147146021,0.04821076129185882,0.03580710363433545,0.059774347050332084,0.023967243415996632,1.0,,,,,0.001743535036592636,6.5540525862402275,0.23283558390580433,0.6666666666666666,31.83940804418846,0.9998926058237615
parameter_input_0.04,input_0.04,"High AD-like perturbation, input_0.04",1.0,53,2Hz,60.0,0.04,0.5,ac884c60d8359016,semantic_expanded,0.021059373380817505,0.2680528001520205,0.11188595141795751,0.17792726529355118,0.2584744590056364,0.3275147003978508,0.384450218390376,0.005463575409067355,0.0080692626644999,0.01807030444028816,0.019747421268778178,0.021465396541495867,1.0,0.1669290765654321,0.3398541486644247,1.0256804615415969,True,0.22209039279234233,0.01807030444028816,0.013518156792085382,0.017584121999458115,0.011884096173438921,0.005700025826019193,1.0,,,,,0.0002158898473633153,-3.169567076812218,0.16977829660756685,0.07692307692307693,31.532194902248136,0.9999847174641354
parameter_input_0.04,input_0.04,"High AD-like perturbation, input_0.04",1.0,53,2Hz,60.0,0.04,0.5,ac884c60d8359016,episodic_expanded,0.010668417266481416,0.13915873940641837,0.031504731205719186,0.058494457332520226,0.1055517339242414,0.14249866553930168,0.23058606674678503,0.0015236760540717788,0.0018295958025763002,0.002727469923671408,0.003181503976792021,0.005572728213247883,1.0,0.057714193500601786,0.1834858148616865,1.6686704679710818,True,0.35139532221827147,0.002727469923671408,0.027686752656046018,0.043523615680809334,0.022964032713116554,0.02055958296769278,1.0,,,,,0.0004046560663125698,6.908300364282325,0.1213717439335437,0.21052631578947367,31.532194902248136,0.9999847174641354
parameter_input_0.04,input_0.04,"High AD-like perturbation, input_0.04",1.0,53,2Hz,60.0,0.04,0.5,ac884c60d8359016,semantic_anatomical_core,0.017515376314553174,0.18641509761020728,0.07390612388007334,0.11850021042950254,0.18602350482389815,0.24004613978406042,0.247445359949484,0.0032852955222072125,0.003111292605199801,0.00968656314445483,0.011023805350173992,0.01028591235760983,1.0,0.11062505473935763,0.23724643674986912,1.1007082502247303,True,0.22525552302781338,0.00968656314445483,0.010673361405054236,0.011230242914193226,0.010905924998550443,0.00032431791564278313,1.0,,,,,0.00019167924580515416,-3.178304546487145,0.17181714910796092,0.0,31.532194902248136,0.9999847174641354
parameter_input_0.04,input_0.04,"High AD-like perturbation, input_0.04",1.0,53,2Hz,60.0,0.04,0.5,ac884c60d8359016,episodic_anatomical_core,0.01187098624492118,0.15397463041188192,0.02934353546868443,0.05687668844287377,0.11465931434557557,0.15837497268606676,0.2565311956752477,0.0015039088337264314,0.0018457587531905217,0.0027829628151583544,0.0031568907364289108,0.006047747377838974,1.0,0.058139416090034306,0.20407626274260907,1.8115198968775645,True,0.3866737164574529,0.0027829628151583544,0.022648887434282436,0.03810966310508992,0.018713818706767926,0.019395844398321992,1.0,,,,,0.0004299525748907018,7.82912344271013,0.13566126538392742,0.1875,31.532194902248136,0.9999847174641354
parameter_input_0.04,input_0.04,"High AD-like perturbation, input_0.04",1.0,53,2Hz,60.0,0.04,0.5,ac884c60d8359016,semantic_platel_peaks,0.02367419683590307,0.27967114807030735,0.12373459642308686,0.1934668212509488,0.25972026273861704,0.32436593863214763,0.42148181277483915,0.0047156310379009555,0.008949145996978401,0.011737605746782214,0.01194037877847131,0.018590167356778604,1.0,0.18009769317309954,0.3527350554487547,0.969805258297823,False,0.2140989522314506,0.011737605746782214,0.014336073814098297,0.019905513985979992,0.011960400886138619,0.007945113099841373,1.0,,,,,0.00015487567538108316,-3.1870420161620716,0.13130790210512697,0.2,31.532194902248136,0.9999847174641354
parameter_input_0.04,input_0.04,"High AD-like perturbation, input_0.04",1.0,53,2Hz,60.0,0.04,0.5,ac884c60d8359016,episodic_platel_peaks,0.003947080098376189,0.052238864231888796,0.023706379833480257,0.03817510170251497,0.034980780417601616,0.0468663363393067,0.09273913416779364,0.0009846552078550674,0.000957844679468788,0.0009810533651557123,0.0013376170277701945,0.0021895038043149933,1.0,0.033281179584481145,0.06598479555705611,0.9874270642152205,False,0.211586289945653,0.0009846552078550674,0.06097648298165957,0.08378395446839344,0.051622006428104855,0.03216194804028859,1.0,,,,,0.0004492599503267414,2.0777805237336455,0.13609603830590897,0.25,31.532194902248136,0.9999847174641354
parameter_input_0.04,input_0.04,"High AD-like perturbation, input_0.04",1.0,53,2Hz,60.0,0.04,0.5,ac884c60d8359016,semantic_expanded_left,0.015149945127148944,0.19421533209326178,0.07916427135395823,0.12563622074178554,0.19311489325020773,0.24072515138692047,0.27043607960363775,0.004413001545990836,0.008688870362285842,0.017499077869537926,0.013365005493762284,0.01274816790113941,1.0,0.11788160892730538,0.2468926237965768,1.0665450783583097,True,0.22414334941877062,0.01274816790113941,0.0244425489387373,0.03578112593294829,0.018924056705804233,0.01685706922714406,1.0,,,,,0.00016746864424699304,-1.3134232508419634,0.173856001608355,0.0,31.532194902248136,0.9999847174641354
parameter_input_0.04,input_0.04,"High AD-like perturbation, input_0.04",1.0,53,2Hz,60.0,0.04,0.5,ac884c60d8359016,episodic_expanded_left,0.0107826938409456,0.1382291782315727,0.05082277158327354,0.09393098845720078,0.1530391941015965,0.1552336919198125,0.1940602326139243,0.0023982585400333,0.0034438470564686447,0.0062060294565992455,0.007100669286078515,0.006538305780192909,1.0,0.0879558728997256,0.17483927667558952,0.9911774985149444,False,0.229534185701755,0.0062060294565992455,0.007362427723115082,0.010220950323992981,0.007143063921576157,0.003077886402416824,1.0,,,,,0.0003434300543028179,7.0731570588314305,0.16702048597991892,0.125,31.532194902248136,0.9999847174641354
parameter_input_0.04,input_0.04,"High AD-like perturbation, input_0.04",1.0,53,2Hz,60.0,0.04,0.5,ac884c60d8359016,semantic_expanded_right,0.02795370634343083,0.36996205652206554,0.1581327777114141,0.25198236263336216,0.345954912300295,0.4455948136648349,0.5465319961635019,0.006764252389098875,0.007493839502004292,0.018660177696170236,0.02917773935436057,0.03614348761773686,1.0,0.23638391820874904,0.467818116994803,0.9848158447248836,False,0.2200374361659141,0.018660177696170236,0.0025937646454334616,-0.0006128819340320606,0.004844135641073609,0.00545701757510567,1.0,,,,,0.00023785663437475568,-3.438499068857511,0.14665976343986192,0.16666666666666666,31.532194902248136,0.9999847174641354
parameter_input_0.04,input_0.04,"High AD-like perturbation, input_0.04",1.0,53,2Hz,60.0,0.04,0.5,ac884c60d8359016,episodic_expanded_right,0.01058530703050746,0.14009455167809348,0.019529593869518073,0.03642675963305833,0.0727994459185252,0.13080839236221323,0.27398675896432856,0.0009680310437754184,0.0009720004245012246,0.001198687862594929,0.0014254948578141008,0.004749747225467435,1.0,0.03787044595899063,0.19255996075713339,2.346163437427219,True,0.4732564587347879,0.001198687862594929,0.04801107758897696,0.07682628103762569,0.038785001504656955,0.038041279532968736,1.0,,,,,0.000493863834340913,6.908300364282325,0.09428713914902227,0.2727272727272727,31.532194902248136,0.9999847174641354
parameter_input_0.04,input_0.04,"High AD-like perturbation, input_0.04",1.0,53,2Hz,60.0,0.04,0.5,ac884c60d8359016,shared_auditory_relay,0.015219573803131062,0.09365067457960365,0.037373298309665605,0.06231611969605757,0.07076714149773938,0.10447537717978196,0.15266369308592367,0.0030883008560888187,0.003355463178497404,0.0032259114892335895,0.005595411928140366,0.006815629223476636,1.0,0.05560418324808867,0.11980440835829621,1.1074156650706326,True,0.2403020030137106,0.003355463178497404,0.05034384706203732,0.0775916784998152,0.04131118317913438,0.03628049532068082,1.0,,,,,0.0017351630996551015,11.083488914698169,0.2879178694898781,0.7142857142857143,31.532194902248136,0.9999847174641354
parameter_input_0.04,input_0.04,"High AD-like perturbation, input_0.04",1.0,53,2Hz,60.0,0.04,0.5,ac884c60d8359016,anterior_temporal_context,0.02452553863177446,0.2831161224720453,0.12446608890587976,0.1856605708878026,0.25229605913591857,0.3114058106913182,0.436621651427272,0.004437023511489735,0.0064485137840550565,0.00883130196984685,0.009626102109801998,0.013561746393678062,1.0,0.1757388427571037,0.3587742517647885,1.029643256827588,True,0.21836951457274978,0.00883130196984685,0.03793855572173162,0.0668433886037005,0.026782257965994222,0.04006113063770628,1.0,,,,,0.0003140351838077371,-0.9278002700871035,0.18360554719719402,0.1111111111111111,31.532194902248136,0.9999847174641354
parameter_input_0.04,input_0.04,"High AD-like perturbation, input_0.04",1.0,53,2Hz,60.0,0.04,0.5,ac884c60d8359016,hippocampal_context,0.003971895441401855,0.044222470328786914,0.017089555841746738,0.032097177201088775,0.029692338572700313,0.04635214946711412,0.0749790362079017,0.0005979969314572911,0.0009361167663854697,0.0006005264361310215,0.0008801158350681242,0.001010160968044615,1.0,0.028187502584762655,0.05595552894884867,0.989225029842888,False,0.2398467287972278,0.0008801158350681242,0.01216276565061052,0.01441934773947294,0.01268149567531316,0.0017378520641597797,1.0,,,,,0.0004892319085114116,4.8694215148451905,0.15875872860922197,0.0,31.532194902248136,0.9999847174641354
parameter_input_0.04,input_0.04,"High AD-like perturbation, input_0.04",1.0,53,2Hz,60.0,0.04,0.5,ac884c60d8359016,angular_parietal_context,0.01671648427163717,0.104911966416755,0.03962528465600564,0.06493322975285938,0.07655379465230401,0.13644993364278218,0.15912472308669426,0.0015335930343361808,0.002185174070036515,0.00253761220198392,0.0025337753910389467,0.003473203638551544,1.0,0.05772267629043158,0.13626018811012644,1.2391540070397615,True,0.2541336208063804,0.0025337753910389467,0.007684974000827337,0.015925432517095856,0.004413774551225016,0.01151165796587084,1.0,,,,,0.000373809857210583,2.8897388744545847,0.22131583485816597,0.5,31.532194902248136,0.9999847174641354
parameter_input_0.04,input_0.04,"High AD-like perturbation, input_0.04",1.0,53,5Hz,60.0,0.04,0.5,ac884c60d8359016,semantic_expanded,0.020742071686324297,0.19347092957992632,0.07765427267009155,0.12190814437843514,0.17450834398203063,0.23417258222539813,0.2790855364517618,0.006900864874329892,0.012369651372174538,0.01633570720867358,0.020903790059371385,0.0238766710534763,1.0,0.11576859356172793,0.2465813552039462,1.0908197941846303,True,0.2316458976404294,0.01633570720867358,0.032799799542808324,0.025952489882941937,0.03892021446488504,0.012967724581943105,1.0,,,,,0.0022435783836762813,0.03164478382444349,0.15637519099298205,0.23076923076923078,31.859066993684518,0.9999203572044429
parameter_input_0.04,input_0.04,"High AD-like perturbation, input_0.04",1.0,53,5Hz,60.0,0.04,0.5,ac884c60d8359016,episodic_expanded,0.00968287552341714,0.09196391629240967,0.029073973185166573,0.050029851120927955,0.06926162275225793,0.09009462648975516,0.14205203727534507,0.0017031646928855047,0.0015535927951330997,0.003033177841460795,0.0030851658684036137,0.005763246361478058,1.0,0.04686257739073769,0.11494165641127335,1.2943935367992607,True,0.271294532828707,0.003033177841460795,0.054246015560719674,0.08240676977442724,0.05423295994672492,0.028173809827702317,1.0,,,,,0.0015881090565362799,7.496292518139473,0.24520627192719407,0.7368421052631579,31.859066993684518,0.9999203572044429
parameter_input_0.04,input_0.04,"High AD-like perturbation, input_0.04",1.0,53,5Hz,60.0,0.04,0.5,ac884c60d8359016,semantic_anatomical_core,0.01710721638691661,0.1417060318548995,0.053924469640611546,0.07977541433095124,0.11701160662528703,0.17446957456180479,0.2083291939631288,0.0037405263399277323,0.006004438885525745,0.011088372560498013,0.012253375627997531,0.016438308979419357,1.0,0.07653831356415072,0.18282412127347306,1.2562024095647488,True,0.25143327204416666,0.011088372560498013,0.03715865443610697,0.024460691427560573,0.0452834717275217,0.020822780299961128,1.0,,,,,0.0023839000492508755,0.8122351519166966,0.1646167930434396,0.3,31.859066993684518,0.9999203572044429
parameter_input_0.04,input_0.04,"High AD-like perturbation, input_0.04",1.0,53,5Hz,60.0,0.04,0.5,ac884c60d8359016,episodic_anatomical_core,0.010339160184749974,0.09537500065820627,0.026908657439945013,0.0446729680103663,0.06804101793853713,0.09267718922974628,0.1493138762788986,0.00173399679249203,0.0015381237761261264,0.0029293871372151224,0.0028463928566766863,0.005522875481551004,1.0,0.04339927958252689,0.12004480567984395,1.467829980133014,True,0.2998612020134192,0.0028463928566766863,0.04634997892828457,0.08297620134738183,0.04271995989768487,0.04025624144969696,1.0,,,,,0.0016111227914105686,7.371536063987266,0.2529016662950099,0.8125,31.859066993684518,0.9999203572044429
parameter_input_0.04,input_0.04,"High AD-like perturbation, input_0.04",1.0,53,5Hz,60.0,0.04,0.5,ac884c60d8359016,semantic_platel_peaks,0.023789167774203396,0.20225686348008398,0.08651140095185786,0.1342208162051472,0.1825816555884665,0.23665235457581046,0.2991662426776078,0.006244549168593144,0.01228073408608513,0.013995416983031484,0.022927468811638575,0.01686167433170228,1.0,0.1265985851110286,0.2564394058259754,1.018356690056545,True,0.2199065637281109,0.013995416983031484,0.022761029166134587,0.01943563543876625,0.02822761113562758,0.00879197569686133,1.0,,,,,0.0011665559807434445,-3.7978652356648794,0.18655178854364166,0.0,31.859066993684518,0.9999203572044429
parameter_input_0.04,input_0.04,"High AD-like perturbation, input_0.04",1.0,53,5Hz,60.0,0.04,0.5,ac884c60d8359016,episodic_platel_peaks,0.005587246680293045,0.05307772813157507,0.018223094578128502,0.034689960897808424,0.03872289807569301,0.05032772919433014,0.09209969665851254,0.001087286297710619,0.001202331652814639,0.0021814865826088195,0.0025832943882009166,0.005207834549439016,1.0,0.02951063712364034,0.0689697254044101,1.224728154498995,True,0.26058460765542274,0.0021814865826088195,0.1021308939344325,0.10014221009672639,0.11912887187447889,0.018986661777752503,1.0,,,,,0.0014097911580195355,7.550028403959274,0.18830964932163147,0.5,31.859066993684518,0.9999203572044429
parameter_input_0.04,input_0.04,"High AD-like perturbation, input_0.04",1.0,53,5Hz,60.0,0.04,0.5,ac884c60d8359016,semantic_expanded_left,0.01639753067552561,0.15265714150217777,0.05843910069307513,0.08961730616999339,0.13114149205068767,0.18033418084701874,0.23161112903970604,0.003212268301475376,0.008678658928572495,0.007952996949497188,0.013746101864966978,0.01244993810730264,1.0,0.08568798156942799,0.19663540784307498,1.198358354980289,True,0.24911104989958224,0.008678658928572495,0.036854449276869414,0.026010589330920538,0.04612712538711722,0.02011653605619668,1.0,,,,,0.002941034369159934,1.371497265636961,0.21077684652115988,0.42857142857142855,31.859066993684518,0.9999203572044429
parameter_input_0.04,input_0.04,"High AD-like perturbation, input_0.04",1.0,53,5Hz,60.0,0.04,0.5,ac884c60d8359016,episodic_expanded_left,0.012350496139505642,0.11498020489174525,0.05776260771669002,0.09560236913282018,0.11883208916146075,0.12434926167376151,0.14395106234586408,0.002616124066485072,0.0020715409136901402,0.004670848991037775,0.004186803853299711,0.00683798603409564,1.0,0.0894369113125576,0.1320459629904537,0.5620979240663049,False,0.15070104891325653,0.004186803853299711,0.031305729751922196,0.053436091347325756,0.027758918330351864,0.025677173016973892,1.0,,,,,0.0010476427528668397,5.993476901717422,0.2964276663026649,0.875,31.859066993684518,0.9999203572044429
parameter_input_0.04,input_0.04,"High AD-like perturbation, input_0.04",1.0,53,5Hz,60.0,0.04,0.5,ac884c60d8359016,semantic_expanded_right,0.025810702865589424,0.245196524867373,0.10318752329184089,0.16583399234967744,0.23221607168828176,0.30408432837605015,0.3362909933538421,0.014825018194117735,0.01763040538042056,0.03355405914299783,0.03178853489802242,0.045791024475978506,1.0,0.15640895035439017,0.3092137138532957,0.9832812333889709,False,0.21418074538127657,0.03178853489802242,0.028745149808747237,0.025894390434963336,0.03171330354265286,0.0058189131076895224,1.0,,,,,0.001824394679404373,-8.860782332267828,0.12801245289494256,0.0,31.859066993684518,0.9999203572044429
parameter_input_0.04,input_0.04,"High AD-like perturbation, input_0.04",1.0,53,5Hz,60.0,0.04,0.5,ac884c60d8359016,episodic_expanded_right,0.0077427878026255035,0.07355493850267535,0.014633963911701027,0.026181213142373313,0.04036933474895009,0.06527615534721942,0.14017806444243852,0.0011088044364001221,0.0011651474306582342,0.0019696992635774894,0.0022733924896102017,0.00485742563051066,1.0,0.02455475180742888,0.10005292156885062,2.026689149532216,True,0.39188801674415746,0.0019696992635774894,0.07718630136951715,0.1113774482015287,0.08070700156309797,0.03067044663843073,1.0,,,,,0.0016844682238856823,7.721170968088177,0.21753340992883904,0.6363636363636364,31.859066993684518,0.9999203572044429
parameter_input_0.04,input_0.04,"High AD-like perturbation, input_0.04",1.0,53,5Hz,60.0,0.04,0.5,ac884c60d8359016,shared_auditory_relay,0.01623000115767169,0.07985856411607195,0.02891568925398861,0.039842312868724944,0.056675435649479564,0.08398332352235796,0.13601199308875445,0.004230398987866458,0.004568891255775186,0.005598023231821294,0.0058029756796035975,0.006992551303752724,1.0,0.03919875248258099,0.10528118244855883,1.4253679518886975,True,0.27717102138910343,0.005598023231821294,0.07274741371384617,0.13911368038095456,0.0652327697370462,0.07388091064390837,1.0,,,,,0.004723277916586444,10.020075109935798,0.36876456450665285,0.7142857142857143,31.859066993684518,0.9999203572044429
parameter_input_0.04,input_0.04,"High AD-like perturbation, input_0.04",1.0,53,5Hz,60.0,0.04,0.5,ac884c60d8359016,anterior_temporal_context,0.022431794627660893,0.1933217443089516,0.09057416650336694,0.1188160780598275,0.14358363941979826,0.24208013933219943,0.2705065205082189,0.013517291274225468,0.014131219209788456,0.013512315231916847,0.030191919042485388,0.02500228969402214,1.0,0.11734930167609278,0.245326133399961,1.0638916686921995,True,0.2091869165610234,0.014131219209788456,0.016115113333864173,0.051668986246947046,-0.002441504348684501,0.05411049059563155,1.0,,,,,0.0019663879525770867,0.7692591276286376,0.20534757032345397,0.3888888888888889,31.859066993684518,0.9999203572044429
parameter_input_0.04,input_0.04,"High AD-like perturbation, input_0.04",1.0,53,5Hz,60.0,0.04,0.5,ac884c60d8359016,hippocampal_context,0.004599714501952722,0.03921334382106572,0.013216048976778014,0.02068643558095912,0.021782007097094436,0.04041581722395638,0.06973095338376012,0.0011805358868567921,0.0007831615522533294,0.001353825585391849,0.0009279785578785013,0.0026688635193247226,1.0,0.017891515254329117,0.05212387212775658,1.5426686852465434,True,0.2882625738326249,0.0011805358868567921,0.037722332396083066,0.07741441868891172,0.03397638182525799,0.04343803686365373,1.0,,,,,0.001262439472910104,4.9441350726732685,0.24553005293655306,0.5,31.859066993684518,0.9999203572044429
parameter_input_0.04,input_0.04,"High AD-like perturbation, input_0.04",1.0,53,5Hz,60.0,0.04,0.5,ac884c60d8359016,angular_parietal_context,0.01937097609577867,0.09266678172923463,0.0275088326430157,0.03706789007734823,0.061362791929406385,0.10387424500048911,0.1581040748987374,0.0016576016182715738,0.0028811571105092433,0.003954050352106595,0.0026787786355344113,0.008401151953611692,1.0,0.038106317853772095,0.12463736354883034,1.709634506618891,True,0.3266205770866238,0.0028811571105092433,0.029227815537469157,0.06921816773248007,0.022649867275186406,0.04656830045729367,1.0,,,,,0.0013475489717622025,4.384869536931065,0.2941997288528072,0.6666666666666666,31.859066993684518,0.9999203572044429
parameter_input_0.04,input_0.04,"High AD-like perturbation, input_0.04",1.0,71,2Hz,60.0,0.04,0.5,ac884c60d8359016,semantic_expanded,0.021619117033635896,0.2784200215321684,0.1136324691912383,0.17810795427264758,0.24484790969810283,0.32975054821157274,0.4174331734997536,0.005452115504652989,0.006892508845046019,0.016566032220123438,0.018927603724557367,0.021909127168316337,1.0,0.16281780884284314,0.3548107343865652,1.123791148641504,True,0.23214816835832752,0.016566032220123438,0.015272956836081831,0.02235025952497392,0.017484017566348556,0.0048662419586253634,1.0,,,,,0.00012623021107494026,-4.841735739688514,0.1935887184588341,0.15384615384615385,31.520441134795796,0.9999597601568534
parameter_input_0.04,input_0.04,"High AD-like perturbation, input_0.04",1.0,71,2Hz,60.0,0.04,0.5,ac884c60d8359016,episodic_expanded,0.015831436759553494,0.19179167128890762,0.02515542723336122,0.04882357375991495,0.0691796955333039,0.14302261286106943,0.3840594930010378,0.0014596049809570974,0.0018598919004738734,0.002841877995621806,0.004549225958759418,0.007500136791505584,1.0,0.04150708248310597,0.26676272986868066,2.6841276836985863,True,0.4707684942325228,0.002841877995621806,0.03782558148499293,0.05606538459694619,0.04535405764413253,0.010711326952813661,1.0,,,,,9.852621942152417e-05,0.03186568582563856,0.3371000208059465,0.47368421052631576,31.520441134795796,0.9999597601568534
parameter_input_0.04,input_0.04,"High AD-like perturbation, input_0.04",1.0,71,2Hz,60.0,0.04,0.5,ac884c60d8359016,semantic_anatomical_core,0.01863112663387801,0.21983302201018962,0.07784320943011669,0.12043556524399038,0.17312772824806122,0.2664261710995315,0.3357689143599906,0.0036203039905987433,0.0030158941559263975,0.008268486189344264,0.011917866535226631,0.01169693040605675,1.0,0.10828822215995525,0.2848161344463643,1.3951545368658425,True,0.26815627308085344,0.008268486189344264,0.020044451959142028,0.013268155217547472,0.025559185340323073,0.012291030122775602,1.0,,,,,8.382976225734806e-05,-5.026985017120774,0.19457670753560027,0.1,31.520441134795796,0.9999597601568534
parameter_input_0.04,input_0.04,"High AD-like perturbation, input_0.04",1.0,71,2Hz,60.0,0.04,0.5,ac884c60d8359016,episodic_anatomical_core,0.017081343918669764,0.1879700818965712,0.022984052058388098,0.0464421107529804,0.07046992305529079,0.14064750457917843,0.37551911916851727,0.0014199209599683672,0.0019245227468346335,0.003021193752783291,0.004123590954984722,0.006730701805171629,1.0,0.03954031053022665,0.26165007843101207,2.726242584963985,True,0.4829470546175662,0.003021193752783291,0.03600351408790883,0.047271131271920216,0.04487454457282644,0.002396586699093775,1.0,,,,,9.830711603653342e-05,0.0728749701171658,0.3699956037666242,0.5,31.520441134795796,0.9999597601568534
parameter_input_0.04,input_0.04,"High AD-like perturbation, input_0.04",1.0,71,2Hz,60.0,0.04,0.5,ac884c60d8359016,semantic_platel_peaks,0.023433071207374694,0.28700378408772204,0.12459948876932704,0.19362064816747032,0.2498038975850555,0.3296912952876196,0.43967359968205516,0.004841364920853439,0.006215942849371538,0.008939681157556828,0.013089516388304462,0.025115015094453404,1.0,0.17611001275753008,0.3646525677807823,1.0500456170621961,True,0.22030762508036583,0.008939681157556828,0.006946778188536199,0.025654331075384663,0.006452484490977879,0.019201846584406785,1.0,,,,,0.00028380452333232054,-4.841735739688514,0.14930769194566523,0.2,31.520441134795796,0.9999597601568534
parameter_input_0.04,input_0.04,"High AD-like perturbation, input_0.04",1.0,71,2Hz,60.0,0.04,0.5,ac884c60d8359016,episodic_platel_peaks,0.008572431740064602,0.11334077373449236,0.02026801212099487,0.037533364080093855,0.0382910418990115,0.10956574024640178,0.2256454853177755,0.0010197597962807504,0.0008676282947995999,0.0007795971132177144,0.002677498621884281,0.0054561037739837715,1.0,0.029316259913960335,0.15785842151776414,2.4288582630456332,True,0.42495570360757073,0.0010197597962807504,0.050250155287103665,0.1155194803098143,0.05011974079184306,0.06539973951797125,1.0,,,,,0.00015426917439753662,-3.6447636197709263,0.32825996178540395,0.25,31.520441134795796,0.9999597601568534
parameter_input_0.04,input_0.04,"High AD-like perturbation, input_0.04",1.0,71,2Hz,60.0,0.04,0.5,ac884c60d8359016,semantic_expanded_left,0.016821484304963448,0.2154213898088996,0.08003947893253649,0.1267962667943777,0.17281997422040668,0.2505238055111663,0.33936840205219276,0.004144095821250699,0.007314511206475261,0.014847821608239857,0.013255642245966945,0.012177608446810005,1.0,0.11338861366845152,0.2785319373617879,1.296566987007749,True,0.2575286279079942,0.012177608446810005,0.020291784372368834,0.0446404443791545,0.021075296121424513,0.023565148257729988,1.0,,,,,0.00012623021107494026,-2.9792356626839482,0.14930769194566523,0.14285714285714285,31.520441134795796,0.9999597601568534
parameter_input_0.04,input_0.04,"High AD-like perturbation, input_0.04",1.0,71,2Hz,60.0,0.04,0.5,ac884c60d8359016,episodic_expanded_left,0.026197106161812006,0.33548864749608615,0.040926901150495625,0.07239028196030843,0.10459030162862608,0.18599996639772648,0.6872686255369569,0.002288061639597059,0.003415271982256704,0.006808065686001884,0.009377449599889249,0.012921350624711737,1.0,0.06659568800850708,0.46477956275437415,2.8030459594316626,True,0.4750469970538669,0.006808065686001884,0.03118913429520394,0.012456332444372291,0.043624426455533896,0.031168094011161607,1.0,,,,,8.354857066938948e-05,-0.10552331454975168,0.32787194807141445,0.375,31.520441134795796,0.9999597601568534
parameter_input_0.04,input_0.04,"High AD-like perturbation, input_0.04",1.0,71,2Hz,60.0,0.04,0.5,ac884c60d8359016,semantic_expanded_right,0.027216355217087082,0.35984220721414467,0.16132461413674684,0.25018436407619954,0.34689565921976245,0.4340323021357993,0.5134551516415979,0.007172991349197687,0.006494853427387148,0.01848307655891217,0.027026542818992964,0.03941741560948271,1.0,0.23379454090424673,0.4519792538993941,0.9510153102752577,False,0.2067677088086609,0.01848307655891217,0.010254129299794829,6.0074670793339516e-05,0.013892739011272602,0.013832664340479263,1.0,,,,,0.000137017413138818,-6.5761947113668455,0.22478963261831275,0.16666666666666666,31.520441134795796,0.9999597601568534
parameter_input_0.04,input_0.04,"High AD-like perturbation, input_0.04",1.0,71,2Hz,60.0,0.04,0.5,ac884c60d8359016,episodic_expanded_right,0.008292768103365487,0.10964318897324692,0.015461603529815935,0.0329290243129162,0.04575787811640423,0.1099756531453727,0.21462014805196797,0.000931114207574388,0.0010128616108526114,0.0011862797620482847,0.002206938742074922,0.004353418889795865,1.0,0.025870111831253748,0.15310990359659687,2.56520940796551,True,0.4664899914111789,0.0011862797620482847,0.04446202867478192,0.09967443674952009,0.04708368883273115,0.05259074791678894,1.0,,,,,0.00014885850398693723,0.28181312573135947,0.41136223052460535,0.5454545454545454,31.520441134795796,0.9999597601568534
parameter_input_0.04,input_0.04,"High AD-like perturbation, input_0.04",1.0,71,2Hz,60.0,0.04,0.5,ac884c60d8359016,shared_auditory_relay,0.01844536790666493,0.14759821124035852,0.03778491725778908,0.06229190560771578,0.0806502242954593,0.14447774609270375,0.2697985392075005,0.003113860496883392,0.003523681993596658,0.0038179949427839346,0.00575364717408207,0.007271973831881176,1.0,0.05426034103293732,0.1987460368503768,1.8729560719521496,True,0.3442865507834192,0.0038179949427839346,0.04449967507722563,0.09192594426746703,0.048057106609950065,0.043868837657516965,1.0,,,,,0.0003226231279226943,5.181156234756957,0.42320225734881334,0.7857142857142857,31.520441134795796,0.9999597601568534
parameter_input_0.04,input_0.04,"High AD-like perturbation, input_0.04",1.0,71,2Hz,60.0,0.04,0.5,ac884c60d8359016,anterior_temporal_context,0.04625537908100294,0.5171103963991478,0.11793168531012917,0.1830448601505607,0.22885446089551104,0.37375468694316555,0.9960862362033589,0.00470569221638003,0.006016658933087332,0.0077783732225936075,0.01088017282149737,0.028398751522659065,1.0,0.16349963116355562,0.7017965642385599,2.101765503632363,True,0.3593266466070306,0.0077783732225936075,0.020604882418748353,0.07443706914955713,0.015352031024709339,0.059085038124847784,1.0,,,,,0.00030939512382882617,-1.5527783413815555,0.26512311818838286,0.3333333333333333,31.520441134795796,0.9999597601568534
parameter_input_0.04,input_0.04,"High AD-like perturbation, input_0.04",1.0,71,2Hz,60.0,0.04,0.5,ac884c60d8359016,hippocampal_context,0.007931536236318974,0.09566445495235894,0.015530880944804796,0.02887250187638157,0.03269048255125163,0.08683064131552223,0.19280045277015032,0.0006511098804836039,0.0008096105348251426,0.0005103169363218919,0.0011301416599744773,0.0018114916863158869,1.0,0.023404785328051,0.13317844175267796,2.5084851275659,True,0.4428150926243257,0.0008096105348251426,0.034868756858612016,0.021347028431310873,0.04790115006872945,0.026554121637418576,1.0,,,,,7.280545292598362e-05,-5.138333289966248,0.2767727953016944,0.5,31.520441134795796,0.9999597601568534
parameter_input_0.04,input_0.04,"High AD-like perturbation, input_0.04",1.0,71,2Hz,60.0,0.04,0.5,ac884c60d8359016,angular_parietal_context,0.021689886172983498,0.1966991694429115,0.035444046910091474,0.055968074844320474,0.09345982607358717,0.20071246868548906,0.3523181331585822,0.0014667609598603912,0.0021733194567226904,0.002930610259684339,0.0030095888497051852,0.006578841836438436,1.0,0.05334985278500657,0.268217094996198,2.3298449961505105,True,0.4234490594960514,0.002930610259684339,0.027031148711858466,0.020792537123030447,0.03586375657171878,0.015071219448688333,1.0,,,,,0.00012336877937590973,-2.0545697311619824,0.2800754373128535,0.0,31.520441134795796,0.9999597601568534
parameter_input_0.04,input_0.04,"High AD-like perturbation, input_0.04",1.0,71,5Hz,60.0,0.04,0.5,ac884c60d8359016,semantic_expanded,0.02022924965262721,0.18729833336866522,0.07792040366118053,0.12629066792049665,0.168248486223207,0.22364121429592698,0.2727592643347653,0.006900649036347295,0.012464121267341116,0.015017390749141574,0.020554936917895117,0.02331395877446224,1.0,0.11701758576378037,0.23763689536919153,1.0220334867769465,True,0.2219774165734757,0.015017390749141574,0.010128302950775294,0.016522504735784677,0.007170895871424275,0.009351608864360402,1.0,,,,,0.001261610910346822,-0.2732256071462811,0.10682713957767015,0.0,31.870667966801605,0.9999131901857339
parameter_input_0.04,input_0.04,"High AD-like perturbation, input_0.04",1.0,71,5Hz,60.0,0.04,0.5,ac884c60d8359016,episodic_expanded,0.006998561626028692,0.06424876703502885,0.01766269362398716,0.028272419824791544,0.03639008136913924,0.06705091294266212,0.11085144019498129,0.001353626544048746,0.00167485965468725,0.002330048018846263,0.003197307276107315,0.004037741364432674,1.0,0.025331374084857885,0.0863856442729762,1.7698662452814984,True,0.3272781036649174,0.002330048018846263,0.040462901914304225,0.08980795109383895,0.033584173186144525,0.05622377790769442,1.0,,,,,0.001511031119654338,8.045397770473112,0.25606402466860084,0.5789473684210527,31.870667966801605,0.9999131901857339
parameter_input_0.04,input_0.04,"High AD-like perturbation, input_0.04",1.0,71,5Hz,60.0,0.04,0.5,ac884c60d8359016,semantic_anatomical_core,0.016454836832873587,0.1315679331947821,0.05412130202160785,0.08993668849067273,0.1102694768744206,0.16513200917913282,0.18766944349659392,0.004236257736392708,0.006703261893157372,0.011100343889701844,0.010671509658929731,0.015144519129383596,1.0,0.08101137456521575,0.16732188332231746,1.0464297498710826,True,0.22322443809130538,0.010671509658929731,0.002319754397844921,0.022520758951772125,-0.007196881518353753,0.02971764047012588,1.0,,,,,0.001562001657661627,0.7388177967552596,0.10288024590069383,0.0,31.870667966801605,0.9999131901857339
parameter_input_0.04,input_0.04,"High AD-like perturbation, input_0.04",1.0,71,5Hz,60.0,0.04,0.5,ac884c60d8359016,episodic_anatomical_core,0.00732256441919604,0.061907269555127,0.016354585417675597,0.02740975168398588,0.037721515629195686,0.06584973766418915,0.10510370278017646,0.001384094690774328,0.0016910395347680509,0.0023584660132088923,0.0030317014896321885,0.0032476362621572386,1.0,0.02452254183846264,0.08326275929794681,1.7635628430155625,True,0.33162906201485165,0.0023584660132088923,0.037608587522967384,0.08590617371456348,0.031200101345399738,0.05470607236916374,1.0,,,,,0.0016187765138024335,8.223877458609538,0.2566778892186933,0.625,31.870667966801605,0.9999131901857339
parameter_input_0.04,input_0.04,"High AD-like perturbation, input_0.04",1.0,71,5Hz,60.0,0.04,0.5,ac884c60d8359016,semantic_platel_peaks,0.023752217197449795,0.20575700584714235,0.08765582743075602,0.13491678258163053,0.18104891126232955,0.23545096778936575,0.31248845773844847,0.006505343911538331,0.012552950860450439,0.012958276726254518,0.021231438796101107,0.017463758704437685,1.0,0.1264433423970239,0.26209981211955913,1.0516252425146817,True,0.22355594083515362,0.012958276726254518,0.0220567125723169,-0.0027112966595048637,0.03382278254456231,0.03653407920406717,1.0,,,,,0.0006009740786421247,-4.7203832925985525,0.13632486038151112,0.0,31.870667966801605,0.9999131901857339
parameter_input_0.04,input_0.04,"High AD-like perturbation, input_0.04",1.0,71,5Hz,60.0,0.04,0.5,ac884c60d8359016,episodic_platel_peaks,0.004723956176413552,0.044902841497776624,0.009754964503936906,0.017490960839092087,0.015489226548258126,0.05049004728041568,0.08242934920157889,0.0008355623793849191,0.0011639988883607752,0.0012005011967978917,0.0028795728174090623,0.0041660272309990845,1.0,0.013776568247734027,0.06177850797036499,2.164888471958015,True,0.3843644318531174,0.0012005011967978917,0.06413317067667446,0.1299320767713175,0.053692573813181606,0.07623950295813589,1.0,,,,,0.0009825652319180311,7.284493298705747,0.23039404239902023,0.5,31.870667966801605,0.9999131901857339
parameter_input_0.04,input_0.04,"High AD-like perturbation, input_0.04",1.0,71,5Hz,60.0,0.04,0.5,ac884c60d8359016,semantic_expanded_left,0.015155231132428499,0.14113860068526543,0.059292477280288906,0.09566839819884952,0.12074647335881251,0.16720072164510014,0.2096490648862412,0.003184089314537375,0.008773868029934937,0.006602112618441164,0.012656355621577717,0.013190872558184326,1.0,0.08712405298580372,0.179523635362266,1.043030821513688,True,0.22247887783290726,0.008773868029934937,0.009957258575300844,0.011144097284122901,0.009649541911385288,0.0014945553727376132,1.0,,,,,0.0018623924049764318,1.7508612006568003,0.10682713957767015,0.0,31.870667966801605,0.9999131901857339
parameter_input_0.04,input_0.04,"High AD-like perturbation, input_0.04",1.0,71,5Hz,60.0,0.04,0.5,ac884c60d8359016,episodic_expanded_left,0.010535898067003216,0.09811938182569596,0.04135060710709504,0.05107151873915807,0.06741351280939178,0.08721629251104668,0.16867706523124337,0.0021575808480739597,0.0023727279637135814,0.00427015487874159,0.004022004768514391,0.005904463032946581,1.0,0.052271076592604666,0.12836656568924187,1.2961847085952956,True,0.24143227607335313,0.004022004768514391,0.02015880510746288,0.05079192045339418,0.01517308364417153,0.03561883680922265,1.0,,,,,0.0010926839604789573,7.686101754420996,0.23521627559072777,0.5,31.870667966801605,0.9999131901857339
parameter_input_0.04,input_0.04,"High AD-like perturbation, input_0.04",1.0,71,5Hz,60.0,0.04,0.5,ac884c60d8359016,semantic_expanded_right,0.026148937926192373,0.24855472218339777,0.10240066843588849,0.1667147470228781,0.234437928735868,0.29913383291442547,0.35486738908571636,0.014955283102590826,0.01770648001963819,0.03415906967149726,0.033382866626971326,0.041205816471942436,1.0,0.1571680254615208,0.3145618900082599,1.0010361520402056,True,0.22147595531404402,0.033382866626971326,0.010299347326249746,0.021900912187446456,0.004692249831463263,0.017208662355983194,1.0,,,,,0.0010833214604958896,-9.423278235483773,0.10279028074988175,0.0,31.870667966801605,0.9999131901857339
parameter_input_0.04,input_0.04,"High AD-like perturbation, input_0.04",1.0,71,5Hz,60.0,0.04,0.5,ac884c60d8359016,episodic_expanded_right,0.00442595330531995,0.042070220874958444,0.007544526377735049,0.015651183722022267,0.019643510134189107,0.05154799403878607,0.07284951144042937,0.0008492403992133242,0.0011822488316396455,0.001271411441575007,0.002541711013839689,0.00276119187046795,1.0,0.012275976598457795,0.05813413715938182,2.2435477819677003,True,0.4131239312564816,0.001271411441575007,0.06076699872114557,0.12882398173428372,0.05199526272811752,0.0768287190061662,1.0,,,,,0.001746603055456375,9.92211392941555,0.2861543799651119,0.6363636363636364,31.870667966801605,0.9999131901857339
parameter_input_0.04,input_0.04,"High AD-like perturbation, input_0.04",1.0,71,5Hz,60.0,0.04,0.5,ac884c60d8359016,shared_auditory_relay,0.014566329910237897,0.06639822778586812,0.02345205541918,0.038485214924342995,0.04581601926696017,0.07640218833306726,0.1079515903231523,0.0038178962850703426,0.004573197251726518,0.005336540199120173,0.006510066989798645,0.0035344016362751918,1.0,0.034027510017516735,0.08696976082051525,1.3538122813732691,True,0.2697253049232611,0.004573197251726518,0.07450520132584347,0.15533886139759367,0.0633694048112883,0.09196945658630537,1.0,,,,,0.006367289892187544,10.833206523622845,0.3850409712378669,0.8571428571428571,31.870667966801605,0.9999131901857339
parameter_input_0.04,input_0.04,"High AD-like perturbation, input_0.04",1.0,71,5Hz,60.0,0.04,0.5,ac884c60d8359016,anterior_temporal_context,0.025039228027363813,0.20048114940074963,0.08076707695050263,0.11965784907906751,0.15541725697927886,0.21868854377273683,0.31035086487052976,0.010290005861136863,0.014689764786176838,0.020220377118709713,0.02561559685173603,0.043184099946089224,1.0,0.11225578397912656,0.2584625840923398,1.203165664557182,True,0.23770422387316092,0.020220377118709713,0.02614568841561544,0.0010862715833061705,0.038211407499649935,0.03712513591634377,1.0,,,,,0.0011284155188676093,1.8212122718849217,0.14370323488932027,0.2777777777777778,31.870667966801605,0.9999131901857339
parameter_input_0.04,input_0.04,"High AD-like perturbation, input_0.04",1.0,71,5Hz,60.0,0.04,0.5,ac884c60d8359016,hippocampal_context,0.004017735704312717,0.032516983164255546,0.00861424629811141,0.016170703413460615,0.017648731390983347,0.03395722688079626,0.058627764471143456,0.0008159075686250669,0.0010730881471367427,0.000768441457733576,0.0016673855107533979,0.0010998445526364266,1.0,0.013649730291033703,0.04371372178506794,1.6792137695703775,True,0.33019556725815064,0.0010730881471367427,0.02164865350098696,0.0689095462819505,0.014622130154977542,0.054287416126972965,1.0,,,,,0.0014482570983770926,6.4169947323870495,0.168367667779837,0.5,31.870667966801605,0.9999131901857339
parameter_input_0.04,input_0.04,"High AD-like perturbation, input_0.04",1.0,71,5Hz,60.0,0.04,0.5,ac884c60d8359016,angular_parietal_context,0.013928631514128646,0.07152109455795616,0.02051665348356614,0.03286852698577804,0.04697056510490538,0.08345286616090915,0.11487758649284702,0.0014323382987558306,0.0026328972972972345,0.0032578270936879585,0.0030670448749185036,0.0049659945842943235,1.0,0.030098724816229185,0.09548755722678635,1.665610384937834,True,0.3157357408532029,0.0030670448749185036,0.020928058362610656,0.06886332427355243,0.012584647282569644,0.05627867699098279,1.0,,,,,0.00131930645545969,4.804803414848529,0.1389582393861356,0.3333333333333333,31.870667966801605,0.9999131901857339
