probe,region_index,mean_log2_transfer_change,median_log2_transfer_change,minimum_log2_transfer_change,maximum_log2_transfer_change,numerical_initializations,region_label,hemisphere,b_reduction,bilateral_a1_affinity,weighted_structural_strength,semantic_expanded_membership,episodic_expanded_membership,proxy_membership
2Hz,0,4.7080377181286295,4.596648743076662,3.8848613756655377,6.243620104458483,20,L_V1,L,0.0499991002520257,0.0019063489862529,0.5269579218379199,False,False,Neither
2Hz,1,10.530635799681658,10.560258092090473,10.196991470523301,10.822854199835382,20,L_MST,L,0.029726287630961,0.0008896902916246,0.3331886005542827,False,False,Neither
2Hz,2,5.673907596827595,5.451524975224322,4.684717586195477,7.484257996624175,20,L_V6,L,0.0011528313979012,0.0020000321883328,0.3945636310635151,False,False,Neither
2Hz,3,10.074065954370386,10.08558842020522,9.693859415884228,10.605868452898815,20,L_V2,L,0.0234440611697802,0.0017152315470933,0.4839793948248942,False,False,Neither
2Hz,4,9.87086652083362,9.860730012072246,9.747011421561508,10.149281285738924,20,L_V3,L,0.0289114946873094,0.0016683351457104,0.4759108869777085,False,False,Neither
2Hz,5,9.646480092919589,9.860161520285086,7.9668164082878645,11.35164354280232,20,L_V4,L,0.021012840100362,0.0016964032104075,0.4402563606097447,False,False,Neither
2Hz,6,6.162824599013981,6.103820144422253,5.246831206807808,7.915295551736066,20,L_V8,L,0.0460138626668339,0.0006834582796599,0.2909880497772376,False,False,Neither
2Hz,7,5.711737174353109,5.513169083961113,4.667603974632048,7.555956065620245,20,L_4,L,0.0012170175842284,0.0028345626948133,0.6689470739282588,False,False,Neither
2Hz,8,5.906927523164086,5.760333238764323,4.990405018688823,7.661252856876651,20,L_3b,L,0.0071297126097682,0.0029474609432052,0.5498767235396308,False,False,Neither
2Hz,9,5.896148368624496,5.758999377747342,4.8962979032833,7.647069708502711,20,L_FEF,L,0.0028627447493883,0.0025295987765135,0.4933747427677384,False,False,Neither
2Hz,10,7.663538948889993,7.55409123008428,6.598220164057702,9.353213145131056,20,L_PEF,L,0.003551906787742,0.0006002948581714,0.3569584957733366,False,False,Neither
2Hz,11,11.953888327542606,12.16354370705221,9.243612755510828,14.781968004719978,20,L_55b,L,0.0220160095527867,0.0004725068464415,0.4800763261770397,False,False,Neither
2Hz,12,5.454702095514547,5.248760367596777,4.504867914102502,7.216642961868298,20,L_V3A,L,0.0014733234080654,0.002036745887104,0.4396558299189063,False,False,Neither
2Hz,13,5.611799306701028,5.44417223265731,4.631514657737983,7.413007237556867,20,L_RSC,L,0.0083128895291683,0.0044243883783171,0.7045098712235771,False,False,Neither
2Hz,14,8.806804949476575,8.985190275163825,6.859704046803954,10.474823940453524,20,L_POS2,L,0.0207440139764308,0.0038171566412159,0.6120738599360274,False,False,Neither
2Hz,15,5.8430058348426455,5.727890632700825,4.818905285759598,7.584785705699895,20,L_V7,L,0.000746923631009,0.0015349140679443,0.3589863603135077,False,False,Neither
2Hz,16,10.776469539002067,10.782678703982647,10.690863354157775,10.841263281689168,20,L_IPS1,L,0.036949521881766,0.0020083288328784,0.4225974938052476,False,False,Neither
2Hz,17,6.325383628210875,6.184883420709918,5.5377489374562,7.944075392846763,20,L_FFC,L,0.0099154716498692,0.0010331222737339,0.3953979078098145,False,False,Neither
2Hz,18,5.674091637299887,5.479031510185308,4.758633844930315,7.581297191380464,20,L_V3B,L,0.0054096322434224,0.0020763415633097,0.3259424833142891,False,False,Neither
2Hz,19,11.787604079661405,11.80393963710168,11.607149321995502,11.978058355317273,20,L_LO1,L,0.0322608214086095,0.0005367563954262,0.2968578762449552,False,False,Neither
2Hz,20,7.838691989919961,7.730020149425389,7.206401153093274,9.089291190491316,20,L_LO2,L,0.0366176998344744,0.0004781562758554,0.3191168505680777,False,False,Neither
2Hz,21,5.24377098184455,5.07657723211944,4.596379311900631,6.532617211380478,20,L_PIT,L,0.0380281522833636,0.0011167764308311,0.2993334176278671,False,False,Neither
2Hz,22,9.670939823044307,9.692610400305544,8.141184632523254,11.20358547851144,20,L_MT,L,0.019998189037052,0.0005470696593204,0.3177515017425273,False,False,Neither
2Hz,23,0.0,0.0,0.0,0.0,20,L_A1,L,0.0056302279108464,9.5465585268703e-05,0.3355397782410358,False,False,Neither
2Hz,24,7.314419307592698,7.14769253565597,6.690708932307286,8.796665182173005,20,L_PSL,L,0.0158375184075048,0.0024803788775391,0.3891588640103576,False,False,Neither
2Hz,25,8.89196729002345,8.931347225180073,8.008967786856347,9.289913393463113,20,L_SFL,L,0.0282485631882102,0.0022078791531402,0.5301229302068617,False,False,Neither
2Hz,26,9.59422521908788,9.606654907824813,8.080642315422413,11.122238434914877,20,L_PCV,L,0.0211169426099371,0.0037443506485766,0.4882032280826287,False,True,Episodic proxy
2Hz,27,5.679230030253374,5.553390848160643,4.688182847202704,7.363009861026348,20,L_STV,L,0.0018900213826269,0.0024077007599959,0.3846398675728902,False,False,Neither
2Hz,28,6.249907636091064,6.091227950055943,5.109320691530509,8.267351023317993,20,L_7Pm,L,0.0003388450631528,0.0016036023415219,0.4441539244828956,False,False,Neither
2Hz,29,6.6405189934319155,6.460394180134106,5.823669905035169,8.361642635235437,20,L_7m,L,0.0123260948224382,0.0027272549411686,0.5191920960281471,False,True,Episodic proxy
2Hz,30,7.430070841647426,7.408307731916746,6.420335444240525,8.948515486246983,20,L_POS1,L,0.0166702599789514,0.0026417647630162,0.5685226894264501,False,False,Neither
2Hz,31,6.226407826018826,6.078653257051613,5.241608512294261,8.157705365432316,20,L_23d,L,0.004511444010534,0.0016362703771604,0.3738187730208542,False,True,Episodic proxy
2Hz,32,6.0421021252298175,5.867086803852646,5.186344678000644,7.7810383987883185,20,L_v23ab,L,0.0081594664531512,0.0019809728303667,0.3711551027487709,False,True,Episodic proxy
2Hz,33,7.304870404535448,7.130824817729661,6.741045810560794,8.83170382891989,20,L_d23ab,L,0.0142830903568383,0.0023234459728752,0.3780701525136505,False,True,Episodic proxy
2Hz,34,9.998674412160044,9.978250990012285,9.821435138777542,10.153684980097214,20,L_31pv,L,0.0314008224451751,0.0017844999363434,0.4021545406468808,False,True,Episodic proxy
2Hz,35,6.542936456916875,6.36568143482671,5.490505648223108,8.56374421274976,20,L_5m,L,0.0009217098186841,0.0009004356074516,0.3150166066210373,False,False,Neither
2Hz,36,5.038005906346722,4.883718814110475,4.029400645914693,6.855965536790444,20,L_5mv,L,0.0012469921659551,0.003716811433188,0.4729654406610276,False,False,Neither
2Hz,37,5.362023223452324,5.200726840727562,4.33974718540987,7.1945067773156515,20,L_23c,L,0.0017189552846054,0.0033960563102697,0.518798508866956,False,False,Neither
2Hz,38,7.041422165246331,6.854436773783364,6.394765097140327,8.678087734173387,20,L_5L,L,0.013207480060198,0.0024171913750985,0.4087154818165799,False,False,Neither
2Hz,39,7.275419433390849,7.152815065211696,6.458286201200049,8.982575048986654,20,L_24dd,L,0.0101688840786328,0.0011952862515454,0.4691385863168601,False,False,Neither
2Hz,40,7.4067481429521225,7.262590524821617,6.62516559208868,9.16362943605805,20,L_24dv,L,0.0110507226284677,0.0009438912179781,0.4127020435606227,False,False,Neither
2Hz,41,5.225024264584797,5.084917138243389,4.177632453159418,7.076574894601037,20,L_7AL,L,0.0017683252802785,0.003901722404444,0.51228904145768,False,False,Neither
2Hz,42,7.499527576687569,7.379863047952821,6.557787744324255,9.252746174555135,20,L_SCEF,L,0.0055966295533799,0.0006249210103056,0.5288588643440378,False,False,Neither
2Hz,43,7.222466314168235,7.088742816166967,6.5991532393939645,8.758175269153591,20,L_6ma,L,0.0143972392938133,0.0019610498561996,0.552659211483917,False,False,Neither
2Hz,44,5.359417845295294,5.236379711160323,4.344139872663736,7.187004385056845,20,L_7Am,L,0.0037478545157944,0.0039303016165044,0.4966801086320414,False,False,Neither
2Hz,45,6.299234409852316,6.156628583469079,5.190093007261654,8.087962633812204,20,L_7PL,L,0.00173214950928,0.0013522741084444,0.4323163157162662,False,False,Neither
2Hz,46,5.58414481483768,5.446198371333111,4.577454174676423,7.449263376543477,20,L_7PC,L,0.0045049425714416,0.0035125584964529,0.4665824848036178,False,False,Neither
2Hz,47,9.606179289920728,9.462717297738312,7.722882474512959,11.943455848011082,20,L_LIPv,L,0.020515982422259,0.0018933988218494,0.429390090409817,False,False,Neither
2Hz,48,5.946694028582715,5.767485670414595,5.012171314223254,7.7439074174909575,20,L_VIP,L,0.0059834769737441,0.0025975759468497,0.425019689197073,False,False,Neither
2Hz,49,6.120705302192053,5.971725342152471,5.044183752024057,8.033764643450967,20,L_MIP,L,0.0032018228371426,0.0022086910449584,0.4440793038304302,False,False,Neither
2Hz,50,6.475089679621325,6.333559167810969,5.6671734590396925,8.12443643616858,20,L_1,L,0.0113178152775891,0.0026029901260918,0.5295021247185608,False,False,Neither
2Hz,51,5.250758206719873,5.0789533799037585,4.194740076996373,7.096501319637254,20,L_2,L,0.000888123331232,0.0039309546008066,0.5736180523828621,False,False,Neither
2Hz,52,7.839106703432199,7.660178055127879,7.2195717411877585,9.301055059072437,20,L_3a,L,0.015311585005769,0.0016138446482514,0.4900236801373875,False,False,Neither
2Hz,53,9.415310798985328,9.403212536795337,9.236754537217273,9.746777366022732,20,L_6d,L,0.0274590981822128,0.0019592234075121,0.4890312390130334,False,False,Neither
2Hz,54,6.6958336712283995,6.509498026663767,5.900047055616788,8.456528318663961,20,L_6mp,L,0.0109798904974894,0.0020728660029905,0.5616812217684544,False,False,Neither
2Hz,55,5.83202565313117,5.674302280604694,4.894074626321297,7.584797431175688,20,L_6v,L,0.0012330376067079,0.0020741155041055,0.4391827491719746,False,False,Neither
2Hz,56,6.861100094711659,6.752145500499976,5.803219957825257,8.713486028432767,20,L_p24pr,L,0.0012297810920269,0.000728572384414,0.3864281296934918,False,False,Neither
2Hz,57,7.480332554642328,7.37516131195939,6.55618139986759,9.231980847081202,20,L_33pr,L,0.0099197883874926,0.0009240481615277,0.4456465328860112,False,False,Neither
2Hz,58,7.045434310882753,6.8238133631513,5.990832376201151,9.131300831768618,20,L_a24pr,L,0.0037985897508616,0.0006316721138732,0.3558267336503884,False,False,Neither
2Hz,59,6.26694442316771,6.083647438004704,5.195641938088509,8.25252382455514,20,L_p32pr,L,0.0019192667349894,0.0014451426177102,0.4229250333732045,False,False,Neither
2Hz,60,6.214322729500312,6.036928182522905,5.187464256165626,8.250083528114711,20,L_a24,L,0.0007169935289524,0.0006299332253776,0.3392717517558431,False,False,Neither
2Hz,61,10.733934994141016,10.707511838592538,10.225239496459825,11.403856221177257,20,L_d32,L,0.0260686130324932,0.0004800027320248,0.3999898427061686,False,False,Neither
2Hz,62,10.173233681848489,9.980579525533503,8.950806559697503,11.738271146116375,20,L_8BM,L,0.0201039709450571,0.0006745074397163,0.4671058175950421,True,False,Semantic proxy
2Hz,63,5.886630266745189,5.724687653838944,4.896285083091983,7.79682340164087,20,L_p32,L,0.0022189630472424,0.0008111307157338,0.3551980821769425,False,False,Neither
2Hz,64,6.295735533879599,6.123096581154341,5.335992940227013,8.192556584239881,20,L_10r,L,0.0109335143078004,0.0011550532233814,0.3139992454386902,True,False,Semantic proxy
2Hz,65,6.544037881493469,6.3586677538862215,5.467190532178506,8.386375863829478,20,L_47m,L,0.0051704978729449,0.0004662169474727,0.2762573372838628,False,False,Neither
2Hz,66,6.335617005308796,6.187772613291479,5.318450351253767,8.065081141381347,20,L_8Av,L,0.0070172916642766,0.0020394104894835,0.5502184869537743,False,False,Neither
2Hz,67,7.573616040577019,7.422430948342948,6.5140878989913915,9.507563362141356,20,L_8Ad,L,0.0007276367491996,0.0005134328276676,0.4493691676500464,False,False,Neither
2Hz,68,7.162322609130813,7.047488693161304,6.337878543061407,8.877920065047997,20,L_9m,L,0.011305137805911,0.0013197867002186,0.4789169430642468,True,False,Semantic proxy
2Hz,69,10.393941804162193,10.31321105074737,9.967346324032466,11.232839983397106,20,L_8BL,L,0.0354695060237657,0.0007966893773906,0.4926272512022324,False,False,Neither
2Hz,70,6.707343174048061,6.601410587621102,5.691144184196004,8.577953371720636,20,L_9p,L,0.0026605796116713,0.001130006437039,0.4367419044383046,False,False,Neither
2Hz,71,10.32965037137526,10.270769720495727,10.059165593643616,10.79944218141808,20,L_10d,L,0.0236126203765792,0.0008135259170652,0.3948432109660709,False,False,Neither
2Hz,72,10.717070702949941,10.981196850335404,8.14522629605361,13.434187186289117,20,L_8C,L,0.0213830764712941,0.0012671698517427,0.5237723977365896,False,False,Neither
2Hz,73,6.031156260934106,5.892877974562645,4.955423323921444,7.870647791893557,20,L_44,L,0.0017412994538931,0.0020369080799178,0.5056592073759071,False,False,Neither
2Hz,74,9.501527033308204,9.469279306855423,9.222824845839213,10.132881965557559,20,L_45,L,0.0262967274187268,0.0023701238814946,0.4738070310821268,False,False,Neither
2Hz,75,8.396496998620895,8.240670485500779,7.177871510169334,9.944709780405164,20,L_47l,L,0.0499858074631609,0.0005993116776972,0.3627494816719777,False,False,Neither
2Hz,76,10.204144007375088,10.167892107689763,9.563566113339508,10.68573151452041,20,L_a47r,L,0.0287556383887705,0.0010799105452288,0.419248087726914,False,False,Neither
2Hz,77,6.575612099669051,6.444598937926163,5.59471857843629,8.296863883655497,20,L_6r,L,0.0039661459930891,0.0017141990821281,0.5269987920440811,False,False,Neither
2Hz,78,10.571193944669036,10.56648283998056,10.324050836470446,10.946591217337694,20,L_IFJa,L,0.0349379544136528,0.0019794645579286,0.4085473889485804,False,False,Neither
2Hz,79,6.146124353063909,6.06669440191069,5.264274611316818,7.8289244534854765,20,L_IFJp,L,0.0110644509573866,0.001855694800049,0.3886008127640468,False,False,Neither
2Hz,80,6.024819389039214,5.899471082297472,4.997993782389968,7.82201690063043,20,L_IFSp,L,0.0055202766373915,0.0019410612363008,0.4331125974293505,False,False,Neither
2Hz,81,13.129329735807241,12.856426586868999,10.939669943605837,15.782765094527,20,L_IFSa,L,0.0226959956257969,0.0005683736916149,0.4485746738620449,False,False,Neither
2Hz,82,12.11217659105738,12.119467672628627,10.421142336715546,13.63046540798301,20,L_p9-46v,L,0.0208340071292709,0.0004798188442608,0.4490547487409586,False,False,Neither
2Hz,83,6.746345999849254,6.566209758648123,5.811760124376786,8.572258018252278,20,L_46,L,0.0068963678790913,0.0016128319621387,0.4556137694607676,False,False,Neither
2Hz,84,10.131285338205984,10.130492737546014,9.417024860673864,10.897060177541675,20,L_a9-46v,L,0.0242172762587954,0.0006042788430845,0.4113204403723908,False,False,Neither
2Hz,85,7.628673175040767,7.486751140404701,6.5669590688292265,9.523401873256692,20,L_9-46d,L,0.0047584378792243,0.0006061693268079,0.4564244396351402,False,False,Neither
2Hz,86,6.220543963741869,6.046207960555678,5.108479395345554,8.312258810265966,20,L_9a,L,0.0005919715619468,0.0012038402711524,0.4186790579707314,False,False,Neither
2Hz,87,7.806199191654395,7.555586530147492,7.067122828649264,9.425192811895117,20,L_10v,L,0.0360882829623517,0.0003415956192625,0.3218456087479411,True,False,Semantic proxy
2Hz,88,10.544943237073692,10.583001209886396,10.150991198737115,10.966985876711394,20,L_a10p,L,0.0236714581863147,0.0003925093198796,0.3797276289164325,False,False,Neither
2Hz,89,6.8198648072223165,6.658461787545918,5.88359298432491,8.732089858013582,20,L_10pp,L,0.0056640370885858,0.0005173140385924,0.3302717447227111,False,False,Neither
2Hz,90,5.105909574451431,4.94753333160353,4.083714739408906,6.889966464858211,20,L_11l,L,0.0499982650856743,0.0012606039776096,0.4016845990008395,False,False,Neither
2Hz,91,10.403228133499425,10.34722804346028,10.035952936473151,10.760500156592995,20,L_13l,L,0.025423377662326,0.0010230264711889,0.3532146276991179,False,False,Neither
2Hz,92,5.66879155507687,5.4382056838927,4.570085644514004,7.308845689222463,20,L_OFC,L,0.0478619489334178,0.0009438999466284,0.3144509791224437,False,False,Neither
2Hz,93,5.122673202410374,4.9798181739341025,4.17788485616421,6.728535598065463,20,L_47s,L,0.0496451815765235,0.0007956277066122,0.3363007971476724,False,False,Neither
2Hz,94,5.647675690357149,5.52585105641675,4.591311847753507,7.410509579863772,20,L_LIPd,L,0.002928358502833,0.0022588893030525,0.3676601908277136,False,False,Neither
2Hz,95,6.244955162608693,6.08866678652139,5.261449269650995,8.116345318183445,20,L_6a,L,0.0056175977446595,0.0020794798863259,0.5637112833741637,False,False,Neither
2Hz,96,8.975187212382979,8.893559904749807,8.283072039403836,10.161880797637194,20,L_i6-8,L,0.0174957162151902,0.0011140136356684,0.4540037624800576,False,False,Neither
2Hz,97,6.984052600329475,6.777753510875036,5.922180122345455,8.980294431513823,20,L_s6-8,L,0.0017800013633353,0.0011739990258074,0.3791274621791886,False,False,Neither
2Hz,98,9.573690367475425,9.628652235658446,8.93312654110251,9.982496710449617,20,L_43,L,0.0233220912930258,0.0019119164041715,0.4072539350274859,False,False,Neither
2Hz,99,10.549297401408163,10.577412182445356,10.001833862827912,10.831374007604595,20,L_OP4,L,0.0342815601595528,0.001863537415707,0.3806161370057735,False,False,Neither
2Hz,100,10.191104628398126,10.212833054658955,9.960702443770206,10.452099536810042,20,L_OP1,L,0.0227317309247292,0.0024432684104568,0.3659074689839316,False,False,Neither
2Hz,101,7.920419472578269,7.751023348724711,6.684650074055477,9.400081077808151,20,L_OP2-3,L,0.0191285778680887,0.0028720030467505,0.3724796397095158,False,False,Neither
2Hz,102,10.183572974435146,10.181503676064786,10.06897561881248,10.274156824800029,20,L_52,L,0.0338120800153143,0.0041853397533725,0.4821182350363742,False,False,Neither
2Hz,103,9.397479039274065,9.388829761061618,9.319971533856735,9.57976203298048,20,L_RI,L,0.0248796710221845,0.0040325320926636,0.4636149951638708,False,False,Neither
2Hz,104,9.794598441452656,9.79662155717051,9.63182339464654,9.919193949520954,20,L_PFcm,L,0.0261595948432456,0.0023494650305413,0.39687931052853,False,False,Neither
2Hz,105,5.736913321599012,5.605654173117772,4.839410328672095,7.522928794279516,20,L_PoI2,L,0.0033138573531546,0.0018840917070721,0.4412545122887971,False,False,Neither
2Hz,106,4.901101001846597,4.741980794365751,4.246474219304125,6.613681485938085,20,L_TA2,L,0.0051697905937239,0.0026869521030066,0.248597797652403,False,False,Neither
2Hz,107,11.118996590428193,11.238182154520526,8.415196643043904,13.357609135227328,20,L_FOP4,L,0.0220405460311644,0.0016327625580758,0.5095878158716358,False,False,Neither
2Hz,108,5.4637481721957135,5.300881614848487,4.5213218444948025,7.344153258682764,20,L_MI,L,0.0027198842267962,0.0021372938636558,0.4134242794638637,False,False,Neither
2Hz,109,6.147894445069084,6.015307554802598,5.2312728800849,7.983809896540837,20,L_Pir,L,0.0027309848107532,0.0012888890634031,0.3864758131066677,False,False,Neither
2Hz,110,6.793695613820748,6.656306896505894,5.752016217362971,8.71262515764869,20,L_AVI,L,0.000841339840433,0.0005594746307696,0.4195883710780891,False,False,Neither
2Hz,111,6.894864703226508,6.771685943068396,6.107490646986748,8.616904305964567,20,L_AAIC,L,0.0081254378344033,0.0007892876367127,0.396157044352968,False,False,Neither
2Hz,112,10.209622558014734,10.21419301896346,10.046247858016896,10.34499198738746,20,L_FOP1,L,0.0308414365654511,0.0028931260370533,0.3559034058216847,False,False,Neither
2Hz,113,8.099111525607963,8.00175912506753,7.33876768430003,9.302875471232259,20,L_FOP3,L,0.0173058225505629,0.0018521963325344,0.3966850598842777,False,False,Neither
2Hz,114,10.256676100746345,10.242387581379694,10.182633455817706,10.379164166040754,20,L_FOP2,L,0.0224830638413807,0.0024654288409012,0.3334093315980862,False,False,Neither
2Hz,115,9.940362713196901,9.926110232521301,9.802701686327909,10.18055724523702,20,L_PFt,L,0.0289861709951572,0.002449532973239,0.3970223940795326,False,False,Neither
2Hz,116,9.310973924234961,9.275255767602339,8.805208267733903,9.912243450159009,20,L_AIP,L,0.0256531556047546,0.0015947630901474,0.446900292333297,False,False,Neither
2Hz,117,7.359478978332002,7.175048930083252,6.539420977258142,9.291642699904,20,L_EC,L,0.0077347561879519,0.000875109074095,0.222206070194078,False,False,Neither
2Hz,118,5.515855911887515,5.37833340787319,4.786068219031724,7.118564378467789,20,L_PreS,L,0.0399585394657424,0.0005009143556559,0.3064075214439209,False,False,Neither
2Hz,119,4.74686943512269,4.57240675569723,4.374495329360451,5.8374218220468075,20,L_H,L,0.0305991989641273,0.0011634685461751,0.1953709444739069,False,False,Neither
2Hz,120,7.017274182017796,6.866741944666769,6.082172533971339,8.743213782368564,20,L_ProS,L,0.0008627508219775,0.0003205385919774,0.3730091031441602,False,False,Neither
2Hz,121,11.824642088291473,11.79510761411474,11.55821232118387,12.341807749083625,20,L_PeEc,L,0.030745478039181,0.000271791543583,0.2782333424434119,False,False,Neither
2Hz,122,5.467178916487765,5.288210429752286,4.675428993985688,7.285095884490744,20,L_STGa,L,0.0015181996542318,0.0019539026472061,0.2829789163017806,False,False,Neither
2Hz,123,5.349429483949106,5.2144830075737785,4.466612815211751,7.107600395133616,20,L_PBelt,L,0.0028575535275975,0.0033567661241047,0.3660239151107793,False,False,Neither
2Hz,124,5.795497888378101,5.61921456094259,4.959276963484748,7.552642137447138,20,L_A5,L,0.0093626100490319,0.0029552410702943,0.3762488695738432,False,False,Neither
2Hz,125,6.0152530047117505,5.84779718589496,5.304939848344853,7.7833213499330975,20,L_PHA1,L,0.0084368068902999,0.0008585852405548,0.2904006434573511,False,False,Neither
2Hz,126,7.538539093589468,7.322141558387638,6.724479388430772,9.454803171641782,20,L_PHA3,L,0.0037083695569332,0.0002292072307106,0.3286653540598154,False,False,Neither
2Hz,127,10.638668166173376,10.649600417292667,10.460769949662062,10.732126799886997,20,L_STSda,L,0.0363547333283653,0.0025379162874158,0.4178122893482324,True,False,Semantic proxy
2Hz,128,6.260345481197322,6.1026677869837656,5.3940011141970015,8.00723843745918,20,L_STSdp,L,0.0088708407830944,0.0024520849891573,0.4543979453610104,False,False,Neither
2Hz,129,7.545357706925809,7.432441597039186,6.651239180369764,9.127168328245563,20,L_STSvp,L,0.0164204573835768,0.0020773270411345,0.4519610700607498,False,False,Neither
2Hz,130,10.020927811213571,9.998872120994037,9.791372047300152,10.463104191905863,20,L_TGd,L,0.0313139332847866,0.0019638560492439,0.4504229238409821,False,False,Neither
2Hz,131,9.999430558574392,9.98711823880137,9.887754476987054,10.180752567403696,20,L_TE1a,L,0.0242480543245884,0.0019791000029258,0.4063858265431166,False,False,Neither
2Hz,132,11.655521590343039,11.779809847496155,9.841036666545405,13.262358260527845,20,L_TE1p,L,0.0236958383957169,0.0019699753491439,0.5568260650710064,False,False,Neither
2Hz,133,10.208885784789583,10.151435102363138,10.017632299329401,10.747859530967773,20,L_TE2a,L,0.0235964008870613,0.001412412543042,0.4729310628987613,False,False,Neither
2Hz,134,6.150809421271613,6.022192658207803,5.26130842936548,8.084184981753392,20,L_TF,L,0.0489474375892177,0.0005119469617276,0.4201906744776126,True,False,Semantic proxy
2Hz,135,10.198282403886079,10.185863322312986,9.965084498408565,10.561006665315412,20,L_TE2p,L,0.0327123315795931,0.0018043115307659,0.4346811409691636,False,False,Neither
2Hz,136,6.6166836001771925,6.47399614069693,5.7610025102175175,8.229388679136434,20,L_PHT,L,0.0068811715566843,0.0013163307295804,0.4731504114007938,False,False,Neither
2Hz,137,9.886484838522867,9.896021371412473,9.560886928493826,10.031566015006408,20,L_PH,L,0.0315900177134242,0.0021304334064863,0.4859444595918589,False,False,Neither
2Hz,138,5.022832243290597,4.91330774109321,3.938636646424664,6.767660646264998,20,L_TPOJ1,L,0.0004214048382914,0.0030907593594613,0.4002453190930214,False,False,Neither
2Hz,139,5.9132364844981415,5.805135737884713,4.937767513468525,7.668138124026851,20,L_TPOJ2,L,0.0016678418202536,0.0017122557356541,0.3747091273130485,False,False,Neither
2Hz,140,6.236825495934978,6.102122324048883,5.203922049819222,8.0307358746351,20,L_TPOJ3,L,0.0045074870064966,0.0014854970133068,0.34959220513579,False,False,Neither
2Hz,141,11.145400717386872,11.057314517489981,7.556169051228518,13.751970033865234,20,L_DVT,L,0.0228957551338668,0.0017390824486287,0.5200296627757692,False,False,Neither
2Hz,142,6.275710419722399,6.106795534745471,5.261108290401903,8.119663806793993,20,L_PGp,L,0.0040771378019583,0.0019571918717994,0.4824444472289854,False,False,Neither
2Hz,143,7.152352949124342,6.990246963351273,6.403890644716907,8.675775237605531,20,L_IP2,L,0.0126970537345591,0.0017815249879042,0.4418435155168749,False,False,Neither
2Hz,144,5.809622377897138,5.648498839281974,4.714175613785743,7.594830203510494,20,L_IP1,L,0.0012631547500026,0.0021312343376966,0.4768956498007086,False,False,Neither
2Hz,145,6.306446353105138,6.106802778970426,5.353021157735327,8.056363979811284,20,L_IP0,L,0.0068839063312992,0.0018490996919504,0.401272130151976,False,False,Neither
2Hz,146,6.371816891866752,6.225126378312741,5.463129754080634,8.157935730756233,20,L_PFop,L,0.0014046247234043,0.0018831140998013,0.3995472644333736,False,False,Neither
2Hz,147,5.530783311952283,5.351313788440642,4.643288996971216,7.321220006726086,20,L_PF,L,0.0086601124211413,0.0041249075260281,0.5414233080782644,False,False,Neither
2Hz,148,5.85860982770453,5.736205658885355,4.9485848339461045,7.571853892299477,20,L_PFm,L,0.0076091466330872,0.0035553899265905,0.5849366239027208,False,False,Neither
2Hz,149,6.571878621048837,6.402943152048139,5.513860128378217,8.543821502299036,20,L_PGi,L,0.00029384932819,0.0015425561638142,0.4864159501850451,False,False,Neither
2Hz,150,5.73149478245485,5.6096624286332695,4.702261323262015,7.543826907340445,20,L_PGs,L,0.0002749012621192,0.0031776237659541,0.5625340593751392,False,False,Neither
2Hz,151,5.792495534788114,5.67798003297048,4.768615496135132,7.56578095589135,20,L_V6A,L,0.0012617326318108,0.0017788108465274,0.3560351274518676,False,False,Neither
2Hz,152,5.650408202971612,5.426117757713831,4.776445957303905,7.536063873744023,20,L_VMV1,L,0.0006512504469823,0.0013050302508133,0.2736644950488427,False,False,Neither
2Hz,153,5.132224991276141,5.009907746223224,4.297735808826863,6.769096342484949,20,L_VMV3,L,0.0436781700501548,0.0006676862327421,0.2872349573766367,False,False,Neither
2Hz,154,11.066379292659663,11.051033008619616,10.516723450141845,12.10025451793637,20,L_PHA2,L,0.0253288467136948,0.0006329701301034,0.2701357169253245,False,False,Neither
2Hz,155,6.349806512897905,6.178202016182505,5.428865737867886,8.255591750043248,20,L_V4t,L,0.001992715351215,0.0005939343054344,0.3108634412715679,False,False,Neither
2Hz,156,9.909318371847224,9.906430242818232,9.743487418033714,10.154758264389663,20,L_FST,L,0.0255323825105047,0.0023196763107629,0.4044928500745397,False,False,Neither
2Hz,157,5.3498526875489425,5.151802863377595,4.392671809158617,7.162700186755582,20,L_V3CD,L,0.0029113978313928,0.00197598130148,0.3586334886076033,False,False,Neither
2Hz,158,6.890998136181077,6.722637347844952,5.865296544554167,8.77246477789456,20,L_LO3,L,0.0013263091302259,0.0011495433007143,0.3326554245395435,False,False,Neither
2Hz,159,6.401758952366509,6.227581379297606,5.63334064374379,8.221212117677961,20,L_VMV2,L,0.0095155558374347,0.0006179507641119,0.2691357603211293,False,False,Neither
2Hz,160,5.8523734833220775,5.7048196713094494,4.742922262602899,7.878757093669859,20,L_31pd,L,0.0025615781019833,0.0023284787420079,0.4536094020251976,False,True,Episodic proxy
2Hz,161,6.396261054643142,6.212009516431621,5.33328529352509,8.363628153419493,20,L_31a,L,0.0006294852192031,0.001943567452346,0.386535473417285,False,True,Episodic proxy
2Hz,162,6.885164209490493,6.7328562810801476,5.981693703745056,8.701542703547837,20,L_VVC,L,0.0008575609132178,0.0003960668487207,0.3533625446076473,False,False,Neither
2Hz,163,10.455157503686504,10.415681969595926,10.170590919610362,10.817367410151354,20,L_25,L,0.0245075555054602,0.0005314655991186,0.2741654131727919,True,False,Semantic proxy
2Hz,164,9.675197330689425,9.550921320816991,8.097252851068488,12.466287215730842,20,L_s32,L,0.019490245792081,0.000789771839503,0.2884755810307176,False,False,Neither
2Hz,165,5.983373973032159,5.770473353471127,5.107797428459885,7.8696206888687446,20,L_pOFC,L,0.0042103538821622,0.0012193069539339,0.2743790160664992,False,False,Neither
2Hz,166,6.120882006209012,5.929749338963938,5.247858787875639,7.963286216057448,20,L_PoI1,L,0.0079832261575781,0.0022014517476655,0.5189266006168132,False,False,Neither
2Hz,167,4.905506706691777,4.797408672697811,3.9868340207981205,6.611307902014454,20,L_Ig,L,0.0006763394088503,0.0029495000782639,0.3680582374131839,False,False,Neither
2Hz,168,6.952601451744068,6.717390682735477,5.790114046131791,8.595615390806707,20,L_FOP5,L,0.0499935904219469,0.0007432389929963,0.4298988460204573,False,False,Neither
2Hz,169,9.403151695518629,9.398819847489971,7.948395513924247,11.021103586053089,20,L_p10p,L,0.0202431726999487,0.0013768120646652,0.3589861234369607,False,False,Neither
2Hz,170,7.111522274320724,7.0101104834385755,6.0600284640941,8.96490946302856,20,L_p47r,L,0.0037616467797881,0.000398292244769,0.4075866742002444,False,False,Neither
2Hz,171,5.297032196010088,5.1675731221315635,4.796549541891578,6.576351627916473,20,L_TGv,L,0.0359991153993258,0.0008436668195802,0.2952478829755866,False,False,Neither
2Hz,172,8.102847307412087,8.141984016839277,6.556544054576987,9.537625914034193,20,L_MBelt,L,0.0203115405902383,0.0045567384548955,0.3891401412192848,False,False,Neither
2Hz,173,4.665024454802774,4.496960076836945,3.606150224236811,6.465562082807503,20,L_LBelt,L,0.0007411862095638,0.0047017483833262,0.3974668767945024,False,False,Neither
2Hz,174,5.000369840884787,4.81210270898598,3.9427465578375176,6.873003540695512,20,L_A4,L,0.0007072417320401,0.003538870843615,0.3998393678090691,False,False,Neither
2Hz,175,5.898798327110883,5.767895354362442,4.986156084453433,7.75254385275569,20,L_STSva,L,0.0013678031099496,0.0022013275991973,0.3889866634975963,False,False,Neither
2Hz,176,6.862194129288049,6.736504729053964,6.092880131342659,8.449450388233803,20,L_TE1m,L,0.0107639527365306,0.0016670930823718,0.4189657273961245,False,False,Neither
2Hz,177,4.4964558371848256,4.340781952459018,4.046221727769731,5.900263720218321,20,L_PI,L,0.0375061749282793,0.0026874456824399,0.3368755624792656,False,False,Neither
2Hz,178,7.844596058307135,7.6979942820894705,6.8550487226618,9.773118322727973,20,L_a32pr,L,0.0023007755671196,0.0007665881574759,0.3846020110235767,False,False,Neither
2Hz,179,6.5434654366304885,6.375709590507174,5.62995937227693,8.438887548502073,20,L_p24,L,0.0087195430102322,0.0013320760188577,0.3482859174649287,False,False,Neither
2Hz,180,4.921723474648497,4.801503934728919,4.180262398508841,6.4826341341244405,20,R_V1,R,0.0491570258892779,0.0022570948131159,0.5142070717672432,False,False,Neither
2Hz,181,5.01318118414048,4.895171501353169,4.303309000361435,6.628957482199924,20,R_MST,R,0.04999300063885,0.0010414053422025,0.3713098523546632,False,False,Neither
2Hz,182,10.643859577030735,10.640849113298948,10.500764976885849,10.893880312865337,20,R_V6,R,0.0323712890108392,0.0024680101509036,0.4196368310327353,False,False,Neither
2Hz,183,4.796450697226154,4.658992870710984,3.9805145530693666,6.366733467949606,20,R_V2,R,0.0499909345649688,0.0020283595409268,0.4726531606557715,False,False,Neither
2Hz,184,9.979252166654458,9.986636230945294,9.88745002116355,10.09178962207436,20,R_V3,R,0.028770784113599,0.0019322474622582,0.477789034038436,False,False,Neither
2Hz,185,5.859080398679966,5.688257085931193,5.0939139238051565,7.420537631358094,20,R_V4,R,0.0050894408856404,0.0018105010026504,0.4019931424291427,False,False,Neither
2Hz,186,5.911708878478466,5.807413598341088,5.199959739467463,7.205253369578641,20,R_V8,R,0.0499933359453194,0.0005622534051146,0.271208575765008,False,False,Neither
2Hz,187,6.492309940135604,6.354237685942145,5.533685527297839,8.364589109781416,20,R_4,R,0.0008910305291458,0.0020579191894856,0.6443523373007602,False,False,Neither
2Hz,188,6.507148723488709,6.3714035574812105,5.636035750641536,8.340011224462295,20,R_3b,R,0.0038189223764674,0.0016726222256792,0.5300568361055492,False,False,Neither
2Hz,189,10.694570132616697,10.65295783813935,9.713825991336847,11.390324367743494,20,R_FEF,R,0.0233827660793273,0.0014603267618259,0.5002507726386201,False,False,Neither
2Hz,190,9.798163894125095,9.641696743649268,9.071715810566896,10.826958357717361,20,R_PEF,R,0.0178849020139137,0.0007172677491187,0.3861505843782072,False,False,Neither
2Hz,191,7.557339468371386,7.423313789977099,6.755858322671954,9.302856943343118,20,R_55b,R,0.0011319936242821,0.0003751624896127,0.4377337356800291,False,False,Neither
2Hz,192,5.344207962235583,5.218000241196577,4.630232486134814,6.872925290085281,20,R_V3A,R,0.048951100395098,0.0016649769050873,0.4463200838433631,False,False,Neither
2Hz,193,5.423722260913949,5.301145543890051,4.437917377498913,7.294358373907581,20,R_RSC,R,0.0003944006047337,0.0040048128945228,0.7006662948424578,False,False,Neither
2Hz,194,4.965229710651841,4.822486360613183,4.050225975282509,6.764360424097124,20,R_POS2,R,0.0053938848223871,0.0051741102494658,0.6231513809180453,False,False,Neither
2Hz,195,6.103336355394275,5.954253084559099,5.172028474812482,7.921081723350269,20,R_V7,R,0.0031332864474218,0.0017631044561208,0.3525078167416998,False,False,Neither
2Hz,196,9.77343069732882,9.781692981726234,9.649813222752606,9.89564209983652,20,R_IPS1,R,0.0250558598275591,0.0014418089412878,0.4361121826322302,False,False,Neither
2Hz,197,9.783105865496399,9.777023033368376,9.632477140575151,9.919720882099577,20,R_FFC,R,0.0243893391401862,0.000501967440043,0.3856414218601385,False,False,Neither
2Hz,198,10.035607944336908,10.038519293306331,9.863836213881406,10.17708048161995,20,R_V3B,R,0.023810491728699,0.0013334284381051,0.3405685962093827,False,False,Neither
2Hz,199,4.809190587718014,4.662582687334728,4.173993853512625,6.352884963254459,20,R_LO1,R,0.0499793380585031,0.0013095946533486,0.3011701941853525,False,False,Neither
2Hz,200,5.554329489057812,5.401808573620208,4.907112116812808,7.06337303337929,20,R_LO2,R,0.0499990780842638,0.0009613830032445,0.3052543237509381,False,False,Neither
2Hz,201,5.374398520209076,5.246670112438071,4.784349879442468,6.720742323500841,20,R_PIT,R,0.0379925151438703,0.0009286473983348,0.3063987915186098,False,False,Neither
2Hz,202,5.3760719275422755,5.247286074525036,4.715730486498647,7.014820974399291,20,R_MT,R,0.0497038043088651,0.0012445059116304,0.3256693869082568,False,False,Neither
2Hz,203,0.0,0.0,0.0,0.0,20,R_A1,R,0.0073841050588613,0.0008347753779511,0.3328625984817142,False,False,Neither
2Hz,204,9.909493533554214,9.909468970889982,9.800676157328848,10.04246412011744,20,R_PSL,R,0.0307150651545543,0.0029159955470665,0.436838430807036,False,False,Neither
2Hz,205,7.087808762527459,6.950111874770554,6.262864978555331,8.779956413672803,20,R_SFL,R,0.0103567812018983,0.0015716262153239,0.4884768821496594,False,False,Neither
2Hz,206,5.91650970281262,5.754496706013347,5.072897478568818,7.726623044036857,20,R_PCV,R,0.0085119708650266,0.0028979201343503,0.4978772669561057,False,True,Episodic proxy
2Hz,207,10.115132443434048,10.121769122376056,10.033261888510905,10.20962248899606,20,R_STV,R,0.0226526801748782,0.0024112718080641,0.3932122768641493,False,False,Neither
2Hz,208,5.9127743749225345,5.79166615804353,4.993923909987531,7.764168851478874,20,R_7Pm,R,0.0053058340009351,0.0021762711102601,0.4598987806174906,False,False,Neither
2Hz,209,5.582622842579914,5.4225488835804665,4.645212280290132,7.389733427642567,20,R_7m,R,0.0016982948598265,0.0034081023972522,0.5125167675972011,False,True,Episodic proxy
2Hz,210,9.778052457500342,9.781615114535505,9.606104471621116,9.973626799502698,20,R_POS1,R,0.030349840512784,0.0018339552518365,0.5442806695418828,False,False,Neither
2Hz,211,6.13246493772044,5.965360489718535,5.176547529384826,8.085478134445284,20,R_23d,R,0.002834890537027,0.0017838145144034,0.3914447895793526,False,True,Episodic proxy
2Hz,212,4.91677280399276,4.832325767978847,3.96326596733348,6.62408734723831,20,R_v23ab,R,0.0021667982828749,0.0029513768645444,0.3434514254393402,False,True,Episodic proxy
2Hz,213,8.979338285245252,8.966083183798457,7.5010895172496115,10.98831961406812,20,R_d23ab,R,0.019110480978384,0.0017581068720031,0.325890052801347,False,True,Episodic proxy
2Hz,214,5.787456806379013,5.602125729723945,4.848978795633463,7.782383239980576,20,R_31pv,R,0.0023325616679709,0.0020261682262484,0.3639335926169346,False,True,Episodic proxy
2Hz,215,10.156742286540013,10.150103583932893,9.883311532133584,10.364795592887155,20,R_5m,R,0.0320577540028162,0.0020607244184289,0.3821324801567994,False,False,Neither
2Hz,216,10.383821404433677,10.475101214231595,9.601349812712957,11.053725795673657,20,R_5mv,R,0.0366252319367262,0.0028074244191823,0.4917634802720854,False,False,Neither
2Hz,217,6.205530557082156,6.0218083867131424,5.411484906555309,7.971857580391303,20,R_23c,R,0.0088356351185071,0.0023495582011946,0.5110940315921575,False,False,Neither
2Hz,218,9.520374776056117,9.534675256793992,7.902521730321518,10.747981438756215,20,R_5L,R,0.0199482313335092,0.0023735026721112,0.4290847842862563,False,False,Neither
2Hz,219,5.344120858672471,5.168611026480873,4.435760668704926,7.23011400632635,20,R_24dd,R,0.0495393316191001,0.0019874544600307,0.4680118861585927,False,False,Neither
2Hz,220,10.129523571587239,10.138360800461825,9.033076653231237,11.43409115210729,20,R_24dv,R,0.0349218276827276,0.0006648497111321,0.424870668841486,False,False,Neither
2Hz,221,6.935206753019267,6.782700977217183,6.029982560158004,8.77946570224458,20,R_7AL,R,0.0042069912651477,0.0017003589627391,0.4716124620333944,False,False,Neither
2Hz,222,7.9007495630040925,7.74479609590397,7.035706786941746,9.6507239643228,20,R_SCEF,R,0.0070572176685513,0.0005448700696089,0.5290188030550866,False,False,Neither
2Hz,223,9.21971842828498,9.20052274168423,8.838824708033828,9.539569836469312,20,R_6ma,R,0.0295908653755617,0.0019099941850001,0.5902083006211045,False,False,Neither
2Hz,224,5.085783858013523,4.957839095616924,3.955888054621198,7.053393194428607,20,R_7Am,R,0.0004779277400217,0.0043055508453574,0.5083956572799271,False,False,Neither
2Hz,225,7.673011420971385,7.534051527707062,7.074788408751425,8.993536791588394,20,R_7PL,R,0.0154273175027792,0.0019017193337145,0.3994916553561849,False,False,Neither
2Hz,226,5.052481503830069,4.845637290110572,4.06986518432515,7.026225803228598,20,R_7PC,R,0.0046570066617368,0.0043110297965429,0.4974444969541887,False,False,Neither
2Hz,227,11.376712402932665,11.241712656829531,9.114690298816264,13.637750581726968,20,R_LIPv,R,0.0215451432044405,0.0017020472853315,0.4502188194598729,False,False,Neither
2Hz,228,6.1693639023524804,6.013032143876947,5.192146754010695,8.096365990900374,20,R_VIP,R,0.0024199813012916,0.001450641129195,0.4251315348550736,False,False,Neither
2Hz,229,7.960911530508061,7.904484211132649,7.338030240770929,9.163105573002817,20,R_MIP,R,0.017982055320149,0.0022685506238529,0.4833474082271745,False,False,Neither
2Hz,230,9.097248798523715,9.407567997001163,7.52305728838183,10.040562284924045,20,R_1,R,0.0198071023104917,0.0023732347724334,0.529461321825424,False,False,Neither
2Hz,231,5.706842815674333,5.562465885823231,4.74877628828513,7.581347505762027,20,R_2,R,0.0030917071254376,0.0035713587195704,0.5878578588506801,False,False,Neither
2Hz,232,5.55531561336747,5.466641488045674,4.635293147561361,7.440361785112617,20,R_3a,R,0.0008527598600681,0.0025317565919027,0.4836731792065678,False,False,Neither
2Hz,233,5.908601823390263,5.794299589863976,5.027082607575845,7.699824967687614,20,R_6d,R,0.0085048739500149,0.0025217164714773,0.5171171885094589,False,False,Neither
2Hz,234,6.726665524931361,6.552620660039006,5.88807383631941,8.495413676147336,20,R_6mp,R,0.0083401806652187,0.0019185396687414,0.5724710884291718,False,False,Neither
2Hz,235,6.133563498263038,5.9594648448152,5.340804170107004,7.901966572191656,20,R_6v,R,0.0064941433899519,0.0022608515129761,0.4817730086595838,False,False,Neither
2Hz,236,7.365509325758356,7.175205241085235,6.3856986119808665,9.320617301095536,20,R_p24pr,R,0.0026024871537389,0.0005761725253335,0.3896279648701835,False,False,Neither
2Hz,237,7.951919708658098,7.792014172553259,7.267270952725346,9.62008562640374,20,R_33pr,R,0.0113958775690575,0.0008832886557735,0.4628512092231254,False,False,Neither
2Hz,238,7.925786250143437,7.797715240490602,7.309545693946306,9.475403357212674,20,R_a24pr,R,0.0124054612299882,0.0008397940816847,0.3339360995990778,False,False,Neither
2Hz,239,10.298674108024072,10.311802949445736,10.040347493534822,10.522215503260504,20,R_p32pr,R,0.0328068157697957,0.0006464496857295,0.4272290405806143,False,False,Neither
2Hz,240,10.311408980953448,10.227274252428858,9.9791449865697,11.258031682708975,20,R_a24,R,0.0253025753522426,0.00030725443222,0.3914058475676789,False,False,Neither
2Hz,241,7.476528319352406,7.243053087246679,6.427728367943019,9.126587746028939,20,R_d32,R,0.0498528606200277,0.0006430705241182,0.3728237326642626,False,False,Neither
2Hz,242,9.186113624684564,9.23775527280662,8.43405883767324,9.571430061398006,20,R_8BM,R,0.024774202156371,0.0010456401763122,0.494637753432723,True,False,Semantic proxy
2Hz,243,7.940762269972507,7.751621739978138,7.183755163785179,9.72550818829829,20,R_p32,R,0.0054798397854206,0.000467371177202,0.3244681003089394,False,False,Neither
2Hz,244,11.626180792167329,11.652738076280073,11.32463070411632,11.799128303573086,20,R_10r,R,0.032873637368732,0.0006309197044385,0.3204231719265092,True,False,Semantic proxy
2Hz,245,8.846415966215842,8.749045846480346,7.705194567137071,10.08943276827401,20,R_47m,R,0.0180900368964691,0.0011288605795066,0.2824063312865995,False,False,Neither
2Hz,246,7.1326880999443585,6.99909660157731,6.356994487467254,8.839920962427112,20,R_8Av,R,0.0112570336939156,0.0014871005394884,0.5369301212659605,False,True,Episodic proxy
2Hz,247,8.900032159403022,8.672022698216644,8.004058403508605,10.720563390299349,20,R_8Ad,R,0.0045787145940289,0.0003484491075212,0.4774540116220607,False,False,Neither
2Hz,248,7.821843999810308,7.631595653265552,7.012677508548025,9.622352013804651,20,R_9m,R,0.0102614975152527,0.0010313389246157,0.4704019998244209,True,False,Semantic proxy
2Hz,249,10.198856938328415,10.211551402288812,9.78482532405518,10.545050207028451,20,R_8BL,R,0.0354238733264141,0.0008155241156457,0.4923000272613383,False,False,Neither
2Hz,250,7.924396600749839,7.753365943777,7.319214572146029,9.332438072665521,20,R_9p,R,0.013324077116074,0.0011572827475788,0.406122514516936,False,False,Neither
2Hz,251,8.591769178191484,8.499018330201396,7.918238457581032,9.684212235656233,20,R_10d,R,0.0170258823133188,0.0011092718284601,0.3631298660284655,False,False,Neither
2Hz,252,6.300222779017222,6.073265133067078,5.439505913135944,8.195209828815367,20,R_8C,R,0.0041562058162266,0.0018999534165041,0.5283419078912839,False,False,Neither
2Hz,253,9.763614701492438,9.737777260730336,8.372906606884667,11.779880929153977,20,R_44,R,0.0209221944888042,0.0019804533224738,0.5208102062401296,False,False,Neither
2Hz,254,10.626859262309551,10.645822185171674,10.188793025528053,10.861841502802104,20,R_45,R,0.0356271291041257,0.0011949214335612,0.4492702602705652,False,False,Neither
2Hz,255,10.655707533104035,10.696047350453199,10.280558960271387,11.108993088246724,20,R_47l,R,0.0322750859118872,0.0008223483790671,0.3958856640117464,False,False,Neither
2Hz,256,8.867988659676437,8.752071700985603,8.325190128848075,10.194407785733294,20,R_a47r,R,0.0151948204070514,0.0009366367783129,0.4435523588985185,False,False,Neither
2Hz,257,8.229391730939332,8.144158654699858,7.62381890892868,9.55182304903608,20,R_6r,R,0.0156328793036382,0.0014392641363445,0.5505597227548602,False,False,Neither
2Hz,258,10.349481527474584,10.334605445669329,9.981176569636204,11.004538555890097,20,R_IFJa,R,0.0316960997472662,0.0003604460290844,0.3955809563575722,False,False,Neither
2Hz,259,6.437856770526857,6.241484480059708,5.49440697827361,8.43087176625959,20,R_IFJp,R,0.0017507190300494,0.0008839233667014,0.3816841800238796,False,False,Neither
2Hz,260,6.881314075299923,6.642394851025767,5.954782319375191,8.732157483274475,20,R_IFSp,R,0.0009064460710489,0.0009858475180404,0.4502553480308514,False,False,Neither
2Hz,261,6.522672904374052,6.330926443804545,5.65913750198356,8.331424845301555,20,R_IFSa,R,0.0018963751011976,0.0011773873604916,0.4481732373545837,False,False,Neither
2Hz,262,9.133803132599315,8.91847166524359,8.242468356720838,10.98002539133992,20,R_p9-46v,R,0.0076494765165839,0.0002624832118873,0.4990234270021273,False,False,Neither
2Hz,263,6.537292974803512,6.341002364082927,5.5678986756528905,8.362648063252799,20,R_46,R,0.0008372300732792,0.0010264467427821,0.4936013587259721,False,False,Neither
2Hz,264,12.135203998461872,12.121593253676549,11.533100085545444,13.125829747870899,20,R_a9-46v,R,0.0374030391859962,0.0005198654150304,0.3877182043516567,False,False,Neither
2Hz,265,6.925827779467643,6.7468470907937235,6.075242905307131,8.71309180620925,20,R_9-46d,R,0.0031127946610959,0.0007018966394678,0.4675023372062552,False,False,Neither
2Hz,266,6.388051809968994,6.234354843215408,5.566909090082547,8.11755585682389,20,R_9a,R,0.0094876481763423,0.0011858073045576,0.4337707330315603,False,False,Neither
2Hz,267,11.512253893092423,11.531296895538706,11.146233598822102,11.68530061858008,20,R_10v,R,0.0315152498428177,0.0007771250368126,0.299951941472327,True,False,Semantic proxy
2Hz,268,4.794692625454322,4.568525310692881,4.0298119962425965,6.558940993530142,20,R_a10p,R,0.0459992082699001,0.0012319933329808,0.3477878838337268,False,False,Neither
2Hz,269,6.221475536517319,6.08592439022874,5.487392600356576,7.891926910924715,20,R_10pp,R,0.0049427885869501,0.0010739951386442,0.351397331804252,False,False,Neither
2Hz,270,5.015696687524868,4.843737067993718,4.225113625315427,6.589924690866943,20,R_11l,R,0.0478182963482998,0.0007513848313716,0.3931343964798985,False,True,Episodic proxy
2Hz,271,10.787987894125191,10.799318022637086,10.26998125098647,10.990668429465494,20,R_13l,R,0.0296839786033615,0.0008785982202501,0.3293267722587201,False,False,Neither
2Hz,272,5.621305308921796,5.535090588269801,4.885250267821214,7.333075258027699,20,R_OFC,R,0.0499765481635615,0.0004508560030916,0.3147377377773223,False,False,Neither
2Hz,273,9.802904820933417,9.826041563464013,8.608216042139178,10.688182878408288,20,R_47s,R,0.0189259480281725,0.0009729307077503,0.3562270120908651,False,False,Neither
2Hz,274,10.246990258958062,10.108689202133636,8.745149699665522,11.87636704596877,20,R_LIPd,R,0.0207009569501183,0.0014965803354715,0.3636820460862097,False,False,Neither
2Hz,275,7.236045213308939,7.059300572519065,6.302417333988862,9.133124703624093,20,R_6a,R,0.0072566142406194,0.0013759990886487,0.5590323261053822,False,False,Neither
2Hz,276,8.615736464595035,8.462522848869353,7.836386294386572,10.330957216509546,20,R_i6-8,R,0.0081871383829774,0.0002237276279717,0.4564069892110895,False,False,Neither
2Hz,277,6.6329099395949545,6.4009936289372265,5.664363132989305,8.666143097519875,20,R_s6-8,R,0.0012861588226965,0.0006853015607767,0.4403287906764714,False,False,Neither
2Hz,278,10.094513393042194,10.085929639950532,9.93795578866292,10.337166220700183,20,R_43,R,0.024929252168807,0.0017431193278447,0.4361465067637797,False,False,Neither
2Hz,279,4.94608772719022,4.7997817179776945,4.326904324894133,6.570541864109799,20,R_OP4,R,0.0427946447817954,0.0019997151346276,0.3967041160037864,False,False,Neither
2Hz,280,4.556952522823158,4.416672997022054,3.7417047689478244,6.255655001362157,20,R_OP1,R,0.0496895902274733,0.0028465967705834,0.3549574278736869,False,False,Neither
2Hz,281,4.158361795237408,3.9753312530287737,3.474809235534697,5.784028852841515,20,R_OP2-3,R,0.0454179345530915,0.0030941532387971,0.3804754782362043,False,False,Neither
2Hz,282,5.350749711181778,5.190506281387135,4.482801358881213,7.130764974336356,20,R_52,R,0.0026774382397942,0.0036018124750598,0.448040932403267,False,False,Neither
2Hz,283,4.446127454944703,4.340131790921943,3.6426611262143287,6.1797253842711735,20,R_RI,R,0.049749111546748,0.0036480059282951,0.4717838865310757,False,False,Neither
2Hz,284,4.559428263737432,4.410490174611382,3.896222747874536,6.192117176708938,20,R_PFcm,R,0.0453368648218303,0.0031521997924989,0.4246954935108268,False,False,Neither
2Hz,285,5.68790564652465,5.549395358413395,4.905071388086623,7.529873460257037,20,R_PoI2,R,0.0042045254744803,0.0028375891042372,0.5045912754081121,False,False,Neither
2Hz,286,4.891929722651875,4.7526727470231815,4.135029260873686,6.604414317943632,20,R_TA2,R,0.0033254950718893,0.0027465765655138,0.2976228349166086,False,False,Neither
2Hz,287,4.943255952164051,4.657721399660074,4.089976518959616,6.686710990742155,20,R_FOP4,R,0.0499990167015312,0.0018116560204496,0.4890793013907154,False,False,Neither
2Hz,288,9.552098886929043,9.542836290480071,9.119793920039763,9.900345511109968,20,R_MI,R,0.0241820239835879,0.0015495507444368,0.4489679916754376,False,False,Neither
2Hz,289,5.925514209069922,5.7906198629374765,5.352258870718811,7.555634543434271,20,R_Pir,R,0.0408258299138312,0.0007702172146407,0.3921659901478412,False,False,Neither
2Hz,290,8.09987586818937,7.951351151462058,7.30496062248183,9.879571144598568,20,R_AVI,R,0.00206141399239,0.0004129246367606,0.4416035729530898,False,False,Neither
2Hz,291,7.14230869292067,6.959737215000221,6.4375135476484555,8.805166262359695,20,R_AAIC,R,0.0014622526291184,0.0007788022881603,0.4079399775377549,False,False,Neither
2Hz,292,4.7237606773480225,4.5135842559829875,3.901687047462521,6.47015536973223,20,R_FOP1,R,0.0495778458103054,0.0017229351005625,0.3794581659081504,False,False,Neither
2Hz,293,9.83771853903389,9.828267984128225,9.687224616050461,9.977573224457384,20,R_FOP3,R,0.0279778748698202,0.0019754411119548,0.424912264198945,False,False,Neither
2Hz,294,4.631079437354968,4.470639970578719,3.857465445785895,6.333166838519115,20,R_FOP2,R,0.0495741976650373,0.0016739536797398,0.3488245005462436,False,False,Neither
2Hz,295,5.788624016455431,5.684478735836407,4.9012604177115415,7.692153256070616,20,R_PFt,R,0.0018552920420325,0.0018198776089899,0.4125504296888763,False,False,Neither
2Hz,296,6.994780753257928,6.839049631183013,6.0981753156729415,8.81682343016606,20,R_AIP,R,0.0071663154933951,0.0017047782633402,0.5005051597949255,False,False,Neither
2Hz,297,7.939952059550302,7.839198113785906,7.239281802171126,9.380821740272323,20,R_EC,R,0.0006308191742348,0.0010355320061253,0.2190129767544109,False,False,Neither
2Hz,298,9.702700906658114,9.589966930915963,8.836351990106524,10.848113677002559,20,R_PreS,R,0.0162522380553382,0.0003929876694678,0.3016199662498621,False,False,Neither
2Hz,299,6.546165583970717,6.445423172739538,5.9024643638670895,8.096396648070735,20,R_H,R,0.0018515632193991,0.0006738001707392,0.1962458515342634,False,False,Neither
2Hz,300,5.979018112220095,5.82149740203143,5.0811034242918165,7.841725134003614,20,R_ProS,R,0.0016514049744552,0.0017835237234561,0.3686213571511122,False,False,Neither
2Hz,301,7.949675694749874,7.852521936089813,7.328623647219607,9.433017787687948,20,R_PeEc,R,0.0109285905242453,0.0004752217059814,0.3013680530423636,False,False,Neither
2Hz,302,5.550598355143733,5.405077591183682,4.907687919779087,7.069991182386233,20,R_STGa,R,0.0011779112218474,0.0013148180510682,0.2703002910322855,False,False,Neither
2Hz,303,4.347571208395612,4.175109576426061,3.6108780013143997,6.1501129368832075,20,R_PBelt,R,0.0040273703300326,0.0043531655947927,0.3385176751003421,False,False,Neither
2Hz,304,4.921638732108702,4.783092196401694,4.073368866491283,6.7257999223093785,20,R_A5,R,0.0019727130465877,0.0038560719223931,0.4429040839997901,False,False,Neither
2Hz,305,6.873774234677168,6.823482571257238,6.538372425967668,7.674986104776273,20,R_PHA1,R,0.0329967241249705,0.0005517293018236,0.2702511015694269,False,False,Neither
2Hz,306,6.128613904355731,6.002751412320493,5.482317906364874,7.743313969427788,20,R_PHA3,R,0.005629165267121,0.0009852839490609,0.2983632427839544,False,False,Neither
2Hz,307,5.353202935888051,5.18159593264491,4.544925333189409,7.122869837426604,20,R_STSda,R,0.0040990773094395,0.0026435061003452,0.4213370998639419,False,False,Neither
2Hz,308,5.529486354196979,5.3458963792623635,4.754137943709374,7.345679336348075,20,R_STSdp,R,0.0046962456833061,0.0027988776696605,0.5328003333581798,False,False,Neither
2Hz,309,5.895221583534759,5.831045100174373,5.130714467463632,7.5272940816855085,20,R_STSvp,R,0.0003014111113214,0.0016907852865326,0.3977784705823605,False,False,Neither
2Hz,310,5.619773453832943,5.562152831629831,4.837815359337179,7.326098534682162,20,R_TGd,R,0.0005720934636383,0.002250007455954,0.451451176669763,False,False,Neither
2Hz,311,9.92819478871263,9.928359743449022,9.814004224275845,10.055938903035214,20,R_TE1a,R,0.0239473193137252,0.0019168215900021,0.3744241813016719,True,False,Semantic proxy
2Hz,312,10.00114747618527,10.029805021461968,8.29155644326473,11.35288399187974,20,R_TE1p,R,0.0210217535342945,0.0020164598581698,0.5428675084887178,False,False,Neither
2Hz,313,5.244535760202194,5.177904759904296,4.5419069982684634,6.84939414702538,20,R_TE2a,R,0.0499637606614722,0.0019446481702866,0.5084044216600865,False,False,Neither
2Hz,314,7.112187174703848,7.008854455217186,6.419725556033447,8.687630677165133,20,R_TF,R,0.04945523151061,0.0006400809597893,0.429294222475723,False,False,Neither
2Hz,315,9.876431976445083,9.879956436837627,9.62444763994693,10.010369086197178,20,R_TE2p,R,0.0265779227412928,0.0009211346768383,0.4293215267594782,False,False,Neither
2Hz,316,12.092089892561711,12.188386101175897,11.530217568398978,12.43494924037784,20,R_PHT,R,0.0384346301089215,0.0019016867371389,0.4395149966243484,False,False,Neither
2Hz,317,9.84666334342044,9.70364827060432,8.827887982998549,10.805761504290045,20,R_PH,R,0.0198774627484252,0.0016563827844868,0.441763392521417,False,False,Neither
2Hz,318,10.595675903092738,10.599193774076257,10.515627955204133,10.657087491473852,20,R_TPOJ1,R,0.0369564995818919,0.0030463816535879,0.4824672703401552,False,False,Neither
2Hz,319,6.377686981954285,6.24820334798208,5.614392885559067,8.150136218572053,20,R_TPOJ2,R,0.0064436565438248,0.0020113932178798,0.4173907296025603,False,False,Neither
2Hz,320,10.724336268274847,10.700631109634251,10.353482281379494,11.166674154462642,20,R_TPOJ3,R,0.0299994755145688,0.0015179251788985,0.3680002868816696,False,False,Neither
2Hz,321,9.369002023400412,9.345567139463562,9.213297942456306,9.6932631734407,20,R_DVT,R,0.0263414186198719,0.0018099796414465,0.5132646784548625,False,False,Neither
2Hz,322,6.175412358341839,6.09763528107055,5.313773788175937,7.957632919025015,20,R_PGp,R,0.0010247219438751,0.0016898884900053,0.4817014441151889,False,False,Neither
2Hz,323,5.727986224918842,5.614244431019769,4.737696996520532,7.683516560568845,20,R_IP2,R,0.0038649042265255,0.0022694748872652,0.4235070823917573,False,False,Neither
2Hz,324,8.433518517373647,8.320360279067465,7.479965423732448,9.860584018322397,20,R_IP1,R,0.01646842387295,0.0018546916212339,0.4724946973560233,False,True,Episodic proxy
2Hz,325,10.345326079411796,10.368960786059638,10.122119398474638,10.47916290515142,20,R_IP0,R,0.0291549507550515,0.0018555180074161,0.414396319477293,False,False,Neither
2Hz,326,6.472918468679285,6.351467191821962,5.626190321457661,8.281943260538915,20,R_PFop,R,0.0033779752259719,0.0019539410118544,0.3779112071337046,False,False,Neither
2Hz,327,9.30884332135425,9.128372094252292,7.3309782070159555,11.791658311894892,20,R_PF,R,0.0220437593609845,0.004299759756328,0.5650142255308322,False,False,Neither
2Hz,328,6.00944116474644,5.861645707818184,5.243535839167621,7.704642914691168,20,R_PFm,R,0.0090550555071824,0.0035548889559478,0.5888072362441731,False,False,Neither
2Hz,329,10.782277371894839,10.782420719269311,10.670481744834555,10.880873377714913,20,R_PGi,R,0.0398833865607236,0.0020694542244357,0.5494160916368929,False,False,Neither
2Hz,330,9.341272055995557,9.574255148494087,7.609891026321977,10.874651923298819,20,R_PGs,R,0.0200972525863103,0.0021212001291143,0.5254754976542934,False,False,Neither
2Hz,331,10.48705917974252,10.46460422622402,10.341662274490401,10.670063321538464,20,R_V6A,R,0.027676784230023,0.0018480309438442,0.3524781333850167,False,False,Neither
2Hz,332,7.763986373402091,7.608148741049453,7.078898860071418,9.353310571307517,20,R_VMV1,R,0.0123247056215983,0.0010860187824715,0.2873605019162096,False,False,Neither
2Hz,333,8.40880074334593,8.313276855536028,7.764982665185573,9.797513024054556,20,R_VMV3,R,0.0050454750753946,0.0004924867002565,0.2768045419148033,False,False,Neither
2Hz,334,7.3494879298581735,7.308746617614545,6.591395901432247,8.78308069782209,20,R_PHA2,R,0.002079098988874,0.0008199120259091,0.2500802531202576,False,False,Neither
2Hz,335,7.279625513855931,7.151286624629435,6.571193632850318,8.848417279484222,20,R_V4t,R,0.0496221099481198,0.0003109262568454,0.3101297618287921,False,False,Neither
2Hz,336,6.361044089739563,6.2665160952934205,5.681786168954441,7.809584645073971,20,R_FST,R,0.0491413651828367,0.0008230965799708,0.3877335428782034,False,False,Neither
2Hz,337,6.315125540833032,6.184511221732348,5.670008302876134,7.77574100613614,20,R_V3CD,R,0.0495309586360995,0.0007364235312064,0.3622555585229862,False,False,Neither
2Hz,338,8.228077274314153,8.105494482876415,7.665949412902589,9.455647365142887,20,R_LO3,R,0.0152060704110642,0.0006780506361448,0.3410024560217092,False,False,Neither
2Hz,339,10.980646920291742,10.985449648518898,10.579544917100254,11.155147031784951,20,R_VMV2,R,0.0279900751704079,0.0013153978120006,0.2888263988274,False,False,Neither
2Hz,340,5.090332209992916,4.995810724934936,4.157201175346972,6.813632063244623,20,R_31pd,R,0.0499978310577967,0.001736122572907,0.3776903005063087,False,True,Episodic proxy
2Hz,341,8.232113118285689,8.148481766596776,7.440555388320915,9.695352273340855,20,R_31a,R,0.0160841438210346,0.0018033207608999,0.3734859715861498,False,True,Episodic proxy
2Hz,342,5.9894289173497635,5.842408775289395,5.270386284821922,7.57009341857886,20,R_VVC,R,0.0004960966446371,0.0010831226964836,0.3157200519780237,False,False,Neither
2Hz,343,6.903245405602746,6.728216036764117,6.116095409211201,8.730731985500483,20,R_25,R,0.0085214526175335,0.0007964130788691,0.2794013653733348,True,False,Semantic proxy
2Hz,344,5.350024259958599,5.132490914221215,4.524562150691335,7.08016507173419,20,R_s32,R,0.0005915315863582,0.0013697409208396,0.2611952080193022,False,False,Neither
2Hz,345,6.56791702517488,6.380713795798061,5.769317456881274,8.363908332243115,20,R_pOFC,R,0.0007346657259277,0.0004489048749802,0.2885593785122498,False,False,Neither
2Hz,346,5.657197652520583,5.508612213129721,4.775395331376086,7.4667650569507815,20,R_PoI1,R,0.001397905325379,0.0028070445897943,0.5628870379192422,False,False,Neither
2Hz,347,10.214106778194399,10.218506233478944,10.134926046446697,10.26953426788295,20,R_Ig,R,0.0298388131625142,0.0023088590263554,0.4037937175979298,False,False,Neither
2Hz,348,10.065527697763963,9.951916729227012,9.597816164652963,10.78783956361745,20,R_FOP5,R,0.0279613973476843,0.0005333001237013,0.412188851145888,False,False,Neither
2Hz,349,10.411885663083027,10.417909941246794,10.249680189515596,10.533429316883693,20,R_p10p,R,0.0298441782277146,0.0011503406204453,0.3881772264053411,False,False,Neither
2Hz,350,10.830855322763956,10.76898419309006,10.030045225395568,11.618188341891404,20,R_p47r,R,0.0283996118405962,0.0005968186187813,0.3929368951405654,False,False,Neither
2Hz,351,6.565274217643422,6.421999588835109,5.90178285186691,8.174234125604384,20,R_TGv,R,0.0499610415311968,0.0008878784556481,0.282094340535914,False,False,Neither
2Hz,352,5.729165983906175,5.529373709154274,5.005115669215199,7.451717776306547,20,R_MBelt,R,0.0116120202479111,0.0040198611650526,0.3673638936892539,False,False,Neither
2Hz,353,5.019554542591054,4.8736386883775396,4.199869747583543,6.819908009135289,20,R_LBelt,R,0.00438864560954,0.0037233218425809,0.346538224627124,False,False,Neither
2Hz,354,4.9531915421297,4.7814331117603235,4.087475815122034,6.852775390032308,20,R_A4,R,0.000700417830031,0.003459623746047,0.4336574629037406,False,False,Neither
2Hz,355,10.04209847216278,10.041507715243995,9.95252696365622,10.197757372225078,20,R_STSva,R,0.0226862944405154,0.001606923216146,0.3850324554115823,False,False,Neither
2Hz,356,10.01988157175504,10.017865724054118,9.834487360196515,10.127567552628872,20,R_TE1m,R,0.0244055686933795,0.0020197641026251,0.4506147985249226,False,False,Neither
2Hz,357,5.469900920849566,5.3293696030749516,4.733471136830686,7.106896890291999,20,R_PI,R,0.0102390587164727,0.0031277778312402,0.3838312413956191,False,False,Neither
2Hz,358,10.385906285142438,10.391109957237756,10.094566866738555,10.69621754805301,20,R_a32pr,R,0.0305955137131254,0.001355707883,0.3935109201082666,False,False,Neither
2Hz,359,10.323538490448689,10.483665851653758,8.83400799779465,11.888394374216428,20,R_p24,R,0.0200563828499281,0.0004463744084678,0.3691176207518915,False,False,Neither
2Hz,360,5.943665706636532,5.7274199031522635,4.945832875824904,7.999884109818428,20,Left-Cerebellum-Cortex,L,0.0046967520457651,0.0020523399605826,0.4021621435757392,False,False,Neither
2Hz,361,9.466310330329929,9.532868763231015,6.900347545315725,12.639885089713703,20,Left-Thalamus-Proper,L,0.0240035904170309,0.0039390236859775,1.0022271025335752,False,False,Neither
2Hz,362,5.440862706387593,5.267931369963779,4.303254503302897,7.348658431386428,20,_Left-Caudate,M,0.000641583943675,0.0038809118391065,0.8402621066070235,False,False,Neither
2Hz,363,8.419022167784814,8.423984961529575,8.288955166530425,8.53667183170442,20,Left-Putamen,L,0.0390882678699781,0.0045658309725153,1.0036098082616125,False,False,Neither
2Hz,364,6.257172355757159,6.078488592054228,5.4628706787489465,8.061797113098633,20,Left-Pallidum,L,0.0116028958873158,0.002873994016583,0.6914568943637432,False,False,Neither
2Hz,365,5.661351970088462,5.487009249566493,4.679040383795982,7.691010100303611,20,Left-Hippocampus,L,0.0013966805950646,0.0019370214904109,0.5060650235015759,False,False,Neither
2Hz,366,6.269208435206003,6.083202318901554,5.42641150038222,8.079821243491141,20,Left-Amygdala,L,0.0031228777545363,0.0016609734358076,0.3848993332266349,False,False,Neither
2Hz,367,10.089634316582409,10.110696799691738,9.40778178058575,10.532080771501919,20,Left-Accumbens-area,L,0.0256246468387863,0.001059203996687,0.3114926376480166,False,False,Neither
2Hz,368,4.999663537733604,4.841283552960775,3.9438294039450605,6.998993573359289,20,Left-VentralDC,L,0.0031401192655694,0.0046975931664466,0.6314573640589811,False,False,Neither
2Hz,369,6.01971137368074,5.82340189145779,5.156257742698152,7.957367490997292,20,Right-Cerebellum-Cortex,R,0.0070420185329635,0.0021735653192712,0.4078490137054841,False,False,Neither
2Hz,370,5.5059569530708306,5.411380799723496,4.434115485764374,7.393006137535628,20,Right-Thalamus-Proper,R,0.0033576302480766,0.0039024613232973,0.9588501267730656,False,False,Neither
2Hz,371,6.139419035794473,5.973814482966676,5.276703287870959,7.926069692825487,20,Right-Caudate,R,0.0095043504002226,0.003233376756465,0.8334513322304298,False,False,Neither
2Hz,372,5.47371731313334,5.40024444498407,4.456397257113477,7.263546696028636,20,Right-Putamen,R,0.0016465703787865,0.0043789415108895,0.9954270763265902,False,False,Neither
2Hz,373,6.431999324395481,6.318377987368125,5.689388434899046,8.05233954963235,20,Right-Pallidum,R,0.0119916382955803,0.0033644796893346,0.7351643745857894,False,False,Neither
2Hz,374,7.390696271946834,7.245355058183594,6.787384502620998,8.785816289640577,20,Right-Hippocampus,R,0.0140378319652291,0.0017670624072019,0.5948289451320816,False,False,Neither
2Hz,375,6.310614587069998,6.12526132179905,5.51239879815076,8.089608094240125,20,Right-Amygdala,R,0.0074356113917061,0.0014907847042537,0.4200290511398771,False,False,Neither
2Hz,376,5.47000681108788,5.21259305721192,4.548874273697045,7.563246353469256,20,Right-Accumbens-area,R,0.0007349337414735,0.0011028475270755,0.2994371235941651,False,False,Neither
2Hz,377,6.384181912272794,6.208732769857587,5.718730118016018,8.019882695547665,20,Right-VentralDC,R,0.0137582568290179,0.0040174009853487,0.6753698299545765,False,False,Neither
2Hz,378,5.867109593575582,5.703680848397835,4.786975472912559,7.889129776539935,20,Brainstem,M,0.0011582331317323,0.0028044013013806,0.7586417764251314,False,False,Neither
5Hz,0,3.895029259345472,3.770156504893495,3.1119339284311835,6.259736815173955,20,L_V1,L,0.0499991002520257,0.0019063489862529,0.5269579218379199,False,False,Neither
5Hz,1,9.621315685036276,9.569798125407264,9.190353849991814,10.356250096379606,20,L_MST,L,0.029726287630961,0.0008896902916246,0.3331886005542827,False,False,Neither
5Hz,2,4.834379253997017,4.6707449587196255,3.915963092901429,7.492412783634192,20,L_V6,L,0.0011528313979012,0.0020000321883328,0.3945636310635151,False,False,Neither
5Hz,3,9.100857935173144,9.094643474396978,8.487881357123984,10.102176408907283,20,L_V2,L,0.0234440611697802,0.0017152315470933,0.4839793948248942,False,False,Neither
5Hz,4,8.993872751384895,8.969728454087294,8.834266927937865,9.515696701687993,20,L_V3,L,0.0289114946873094,0.0016683351457104,0.4759108869777085,False,False,Neither
5Hz,5,8.985838641885332,9.081453355259256,7.416876014526625,11.5247016839473,20,L_V4,L,0.021012840100362,0.0016964032104075,0.4402563606097447,False,False,Neither
5Hz,6,5.282459449017586,5.120355405398305,4.448465477363226,7.913723682206877,20,L_V8,L,0.0460138626668339,0.0006834582796599,0.2909880497772376,False,False,Neither
5Hz,7,4.916689441511343,4.8437399318999095,3.8252337609742098,7.536272528260431,20,L_4,L,0.0012170175842284,0.0028345626948133,0.6689470739282588,False,False,Neither
5Hz,8,5.110433169739821,5.041001274670506,4.170752595619066,7.631428832387163,20,L_3b,L,0.0071297126097682,0.0029474609432052,0.5498767235396308,False,False,Neither
5Hz,9,5.108051138061846,5.055447289825029,4.018074638729991,7.613893432252782,20,L_FEF,L,0.0028627447493883,0.0025295987765135,0.4933747427677384,False,False,Neither
5Hz,10,6.836446968164521,6.797885318573838,5.575646107582854,9.298553584483688,20,L_PEF,L,0.003551906787742,0.0006002948581714,0.3569584957733366,False,False,Neither
5Hz,11,11.154435290858359,11.183105473201891,8.552669825999587,14.543256680835226,20,L_55b,L,0.0220160095527867,0.0004725068464415,0.4800763261770397,False,False,Neither
5Hz,12,4.63489935287749,4.502322925856291,3.715732496952441,7.224635899432309,20,L_V3A,L,0.0014733234080654,0.002036745887104,0.4396558299189063,False,False,Neither
5Hz,13,4.805733149459258,4.773324769474543,3.81908512265173,7.386542612390933,20,L_RSC,L,0.0083128895291683,0.0044243883783171,0.7045098712235771,False,False,Neither
5Hz,14,7.898877122413053,7.538942440783953,6.361685809528543,10.301143109964832,20,L_POS2,L,0.0207440139764308,0.0038171566412159,0.6120738599360274,False,False,Neither
5Hz,15,5.00423541697894,4.804168079507202,4.034986211034474,7.5861336117181715,20,L_V7,L,0.000746923631009,0.0015349140679443,0.3589863603135077,False,False,Neither
5Hz,16,9.87255237872547,9.871377498417663,9.699227809105825,9.987091478179975,20,L_IPS1,L,0.036949521881766,0.0020083288328784,0.4225974938052476,False,False,Neither
5Hz,17,5.4840679340961485,5.3496991027872385,4.627880821573944,7.859155582266394,20,L_FFC,L,0.0099154716498692,0.0010331222737339,0.3953979078098145,False,False,Neither
5Hz,18,4.856636191224394,4.688473576119721,3.9509351437794082,7.586103110370436,20,L_V3B,L,0.0054096322434224,0.0020763415633097,0.3259424833142891,False,False,Neither
5Hz,19,10.925858482836464,10.95486098196262,10.407761012646269,11.286253769750708,20,L_LO1,L,0.0322608214086095,0.0005367563954262,0.2968578762449552,False,False,Neither
5Hz,20,6.751682036215402,6.6486452135073595,6.149255411685923,8.835140315259418,20,L_LO2,L,0.0366176998344744,0.0004781562758554,0.3191168505680777,False,False,Neither
5Hz,21,4.376179221286621,4.154221890613455,3.80010991636915,6.514744041295127,20,L_PIT,L,0.0380281522833636,0.0011167764308311,0.2993334176278671,False,False,Neither
5Hz,22,8.909441732649835,8.851696419913704,6.896599390282188,10.908898437477417,20,L_MT,L,0.019998189037052,0.0005470696593204,0.3177515017425273,False,False,Neither
5Hz,23,0.0,0.0,0.0,0.0,20,L_A1,L,0.0056302279108464,9.5465585268703e-05,0.3355397782410358,False,False,Neither
5Hz,24,6.490539193029714,6.436276384205774,5.306947691161026,8.540982738355119,20,L_PSL,L,0.0158375184075048,0.0024803788775391,0.3891588640103576,False,False,Neither
5Hz,25,8.237521488952535,8.184420746939512,7.817942338781779,8.908976959321775,20,L_SFL,L,0.0282485631882102,0.0022078791531402,0.5301229302068617,False,False,Neither
5Hz,26,9.054605078635994,8.760795899234743,7.73948736041022,11.275999070889064,20,L_PCV,L,0.0211169426099371,0.0037443506485766,0.4882032280826287,False,True,Episodic proxy
5Hz,27,4.888051828020098,4.814711747317697,3.8721901754260974,7.332614467341465,20,L_STV,L,0.0018900213826269,0.0024077007599959,0.3846398675728902,False,False,Neither
5Hz,28,5.432900740606824,5.32428633075012,4.393459358701967,8.275547625542936,20,L_7Pm,L,0.0003388450631528,0.0016036023415219,0.4441539244828956,False,False,Neither
5Hz,29,5.798993524981693,5.669224700761319,4.9086811752498125,8.305947775821316,20,L_7m,L,0.0123260948224382,0.0027272549411686,0.5191920960281471,False,True,Episodic proxy
5Hz,30,6.635398970623167,6.535251757804054,5.79569021351403,8.775234934715991,20,L_POS1,L,0.0166702599789514,0.0026417647630162,0.5685226894264501,False,False,Neither
5Hz,31,5.441551666548003,5.414573737725705,4.4047027190067185,8.122575283516095,20,L_23d,L,0.004511444010534,0.0016362703771604,0.3738187730208542,False,True,Episodic proxy
5Hz,32,5.213908892188455,5.09915762640656,4.328949124700938,7.756856794113865,20,L_v23ab,L,0.0081594664531512,0.0019809728303667,0.3711551027487709,False,True,Episodic proxy
5Hz,33,6.426457804840264,6.259918704473008,5.759096262365228,8.691886140884927,20,L_d23ab,L,0.0142830903568383,0.0023234459728752,0.3780701525136505,False,True,Episodic proxy
5Hz,34,9.054086157572772,9.045530699470662,8.82245893716638,9.41857791957061,20,L_31pv,L,0.0314008224451751,0.0017844999363434,0.4021545406468808,False,True,Episodic proxy
5Hz,35,5.727650100910582,5.688404501825042,4.713767714239874,8.566138860301283,20,L_5m,L,0.0009217098186841,0.0009004356074516,0.3150166066210373,False,False,Neither
5Hz,36,4.264550384495891,4.234110863383217,3.271097806463856,6.871589540244274,20,L_5mv,L,0.0012469921659551,0.003716811433188,0.4729654406610276,False,False,Neither
5Hz,37,4.586835710924283,4.52482869939746,3.56839942166104,7.174476472731935,20,L_23c,L,0.0017189552846054,0.0033960563102697,0.518798508866956,False,False,Neither
5Hz,38,6.186923110330996,5.986703312049821,5.452929082029333,8.603818008959852,20,L_5L,L,0.013207480060198,0.0024171913750985,0.4087154818165799,False,False,Neither
5Hz,39,6.4373768087337435,6.360789207823943,5.521209387330715,8.90001071473229,20,L_24dd,L,0.0101688840786328,0.0011952862515454,0.4691385863168601,False,False,Neither
5Hz,40,6.567689030559519,6.504487096796877,5.695331163699545,9.102753925959757,20,L_24dv,L,0.0110507226284677,0.0009438912179781,0.4127020435606227,False,False,Neither
5Hz,41,4.447436336872936,4.39882524078145,3.4448234995720983,7.095871615127345,20,L_7AL,L,0.0017683252802785,0.003901722404444,0.51228904145768,False,False,Neither
5Hz,42,6.646579964819688,6.602432319887035,5.624944512715223,9.134052439199024,20,L_SCEF,L,0.0055966295533799,0.0006249210103056,0.5288588643440378,False,False,Neither
5Hz,43,6.3735747986455245,6.234420390286794,5.613361609347994,8.57659809462067,20,L_6ma,L,0.0143972392938133,0.0019610498561996,0.552659211483917,False,False,Neither
5Hz,44,4.5816955795114875,4.539496326933719,3.584194390404198,7.190169530047268,20,L_7Am,L,0.0037478545157944,0.0039303016165044,0.4966801086320414,False,False,Neither
5Hz,45,5.486569762412018,5.337468998127239,4.4363249231454835,8.091192080963124,20,L_7PL,L,0.00173214950928,0.0013522741084444,0.4323163157162662,False,False,Neither
5Hz,46,4.801777884234592,4.707621978069838,3.791067094649985,7.442001467625534,20,L_7PC,L,0.0045049425714416,0.0035125584964529,0.4665824848036178,False,False,Neither
5Hz,47,9.06298854022302,9.01710171336623,7.921210004800095,10.722161834535886,20,L_LIPv,L,0.020515982422259,0.0018933988218494,0.429390090409817,False,False,Neither
5Hz,48,5.137710357123728,5.0939325557625255,4.2059873484111305,7.725381702848736,20,L_VIP,L,0.0059834769737441,0.0025975759468497,0.425019689197073,False,False,Neither
5Hz,49,5.31980772395766,5.258234604562345,4.305552129187827,8.06815286879467,20,L_MIP,L,0.0032018228371426,0.0022086910449584,0.4440793038304302,False,False,Neither
5Hz,50,5.658969528900348,5.531730798303558,4.799211710586063,8.077619310936315,20,L_1,L,0.0113178152775891,0.0026029901260918,0.5295021247185608,False,False,Neither
5Hz,51,4.463034009296605,4.389252395458402,3.4261435856034215,7.133393710096286,20,L_2,L,0.000888123331232,0.0039309546008066,0.5736180523828621,False,False,Neither
5Hz,52,6.987073048547893,6.888008502769209,6.147275081090121,9.083440588362551,20,L_3a,L,0.015311585005769,0.0016138446482514,0.4900236801373875,False,False,Neither
5Hz,53,8.503672361749109,8.47032686155358,8.229180622046822,9.278022471318087,20,L_6d,L,0.0274590981822128,0.0019592234075121,0.4890312390130334,False,False,Neither
5Hz,54,5.874596665346007,5.769232696984254,5.013179330954813,8.391710577041104,20,L_6mp,L,0.0109798904974894,0.0020728660029905,0.5616812217684544,False,False,Neither
5Hz,55,5.048819841479647,4.949831580207094,3.9860376512699953,7.552876925261402,20,L_6v,L,0.0012330376067079,0.0020741155041055,0.4391827491719746,False,False,Neither
5Hz,56,6.060495162035814,6.072400302141986,4.918616937039871,8.712572374349534,20,L_p24pr,L,0.0012297810920269,0.000728572384414,0.3864281296934918,False,False,Neither
5Hz,57,6.675182703228887,6.618308077898741,5.670280484541245,9.1121505660029,20,L_33pr,L,0.0099197883874926,0.0009240481615277,0.4456465328860112,False,False,Neither
5Hz,58,6.269059288660737,6.208915719184658,5.138386098040095,9.08797756660853,20,L_a24pr,L,0.0037985897508616,0.0006316721138732,0.3558267336503884,False,False,Neither
5Hz,59,5.496473819149314,5.454857914622724,4.374862022748114,8.203250456808545,20,L_p32pr,L,0.0019192667349894,0.0014451426177102,0.4229250333732045,False,False,Neither
5Hz,60,5.455851240068456,5.355686292671271,4.330615428164567,8.204011060063394,20,L_a24,L,0.0007169935289524,0.0006299332253776,0.3392717517558431,False,False,Neither
5Hz,61,9.690393900556082,9.636776491583976,9.209560140282143,10.905611434738491,20,L_d32,L,0.0260686130324932,0.0004800027320248,0.3999898427061686,False,False,Neither
5Hz,62,9.507942176392083,9.244236007433047,7.900812765256255,11.463090444008685,20,L_8BM,L,0.0201039709450571,0.0006745074397163,0.4671058175950421,True,False,Semantic proxy
5Hz,63,5.151012944103792,4.969064392559214,3.9475959649173773,7.74214269394681,20,L_p32,L,0.0022189630472424,0.0008111307157338,0.3551980821769425,False,False,Neither
5Hz,64,5.54235924333407,5.416341213573589,4.545155390168555,8.133299047725815,20,L_10r,L,0.0109335143078004,0.0011550532233814,0.3139992454386902,True,False,Semantic proxy
5Hz,65,5.813281590953962,5.668453856031261,4.542570582648106,8.348513515117011,20,L_47m,L,0.0051704978729449,0.0004662169474727,0.2762573372838628,False,False,Neither
5Hz,66,5.558780898075009,5.518050345882294,4.426887380518192,7.914219445832531,20,L_8Av,L,0.0070172916642766,0.0020394104894835,0.5502184869537743,False,False,Neither
5Hz,67,6.727347761125277,6.65789492091489,5.617959508485923,9.393880786147193,20,L_8Ad,L,0.0007276367491996,0.0005134328276676,0.4493691676500464,False,False,Neither
5Hz,68,6.3740393027544435,6.211067003837398,5.405036904532912,8.703889178915151,20,L_9m,L,0.011305137805911,0.0013197867002186,0.4789169430642468,True,False,Semantic proxy
5Hz,69,9.420903899599306,9.35250554673804,8.934617926621591,10.828303610535558,20,L_8BL,L,0.0354695060237657,0.0007966893773906,0.4926272512022324,False,False,Neither
5Hz,70,5.937771044647284,5.85652540204115,4.775944638745153,8.481713598347275,20,L_9p,L,0.0026605796116713,0.001130006437039,0.4367419044383046,False,False,Neither
5Hz,71,9.327879947610437,9.236335034407904,8.846781886556913,10.447957112781694,20,L_10d,L,0.0236126203765792,0.0008135259170652,0.3948432109660709,False,False,Neither
5Hz,72,9.976542228822565,9.785329420200595,7.436664646878649,12.753434134344571,20,L_8C,L,0.0213830764712941,0.0012671698517427,0.5237723977365896,False,False,Neither
5Hz,73,5.261722093892095,5.208130889669705,4.062736631798346,7.838018633804191,20,L_44,L,0.0017412994538931,0.0020369080799178,0.5056592073759071,False,False,Neither
5Hz,74,8.59077054799808,8.528731978176449,8.129589422331414,10.014455360219525,20,L_45,L,0.0262967274187268,0.0023701238814946,0.4738070310821268,False,False,Neither
5Hz,75,7.350496956596627,7.212660794794866,6.049927888690201,9.622413868992291,20,L_47l,L,0.0499858074631609,0.0005993116776972,0.3627494816719777,False,False,Neither
5Hz,76,9.294914916703918,9.224360590020222,8.983685832839885,9.992983537803363,20,L_a47r,L,0.0287556383887705,0.0010799105452288,0.419248087726914,False,False,Neither
5Hz,77,5.768116110725551,5.7282811764225965,4.673241913989197,8.247138410409878,20,L_6r,L,0.0039661459930891,0.0017141990821281,0.5269987920440811,False,False,Neither
5Hz,78,9.575531872746051,9.567819216723304,9.324042271813184,10.10963717140453,20,L_IFJa,L,0.0349379544136528,0.0019794645579286,0.4085473889485804,False,False,Neither
5Hz,79,5.366997403571554,5.332683637522836,4.434881362972536,7.7049352300551455,20,L_IFJp,L,0.0110644509573866,0.001855694800049,0.3886008127640468,False,False,Neither
5Hz,80,5.261950251610277,5.210052149809693,4.1591212541670455,7.747086183537455,20,L_IFSp,L,0.0055202766373915,0.0019410612363008,0.4331125974293505,False,False,Neither
5Hz,81,12.55630358546127,12.668868310762118,9.770980924664832,15.086523398918523,20,L_IFSa,L,0.0226959956257969,0.0005683736916149,0.4485746738620449,False,False,Neither
5Hz,82,11.393175933753005,11.260478043998333,9.356702799256352,13.299024181880542,20,L_p9-46v,L,0.0208340071292709,0.0004798188442608,0.4490547487409586,False,False,Neither
5Hz,83,5.9732026211410005,5.89821965963144,4.845676632786966,8.476626902763025,20,L_46,L,0.0068963678790913,0.0016128319621387,0.4556137694607676,False,False,Neither
5Hz,84,9.086034561424999,8.929227315862256,8.459401210299854,10.27307982901908,20,L_a9-46v,L,0.0242172762587954,0.0006042788430845,0.4113204403723908,False,False,Neither
5Hz,85,6.825365775515668,6.748722512540146,5.647541298774184,9.367009215058362,20,L_9-46d,L,0.0047584378792243,0.0006061693268079,0.4564244396351402,False,False,Neither
5Hz,86,5.4761349622775155,5.341472704331295,4.269501424288775,8.281387039200098,20,L_9a,L,0.0005919715619468,0.0012038402711524,0.4186790579707314,False,False,Neither
5Hz,87,6.798405863518433,6.538846073205155,5.975456191678851,9.18959426639914,20,L_10v,L,0.0360882829623517,0.0003415956192625,0.3218456087479411,True,False,Semantic proxy
5Hz,88,9.544022265951785,9.559630800070767,9.122259469163577,10.42033970449304,20,L_a10p,L,0.0236714581863147,0.0003925093198796,0.3797276289164325,False,False,Neither
5Hz,89,6.030670740827301,5.861788990438466,4.972297588962103,8.636985635209994,20,L_10pp,L,0.0056640370885858,0.0005173140385924,0.3302717447227111,False,False,Neither
5Hz,90,4.360470917812343,4.241884265655488,3.2828325531032756,6.883917445580149,20,L_11l,L,0.0499982650856743,0.0012606039776096,0.4016845990008395,False,False,Neither
5Hz,91,9.469378881419308,9.42098096392957,9.036771930259516,10.082455026663848,20,L_13l,L,0.025423377662326,0.0010230264711889,0.3532146276991179,False,False,Neither
5Hz,92,4.941549021157454,4.832447002784669,3.7336176516174704,7.310626557404477,20,L_OFC,L,0.0478619489334178,0.0009438999466284,0.3144509791224437,False,False,Neither
5Hz,93,4.384491064842175,4.256495404914845,3.335006711103692,6.693422495201997,20,L_47s,L,0.0496451815765235,0.0007956277066122,0.3363007971476724,False,False,Neither
5Hz,94,4.855480909115348,4.743548511878546,3.838156463669558,7.446735621654727,20,L_LIPd,L,0.002928358502833,0.0022588893030525,0.3676601908277136,False,False,Neither
5Hz,95,5.443070179430232,5.398589752120979,4.4242531008870625,8.070072026912916,20,L_6a,L,0.0056175977446595,0.0020794798863259,0.5637112833741637,False,False,Neither
5Hz,96,8.165644612388544,8.047855697952784,7.210579660123341,9.995961714505068,20,L_i6-8,L,0.0174957162151902,0.0011140136356684,0.4540037624800576,False,False,Neither
5Hz,97,6.187178516581961,6.089597482644621,5.038446110365495,8.941961101040533,20,L_s6-8,L,0.0017800013633353,0.0011739990258074,0.3791274621791886,False,False,Neither
5Hz,98,8.749876230406937,8.741240475188752,8.239228986663678,9.336376086639792,20,L_43,L,0.0233220912930258,0.0019119164041715,0.4072539350274859,False,False,Neither
5Hz,99,9.56389998354947,9.554111361948808,9.224228698701525,9.879433544730988,20,L_OP4,L,0.0342815601595528,0.001863537415707,0.3806161370057735,False,False,Neither
5Hz,100,9.275205361949471,9.30589383677215,8.906878054441902,9.892564695911004,20,L_OP1,L,0.0227317309247292,0.0024432684104568,0.3659074689839316,False,False,Neither
5Hz,101,7.355341717856047,6.932629119031484,6.0176167837247245,9.120476195679855,20,L_OP2-3,L,0.0191285778680887,0.0028720030467505,0.3724796397095158,False,False,Neither
5Hz,102,9.25902602717039,9.25500886895,8.98495724886341,9.436651848355067,20,L_52,L,0.0338120800153143,0.0041853397533725,0.4821182350363742,False,False,Neither
5Hz,103,8.581495646940027,8.56812916641125,8.36660018139133,8.918311553514043,20,L_RI,L,0.0248796710221845,0.0040325320926636,0.4636149951638708,False,False,Neither
5Hz,104,8.849426705519443,8.848146113531971,8.704411524190292,9.164970545483673,20,L_PFcm,L,0.0261595948432456,0.0023494650305413,0.39687931052853,False,False,Neither
5Hz,105,4.938274628767493,4.883486999402676,4.019799573576208,7.5050016540247,20,L_PoI2,L,0.0033138573531546,0.0018840917070721,0.4412545122887971,False,False,Neither
5Hz,106,4.101241512069867,3.9614612328288183,3.4125270427039154,6.627542581523221,20,L_TA2,L,0.0051697905937239,0.0026869521030066,0.248597797652403,False,False,Neither
5Hz,107,10.297553895574506,10.40876198954684,8.151330418639665,13.5704845093825,20,L_FOP4,L,0.0220405460311644,0.0016327625580758,0.5095878158716358,False,False,Neither
5Hz,108,4.704148704943366,4.654543264222914,3.648571810334599,7.312164396819094,20,L_MI,L,0.0027198842267962,0.0021372938636558,0.4134242794638637,False,False,Neither
5Hz,109,5.341963449065335,5.270679209663889,4.402630486278217,7.931151830966267,20,L_Pir,L,0.0027309848107532,0.0012888890634031,0.3864758131066677,False,False,Neither
5Hz,110,6.009689429242458,5.943186431594249,4.793555061973735,8.648260397269983,20,L_AVI,L,0.000841339840433,0.0005594746307696,0.4195883710780891,False,False,Neither
5Hz,111,6.077993995476789,5.9857126143227335,5.169700587616982,8.504172737531745,20,L_AAIC,L,0.0081254378344033,0.0007892876367127,0.396157044352968,False,False,Neither
5Hz,112,9.349160566154925,9.353082998163263,9.064066440110468,9.614755806527771,20,L_FOP1,L,0.0308414365654511,0.0028931260370533,0.3559034058216847,False,False,Neither
5Hz,113,7.340381581750404,7.151148380901017,6.288043052639934,9.188945995721935,20,L_FOP3,L,0.0173058225505629,0.0018521963325344,0.3966850598842777,False,False,Neither
5Hz,114,9.296238361062814,9.276802741956331,9.133349440778414,9.589019528796005,20,L_FOP2,L,0.0224830638413807,0.0024654288409012,0.3334093315980862,False,False,Neither
5Hz,115,9.058183436148935,9.041491139689445,8.879788489395938,9.417891780108503,20,L_PFt,L,0.0289861709951572,0.002449532973239,0.3970223940795326,False,False,Neither
5Hz,116,8.388262490179896,8.372343064421074,7.743031413336456,9.179474674178413,20,L_AIP,L,0.0256531556047546,0.0015947630901474,0.446900292333297,False,False,Neither
5Hz,117,6.457012548063524,6.345452237492273,5.657616676172069,9.283095074483857,20,L_EC,L,0.0077347561879519,0.000875109074095,0.222206070194078,False,False,Neither
5Hz,118,4.65626474760816,4.47550709451961,3.957809675091931,7.1531033377346676,20,L_PreS,L,0.0399585394657424,0.0005009143556559,0.3064075214439209,False,False,Neither
5Hz,119,3.775378990507093,3.6608497242268094,3.2846502175046055,5.809676565588083,20,L_H,L,0.0305991989641273,0.0011634685461751,0.1953709444739069,False,False,Neither
5Hz,120,6.133614576754293,5.983286397455128,5.228742132055316,8.681904874481077,20,L_ProS,L,0.0008627508219775,0.0003205385919774,0.3730091031441602,False,False,Neither
5Hz,121,10.828213754572666,10.76592448975612,10.5219277359251,11.805921412055723,20,L_PeEc,L,0.030745478039181,0.000271791543583,0.2782333424434119,False,False,Neither
5Hz,122,4.656159243037003,4.484610743603017,3.8478237978525276,7.274755785131022,20,L_STGa,L,0.0015181996542318,0.0019539026472061,0.2829789163017806,False,False,Neither
5Hz,123,4.558841952667195,4.480546642754119,3.6768574219334638,7.080748360352229,20,L_PBelt,L,0.0028575535275975,0.0033567661241047,0.3660239151107793,False,False,Neither
5Hz,124,4.983711682032965,4.867851059536424,4.096296245194676,7.516283201624714,20,L_A5,L,0.0093626100490319,0.0029552410702943,0.3762488695738432,False,False,Neither
5Hz,125,5.161005341885051,5.040057985103684,4.4665263435915925,7.772336741683789,20,L_PHA1,L,0.0084368068902999,0.0008585852405548,0.2904006434573511,False,False,Neither
5Hz,126,6.615472071316498,6.4754463233762785,5.8270707995036055,9.369670266819435,20,L_PHA3,L,0.0037083695569332,0.0002292072307106,0.3286653540598154,False,False,Neither
5Hz,127,9.77929933682243,9.761861291448373,9.603876264184816,10.044809139077161,20,L_STSda,L,0.0363547333283653,0.0025379162874158,0.4178122893482324,True,False,Semantic proxy
5Hz,128,5.448540909788328,5.391451694656499,4.555397968347326,7.997302670492136,20,L_STSdp,L,0.0088708407830944,0.0024520849891573,0.4543979453610104,False,False,Neither
5Hz,129,6.775685557135534,6.777631801411541,5.74486450023627,8.928086334784593,20,L_STSvp,L,0.0164204573835768,0.0020773270411345,0.4519610700607498,False,False,Neither
5Hz,130,9.061602461242938,9.066360842445476,8.739481565083198,9.762750981463084,20,L_TGd,L,0.0313139332847866,0.0019638560492439,0.4504229238409821,False,False,Neither
5Hz,131,9.001675270262485,8.961954383719636,8.833674827367881,9.323652796637981,20,L_TE1a,L,0.0242480543245884,0.0019791000029258,0.4063858265431166,False,False,Neither
5Hz,132,10.769255975037883,10.565825288742138,9.252992994903336,13.202812767652187,20,L_TE1p,L,0.0236958383957169,0.0019699753491439,0.5568260650710064,False,False,Neither
5Hz,133,9.302848406652789,9.197551529422665,9.01420945819188,10.125742452450691,20,L_TE2a,L,0.0235964008870613,0.001412412543042,0.4729310628987613,False,False,Neither
5Hz,134,5.264011631923469,5.124987912368695,4.370264018712762,8.08662328065609,20,L_TF,L,0.0489474375892177,0.0005119469617276,0.4201906744776126,True,False,Semantic proxy
5Hz,135,9.336698235406626,9.30886925867656,8.95870563051828,10.025347075699106,20,L_TE2p,L,0.0327123315795931,0.0018043115307659,0.4346811409691636,False,False,Neither
5Hz,136,5.770158881954333,5.736925646656566,4.881649692218276,8.148410399017662,20,L_PHT,L,0.0068811715566843,0.0013163307295804,0.4731504114007938,False,False,Neither
5Hz,137,8.94826819002143,8.973572759893464,8.351733675530486,9.13438820628335,20,L_PH,L,0.0315900177134242,0.0021304334064863,0.4859444595918589,False,False,Neither
5Hz,138,4.2510917496953144,4.214597915935805,3.1368137272407504,6.745891937276675,20,L_TPOJ1,L,0.0004214048382914,0.0030907593594613,0.4002453190930214,False,False,Neither
5Hz,139,5.108606455384396,5.086353345308231,4.104091854299608,7.618496720868959,20,L_TPOJ2,L,0.0016678418202536,0.0017122557356541,0.3747091273130485,False,False,Neither
5Hz,140,5.438803954724246,5.419078214139513,4.400202044305399,7.983739224995863,20,L_TPOJ3,L,0.0045074870064966,0.0014854970133068,0.34959220513579,False,False,Neither
5Hz,141,10.333023100447157,10.05089598773928,8.155997659295414,12.749762228474374,20,L_DVT,L,0.0228957551338668,0.0017390824486287,0.5200296627757692,False,False,Neither
5Hz,142,5.429916439445602,5.291546813502611,4.47864979846637,8.087108192314375,20,L_PGp,L,0.0040771378019583,0.0019571918717994,0.4824444472289854,False,False,Neither
5Hz,143,6.320516563325062,6.249351596811763,5.470165505498655,8.567897647176201,20,L_IP2,L,0.0126970537345591,0.0017815249879042,0.4418435155168749,False,False,Neither
5Hz,144,5.018363885529975,4.947112693259232,3.9891137727144357,7.58495441394761,20,L_IP1,L,0.0012631547500026,0.0021312343376966,0.4768956498007086,False,False,Neither
5Hz,145,5.460306676904035,5.311917845425997,4.5107720763959,8.011519620045828,20,L_IP0,L,0.0068839063312992,0.0018490996919504,0.401272130151976,False,False,Neither
5Hz,146,5.556906073904392,5.513317665521651,4.580928430646675,8.205495226874033,20,L_PFop,L,0.0014046247234043,0.0018831140998013,0.3995472644333736,False,False,Neither
5Hz,147,4.734716154522839,4.694311627323874,3.8269612911583546,7.321131773640856,20,L_PF,L,0.0086601124211413,0.0041249075260281,0.5414233080782644,False,False,Neither
5Hz,148,5.05995804357015,5.035553434190184,4.12804187252669,7.555407553580897,20,L_PFm,L,0.0076091466330872,0.0035553899265905,0.5849366239027208,False,False,Neither
5Hz,149,5.741787020780507,5.681152278344861,4.714786697293844,8.53270346686886,20,L_PGi,L,0.00029384932819,0.0015425561638142,0.4864159501850451,False,False,Neither
5Hz,150,4.93415223991149,4.892163819813825,3.9254060739751786,7.541354045358495,20,L_PGs,L,0.0002749012621192,0.0031776237659541,0.5625340593751392,False,False,Neither
5Hz,151,4.9634635521366075,4.789725956366308,4.006440893101908,7.573061073485888,20,L_V6A,L,0.0012617326318108,0.0017788108465274,0.3560351274518676,False,False,Neither
5Hz,152,4.8097769910967765,4.648654560412743,3.962502252193574,7.597551560313539,20,L_VMV1,L,0.0006512504469823,0.0013050302508133,0.2736644950488427,False,False,Neither
5Hz,153,4.297499979838205,4.116381918820899,3.5213045148137985,6.795791231089615,20,L_VMV3,L,0.0436781700501548,0.0006676862327421,0.2872349573766367,False,False,Neither
5Hz,154,10.132402461143082,10.064000296466926,9.424601600586083,11.624204961305399,20,L_PHA2,L,0.0253288467136948,0.0006329701301034,0.2701357169253245,False,False,Neither
5Hz,155,5.487342549263888,5.365740792806853,4.586149370959542,8.267019584766038,20,L_V4t,L,0.001992715351215,0.0005939343054344,0.3108634412715679,False,False,Neither
5Hz,156,8.911641237408556,8.900016526795014,8.751192079697828,9.316107062509658,20,L_FST,L,0.0255323825105047,0.0023196763107629,0.4044928500745397,False,False,Neither
5Hz,157,4.5299424074623635,4.363269992653186,3.598465351582949,7.166379772291263,20,L_V3CD,L,0.0029113978313928,0.00197598130148,0.3586334886076033,False,False,Neither
5Hz,158,6.015572507011071,5.900883169655186,5.047215764829381,8.717633215197296,20,L_LO3,L,0.0013263091302259,0.0011495433007143,0.3326554245395435,False,False,Neither
5Hz,159,5.542002982321686,5.416158192759042,4.746899492671759,8.206382201287479,20,L_VMV2,L,0.0095155558374347,0.0006179507641119,0.2691357603211293,False,False,Neither
5Hz,160,5.053326119072027,4.996657774684717,4.036349008598901,7.898574459007381,20,L_31pd,L,0.0025615781019833,0.0023284787420079,0.4536094020251976,False,True,Episodic proxy
5Hz,161,5.5934268173478205,5.471477539969881,4.5858101847647985,8.368129069489179,20,L_31a,L,0.0006294852192031,0.001943567452346,0.386535473417285,False,True,Episodic proxy
5Hz,162,6.01164331215009,5.87261710903298,5.111156047949448,8.673569060386066,20,L_VVC,L,0.0008575609132178,0.0003960668487207,0.3533625446076473,False,False,Neither
5Hz,163,9.552637946892142,9.49694441466212,9.223626707799824,10.313490892792574,20,L_25,L,0.0245075555054602,0.0005314655991186,0.2741654131727919,True,False,Semantic proxy
5Hz,164,8.976890641371941,9.059881843694907,6.89594258414745,10.726754760155009,20,L_s32,L,0.019490245792081,0.000789771839503,0.2884755810307176,False,False,Neither
5Hz,165,5.214688647957436,5.038914693864118,4.233633571617823,7.887207679559243,20,L_pOFC,L,0.0042103538821622,0.0012193069539339,0.2743790160664992,False,False,Neither
5Hz,166,5.301179477480085,5.252705329160829,4.418195209116311,7.972423838762082,20,L_PoI1,L,0.0079832261575781,0.0022014517476655,0.5189266006168132,False,False,Neither
5Hz,167,4.145484942588549,4.125160650375717,3.1796151608497825,6.638425028963333,20,L_Ig,L,0.0006763394088503,0.0029495000782639,0.3680582374131839,False,False,Neither
5Hz,168,6.168676884521838,5.982521800683373,4.832647642051115,8.51296745390848,20,L_FOP5,L,0.0499935904219469,0.0007432389929963,0.4298988460204573,False,False,Neither
5Hz,169,8.858849322453294,8.734397222557366,6.49957173771496,11.386759331898894,20,L_p10p,L,0.0202431726999487,0.0013768120646652,0.3589861234369607,False,False,Neither
5Hz,170,6.33246074466615,6.228981873728225,5.062062264852499,8.842811385392581,20,L_p47r,L,0.0037616467797881,0.000398292244769,0.4075866742002444,False,False,Neither
5Hz,171,4.407234996238943,4.259151575888026,3.886094616995121,6.562629807718274,20,L_TGv,L,0.0359991153993258,0.0008436668195802,0.2952478829755866,False,False,Neither
5Hz,172,7.608276340347659,7.43052548244413,6.119559372912533,9.411292244168099,20,L_MBelt,L,0.0203115405902383,0.0045567384548955,0.3891401412192848,False,False,Neither
5Hz,173,3.909542785128098,3.8296228790491362,2.8417226582022326,6.516216576936198,20,L_LBelt,L,0.0007411862095638,0.0047017483833262,0.3974668767945024,False,False,Neither
5Hz,174,4.23240837405664,4.122337346743315,3.187209951580137,6.893920556346216,20,L_A4,L,0.0007072417320401,0.003538870843615,0.3998393678090691,False,False,Neither
5Hz,175,5.07850271878157,5.013562083109948,4.155031582607936,7.757902235300062,20,L_STSva,L,0.0013678031099496,0.0022013275991973,0.3889866634975963,False,False,Neither
5Hz,176,6.029354897718783,5.939823193713729,5.192888459917994,8.373662067631326,20,L_TE1m,L,0.0107639527365306,0.0016670930823718,0.4189657273961245,False,False,Neither
5Hz,177,3.58503791141368,3.379859626655626,3.0613335100120844,5.941312118525735,20,L_PI,L,0.0375061749282793,0.0026874456824399,0.3368755624792656,False,False,Neither
5Hz,178,6.99741174138317,6.897376329372915,5.865424159058384,9.632820984783788,20,L_a32pr,L,0.0023007755671196,0.0007665881574759,0.3846020110235767,False,False,Neither
5Hz,179,5.783130514891877,5.670730665353251,4.698074864153577,8.389833066180126,20,L_p24,L,0.0087195430102322,0.0013320760188577,0.3482859174649287,False,False,Neither
5Hz,180,4.072079882362408,3.9007667216612996,3.321264360315172,6.517461292423004,20,R_V1,R,0.0491570258892779,0.0022570948131159,0.5142070717672432,False,False,Neither
5Hz,181,4.178202530055475,4.044303254355283,3.4326620196570667,6.656629674234607,20,R_MST,R,0.04999300063885,0.0010414053422025,0.3713098523546632,False,False,Neither
5Hz,182,9.7569120420464,9.72471952061727,9.644789419898483,10.129310747329603,20,R_V6,R,0.0323712890108392,0.0024680101509036,0.4196368310327353,False,False,Neither
5Hz,183,3.9399174157363923,3.733605257102921,3.171792278035527,6.411131464261388,20,R_V2,R,0.0499909345649688,0.0020283595409268,0.4726531606557715,False,False,Neither
5Hz,184,9.088317899729706,9.087086017943268,8.929152266596958,9.33391672615901,20,R_V3,R,0.028770784113599,0.0019322474622582,0.477789034038436,False,False,Neither
5Hz,185,5.001604964657964,4.857596215670789,4.099787686252664,7.41273189376576,20,R_V4,R,0.0050894408856404,0.0018105010026504,0.4019931424291427,False,False,Neither
5Hz,186,4.9900276273934745,4.797212075814594,4.243251464031306,7.111959242378553,20,R_V8,R,0.0499933359453194,0.0005622534051146,0.271208575765008,False,False,Neither
5Hz,187,5.6354581782703255,5.602943818850283,4.685805162989483,8.36762612544954,20,R_4,R,0.0008910305291458,0.0020579191894856,0.6443523373007602,False,False,Neither
5Hz,188,5.648017515931602,5.561837161226139,4.786904278134996,8.292233656973218,20,R_3b,R,0.0038189223764674,0.0016726222256792,0.5300568361055492,False,False,Neither
5Hz,189,10.027660833919779,9.927547666536817,8.919184896943854,11.357595438778446,20,R_FEF,R,0.0233827660793273,0.0014603267618259,0.5002507726386201,False,False,Neither
5Hz,190,8.87374316799092,8.882103898085502,7.419576610992307,10.661872028453322,20,R_PEF,R,0.0178849020139137,0.0007172677491187,0.3861505843782072,False,False,Neither
5Hz,191,6.639494989192069,6.603890104320644,5.7020870144472395,9.205287929371053,20,R_55b,R,0.0011319936242821,0.0003751624896127,0.4377337356800291,False,False,Neither
5Hz,192,4.466790872404515,4.2938537158972165,3.735615607235954,6.875266222174977,20,R_V3A,R,0.048951100395098,0.0016649769050873,0.4463200838433631,False,False,Neither
5Hz,193,4.583426704214824,4.538870228032446,3.639839475509222,7.308052501869852,20,R_RSC,R,0.0003944006047337,0.0040048128945228,0.7006662948424578,False,False,Neither
5Hz,194,4.129889023072647,4.066702268499058,3.251164806045303,6.794582676736844,20,R_POS2,R,0.0053938848223871,0.0051741102494658,0.6231513809180453,False,False,Neither
5Hz,195,5.228616708204411,5.155034510265088,4.113691612767343,7.970241460975026,20,R_V7,R,0.0031332864474218,0.0017631044561208,0.3525078167416998,False,False,Neither
5Hz,196,8.752168838039058,8.752532002008609,8.50441376070299,8.976926111530897,20,R_IPS1,R,0.0250558598275591,0.0014418089412878,0.4361121826322302,False,False,Neither
5Hz,197,8.825124267900785,8.791337094330999,8.567818829182526,9.312969381186358,20,R_FFC,R,0.0243893391401862,0.000501967440043,0.3856414218601385,False,False,Neither
5Hz,198,9.160616888316973,9.152901634192393,8.92610982597266,9.468883301937227,20,R_V3B,R,0.023810491728699,0.0013334284381051,0.3405685962093827,False,False,Neither
5Hz,199,3.979009285287357,3.839500477142211,3.2984969459209283,6.373523585683119,20,R_LO1,R,0.0499793380585031,0.0013095946533486,0.3011701941853525,False,False,Neither
5Hz,200,4.699720097719171,4.531295874367393,3.9974535103186315,7.086501465202284,20,R_LO2,R,0.0499990780842638,0.0009613830032445,0.3052543237509381,False,False,Neither
5Hz,201,4.511412688521856,4.429938546432396,3.8859580710471606,6.71506103303514,20,R_PIT,R,0.0379925151438703,0.0009286473983348,0.3063987915186098,False,False,Neither
5Hz,202,4.53543294871813,4.404376795113139,3.7929024269293814,7.069322111236257,20,R_MT,R,0.0497038043088651,0.0012445059116304,0.3256693869082568,False,False,Neither
5Hz,203,0.0,0.0,0.0,0.0,20,R_A1,R,0.0073841050588613,0.0008347753779511,0.3328625984817142,False,False,Neither
5Hz,204,8.949246405123006,8.937900016331483,8.826050671648831,9.18453868950299,20,R_PSL,R,0.0307150651545543,0.0029159955470665,0.436838430807036,False,False,Neither
5Hz,205,6.242913060731444,6.137709523031894,5.349166077519947,8.683350900354553,20,R_SFL,R,0.0103567812018983,0.0015716262153239,0.4884768821496594,False,False,Neither
5Hz,206,5.065956705915697,4.980782944467746,4.209273870519035,7.717285049425653,20,R_PCV,R,0.0085119708650266,0.0028979201343503,0.4978772669561057,False,True,Episodic proxy
5Hz,207,9.219742320408901,9.225210186835369,9.122958981046581,9.344186008673509,20,R_STV,R,0.0226526801748782,0.0024112718080641,0.3932122768641493,False,False,Neither
5Hz,208,5.057812672902598,4.9951500711823655,4.187151474811332,7.798269324655223,20,R_7Pm,R,0.0053058340009351,0.0021762711102601,0.4598987806174906,False,False,Neither
5Hz,209,4.730829866375119,4.63358681080194,3.7990437105160493,7.392203504886316,20,R_7m,R,0.0016982948598265,0.0034081023972522,0.5125167675972011,False,True,Episodic proxy
5Hz,210,8.814385716925441,8.821537816459513,8.559096005796116,9.244740384413776,20,R_POS1,R,0.030349840512784,0.0018339552518365,0.5442806695418828,False,False,Neither
5Hz,211,5.2727683451808085,5.19871136513831,4.304963073752376,8.130275486360535,20,R_23d,R,0.002834890537027,0.0017838145144034,0.3914447895793526,False,True,Episodic proxy
5Hz,212,4.095082512392649,3.9629657866640926,3.168639969213268,6.645051696616762,20,R_v23ab,R,0.0021667982828749,0.0029513768645444,0.3434514254393402,False,True,Episodic proxy
5Hz,213,8.013801286480339,7.86089206839514,6.133374858690998,10.312371824625874,20,R_d23ab,R,0.019110480978384,0.0017581068720031,0.325890052801347,False,True,Episodic proxy
5Hz,214,4.930334348909215,4.848909644497349,3.9133086635160015,7.822433954041342,20,R_31pv,R,0.0023325616679709,0.0020261682262484,0.3639335926169346,False,True,Episodic proxy
5Hz,215,9.22404818701667,9.21162309904848,8.772078934173,9.816256441332186,20,R_5m,R,0.0320577540028162,0.0020607244184289,0.3821324801567994,False,False,Neither
5Hz,216,9.455105074563217,9.56044923526408,8.713595074113739,10.151001625502,20,R_5mv,R,0.0366252319367262,0.0028074244191823,0.4917634802720854,False,False,Neither
5Hz,217,5.349878902571673,5.21948681802626,4.509572691993564,7.929426613967586,20,R_23c,R,0.0088356351185071,0.0023495582011946,0.5110940315921575,False,False,Neither
5Hz,218,8.6856778883722,8.535514329373662,6.969756079754437,10.567112461213908,20,R_5L,R,0.0199482313335092,0.0023735026721112,0.4290847842862563,False,False,Neither
5Hz,219,4.519560909147446,4.43200588949485,3.666556833224557,7.2731468427171775,20,R_24dd,R,0.0495393316191001,0.0019874544600307,0.4680118861585927,False,False,Neither
5Hz,220,9.167675618553437,9.158649489870411,8.134303981425584,11.23610138110921,20,R_24dv,R,0.0349218276827276,0.0006648497111321,0.424870668841486,False,False,Neither
5Hz,221,6.047317331465051,5.971114788140039,5.1796296837891225,8.754079155194173,20,R_7AL,R,0.0042069912651477,0.0017003589627391,0.4716124620333944,False,False,Neither
5Hz,222,6.987024321727238,6.937256684316283,6.090327183099094,9.529025552689877,20,R_SCEF,R,0.0070572176685513,0.0005448700696089,0.5290188030550866,False,False,Neither
5Hz,223,8.306146663086842,8.291834841367278,7.549678814758367,8.937025820368088,20,R_6ma,R,0.0295908653755617,0.0019099941850001,0.5902083006211045,False,False,Neither
5Hz,224,4.2548309399445365,4.22072492721993,3.2207921044432037,7.097688534632189,20,R_7Am,R,0.0004779277400217,0.0043055508453574,0.5083956572799271,False,False,Neither
5Hz,225,6.765237481568161,6.639455459129384,5.864584736614419,8.817714918973559,20,R_7PL,R,0.0154273175027792,0.0019017193337145,0.3994916553561849,False,False,Neither
5Hz,226,4.218923653299912,4.129594381708225,3.270595209644656,7.081596397680947,20,R_7PC,R,0.0046570066617368,0.0043110297965429,0.4974444969541887,False,False,Neither
5Hz,227,10.513404425153345,10.151796525712054,8.635262552273566,13.275708319021444,20,R_LIPv,R,0.0215451432044405,0.0017020472853315,0.4502188194598729,False,False,Neither
5Hz,228,5.315456796274124,5.2357164742222615,4.41525854176108,8.126928747363406,20,R_VIP,R,0.0024199813012916,0.001450641129195,0.4251315348550736,False,False,Neither
5Hz,229,7.076562819198547,7.087077276390877,5.916057862005141,9.07643250040624,20,R_MIP,R,0.017982055320149,0.0022685506238529,0.4833474082271745,False,False,Neither
5Hz,230,8.23239456166131,8.035298576632833,6.375900195392816,9.964865224950582,20,R_1,R,0.0198071023104917,0.0023732347724334,0.529461321825424,False,False,Neither
5Hz,231,4.862959034576763,4.8014328647891045,3.8631780168989978,7.596115284967555,20,R_2,R,0.0030917071254376,0.0035713587195704,0.5878578588506801,False,False,Neither
5Hz,232,4.718433906912838,4.66199856038403,3.8005062930752,7.4417897015832475,20,R_3a,R,0.0008527598600681,0.0025317565919027,0.4836731792065678,False,False,Neither
5Hz,233,5.076302644520154,5.031523071916167,4.171600817681219,7.663882666683318,20,R_6d,R,0.0085048739500149,0.0025217164714773,0.5171171885094589,False,False,Neither
5Hz,234,5.866377582332987,5.821221692852404,5.01805758754806,8.46562161289039,20,R_6mp,R,0.0083401806652187,0.0019185396687414,0.5724710884291718,False,False,Neither
5Hz,235,5.2944671443719455,5.227008265778927,4.320775192686167,7.912911345330329,20,R_6v,R,0.0064941433899519,0.0022608515129761,0.4817730086595838,False,False,Neither
5Hz,236,6.464750104814992,6.435662370170286,5.524270652918249,9.272658806889524,20,R_p24pr,R,0.0026024871537389,0.0005761725253335,0.3896279648701835,False,False,Neither
5Hz,237,7.046773831941506,6.867720806466645,6.275492621877135,9.49283378916948,20,R_33pr,R,0.0113958775690575,0.0008832886557735,0.4628512092231254,False,False,Neither
5Hz,238,7.03248723402068,6.893311887211517,6.318849456615173,9.364840016334542,20,R_a24pr,R,0.0124054612299882,0.0008397940816847,0.3339360995990778,False,False,Neither
5Hz,239,9.386594500297168,9.433351213676794,8.95375613816881,9.865343934318629,20,R_p32pr,R,0.0328068157697957,0.0006464496857295,0.4272290405806143,False,False,Neither
5Hz,240,9.27730282176215,9.085655074465812,8.733996479008349,10.70341904069157,20,R_a24,R,0.0253025753522426,0.00030725443222,0.3914058475676789,False,False,Neither
5Hz,241,6.5524517947925265,6.411722580278623,5.328145556378126,8.963935193976916,20,R_d32,R,0.0498528606200277,0.0006430705241182,0.3728237326642626,False,False,Neither
5Hz,242,8.422002376204249,8.344288404676423,8.041961651429997,9.396544538316727,20,R_8BM,R,0.024774202156371,0.0010456401763122,0.494637753432723,True,False,Semantic proxy
5Hz,243,7.037421197912495,6.875448771352469,6.089501239287189,9.561350533053528,20,R_p32,R,0.0054798397854206,0.000467371177202,0.3244681003089394,False,False,Neither
5Hz,244,10.651593433405008,10.620323077214241,10.348912294723688,11.053486458347127,20,R_10r,R,0.032873637368732,0.0006309197044385,0.3204231719265092,True,False,Semantic proxy
5Hz,245,7.9965010382403126,7.897648452533649,6.801652214332072,9.93834582111271,20,R_47m,R,0.0180900368964691,0.0011288605795066,0.2824063312865995,False,False,Neither
5Hz,246,6.291087334998766,6.134265239201671,5.473648909724931,8.715417375464774,20,R_8Av,R,0.0112570336939156,0.0014871005394884,0.5369301212659605,False,True,Episodic proxy
5Hz,247,7.854769536064447,7.733931323227815,6.807405306343626,10.422346094968109,20,R_8Ad,R,0.0045787145940289,0.0003484491075212,0.4774540116220607,False,False,Neither
5Hz,248,6.95015847307685,6.7806446219156795,6.042530123155813,9.45716659693033,20,R_9m,R,0.0102614975152527,0.0010313389246157,0.4704019998244209,True,False,Semantic proxy
5Hz,249,9.288238612181704,9.246848026033394,8.720061408861676,10.21217859418236,20,R_8BL,R,0.0354238733264141,0.0008155241156457,0.4923000272613383,False,False,Neither
5Hz,250,7.050420813652264,6.882122119931935,6.33644536406203,9.164555745586348,20,R_9p,R,0.013324077116074,0.0011572827475788,0.406122514516936,False,False,Neither
5Hz,251,7.747364257940026,7.6348562727792535,6.714171617666945,9.42317499783584,20,R_10d,R,0.0170258823133188,0.0011092718284601,0.3631298660284655,False,False,Neither
5Hz,252,5.475340275816563,5.419554417308838,4.51574329848748,8.17766600485853,20,R_8C,R,0.0041562058162266,0.0018999534165041,0.5283419078912839,False,False,Neither
5Hz,253,9.093306612387972,8.846931448229633,7.259194445380989,11.362284810801736,20,R_44,R,0.0209221944888042,0.0019804533224738,0.5208102062401296,False,False,Neither
5Hz,254,9.727631971125541,9.673045602541606,9.389662082820571,10.181160285575343,20,R_45,R,0.0356271291041257,0.0011949214335612,0.4492702602705652,False,False,Neither
5Hz,255,9.656543712892404,9.661221133597927,9.138988816324906,10.88215450499472,20,R_47l,R,0.0322750859118872,0.0008223483790671,0.3958856640117464,False,False,Neither
5Hz,256,7.943945279181375,7.893530202969604,7.22513630953041,9.899916547778565,20,R_a47r,R,0.0151948204070514,0.0009366367783129,0.4435523588985185,False,False,Neither
5Hz,257,7.340837181254022,7.354675817525315,6.257592423744005,9.229700090571574,20,R_6r,R,0.0156328793036382,0.0014392641363445,0.5505597227548602,False,False,Neither
5Hz,258,9.385168410780294,9.349727758732957,8.984911398424279,10.550358300207375,20,R_IFJa,R,0.0316960997472662,0.0003604460290844,0.3955809563575722,False,False,Neither
5Hz,259,5.616197317800385,5.573426478336755,4.634384218400013,8.41516852123695,20,R_IFJp,R,0.0017507190300494,0.0008839233667014,0.3816841800238796,False,False,Neither
5Hz,260,6.0468155011505385,5.944627885611794,4.998339157857896,8.697906203664953,20,R_IFSp,R,0.0009064460710489,0.0009858475180404,0.4502553480308514,False,False,Neither
5Hz,261,5.712028869285484,5.585762152899408,4.66534585309154,8.295188847321302,20,R_IFSa,R,0.0018963751011976,0.0011773873604916,0.4481732373545837,False,False,Neither
5Hz,262,8.068309118361736,7.982958227268763,7.123816611776576,10.684588974118897,20,R_p9-46v,R,0.0076494765165839,0.0002624832118873,0.4990234270021273,False,False,Neither
5Hz,263,5.721649768466059,5.6278721296280425,4.646564835896123,8.277265020330844,20,R_46,R,0.0008372300732792,0.0010264467427821,0.4936013587259721,False,False,Neither
5Hz,264,11.305271829619869,11.23266136005142,10.618643029828162,12.7338545555007,20,R_a9-46v,R,0.0374030391859962,0.0005198654150304,0.3877182043516567,False,False,Neither
5Hz,265,6.097946525815634,5.9795378592703115,5.07704564806324,8.601461988656363,20,R_9-46d,R,0.0031127946610959,0.0007018966394678,0.4675023372062552,False,False,Neither
5Hz,266,5.589523256806896,5.4527509384536845,4.680135334358717,8.007537786907163,20,R_9a,R,0.0094876481763423,0.0011858073045576,0.4337707330315603,False,False,Neither
5Hz,267,10.550626057433472,10.559289114873115,10.275424082542393,10.885560098652029,20,R_10v,R,0.0315152498428177,0.0007771250368126,0.299951941472327,True,False,Semantic proxy
5Hz,268,4.014744979037262,3.9283588273270897,3.1571361028909353,6.537461445188188,20,R_a10p,R,0.0459992082699001,0.0012319933329808,0.3477878838337268,False,False,Neither
5Hz,269,5.411806369728813,5.253277622289836,4.635902836292712,7.795844692222638,20,R_10pp,R,0.0049427885869501,0.0010739951386442,0.351397331804252,False,False,Neither
5Hz,270,4.230855526736681,4.11089175695246,3.3240130209576577,6.533082616720433,20,R_11l,R,0.0478182963482998,0.0007513848313716,0.3931343964798985,False,True,Episodic proxy
5Hz,271,9.782157084857777,9.753275283633903,9.411241157029956,10.155184998984122,20,R_13l,R,0.0296839786033615,0.0008785982202501,0.3293267722587201,False,False,Neither
5Hz,272,4.775072666389271,4.705289232318991,4.019009109955455,7.29129254806359,20,R_OFC,R,0.0499765481635615,0.0004508560030916,0.3147377377773223,False,False,Neither
5Hz,273,8.990751821672479,8.750877877914045,7.743861192730584,10.59059017116142,20,R_47s,R,0.0189259480281725,0.0009729307077503,0.3562270120908651,False,False,Neither
5Hz,274,9.42808609988066,9.217728119904375,7.6537906091367915,11.671431106811625,20,R_LIPd,R,0.0207009569501183,0.0014965803354715,0.3636820460862097,False,False,Neither
5Hz,275,6.367534195777376,6.315024751142163,5.452565406530045,9.090090770200803,20,R_6a,R,0.0072566142406194,0.0013759990886487,0.5590323261053822,False,False,Neither
5Hz,276,7.629757374168416,7.525231414849268,6.775365706931437,10.119806837489213,20,R_i6-8,R,0.0081871383829774,0.0002237276279717,0.4564069892110895,False,False,Neither
5Hz,277,5.800819082414447,5.724401111104687,4.817250072452355,8.60513622123453,20,R_s6-8,R,0.0012861588226965,0.0006853015607767,0.4403287906764714,False,False,Neither
5Hz,278,9.145246194891865,9.125491400265515,8.932394786381801,9.666764555134478,20,R_43,R,0.024929252168807,0.0017431193278447,0.4361465067637797,False,False,Neither
5Hz,279,4.110881711477971,3.962033717662587,3.4533553709986125,6.633531591469856,20,R_OP4,R,0.0427946447817954,0.0019997151346276,0.3967041160037864,False,False,Neither
5Hz,280,3.7505238693274463,3.625384347451909,2.997277360384357,6.30514104630434,20,R_OP1,R,0.0496895902274733,0.0028465967705834,0.3549574278736869,False,False,Neither
5Hz,281,3.38564020029339,3.312739250050491,2.707992038996873,5.832398584155545,20,R_OP2-3,R,0.0454179345530915,0.0030941532387971,0.3804754782362043,False,False,Neither
5Hz,282,4.5128353617488814,4.4120706559915615,3.6327366487195523,7.155671359656164,20,R_52,R,0.0026774382397942,0.0036018124750598,0.448040932403267,False,False,Neither
5Hz,283,3.6512341535857002,3.530234076266607,2.8730278042416826,6.236145507797656,20,R_RI,R,0.049749111546748,0.0036480059282951,0.4717838865310757,False,False,Neither
5Hz,284,3.746479331438286,3.6135894108426703,3.0749178528895222,6.265087552668971,20,R_PFcm,R,0.0453368648218303,0.0031521997924989,0.4246954935108268,False,False,Neither
5Hz,285,4.863316400065222,4.78188981408452,4.003025093816222,7.509665253339337,20,R_PoI2,R,0.0042045254744803,0.0028375891042372,0.5045912754081121,False,False,Neither
5Hz,286,4.056873307040097,3.994886343445054,3.135673496356275,6.667815896715417,20,R_TA2,R,0.0033254950718893,0.0027465765655138,0.2976228349166086,False,False,Neither
5Hz,287,4.147634295012461,4.082302534739346,3.266164179320347,6.69893109329156,20,R_FOP4,R,0.0499990167015312,0.0018116560204496,0.4890793013907154,False,False,Neither
5Hz,288,8.65425763892834,8.647811371925354,7.893732068605599,9.360204535052352,20,R_MI,R,0.0241820239835879,0.0015495507444368,0.4489679916754376,False,False,Neither
5Hz,289,5.0154571618967045,4.887179734879288,4.384131585491012,7.542489342592838,20,R_Pir,R,0.0408258299138312,0.0007702172146407,0.3921659901478412,False,False,Neither
5Hz,290,7.144217133944754,7.018391722128226,6.217507140281211,9.697912630242039,20,R_AVI,R,0.00206141399239,0.0004129246367606,0.4416035729530898,False,False,Neither
5Hz,291,6.25931500882313,6.121548404846774,5.39625744577834,8.684432562650883,20,R_AAIC,R,0.0014622526291184,0.0007788022881603,0.4079399775377549,False,False,Neither
5Hz,292,3.934921302115388,3.8712466680265676,3.0987766990968093,6.520438738377443,20,R_FOP1,R,0.0495778458103054,0.0017229351005625,0.3794581659081504,False,False,Neither
5Hz,293,8.950248405213875,8.91936504754051,8.837141759027343,9.282290187149618,20,R_FOP3,R,0.0279778748698202,0.0019754411119548,0.424912264198945,False,False,Neither
5Hz,294,3.8180099191730017,3.713072862978178,3.0636679674638323,6.419898376483483,20,R_FOP2,R,0.0495741976650373,0.0016739536797398,0.3488245005462436,False,False,Neither
5Hz,295,4.948527656536735,4.861525784924729,3.9777047949724484,7.746856917864613,20,R_PFt,R,0.0018552920420325,0.0018198776089899,0.4125504296888763,False,False,Neither
5Hz,296,6.119978146205734,6.058930313122329,5.22430913730451,8.815173854305487,20,R_AIP,R,0.0071663154933951,0.0017047782633402,0.5005051597949255,False,False,Neither
5Hz,297,6.9734253821829295,6.867054488618958,6.216877850612956,9.148374509152799,20,R_EC,R,0.0006308191742348,0.0010355320061253,0.2190129767544109,False,False,Neither
5Hz,298,8.746098344674637,8.699332152397126,7.601624650856514,10.50931102713981,20,R_PreS,R,0.0162522380553382,0.0003929876694678,0.3016199662498621,False,False,Neither
5Hz,299,5.692183106591793,5.521146633428718,4.975822073010457,8.022314750273523,20,R_H,R,0.0018515632193991,0.0006738001707392,0.1962458515342634,False,False,Neither
5Hz,300,5.12709444128961,5.02990172391232,4.193776627358572,7.853595889272444,20,R_ProS,R,0.0016514049744552,0.0017835237234561,0.3686213571511122,False,False,Neither
5Hz,301,7.024444625754432,6.945040344991952,6.20207327115446,9.295952466675974,20,R_PeEc,R,0.0109285905242453,0.0004752217059814,0.3013680530423636,False,False,Neither
5Hz,302,4.716455422169684,4.613231113709982,3.904869763539434,7.022280053559453,20,R_STGa,R,0.0011779112218474,0.0013148180510682,0.2703002910322855,False,False,Neither
5Hz,303,3.5359104334307814,3.4058042515556566,2.7322690592083596,6.159599445336168,20,R_PBelt,R,0.0040273703300326,0.0043531655947927,0.3385176751003421,False,False,Neither
5Hz,304,4.092516643487066,3.994000858611358,3.2870746264441464,6.78505517409165,20,R_A5,R,0.0019727130465877,0.0038560719223931,0.4429040839997901,False,False,Neither
5Hz,305,5.906212878090709,5.853624135391112,5.511265452684696,7.436345110771293,20,R_PHA1,R,0.0329967241249705,0.0005517293018236,0.2702511015694269,False,False,Neither
5Hz,306,5.296753340136517,5.182900315180902,4.5074214737788365,7.719891540709518,20,R_PHA3,R,0.005629165267121,0.0009852839490609,0.2983632427839544,False,False,Neither
5Hz,307,4.515544781651497,4.38663254305479,3.642130941134005,7.120931013992179,20,R_STSda,R,0.0040990773094395,0.0026435061003452,0.4213370998639419,False,False,Neither
5Hz,308,4.685078410952627,4.572720992330227,3.7616922791490035,7.388315081806465,20,R_STSdp,R,0.0046962456833061,0.0027988776696605,0.5328003333581798,False,False,Neither
5Hz,309,5.058656513691307,4.947929273199385,4.118998319630171,7.5267466270667835,20,R_STSvp,R,0.0003014111113214,0.0016907852865326,0.3977784705823605,False,False,Neither
5Hz,310,4.788144184537432,4.648918848272816,3.848581209603016,7.311428867583595,20,R_TGd,R,0.0005720934636383,0.002250007455954,0.451451176669763,False,False,Neither
5Hz,311,9.02601361035604,9.027593458185446,8.851642527227387,9.256032799708908,20,R_TE1a,R,0.0239473193137252,0.0019168215900021,0.3744241813016719,True,False,Semantic proxy
5Hz,312,9.235179725693694,9.127197825219621,7.155538902385913,10.949481798169725,20,R_TE1p,R,0.0210217535342945,0.0020164598581698,0.5428675084887178,False,False,Neither
5Hz,313,4.40267049761229,4.276376066574452,3.6543556771822243,6.861389190119201,20,R_TE2a,R,0.0499637606614722,0.0019446481702866,0.5084044216600865,False,False,Neither
5Hz,314,6.119720795957808,5.977571316740129,5.368836074496113,8.573262087655854,20,R_TF,R,0.04945523151061,0.0006400809597893,0.429294222475723,False,False,Neither
5Hz,315,8.940868679447773,8.920571111131329,8.718363064535456,9.217827925229926,20,R_TE2p,R,0.0265779227412928,0.0009211346768383,0.4293215267594782,False,False,Neither
5Hz,316,11.2376513592094,11.26941379170404,10.738938426936475,11.59728262546907,20,R_PHT,R,0.0384346301089215,0.0019016867371389,0.4395149966243484,False,False,Neither
5Hz,317,9.061188080925325,8.822788612038268,7.688914351953046,10.485640826263905,20,R_PH,R,0.0198774627484252,0.0016563827844868,0.441763392521417,False,False,Neither
5Hz,318,9.696185893236706,9.707286288131456,9.577795022372245,9.744759964314362,20,R_TPOJ1,R,0.0369564995818919,0.0030463816535879,0.4824672703401552,False,False,Neither
5Hz,319,5.515212660589108,5.4312341192353895,4.501123864759099,8.178838845982776,20,R_TPOJ2,R,0.0064436565438248,0.0020113932178798,0.4173907296025603,False,False,Neither
5Hz,320,9.778170770862797,9.728428176968292,9.30675426272689,10.434064156781153,20,R_TPOJ3,R,0.0299994755145688,0.0015179251788985,0.3680002868816696,False,False,Neither
5Hz,321,8.484793903476316,8.476412460999734,8.114269419291308,9.07120551979626,20,R_DVT,R,0.0263414186198719,0.0018099796414465,0.5132646784548625,False,False,Neither
5Hz,322,5.321105121709602,5.227150984598335,4.42574088731093,7.965151183392508,20,R_PGp,R,0.0010247219438751,0.0016898884900053,0.4817014441151889,False,False,Neither
5Hz,323,4.8933730682193985,4.857434780060075,3.928663018998348,7.759144371566601,20,R_IP2,R,0.0038649042265255,0.0022694748872652,0.4235070823917573,False,False,Neither
5Hz,324,7.564826223467809,7.4674953990618835,6.651449196408958,9.710457337426812,20,R_IP1,R,0.01646842387295,0.0018546916212339,0.4724946973560233,False,True,Episodic proxy
5Hz,325,9.38008183634178,9.371922830716803,9.147354698113627,9.640161051263311,20,R_IP0,R,0.0291549507550515,0.0018555180074161,0.414396319477293,False,False,Neither
5Hz,326,5.615310494459437,5.526736882160806,4.7824537596660885,8.285176327306624,20,R_PFop,R,0.0033779752259719,0.0019539410118544,0.3779112071337046,False,False,Neither
5Hz,327,8.505168900014707,8.04448818543197,6.810854827892287,11.589165793086718,20,R_PF,R,0.0220437593609845,0.004299759756328,0.5650142255308322,False,False,Neither
5Hz,328,5.1474298860242165,5.022762394202102,4.318429980100426,7.697046257991658,20,R_PFm,R,0.0090550555071824,0.0035548889559478,0.5888072362441731,False,False,Neither
5Hz,329,9.806730206068067,9.790833190622717,9.695505846733363,10.098650078509301,20,R_PGi,R,0.0398833865607236,0.0020694542244357,0.5494160916368929,False,False,Neither
5Hz,330,8.518458763014301,8.406165385109482,6.72274261972714,10.885352047166053,20,R_PGs,R,0.0200972525863103,0.0021212001291143,0.5254754976542934,False,False,Neither
5Hz,331,9.535463357337465,9.52859349303813,9.333090188904546,9.77902287506389,20,R_V6A,R,0.027676784230023,0.0018480309438442,0.3524781333850167,False,False,Neither
5Hz,332,6.871520796938457,6.768531241030947,6.0587782436525295,9.266734828845555,20,R_VMV1,R,0.0123247056215983,0.0010860187824715,0.2873605019162096,False,False,Neither
5Hz,333,7.368500430366024,7.193543912839435,6.597842256589119,9.561805139268104,20,R_VMV3,R,0.0050454750753946,0.0004924867002565,0.2768045419148033,False,False,Neither
5Hz,334,6.478343120667953,6.371653540709735,5.620393939540814,8.642333784514502,20,R_PHA2,R,0.002079098988874,0.0008199120259091,0.2500802531202576,False,False,Neither
5Hz,335,6.2776241006672695,6.1384912524271895,5.521653372742614,8.716330276503674,20,R_V4t,R,0.0496221099481198,0.0003109262568454,0.3101297618287921,False,False,Neither
5Hz,336,5.465655268749689,5.384064071502529,4.753296743166598,7.78428854417752,20,R_FST,R,0.0491413651828367,0.0008230965799708,0.3877335428782034,False,False,Neither
5Hz,337,5.382184848820759,5.244069804576522,4.694834359067775,7.7418138880937475,20,R_V3CD,R,0.0495309586360995,0.0007364235312064,0.3622555585229862,False,False,Neither
5Hz,338,7.313478566971367,7.268965991347583,6.494701994228643,9.220079052733645,20,R_LO3,R,0.0152060704110642,0.0006780506361448,0.3410024560217092,False,False,Neither
5Hz,339,10.00645558385953,10.00713822618814,9.649795670513827,10.232076931195918,20,R_VMV2,R,0.0279900751704079,0.0013153978120006,0.2888263988274,False,False,Neither
5Hz,340,4.276901353431391,4.20364980530299,3.3790073558922114,6.87430868166069,20,R_31pd,R,0.0499978310577967,0.001736122572907,0.3776903005063087,False,True,Episodic proxy
5Hz,341,7.366792132471502,7.283333738906419,6.38159936876891,9.483909025588028,20,R_31a,R,0.0160841438210346,0.0018033207608999,0.3734859715861498,False,True,Episodic proxy
5Hz,342,5.14400359671306,4.949682681502097,4.270359122375557,7.567449911186009,20,R_VVC,R,0.0004960966446371,0.0010831226964836,0.3157200519780237,False,False,Neither
5Hz,343,6.058514330691011,5.932482521443317,5.225844369024819,8.686083057121095,20,R_25,R,0.0085214526175335,0.0007964130788691,0.2794013653733348,True,False,Semantic proxy
5Hz,344,4.538579898975415,4.43853356878107,3.65776663679237,7.057359351609579,20,R_s32,R,0.0005915315863582,0.0013697409208396,0.2611952080193022,False,False,Neither
5Hz,345,5.735143727177951,5.624728456608306,4.838507202948698,8.30538478866728,20,R_pOFC,R,0.0007346657259277,0.0004489048749802,0.2885593785122498,False,False,Neither
5Hz,346,4.806262419848454,4.732033288108301,3.945242427535693,7.4764274498370185,20,R_PoI1,R,0.001397905325379,0.0028070445897943,0.5628870379192422,False,False,Neither
5Hz,347,9.226648084294137,9.240603227880921,9.14192515686575,9.333444949258348,20,R_Ig,R,0.0298388131625142,0.0023088590263554,0.4037937175979298,False,False,Neither
5Hz,348,9.22450350407411,9.092118112692575,8.883589650114917,10.289406825800642,20,R_FOP5,R,0.0279613973476843,0.0005333001237013,0.412188851145888,False,False,Neither
5Hz,349,9.468093402380527,9.463074751586873,9.161947352687967,9.636005250481324,20,R_p10p,R,0.0298441782277146,0.0011503406204453,0.3881772264053411,False,False,Neither
5Hz,350,9.762261616885784,9.654466145748952,8.816832205473979,11.098047213610114,20,R_p47r,R,0.0283996118405962,0.0005968186187813,0.3929368951405654,False,False,Neither
5Hz,351,5.6335705032404,5.537337146364193,4.8942245377017475,8.13508555027787,20,R_TGv,R,0.0499610415311968,0.0008878784556481,0.282094340535914,False,False,Neither
5Hz,352,4.873960244245363,4.709270818102285,4.0994339336396095,7.457112803939453,20,R_MBelt,R,0.0116120202479111,0.0040198611650526,0.3673638936892539,False,False,Neither
5Hz,353,4.197686517628272,4.095375463272463,3.3923619009007577,6.829518047095035,20,R_LBelt,R,0.00438864560954,0.0037233218425809,0.346538224627124,False,False,Neither
5Hz,354,4.125236545062306,4.055484728260953,3.275294467035394,6.9134778638884775,20,R_A4,R,0.000700417830031,0.003459623746047,0.4336574629037406,False,False,Neither
5Hz,355,9.005880288002862,9.006842240479694,8.830493801646197,9.16656755160128,20,R_STSva,R,0.0226862944405154,0.001606923216146,0.3850324554115823,False,False,Neither
5Hz,356,9.039713679665255,9.026089613762206,8.753718204812348,9.365717848837498,20,R_TE1m,R,0.0244055686933795,0.0020197641026251,0.4506147985249226,False,False,Neither
5Hz,357,4.629780505549546,4.474427380661506,3.832809742672299,7.09769991427949,20,R_PI,R,0.0102390587164727,0.0031277778312402,0.3838312413956191,False,False,Neither
5Hz,358,9.417858845502625,9.434789493565315,8.747759145467862,9.79269853317168,20,R_a32pr,R,0.0305955137131254,0.001355707883,0.3935109201082666,False,False,Neither
5Hz,359,9.473123257577894,9.142440505746945,7.859836960694347,11.422317875406113,20,R_p24,R,0.0200563828499281,0.0004463744084678,0.3691176207518915,False,False,Neither
5Hz,360,5.129742304168466,5.056575999643881,4.170691737447095,8.051544008197247,20,Left-Cerebellum-Cortex,L,0.0046967520457651,0.0020523399605826,0.4021621435757392,False,False,Neither
5Hz,361,8.675472097346763,8.710577053108505,6.581686005093759,12.752705944631956,20,Left-Thalamus-Proper,L,0.0240035904170309,0.0039390236859775,1.0022271025335752,False,False,Neither
5Hz,362,4.649025857099586,4.6068637372681405,3.4473520646087366,7.314665726826772,20,_Left-Caudate,M,0.000641583943675,0.0038809118391065,0.8402621066070235,False,False,Neither
5Hz,363,7.4580092211878775,7.460001237446318,7.1967156421464695,7.818780943369921,20,Left-Putamen,L,0.0390882678699781,0.0045658309725153,1.0036098082616125,False,False,Neither
5Hz,364,5.433973686916226,5.325152313114353,4.563618822010569,7.994992905188829,20,Left-Pallidum,L,0.0116028958873158,0.002873994016583,0.6914568943637432,False,False,Neither
5Hz,365,4.829055024281959,4.775241887243354,3.9090379310378145,7.725179471782948,20,Left-Hippocampus,L,0.0013966805950646,0.0019370214904109,0.5060650235015759,False,False,Neither
5Hz,366,5.428060823510969,5.330603503258123,4.545725118329064,8.03079775442214,20,Left-Amygdala,L,0.0031228777545363,0.0016609734358076,0.3848993332266349,False,False,Neither
5Hz,367,9.181832289616912,9.178126867131484,8.421055884172748,10.042968186126702,20,Left-Accumbens-area,L,0.0256246468387863,0.001059203996687,0.3114926376480166,False,False,Neither
5Hz,368,4.201570053840594,4.175560873459187,3.1962747595254384,7.038618608443009,20,Left-VentralDC,L,0.0031401192655694,0.0046975931664466,0.6314573640589811,False,False,Neither
5Hz,369,5.175792299869355,5.1042009888098745,4.259308584685782,7.965735180761552,20,Right-Cerebellum-Cortex,R,0.0070420185329635,0.0021735653192712,0.4078490137054841,False,False,Neither
5Hz,370,4.686625610488159,4.679409178140556,3.61974192645882,7.390504002850889,20,Right-Thalamus-Proper,R,0.0033576302480766,0.0039024613232973,0.9588501267730656,False,False,Neither
5Hz,371,5.304409372746191,5.2017221167274315,4.402584832968251,7.856496856209471,20,Right-Caudate,R,0.0095043504002226,0.003233376756465,0.8334513322304298,False,False,Neither
5Hz,372,4.64903480152981,4.626006351932656,3.610094358853371,7.237054105629769,20,Right-Putamen,R,0.0016465703787865,0.0043789415108895,0.9954270763265902,False,False,Neither
5Hz,373,5.570700767249211,5.455240316730135,4.73185433564581,7.9449332043316785,20,Right-Pallidum,R,0.0119916382955803,0.0033644796893346,0.7351643745857894,False,False,Neither
5Hz,374,6.473437193872141,6.365772692877795,5.773085453961052,8.643395003630157,20,Right-Hippocampus,R,0.0140378319652291,0.0017670624072019,0.5948289451320816,False,False,Neither
5Hz,375,5.450188659938584,5.314034217228058,4.5924363678293805,8.064999150525052,20,Right-Amygdala,R,0.0074356113917061,0.0014907847042537,0.4200290511398771,False,False,Neither
5Hz,376,4.646765176992226,4.548187943098178,3.769487879668308,7.56369028893295,20,Right-Accumbens-area,R,0.0007349337414735,0.0011028475270755,0.2994371235941651,False,False,Neither
5Hz,377,5.512794792801851,5.417181289324256,4.724948710795208,7.925744129864201,20,Right-VentralDC,R,0.0137582568290179,0.0040174009853487,0.6753698299545765,False,False,Neither
5Hz,378,5.040842858965285,5.0169479593689115,4.033717879923079,7.877595085424035,20,Brainstem,M,0.0011582331317323,0.0028044013013806,0.7586417764251314,False,False,Neither
