severity,seed,probe,network,segment,segment_start_s,segment_end_s,broadband_transfer,frequency_locked_transfer,broadband_first_half,broadband_second_half,broadband_split_abs_log2,fc_first_half_z,fc_second_half_z,fc_split_abs_z
0.0,11,2Hz,Semantic proxy,1,0.0,2.0,0.0002807622096661,0.0002797327374569,0.0002798950817302,0.0002797197724995,0.0009038994020175,2.1382912015721915,2.151920366884263,0.0136291653120714
0.0,11,2Hz,Semantic proxy,2,2.0,4.0,0.0002803069817378,0.0002796244900477,0.0002798950817302,0.0002797197724995,0.0009038994020175,2.1382912015721915,2.151920366884263,0.0136291653120714
0.0,11,2Hz,Semantic proxy,3,4.0,6.0,0.0002803098834285,0.0002796274744378,0.0002798950817302,0.0002797197724995,0.0009038994020175,2.1382912015721915,2.151920366884263,0.0136291653120714
0.0,11,2Hz,Semantic proxy,4,6.0,8.0,0.0002803093491727,0.0002796269562652,0.0002798950817302,0.0002797197724995,0.0009038994020175,2.1382912015721915,2.151920366884263,0.0136291653120714
0.0,11,2Hz,Semantic proxy,5,8.0,10.0,0.0002803093793678,0.0002796269842069,0.0002798950817302,0.0002797197724995,0.0009038994020175,2.1382912015721915,2.151920366884263,0.0136291653120714
0.0,11,2Hz,Episodic proxy,1,0.0,2.0,0.0005544235091275,0.0005529664524875,0.0005531385310665,0.0005530216460745,0.0003048914659249,2.227342738082206,2.230485799073141,0.0031430609909346
0.0,11,2Hz,Episodic proxy,2,2.0,4.0,0.0005541109569944,0.0005528488752671,0.0005531385310665,0.0005530216460745,0.0003048914659249,2.227342738082206,2.230485799073141,0.0031430609909346
0.0,11,2Hz,Episodic proxy,3,4.0,6.0,0.0005541141090852,0.0005528520757321,0.0005531385310665,0.0005530216460745,0.0003048914659249,2.227342738082206,2.230485799073141,0.0031430609909346
0.0,11,2Hz,Episodic proxy,4,6.0,8.0,0.0005541132797797,0.0005528512449121,0.0005531385310665,0.0005530216460745,0.0003048914659249,2.227342738082206,2.230485799073141,0.0031430609909346
0.0,11,2Hz,Episodic proxy,5,8.0,10.0,0.000554113295122,0.0005528512578498,0.0005531385310665,0.0005530216460745,0.0003048914659249,2.227342738082206,2.230485799073141,0.0031430609909346
0.0,11,5Hz,Semantic proxy,1,0.0,2.0,0.0003880166687509,0.0003870321942586,0.0003873915950267,0.0003873045311896,0.0003242731242837,1.298880040692906,1.29902685028158,0.000146809588674
0.0,11,5Hz,Semantic proxy,2,2.0,4.0,0.0003877802970126,0.0003869586368719,0.0003873915950267,0.0003873045311896,0.0003242731242837,1.298880040692906,1.29902685028158,0.000146809588674
0.0,11,5Hz,Semantic proxy,3,4.0,6.0,0.0003877874712333,0.0003869679564135,0.0003873915950267,0.0003873045311896,0.0003242731242837,1.298880040692906,1.29902685028158,0.000146809588674
0.0,11,5Hz,Semantic proxy,4,6.0,8.0,0.0003877871950292,0.0003869675657594,0.0003873915950267,0.0003873045311896,0.0003242731242837,1.298880040692906,1.29902685028158,0.000146809588674
0.0,11,5Hz,Semantic proxy,5,8.0,10.0,0.0003877871950293,0.0003869675657591,0.0003873915950267,0.0003873045311896,0.0003242731242837,1.298880040692906,1.29902685028158,0.000146809588674
0.0,11,5Hz,Episodic proxy,1,0.0,2.0,0.0007577848288159,0.0007562995926663,0.0007568155345562,0.000756769331148,8.807887742245967e-05,1.39599591681427,1.3958050193242515,0.0001908974900182
0.0,11,5Hz,Episodic proxy,2,2.0,4.0,0.0007576484802334,0.0007562567594684,0.0007568155345562,0.000756769331148,8.807887742245967e-05,1.39599591681427,1.3958050193242515,0.0001908974900182
0.0,11,5Hz,Episodic proxy,3,4.0,6.0,0.0007576547458384,0.0007562646654253,0.0007568155345562,0.000756769331148,8.807887742245967e-05,1.39599591681427,1.3958050193242515,0.0001908974900182
0.0,11,5Hz,Episodic proxy,4,6.0,8.0,0.0007576549357558,0.0007562648339973,0.0007568155345562,0.000756769331148,8.807887742245967e-05,1.39599591681427,1.3958050193242515,0.0001908974900182
0.0,11,5Hz,Episodic proxy,5,8.0,10.0,0.0007576549357558,0.0007562648339974,0.0007568155345562,0.000756769331148,8.807887742245967e-05,1.39599591681427,1.3958050193242515,0.0001908974900182
0.0,23,2Hz,Semantic proxy,1,0.0,2.0,0.0002807602439992,0.0002797327722298,0.0002798943485211,0.0002797197677291,0.0009001447380844,2.138386073173616,2.1519201539590527,0.0135340807854364
0.0,23,2Hz,Semantic proxy,2,2.0,4.0,0.0002803071590305,0.0002796246453208,0.0002798943485211,0.0002797197677291,0.0009001447380844,2.138386073173616,2.1519201539590527,0.0135340807854364
0.0,23,2Hz,Semantic proxy,3,4.0,6.0,0.0002803096526732,0.0002796272450597,0.0002798943485211,0.0002797197677291,0.0009001447380844,2.138386073173616,2.1519201539590527,0.0135340807854364
0.0,23,2Hz,Semantic proxy,4,6.0,8.0,0.0002803093493462,0.000279626956445,0.0002798943485211,0.0002797197677291,0.0009001447380844,2.138386073173616,2.1519201539590527,0.0135340807854364
0.0,23,2Hz,Semantic proxy,5,8.0,10.0,0.0002803093793681,0.0002796269842072,0.0002798943485211,0.0002797197677291,0.0009001447380844,2.138386073173616,2.1519201539590527,0.0135340807854364
0.0,23,2Hz,Episodic proxy,1,0.0,2.0,0.000554422407745,0.0005529662477618,0.0005531380313425,0.0005530216397313,0.0003036046337898,2.2273617109530317,2.230485684411338,0.0031239734583063
0.0,23,2Hz,Episodic proxy,2,2.0,4.0,0.0005541110877878,0.0005528489721031,0.0005531380313425,0.0005530216397313,0.0003036046337898,2.2273617109530317,2.230485684411338,0.0031239734583063
0.0,23,2Hz,Episodic proxy,3,4.0,6.0,0.0005541136247554,0.0005528515924092,0.0005531380313425,0.0005530216397313,0.0003036046337898,2.2273617109530317,2.230485684411338,0.0031239734583063
0.0,23,2Hz,Episodic proxy,4,6.0,8.0,0.0005541132798525,0.0005528512449915,0.0005531380313425,0.0005530216397313,0.0003036046337898,2.2273617109530317,2.230485684411338,0.0031239734583063
0.0,23,2Hz,Episodic proxy,5,8.0,10.0,0.0005541132951215,0.0005528512578492,0.0005531380313425,0.0005530216397313,0.0003036046337898,2.2273617109530317,2.230485684411338,0.0031239734583063
0.0,23,5Hz,Semantic proxy,1,0.0,2.0,0.0003880147291387,0.0003870308734674,0.0003873910713506,0.0003873045323598,0.0003223185280942,1.2988877828905847,1.2990268455729788,0.000139062682394
0.0,23,5Hz,Semantic proxy,2,2.0,4.0,0.0003877807626352,0.0003869592115756,0.0003873910713506,0.0003873045323598,0.0003223185280942,1.2988877828905847,1.2990268455729788,0.000139062682394
0.0,23,5Hz,Semantic proxy,3,4.0,6.0,0.0003877876291553,0.0003869681137481,0.0003873910713506,0.0003873045323598,0.0003223185280942,1.2988877828905847,1.2990268455729788,0.000139062682394
0.0,23,5Hz,Semantic proxy,4,6.0,8.0,0.0003877871950296,0.0003869675657596,0.0003873910713506,0.0003873045323598,0.0003223185280942,1.2988877828905847,1.2990268455729788,0.000139062682394
0.0,23,5Hz,Semantic proxy,5,8.0,10.0,0.0003877871950295,0.0003869675657592,0.0003873910713506,0.0003873045323598,0.0003223185280942,1.2988877828905847,1.2990268455729788,0.000139062682394
0.0,23,5Hz,Episodic proxy,1,0.0,2.0,0.0007577823647123,0.0007562970570328,0.0007568150007495,0.0007567693318197,8.706001652259691e-05,1.3960002760014314,1.395805018275163,0.0001952577262684
0.0,23,5Hz,Episodic proxy,2,2.0,4.0,0.0007576492868542,0.0007562576935455,0.0007568150007495,0.0007567693318197,8.706001652259691e-05,1.3960002760014314,1.395805018275163,0.0001952577262684
0.0,23,5Hz,Episodic proxy,3,4.0,6.0,0.0007576550654505,0.0007562649906625,0.0007568150007495,0.0007567693318197,8.706001652259691e-05,1.3960002760014314,1.395805018275163,0.0001952577262684
0.0,23,5Hz,Episodic proxy,4,6.0,8.0,0.0007576549357555,0.0007562648339971,0.0007568150007495,0.0007567693318197,8.706001652259691e-05,1.3960002760014314,1.395805018275163,0.0001952577262684
0.0,23,5Hz,Episodic proxy,5,8.0,10.0,0.0007576549357558,0.0007562648339974,0.0007568150007495,0.0007567693318197,8.706001652259691e-05,1.3960002760014314,1.395805018275163,0.0001952577262684
1.0,11,2Hz,Semantic proxy,1,0.0,2.0,0.1211043304895933,0.0055145311514516,0.1734260357452781,0.3443844533489941,0.9896995154316052,0.0227770787494424,0.0140928631960168,0.0086842155534255
1.0,11,2Hz,Semantic proxy,2,2.0,4.0,0.1877303506989854,0.0072356576630709,0.1734260357452781,0.3443844533489941,0.9896995154316052,0.0227770787494424,0.0140928631960168,0.0086842155534255
1.0,11,2Hz,Semantic proxy,3,4.0,6.0,0.2452328571689216,0.017480584540386,0.1734260357452781,0.3443844533489941,0.9896995154316052,0.0227770787494424,0.0140928631960168,0.0086842155534255
1.0,11,2Hz,Semantic proxy,4,6.0,8.0,0.3227811855278129,0.0199477639575364,0.1734260357452781,0.3443844533489941,0.9896995154316052,0.0227770787494424,0.0140928631960168,0.0086842155534255
1.0,11,2Hz,Semantic proxy,5,8.0,10.0,0.4060319272729739,0.0217318161651403,0.1734260357452781,0.3443844533489941,0.9896995154316052,0.0227770787494424,0.0140928631960168,0.0086842155534255
1.0,11,2Hz,Episodic proxy,1,0.0,2.0,0.0222581483708884,0.0014320631659075,0.038100943018189,0.0906731655352882,1.2508489468236663,0.0544516069491204,0.0272753690837517,0.0271762378653686
1.0,11,2Hz,Episodic proxy,2,2.0,4.0,0.0393168233036233,0.0019047531111273,0.038100943018189,0.0906731655352882,1.2508489468236663,0.0544516069491204,0.0272753690837517,0.0271762378653686
1.0,11,2Hz,Episodic proxy,3,4.0,6.0,0.0646488968471392,0.002675511948307,0.038100943018189,0.0906731655352882,1.2508489468236663,0.0544516069491204,0.0272753690837517,0.0271762378653686
1.0,11,2Hz,Episodic proxy,4,6.0,8.0,0.0936475127190634,0.0039558706627846,0.038100943018189,0.0906731655352882,1.2508489468236663,0.0544516069491204,0.0272753690837517,0.0271762378653686
1.0,11,2Hz,Episodic proxy,5,8.0,10.0,0.0888192303362347,0.0034687130260005,0.038100943018189,0.0906731655352882,1.2508489468236663,0.0544516069491204,0.0272753690837517,0.0271762378653686
1.0,11,5Hz,Semantic proxy,1,0.0,2.0,0.0842274210462931,0.0074616702706898,0.1232768226731657,0.2531743478127112,1.0382296515656082,-0.0047863179689988,0.0047326900191688,0.0095190079881676
1.0,11,5Hz,Semantic proxy,2,2.0,4.0,0.1311717346860393,0.0125466579068801,0.1232768226731657,0.2531743478127112,1.0382296515656082,-0.0047863179689988,0.0047326900191688,0.0095190079881676
1.0,11,5Hz,Semantic proxy,3,4.0,6.0,0.1743585717314513,0.016628744935379,0.1232768226731657,0.2531743478127112,1.0382296515656082,-0.0047863179689988,0.0047326900191688,0.0095190079881676
1.0,11,5Hz,Semantic proxy,4,6.0,8.0,0.233350004741909,0.0215371050931019,0.1232768226731657,0.2531743478127112,1.0382296515656082,-0.0047863179689988,0.0047326900191688,0.0095190079881676
1.0,11,5Hz,Semantic proxy,5,8.0,10.0,0.295338240518037,0.0221779555679709,0.1232768226731657,0.2531743478127112,1.0382296515656082,-0.0047863179689988,0.0047326900191688,0.0095190079881676
1.0,11,5Hz,Episodic proxy,1,0.0,2.0,0.0168754790731766,0.0012223999946081,0.028099065302368,0.0691542835699707,1.2992964769733033,0.0575449378938689,0.0277996940392294,0.0297452438546394
1.0,11,5Hz,Episodic proxy,2,2.0,4.0,0.0301378297863991,0.0018230455709973,0.028099065302368,0.0691542835699707,1.2992964769733033,0.0575449378938689,0.0277996940392294,0.0297452438546394
1.0,11,5Hz,Episodic proxy,3,4.0,6.0,0.0458188186262976,0.0021296759124714,0.028099065302368,0.0691542835699707,1.2992964769733033,0.0575449378938689,0.0277996940392294,0.0297452438546394
1.0,11,5Hz,Episodic proxy,4,6.0,8.0,0.0710599494264957,0.0034805497458539,0.028099065302368,0.0691542835699707,1.2992964769733033,0.0575449378938689,0.0277996940392294,0.0297452438546394
1.0,11,5Hz,Episodic proxy,5,8.0,10.0,0.0711619497344852,0.0032572019951022,0.028099065302368,0.0691542835699707,1.2992964769733033,0.0575449378938689,0.0277996940392294,0.0297452438546394
1.0,23,2Hz,Semantic proxy,1,0.0,2.0,0.1151216800356444,0.0053976080399933,0.1694719486732857,0.3407383119890305,1.0076176750989956,0.0205405378281175,0.0149279528088479,0.0056125850192695
1.0,23,2Hz,Semantic proxy,2,2.0,4.0,0.1841461461722881,0.0073654241665367,0.1694719486732857,0.3407383119890305,1.0076176750989956,0.0205405378281175,0.0149279528088479,0.0056125850192695
1.0,23,2Hz,Semantic proxy,3,4.0,6.0,0.2582604356294465,0.0177398139438805,0.1694719486732857,0.3407383119890305,1.0076176750989956,0.0205405378281175,0.0149279528088479,0.0056125850192695
1.0,23,2Hz,Semantic proxy,4,6.0,8.0,0.3134960148964921,0.0201193244450746,0.1694719486732857,0.3407383119890305,1.0076176750989956,0.0205405378281175,0.0149279528088479,0.0056125850192695
1.0,23,2Hz,Semantic proxy,5,8.0,10.0,0.400162929270884,0.0212264189343784,0.1694719486732857,0.3407383119890305,1.0076176750989956,0.0205405378281175,0.0149279528088479,0.0056125850192695
1.0,23,2Hz,Episodic proxy,1,0.0,2.0,0.0312552699818238,0.0015375194664068,0.047702154571755,0.1285823124291027,1.4305658662827354,0.0465921166768616,0.0377875576440762,0.0088045590327853
1.0,23,2Hz,Episodic proxy,2,2.0,4.0,0.0526185379093274,0.001756991535006,0.047702154571755,0.1285823124291027,1.4305658662827354,0.0465921166768616,0.0377875576440762,0.0088045590327853
1.0,23,2Hz,Episodic proxy,3,4.0,6.0,0.0659052225743854,0.0028862999689379,0.047702154571755,0.1285823124291027,1.4305658662827354,0.0465921166768616,0.0377875576440762,0.0088045590327853
1.0,23,2Hz,Episodic proxy,4,6.0,8.0,0.0768538855926754,0.0025767112185268,0.047702154571755,0.1285823124291027,1.4305658662827354,0.0465921166768616,0.0377875576440762,0.0088045590327853
1.0,23,2Hz,Episodic proxy,5,8.0,10.0,0.1801895093826188,0.003684980763699,0.047702154571755,0.1285823124291027,1.4305658662827354,0.0465921166768616,0.0377875576440762,0.0088045590327853
1.0,23,5Hz,Semantic proxy,1,0.0,2.0,0.080432219307519,0.007073735680082,0.1193429687197775,0.250990540190985,1.072519419907379,0.0146896664706989,0.0177752494053736,0.0030855829346746
1.0,23,5Hz,Semantic proxy,2,2.0,4.0,0.1245786342243542,0.0129125768386381,0.1193429687197775,0.250990540190985,1.072519419907379,0.0146896664706989,0.0177752494053736,0.0030855829346746
1.0,23,5Hz,Semantic proxy,3,4.0,6.0,0.1784917067293807,0.0161698063412572,0.1193429687197775,0.250990540190985,1.072519419907379,0.0146896664706989,0.0177752494053736,0.0030855829346746
1.0,23,5Hz,Semantic proxy,4,6.0,8.0,0.2322416473790658,0.0211550566210143,0.1193429687197775,0.250990540190985,1.072519419907379,0.0146896664706989,0.0177752494053736,0.0030855829346746
1.0,23,5Hz,Semantic proxy,5,8.0,10.0,0.2911572279464763,0.0225883832971286,0.1193429687197775,0.250990540190985,1.072519419907379,0.0146896664706989,0.0177752494053736,0.0030855829346746
1.0,23,5Hz,Episodic proxy,1,0.0,2.0,0.0199116558308732,0.001419867504363,0.0329363113735458,0.0628560538766537,0.9323727093219948,0.0774825150027113,0.0414739368042978,0.0360085781984135
1.0,23,5Hz,Episodic proxy,2,2.0,4.0,0.0321226354927632,0.0016242399904291,0.0329363113735458,0.0628560538766537,0.9323727093219948,0.0774825150027113,0.0414739368042978,0.0360085781984135
1.0,23,5Hz,Episodic proxy,3,4.0,6.0,0.0446462137205417,0.002289178450414,0.0329363113735458,0.0628560538766537,0.9323727093219948,0.0774825150027113,0.0414739368042978,0.0360085781984135
1.0,23,5Hz,Episodic proxy,4,6.0,8.0,0.0401897552125708,0.0024398545035078,0.0329363113735458,0.0628560538766537,0.9323727093219948,0.0774825150027113,0.0414739368042978,0.0360085781984135
1.0,23,5Hz,Episodic proxy,5,8.0,10.0,0.0845185404437404,0.0029332732895146,0.0329363113735458,0.0628560538766537,0.9323727093219948,0.0774825150027113,0.0414739368042978,0.0360085781984135
0.0,37,2Hz,Semantic proxy,1,0.0,2.0,0.0002807622921606,0.0002797330553949,0.0002798951465104,0.0002797197671999,0.000904260638901,2.138305573280851,2.151920194861163,0.0136146215803116
0.0,37,2Hz,Semantic proxy,2,2.0,4.0,0.000280307039804,0.000279624536706,0.0002798951465104,0.0002797197671999,0.000904260638901,2.138305573280851,2.151920194861163,0.0136146215803116
0.0,37,2Hz,Semantic proxy,3,4.0,6.0,0.0002803097953115,0.0002796273854148,0.0002798951465104,0.0002797197671999,0.000904260638901,2.138305573280851,2.151920194861163,0.0136146215803116
0.0,37,2Hz,Semantic proxy,4,6.0,8.0,0.0002803093493503,0.0002796269564491,0.0002798951465104,0.0002797197671999,0.000904260638901,2.138305573280851,2.151920194861163,0.0136146215803116
0.0,37,2Hz,Semantic proxy,5,8.0,10.0,0.0002803093793681,0.0002796269842072,0.0002798951465104,0.0002797197671999,0.000904260638901,2.138305573280851,2.151920194861163,0.0136146215803116
0.0,37,2Hz,Episodic proxy,1,0.0,2.0,0.0005544236839496,0.0005529668488831,0.0005531386187625,0.0005530216394007,0.000305137604505,2.22734860663949,2.230485693725533,0.0031370870860429
0.0,37,2Hz,Episodic proxy,2,2.0,4.0,0.0005541110599958,0.0005528489620307,0.0005531386187625,0.0005530216394007,0.000305137604505,2.22734860663949,2.230485693725533,0.0031370870860429
0.0,37,2Hz,Episodic proxy,3,4.0,6.0,0.0005541139690434,0.000552851935226,0.0005531386187625,0.0005530216394007,0.000305137604505,2.22734860663949,2.230485693725533,0.0031370870860429
0.0,37,2Hz,Episodic proxy,4,6.0,8.0,0.0005541132798534,0.0005528512449924,0.0005531386187625,0.0005530216394007,0.000305137604505,2.22734860663949,2.230485693725533,0.0031370870860429
0.0,37,2Hz,Episodic proxy,5,8.0,10.0,0.0005541132951223,0.00055285125785,0.0005531386187625,0.0005530216394007,0.000305137604505,2.22734860663949,2.230485693725533,0.0031370870860429
0.0,37,5Hz,Semantic proxy,1,0.0,2.0,0.000388015699924,0.0003870324375672,0.000387391373259,0.0003873045313352,0.0003234466909712,1.298885266732479,1.299026851019628,0.000141584287149
0.0,37,5Hz,Semantic proxy,2,2.0,4.0,0.0003877806199554,0.0003869590133733,0.000387391373259,0.0003873045313352,0.0003234466909712,1.298885266732479,1.299026851019628,0.000141584287149
0.0,37,5Hz,Semantic proxy,3,4.0,6.0,0.0003877875208012,0.0003869680157487,0.000387391373259,0.0003873045313352,0.0003234466909712,1.298885266732479,1.299026851019628,0.000141584287149
0.0,37,5Hz,Semantic proxy,4,6.0,8.0,0.0003877871950343,0.0003869675657647,0.000387391373259,0.0003873045313352,0.0003234466909712,1.298885266732479,1.299026851019628,0.000141584287149
0.0,37,5Hz,Semantic proxy,5,8.0,10.0,0.0003877871950303,0.0003869675657603,0.000387391373259,0.0003873045313352,0.0003234466909712,1.298885266732479,1.299026851019628,0.000141584287149
0.0,37,5Hz,Episodic proxy,1,0.0,2.0,0.0007577839242122,0.0007562992300167,0.0007568154178656,0.0007567693311716,8.785638846791977e-05,1.3959970624507276,1.395805019649308,0.0001920428014194
0.0,37,5Hz,Episodic proxy,2,2.0,4.0,0.0007576489133911,0.0007562572455401,0.0007568154178656,0.0007567693311716,8.785638846791977e-05,1.3959970624507276,1.395805019649308,0.0001920428014194
0.0,37,5Hz,Episodic proxy,3,4.0,6.0,0.0007576548853676,0.0007562648114632,0.0007568154178656,0.0007567693311716,8.785638846791977e-05,1.3959970624507276,1.395805019649308,0.0001920428014194
0.0,37,5Hz,Episodic proxy,4,6.0,8.0,0.0007576549357554,0.0007562648339969,0.0007568154178656,0.0007567693311716,8.785638846791977e-05,1.3959970624507276,1.395805019649308,0.0001920428014194
0.0,37,5Hz,Episodic proxy,5,8.0,10.0,0.0007576549357556,0.0007562648339972,0.0007568154178656,0.0007567693311716,8.785638846791977e-05,1.3959970624507276,1.395805019649308,0.0001920428014194
0.0,53,2Hz,Semantic proxy,1,0.0,2.0,0.0002807657585608,0.0002797317017879,0.0002798963337587,0.0002797197660998,0.0009103858676469,2.1381521861737927,2.1519202184179775,0.0137680322441848
0.0,53,2Hz,Semantic proxy,2,2.0,4.0,0.0002803071193911,0.0002796246343014,0.0002798963337587,0.0002797197660998,0.0009103858676469,2.1381521861737927,2.1519202184179775,0.0137680322441848
0.0,53,2Hz,Semantic proxy,3,4.0,6.0,0.0002803098630097,0.000279627453764,0.0002798963337587,0.0002797197660998,0.0009103858676469,2.1381521861737927,2.1519202184179775,0.0137680322441848
0.0,53,2Hz,Semantic proxy,4,6.0,8.0,0.0002803093493485,0.0002796269564473,0.0002798963337587,0.0002797197660998,0.0009103858676469,2.1381521861737927,2.1519202184179775,0.0137680322441848
0.0,53,2Hz,Semantic proxy,5,8.0,10.0,0.0002803093793678,0.000279626984207,0.0002798963337587,0.0002797197660998,0.0009103858676469,2.1381521861737927,2.1519202184179775,0.0137680322441848
0.0,53,2Hz,Episodic proxy,1,0.0,2.0,0.0005544256177864,0.0005529653463001,0.0005531391670525,0.0005530216376536,0.0003065722106108,2.227298806400433,2.230485705943994,0.0031868995435617
0.0,53,2Hz,Episodic proxy,2,2.0,4.0,0.0005541110727513,0.0005528490008417,0.0005531391670525,0.0005530216376536,0.0003065722106108,2.227298806400433,2.230485705943994,0.0031868995435617
0.0,53,2Hz,Episodic proxy,3,4.0,6.0,0.0005541140904617,0.0005528520567035,0.0005531391670525,0.0005530216376536,0.0003065722106108,2.227298806400433,2.230485705943994,0.0031868995435617
0.0,53,2Hz,Episodic proxy,4,6.0,8.0,0.0005541132798498,0.0005528512449889,0.0005531391670525,0.0005530216376536,0.0003065722106108,2.227298806400433,2.230485705943994,0.0031868995435617
0.0,53,2Hz,Episodic proxy,5,8.0,10.0,0.0005541132951218,0.0005528512578495,0.0005531391670525,0.0005530216376536,0.0003065722106108,2.227298806400433,2.230485705943994,0.0031868995435617
0.0,53,5Hz,Semantic proxy,1,0.0,2.0,0.0003880183972558,0.0003870329558784,0.0003873922630305,0.0003873045312203,0.0003267607378083,1.298876437020276,1.2990268500616535,0.0001504130413776
0.0,53,5Hz,Semantic proxy,2,2.0,4.0,0.0003877802928788,0.00038695858923,0.0003873922630305,0.0003873045312203,0.0003267607378083,1.298876437020276,1.2990268500616535,0.0001504130413776
0.0,53,5Hz,Semantic proxy,3,4.0,6.0,0.0003877874820301,0.0003869679738064,0.0003873922630305,0.0003873045312203,0.0003267607378083,1.298876437020276,1.2990268500616535,0.0001504130413776
0.0,53,5Hz,Semantic proxy,4,6.0,8.0,0.000387787195029,0.0003869675657591,0.0003873922630305,0.0003873045312203,0.0003267607378083,1.298876437020276,1.2990268500616535,0.0001504130413776
0.0,53,5Hz,Semantic proxy,5,8.0,10.0,0.0003877871950295,0.0003869675657592,0.0003873922630305,0.0003873045312203,0.0003267607378083,1.298876437020276,1.2990268500616535,0.0001504130413776
0.0,53,5Hz,Episodic proxy,1,0.0,2.0,0.0007577859367244,0.0007563000406858,0.0007568158593157,0.0007567693311668,8.869792076205085e-05,1.3959965294980303,1.3958050193124567,0.0001915101855738
0.0,53,5Hz,Episodic proxy,2,2.0,4.0,0.000757648306784,0.0007562565306165,0.0007568158593157,0.0007567693311668,8.869792076205085e-05,1.3959965294980303,1.3958050193124567,0.0001915101855738
0.0,53,5Hz,Episodic proxy,3,4.0,6.0,0.0007576547662988,0.0007562646916099,0.0007568158593157,0.0007567693311668,8.869792076205085e-05,1.3959965294980303,1.3958050193124567,0.0001915101855738
0.0,53,5Hz,Episodic proxy,4,6.0,8.0,0.0007576549357553,0.0007562648339968,0.0007568158593157,0.0007567693311668,8.869792076205085e-05,1.3959965294980303,1.3958050193124567,0.0001915101855738
0.0,53,5Hz,Episodic proxy,5,8.0,10.0,0.0007576549357558,0.0007562648339974,0.0007568158593157,0.0007567693311668,8.869792076205085e-05,1.3959965294980303,1.3958050193124567,0.0001915101855738
0.0,71,2Hz,Semantic proxy,1,0.0,2.0,0.0002807645070474,0.0002797333925991,0.000279895988589,0.0002797197671986,0.0009086010595109,2.138235390435911,2.1519201948609004,0.0136848044249893
0.0,71,2Hz,Semantic proxy,2,2.0,4.0,0.0002803070617357,0.0002796245632252,0.000279895988589,0.0002797197671986,0.0009086010595109,2.138235390435911,2.1519201948609004,0.0136848044249893
0.0,71,2Hz,Semantic proxy,3,4.0,6.0,0.0002803097953124,0.0002796273854153,0.000279895988589,0.0002797197671986,0.0009086010595109,2.138235390435911,2.1519201948609004,0.0136848044249893
0.0,71,2Hz,Semantic proxy,4,6.0,8.0,0.0002803093493501,0.0002796269564489,0.000279895988589,0.0002797197671986,0.0009086010595109,2.138235390435911,2.1519201948609004,0.0136848044249893
0.0,71,2Hz,Semantic proxy,5,8.0,10.0,0.0002803093793681,0.0002796269842072,0.000279895988589,0.0002797197671986,0.0009086010595109,2.138235390435911,2.1519201948609004,0.0136848044249893
0.0,71,2Hz,Episodic proxy,1,0.0,2.0,0.0005544255504011,0.0005529674865858,0.0005531393614782,0.0005530216394007,0.0003070747528233,2.2273294370411127,2.2304856937230815,0.0031562566819687
0.0,71,2Hz,Episodic proxy,2,2.0,4.0,0.0005541111137553,0.0005528490203711,0.0005531393614782,0.0005530216394007,0.0003070747528233,2.2273294370411127,2.2304856937230815,0.0031562566819687
0.0,71,2Hz,Episodic proxy,3,4.0,6.0,0.000554113969046,0.000552851935228,0.0005531393614782,0.0005530216394007,0.0003070747528233,2.2273294370411127,2.2304856937230815,0.0031562566819687
0.0,71,2Hz,Episodic proxy,4,6.0,8.0,0.0005541132798538,0.0005528512449928,0.0005531393614782,0.0005530216394007,0.0003070747528233,2.2273294370411127,2.2304856937230815,0.0031562566819687
0.0,71,2Hz,Episodic proxy,5,8.0,10.0,0.000554113295122,0.0005528512578497,0.0005531393614782,0.0005530216394007,0.0003070747528233,2.2273294370411127,2.2304856937230815,0.0031562566819687
0.0,71,5Hz,Semantic proxy,1,0.0,2.0,0.0003880180459024,0.0003870337535631,0.0003873922363784,0.0003873045313339,0.0003266610589772,1.2988832088484823,1.299026851030871,0.0001436421823883
0.0,71,5Hz,Semantic proxy,2,2.0,4.0,0.0003877804842597,0.0003869588641869,0.0003873922363784,0.0003873045313339,0.0003266610589772,1.2988832088484823,1.299026851030871,0.0001436421823883
0.0,71,5Hz,Semantic proxy,3,4.0,6.0,0.0003877875207878,0.0003869680157342,0.0003873922363784,0.0003873045313339,0.0003266610589772,1.2988832088484823,1.299026851030871,0.0001436421823883
0.0,71,5Hz,Semantic proxy,4,6.0,8.0,0.0003877871950328,0.0003869675657629,0.0003873922363784,0.0003873045313339,0.0003266610589772,1.2988832088484823,1.299026851030871,0.0001436421823883
0.0,71,5Hz,Semantic proxy,5,8.0,10.0,0.0003877871950294,0.000386967565759,0.0003873922363784,0.0003873045313339,0.0003266610589772,1.2988832088484823,1.299026851030871,0.0001436421823883
0.0,71,5Hz,Episodic proxy,1,0.0,2.0,0.0007577855912619,0.0007563002756062,0.0007568159956653,0.000756769331172,8.895783001291335e-05,1.3959971359556689,1.395805019648816,0.000192116306853
0.0,71,5Hz,Episodic proxy,2,2.0,4.0,0.0007576487448224,0.0007562570629453,0.0007568159956653,0.000756769331172,8.895783001291335e-05,1.3959971359556689,1.395805019648816,0.000192116306853
0.0,71,5Hz,Episodic proxy,3,4.0,6.0,0.000757654885363,0.000756264811458,0.0007568159956653,0.000756769331172,8.895783001291335e-05,1.3959971359556689,1.395805019648816,0.000192116306853
0.0,71,5Hz,Episodic proxy,4,6.0,8.0,0.0007576549357558,0.0007562648339973,0.0007568159956653,0.000756769331172,8.895783001291335e-05,1.3959971359556689,1.395805019648816,0.000192116306853
0.0,71,5Hz,Episodic proxy,5,8.0,10.0,0.0007576549357558,0.0007562648339974,0.0007568159956653,0.000756769331172,8.895783001291335e-05,1.3959971359556689,1.395805019648816,0.000192116306853
0.0,89,2Hz,Semantic proxy,1,0.0,2.0,0.0002807632662663,0.0002797318473148,0.0002798953646248,0.000279719767421,0.0009053837502742,2.1382350876439427,2.1519201952774587,0.013685107633516
0.0,89,2Hz,Semantic proxy,2,2.0,4.0,0.0002803070029453,0.0002796245102589,0.0002798953646248,0.000279719767421,0.0009053837502742,2.1382350876439427,2.1519201952774587,0.013685107633516
0.0,89,2Hz,Semantic proxy,3,4.0,6.0,0.0002803099062906,0.0002796274938538,0.0002798953646248,0.000279719767421,0.0009053837502742,2.1382350876439427,2.1519201952774587,0.013685107633516
0.0,89,2Hz,Semantic proxy,4,6.0,8.0,0.0002803093493528,0.0002796269564514,0.0002798953646248,0.000279719767421,0.0009053837502742,2.1382350876439427,2.1519201952774587,0.013685107633516
0.0,89,2Hz,Semantic proxy,5,8.0,10.0,0.0002803093793681,0.0002796269842072,0.0002798953646248,0.000279719767421,0.0009053837502742,2.1382350876439427,2.1519201952774587,0.013685107633516
0.0,89,2Hz,Episodic proxy,1,0.0,2.0,0.0005544241236752,0.0005529656545396,0.0005531385356047,0.0005530216394701,0.0003049205315166,2.227326305366457,2.230485693748384,0.0031593883819267
0.0,89,2Hz,Episodic proxy,2,2.0,4.0,0.0005541109420231,0.0005528488603231,0.0005531385356047,0.0005530216394701,0.0003049205315166,2.227326305366457,2.230485693748384,0.0031593883819267
0.0,89,2Hz,Episodic proxy,3,4.0,6.0,0.000554113933722,0.0005528518994389,0.0005531385356047,0.0005530216394701,0.0003049205315166,2.227326305366457,2.230485693748384,0.0031593883819267
0.0,89,2Hz,Episodic proxy,4,6.0,8.0,0.0005541132798536,0.0005528512449926,0.0005531385356047,0.0005530216394701,0.0003049205315166,2.227326305366457,2.230485693748384,0.0031593883819267
0.0,89,2Hz,Episodic proxy,5,8.0,10.0,0.0005541132951222,0.0005528512578499,0.0005531385356047,0.0005530216394701,0.0003049205315166,2.227326305366457,2.230485693748384,0.0031593883819267
0.0,89,5Hz,Semantic proxy,1,0.0,2.0,0.0003880179013595,0.0003870324102547,0.0003873921401979,0.000387304531606,0.0003263018579878,1.2988773925610912,1.299026854270969,0.0001494617098778
0.0,89,5Hz,Semantic proxy,2,2.0,4.0,0.0003877803184451,0.0003869586365582,0.0003873921401979,0.000387304531606,0.0003263018579878,1.2988773925610912,1.299026854270969,0.0001494617098778
0.0,89,5Hz,Semantic proxy,3,4.0,6.0,0.0003877876555143,0.0003869681718305,0.0003873921401979,0.000387304531606,0.0003263018579878,1.2988773925610912,1.299026854270969,0.0001494617098778
0.0,89,5Hz,Semantic proxy,4,6.0,8.0,0.000387787195033,0.0003869675657634,0.0003873921401979,0.000387304531606,0.0003263018579878,1.2988773925610912,1.299026854270969,0.0001494617098778
0.0,89,5Hz,Semantic proxy,5,8.0,10.0,0.0003877871950294,0.000386967565759,0.0003873921401979,0.000387304531606,0.0003263018579878,1.2988773925610912,1.299026854270969,0.0001494617098778
0.0,89,5Hz,Episodic proxy,1,0.0,2.0,0.0007577855914456,0.0007562995631783,0.0007568158856772,0.0007567693312656,8.874798470994936e-05,1.3959961690571898,1.3958050200324912,0.0001911490246986
0.0,89,5Hz,Episodic proxy,2,2.0,4.0,0.0007576484703441,0.0007562567288324,0.0007568158856772,0.0007567693312656,8.874798470994936e-05,1.3959961690571898,1.3958050200324912,0.0001911490246986
0.0,89,5Hz,Episodic proxy,3,4.0,6.0,0.0007576549683085,0.0007562649111348,0.0007568158856772,0.0007567693312656,8.874798470994936e-05,1.3959961690571898,1.3958050200324912,0.0001911490246986
0.0,89,5Hz,Episodic proxy,4,6.0,8.0,0.0007576549357558,0.0007562648339973,0.0007568158856772,0.0007567693312656,8.874798470994936e-05,1.3959961690571898,1.3958050200324912,0.0001911490246986
0.0,89,5Hz,Episodic proxy,5,8.0,10.0,0.0007576549357561,0.0007562648339976,0.0007568158856772,0.0007567693312656,8.874798470994936e-05,1.3959961690571898,1.3958050200324912,0.0001911490246986
0.0,107,2Hz,Semantic proxy,1,0.0,2.0,0.0002807666605915,0.0002797308269608,0.0002798964273583,0.0002797197660888,0.000910868373477,2.13806543281285,2.151920205847073,0.0138547730342231
0.0,107,2Hz,Semantic proxy,2,2.0,4.0,0.000280307078862,0.0002796245937514,0.0002798964273583,0.0002797197660888,0.000910868373477,2.13806543281285,2.151920205847073,0.0138547730342231
0.0,107,2Hz,Semantic proxy,3,4.0,6.0,0.0002803094488951,0.0002796270471782,0.0002798964273583,0.0002797197660888,0.000910868373477,2.13806543281285,2.151920205847073,0.0138547730342231
0.0,107,2Hz,Semantic proxy,4,6.0,8.0,0.0002803093493497,0.0002796269564486,0.0002798964273583,0.0002797197660888,0.000910868373477,2.13806543281285,2.151920205847073,0.0138547730342231
0.0,107,2Hz,Semantic proxy,5,8.0,10.0,0.0002803093793681,0.0002796269842072,0.0002798964273583,0.0002797197660888,0.000910868373477,2.13806543281285,2.151920205847073,0.0138547730342231
0.0,107,2Hz,Episodic proxy,1,0.0,2.0,0.0005544251003128,0.0005529641486721,0.0005531385827337,0.0005530216379026,0.0003050475427567,2.2272783850725353,2.2304856968384588,0.0032073117659234
0.0,107,2Hz,Episodic proxy,2,2.0,4.0,0.0005541110925689,0.0005528490255653,0.0005531385827337,0.0005530216379026,0.0003050475427567,2.2272783850725353,2.2304856968384588,0.0032073117659234
0.0,107,2Hz,Episodic proxy,3,4.0,6.0,0.0005541134154543,0.0005528513827832,0.0005531385827337,0.0005530216379026,0.0003050475427567,2.2272783850725353,2.2304856968384588,0.0032073117659234
0.0,107,2Hz,Episodic proxy,4,6.0,8.0,0.00055411327985,0.0005528512449891,0.0005531385827337,0.0005530216379026,0.0003050475427567,2.2272783850725353,2.2304856968384588,0.0032073117659234
0.0,107,2Hz,Episodic proxy,5,8.0,10.0,0.0005541132951221,0.0005528512578499,0.0005531385827337,0.0005530216379026,0.0003050475427567,2.2272783850725353,2.2304856968384588,0.0032073117659234
0.0,107,5Hz,Semantic proxy,1,0.0,2.0,0.0003880196636924,0.0003870329276412,0.0003873928211441,0.0003873045313933,0.0003288385734598,1.2988700772002797,1.2990268448752202,0.0001567676749407
0.0,107,5Hz,Semantic proxy,2,2.0,4.0,0.0003877802785395,0.00038695856902,0.0003873928211441,0.0003873045313933,0.0003288385734598,1.2988700772002797,1.2990268448752202,0.0001567676749407
0.0,107,5Hz,Semantic proxy,3,4.0,6.0,0.0003877876907072,0.0003869681443217,0.0003873928211441,0.0003873045313933,0.0003288385734598,1.2988700772002797,1.2990268448752202,0.0001567676749407
0.0,107,5Hz,Semantic proxy,4,6.0,8.0,0.0003877871950264,0.0003869675657559,0.0003873928211441,0.0003873045313933,0.0003288385734598,1.2988700772002797,1.2990268448752202,0.0001567676749407
0.0,107,5Hz,Semantic proxy,5,8.0,10.0,0.0003877871950287,0.0003869675657583,0.0003873928211441,0.0003873045313933,0.0003288385734598,1.2988700772002797,1.2990268448752202,0.0001567676749407
0.0,107,5Hz,Episodic proxy,1,0.0,2.0,0.0007577875261399,0.0007563011800669,0.0007568165292756,0.0007567693318636,8.997371616512284e-05,1.3959947376186903,1.3958050178068864,0.0001897198118041
0.0,107,5Hz,Episodic proxy,2,2.0,4.0,0.0007576481877947,0.0007562563873609,0.0007568165292756,0.0007567693318636,8.997371616512284e-05,1.3959947376186903,1.3958050178068864,0.0001897198118041
0.0,107,5Hz,Episodic proxy,3,4.0,6.0,0.0007576550674831,0.0007562649800684,0.0007568165292756,0.0007567693318636,8.997371616512284e-05,1.3959947376186903,1.3958050178068864,0.0001897198118041
0.0,107,5Hz,Episodic proxy,4,6.0,8.0,0.0007576549357551,0.0007562648339965,0.0007568165292756,0.0007567693318636,8.997371616512284e-05,1.3959947376186903,1.3958050178068864,0.0001897198118041
0.0,107,5Hz,Episodic proxy,5,8.0,10.0,0.000757654935754,0.0007562648339955,0.0007568165292756,0.0007567693318636,8.997371616512284e-05,1.3959947376186903,1.3958050178068864,0.0001897198118041
0.0,127,2Hz,Semantic proxy,1,0.0,2.0,0.0002807619904378,0.0002797321092754,0.0002798948918475,0.0002797197671015,0.0009029485082137,2.138291220827672,2.15192019785653,0.013628977028858
0.0,127,2Hz,Semantic proxy,2,2.0,4.0,0.0002803069820646,0.0002796244896241,0.0002798948918475,0.0002797197671015,0.0009029485082137,2.138291220827672,2.15192019785653,0.013628977028858
0.0,127,2Hz,Semantic proxy,3,4.0,6.0,0.0002803098458131,0.0002796274370596,0.0002798948918475,0.0002797197671015,0.0009029485082137,2.138291220827672,2.15192019785653,0.013628977028858
0.0,127,2Hz,Semantic proxy,4,6.0,8.0,0.0002803093493513,0.0002796269564501,0.0002798948918475,0.0002797197671015,0.0009029485082137,2.138291220827672,2.15192019785653,0.013628977028858
0.0,127,2Hz,Semantic proxy,5,8.0,10.0,0.0002803093793681,0.0002796269842072,0.0002798948918475,0.0002797197671015,0.0009029485082137,2.138291220827672,2.15192019785653,0.013628977028858
0.0,127,2Hz,Episodic proxy,1,0.0,2.0,0.0005544238073925,0.0005529660166313,0.0005531385338663,0.0005530216393737,0.0003049162490956,2.227333928033901,2.230485693254665,0.0031517652207639
0.0,127,2Hz,Episodic proxy,2,2.0,4.0,0.0005541109446814,0.0005528488649612,0.0005531385338663,0.0005530216393737,0.0003049162490956,2.227333928033901,2.230485693254665,0.0031517652207639
0.0,127,2Hz,Episodic proxy,3,4.0,6.0,0.0005541140826642,0.0005528520492262,0.0005531385338663,0.0005530216393737,0.0003049162490956,2.227333928033901,2.230485693254665,0.0031517652207639
0.0,127,2Hz,Episodic proxy,4,6.0,8.0,0.0005541132798532,0.0005528512449922,0.0005531385338663,0.0005530216393737,0.0003049162490956,2.227333928033901,2.230485693254665,0.0031517652207639
0.0,127,2Hz,Episodic proxy,5,8.0,10.0,0.000554113295122,0.0005528512578497,0.0005531385338663,0.0005530216393737,0.0003049162490956,2.227333928033901,2.230485693254665,0.0031517652207639
0.0,127,5Hz,Semantic proxy,1,0.0,2.0,0.0003880168291867,0.0003870320992064,0.0003873916423004,0.0003873045311889,0.0003244491799456,1.2988796071680635,1.2990268502822642,0.0001472431142004
0.0,127,5Hz,Semantic proxy,2,2.0,4.0,0.0003877803015088,0.000386958646371,0.0003873916423004,0.0003873045311889,0.0003244491799456,1.2988796071680635,1.2990268502822642,0.0001472431142004
0.0,127,5Hz,Semantic proxy,3,4.0,6.0,0.0003877874711398,0.0003869679563136,0.0003873916423004,0.0003873045311889,0.0003244491799456,1.2988796071680635,1.2990268502822642,0.0001472431142004
0.0,127,5Hz,Semantic proxy,4,6.0,8.0,0.0003877871950292,0.0003869675657594,0.0003873916423004,0.0003873045311889,0.0003244491799456,1.2988796071680635,1.2990268502822642,0.0001472431142004
0.0,127,5Hz,Semantic proxy,5,8.0,10.0,0.0003877871950293,0.0003869675657591,0.0003873916423004,0.0003873045311889,0.0003244491799456,1.2988796071680635,1.2990268502822642,0.0001472431142004
0.0,127,5Hz,Episodic proxy,1,0.0,2.0,0.0007577849707299,0.0007562993907803,0.0007568155611241,0.000756769331147,8.812952487442873e-05,1.395995876874706,1.3958050193235678,0.0001908575511382
0.0,127,5Hz,Episodic proxy,2,2.0,4.0,0.0007576484633005,0.0007562567453924,0.0007568155611241,0.000756769331147,8.812952487442873e-05,1.395995876874706,1.3958050193235678,0.0001908575511382
0.0,127,5Hz,Episodic proxy,3,4.0,6.0,0.0007576547457133,0.0007562646652934,0.0007568155611241,0.000756769331147,8.812952487442873e-05,1.395995876874706,1.3958050193235678,0.0001908575511382
0.0,127,5Hz,Episodic proxy,4,6.0,8.0,0.0007576549357555,0.000756264833997,0.0007568155611241,0.000756769331147,8.812952487442873e-05,1.395995876874706,1.3958050193235678,0.0001908575511382
0.0,127,5Hz,Episodic proxy,5,8.0,10.0,0.0007576549357558,0.0007562648339974,0.0007568155611241,0.000756769331147,8.812952487442873e-05,1.395995876874706,1.3958050193235678,0.0001908575511382
0.0,149,2Hz,Semantic proxy,1,0.0,2.0,0.0002807615133045,0.0002797326557982,0.0002798948552918,0.0002797197671992,0.0009027595812332,2.1383217705430546,2.1519201948183513,0.0135984242752966
0.0,149,2Hz,Semantic proxy,2,2.0,4.0,0.0002803070763379,0.0002796245729168,0.0002798948552918,0.0002797197671992,0.0009027595812332,2.1383217705430546,2.1519201948183513,0.0135984242752966
0.0,149,2Hz,Semantic proxy,3,4.0,6.0,0.0002803097952994,0.0002796273854031,0.0002798948552918,0.0002797197671992,0.0009027595812332,2.1383217705430546,2.1519201948183513,0.0135984242752966
0.0,149,2Hz,Semantic proxy,4,6.0,8.0,0.0002803093493482,0.0002796269564469,0.0002798948552918,0.0002797197671992,0.0009027595812332,2.1383217705430546,2.1519201948183513,0.0135984242752966
0.0,149,2Hz,Semantic proxy,5,8.0,10.0,0.0002803093793681,0.0002796269842072,0.0002798948552918,0.0002797197671992,0.0009027595812332,2.1383217705430546,2.1519201948183513,0.0135984242752966
0.0,149,2Hz,Episodic proxy,1,0.0,2.0,0.0005544230940517,0.0005529664380247,0.0005531384095532,0.0005530216394007,0.0003045919451841,2.227353619335522,2.230485693725197,0.0031320743896752
0.0,149,2Hz,Episodic proxy,2,2.0,4.0,0.0005541110899506,0.0005528489909259,0.0005531384095532,0.0005530216394007,0.0003045919451841,2.227353619335522,2.230485693725197,0.0031320743896752
0.0,149,2Hz,Episodic proxy,3,4.0,6.0,0.0005541139690304,0.0005528519352132,0.0005531384095532,0.0005530216394007,0.0003045919451841,2.227353619335522,2.230485693725197,0.0031320743896752
0.0,149,2Hz,Episodic proxy,4,6.0,8.0,0.0005541132798538,0.0005528512449927,0.0005531384095532,0.0005530216394007,0.0003045919451841,2.227353619335522,2.230485693725197,0.0031320743896752
0.0,149,2Hz,Episodic proxy,5,8.0,10.0,0.0005541132951215,0.0005528512578493,0.0005531384095532,0.0005530216394007,0.0003045919451841,2.227353619335522,2.230485693725197,0.0031320743896752
0.0,149,5Hz,Semantic proxy,1,0.0,2.0,0.0003880160811226,0.0003870326355881,0.0003873915238874,0.0003873045313301,0.000324007668874,1.2988848246342437,1.299026851058891,0.0001420264246472
0.0,149,5Hz,Semantic proxy,2,2.0,4.0,0.0003877806208463,0.0003869590184926,0.0003873915238874,0.0003873045313301,0.000324007668874,1.2988848246342437,1.299026851058891,0.0001420264246472
0.0,149,5Hz,Semantic proxy,3,4.0,6.0,0.0003877875186212,0.000386968013834,0.0003873915238874,0.0003873045313301,0.000324007668874,1.2988848246342437,1.299026851058891,0.0001420264246472
0.0,149,5Hz,Semantic proxy,4,6.0,8.0,0.0003877871950322,0.0003869675657625,0.0003873915238874,0.0003873045313301,0.000324007668874,1.2988848246342437,1.299026851058891,0.0001420264246472
0.0,149,5Hz,Semantic proxy,5,8.0,10.0,0.0003877871950304,0.0003869675657603,0.0003873915238874,0.0003873045313301,0.000324007668874,1.2988848246342437,1.299026851058891,0.0001420264246472
0.0,149,5Hz,Episodic proxy,1,0.0,2.0,0.0007577838995167,0.000756299012579,0.0007568154044735,0.0007567693311648,8.783087265558707e-05,1.395996976624414,1.3958050196823235,0.0001919569420905
0.0,149,5Hz,Episodic proxy,2,2.0,4.0,0.0007576489175453,0.0007562572538586,0.0007568154044735,0.0007567693311648,8.783087265558707e-05,1.395996976624414,1.3958050196823235,0.0001919569420905
0.0,149,5Hz,Episodic proxy,3,4.0,6.0,0.0007576548850042,0.0007562648111252,0.0007568154044735,0.0007567693311648,8.783087265558707e-05,1.395996976624414,1.3958050196823235,0.0001919569420905
0.0,149,5Hz,Episodic proxy,4,6.0,8.0,0.0007576549357557,0.0007562648339972,0.0007568154044735,0.0007567693311648,8.783087265558707e-05,1.395996976624414,1.3958050196823235,0.0001919569420905
0.0,149,5Hz,Episodic proxy,5,8.0,10.0,0.0007576549357559,0.0007562648339974,0.0007568154044735,0.0007567693311648,8.783087265558707e-05,1.395996976624414,1.3958050196823235,0.0001919569420905
0.0,173,2Hz,Semantic proxy,1,0.0,2.0,0.0002807633183313,0.0002797331229443,0.0002798953737988,0.0002797197670358,0.0009054330235662,2.13825855459021,2.151920188353243,0.0136616337630322
0.0,173,2Hz,Semantic proxy,2,2.0,4.0,0.0002803071301245,0.0002796246376637,0.0002798953737988,0.0002797197670358,0.0009054330235662,2.13825855459021,2.151920188353243,0.0136616337630322
0.0,173,2Hz,Semantic proxy,3,4.0,6.0,0.0002803094586969,0.0002796270595392,0.0002798953737988,0.0002797197670358,0.0009054330235662,2.13825855459021,2.151920188353243,0.0136616337630322
0.0,173,2Hz,Semantic proxy,4,6.0,8.0,0.0002803093493505,0.0002796269564493,0.0002798953737988,0.0002797197670358,0.0009054330235662,2.13825855459021,2.151920188353243,0.0136616337630322
0.0,173,2Hz,Semantic proxy,5,8.0,10.0,0.0002803093793681,0.0002796269842072,0.0002798953737988,0.0002797197670358,0.0009054330235662,2.13825855459021,2.151920188353243,0.0136616337630322
0.0,173,2Hz,Episodic proxy,1,0.0,2.0,0.0005544240992629,0.000552966924679,0.0005531385035379,0.0005530216396008,0.0003048365541011,2.227336991908732,2.230485684698589,0.0031486927898574
0.0,173,2Hz,Episodic proxy,2,2.0,4.0,0.0005541111657261,0.0005528490804231,0.0005531385035379,0.0005530216396008,0.0003048365541011,2.227336991908732,2.230485684698589,0.0031486927898574
0.0,173,2Hz,Episodic proxy,3,4.0,6.0,0.0005541134004796,0.000552851369891,0.0005531385035379,0.0005530216396008,0.0003048365541011,2.227336991908732,2.230485684698589,0.0031486927898574
0.0,173,2Hz,Episodic proxy,4,6.0,8.0,0.0005541132798533,0.0005528512449922,0.0005531385035379,0.0005530216396008,0.0003048365541011,2.227336991908732,2.230485684698589,0.0031486927898574
0.0,173,2Hz,Episodic proxy,5,8.0,10.0,0.0005541132951219,0.0005528512578497,0.0005531385035379,0.0005530216396008,0.0003048365541011,2.227336991908732,2.230485684698589,0.0031486927898574
0.0,173,5Hz,Semantic proxy,1,0.0,2.0,0.0003880170027716,0.0003870325967089,0.0003873918603177,0.0003873045312295,0.0003252609523921,1.2988816239378655,1.2990268450904583,0.0001452211525927
0.0,173,5Hz,Semantic proxy,2,2.0,4.0,0.0003877805360417,0.0003869589291681,0.0003873918603177,0.0003873045312295,0.0003252609523921,1.2988816239378655,1.2990268450904583,0.0001452211525927
0.0,173,5Hz,Semantic proxy,3,4.0,6.0,0.0003877875727204,0.0003869680073949,0.0003873918603177,0.0003873045312295,0.0003252609523921,1.2988816239378655,1.2990268450904583,0.0001452211525927
0.0,173,5Hz,Semantic proxy,4,6.0,8.0,0.0003877871950283,0.000386967565758,0.0003873918603177,0.0003873045312295,0.0003252609523921,1.2988816239378655,1.2990268450904583,0.0001452211525927
0.0,173,5Hz,Semantic proxy,5,8.0,10.0,0.0003877871950294,0.000386967565759,0.0003873918603177,0.0003873045312295,0.0003252609523921,1.2988816239378655,1.2990268450904583,0.0001452211525927
0.0,173,5Hz,Episodic proxy,1,0.0,2.0,0.000757785061661,0.000756299918224,0.00075681580457,0.0007567693316296,8.859267862952654e-05,1.3959966366086625,1.3958050176606995,0.0001916189479629
0.0,173,5Hz,Episodic proxy,2,2.0,4.0,0.0007576487702711,0.0007562571041578,0.00075681580457,0.0007567693316296,8.859267862952654e-05,1.3959966366086625,1.3958050176606995,0.0001916189479629
0.0,173,5Hz,Episodic proxy,3,4.0,6.0,0.0007576549456735,0.0007562648465588,0.00075681580457,0.0007567693316296,8.859267862952654e-05,1.3959966366086625,1.3958050176606995,0.0001916189479629
0.0,173,5Hz,Episodic proxy,4,6.0,8.0,0.0007576549357556,0.0007562648339971,0.00075681580457,0.0007567693316296,8.859267862952654e-05,1.3959966366086625,1.3958050176606995,0.0001916189479629
0.0,173,5Hz,Episodic proxy,5,8.0,10.0,0.0007576549357558,0.0007562648339974,0.00075681580457,0.0007567693316296,8.859267862952654e-05,1.3959966366086625,1.3958050176606995,0.0001916189479629
0.0,197,2Hz,Semantic proxy,1,0.0,2.0,0.0002807681816758,0.0002797328250125,0.000279896843265,0.0002797197661447,0.0009130118280284,2.138090034543909,2.151920201850322,0.0138301673064127
0.0,197,2Hz,Semantic proxy,2,2.0,4.0,0.0002803069742647,0.0002796244876004,0.000279896843265,0.0002797197661447,0.0009130118280284,2.138090034543909,2.151920201850322,0.0138301673064127
0.0,197,2Hz,Semantic proxy,3,4.0,6.0,0.0002803094604302,0.0002796270571729,0.000279896843265,0.0002797197661447,0.0009130118280284,2.138090034543909,2.151920201850322,0.0138301673064127
0.0,197,2Hz,Semantic proxy,4,6.0,8.0,0.000280309349343,0.0002796269564419,0.000279896843265,0.0002797197661447,0.0009130118280284,2.138090034543909,2.151920201850322,0.0138301673064127
0.0,197,2Hz,Semantic proxy,5,8.0,10.0,0.0002803093793681,0.0002796269842072,0.000279896843265,0.0002797197661447,0.0009130118280284,2.138090034543909,2.151920201850322,0.0138301673064127
0.0,197,2Hz,Episodic proxy,1,0.0,2.0,0.0005544272001729,0.0005529666703022,0.0005531391012441,0.0005530216379279,0.0003063998539983,2.227295357199581,2.2304856964225985,0.0031903392230177
0.0,197,2Hz,Episodic proxy,2,2.0,4.0,0.0005541108305464,0.0005528487727859,0.0005531391012441,0.0005530216379279,0.0003063998539983,2.227295357199581,2.2304856964225985,0.0031903392230177
0.0,197,2Hz,Episodic proxy,3,4.0,6.0,0.0005541134631981,0.0005528514293781,0.0005531391012441,0.0005530216379279,0.0003063998539983,2.227295357199581,2.2304856964225985,0.0031903392230177
0.0,197,2Hz,Episodic proxy,4,6.0,8.0,0.0005541132798505,0.0005528512449896,0.0005531391012441,0.0005530216379279,0.0003063998539983,2.227295357199581,2.2304856964225985,0.0031903392230177
0.0,197,2Hz,Episodic proxy,5,8.0,10.0,0.0005541132951221,0.0005528512578498,0.0005531391012441,0.0005530216379279,0.0003063998539983,2.227295357199581,2.2304856964225985,0.0031903392230177
0.0,197,5Hz,Semantic proxy,1,0.0,2.0,0.0003880195555121,0.0003870331750241,0.0003873927045316,0.0003873045314505,0.0003284040821402,1.2988709857206282,1.299026843021494,0.0001558573008657
0.0,197,5Hz,Semantic proxy,2,2.0,4.0,0.0003877800842143,0.0003869583206429,0.0003873927045316,0.0003873045314505,0.0003284040821402,1.2988709857206282,1.299026843021494,0.0001558573008657
0.0,197,5Hz,Semantic proxy,3,4.0,6.0,0.0003877877164724,0.0003869681830321,0.0003873927045316,0.0003873045314505,0.0003284040821402,1.2988709857206282,1.299026843021494,0.0001558573008657
0.0,197,5Hz,Semantic proxy,4,6.0,8.0,0.0003877871950256,0.000386967565755,0.0003873927045316,0.0003873045314505,0.0003284040821402,1.2988709857206282,1.299026843021494,0.0001558573008657
0.0,197,5Hz,Semantic proxy,5,8.0,10.0,0.0003877871950284,0.000386967565758,0.0003873927045316,0.0003873045314505,0.0003284040821402,1.2988709857206282,1.299026843021494,0.0001558573008657
0.0,197,5Hz,Episodic proxy,1,0.0,2.0,0.0007577876277928,0.0007563015079918,0.0007568163763907,0.0007567693318931,8.968222028580884e-05,1.395994936123176,1.3958050171406522,0.0001899189825238
0.0,197,5Hz,Episodic proxy,2,2.0,4.0,0.0007576477437518,0.0007562558768424,0.0007568163763907,0.0007567693318931,8.968222028580884e-05,1.395994936123176,1.3958050171406522,0.0001899189825238
0.0,197,5Hz,Episodic proxy,3,4.0,6.0,0.000757655069918,0.0007562649899007,0.0007568163763907,0.0007567693318931,8.968222028580884e-05,1.395994936123176,1.3958050171406522,0.0001899189825238
0.0,197,5Hz,Episodic proxy,4,6.0,8.0,0.0007576549357544,0.0007562648339958,0.0007568163763907,0.0007567693318931,8.968222028580884e-05,1.395994936123176,1.3958050171406522,0.0001899189825238
0.0,197,5Hz,Episodic proxy,5,8.0,10.0,0.000757654935755,0.0007562648339965,0.0007568163763907,0.0007567693318931,8.968222028580884e-05,1.395994936123176,1.3958050171406522,0.0001899189825238
0.0,223,2Hz,Semantic proxy,1,0.0,2.0,0.0002807637244703,0.0002797304839711,0.0002798954869257,0.0002797197664898,0.0009060189416422,2.1381689857819044,2.1519202021215915,0.0137512163396871
0.0,223,2Hz,Semantic proxy,2,2.0,4.0,0.0002803070592124,0.0002796245743301,0.0002798954869257,0.0002797197664898,0.0009060189416422,2.1381689857819044,2.1519202021215915,0.0137512163396871
0.0,223,2Hz,Semantic proxy,3,4.0,6.0,0.0002803098389921,0.00027962742836,0.0002798954869257,0.0002797197664898,0.0009060189416422,2.1381689857819044,2.1519202021215915,0.0137512163396871
0.0,223,2Hz,Semantic proxy,4,6.0,8.0,0.0002803093493408,0.0002796269564397,0.0002798954869257,0.0002797197664898,0.0009060189416422,2.1381689857819044,2.1519202021215915,0.0137512163396871
0.0,223,2Hz,Semantic proxy,5,8.0,10.0,0.0002803093793678,0.000279626984207,0.0002798954869257,0.0002797197664898,0.0009060189416422,2.1381689857819044,2.1519202021215915,0.0137512163396871
0.0,223,2Hz,Episodic proxy,1,0.0,2.0,0.000554423543754,0.0005529638437384,0.0005531382710814,0.0005530216382621,0.0003042337533382,2.227305057894597,2.2304856945218248,0.0031806366272277
0.0,223,2Hz,Episodic proxy,2,2.0,4.0,0.0005541108841601,0.0005528488176916,0.0005531382710814,0.0005530216382621,0.0003042337533382,2.227305057894597,2.2304856945218248,0.0031806366272277
0.0,223,2Hz,Episodic proxy,3,4.0,6.0,0.000554114043488,0.0005528520083891,0.0005531382710814,0.0005530216382621,0.0003042337533382,2.227305057894597,2.2304856945218248,0.0031806366272277
0.0,223,2Hz,Episodic proxy,4,6.0,8.0,0.0005541132798509,0.0005528512449899,0.0005531382710814,0.0005530216382621,0.0003042337533382,2.227305057894597,2.2304856945218248,0.0031806366272277
0.0,223,2Hz,Episodic proxy,5,8.0,10.0,0.0005541132951224,0.0005528512578501,0.0005531382710814,0.0005530216382621,0.0003042337533382,2.227305057894597,2.2304856945218248,0.0031806366272277
0.0,223,5Hz,Semantic proxy,1,0.0,2.0,0.0003880186039803,0.0003870330568718,0.0003873923093662,0.0003873045313535,0.0003269328011152,1.298874345926058,1.299026849963826,0.0001525040377678
0.0,223,5Hz,Semantic proxy,2,2.0,4.0,0.0003877801786132,0.0003869584228009,0.0003873923093662,0.0003873045313535,0.0003269328011152,1.298874345926058,1.299026849963826,0.0001525040377678
0.0,223,5Hz,Semantic proxy,3,4.0,6.0,0.0003877875317911,0.0003869680347682,0.0003873923093662,0.0003873045313535,0.0003269328011152,1.298874345926058,1.299026849963826,0.0001525040377678
0.0,223,5Hz,Semantic proxy,4,6.0,8.0,0.0003877871950293,0.0003869675657593,0.0003873923093662,0.0003873045313535,0.0003269328011152,1.298874345926058,1.299026849963826,0.0001525040377678
0.0,223,5Hz,Semantic proxy,5,8.0,10.0,0.0003877871950283,0.0003869675657579,0.0003873923093662,0.0003873045313535,0.0003269328011152,1.298874345926058,1.299026849963826,0.0001525040377678
0.0,223,5Hz,Episodic proxy,1,0.0,2.0,0.0007577863089125,0.0007563007737999,0.0007568159478291,0.0007567693312314,8.8866528236559e-05,1.3959966924551774,1.395805019394294,0.0001916730608833
0.0,223,5Hz,Episodic proxy,2,2.0,4.0,0.0007576480581019,0.0007562562271933,0.0007568159478291,0.0007567693312314,8.8866528236559e-05,1.3959966924551774,1.395805019394294,0.0001916730608833
0.0,223,5Hz,Episodic proxy,3,4.0,6.0,0.0007576548759687,0.000756264810991,0.0007568159478291,0.0007567693312314,8.8866528236559e-05,1.3959966924551774,1.395805019394294,0.0001916730608833
0.0,223,5Hz,Episodic proxy,4,6.0,8.0,0.0007576549357557,0.0007562648339972,0.0007568159478291,0.0007567693312314,8.8866528236559e-05,1.3959966924551774,1.395805019394294,0.0001916730608833
0.0,223,5Hz,Episodic proxy,5,8.0,10.0,0.0007576549357558,0.0007562648339974,0.0007568159478291,0.0007567693312314,8.8866528236559e-05,1.3959966924551774,1.395805019394294,0.0001916730608833
0.0,251,2Hz,Semantic proxy,1,0.0,2.0,0.0002807626795867,0.0002797325601858,0.0002798952039056,0.0002797197702314,0.0009045408424171,2.138271991731798,2.1519201815651967,0.0136481898333986
0.0,251,2Hz,Semantic proxy,2,2.0,4.0,0.0002803069732062,0.0002796244793613,0.0002798952039056,0.0002797197702314,0.0009045408424171,2.138271991731798,2.1519201815651967,0.0136481898333986
0.0,251,2Hz,Semantic proxy,3,4.0,6.0,0.0002803098200402,0.000279627409697,0.0002798952039056,0.0002797197702314,0.0009045408424171,2.138271991731798,2.1519201815651967,0.0136481898333986
0.0,251,2Hz,Semantic proxy,4,6.0,8.0,0.0002803093642719,0.0002796269705448,0.0002798952039056,0.0002797197702314,0.0009045408424171,2.138271991731798,2.1519201815651967,0.0136481898333986
0.0,251,2Hz,Semantic proxy,5,8.0,10.0,0.000280309377072,0.0002796269824133,0.0002798952039056,0.0002797197702314,0.0009045408424171,2.138271991731798,2.1519201815651967,0.0136481898333986
0.0,251,2Hz,Episodic proxy,1,0.0,2.0,0.0005544237425404,0.0005529663966529,0.0005531385473335,0.0005530216522062,0.0003049178972724,2.227341376555857,2.2304857230183863,0.0031443464625291
0.0,251,2Hz,Episodic proxy,2,2.0,4.0,0.0005541110403621,0.0005528489551045,0.0005531385473335,0.0005530216522062,0.0003049178972724,2.227341376555857,2.2304857230183863,0.0031443464625291
0.0,251,2Hz,Episodic proxy,3,4.0,6.0,0.0005541139857298,0.0005528519514845,0.0005531385473335,0.0005530216522062,0.0003049178972724,2.227341376555857,2.2304857230183863,0.0031443464625291
0.0,251,2Hz,Episodic proxy,4,6.0,8.0,0.0005541133073107,0.0005528512717532,0.0005531385473335,0.0005530216522062,0.0003049178972724,2.227341376555857,2.2304857230183863,0.0031443464625291
0.0,251,2Hz,Episodic proxy,5,8.0,10.0,0.0005541132988131,0.0005528512621426,0.0005531385473335,0.0005530216522062,0.0003049178972724,2.227341376555857,2.2304857230183863,0.0031443464625291
0.0,251,5Hz,Semantic proxy,1,0.0,2.0,0.0003880169408305,0.0003870321835976,0.0003873917839427,0.000387304531373,0.0003249759874304,1.298881909332276,1.299026850754957,0.0001449414226808
0.0,251,5Hz,Semantic proxy,2,2.0,4.0,0.0003877804496597,0.000386958810003,0.0003873917839427,0.000387304531373,0.0003249759874304,1.298881909332276,1.299026850754957,0.0001449414226808
0.0,251,5Hz,Semantic proxy,3,4.0,6.0,0.0003877875324479,0.0003869680328159,0.0003873917839427,0.000387304531373,0.0003249759874304,1.298881909332276,1.299026850754957,0.0001449414226808
0.0,251,5Hz,Semantic proxy,4,6.0,8.0,0.0003877871950331,0.0003869675657635,0.0003873917839427,0.000387304531373,0.0003249759874304,1.298881909332276,1.299026850754957,0.0001449414226808
0.0,251,5Hz,Semantic proxy,5,8.0,10.0,0.0003877871950303,0.0003869675657603,0.0003873917839427,0.000387304531373,0.0003249759874304,1.298881909332276,1.299026850754957,0.0001449414226808
0.0,251,5Hz,Episodic proxy,1,0.0,2.0,0.0007577849647446,0.0007562994607359,0.0007568157085063,0.0007567693311979,8.841037798152957e-05,1.3959973088751374,1.3958050196244347,0.0001922892507026
0.0,251,5Hz,Episodic proxy,2,2.0,4.0,0.0007576486672903,0.0007562569708672,0.0007568157085063,0.0007567693311979,8.841037798152957e-05,1.3959973088751374,1.3958050196244347,0.0001922892507026
0.0,251,5Hz,Episodic proxy,3,4.0,6.0,0.0007576549038627,0.000756264834633,0.0007568157085063,0.0007567693311979,8.841037798152957e-05,1.3959973088751374,1.3958050196244347,0.0001922892507026
0.0,251,5Hz,Episodic proxy,4,6.0,8.0,0.0007576549357558,0.0007562648339974,0.0007568157085063,0.0007567693311979,8.841037798152957e-05,1.3959973088751374,1.3958050196244347,0.0001922892507026
0.0,251,5Hz,Episodic proxy,5,8.0,10.0,0.0007576549357558,0.0007562648339974,0.0007568157085063,0.0007567693311979,8.841037798152957e-05,1.3959973088751374,1.3958050196244347,0.0001922892507026
0.0,281,2Hz,Semantic proxy,1,0.0,2.0,0.0002807623341336,0.0002797327927099,0.0002798951187288,0.0002797197671322,0.000904117790589,2.138312225707671,2.151920197919464,0.0136079722117927
0.0,281,2Hz,Semantic proxy,2,2.0,4.0,0.0002803070983296,0.0002796245959747,0.0002798951187288,0.0002797197671322,0.000904117790589,2.138312225707671,2.151920197919464,0.0136079722117927
0.0,281,2Hz,Semantic proxy,3,4.0,6.0,0.0002803098089918,0.0002796274003568,0.0002798951187288,0.0002797197671322,0.000904117790589,2.138312225707671,2.151920197919464,0.0136079722117927
0.0,281,2Hz,Semantic proxy,4,6.0,8.0,0.0002803093493451,0.000279626956444,0.0002798951187288,0.0002797197671322,0.000904117790589,2.138312225707671,2.151920197919464,0.0136079722117927
0.0,281,2Hz,Semantic proxy,5,8.0,10.0,0.0002803093793681,0.0002796269842072,0.0002798951187288,0.0002797197671322,0.000904117790589,2.138312225707671,2.151920197919464,0.0136079722117927
0.0,281,2Hz,Episodic proxy,1,0.0,2.0,0.0005544239593989,0.0005529663178009,0.0005531386744203,0.0005530216393768,0.0003052828333624,2.2273447647073485,2.230485693602976,0.0031409288956276
0.0,281,2Hz,Episodic proxy,2,2.0,4.0,0.0005541110856515,0.000552848985209,0.0005531386744203,0.0005530216393768,0.0003052828333624,2.2273447647073485,2.230485693602976,0.0031409288956276
0.0,281,2Hz,Episodic proxy,3,4.0,6.0,0.0005541140071117,0.0005528519743821,0.0005531386744203,0.0005530216393768,0.0003052828333624,2.2273447647073485,2.230485693602976,0.0031409288956276
0.0,281,2Hz,Episodic proxy,4,6.0,8.0,0.0005541132798524,0.0005528512449914,0.0005531386744203,0.0005530216393768,0.0003052828333624,2.2273447647073485,2.230485693602976,0.0031409288956276
0.0,281,2Hz,Episodic proxy,5,8.0,10.0,0.0005541132951218,0.0005528512578495,0.0005531386744203,0.0005530216393768,0.0003052828333624,2.2273447647073485,2.230485693602976,0.0031409288956276
0.0,281,5Hz,Semantic proxy,1,0.0,2.0,0.0003880157731517,0.0003870318076673,0.0003873914141328,0.00038730453124,0.0003235992644287,1.29888477319665,1.2990268507713367,0.0001420775746867
0.0,281,5Hz,Semantic proxy,2,2.0,4.0,0.000387780725996,0.0003869591549593,0.0003873914141328,0.00038730453124,0.0003235992644287,1.29888477319665,1.2990268507713367,0.0001420775746867
0.0,281,5Hz,Semantic proxy,3,4.0,6.0,0.0003877874867088,0.0003869679665581,0.0003873914141328,0.00038730453124,0.0003235992644287,1.29888477319665,1.2990268507713367,0.0001420775746867
0.0,281,5Hz,Semantic proxy,4,6.0,8.0,0.0003877871950304,0.0003869675657606,0.0003873914141328,0.00038730453124,0.0003235992644287,1.29888477319665,1.2990268507713367,0.0001420775746867
0.0,281,5Hz,Semantic proxy,5,8.0,10.0,0.0003877871950291,0.0003869675657588,0.0003873914141328,0.00038730453124,0.0003235992644287,1.29888477319665,1.2990268507713367,0.0001420775746867
0.0,281,5Hz,Episodic proxy,1,0.0,2.0,0.0007577838426147,0.0007562983564786,0.0007568154148633,0.0007567693311571,8.785069294849162e-05,1.3959968784154833,1.3958050194381375,0.0001918589773457
0.0,281,5Hz,Episodic proxy,2,2.0,4.0,0.0007576491235521,0.0007562574964017,0.0007568154148633,0.0007567693311571,8.785069294849162e-05,1.3959968784154833,1.3958050194381375,0.0001918589773457
0.0,281,5Hz,Episodic proxy,3,4.0,6.0,0.0007576547922408,0.0007562647069942,0.0007568154148633,0.0007567693311571,8.785069294849162e-05,1.3959968784154833,1.3958050194381375,0.0001918589773457
0.0,281,5Hz,Episodic proxy,4,6.0,8.0,0.0007576549357557,0.0007562648339972,0.0007568154148633,0.0007567693311571,8.785069294849162e-05,1.3959968784154833,1.3958050194381375,0.0001918589773457
0.0,281,5Hz,Episodic proxy,5,8.0,10.0,0.0007576549357558,0.0007562648339974,0.0007568154148633,0.0007567693311571,8.785069294849162e-05,1.3959968784154833,1.3958050194381375,0.0001918589773457
0.0,313,2Hz,Semantic proxy,1,0.0,2.0,0.0002807606271116,0.0002797330602229,0.0002798946309965,0.0002797197700879,0.0009015885700075,2.1383760192130628,2.151920189779836,0.0135441705667731
0.0,313,2Hz,Semantic proxy,2,2.0,4.0,0.0002803071179179,0.0002796246158376,0.0002798946309965,0.0002797197700879,0.0009015885700075,2.1383760192130628,2.151920189779836,0.0135441705667731
0.0,313,2Hz,Semantic proxy,3,4.0,6.0,0.000280309861667,0.0002796274538798,0.0002798946309965,0.0002797197700879,0.0009015885700075,2.1383760192130628,2.151920189779836,0.0135441705667731
0.0,313,2Hz,Semantic proxy,4,6.0,8.0,0.0002803093642754,0.0002796269705483,0.0002798946309965,0.0002797197700879,0.0009015885700075,2.1383760192130628,2.151920189779836,0.0135441705667731
0.0,313,2Hz,Semantic proxy,5,8.0,10.0,0.000280309377072,0.0002796269824133,0.0002798946309965,0.0002797197700879,0.0009015885700075,2.1383760192130628,2.151920189779836,0.0135441705667731
0.0,313,2Hz,Episodic proxy,1,0.0,2.0,0.0005544224653523,0.0005529662676553,0.0005531383545191,0.0005530216521367,0.0003044151804848,2.2273610380674604,2.2304857242251055,0.003124686157645
0.0,313,2Hz,Episodic proxy,2,2.0,4.0,0.0005541110993922,0.000552848997874,0.0005531383545191,0.0005530216521367,0.0003044151804848,2.2273610380674604,2.2304857242251055,0.003124686157645
0.0,313,2Hz,Episodic proxy,3,4.0,6.0,0.0005541140778719,0.000552852045883,0.0005531383545191,0.0005530216521367,0.0003044151804848,2.2273610380674604,2.2304857242251055,0.003124686157645
0.0,313,2Hz,Episodic proxy,4,6.0,8.0,0.0005541133073107,0.0005528512717531,0.0005531383545191,0.0005530216521367,0.0003044151804848,2.2273610380674604,2.2304857242251055,0.003124686157645
0.0,313,2Hz,Episodic proxy,5,8.0,10.0,0.0005541132988137,0.0005528512621432,0.0005531383545191,0.0005530216521367,0.0003044151804848,2.2273610380674604,2.2304857242251055,0.003124686157645
0.0,313,5Hz,Semantic proxy,1,0.0,2.0,0.0003880151809206,0.0003870326401966,0.0003873911525397,0.0003873045311458,0.0003226254090034,1.2988871354934786,1.2990268505617153,0.0001397150682367
0.0,313,5Hz,Semantic proxy,2,2.0,4.0,0.0003877806367487,0.0003869590621918,0.0003873911525397,0.0003873045311458,0.0003226254090034,1.2988871354934786,1.2990268505617153,0.0001397150682367
0.0,313,5Hz,Semantic proxy,3,4.0,6.0,0.0003877874492609,0.0003869679222171,0.0003873911525397,0.0003873045311458,0.0003226254090034,1.2988871354934786,1.2990268505617153,0.0001397150682367
0.0,313,5Hz,Semantic proxy,4,6.0,8.0,0.0003877871950307,0.0003869675657607,0.0003873911525397,0.0003873045311458,0.0003226254090034,1.2988871354934786,1.2990268505617153,0.0001397150682367
0.0,313,5Hz,Semantic proxy,5,8.0,10.0,0.0003877871950305,0.0003869675657601,0.0003873911525397,0.0003873045311458,0.0003226254090034,1.2988871354934786,1.2990268505617153,0.0001397150682367
0.0,313,5Hz,Episodic proxy,1,0.0,2.0,0.0007577838768667,0.0007562993588565,0.0007568154195013,0.0007567693311245,8.785959641770548e-05,1.3959970379035949,1.3958050193014258,0.0001920186021691
0.0,313,5Hz,Episodic proxy,2,2.0,4.0,0.0007576491106722,0.0007562574854846,0.0007568154195013,0.0007567693311245,8.785959641770548e-05,1.3959970379035949,1.3958050193014258,0.0001920186021691
0.0,313,5Hz,Episodic proxy,3,4.0,6.0,0.000757654703211,0.0007562646124677,0.0007568154195013,0.0007567693311245,8.785959641770548e-05,1.3959970379035949,1.3958050193014258,0.0001920186021691
0.0,313,5Hz,Episodic proxy,4,6.0,8.0,0.0007576549357559,0.0007562648339974,0.0007568154195013,0.0007567693311245,8.785959641770548e-05,1.3959970379035949,1.3958050193014258,0.0001920186021691
0.0,313,5Hz,Episodic proxy,5,8.0,10.0,0.0007576549357561,0.0007562648339977,0.0007568154195013,0.0007567693311245,8.785959641770548e-05,1.3959970379035949,1.3958050193014258,0.0001920186021691
0.0,347,2Hz,Semantic proxy,1,0.0,2.0,0.0002807597412774,0.0002797331755056,0.0002798943663461,0.0002797197671569,0.0009002395669178,2.138401548948993,2.1519201980098988,0.0135186490609058
0.0,347,2Hz,Semantic proxy,2,2.0,4.0,0.0002803071102187,0.0002796245962055,0.0002798943663461,0.0002797197671569,0.0009002395669178,2.138401548948993,2.1519201980098988,0.0135186490609058
0.0,347,2Hz,Semantic proxy,3,4.0,6.0,0.0002803097952979,0.0002796273863077,0.0002798943663461,0.0002797197671569,0.0009002395669178,2.138401548948993,2.1519201980098988,0.0135186490609058
0.0,347,2Hz,Semantic proxy,4,6.0,8.0,0.0002803093493487,0.0002796269564474,0.0002798943663461,0.0002797197671569,0.0009002395669178,2.138401548948993,2.1519201980098988,0.0135186490609058
0.0,347,2Hz,Semantic proxy,5,8.0,10.0,0.0002803093793681,0.0002796269842072,0.0002798943663461,0.0002797197671569,0.0009002395669178,2.138401548948993,2.1519201980098988,0.0135186490609058
0.0,347,2Hz,Episodic proxy,1,0.0,2.0,0.0005544222344961,0.0005529663133149,0.0005531383405454,0.0005530216393719,0.0003044120343985,2.2273563837015597,2.2304856942489213,0.0031293105473615
0.0,347,2Hz,Episodic proxy,2,2.0,4.0,0.0005541111434599,0.0005528490260723,0.0005531383405454,0.0005530216393719,0.0003044120343985,2.2273563837015597,2.2304856942489213,0.0031293105473615
0.0,347,2Hz,Episodic proxy,3,4.0,6.0,0.0005541139578828,0.0005528519252547,0.0005531383405454,0.0005530216393719,0.0003044120343985,2.2273563837015597,2.2304856942489213,0.0031293105473615
0.0,347,2Hz,Episodic proxy,4,6.0,8.0,0.0005541132798522,0.0005528512449912,0.0005531383405454,0.0005530216393719,0.0003044120343985,2.2273563837015597,2.2304856942489213,0.0031293105473615
0.0,347,2Hz,Episodic proxy,5,8.0,10.0,0.000554113295122,0.0005528512578497,0.0005531383405454,0.0005530216393719,0.0003044120343985,2.2273563837015597,2.2304856942489213,0.0031293105473615
0.0,347,5Hz,Semantic proxy,1,0.0,2.0,0.0003880153747644,0.0003870320039999,0.0003873913448569,0.0003873045312512,0.0003233412302972,1.298888910745023,1.299026851526679,0.0001379407816559
0.0,347,5Hz,Semantic proxy,2,2.0,4.0,0.0003877808646625,0.0003869593423349,0.0003873913448569,0.0003873045312512,0.0003233412302972,1.298888910745023,1.299026851526679,0.0001379407816559
0.0,347,5Hz,Semantic proxy,3,4.0,6.0,0.0003877874951748,0.0003869679790622,0.0003873913448569,0.0003873045312512,0.0003233412302972,1.298888910745023,1.299026851526679,0.0001379407816559
0.0,347,5Hz,Semantic proxy,4,6.0,8.0,0.0003877871950327,0.0003869675657629,0.0003873913448569,0.0003873045312512,0.0003233412302972,1.298888910745023,1.299026851526679,0.0001379407816559
0.0,347,5Hz,Semantic proxy,5,8.0,10.0,0.0003877871950295,0.0003869675657592,0.0003873913448569,0.0003873045312512,0.0003233412302972,1.298888910745023,1.299026851526679,0.0001379407816559
0.0,347,5Hz,Episodic proxy,1,0.0,2.0,0.0007577835622298,0.0007562987792445,0.0007568155079946,0.0007567693311198,8.80282975655364e-05,1.395999526530816,1.3958050196876457,0.0001945068431703
0.0,347,5Hz,Episodic proxy,2,2.0,4.0,0.0007576494696045,0.0007562579012569,0.0007568155079946,0.0007567693311198,8.80282975655364e-05,1.395999526530816,1.3958050196876457,0.0001945068431703
0.0,347,5Hz,Episodic proxy,3,4.0,6.0,0.000757654848443,0.0007562647653645,0.0007568155079946,0.0007567693311198,8.80282975655364e-05,1.395999526530816,1.3958050196876457,0.0001945068431703
0.0,347,5Hz,Episodic proxy,4,6.0,8.0,0.0007576549357554,0.0007562648339969,0.0007568155079946,0.0007567693311198,8.80282975655364e-05,1.395999526530816,1.3958050196876457,0.0001945068431703
0.0,347,5Hz,Episodic proxy,5,8.0,10.0,0.0007576549357556,0.0007562648339972,0.0007568155079946,0.0007567693311198,8.80282975655364e-05,1.395999526530816,1.3958050196876457,0.0001945068431703
0.0,383,2Hz,Semantic proxy,1,0.0,2.0,0.0002807571630654,0.0002797331348083,0.0002798932269353,0.000279719767163,0.0008943665137666,2.138498209322063,2.1519201803714045,0.0134219710493415
0.0,383,2Hz,Semantic proxy,2,2.0,4.0,0.0002803072194201,0.0002796247046018,0.0002798932269353,0.000279719767163,0.0008943665137666,2.138498209322063,2.1519201803714045,0.0134219710493415
0.0,383,2Hz,Semantic proxy,3,4.0,6.0,0.0002803094405503,0.0002796270404198,0.0002798932269353,0.000279719767163,0.0008943665137666,2.138498209322063,2.1519201803714045,0.0134219710493415
0.0,383,2Hz,Semantic proxy,4,6.0,8.0,0.0002803093493504,0.0002796269564493,0.0002798932269353,0.000279719767163,0.0008943665137666,2.138498209322063,2.1519201803714045,0.0134219710493415
0.0,383,2Hz,Semantic proxy,5,8.0,10.0,0.0002803093793681,0.0002796269842072,0.0002798932269353,0.000279719767163,0.0008943665137666,2.138498209322063,2.1519201803714045,0.0134219710493415
0.0,383,2Hz,Episodic proxy,1,0.0,2.0,0.0005544210120185,0.0005529664602893,0.0005531375561298,0.000553021639622,0.0003023654684017,2.2273815121005116,2.230485684368418,0.0031041722679066
0.0,383,2Hz,Episodic proxy,2,2.0,4.0,0.0005541112195655,0.000552849096497,0.0005531375561298,0.000553021639622,0.0003023654684017,2.2273815121005116,2.230485684368418,0.0031041722679066
0.0,383,2Hz,Episodic proxy,3,4.0,6.0,0.0005541134253884,0.0005528513953337,0.0005531375561298,0.000553021639622,0.0003023654684017,2.2273815121005116,2.230485684368418,0.0031041722679066
0.0,383,2Hz,Episodic proxy,4,6.0,8.0,0.0005541132798526,0.0005528512449915,0.0005531375561298,0.000553021639622,0.0003023654684017,2.2273815121005116,2.230485684368418,0.0031041722679066
0.0,383,2Hz,Episodic proxy,5,8.0,10.0,0.0005541132951215,0.0005528512578492,0.0005531375561298,0.000553021639622,0.0003023654684017,2.2273815121005116,2.230485684368418,0.0031041722679066
0.0,383,5Hz,Semantic proxy,1,0.0,2.0,0.0003880146307385,0.0003870317571006,0.0003873910854003,0.0003873045315846,0.000322373738749,1.29889124903326,1.2990268428977263,0.0001355938644662
0.0,383,5Hz,Semantic proxy,2,2.0,4.0,0.0003877808746656,0.0003869593628899,0.0003873910854003,0.0003873045315846,0.000322373738749,1.29889124903326,1.2990268428977263,0.0001355938644662
0.0,383,5Hz,Semantic proxy,3,4.0,6.0,0.0003877876090874,0.0003869680536132,0.0003873910854003,0.0003873045315846,0.000322373738749,1.29889124903326,1.2990268428977263,0.0001355938644662
0.0,383,5Hz,Semantic proxy,4,6.0,8.0,0.0003877871950282,0.0003869675657579,0.0003873910854003,0.0003873045315846,0.000322373738749,1.29889124903326,1.2990268428977263,0.0001355938644662
0.0,383,5Hz,Semantic proxy,5,8.0,10.0,0.0003877871950297,0.0003869675657596,0.0003873910854003,0.0003873045315846,0.000322373738749,1.29889124903326,1.2990268428977263,0.0001355938644662
0.0,383,5Hz,Episodic proxy,1,0.0,2.0,0.0007577826318342,0.0007562978070151,0.0007568151662335,0.0007567693318211,8.737547142290067e-05,1.395998875628441,1.3958050169733685,0.0001938586550724
0.0,383,5Hz,Episodic proxy,2,2.0,4.0,0.000757649548411,0.0007562580054803,0.0007568151662335,0.0007567693318211,8.737547142290067e-05,1.395998875628441,1.3958050169733685,0.0001938586550724
0.0,383,5Hz,Episodic proxy,3,4.0,6.0,0.0007576549222876,0.000756264825576,0.0007568151662335,0.0007567693318211,8.737547142290067e-05,1.395998875628441,1.3958050169733685,0.0001938586550724
0.0,383,5Hz,Episodic proxy,4,6.0,8.0,0.0007576549357538,0.0007562648339953,0.0007568151662335,0.0007567693318211,8.737547142290067e-05,1.395998875628441,1.3958050169733685,0.0001938586550724
0.0,383,5Hz,Episodic proxy,5,8.0,10.0,0.0007576549357546,0.0007562648339962,0.0007568151662335,0.0007567693318211,8.737547142290067e-05,1.395998875628441,1.3958050169733685,0.0001938586550724
0.0,421,2Hz,Semantic proxy,1,0.0,2.0,0.0002807635659731,0.0002797326530804,0.0002798954293862,0.0002797197670385,0.000905719529378,2.1382442368478003,2.151920188385783,0.0136759515379827
0.0,421,2Hz,Semantic proxy,2,2.0,4.0,0.0002803071095709,0.0002796246177335,0.0002798954293862,0.0002797197670385,0.000905719529378,2.1382442368478003,2.151920188385783,0.0136759515379827
0.0,421,2Hz,Semantic proxy,3,4.0,6.0,0.0002803094566381,0.0002796270574635,0.0002798954293862,0.0002797197670385,0.000905719529378,2.1382442368478003,2.151920188385783,0.0136759515379827
0.0,421,2Hz,Semantic proxy,4,6.0,8.0,0.0002803093493481,0.000279626956447,0.0002798954293862,0.0002797197670385,0.000905719529378,2.1382442368478003,2.151920188385783,0.0136759515379827
0.0,421,2Hz,Semantic proxy,5,8.0,10.0,0.0002803093793681,0.0002796269842072,0.0002798954293862,0.0002797197670385,0.000905719529378,2.1382442368478003,2.151920188385783,0.0136759515379827
0.0,421,2Hz,Episodic proxy,1,0.0,2.0,0.000554424661539,0.0005529666269682,0.0005531386814486,0.0005530216396013,0.000305300579087,2.227324670774419,2.2304856846756445,0.003161013901225
0.0,421,2Hz,Episodic proxy,2,2.0,4.0,0.0005541111226112,0.0005528490395923,0.0005531386814486,0.0005530216396013,0.000305300579087,2.227324670774419,2.2304856846756445,0.003161013901225
0.0,421,2Hz,Episodic proxy,3,4.0,6.0,0.0005541133999856,0.0005528513692843,0.0005531386814486,0.0005530216396013,0.000305300579087,2.227324670774419,2.2304856846756445,0.003161013901225
0.0,421,2Hz,Episodic proxy,4,6.0,8.0,0.0005541132798538,0.0005528512449927,0.0005531386814486,0.0005530216396013,0.000305300579087,2.227324670774419,2.2304856846756445,0.003161013901225
0.0,421,2Hz,Episodic proxy,5,8.0,10.0,0.0005541132951218,0.0005528512578495,0.0005531386814486,0.0005530216396013,0.000305300579087,2.227324670774419,2.2304856846756445,0.003161013901225
0.0,421,5Hz,Semantic proxy,1,0.0,2.0,0.000388018208018,0.0003870334325336,0.0003873923367738,0.0003873045312292,0.0003270353336218,1.298878434497797,1.2990268450803062,0.0001484105825091
0.0,421,5Hz,Semantic proxy,2,2.0,4.0,0.0003877805148824,0.0003869589001502,0.0003873923367738,0.0003873045312292,0.0003270353336218,1.298878434497797,1.2990268450803062,0.0001484105825091
0.0,421,5Hz,Semantic proxy,3,4.0,6.0,0.0003877875715026,0.0003869680069638,0.0003873923367738,0.0003873045312292,0.0003270353336218,1.298878434497797,1.2990268450803062,0.0001484105825091
0.0,421,5Hz,Semantic proxy,4,6.0,8.0,0.000387787195027,0.0003869675657565,0.0003873923367738,0.0003873045312292,0.0003270353336218,1.298878434497797,1.2990268450803062,0.0001484105825091
0.0,421,5Hz,Semantic proxy,5,8.0,10.0,0.0003877871950294,0.000386967565759,0.0003873923367738,0.0003873045312292,0.0003270353336218,1.298878434497797,1.2990268450803062,0.0001484105825091
0.0,421,5Hz,Episodic proxy,1,0.0,2.0,0.0007577861913853,0.000756300789906,0.0007568162601606,0.0007567693316283,8.946115934688359e-05,1.3959956795397277,1.3958050176570318,0.0001906618826958
0.0,421,5Hz,Episodic proxy,2,2.0,4.0,0.0007576487598932,0.0007562570830498,0.0007568162601606,0.0007567693316283,8.946115934688359e-05,1.3959956795397277,1.3958050176570318,0.0001906618826958
0.0,421,5Hz,Episodic proxy,3,4.0,6.0,0.0007576549477247,0.0007562648491524,0.0007568162601606,0.0007567693316283,8.946115934688359e-05,1.3959956795397277,1.3958050176570318,0.0001906618826958
0.0,421,5Hz,Episodic proxy,4,6.0,8.0,0.0007576549357556,0.0007562648339972,0.0007568162601606,0.0007567693316283,8.946115934688359e-05,1.3959956795397277,1.3958050176570318,0.0001906618826958
0.0,421,5Hz,Episodic proxy,5,8.0,10.0,0.0007576549357557,0.0007562648339973,0.0007568162601606,0.0007567693316283,8.946115934688359e-05,1.3959956795397277,1.3958050176570318,0.0001906618826958
0.0,461,2Hz,Semantic proxy,1,0.0,2.0,0.0002807602252031,0.0002797322252548,0.0002798943221183,0.0002797197701475,0.000899996173009,2.138365695029147,2.1519201873256693,0.0135544922965222
0.0,461,2Hz,Semantic proxy,2,2.0,4.0,0.0002803070445588,0.0002796245413905,0.0002798943221183,0.0002797197701475,0.000899996173009,2.138365695029147,2.1519201873256693,0.0135544922965222
0.0,461,2Hz,Semantic proxy,3,4.0,6.0,0.0002803098291249,0.000279627420569,0.0002798943221183,0.0002797197701475,0.000899996173009,2.138365695029147,2.1519201873256693,0.0135544922965222
0.0,461,2Hz,Semantic proxy,4,6.0,8.0,0.0002803093642683,0.0002796269705413,0.0002798943221183,0.0002797197701475,0.000899996173009,2.138365695029147,2.1519201873256693,0.0135544922965222
0.0,461,2Hz,Semantic proxy,5,8.0,10.0,0.000280309377072,0.0002796269824133,0.0002798943221183,0.0002797197701475,0.000899996173009,2.138365695029147,2.1519201873256693,0.0135544922965222
0.0,461,2Hz,Episodic proxy,1,0.0,2.0,0.0005544221041459,0.0005529655699382,0.0005531380446915,0.0005530216521593,0.000303607029106,2.227358939583603,2.2304857242014595,0.0031267846178564
0.0,461,2Hz,Episodic proxy,2,2.0,4.0,0.0005541110090852,0.0005528489074262,0.0005531380446915,0.0005530216521593,0.000303607029106,2.227358939583603,2.2304857242014595,0.0031267846178564
0.0,461,2Hz,Episodic proxy,3,4.0,6.0,0.0005541140151872,0.0005528519826776,0.0005531380446915,0.0005530216521593,0.000303607029106,2.227358939583603,2.2304857242014595,0.0031267846178564
0.0,461,2Hz,Episodic proxy,4,6.0,8.0,0.0005541133073109,0.0005528512717533,0.0005531380446915,0.0005530216521593,0.000303607029106,2.227358939583603,2.2304857242014595,0.0031267846178564
0.0,461,2Hz,Episodic proxy,5,8.0,10.0,0.0005541132988139,0.0005528512621434,0.0005531380446915,0.0005530216521593,0.000303607029106,2.227358939583603,2.2304857242014595,0.0031267846178564
0.0,461,5Hz,Semantic proxy,1,0.0,2.0,0.0003880157321471,0.0003870325540425,0.0003873913572631,0.00038730453124,0.0003233874742905,1.2988863607180183,1.2990268507770524,0.000140490059034
0.0,461,5Hz,Semantic proxy,2,2.0,4.0,0.0003877806052667,0.0003869590237372,0.0003873913572631,0.00038730453124,0.0003233874742905,1.2988863607180183,1.2990268507770524,0.000140490059034
0.0,461,5Hz,Semantic proxy,3,4.0,6.0,0.0003877874871979,0.0003869679671059,0.0003873913572631,0.00038730453124,0.0003233874742905,1.2988863607180183,1.2990268507770524,0.000140490059034
0.0,461,5Hz,Semantic proxy,4,6.0,8.0,0.0003877871950303,0.0003869675657605,0.0003873913572631,0.00038730453124,0.0003233874742905,1.2988863607180183,1.2990268507770524,0.000140490059034
0.0,461,5Hz,Semantic proxy,5,8.0,10.0,0.0003877871950291,0.0003869675657588,0.0003873913572631,0.00038730453124,0.0003233874742905,1.2988863607180183,1.2990268507770524,0.000140490059034
0.0,461,5Hz,Episodic proxy,1,0.0,2.0,0.0007577835083884,0.000756298666674,0.0007568152588122,0.0007567693311565,8.755321835686873e-05,1.3959973251304325,1.395805019437537,0.0001923056928949
0.0,461,5Hz,Episodic proxy,2,2.0,4.0,0.0007576490329825,0.0007562573975613,0.0007568152588122,0.0007567693311565,8.755321835686873e-05,1.3959973251304325,1.395805019437537,0.0001923056928949
0.0,461,5Hz,Episodic proxy,3,4.0,6.0,0.0007576547924509,0.0007562647072238,0.0007568152588122,0.0007567693311565,8.755321835686873e-05,1.3959973251304325,1.395805019437537,0.0001923056928949
0.0,461,5Hz,Episodic proxy,4,6.0,8.0,0.0007576549357555,0.0007562648339971,0.0007568152588122,0.0007567693311565,8.755321835686873e-05,1.3959973251304325,1.395805019437537,0.0001923056928949
0.0,461,5Hz,Episodic proxy,5,8.0,10.0,0.0007576549357558,0.0007562648339974,0.0007568152588122,0.0007567693311565,8.755321835686873e-05,1.3959973251304325,1.395805019437537,0.0001923056928949
0.0,503,2Hz,Semantic proxy,1,0.0,2.0,0.0002807626112935,0.0002797330150124,0.0002798952046869,0.000279719767219,0.0009045604066193,2.1382851856225926,2.151920193176542,0.0136350075539493
0.0,503,2Hz,Semantic proxy,2,2.0,4.0,0.0002803069896147,0.0002796244942964,0.0002798952046869,0.000279719767219,0.0009045604066193,2.1382851856225926,2.151920193176542,0.0136350075539493
0.0,503,2Hz,Semantic proxy,3,4.0,6.0,0.0002803097968424,0.000279627386504,0.0002798952046869,0.000279719767219,0.0009045604066193,2.1382851856225926,2.151920193176542,0.0136350075539493
0.0,503,2Hz,Semantic proxy,4,6.0,8.0,0.0002803093493506,0.0002796269564494,0.0002798952046869,0.000279719767219,0.0009045604066193,2.1382851856225926,2.151920193176542,0.0136350075539493
0.0,503,2Hz,Semantic proxy,5,8.0,10.0,0.0002803093793681,0.0002796269842072,0.0002798952046869,0.000279719767219,0.0009045604066193,2.1382851856225926,2.151920193176542,0.0136350075539493
0.0,503,2Hz,Episodic proxy,1,0.0,2.0,0.0005544238377001,0.0005529669840329,0.0005531386219803,0.0005530216394144,0.0003051459615898,2.2273459823709123,2.230485693411083,0.0031397110401707
0.0,503,2Hz,Episodic proxy,2,2.0,4.0,0.0005541109974256,0.0005528489132368,0.0005531386219803,0.0005530216394144,0.0003051459615898,2.2273459823709123,2.230485693411083,0.0031397110401707
0.0,503,2Hz,Episodic proxy,3,4.0,6.0,0.0005541139751771,0.000552851940749,0.0005531386219803,0.0005530216394144,0.0003051459615898,2.2273459823709123,2.230485693411083,0.0031397110401707
0.0,503,2Hz,Episodic proxy,4,6.0,8.0,0.0005541132798527,0.0005528512449916,0.0005531386219803,0.0005530216394144,0.0003051459615898,2.2273459823709123,2.230485693411083,0.0031397110401707
0.0,503,2Hz,Episodic proxy,5,8.0,10.0,0.0005541132951215,0.0005528512578493,0.0005531386219803,0.0005530216394144,0.0003051459615898,2.2273459823709123,2.230485693411083,0.0031397110401707
0.0,503,5Hz,Semantic proxy,1,0.0,2.0,0.0003880171523941,0.0003870325835564,0.0003873918620829,0.0003873045313734,0.0003252669902498,1.298882193813681,1.2990268507592957,0.0001446569456144
0.0,503,5Hz,Semantic proxy,2,2.0,4.0,0.000387780403551,0.0003869587502542,0.0003873918620829,0.0003873045313734,0.0003252669902498,1.298882193813681,1.2990268507592957,0.0001446569456144
0.0,503,5Hz,Semantic proxy,3,4.0,6.0,0.0003877875324716,0.0003869680328422,0.0003873918620829,0.0003873045313734,0.0003252669902498,1.298882193813681,1.2990268507592957,0.0001446569456144
0.0,503,5Hz,Semantic proxy,4,6.0,8.0,0.0003877871950341,0.0003869675657645,0.0003873918620829,0.0003873045313734,0.0003252669902498,1.298882193813681,1.2990268507592957,0.0001446569456144
0.0,503,5Hz,Semantic proxy,5,8.0,10.0,0.0003877871950303,0.0003869675657603,0.0003873918620829,0.0003873045313734,0.0003252669902498,1.298882193813681,1.2990268507592957,0.0001446569456144
0.0,503,5Hz,Episodic proxy,1,0.0,2.0,0.0007577849171995,0.0007562997029591,0.0007568156829478,0.0007567693311979,8.836165670138545e-05,1.395997399496429,1.3958050196233307,0.0001923798730982
0.0,503,5Hz,Episodic proxy,2,2.0,4.0,0.0007576485947515,0.0007562568813903,0.0007568156829478,0.0007567693311979,8.836165670138545e-05,1.395997399496429,1.3958050196233307,0.0001923798730982
0.0,503,5Hz,Episodic proxy,3,4.0,6.0,0.0007576549038833,0.0007562648346552,0.0007568156829478,0.0007567693311979,8.836165670138545e-05,1.395997399496429,1.3958050196233307,0.0001923798730982
0.0,503,5Hz,Episodic proxy,4,6.0,8.0,0.0007576549357557,0.0007562648339973,0.0007568156829478,0.0007567693311979,8.836165670138545e-05,1.395997399496429,1.3958050196233307,0.0001923798730982
0.0,503,5Hz,Episodic proxy,5,8.0,10.0,0.0007576549357558,0.0007562648339974,0.0007568156829478,0.0007567693311979,8.836165670138545e-05,1.395997399496429,1.3958050196233307,0.0001923798730982
0.5,11,2Hz,Semantic proxy,1,0.0,2.0,0.1200296393167328,0.0046407986530633,0.5326502552074428,1.240747972933281,1.2199496402122088,0.1161834975115667,0.1887547736716888,0.072571276160122
0.5,11,2Hz,Semantic proxy,2,2.0,4.0,0.5002412841416647,0.0177450930138177,0.5326502552074428,1.240747972933281,1.2199496402122088,0.1161834975115667,0.1887547736716888,0.072571276160122
0.5,11,2Hz,Semantic proxy,3,4.0,6.0,1.1284864867697908,0.0341305392651858,0.5326502552074428,1.240747972933281,1.2199496402122088,0.1161834975115667,0.1887547736716888,0.072571276160122
0.5,11,2Hz,Semantic proxy,4,6.0,8.0,1.2927812790526392,0.0195431220356154,0.5326502552074428,1.240747972933281,1.2199496402122088,0.1161834975115667,0.1887547736716888,0.072571276160122
0.5,11,2Hz,Semantic proxy,5,8.0,10.0,1.0700413734023997,0.0324152930943487,0.5326502552074428,1.240747972933281,1.2199496402122088,0.1161834975115667,0.1887547736716888,0.072571276160122
0.5,11,2Hz,Episodic proxy,1,0.0,2.0,0.0921974252663849,0.0046522462138003,0.2336645043331519,0.4835724284708972,1.0492933968805715,0.1408067646418894,0.2175533194822672,0.0767465548403777
0.5,11,2Hz,Episodic proxy,2,2.0,4.0,0.1858853277079337,0.0055020483226357,0.2336645043331519,0.4835724284708972,1.0492933968805715,0.1408067646418894,0.2175533194822672,0.0767465548403777
0.5,11,2Hz,Episodic proxy,3,4.0,6.0,0.452754359487475,0.0111700305302654,0.2336645043331519,0.4835724284708972,1.0492933968805715,0.1408067646418894,0.2175533194822672,0.0767465548403777
0.5,11,2Hz,Episodic proxy,4,6.0,8.0,0.5266282719669634,0.0136622463846791,0.2336645043331519,0.4835724284708972,1.0492933968805715,0.1408067646418894,0.2175533194822672,0.0767465548403777
0.5,11,2Hz,Episodic proxy,5,8.0,10.0,0.3914916494184588,0.0137442553409003,0.2336645043331519,0.4835724284708972,1.0492933968805715,0.1408067646418894,0.2175533194822672,0.0767465548403777
0.5,11,5Hz,Semantic proxy,1,0.0,2.0,0.1232082096725494,0.0104210625759694,0.3054640455031129,0.6670386829083362,1.126767850289937,0.043450072331524,0.1131721012207834,0.0697220288892594
0.5,11,5Hz,Semantic proxy,2,2.0,4.0,0.3194747667425959,0.030955732741005,0.3054640455031129,0.6670386829083362,1.126767850289937,0.043450072331524,0.1131721012207834,0.0697220288892594
0.5,11,5Hz,Semantic proxy,3,4.0,6.0,0.5114968771981286,0.0362115988449992,0.3054640455031129,0.6670386829083362,1.126767850289937,0.043450072331524,0.1131721012207834,0.0697220288892594
0.5,11,5Hz,Semantic proxy,4,6.0,8.0,0.6226721739572901,0.0503767348116599,0.3054640455031129,0.6670386829083362,1.126767850289937,0.043450072331524,0.1131721012207834,0.0697220288892594
0.5,11,5Hz,Semantic proxy,5,8.0,10.0,0.7468126338640325,0.041609780568638,0.3054640455031129,0.6670386829083362,1.126767850289937,0.043450072331524,0.1131721012207834,0.0697220288892594
0.5,11,5Hz,Episodic proxy,1,0.0,2.0,0.0991155776236246,0.0094423763015637,0.227015422971166,0.3549676850445259,0.6448973782880452,0.0508873510474463,0.1257923676449571,0.0749050165975107
0.5,11,5Hz,Episodic proxy,2,2.0,4.0,0.2258250843606162,0.0254221868035136,0.227015422971166,0.3549676850445259,0.6448973782880452,0.0508873510474463,0.1257923676449571,0.0749050165975107
0.5,11,5Hz,Episodic proxy,3,4.0,6.0,0.3193388643716274,0.0248788602598668,0.227015422971166,0.3549676850445259,0.6448973782880452,0.0508873510474463,0.1257923676449571,0.0749050165975107
0.5,11,5Hz,Episodic proxy,4,6.0,8.0,0.3392313326285733,0.026263648564978,0.227015422971166,0.3549676850445259,0.6448973782880452,0.0508873510474463,0.1257923676449571,0.0749050165975107
0.5,11,5Hz,Episodic proxy,5,8.0,10.0,0.380731055783145,0.0260158702235517,0.227015422971166,0.3549676850445259,0.6448973782880452,0.0508873510474463,0.1257923676449571,0.0749050165975107
0.5,23,2Hz,Semantic proxy,1,0.0,2.0,0.0157181518158858,0.0004442898911109,0.1606458098350691,0.4050638405845668,1.3342659525190887,0.0517700389741206,0.0773230979479952,0.0255530589738746
0.5,23,2Hz,Semantic proxy,2,2.0,4.0,0.0978425958989176,0.0036456942741843,0.1606458098350691,0.4050638405845668,1.3342659525190887,0.0517700389741206,0.0773230979479952,0.0255530589738746
0.5,23,2Hz,Semantic proxy,3,4.0,6.0,0.3511613968827183,0.005873664045474,0.1606458098350691,0.4050638405845668,1.3342659525190887,0.0517700389741206,0.0773230979479952,0.0255530589738746
0.5,23,2Hz,Semantic proxy,4,6.0,8.0,0.3578468711403265,0.0035159722885986,0.1606458098350691,0.4050638405845668,1.3342659525190887,0.0517700389741206,0.0773230979479952,0.0255530589738746
0.5,23,2Hz,Semantic proxy,5,8.0,10.0,0.474261242305302,0.0052289723197009,0.1606458098350691,0.4050638405845668,1.3342659525190887,0.0517700389741206,0.0773230979479952,0.0255530589738746
0.5,23,2Hz,Episodic proxy,1,0.0,2.0,0.0138254172805738,0.0009904625712554,0.1025586541463648,0.236053358851009,1.2026637764493924,0.0590790132055509,0.0852731003503521,0.0261940871448012
0.5,23,2Hz,Episodic proxy,2,2.0,4.0,0.071265962549562,0.0014442754089482,0.1025586541463648,0.236053358851009,1.2026637764493924,0.0590790132055509,0.0852731003503521,0.0261940871448012
0.5,23,2Hz,Episodic proxy,3,4.0,6.0,0.2056645675415361,0.0043801830310796,0.1025586541463648,0.236053358851009,1.2026637764493924,0.0590790132055509,0.0852731003503521,0.0261940871448012
0.5,23,2Hz,Episodic proxy,4,6.0,8.0,0.2133908212480139,0.0035602641972408,0.1025586541463648,0.236053358851009,1.2026637764493924,0.0590790132055509,0.0852731003503521,0.0261940871448012
0.5,23,2Hz,Episodic proxy,5,8.0,10.0,0.271494737310429,0.0039498849348931,0.1025586541463648,0.236053358851009,1.2026637764493924,0.0590790132055509,0.0852731003503521,0.0261940871448012
0.5,23,5Hz,Semantic proxy,1,0.0,2.0,0.0189324719907404,0.0014548495025016,0.1238687759236211,0.3044134743916719,1.2972196512735523,0.0397099241931014,0.1035019219975982,0.0637919978044968
0.5,23,5Hz,Semantic proxy,2,2.0,4.0,0.0701452954344366,0.0085366889526333,0.1238687759236211,0.3044134743916719,1.2972196512735523,0.0397099241931014,0.1035019219975982,0.0637919978044968
0.5,23,5Hz,Semantic proxy,3,4.0,6.0,0.2728181774896024,0.0209846192131931,0.1238687759236211,0.3044134743916719,1.2972196512735523,0.0397099241931014,0.1035019219975982,0.0637919978044968
0.5,23,5Hz,Semantic proxy,4,6.0,8.0,0.2769323353517835,0.0251157920550253,0.1238687759236211,0.3044134743916719,1.2972196512735523,0.0397099241931014,0.1035019219975982,0.0637919978044968
0.5,23,5Hz,Semantic proxy,5,8.0,10.0,0.3334628235595009,0.0267363104112705,0.1238687759236211,0.3044134743916719,1.2972196512735523,0.0397099241931014,0.1035019219975982,0.0637919978044968
0.5,23,5Hz,Episodic proxy,1,0.0,2.0,0.0168493831539309,0.0016748447507378,0.0764532834864899,0.1864163983874075,1.2858784059786543,0.0734751434443684,0.1502032210860548,0.0767280776416864
0.5,23,5Hz,Episodic proxy,2,2.0,4.0,0.0480083730349126,0.0046091972282023,0.0764532834864899,0.1864163983874075,1.2858784059786543,0.0734751434443684,0.1502032210860548,0.0767280776416864
0.5,23,5Hz,Episodic proxy,3,4.0,6.0,0.1574899219993024,0.0159137275448658,0.0764532834864899,0.1864163983874075,1.2858784059786543,0.0734751434443684,0.1502032210860548,0.0767280776416864
0.5,23,5Hz,Episodic proxy,4,6.0,8.0,0.1664221016681313,0.0139459272411058,0.0764532834864899,0.1864163983874075,1.2858784059786543,0.0734751434443684,0.1502032210860548,0.0767280776416864
0.5,23,5Hz,Episodic proxy,5,8.0,10.0,0.212486785456523,0.0277813805659513,0.0764532834864899,0.1864163983874075,1.2858784059786543,0.0734751434443684,0.1502032210860548,0.0767280776416864
0.5,37,2Hz,Semantic proxy,1,0.0,2.0,0.0153154418717995,0.0004185804553731,0.0157686764532114,0.0226026651232403,0.5194313212531774,0.0297382842557986,0.0532357895910736,0.0234975053352749
0.5,37,2Hz,Semantic proxy,2,2.0,4.0,0.0142440317137257,0.000578873751742,0.0157686764532114,0.0226026651232403,0.5194313212531774,0.0297382842557986,0.0532357895910736,0.0234975053352749
0.5,37,2Hz,Semantic proxy,3,4.0,6.0,0.0207689610301494,0.0007457352730022,0.0157686764532114,0.0226026651232403,0.5194313212531774,0.0297382842557986,0.0532357895910736,0.0234975053352749
0.5,37,2Hz,Semantic proxy,4,6.0,8.0,0.0219608234754974,0.0004841944065759,0.0157686764532114,0.0226026651232403,0.5194313212531774,0.0297382842557986,0.0532357895910736,0.0234975053352749
0.5,37,2Hz,Semantic proxy,5,8.0,10.0,0.0228396753512274,0.0005958624361563,0.0157686764532114,0.0226026651232403,0.5194313212531774,0.0297382842557986,0.0532357895910736,0.0234975053352749
0.5,37,2Hz,Episodic proxy,1,0.0,2.0,0.0126353485828172,0.0008395903959101,0.0154959057664696,0.0299251516052586,0.9494714703150609,0.10998490922403,0.1099902802840439,5.371060013886764e-06
0.5,37,2Hz,Episodic proxy,2,2.0,4.0,0.0149866691801723,0.0009392383475463,0.0154959057664696,0.0299251516052586,0.9494714703150609,0.10998490922403,0.1099902802840439,5.371060013886764e-06
0.5,37,2Hz,Episodic proxy,3,4.0,6.0,0.0210085055393572,0.001005999799769,0.0154959057664696,0.0299251516052586,0.9494714703150609,0.10998490922403,0.1099902802840439,5.371060013886764e-06
0.5,37,2Hz,Episodic proxy,4,6.0,8.0,0.0290965432353641,0.0009935479587443,0.0154959057664696,0.0299251516052586,0.9494714703150609,0.10998490922403,0.1099902802840439,5.371060013886764e-06
0.5,37,2Hz,Episodic proxy,5,8.0,10.0,0.0346163522734174,0.0013312604543338,0.0154959057664696,0.0299251516052586,0.9494714703150609,0.10998490922403,0.1099902802840439,5.371060013886764e-06
0.5,37,5Hz,Semantic proxy,1,0.0,2.0,0.0140312664869924,0.0010769603582259,0.0146626402979071,0.1348770550750481,3.2014281240203943,0.0289535717274043,-0.0009301282934846,0.0298837000208889
0.5,37,5Hz,Semantic proxy,2,2.0,4.0,0.0120190468797876,0.0006828060088678,0.0146626402979071,0.1348770550750481,3.2014281240203943,0.0289535717274043,-0.0009301282934846,0.0298837000208889
0.5,37,5Hz,Semantic proxy,3,4.0,6.0,0.0278055624007539,0.0027796272949359,0.0146626402979071,0.1348770550750481,3.2014281240203943,0.0289535717274043,-0.0009301282934846,0.0298837000208889
0.5,37,5Hz,Semantic proxy,4,6.0,8.0,0.1235738980861462,0.0113851261374952,0.0146626402979071,0.1348770550750481,3.2014281240203943,0.0289535717274043,-0.0009301282934846,0.0298837000208889
0.5,37,5Hz,Semantic proxy,5,8.0,10.0,0.1590086781098396,0.0122154259346348,0.0146626402979071,0.1348770550750481,3.2014281240203943,0.0289535717274043,-0.0009301282934846,0.0298837000208889
0.5,37,5Hz,Episodic proxy,1,0.0,2.0,0.0141498172551241,0.0015337426840241,0.0163531343870449,0.1157914712408026,2.8238899067226977,0.0964074543289985,0.0151158267514617,0.0812916275775367
0.5,37,5Hz,Episodic proxy,2,2.0,4.0,0.0132549007829739,0.0013566161137891,0.0163531343870449,0.1157914712408026,2.8238899067226977,0.0964074543289985,0.0151158267514617,0.0812916275775367
0.5,37,5Hz,Episodic proxy,3,4.0,6.0,0.026166463677545,0.0030033715326024,0.0163531343870449,0.1157914712408026,2.8238899067226977,0.0964074543289985,0.0151158267514617,0.0812916275775367
0.5,37,5Hz,Episodic proxy,4,6.0,8.0,0.1097800977534614,0.0170226767228226,0.0163531343870449,0.1157914712408026,2.8238899067226977,0.0964074543289985,0.0151158267514617,0.0812916275775367
0.5,37,5Hz,Episodic proxy,5,8.0,10.0,0.1344390870165781,0.0128837082010113,0.0163531343870449,0.1157914712408026,2.8238899067226977,0.0964074543289985,0.0151158267514617,0.0812916275775367
0.5,53,2Hz,Semantic proxy,1,0.0,2.0,0.0138230573046644,0.0005431813858683,0.0182974288002236,0.6642309589521441,5.181972129768099,-0.02419598800429,0.0519281899744794,0.0761241779787695
0.5,53,2Hz,Semantic proxy,2,2.0,4.0,0.0189442784117657,0.0007675960526669,0.0182974288002236,0.6642309589521441,5.181972129768099,-0.02419598800429,0.0519281899744794,0.0761241779787695
0.5,53,2Hz,Semantic proxy,3,4.0,6.0,0.0295191257582837,0.0007089876957627,0.0182974288002236,0.6642309589521441,5.181972129768099,-0.02419598800429,0.0519281899744794,0.0761241779787695
0.5,53,2Hz,Semantic proxy,4,6.0,8.0,0.5273058250110653,0.010608032285508,0.0182974288002236,0.6642309589521441,5.181972129768099,-0.02419598800429,0.0519281899744794,0.0761241779787695
0.5,53,2Hz,Semantic proxy,5,8.0,10.0,0.9087381243942544,0.0151417510464517,0.0182974288002236,0.6642309589521441,5.181972129768099,-0.02419598800429,0.0519281899744794,0.0761241779787695
0.5,53,2Hz,Episodic proxy,1,0.0,2.0,0.0138380391941261,0.00099557904873,0.0193385956747272,0.4486940167588631,4.5361770076392345,0.0196702157250277,0.0630304542850073,0.0433602385599795
0.5,53,2Hz,Episodic proxy,2,2.0,4.0,0.0198630281289135,0.0009571537092926,0.0193385956747272,0.4486940167588631,4.5361770076392345,0.0196702157250277,0.0630304542850073,0.0433602385599795
0.5,53,2Hz,Episodic proxy,3,4.0,6.0,0.0354878946013651,0.0009236887454994,0.0193385956747272,0.4486940167588631,4.5361770076392345,0.0196702157250277,0.0630304542850073,0.0433602385599795
0.5,53,2Hz,Episodic proxy,4,6.0,8.0,0.2912531136385846,0.0058619428406844,0.0193385956747272,0.4486940167588631,4.5361770076392345,0.0196702157250277,0.0630304542850073,0.0433602385599795
0.5,53,2Hz,Episodic proxy,5,8.0,10.0,0.6454314147593178,0.0127959025591517,0.0193385956747272,0.4486940167588631,4.5361770076392345,0.0196702157250277,0.0630304542850073,0.0433602385599795
0.5,53,5Hz,Semantic proxy,1,0.0,2.0,0.0169715932436793,0.0011654222059835,0.0299518852505622,0.1735868780334628,2.5349391761332756,-0.0114541272001218,0.0040779824977286,0.0155321096978505
0.5,53,5Hz,Semantic proxy,2,2.0,4.0,0.0242099472027774,0.0019563770984026,0.0299518852505622,0.1735868780334628,2.5349391761332756,-0.0114541272001218,0.0040779824977286,0.0155321096978505
0.5,53,5Hz,Semantic proxy,3,4.0,6.0,0.0666366254680214,0.004146524575071,0.0299518852505622,0.1735868780334628,2.5349391761332756,-0.0114541272001218,0.0040779824977286,0.0155321096978505
0.5,53,5Hz,Semantic proxy,4,6.0,8.0,0.1712412432477701,0.0124575626268037,0.0299518852505622,0.1735868780334628,2.5349391761332756,-0.0114541272001218,0.0040779824977286,0.0155321096978505
0.5,53,5Hz,Semantic proxy,5,8.0,10.0,0.1948739017620107,0.0166079008312175,0.0299518852505622,0.1735868780334628,2.5349391761332756,-0.0114541272001218,0.0040779824977286,0.0155321096978505
0.5,53,5Hz,Episodic proxy,1,0.0,2.0,0.0176467394627689,0.0016383755685768,0.0277084728348069,0.1255811377697997,2.180220685033555,0.0167506143568744,0.0165619289403003,0.000188685416574
0.5,53,5Hz,Episodic proxy,2,2.0,4.0,0.0206132899010944,0.002376709461156,0.0277084728348069,0.1255811377697997,2.180220685033555,0.0167506143568744,0.0165619289403003,0.000188685416574
0.5,53,5Hz,Episodic proxy,3,4.0,6.0,0.0522719987918714,0.0029759616885671,0.0277084728348069,0.1255811377697997,2.180220685033555,0.0167506143568744,0.0165619289403003,0.000188685416574
0.5,53,5Hz,Episodic proxy,4,6.0,8.0,0.1228102010139251,0.0146402538016783,0.0277084728348069,0.1255811377697997,2.180220685033555,0.0167506143568744,0.0165619289403003,0.000188685416574
0.5,53,5Hz,Episodic proxy,5,8.0,10.0,0.1387761524814605,0.0146078609997906,0.0277084728348069,0.1255811377697997,2.180220685033555,0.0167506143568744,0.0165619289403003,0.000188685416574
0.5,71,2Hz,Semantic proxy,1,0.0,2.0,0.0750667245947465,0.0024821912326096,0.683988892578005,1.1793750909771614,0.7859778268926985,0.0179443592364038,0.0459153931496759,0.0279710339132721
0.5,71,2Hz,Semantic proxy,2,2.0,4.0,0.7214166140727226,0.021514150799738,0.683988892578005,1.1793750909771614,0.7859778268926985,0.0179443592364038,0.0459153931496759,0.0279710339132721
0.5,71,2Hz,Semantic proxy,3,4.0,6.0,1.2265501567470125,0.019988602838372,0.683988892578005,1.1793750909771614,0.7859778268926985,0.0179443592364038,0.0459153931496759,0.0279710339132721
0.5,71,2Hz,Semantic proxy,4,6.0,8.0,1.2391400824964822,0.00607531325324,0.683988892578005,1.1793750909771614,0.7859778268926985,0.0179443592364038,0.0459153931496759,0.0279710339132721
0.5,71,2Hz,Semantic proxy,5,8.0,10.0,1.1121068724783978,0.0153649492532196,0.683988892578005,1.1793750909771614,0.7859778268926985,0.0179443592364038,0.0459153931496759,0.0279710339132721
0.5,71,2Hz,Episodic proxy,1,0.0,2.0,0.0784062145773284,0.0028901867901494,0.3067825260243657,0.4892748752868702,0.6734288900102655,0.0218493622302088,0.0468993709062075,0.0250500086759986
0.5,71,2Hz,Episodic proxy,2,2.0,4.0,0.3483439756542172,0.0068633282875176,0.3067825260243657,0.4892748752868702,0.6734288900102655,0.0218493622302088,0.0468993709062075,0.0250500086759986
0.5,71,2Hz,Episodic proxy,3,4.0,6.0,0.483146159365057,0.0069424446756822,0.3067825260243657,0.4892748752868702,0.6734288900102655,0.0218493622302088,0.0468993709062075,0.0250500086759986
0.5,71,2Hz,Episodic proxy,4,6.0,8.0,0.5064782743841075,0.0067220971594763,0.3067825260243657,0.4892748752868702,0.6734288900102655,0.0218493622302088,0.0468993709062075,0.0250500086759986
0.5,71,2Hz,Episodic proxy,5,8.0,10.0,0.4756764128189367,0.0091153878843747,0.3067825260243657,0.4892748752868702,0.6734288900102655,0.0218493622302088,0.0468993709062075,0.0250500086759986
0.5,71,5Hz,Semantic proxy,1,0.0,2.0,0.0471521609415402,0.003315238562358,0.3163241523688025,1.0770460889353377,1.7676043673904225,-0.0225682734650661,0.0597182756973187,0.0822865491623848
0.5,71,5Hz,Semantic proxy,2,2.0,4.0,0.369257499265348,0.0265094154823837,0.3163241523688025,1.0770460889353377,1.7676043673904225,-0.0225682734650661,0.0597182756973187,0.0822865491623848
0.5,71,5Hz,Semantic proxy,3,4.0,6.0,0.5196875476030939,0.0205354603104444,0.3163241523688025,1.0770460889353377,1.7676043673904225,-0.0225682734650661,0.0597182756973187,0.0822865491623848
0.5,71,5Hz,Semantic proxy,4,6.0,8.0,0.7983303142884355,0.0486983471449846,0.3163241523688025,1.0770460889353377,1.7676043673904225,-0.0225682734650661,0.0597182756973187,0.0822865491623848
0.5,71,5Hz,Semantic proxy,5,8.0,10.0,1.4357534011221156,0.053452562556091,0.3163241523688025,1.0770460889353377,1.7676043673904225,-0.0225682734650661,0.0597182756973187,0.0822865491623848
0.5,71,5Hz,Episodic proxy,1,0.0,2.0,0.0504999963075019,0.0036311092440583,0.1672006794837783,0.4457413168884802,1.414625983823227,-0.0217920901125339,0.0855590119488087,0.1073511020613427
0.5,71,5Hz,Episodic proxy,2,2.0,4.0,0.1996169086303617,0.0166796768037149,0.1672006794837783,0.4457413168884802,1.414625983823227,-0.0217920901125339,0.0855590119488087,0.1073511020613427
0.5,71,5Hz,Episodic proxy,3,4.0,6.0,0.2481633074555545,0.0094352864223284,0.1672006794837783,0.4457413168884802,1.414625983823227,-0.0217920901125339,0.0855590119488087,0.1073511020613427
0.5,71,5Hz,Episodic proxy,4,6.0,8.0,0.363211913068751,0.0141020583679694,0.1672006794837783,0.4457413168884802,1.414625983823227,-0.0217920901125339,0.0855590119488087,0.1073511020613427
0.5,71,5Hz,Episodic proxy,5,8.0,10.0,0.5418066694470604,0.0131527202190488,0.1672006794837783,0.4457413168884802,1.414625983823227,-0.0217920901125339,0.0855590119488087,0.1073511020613427
0.5,89,2Hz,Semantic proxy,1,0.0,2.0,0.0122865436274241,0.0004586446729538,0.028197418709556,0.4728082547980039,4.0676202194404425,0.0236497383869049,0.1276807465524682,0.1040310081655633
0.5,89,2Hz,Semantic proxy,2,2.0,4.0,0.0198892792995314,0.0008409051012656,0.028197418709556,0.4728082547980039,4.0676202194404425,0.0236497383869049,0.1276807465524682,0.1040310081655633
0.5,89,2Hz,Semantic proxy,3,4.0,6.0,0.1146545461576499,0.0051148705253507,0.028197418709556,0.4728082547980039,4.0676202194404425,0.0236497383869049,0.1276807465524682,0.1040310081655633
0.5,89,2Hz,Semantic proxy,4,6.0,8.0,0.4863677297465707,0.0111780140659224,0.028197418709556,0.4728082547980039,4.0676202194404425,0.0236497383869049,0.1276807465524682,0.1040310081655633
0.5,89,2Hz,Semantic proxy,5,8.0,10.0,0.557877655792218,0.0088406742566961,0.028197418709556,0.4728082547980039,4.0676202194404425,0.0236497383869049,0.1276807465524682,0.1040310081655633
0.5,89,2Hz,Episodic proxy,1,0.0,2.0,0.0121686700559456,0.0009005619379573,0.0215057930489238,0.3144405986692138,3.8699902633992376,0.0740072337777625,0.1499636574001914,0.0759564236224288
0.5,89,2Hz,Episodic proxy,2,2.0,4.0,0.017560204668018,0.0009855496254586,0.0215057930489238,0.3144405986692138,3.8699902633992376,0.0740072337777625,0.1499636574001914,0.0759564236224288
0.5,89,2Hz,Episodic proxy,3,4.0,6.0,0.0706868774694435,0.0043034559503418,0.0215057930489238,0.3144405986692138,3.8699902633992376,0.0740072337777625,0.1499636574001914,0.0759564236224288
0.5,89,2Hz,Episodic proxy,4,6.0,8.0,0.3498453146108639,0.0084143227415569,0.0215057930489238,0.3144405986692138,3.8699902633992376,0.0740072337777625,0.1499636574001914,0.0759564236224288
0.5,89,2Hz,Episodic proxy,5,8.0,10.0,0.347589400972118,0.0064217437940661,0.0215057930489238,0.3144405986692138,3.8699902633992376,0.0740072337777625,0.1499636574001914,0.0759564236224288
0.5,89,5Hz,Semantic proxy,1,0.0,2.0,0.0107003209326747,0.0011045645662063,0.0250507429597533,0.2674306011860399,3.4162392607332497,0.0043751178137813,-0.0237797218273178,0.0281548396410991
0.5,89,5Hz,Semantic proxy,2,2.0,4.0,0.0175356726734458,0.0012368630029938,0.0250507429597533,0.2674306011860399,3.4162392607332497,0.0043751178137813,-0.0237797218273178,0.0281548396410991
0.5,89,5Hz,Semantic proxy,3,4.0,6.0,0.0940124555799855,0.0112815562086899,0.0250507429597533,0.2674306011860399,3.4162392607332497,0.0043751178137813,-0.0237797218273178,0.0281548396410991
0.5,89,5Hz,Semantic proxy,4,6.0,8.0,0.2501076306137307,0.0148904275733384,0.0250507429597533,0.2674306011860399,3.4162392607332497,0.0043751178137813,-0.0237797218273178,0.0281548396410991
0.5,89,5Hz,Semantic proxy,5,8.0,10.0,0.3240494726993434,0.0153357574112029,0.0250507429597533,0.2674306011860399,3.4162392607332497,0.0043751178137813,-0.0237797218273178,0.0281548396410991
0.5,89,5Hz,Episodic proxy,1,0.0,2.0,0.0113365803388802,0.0015129432159495,0.0175969921399333,0.1542135461866303,3.1315287431176664,0.0596887558588079,-0.0230033352986773,0.0826920911574852
0.5,89,5Hz,Episodic proxy,2,2.0,4.0,0.0143085222406068,0.00172016959192,0.0175969921399333,0.1542135461866303,3.1315287431176664,0.0596887558588079,-0.0230033352986773,0.0826920911574852
0.5,89,5Hz,Episodic proxy,3,4.0,6.0,0.0590717031954189,0.0049768627707343,0.0175969921399333,0.1542135461866303,3.1315287431176664,0.0596887558588079,-0.0230033352986773,0.0826920911574852
0.5,89,5Hz,Episodic proxy,4,6.0,8.0,0.1596179713424455,0.0069390109034839,0.0175969921399333,0.1542135461866303,3.1315287431176664,0.0596887558588079,-0.0230033352986773,0.0826920911574852
0.5,89,5Hz,Episodic proxy,5,8.0,10.0,0.1717051425657827,0.0097199498976142,0.0175969921399333,0.1542135461866303,3.1315287431176664,0.0596887558588079,-0.0230033352986773,0.0826920911574852
0.5,107,2Hz,Semantic proxy,1,0.0,2.0,0.0167211634540134,0.0007876791077557,0.0512356206367084,0.2037642619844613,1.9916819690696688,0.0552819174129194,0.0230957398430502,0.0321861775698692
0.5,107,2Hz,Semantic proxy,2,2.0,4.0,0.0598209924054712,0.0012281049289242,0.0512356206367084,0.2037642619844613,1.9916819690696688,0.0552819174129194,0.0230957398430502,0.0321861775698692
0.5,107,2Hz,Semantic proxy,3,4.0,6.0,0.0796588714440241,0.0013455891145024,0.0512356206367084,0.2037642619844613,1.9916819690696688,0.0552819174129194,0.0230957398430502,0.0321861775698692
0.5,107,2Hz,Semantic proxy,4,6.0,8.0,0.1295895707886387,0.0014628038981997,0.0512356206367084,0.2037642619844613,1.9916819690696688,0.0552819174129194,0.0230957398430502,0.0321861775698692
0.5,107,2Hz,Semantic proxy,5,8.0,10.0,0.284449706036757,0.0058489854256145,0.0512356206367084,0.2037642619844613,1.9916819690696688,0.0552819174129194,0.0230957398430502,0.0321861775698692
0.5,107,2Hz,Episodic proxy,1,0.0,2.0,0.0148771973148272,0.0011371507117749,0.0354075040840442,0.1895332567600466,2.4203239602495454,0.0953812952414669,0.0323325585576987,0.0630487366837681
0.5,107,2Hz,Episodic proxy,2,2.0,4.0,0.0426757817668685,0.001241508491255,0.0354075040840442,0.1895332567600466,2.4203239602495454,0.0953812952414669,0.0323325585576987,0.0630487366837681
0.5,107,2Hz,Episodic proxy,3,4.0,6.0,0.0422999947053342,0.001206424613601,0.0354075040840442,0.1895332567600466,2.4203239602495454,0.0953812952414669,0.0323325585576987,0.0630487366837681
0.5,107,2Hz,Episodic proxy,4,6.0,8.0,0.1325902043028393,0.0020485003905531,0.0354075040840442,0.1895332567600466,2.4203239602495454,0.0953812952414669,0.0323325585576987,0.0630487366837681
0.5,107,2Hz,Episodic proxy,5,8.0,10.0,0.2654778011628214,0.0071747268563803,0.0354075040840442,0.1895332567600466,2.4203239602495454,0.0953812952414669,0.0323325585576987,0.0630487366837681
0.5,107,5Hz,Semantic proxy,1,0.0,2.0,0.0192713189976955,0.0015053055107147,0.0395891051361191,0.0513170985243632,0.3743361452037365,0.0155774223652869,0.0910200872771253,0.0754426649118383
0.5,107,5Hz,Semantic proxy,2,2.0,4.0,0.0484521062222113,0.0032777718213174,0.0395891051361191,0.0513170985243632,0.3743361452037365,0.0155774223652869,0.0910200872771253,0.0754426649118383
0.5,107,5Hz,Semantic proxy,3,4.0,6.0,0.0443454671698271,0.0032666797419915,0.0395891051361191,0.0513170985243632,0.3743361452037365,0.0155774223652869,0.0910200872771253,0.0754426649118383
0.5,107,5Hz,Semantic proxy,4,6.0,8.0,0.0497869543280246,0.0039307050992473,0.0395891051361191,0.0513170985243632,0.3743361452037365,0.0155774223652869,0.0910200872771253,0.0754426649118383
0.5,107,5Hz,Semantic proxy,5,8.0,10.0,0.0517095295717334,0.0080441079597848,0.0395891051361191,0.0513170985243632,0.3743361452037365,0.0155774223652869,0.0910200872771253,0.0754426649118383
0.5,107,5Hz,Episodic proxy,1,0.0,2.0,0.0168895094102558,0.0015874081340445,0.0255831767644909,0.052110954614268,1.026391263061038,0.0670146182624779,0.1186128295892529,0.051598211326775
0.5,107,5Hz,Episodic proxy,2,2.0,4.0,0.0306896712913792,0.0022292090110686,0.0255831767644909,0.052110954614268,1.026391263061038,0.0670146182624779,0.1186128295892529,0.051598211326775
0.5,107,5Hz,Episodic proxy,3,4.0,6.0,0.0284821747656555,0.0020676770110799,0.0255831767644909,0.052110954614268,1.026391263061038,0.0670146182624779,0.1186128295892529,0.051598211326775
0.5,107,5Hz,Episodic proxy,4,6.0,8.0,0.0404272732747529,0.0031220244560738,0.0255831767644909,0.052110954614268,1.026391263061038,0.0670146182624779,0.1186128295892529,0.051598211326775
0.5,107,5Hz,Episodic proxy,5,8.0,10.0,0.0655087600080028,0.0082304952620872,0.0255831767644909,0.052110954614268,1.026391263061038,0.0670146182624779,0.1186128295892529,0.051598211326775
0.5,127,2Hz,Semantic proxy,1,0.0,2.0,0.0156133715900899,0.0004980386643679,0.0214089165411768,0.1369620752938436,2.677492776183955,0.0487775235091032,-0.0179573054268444,0.0667348289359476
0.5,127,2Hz,Semantic proxy,2,2.0,4.0,0.0177473156806287,0.0006830895783041,0.0214089165411768,0.1369620752938436,2.677492776183955,0.0487775235091032,-0.0179573054268444,0.0667348289359476
0.5,127,2Hz,Semantic proxy,3,4.0,6.0,0.0335591462154575,0.0015444296364877,0.0214089165411768,0.1369620752938436,2.677492776183955,0.0487775235091032,-0.0179573054268444,0.0667348289359476
0.5,127,2Hz,Semantic proxy,4,6.0,8.0,0.1465982591030979,0.0029484010848773,0.0214089165411768,0.1369620752938436,2.677492776183955,0.0487775235091032,-0.0179573054268444,0.0667348289359476
0.5,127,2Hz,Semantic proxy,5,8.0,10.0,0.1562040017379022,0.003165866178396,0.0214089165411768,0.1369620752938436,2.677492776183955,0.0487775235091032,-0.0179573054268444,0.0667348289359476
0.5,127,2Hz,Episodic proxy,1,0.0,2.0,0.0163587543680564,0.0009986588356329,0.0177872542313396,0.1103912730619082,2.6337103968337434,0.1228048928953917,-0.0026868602676276,0.1254917531630194
0.5,127,2Hz,Episodic proxy,2,2.0,4.0,0.0156564426338954,0.0010130590480421,0.0177872542313396,0.1103912730619082,2.6337103968337434,0.1228048928953917,-0.0026868602676276,0.1254917531630194
0.5,127,2Hz,Episodic proxy,3,4.0,6.0,0.0245042583800309,0.0018572830109232,0.0177872542313396,0.1103912730619082,2.6337103968337434,0.1228048928953917,-0.0026868602676276,0.1254917531630194
0.5,127,2Hz,Episodic proxy,4,6.0,8.0,0.1239968913740257,0.0017660492867734,0.0177872542313396,0.1103912730619082,2.6337103968337434,0.1228048928953917,-0.0026868602676276,0.1254917531630194
0.5,127,2Hz,Episodic proxy,5,8.0,10.0,0.1205686475148156,0.002885574359549,0.0177872542313396,0.1103912730619082,2.6337103968337434,0.1228048928953917,-0.0026868602676276,0.1254917531630194
0.5,127,5Hz,Semantic proxy,1,0.0,2.0,0.0228079514202375,0.0009641038879197,0.0214088686757755,0.0234486805720063,0.131298186007482,-0.0286941207411645,0.0465154101575445,0.0752095308987091
0.5,127,5Hz,Semantic proxy,2,2.0,4.0,0.017694567163403,0.001174885964673,0.0214088686757755,0.0234486805720063,0.131298186007482,-0.0286941207411645,0.0465154101575445,0.0752095308987091
0.5,127,5Hz,Semantic proxy,3,4.0,6.0,0.0204958116595624,0.0016530591557856,0.0214088686757755,0.0234486805720063,0.131298186007482,-0.0286941207411645,0.0465154101575445,0.0752095308987091
0.5,127,5Hz,Semantic proxy,4,6.0,8.0,0.0233020437022089,0.0022057355584981,0.0214088686757755,0.0234486805720063,0.131298186007482,-0.0286941207411645,0.0465154101575445,0.0752095308987091
0.5,127,5Hz,Semantic proxy,5,8.0,10.0,0.0228018517052798,0.0013631898182903,0.0214088686757755,0.0234486805720063,0.131298186007482,-0.0286941207411645,0.0465154101575445,0.0752095308987091
0.5,127,5Hz,Episodic proxy,1,0.0,2.0,0.0225390853479895,0.0018287314095484,0.0218024388035244,0.0297896761439006,0.4503229167755367,0.0051346833797681,0.0773571498186223,0.0722224664388541
0.5,127,5Hz,Episodic proxy,2,2.0,4.0,0.0190823772006847,0.0018119908606247,0.0218024388035244,0.0297896761439006,0.4503229167755367,0.0051346833797681,0.0773571498186223,0.0722224664388541
0.5,127,5Hz,Episodic proxy,3,4.0,6.0,0.0201168373101428,0.0014735032653798,0.0218024388035244,0.0297896761439006,0.4503229167755367,0.0051346833797681,0.0773571498186223,0.0722224664388541
0.5,127,5Hz,Episodic proxy,4,6.0,8.0,0.0316811291928352,0.0020126004758677,0.0218024388035244,0.0297896761439006,0.4503229167755367,0.0051346833797681,0.0773571498186223,0.0722224664388541
0.5,127,5Hz,Episodic proxy,5,8.0,10.0,0.030589755341925,0.0014110309983315,0.0218024388035244,0.0297896761439006,0.4503229167755367,0.0051346833797681,0.0773571498186223,0.0722224664388541
0.5,149,2Hz,Semantic proxy,1,0.0,2.0,0.0125250698639569,0.0004267530450173,0.0908884234573198,0.3503498633850215,1.9466278798388936,-0.0476315103368373,0.1022222036279634,0.1498537139648008
0.5,149,2Hz,Semantic proxy,2,2.0,4.0,0.0949512416564426,0.0035014178753381,0.0908884234573198,0.3503498633850215,1.9466278798388936,-0.0476315103368373,0.1022222036279634,0.1498537139648008
0.5,149,2Hz,Semantic proxy,3,4.0,6.0,0.1467382239834222,0.0029839646449547,0.0908884234573198,0.3503498633850215,1.9466278798388936,-0.0476315103368373,0.1022222036279634,0.1498537139648008
0.5,149,2Hz,Semantic proxy,4,6.0,8.0,0.1531600798449624,0.0034952528929424,0.0908884234573198,0.3503498633850215,1.9466278798388936,-0.0476315103368373,0.1022222036279634,0.1498537139648008
0.5,149,2Hz,Semantic proxy,5,8.0,10.0,0.522053400704245,0.0093012911186625,0.0908884234573198,0.3503498633850215,1.9466278798388936,-0.0476315103368373,0.1022222036279634,0.1498537139648008
0.5,149,2Hz,Episodic proxy,1,0.0,2.0,0.0133828857941034,0.0009503727802892,0.0441183419643544,0.1676728264423294,1.926198422044701,-0.0440305802053952,0.1325793415560932,0.1766099217614885
0.5,149,2Hz,Episodic proxy,2,2.0,4.0,0.0534683297532919,0.0015351832044308,0.0441183419643544,0.1676728264423294,1.926198422044701,-0.0440305802053952,0.1325793415560932,0.1766099217614885
0.5,149,2Hz,Episodic proxy,3,4.0,6.0,0.0498751024796361,0.0010776518469996,0.0441183419643544,0.1676728264423294,1.926198422044701,-0.0440305802053952,0.1325793415560932,0.1766099217614885
0.5,149,2Hz,Episodic proxy,4,6.0,8.0,0.0749653517232868,0.0017418083339355,0.0441183419643544,0.1676728264423294,1.926198422044701,-0.0440305802053952,0.1325793415560932,0.1766099217614885
0.5,149,2Hz,Episodic proxy,5,8.0,10.0,0.2514147888767372,0.00528300823797,0.0441183419643544,0.1676728264423294,1.926198422044701,-0.0440305802053952,0.1325793415560932,0.1766099217614885
0.5,149,5Hz,Semantic proxy,1,0.0,2.0,0.0109412747288483,0.0007782282902234,0.1130243092628424,0.3626269198144835,1.681852927547529,-0.0383919521065194,0.0927759046998022,0.1311678568063217
0.5,149,5Hz,Semantic proxy,2,2.0,4.0,0.1014659956994451,0.0103993147977322,0.1130243092628424,0.3626269198144835,1.681852927547529,-0.0383919521065194,0.0927759046998022,0.1311678568063217
0.5,149,5Hz,Semantic proxy,3,4.0,6.0,0.2061242271240144,0.0173765423387689,0.1130243092628424,0.3626269198144835,1.681852927547529,-0.0383919521065194,0.0927759046998022,0.1311678568063217
0.5,149,5Hz,Semantic proxy,4,6.0,8.0,0.2626146479586906,0.0187182284346649,0.1130243092628424,0.3626269198144835,1.681852927547529,-0.0383919521065194,0.0927759046998022,0.1311678568063217
0.5,149,5Hz,Semantic proxy,5,8.0,10.0,0.4390984751209604,0.0270195677523218,0.1130243092628424,0.3626269198144835,1.681852927547529,-0.0383919521065194,0.0927759046998022,0.1311678568063217
0.5,149,5Hz,Episodic proxy,1,0.0,2.0,0.0131165683135264,0.0014421401363136,0.0526831404559969,0.2752662747420026,2.3854146109773513,-0.0436108166900492,0.1316447580935431,0.1752555747835923
0.5,149,5Hz,Episodic proxy,2,2.0,4.0,0.0534488618610897,0.005718391135241,0.0526831404559969,0.2752662747420026,2.3854146109773513,-0.0436108166900492,0.1316447580935431,0.1752555747835923
0.5,149,5Hz,Episodic proxy,3,4.0,6.0,0.0768680535995023,0.0066769834775012,0.0526831404559969,0.2752662747420026,2.3854146109773513,-0.0436108166900492,0.1316447580935431,0.1752555747835923
0.5,149,5Hz,Episodic proxy,4,6.0,8.0,0.2254591586394546,0.0132115049388312,0.0526831404559969,0.2752662747420026,2.3854146109773513,-0.0436108166900492,0.1316447580935431,0.1752555747835923
0.5,149,5Hz,Episodic proxy,5,8.0,10.0,0.3643572232212536,0.0193179699798564,0.0526831404559969,0.2752662747420026,2.3854146109773513,-0.0436108166900492,0.1316447580935431,0.1752555747835923
0.5,173,2Hz,Semantic proxy,1,0.0,2.0,0.0955903674639064,0.0021587039313111,0.4214073134161221,1.0745411981506487,1.3504335399891807,0.1290190037418395,0.2908332454537289,0.1618142417118893
0.5,173,2Hz,Semantic proxy,2,2.0,4.0,0.4812163252390956,0.0060277969877635,0.4214073134161221,1.0745411981506487,1.3504335399891807,0.1290190037418395,0.2908332454537289,0.1618142417118893
0.5,173,2Hz,Semantic proxy,3,4.0,6.0,0.7899234776463596,0.0149557671334469,0.4214073134161221,1.0745411981506487,1.3504335399891807,0.1290190037418395,0.2908332454537289,0.1618142417118893
0.5,173,2Hz,Semantic proxy,4,6.0,8.0,0.892222971290927,0.0234910993650672,0.4214073134161221,1.0745411981506487,1.3504335399891807,0.1290190037418395,0.2908332454537289,0.1618142417118893
0.5,173,2Hz,Semantic proxy,5,8.0,10.0,1.2772650148655655,0.0436555006573584,0.4214073134161221,1.0745411981506487,1.3504335399891807,0.1290190037418395,0.2908332454537289,0.1618142417118893
0.5,173,2Hz,Episodic proxy,1,0.0,2.0,0.0811997127377303,0.0023216161470965,0.2670599940479723,0.563818224597208,1.0780662371930476,0.1526559581667418,0.306947843406256,0.1542918852395141
0.5,173,2Hz,Episodic proxy,2,2.0,4.0,0.3109639733238691,0.0046727112471077,0.2670599940479723,0.563818224597208,1.0780662371930476,0.1526559581667418,0.306947843406256,0.1542918852395141
0.5,173,2Hz,Episodic proxy,3,4.0,6.0,0.4449452412600349,0.0072011714179272,0.2670599940479723,0.563818224597208,1.0780662371930476,0.1526559581667418,0.306947843406256,0.1542918852395141
0.5,173,2Hz,Episodic proxy,4,6.0,8.0,0.4742819548032781,0.0167762046984475,0.2670599940479723,0.563818224597208,1.0780662371930476,0.1526559581667418,0.306947843406256,0.1542918852395141
0.5,173,2Hz,Episodic proxy,5,8.0,10.0,0.6668991491567547,0.0246588925899603,0.2670599940479723,0.563818224597208,1.0780662371930476,0.1526559581667418,0.306947843406256,0.1542918852395141
0.5,173,5Hz,Semantic proxy,1,0.0,2.0,0.1000641419927015,0.0051581863186135,0.292969947269045,0.6862277657660959,1.2279348193989104,0.1095482856926327,0.2040757657442442,0.0945274800516114
0.5,173,5Hz,Semantic proxy,2,2.0,4.0,0.3602116351847041,0.0423723540490539,0.292969947269045,0.6862277657660959,1.2279348193989104,0.1095482856926327,0.2040757657442442,0.0945274800516114
0.5,173,5Hz,Semantic proxy,3,4.0,6.0,0.3686658833671973,0.0461556223241333,0.292969947269045,0.6862277657660959,1.2279348193989104,0.1095482856926327,0.2040757657442442,0.0945274800516114
0.5,173,5Hz,Semantic proxy,4,6.0,8.0,0.4561921855298527,0.0350718285807778,0.292969947269045,0.6862277657660959,1.2279348193989104,0.1095482856926327,0.2040757657442442,0.0945274800516114
0.5,173,5Hz,Semantic proxy,5,8.0,10.0,0.9185104106453016,0.0484845323143516,0.292969947269045,0.6862277657660959,1.2279348193989104,0.1095482856926327,0.2040757657442442,0.0945274800516114
0.5,173,5Hz,Episodic proxy,1,0.0,2.0,0.0801951222640001,0.0070114576550374,0.2847558407940718,0.5166097276148328,0.8593493750495635,0.0933024138986992,0.2329479304209052,0.139645516522206
0.5,173,5Hz,Episodic proxy,2,2.0,4.0,0.3613911024476506,0.0624526484468156,0.2847558407940718,0.5166097276148328,0.8593493750495635,0.0933024138986992,0.2329479304209052,0.139645516522206
0.5,173,5Hz,Episodic proxy,3,4.0,6.0,0.3603221369626204,0.0637645421480615,0.2847558407940718,0.5166097276148328,0.8593493750495635,0.0933024138986992,0.2329479304209052,0.139645516522206
0.5,173,5Hz,Episodic proxy,4,6.0,8.0,0.4224045047468924,0.0290439439591779,0.2847558407940718,0.5166097276148328,0.8593493750495635,0.0933024138986992,0.2329479304209052,0.139645516522206
0.5,173,5Hz,Episodic proxy,5,8.0,10.0,0.6321768894762134,0.0477076967807065,0.2847558407940718,0.5166097276148328,0.8593493750495635,0.0933024138986992,0.2329479304209052,0.139645516522206
0.5,197,2Hz,Semantic proxy,1,0.0,2.0,0.0216164192829644,0.0006246582912856,0.4629424650574064,1.426843983350385,1.6239227833843928,0.0020499417368807,0.1747475851114398,0.172697643374559
0.5,197,2Hz,Semantic proxy,2,2.0,4.0,0.4023450428398749,0.0124020850647998,0.4629424650574064,1.426843983350385,1.6239227833843928,0.0020499417368807,0.1747475851114398,0.172697643374559
0.5,197,2Hz,Semantic proxy,3,4.0,6.0,0.9587379615115718,0.0163274453500479,0.4629424650574064,1.426843983350385,1.6239227833843928,0.0020499417368807,0.1747475851114398,0.172697643374559
0.5,197,2Hz,Semantic proxy,4,6.0,8.0,1.3946299856463504,0.0186022476058096,0.4629424650574064,1.426843983350385,1.6239227833843928,0.0020499417368807,0.1747475851114398,0.172697643374559
0.5,197,2Hz,Semantic proxy,5,8.0,10.0,1.6339400202652028,0.0194811762803712,0.4629424650574064,1.426843983350385,1.6239227833843928,0.0020499417368807,0.1747475851114398,0.172697643374559
0.5,197,2Hz,Episodic proxy,1,0.0,2.0,0.0216839159546882,0.0009873009553051,0.3116749682454067,0.9323913328757296,1.5808933023225278,0.0059503489893616,0.2114876283287659,0.2055372793394043
0.5,197,2Hz,Episodic proxy,2,2.0,4.0,0.3113866727546784,0.0041025092578579,0.3116749682454067,0.9323913328757296,1.5808933023225278,0.0059503489893616,0.2114876283287659,0.2055372793394043
0.5,197,2Hz,Episodic proxy,3,4.0,6.0,0.6236921970188875,0.0081340006241009,0.3116749682454067,0.9323913328757296,1.5808933023225278,0.0059503489893616,0.2114876283287659,0.2055372793394043
0.5,197,2Hz,Episodic proxy,4,6.0,8.0,0.9118059607960416,0.0141996115742652,0.3116749682454067,0.9323913328757296,1.5808933023225278,0.0059503489893616,0.2114876283287659,0.2055372793394043
0.5,197,2Hz,Episodic proxy,5,8.0,10.0,1.0574909684914702,0.0166041326961352,0.3116749682454067,0.9323913328757296,1.5808933023225278,0.0059503489893616,0.2114876283287659,0.2055372793394043
0.5,197,5Hz,Semantic proxy,1,0.0,2.0,0.0153379893393259,0.0016251952826471,0.209890482556536,0.5744500082903825,1.4525445979170746,-0.0085726593550885,-0.0112618668025985,0.00268920744751
0.5,197,5Hz,Semantic proxy,2,2.0,4.0,0.2018706255144525,0.0203108998485302,0.209890482556536,0.5744500082903825,1.4525445979170746,-0.0085726593550885,-0.0112618668025985,0.00268920744751
0.5,197,5Hz,Semantic proxy,3,4.0,6.0,0.4628704071953145,0.0289226709449333,0.209890482556536,0.5744500082903825,1.4525445979170746,-0.0085726593550885,-0.0112618668025985,0.00268920744751
0.5,197,5Hz,Semantic proxy,4,6.0,8.0,0.5318228648118217,0.0294550809399446,0.209890482556536,0.5744500082903825,1.4525445979170746,-0.0085726593550885,-0.0112618668025985,0.00268920744751
0.5,197,5Hz,Semantic proxy,5,8.0,10.0,0.6301637303299275,0.0304273968743402,0.209890482556536,0.5744500082903825,1.4525445979170746,-0.0085726593550885,-0.0112618668025985,0.00268920744751
0.5,197,5Hz,Episodic proxy,1,0.0,2.0,0.0153770614923446,0.0016015287055992,0.1806739368120488,0.3613384070559687,0.9999622038739082,0.0017157173999234,0.0019034972345635,0.00018777983464
0.5,197,5Hz,Episodic proxy,2,2.0,4.0,0.1572266240164327,0.0221489847165255,0.1806739368120488,0.3613384070559687,0.9999622038739082,0.0017157173999234,0.0019034972345635,0.00018777983464
0.5,197,5Hz,Episodic proxy,3,4.0,6.0,0.3384751619700193,0.025009590456621,0.1806739368120488,0.3613384070559687,0.9999622038739082,0.0017157173999234,0.0019034972345635,0.00018777983464
0.5,197,5Hz,Episodic proxy,4,6.0,8.0,0.3325564655808567,0.0201603360925602,0.1806739368120488,0.3613384070559687,0.9999622038739082,0.0017157173999234,0.0019034972345635,0.00018777983464
0.5,197,5Hz,Episodic proxy,5,8.0,10.0,0.3925949715994201,0.0218014545330944,0.1806739368120488,0.3613384070559687,0.9999622038739082,0.0017157173999234,0.0019034972345635,0.00018777983464
0.5,223,2Hz,Semantic proxy,1,0.0,2.0,0.0238286534900429,0.0009562640827797,0.3953670777495395,0.7688545145448202,0.9595178892662536,0.0473403532225812,0.2249773823392278,0.1776370291166466
0.5,223,2Hz,Semantic proxy,2,2.0,4.0,0.4589554949236199,0.0110795005478752,0.3953670777495395,0.7688545145448202,0.9595178892662536,0.0473403532225812,0.2249773823392278,0.1776370291166466
0.5,223,2Hz,Semantic proxy,3,4.0,6.0,0.6029553553953498,0.0158038990115438,0.3953670777495395,0.7688545145448202,0.9595178892662536,0.0473403532225812,0.2249773823392278,0.1776370291166466
0.5,223,2Hz,Semantic proxy,4,6.0,8.0,0.8377879027651528,0.0119914133220399,0.3953670777495395,0.7688545145448202,0.9595178892662536,0.0473403532225812,0.2249773823392278,0.1776370291166466
0.5,223,2Hz,Semantic proxy,5,8.0,10.0,0.7348487022233195,0.0170530246775236,0.3953670777495395,0.7688545145448202,0.9595178892662536,0.0473403532225812,0.2249773823392278,0.1776370291166466
0.5,223,2Hz,Episodic proxy,1,0.0,2.0,0.0236831492557784,0.0010645116810761,0.252387595350399,0.4713234991204895,0.9010766078995316,0.0555203103996336,0.2781722128549958,0.2226519024553622
0.5,223,2Hz,Episodic proxy,2,2.0,4.0,0.2725632623911604,0.0047015007520008,0.252387595350399,0.4713234991204895,0.9010766078995316,0.0555203103996336,0.2781722128549958,0.2226519024553622
0.5,223,2Hz,Episodic proxy,3,4.0,6.0,0.3977769415815504,0.0080741470640905,0.252387595350399,0.4713234991204895,0.9010766078995316,0.0555203103996336,0.2781722128549958,0.2226519024553622
0.5,223,2Hz,Episodic proxy,4,6.0,8.0,0.5517876485725325,0.0147399539139295,0.252387595350399,0.4713234991204895,0.9010766078995316,0.0555203103996336,0.2781722128549958,0.2226519024553622
0.5,223,2Hz,Episodic proxy,5,8.0,10.0,0.4284782700810468,0.0096850124793961,0.252387595350399,0.4713234991204895,0.9010766078995316,0.0555203103996336,0.2781722128549958,0.2226519024553622
0.5,223,5Hz,Semantic proxy,1,0.0,2.0,0.0215564168211306,0.0011261004484082,0.3497656171003077,0.7947201609190093,1.184058468580159,0.0327176275095276,0.1767094603715713,0.1439918328620437
0.5,223,5Hz,Semantic proxy,2,2.0,4.0,0.3752384825551192,0.0436166797172657,0.3497656171003077,0.7947201609190093,1.184058468580159,0.0327176275095276,0.1767094603715713,0.1439918328620437
0.5,223,5Hz,Semantic proxy,3,4.0,6.0,0.5110437228724879,0.0301768884337728,0.3497656171003077,0.7947201609190093,1.184058468580159,0.0327176275095276,0.1767094603715713,0.1439918328620437
0.5,223,5Hz,Semantic proxy,4,6.0,8.0,0.6265041177823033,0.0556704772047901,0.3497656171003077,0.7947201609190093,1.184058468580159,0.0327176275095276,0.1767094603715713,0.1439918328620437
0.5,223,5Hz,Semantic proxy,5,8.0,10.0,1.0204661252986045,0.0472368760682719,0.3497656171003077,0.7947201609190093,1.184058468580159,0.0327176275095276,0.1767094603715713,0.1439918328620437
0.5,223,5Hz,Episodic proxy,1,0.0,2.0,0.0209762386073335,0.0020558862330668,0.194322704104066,0.3250496676935485,0.7422057081530382,0.0416487201988328,0.2101541122861692,0.1685053920873364
0.5,223,5Hz,Episodic proxy,2,2.0,4.0,0.2146135168180805,0.029163455537288,0.194322704104066,0.3250496676935485,0.7422057081530382,0.0416487201988328,0.2101541122861692,0.1685053920873364
0.5,223,5Hz,Episodic proxy,3,4.0,6.0,0.2673688125946136,0.0126410675607196,0.194322704104066,0.3250496676935485,0.7422057081530382,0.0416487201988328,0.2101541122861692,0.1685053920873364
0.5,223,5Hz,Episodic proxy,4,6.0,8.0,0.2818903807141205,0.0235511746731098,0.194322704104066,0.3250496676935485,0.7422057081530382,0.0416487201988328,0.2101541122861692,0.1685053920873364
0.5,223,5Hz,Episodic proxy,5,8.0,10.0,0.3498734658649364,0.0118304598269734,0.194322704104066,0.3250496676935485,0.7422057081530382,0.0416487201988328,0.2101541122861692,0.1685053920873364
0.5,251,2Hz,Semantic proxy,1,0.0,2.0,0.0275727419509393,0.0009070604743519,0.0233217739422108,0.2536656936414571,3.443178984388541,0.0495694035014495,-0.0126610483295834,0.062230451831033
0.5,251,2Hz,Semantic proxy,2,2.0,4.0,0.0198843728224067,0.0006463658230887,0.0233217739422108,0.2536656936414571,3.443178984388541,0.0495694035014495,-0.0126610483295834,0.062230451831033
0.5,251,2Hz,Semantic proxy,3,4.0,6.0,0.0227251098423815,0.0010054285869387,0.0233217739422108,0.2536656936414571,3.443178984388541,0.0495694035014495,-0.0126610483295834,0.062230451831033
0.5,251,2Hz,Semantic proxy,4,6.0,8.0,0.240694488661388,0.0033328364705967,0.0233217739422108,0.2536656936414571,3.443178984388541,0.0495694035014495,-0.0126610483295834,0.062230451831033
0.5,251,2Hz,Semantic proxy,5,8.0,10.0,0.3037075496971484,0.0059570266601993,0.0233217739422108,0.2536656936414571,3.443178984388541,0.0495694035014495,-0.0126610483295834,0.062230451831033
0.5,251,2Hz,Episodic proxy,1,0.0,2.0,0.0259786049017275,0.0010314289086844,0.0247498702165382,0.187688386329994,2.922846517592379,0.1054652029358402,-0.003541241928309,0.1090064448641493
0.5,251,2Hz,Episodic proxy,2,2.0,4.0,0.0221201652212108,0.0008370267470272,0.0247498702165382,0.187688386329994,2.922846517592379,0.1054652029358402,-0.003541241928309,0.1090064448641493
0.5,251,2Hz,Episodic proxy,3,4.0,6.0,0.0252214712773164,0.0016484614310835,0.0247498702165382,0.187688386329994,2.922846517592379,0.1054652029358402,-0.003541241928309,0.1090064448641493
0.5,251,2Hz,Episodic proxy,4,6.0,8.0,0.185953906212969,0.0030806284058396,0.0247498702165382,0.187688386329994,2.922846517592379,0.1054652029358402,-0.003541241928309,0.1090064448641493
0.5,251,2Hz,Episodic proxy,5,8.0,10.0,0.2202106330208714,0.0042363098824537,0.0247498702165382,0.187688386329994,2.922846517592379,0.1054652029358402,-0.003541241928309,0.1090064448641493
0.5,251,5Hz,Semantic proxy,1,0.0,2.0,0.0844841150925611,0.008237998717881,0.1689885135585414,0.4845975793544462,1.5198620109418362,0.1217965703205556,0.0857905547746524,0.0360060155459031
0.5,251,5Hz,Semantic proxy,2,2.0,4.0,0.1489908415752548,0.0112898075142492,0.1689885135585414,0.4845975793544462,1.5198620109418362,0.1217965703205556,0.0857905547746524,0.0360060155459031
0.5,251,5Hz,Semantic proxy,3,4.0,6.0,0.3190360687326238,0.0190556616712403,0.1689885135585414,0.4845975793544462,1.5198620109418362,0.1217965703205556,0.0857905547746524,0.0360060155459031
0.5,251,5Hz,Semantic proxy,4,6.0,8.0,0.3943352567486827,0.033753743198382,0.1689885135585414,0.4845975793544462,1.5198620109418362,0.1217965703205556,0.0857905547746524,0.0360060155459031
0.5,251,5Hz,Semantic proxy,5,8.0,10.0,0.592840919955775,0.032256727222632,0.1689885135585414,0.4845975793544462,1.5198620109418362,0.1217965703205556,0.0857905547746524,0.0360060155459031
0.5,251,5Hz,Episodic proxy,1,0.0,2.0,0.0691256198965601,0.0078098151572239,0.2104601353768873,0.425121899178647,1.0143295890960964,0.1579813983860813,0.1338551592820008,0.0241262391040805
0.5,251,5Hz,Episodic proxy,2,2.0,4.0,0.1917527480514004,0.0224359352448582,0.2104601353768873,0.425121899178647,1.0143295890960964,0.1579813983860813,0.1338551592820008,0.0241262391040805
0.5,251,5Hz,Episodic proxy,3,4.0,6.0,0.3558300273384263,0.0310653658950703,0.2104601353768873,0.425121899178647,1.0143295890960964,0.1579813983860813,0.1338551592820008,0.0241262391040805
0.5,251,5Hz,Episodic proxy,4,6.0,8.0,0.3385950935663429,0.0405973026042399,0.2104601353768873,0.425121899178647,1.0143295890960964,0.1579813983860813,0.1338551592820008,0.0241262391040805
0.5,251,5Hz,Episodic proxy,5,8.0,10.0,0.5223360159564006,0.0340468883595472,0.2104601353768873,0.425121899178647,1.0143295890960964,0.1579813983860813,0.1338551592820008,0.0241262391040805
0.5,281,2Hz,Semantic proxy,1,0.0,2.0,0.0125201266165807,0.0004533223483937,0.0313529618761829,0.826069011292058,4.7195886677958026,0.0533604368877771,0.2261523438564635,0.1727919069686863
0.5,281,2Hz,Semantic proxy,2,2.0,4.0,0.0308775143445458,0.0013651593484895,0.0313529618761829,0.826069011292058,4.7195886677958026,0.0533604368877771,0.2261523438564635,0.1727919069686863
0.5,281,2Hz,Semantic proxy,3,4.0,6.0,0.0616718899523006,0.0019154936844743,0.0313529618761829,0.826069011292058,4.7195886677958026,0.0533604368877771,0.2261523438564635,0.1727919069686863
0.5,281,2Hz,Semantic proxy,4,6.0,8.0,0.5312583892651499,0.0071959714332375,0.0313529618761829,0.826069011292058,4.7195886677958026,0.0533604368877771,0.2261523438564635,0.1727919069686863
0.5,281,2Hz,Semantic proxy,5,8.0,10.0,1.168051400812873,0.0186543797487893,0.0313529618761829,0.826069011292058,4.7195886677958026,0.0533604368877771,0.2261523438564635,0.1727919069686863
0.5,281,2Hz,Episodic proxy,1,0.0,2.0,0.0124861043044291,0.0009040819331836,0.0207426093977444,0.3897413812489527,4.231847819329832,0.1147368081534381,0.2840197593010241,0.1692829511475859
0.5,281,2Hz,Episodic proxy,2,2.0,4.0,0.0249625986660049,0.0014076905904131,0.0207426093977444,0.3897413812489527,4.231847819329832,0.1147368081534381,0.2840197593010241,0.1692829511475859
0.5,281,2Hz,Episodic proxy,3,4.0,6.0,0.0278445739804064,0.0016439322456124,0.0207426093977444,0.3897413812489527,4.231847819329832,0.1147368081534381,0.2840197593010241,0.1692829511475859
0.5,281,2Hz,Episodic proxy,4,6.0,8.0,0.2683955990931037,0.0056156703526712,0.0207426093977444,0.3897413812489527,4.231847819329832,0.1147368081534381,0.2840197593010241,0.1692829511475859
0.5,281,2Hz,Episodic proxy,5,8.0,10.0,0.5443885184036108,0.0140100451268054,0.0207426093977444,0.3897413812489527,4.231847819329832,0.1147368081534381,0.2840197593010241,0.1692829511475859
0.5,281,5Hz,Semantic proxy,1,0.0,2.0,0.010126840197057,0.0009607004033656,0.0431224002580097,0.4195824143574977,3.2824448245632376,-0.0038774901211508,0.1281961975578086,0.1320736876789595
0.5,281,5Hz,Semantic proxy,2,2.0,4.0,0.0421857452155672,0.0025560383878662,0.0431224002580097,0.4195824143574977,3.2824448245632376,-0.0038774901211508,0.1281961975578086,0.1320736876789595
0.5,281,5Hz,Semantic proxy,3,4.0,6.0,0.1083664781139189,0.0154023866020217,0.0431224002580097,0.4195824143574977,3.2824448245632376,-0.0038774901211508,0.1281961975578086,0.1320736876789595
0.5,281,5Hz,Semantic proxy,4,6.0,8.0,0.2798078715005099,0.013428030683289,0.0431224002580097,0.4195824143574977,3.2824448245632376,-0.0038774901211508,0.1281961975578086,0.1320736876789595
0.5,281,5Hz,Semantic proxy,5,8.0,10.0,0.5834387195555082,0.0348889692720838,0.0431224002580097,0.4195824143574977,3.2824448245632376,-0.0038774901211508,0.1281961975578086,0.1320736876789595
0.5,281,5Hz,Episodic proxy,1,0.0,2.0,0.0107993918617659,0.0014458719480485,0.0390169597981285,0.206921434965051,2.4069098289063904,0.036398014854974,0.1561432255654482,0.1197452107104742
0.5,281,5Hz,Episodic proxy,2,2.0,4.0,0.0407684100967077,0.0031729583665441,0.0390169597981285,0.206921434965051,2.4069098289063904,0.036398014854974,0.1561432255654482,0.1197452107104742
0.5,281,5Hz,Episodic proxy,3,4.0,6.0,0.0860757948640614,0.010479401075332,0.0390169597981285,0.206921434965051,2.4069098289063904,0.036398014854974,0.1561432255654482,0.1197452107104742
0.5,281,5Hz,Episodic proxy,4,6.0,8.0,0.1771307474916232,0.007602831024211,0.0390169597981285,0.206921434965051,2.4069098289063904,0.036398014854974,0.1561432255654482,0.1197452107104742
0.5,281,5Hz,Episodic proxy,5,8.0,10.0,0.242506061586773,0.0108261857437217,0.0390169597981285,0.206921434965051,2.4069098289063904,0.036398014854974,0.1561432255654482,0.1197452107104742
0.5,313,2Hz,Semantic proxy,1,0.0,2.0,0.0122191827489527,0.0004472460885759,0.1398656105987342,1.191727170506066,3.0909407993275506,0.0858004957145349,0.354751262386023,0.2689507666714881
0.5,313,2Hz,Semantic proxy,2,2.0,4.0,0.1071891534455945,0.0036186008828691,0.1398656105987342,1.191727170506066,3.0909407993275506,0.0858004957145349,0.354751262386023,0.2689507666714881
0.5,313,2Hz,Semantic proxy,3,4.0,6.0,0.3553049073646399,0.0115746734567923,0.1398656105987342,1.191727170506066,3.0909407993275506,0.0858004957145349,0.354751262386023,0.2689507666714881
0.5,313,2Hz,Semantic proxy,4,6.0,8.0,0.853164612581791,0.011944977548966,0.1398656105987342,1.191727170506066,3.0909407993275506,0.0858004957145349,0.354751262386023,0.2689507666714881
0.5,313,2Hz,Semantic proxy,5,8.0,10.0,1.5841367180707002,0.0191244839867828,0.1398656105987342,1.191727170506066,3.0909407993275506,0.0858004957145349,0.354751262386023,0.2689507666714881
0.5,313,2Hz,Episodic proxy,1,0.0,2.0,0.0121698550418008,0.0008870389020756,0.1148838525373745,0.6379418464321004,2.4732488819424696,0.1192063340105187,0.4473450967988982,0.3281387627883795
0.5,313,2Hz,Episodic proxy,2,2.0,4.0,0.0815389188999856,0.0019395148171487,0.1148838525373745,0.6379418464321004,2.4732488819424696,0.1192063340105187,0.4473450967988982,0.3281387627883795
0.5,313,2Hz,Episodic proxy,3,4.0,6.0,0.2710228267475834,0.0070167645230491,0.1148838525373745,0.6379418464321004,2.4732488819424696,0.1192063340105187,0.4473450967988982,0.3281387627883795
0.5,313,2Hz,Episodic proxy,4,6.0,8.0,0.5422617298810979,0.0118743110005349,0.1148838525373745,0.6379418464321004,2.4732488819424696,0.1192063340105187,0.4473450967988982,0.3281387627883795
0.5,313,2Hz,Episodic proxy,5,8.0,10.0,0.7855638613011713,0.0146071755003976,0.1148838525373745,0.6379418464321004,2.4732488819424696,0.1192063340105187,0.4473450967988982,0.3281387627883795
0.5,313,5Hz,Semantic proxy,1,0.0,2.0,0.0112652498540596,0.0011125847266145,0.0788753197339458,0.9457279621897412,3.583779399870086,0.0739255075868933,0.2095948314244805,0.1356693238375871
0.5,313,5Hz,Semantic proxy,2,2.0,4.0,0.0424673151111817,0.0026446643478484,0.0788753197339458,0.9457279621897412,3.583779399870086,0.0739255075868933,0.2095948314244805,0.1356693238375871
0.5,313,5Hz,Semantic proxy,3,4.0,6.0,0.2837175981682153,0.0307764156386972,0.0788753197339458,0.9457279621897412,3.583779399870086,0.0739255075868933,0.2095948314244805,0.1356693238375871
0.5,313,5Hz,Semantic proxy,4,6.0,8.0,0.6258287590764955,0.0349840166046093,0.0788753197339458,0.9457279621897412,3.583779399870086,0.0739255075868933,0.2095948314244805,0.1356693238375871
0.5,313,5Hz,Semantic proxy,5,8.0,10.0,1.3071746857399635,0.0647744571409164,0.0788753197339458,0.9457279621897412,3.583779399870086,0.0739255075868933,0.2095948314244805,0.1356693238375871
0.5,313,5Hz,Episodic proxy,1,0.0,2.0,0.0114319215326063,0.0015110519238894,0.0688966180476545,0.4410899031707527,2.6785676648932486,0.0862711574254262,0.2500771652012318,0.1638060077758055
0.5,313,5Hz,Episodic proxy,2,2.0,4.0,0.0367221501660117,0.0020316483231192,0.0688966180476545,0.4410899031707527,2.6785676648932486,0.0862711574254262,0.2500771652012318,0.1638060077758055
0.5,313,5Hz,Episodic proxy,3,4.0,6.0,0.1635272606623544,0.0192952124363244,0.0688966180476545,0.4410899031707527,2.6785676648932486,0.0862711574254262,0.2500771652012318,0.1638060077758055
0.5,313,5Hz,Episodic proxy,4,6.0,8.0,0.3150378133632395,0.0115006472459365,0.0688966180476545,0.4410899031707527,2.6785676648932486,0.0862711574254262,0.2500771652012318,0.1638060077758055
0.5,313,5Hz,Episodic proxy,5,8.0,10.0,0.5833449446791696,0.0323775921328482,0.0688966180476545,0.4410899031707527,2.6785676648932486,0.0862711574254262,0.2500771652012318,0.1638060077758055
0.5,347,2Hz,Semantic proxy,1,0.0,2.0,0.0140941395479732,0.0005897917444555,0.0230583298132308,0.1285724995010904,2.479222173211304,0.0392344263039166,-0.0035643923473482,0.0427988186512648
0.5,347,2Hz,Semantic proxy,2,2.0,4.0,0.0293732054421423,0.0007147149587003,0.0230583298132308,0.1285724995010904,2.479222173211304,0.0392344263039166,-0.0035643923473482,0.0427988186512648
0.5,347,2Hz,Semantic proxy,3,4.0,6.0,0.0293868332510486,0.0005763617357822,0.0230583298132308,0.1285724995010904,2.479222173211304,0.0392344263039166,-0.0035643923473482,0.0427988186512648
0.5,347,2Hz,Semantic proxy,4,6.0,8.0,0.0933355764175681,0.0021850776681956,0.0230583298132308,0.1285724995010904,2.479222173211304,0.0392344263039166,-0.0035643923473482,0.0427988186512648
0.5,347,2Hz,Semantic proxy,5,8.0,10.0,0.1737811593766491,0.0025663100944593,0.0230583298132308,0.1285724995010904,2.479222173211304,0.0392344263039166,-0.0035643923473482,0.0427988186512648
0.5,347,2Hz,Episodic proxy,1,0.0,2.0,0.015685007656017,0.0010327228641731,0.0196988570149514,0.1161100650512089,2.559309210412656,0.0953027204738505,0.0081570205009986,0.0871456999728518
0.5,347,2Hz,Episodic proxy,2,2.0,4.0,0.0229540865145947,0.0010509386538999,0.0196988570149514,0.1161100650512089,2.559309210412656,0.0953027204738505,0.0081570205009986,0.0871456999728518
0.5,347,2Hz,Episodic proxy,3,4.0,6.0,0.0174017789187179,0.0007031510784553,0.0196988570149514,0.1161100650512089,2.559309210412656,0.0953027204738505,0.0081570205009986,0.0871456999728518
0.5,347,2Hz,Episodic proxy,4,6.0,8.0,0.0945288572124242,0.002261503078528,0.0196988570149514,0.1161100650512089,2.559309210412656,0.0953027204738505,0.0081570205009986,0.0871456999728518
0.5,347,2Hz,Episodic proxy,5,8.0,10.0,0.1522484836007014,0.0033260409524851,0.0196988570149514,0.1161100650512089,2.559309210412656,0.0953027204738505,0.0081570205009986,0.0871456999728518
0.5,347,5Hz,Semantic proxy,1,0.0,2.0,0.0308931497905089,0.0012591356220414,0.1231211878930836,0.7561909480072099,2.618671523429853,-0.0098321515657898,0.0547000980864248,0.0645322496522147
0.5,347,5Hz,Semantic proxy,2,2.0,4.0,0.1643423989352117,0.0077437284249265,0.1231211878930836,0.7561909480072099,2.618671523429853,-0.0098321515657898,0.0547000980864248,0.0645322496522147
0.5,347,5Hz,Semantic proxy,3,4.0,6.0,0.1398723411685471,0.0082450224254563,0.1231211878930836,0.7561909480072099,2.618671523429853,-0.0098321515657898,0.0547000980864248,0.0645322496522147
0.5,347,5Hz,Semantic proxy,4,6.0,8.0,0.5037832232929421,0.0397729332183224,0.1231211878930836,0.7561909480072099,2.618671523429853,-0.0098321515657898,0.0547000980864248,0.0645322496522147
0.5,347,5Hz,Semantic proxy,5,8.0,10.0,1.0733082346282714,0.0416959644963083,0.1231211878930836,0.7561909480072099,2.618671523429853,-0.0098321515657898,0.0547000980864248,0.0645322496522147
0.5,347,5Hz,Episodic proxy,1,0.0,2.0,0.040088339338109,0.0016097070533192,0.1220849250289475,0.3738557077507613,1.6145964909737307,0.0059306336877719,0.0811729089309101,0.0752422752431381
0.5,347,5Hz,Episodic proxy,2,2.0,4.0,0.170306096559521,0.0134658672637807,0.1220849250289475,0.3738557077507613,1.6145964909737307,0.0059306336877719,0.0811729089309101,0.0752422752431381
0.5,347,5Hz,Episodic proxy,3,4.0,6.0,0.098200132670046,0.0058054504823022,0.1220849250289475,0.3738557077507613,1.6145964909737307,0.0059306336877719,0.0811729089309101,0.0752422752431381
0.5,347,5Hz,Episodic proxy,4,6.0,8.0,0.2482635832960717,0.0163312366908489,0.1220849250289475,0.3738557077507613,1.6145964909737307,0.0059306336877719,0.0811729089309101,0.0752422752431381
0.5,347,5Hz,Episodic proxy,5,8.0,10.0,0.5298284433223698,0.0149159735520364,0.1220849250289475,0.3738557077507613,1.6145964909737307,0.0059306336877719,0.0811729089309101,0.0752422752431381
0.5,383,2Hz,Semantic proxy,1,0.0,2.0,0.0112921923319066,0.0004299630263277,0.1652233385468734,0.5971182503853769,1.8535991756938708,0.0464927092638697,0.0727040215458843,0.0262113122820146
0.5,383,2Hz,Semantic proxy,2,2.0,4.0,0.0638748577408086,0.0034313766145352,0.1652233385468734,0.5971182503853769,1.8535991756938708,0.0464927092638697,0.0727040215458843,0.0262113122820146
0.5,383,2Hz,Semantic proxy,3,4.0,6.0,0.3983357777435739,0.0079231160934315,0.1652233385468734,0.5971182503853769,1.8535991756938708,0.0464927092638697,0.0727040215458843,0.0262113122820146
0.5,383,2Hz,Semantic proxy,4,6.0,8.0,0.5080273904500341,0.0064496762955646,0.1652233385468734,0.5971182503853769,1.8535991756938708,0.0464927092638697,0.0727040215458843,0.0262113122820146
0.5,383,2Hz,Semantic proxy,5,8.0,10.0,0.7477060871044926,0.0120862893685953,0.1652233385468734,0.5971182503853769,1.8535991756938708,0.0464927092638697,0.0727040215458843,0.0262113122820146
0.5,383,2Hz,Episodic proxy,1,0.0,2.0,0.0115765816432006,0.000913136872589,0.113488523697416,0.364943042052955,1.685124899852974,0.049237634891513,0.0881450572098901,0.0389074223183771
0.5,383,2Hz,Episodic proxy,2,2.0,4.0,0.0456248387724965,0.0012067955615206,0.113488523697416,0.364943042052955,1.685124899852974,0.049237634891513,0.0881450572098901,0.0389074223183771
0.5,383,2Hz,Episodic proxy,3,4.0,6.0,0.2587220887832387,0.0059943767318444,0.113488523697416,0.364943042052955,1.685124899852974,0.049237634891513,0.0881450572098901,0.0389074223183771
0.5,383,2Hz,Episodic proxy,4,6.0,8.0,0.3271245697790251,0.0051908324009298,0.113488523697416,0.364943042052955,1.685124899852974,0.049237634891513,0.0881450572098901,0.0389074223183771
0.5,383,2Hz,Episodic proxy,5,8.0,10.0,0.4370022321289832,0.0095683349125237,0.113488523697416,0.364943042052955,1.685124899852974,0.049237634891513,0.0881450572098901,0.0389074223183771
0.5,383,5Hz,Semantic proxy,1,0.0,2.0,0.0144563355336734,0.0012949706303384,0.0523273839114693,0.32316721696334,2.626642815413531,-0.0070087547200784,0.1254561626247985,0.132464917344877
0.5,383,5Hz,Semantic proxy,2,2.0,4.0,0.0340261164044334,0.0032542546774942,0.0523273839114693,0.32316721696334,2.626642815413531,-0.0070087547200784,0.1254561626247985,0.132464917344877
0.5,383,5Hz,Semantic proxy,3,4.0,6.0,0.1801388311397802,0.0178738627800252,0.0523273839114693,0.32316721696334,2.626642815413531,-0.0070087547200784,0.1254561626247985,0.132464917344877
0.5,383,5Hz,Semantic proxy,4,6.0,8.0,0.2662270434593812,0.0127423406123168,0.0523273839114693,0.32316721696334,2.626642815413531,-0.0070087547200784,0.1254561626247985,0.132464917344877
0.5,383,5Hz,Semantic proxy,5,8.0,10.0,0.3716794225565307,0.0283459519944007,0.0523273839114693,0.32316721696334,2.626642815413531,-0.0070087547200784,0.1254561626247985,0.132464917344877
0.5,383,5Hz,Episodic proxy,1,0.0,2.0,0.0143528134218411,0.0016691176035659,0.0386735001794937,0.2020314509956489,2.3851626523830856,0.0229572628857401,0.1297005202767253,0.1067432573909851
0.5,383,5Hz,Episodic proxy,2,2.0,4.0,0.0192681828010852,0.0021380151416116,0.0386735001794937,0.2020314509956489,2.3851626523830856,0.0229572628857401,0.1297005202767253,0.1067432573909851
0.5,383,5Hz,Episodic proxy,3,4.0,6.0,0.1484769873238318,0.0153358267729609,0.0386735001794937,0.2020314509956489,2.3851626523830856,0.0229572628857401,0.1297005202767253,0.1067432573909851
0.5,383,5Hz,Episodic proxy,4,6.0,8.0,0.1722083432628707,0.0120568494222228,0.0386735001794937,0.2020314509956489,2.3851626523830856,0.0229572628857401,0.1297005202767253,0.1067432573909851
0.5,383,5Hz,Episodic proxy,5,8.0,10.0,0.2155611111766188,0.0195666062639777,0.0386735001794937,0.2020314509956489,2.3851626523830856,0.0229572628857401,0.1297005202767253,0.1067432573909851
0.5,421,2Hz,Semantic proxy,1,0.0,2.0,0.0121431581699704,0.0004827859751084,0.0125904903763833,0.1296660453200529,3.364394361682354,0.0010803844142593,-0.0479572427535609,0.0490376271678202
0.5,421,2Hz,Semantic proxy,2,2.0,4.0,0.0126409786569783,0.0005603021894665,0.0125904903763833,0.1296660453200529,3.364394361682354,0.0010803844142593,-0.0479572427535609,0.0490376271678202
0.5,421,2Hz,Semantic proxy,3,4.0,6.0,0.0132930673818195,0.0006698889974149,0.0125904903763833,0.1296660453200529,3.364394361682354,0.0010803844142593,-0.0479572427535609,0.0490376271678202
0.5,421,2Hz,Semantic proxy,4,6.0,8.0,0.124841001546105,0.0019600336765971,0.0125904903763833,0.1296660453200529,3.364394361682354,0.0010803844142593,-0.0479572427535609,0.0490376271678202
0.5,421,2Hz,Semantic proxy,5,8.0,10.0,0.1530043423492583,0.0029350375303085,0.0125904903763833,0.1296660453200529,3.364394361682354,0.0010803844142593,-0.0479572427535609,0.0490376271678202
0.5,421,2Hz,Episodic proxy,1,0.0,2.0,0.0117892832603036,0.0009181260233282,0.014077305642282,0.1152991982127879,3.03393934293321,0.1033246668023315,-0.0454980188963574,0.148822685698689
0.5,421,2Hz,Episodic proxy,2,2.0,4.0,0.0136536464657251,0.0009793986723936,0.014077305642282,0.1152991982127879,3.03393934293321,0.1033246668023315,-0.0454980188963574,0.148822685698689
0.5,421,2Hz,Episodic proxy,3,4.0,6.0,0.0202780708628953,0.0011746028857302,0.014077305642282,0.1152991982127879,3.03393934293321,0.1033246668023315,-0.0454980188963574,0.148822685698689
0.5,421,2Hz,Episodic proxy,4,6.0,8.0,0.1173086867006045,0.0014673748706456,0.014077305642282,0.1152991982127879,3.03393934293321,0.1033246668023315,-0.0454980188963574,0.148822685698689
0.5,421,2Hz,Episodic proxy,5,8.0,10.0,0.1298883870433942,0.0041220911211657,0.014077305642282,0.1152991982127879,3.03393934293321,0.1033246668023315,-0.0454980188963574,0.148822685698689
0.5,421,5Hz,Semantic proxy,1,0.0,2.0,0.0128395758712396,0.0010270895221443,0.0135845788178944,0.119752302064328,3.140011648517451,0.0114103700272298,-0.0087777921257486,0.0201881621529784
0.5,421,5Hz,Semantic proxy,2,2.0,4.0,0.0114630307664439,0.0008611505231618,0.0135845788178944,0.119752302064328,3.140011648517451,0.0114103700272298,-0.0087777921257486,0.0201881621529784
0.5,421,5Hz,Semantic proxy,3,4.0,6.0,0.0199863355629289,0.0014835388119898,0.0135845788178944,0.119752302064328,3.140011648517451,0.0114103700272298,-0.0087777921257486,0.0201881621529784
0.5,421,5Hz,Semantic proxy,4,6.0,8.0,0.1061809069856877,0.0067942610888095,0.0135845788178944,0.119752302064328,3.140011648517451,0.0114103700272298,-0.0087777921257486,0.0201881621529784
0.5,421,5Hz,Semantic proxy,5,8.0,10.0,0.1468157704792519,0.0094510031174933,0.0135845788178944,0.119752302064328,3.140011648517451,0.0114103700272298,-0.0087777921257486,0.0201881621529784
0.5,421,5Hz,Episodic proxy,1,0.0,2.0,0.0131497173722305,0.0014289555351589,0.0157460504408462,0.1058186241851555,2.748531655607452,0.0771020270198866,-0.0081527544895754,0.0852547815094621
0.5,421,5Hz,Episodic proxy,2,2.0,4.0,0.0130405442411025,0.0015432360573046,0.0157460504408462,0.1058186241851555,2.748531655607452,0.0771020270198866,-0.0081527544895754,0.0852547815094621
0.5,421,5Hz,Episodic proxy,3,4.0,6.0,0.023162730548202,0.0020602022891308,0.0157460504408462,0.1058186241851555,2.748531655607452,0.0771020270198866,-0.0081527544895754,0.0852547815094621
0.5,421,5Hz,Episodic proxy,4,6.0,8.0,0.0975595974568034,0.0126449109721763,0.0157460504408462,0.1058186241851555,2.748531655607452,0.0771020270198866,-0.0081527544895754,0.0852547815094621
0.5,421,5Hz,Episodic proxy,5,8.0,10.0,0.1284099271482663,0.0102815562074444,0.0157460504408462,0.1058186241851555,2.748531655607452,0.0771020270198866,-0.0081527544895754,0.0852547815094621
0.5,461,2Hz,Semantic proxy,1,0.0,2.0,0.1153149829199629,0.0019785790179716,0.0983338764712292,0.3978671056318398,2.016526204227121,0.0861876528286618,0.1109005688114731,0.0247129159828113
0.5,461,2Hz,Semantic proxy,2,2.0,4.0,0.0913572736848834,0.0013978612757728,0.0983338764712292,0.3978671056318398,2.016526204227121,0.0861876528286618,0.1109005688114731,0.0247129159828113
0.5,461,2Hz,Semantic proxy,3,4.0,6.0,0.098911891144605,0.0031779245088571,0.0983338764712292,0.3978671056318398,2.016526204227121,0.0861876528286618,0.1109005688114731,0.0247129159828113
0.5,461,2Hz,Semantic proxy,4,6.0,8.0,0.2091247533331561,0.0020731203795096,0.0983338764712292,0.3978671056318398,2.016526204227121,0.0861876528286618,0.1109005688114731,0.0247129159828113
0.5,461,2Hz,Semantic proxy,5,8.0,10.0,0.5858953359738811,0.01183016436126,0.0983338764712292,0.3978671056318398,2.016526204227121,0.0861876528286618,0.1109005688114731,0.0247129159828113
0.5,461,2Hz,Episodic proxy,1,0.0,2.0,0.0986077831101664,0.0012106653149843,0.0947514413787204,0.3208946175688507,1.759879796061588,0.1397594612812884,0.111113508631884,0.0286459526494044
0.5,461,2Hz,Episodic proxy,2,2.0,4.0,0.0913981244529578,0.0008755767053881,0.0947514413787204,0.3208946175688507,1.759879796061588,0.1397594612812884,0.111113508631884,0.0286459526494044
0.5,461,2Hz,Episodic proxy,3,4.0,6.0,0.0947483215943436,0.0029326638478396,0.0947514413787204,0.3208946175688507,1.759879796061588,0.1397594612812884,0.111113508631884,0.0286459526494044
0.5,461,2Hz,Episodic proxy,4,6.0,8.0,0.1634176985384937,0.0032280275532723,0.0947514413787204,0.3208946175688507,1.759879796061588,0.1397594612812884,0.111113508631884,0.0286459526494044
0.5,461,2Hz,Episodic proxy,5,8.0,10.0,0.4672595260968786,0.0119275755430613,0.0947514413787204,0.3208946175688507,1.759879796061588,0.1397594612812884,0.111113508631884,0.0286459526494044
0.5,461,5Hz,Semantic proxy,1,0.0,2.0,0.2745485116789345,0.0187362382948789,0.7511961603826595,1.4339880901181583,0.932771447871346,0.2601862284156239,0.5054818518415576,0.2452956234259336
0.5,461,5Hz,Semantic proxy,2,2.0,4.0,0.8250041518750074,0.0349390718517665,0.7511961603826595,1.4339880901181583,0.932771447871346,0.2601862284156239,0.5054818518415576,0.2452956234259336
0.5,461,5Hz,Semantic proxy,3,4.0,6.0,1.2625440449726282,0.0302216615885067,0.7511961603826595,1.4339880901181583,0.932771447871346,0.2601862284156239,0.5054818518415576,0.2452956234259336
0.5,461,5Hz,Semantic proxy,4,6.0,8.0,1.3930088310649802,0.0511844961140437,0.7511961603826595,1.4339880901181583,0.932771447871346,0.2601862284156239,0.5054818518415576,0.2452956234259336
0.5,461,5Hz,Semantic proxy,5,8.0,10.0,1.4699520317891828,0.0351780380588233,0.7511961603826595,1.4339880901181583,0.932771447871346,0.2601862284156239,0.5054818518415576,0.2452956234259336
0.5,461,5Hz,Episodic proxy,1,0.0,2.0,0.2441126193773564,0.0257399354340026,0.4887959182623117,0.9074927577225418,0.8926538918342881,0.3419084833949108,0.6430145743047041,0.3011060909097933
0.5,461,5Hz,Episodic proxy,2,2.0,4.0,0.5077787463283893,0.0274115895357118,0.4887959182623117,0.9074927577225418,0.8926538918342881,0.3419084833949108,0.6430145743047041,0.3011060909097933
0.5,461,5Hz,Episodic proxy,3,4.0,6.0,0.8055036842347311,0.0459939681276816,0.4887959182623117,0.9074927577225418,0.8926538918342881,0.3419084833949108,0.6430145743047041,0.3011060909097933
0.5,461,5Hz,Episodic proxy,4,6.0,8.0,0.841835256812209,0.0265863172736657,0.4887959182623117,0.9074927577225418,0.8926538918342881,0.3419084833949108,0.6430145743047041,0.3011060909097933
0.5,461,5Hz,Episodic proxy,5,8.0,10.0,0.9529221629572228,0.0412449583864172,0.4887959182623117,0.9074927577225418,0.8926538918342881,0.3419084833949108,0.6430145743047041,0.3011060909097933
0.5,503,2Hz,Semantic proxy,1,0.0,2.0,0.0123482407976289,0.0004439476105316,0.0615838270056358,0.2339444602111909,1.9255426374598763,0.008616224624893,0.0158180315662352,0.0072018069413422
0.5,503,2Hz,Semantic proxy,2,2.0,4.0,0.0458240013809332,0.0023185095316463,0.0615838270056358,0.2339444602111909,1.9255426374598763,0.008616224624893,0.0158180315662352,0.0072018069413422
0.5,503,2Hz,Semantic proxy,3,4.0,6.0,0.1141051469449843,0.0031885165419159,0.0615838270056358,0.2339444602111909,1.9255426374598763,0.008616224624893,0.0158180315662352,0.0072018069413422
0.5,503,2Hz,Semantic proxy,4,6.0,8.0,0.085040340541529,0.0019358652950074,0.0615838270056358,0.2339444602111909,1.9255426374598763,0.008616224624893,0.0158180315662352,0.0072018069413422
0.5,503,2Hz,Semantic proxy,5,8.0,10.0,0.3585221704781279,0.0087533138923044,0.0615838270056358,0.2339444602111909,1.9255426374598763,0.008616224624893,0.0158180315662352,0.0072018069413422
0.5,503,2Hz,Episodic proxy,1,0.0,2.0,0.0122572348552263,0.0009148346108795,0.0475877473633388,0.13801077010065,1.5361187874852693,0.0104501501391866,0.0356793577279889,0.0252292075888023
0.5,503,2Hz,Episodic proxy,2,2.0,4.0,0.0417359759860771,0.0019932151624038,0.0475877473633388,0.13801077010065,1.5361187874852693,0.0104501501391866,0.0356793577279889,0.0252292075888023
0.5,503,2Hz,Episodic proxy,3,4.0,6.0,0.0678030071984609,0.0023252537127838,0.0475877473633388,0.13801077010065,1.5361187874852693,0.0104501501391866,0.0356793577279889,0.0252292075888023
0.5,503,2Hz,Episodic proxy,4,6.0,8.0,0.0559623934056309,0.0018788372239964,0.0475877473633388,0.13801077010065,1.5361187874852693,0.0104501501391866,0.0356793577279889,0.0252292075888023
0.5,503,2Hz,Episodic proxy,5,8.0,10.0,0.2105663679609602,0.0052213226518964,0.0475877473633388,0.13801077010065,1.5361187874852693,0.0104501501391866,0.0356793577279889,0.0252292075888023
0.5,503,5Hz,Semantic proxy,1,0.0,2.0,0.0099973992635058,0.0010605838956061,0.0367793494026575,0.293653852631702,2.9971487006293804,-0.0027970264736056,0.0971525758885068,0.0999496023621125
0.5,503,5Hz,Semantic proxy,2,2.0,4.0,0.030222121164179,0.0015949177333829,0.0367793494026575,0.293653852631702,2.9971487006293804,-0.0027970264736056,0.0971525758885068,0.0999496023621125
0.5,503,5Hz,Semantic proxy,3,4.0,6.0,0.0851515995451409,0.0061168074044812,0.0367793494026575,0.293653852631702,2.9971487006293804,-0.0027970264736056,0.0971525758885068,0.0999496023621125
0.5,503,5Hz,Semantic proxy,4,6.0,8.0,0.1028366832829296,0.0078503913746026,0.0367793494026575,0.293653852631702,2.9971487006293804,-0.0027970264736056,0.0971525758885068,0.0999496023621125
0.5,503,5Hz,Semantic proxy,5,8.0,10.0,0.4403660187069372,0.0329072825340242,0.0367793494026575,0.293653852631702,2.9971487006293804,-0.0027970264736056,0.0971525758885068,0.0999496023621125
0.5,503,5Hz,Episodic proxy,1,0.0,2.0,0.0104989594185924,0.0015011694144728,0.0297464546344168,0.1720638042904118,2.5321540063797348,0.0268388517105507,0.1063934178814843,0.0795545661709336
0.5,503,5Hz,Episodic proxy,2,2.0,4.0,0.0274603871345363,0.0025564215607221,0.0297464546344168,0.1720638042904118,2.5321540063797348,0.0268388517105507,0.1063934178814843,0.0795545661709336
0.5,503,5Hz,Episodic proxy,3,4.0,6.0,0.0665152502185536,0.0043136190933359,0.0297464546344168,0.1720638042904118,2.5321540063797348,0.0268388517105507,0.1063934178814843,0.0795545661709336
0.5,503,5Hz,Episodic proxy,4,6.0,8.0,0.0905320452027093,0.0059553971761291,0.0297464546344168,0.1720638042904118,2.5321540063797348,0.0268388517105507,0.1063934178814843,0.0795545661709336
0.5,503,5Hz,Episodic proxy,5,8.0,10.0,0.2418387738418783,0.0231589063889435,0.0297464546344168,0.1720638042904118,2.5321540063797348,0.0268388517105507,0.1063934178814843,0.0795545661709336
1.0,37,2Hz,Semantic proxy,1,0.0,2.0,0.1209490940347801,0.0058674411884391,0.1771779918013724,0.336036874672756,0.9234201440209594,0.0199139985456799,0.0176629633546596,0.0022510351910203
1.0,37,2Hz,Semantic proxy,2,2.0,4.0,0.1949843636704594,0.0074329302301962,0.1771779918013724,0.336036874672756,0.9234201440209594,0.0199139985456799,0.0176629633546596,0.0022510351910203
1.0,37,2Hz,Semantic proxy,3,4.0,6.0,0.2496758518119648,0.017908567634714,0.1771779918013724,0.336036874672756,0.9234201440209594,0.0199139985456799,0.0176629633546596,0.0022510351910203
1.0,37,2Hz,Semantic proxy,4,6.0,8.0,0.3206099958056848,0.0198066347494471,0.1771779918013724,0.336036874672756,0.9234201440209594,0.0199139985456799,0.0176629633546596,0.0022510351910203
1.0,37,2Hz,Semantic proxy,5,8.0,10.0,0.3866881996090083,0.0219850622952809,0.1771779918013724,0.336036874672756,0.9234201440209594,0.0199139985456799,0.0176629633546596,0.0022510351910203
1.0,37,2Hz,Episodic proxy,1,0.0,2.0,0.0346689349739028,0.0016454696082625,0.0641009311364261,0.2026593746698457,1.6606396946504134,0.0483687021207861,0.0397578856467459,0.0086108164740402
1.0,37,2Hz,Episodic proxy,2,2.0,4.0,0.0590940931910032,0.0018890319908892,0.0641009311364261,0.2026593746698457,1.6606396946504134,0.0483687021207861,0.0397578856467459,0.0086108164740402
1.0,37,2Hz,Episodic proxy,3,4.0,6.0,0.0987333905206837,0.0029348773879599,0.0641009311364261,0.2026593746698457,1.6606396946504134,0.0483687021207861,0.0397578856467459,0.0086108164740402
1.0,37,2Hz,Episodic proxy,4,6.0,8.0,0.171169188091767,0.0031766520835439,0.0641009311364261,0.2026593746698457,1.6606396946504134,0.0483687021207861,0.0397578856467459,0.0086108164740402
1.0,37,2Hz,Episodic proxy,5,8.0,10.0,0.256339126375229,0.0040553630403115,0.0641009311364261,0.2026593746698457,1.6606396946504134,0.0483687021207861,0.0397578856467459,0.0086108164740402
1.0,37,5Hz,Semantic proxy,1,0.0,2.0,0.0846128646198535,0.0077923376366304,0.1290211512414905,0.2557779670916225,0.987284399698036,-0.0017312293656042,0.0229929326599436,0.0247241620255478
1.0,37,5Hz,Semantic proxy,2,2.0,4.0,0.1403529298864138,0.0126588836730468,0.1290211512414905,0.2557779670916225,0.987284399698036,-0.0017312293656042,0.0229929326599436,0.0247241620255478
1.0,37,5Hz,Semantic proxy,3,4.0,6.0,0.1839956398341229,0.0157237640023239,0.1290211512414905,0.2557779670916225,0.987284399698036,-0.0017312293656042,0.0229929326599436,0.0247241620255478
1.0,37,5Hz,Semantic proxy,4,6.0,8.0,0.243787134626067,0.0239529829029021,0.1290211512414905,0.2557779670916225,0.987284399698036,-0.0017312293656042,0.0229929326599436,0.0247241620255478
1.0,37,5Hz,Semantic proxy,5,8.0,10.0,0.2849760674477611,0.0242255935656545,0.1290211512414905,0.2557779670916225,0.987284399698036,-0.0017312293656042,0.0229929326599436,0.0247241620255478
1.0,37,5Hz,Episodic proxy,1,0.0,2.0,0.0255446366326679,0.0014864040428538,0.0570400116236859,0.2093050241258242,1.8755607613519285,0.0444609434880487,0.0593630175369055,0.0149020740488568
1.0,37,5Hz,Episodic proxy,2,2.0,4.0,0.0507330780086975,0.0017997033175359,0.0570400116236859,0.2093050241258242,1.8755607613519285,0.0444609434880487,0.0593630175369055,0.0149020740488568
1.0,37,5Hz,Episodic proxy,3,4.0,6.0,0.0903680621263634,0.0024813894547143,0.0570400116236859,0.2093050241258242,1.8755607613519285,0.0444609434880487,0.0593630175369055,0.0149020740488568
1.0,37,5Hz,Episodic proxy,4,6.0,8.0,0.175230407079524,0.0040119265305545,0.0570400116236859,0.2093050241258242,1.8755607613519285,0.0444609434880487,0.0593630175369055,0.0149020740488568
1.0,37,5Hz,Episodic proxy,5,8.0,10.0,0.2595542511213221,0.0062458919448858,0.0570400116236859,0.2093050241258242,1.8755607613519285,0.0444609434880487,0.0593630175369055,0.0149020740488568
1.0,53,2Hz,Semantic proxy,1,0.0,2.0,0.1131193723897302,0.0055201748389622,0.1687143013391623,0.3442234013243024,1.02876290821049,0.018835058401627,0.0127128050842376,0.0061222533173893
1.0,53,2Hz,Semantic proxy,2,2.0,4.0,0.1799379332278415,0.008147029601095,0.1687143013391623,0.3442234013243024,1.02876290821049,0.018835058401627,0.0127128050842376,0.0061222533173893
1.0,53,2Hz,Semantic proxy,3,4.0,6.0,0.2610573287740425,0.0182661992571798,0.1687143013391623,0.3442234013243024,1.02876290821049,0.018835058401627,0.0127128050842376,0.0061222533173893
1.0,53,2Hz,Semantic proxy,4,6.0,8.0,0.3317134490280591,0.0199936151728389,0.1687143013391623,0.3442234013243024,1.02876290821049,0.018835058401627,0.0127128050842376,0.0061222533173893
1.0,53,2Hz,Semantic proxy,5,8.0,10.0,0.3900893211714516,0.0217899847494691,0.1687143013391623,0.3442234013243024,1.02876290821049,0.018835058401627,0.0127128050842376,0.0061222533173893
1.0,53,2Hz,Episodic proxy,1,0.0,2.0,0.0317488191753902,0.0015464329956089,0.0581852397664646,0.1844952848109354,1.6648588187708924,0.0454215999731326,0.0247957970610268,0.0206258029121058
1.0,53,2Hz,Episodic proxy,2,2.0,4.0,0.0588825817133412,0.0018483831660115,0.0581852397664646,0.1844952848109354,1.6648588187708924,0.0454215999731326,0.0247957970610268,0.0206258029121058
1.0,53,2Hz,Episodic proxy,3,4.0,6.0,0.1059941148272956,0.0027860133052272,0.0581852397664646,0.1844952848109354,1.6648588187708924,0.0454215999731326,0.0247957970610268,0.0206258029121058
1.0,53,2Hz,Episodic proxy,4,6.0,8.0,0.1430374110834734,0.0033036033923517,0.0581852397664646,0.1844952848109354,1.6648588187708924,0.0454215999731326,0.0247957970610268,0.0206258029121058
1.0,53,2Hz,Episodic proxy,5,8.0,10.0,0.2308110895450732,0.0057052597395904,0.0581852397664646,0.1844952848109354,1.6648588187708924,0.0454215999731326,0.0247957970610268,0.0206258029121058
1.0,53,5Hz,Semantic proxy,1,0.0,2.0,0.0788130413711461,0.007000692839323,0.1175570914627518,0.2513283124218364,1.0962116314968444,0.0263168507078077,0.0390105829057738,0.012693732197966
1.0,53,5Hz,Semantic proxy,2,2.0,4.0,0.1237954811257771,0.0125647773081115,0.1175570914627518,0.2513283124218364,1.0962116314968444,0.0263168507078077,0.0390105829057738,0.012693732197966
1.0,53,5Hz,Semantic proxy,3,4.0,6.0,0.1772585044183185,0.0165957846496992,0.1175570914627518,0.2513283124218364,1.0962116314968444,0.0263168507078077,0.0390105829057738,0.012693732197966
1.0,53,5Hz,Semantic proxy,4,6.0,8.0,0.2379310295365967,0.0212938776394396,0.1175570914627518,0.2513283124218364,1.0962116314968444,0.0263168507078077,0.0390105829057738,0.012693732197966
1.0,53,5Hz,Semantic proxy,5,8.0,10.0,0.285238224188641,0.0244915591079688,0.1175570914627518,0.2513283124218364,1.0962116314968444,0.0263168507078077,0.0390105829057738,0.012693732197966
1.0,53,5Hz,Episodic proxy,1,0.0,2.0,0.0295364567299007,0.0017300000501229,0.0478779840298185,0.1181879253572605,1.3036483384712807,0.082046943731015,0.0566389291338445,0.0254080145971704
1.0,53,5Hz,Episodic proxy,2,2.0,4.0,0.0509831128428701,0.0015807017809018,0.0478779840298185,0.1181879253572605,1.3036483384712807,0.082046943731015,0.0566389291338445,0.0254080145971704
1.0,53,5Hz,Episodic proxy,3,4.0,6.0,0.0709569147799306,0.0030819229136159,0.0478779840298185,0.1181879253572605,1.3036483384712807,0.082046943731015,0.0566389291338445,0.0254080145971704
1.0,53,5Hz,Episodic proxy,4,6.0,8.0,0.0918401063019499,0.0031892233449468,0.0478779840298185,0.1181879253572605,1.3036483384712807,0.082046943731015,0.0566389291338445,0.0254080145971704
1.0,53,5Hz,Episodic proxy,5,8.0,10.0,0.1458950191669152,0.006004393057169,0.0478779840298185,0.1181879253572605,1.3036483384712807,0.082046943731015,0.0566389291338445,0.0254080145971704
1.0,71,2Hz,Semantic proxy,1,0.0,2.0,0.1149547991483053,0.0055118230264415,0.1649318424101566,0.3607784519744813,1.1292432158561518,0.02331049727474,0.0201438240303164,0.0031666732444236
1.0,71,2Hz,Semantic proxy,2,2.0,4.0,0.1804697064506582,0.0069673653677895,0.1649318424101566,0.3607784519744813,1.1292432158561518,0.02331049727474,0.0201438240303164,0.0031666732444236
1.0,71,2Hz,Semantic proxy,3,4.0,6.0,0.2477582376789059,0.0167791049151751,0.1649318424101566,0.3607784519744813,1.1292432158561518,0.02331049727474,0.0201438240303164,0.0031666732444236
1.0,71,2Hz,Semantic proxy,4,6.0,8.0,0.3329660703770039,0.0191584750121529,0.1649318424101566,0.3607784519744813,1.1292432158561518,0.02331049727474,0.0201438240303164,0.0031666732444236
1.0,71,2Hz,Semantic proxy,5,8.0,10.0,0.4266295664656339,0.0226281695641112,0.1649318424101566,0.3607784519744813,1.1292432158561518,0.02331049727474,0.0201438240303164,0.0031666732444236
1.0,71,2Hz,Episodic proxy,1,0.0,2.0,0.0252304772092071,0.0014827061147534,0.041979974285042,0.2698676598595489,2.6844789108498546,0.0573185825807328,0.0487940209204288,0.008524561660304
1.0,71,2Hz,Episodic proxy,2,2.0,4.0,0.0494003629945183,0.0018830949024469,0.041979974285042,0.2698676598595489,2.6844789108498546,0.0573185825807328,0.0487940209204288,0.008524561660304
1.0,71,2Hz,Episodic proxy,3,4.0,6.0,0.0696181169733141,0.0028693652551357,0.041979974285042,0.2698676598595489,2.6844789108498546,0.0573185825807328,0.0487940209204288,0.008524561660304
1.0,71,2Hz,Episodic proxy,4,6.0,8.0,0.1426593920742652,0.004693548813034,0.041979974285042,0.2698676598595489,2.6844789108498546,0.0573185825807328,0.0487940209204288,0.008524561660304
1.0,71,2Hz,Episodic proxy,5,8.0,10.0,0.3902397747663588,0.0080092458091955,0.041979974285042,0.2698676598595489,2.6844789108498546,0.0573185825807328,0.0487940209204288,0.008524561660304
1.0,71,5Hz,Semantic proxy,1,0.0,2.0,0.0790706522884015,0.0070004700436362,0.1188315653799837,0.2417854586033009,1.0248093690486877,0.0173533809579043,0.0083296162781211,0.0090237646797831
1.0,71,5Hz,Semantic proxy,2,2.0,4.0,0.1281886807135812,0.0126590071028148,0.1188315653799837,0.2417854586033009,1.0248093690486877,0.0173533809579043,0.0083296162781211,0.0090237646797831
1.0,71,5Hz,Semantic proxy,3,4.0,6.0,0.1709614843645454,0.0152517788310994,0.1188315653799837,0.2417854586033009,1.0248093690486877,0.0173533809579043,0.0083296162781211,0.0090237646797831
1.0,71,5Hz,Semantic proxy,4,6.0,8.0,0.2271841770743024,0.0209020516942751,0.1188315653799837,0.2417854586033009,1.0248093690486877,0.0173533809579043,0.0083296162781211,0.0090237646797831
1.0,71,5Hz,Semantic proxy,5,8.0,10.0,0.2779407367905601,0.0237005621433127,0.1188315653799837,0.2417854586033009,1.0248093690486877,0.0173533809579043,0.0083296162781211,0.0090237646797831
1.0,71,5Hz,Episodic proxy,1,0.0,2.0,0.0177762803711822,0.0013754421684986,0.0257548153417809,0.0865878624587874,1.749322611699775,0.0904209016257918,0.0363072133555041,0.0541136882702876
1.0,71,5Hz,Episodic proxy,2,2.0,4.0,0.028731347826095,0.0016986560792265,0.0257548153417809,0.0865878624587874,1.749322611699775,0.0904209016257918,0.0363072133555041,0.0541136882702876
1.0,71,5Hz,Episodic proxy,3,4.0,6.0,0.0369914432188033,0.0023523380051687,0.0257548153417809,0.0865878624587874,1.749322611699775,0.0904209016257918,0.0363072133555041,0.0541136882702876
1.0,71,5Hz,Episodic proxy,4,6.0,8.0,0.068346994252419,0.003284250889621,0.0257548153417809,0.0865878624587874,1.749322611699775,0.0904209016257918,0.0363072133555041,0.0541136882702876
1.0,71,5Hz,Episodic proxy,5,8.0,10.0,0.1104838507500113,0.0041183765290912,0.0257548153417809,0.0865878624587874,1.749322611699775,0.0904209016257918,0.0363072133555041,0.0541136882702876
1.0,89,2Hz,Semantic proxy,1,0.0,2.0,0.1198497829313431,0.0056541642105967,0.1715042097445499,0.3307694210270712,0.9475818771524064,0.0227054584192963,0.0146737331059953,0.0080317253133009
1.0,89,2Hz,Semantic proxy,2,2.0,4.0,0.1839515692741087,0.0076115789987182,0.1715042097445499,0.3307694210270712,0.9475818771524064,0.0227054584192963,0.0146737331059953,0.0080317253133009
1.0,89,2Hz,Semantic proxy,3,4.0,6.0,0.2489097051476745,0.0174072125044928,0.1715042097445499,0.3307694210270712,0.9475818771524064,0.0227054584192963,0.0146737331059953,0.0080317253133009
1.0,89,2Hz,Semantic proxy,4,6.0,8.0,0.3070444012779684,0.0194217009724741,0.1715042097445499,0.3307694210270712,0.9475818771524064,0.0227054584192963,0.0146737331059953,0.0080317253133009
1.0,89,2Hz,Semantic proxy,5,8.0,10.0,0.389308124868734,0.0225654089561835,0.1715042097445499,0.3307694210270712,0.9475818771524064,0.0227054584192963,0.0146737331059953,0.0080317253133009
1.0,89,2Hz,Episodic proxy,1,0.0,2.0,0.0372758187142199,0.0017051834866433,0.0466455828739645,0.1141783673137578,1.2914769619150523,0.0572252093758856,0.0259503361076164,0.0312748732682691
1.0,89,2Hz,Episodic proxy,2,2.0,4.0,0.0546808396306864,0.0018829433494278,0.0466455828739645,0.1141783673137578,1.2914769619150523,0.0572252093758856,0.0259503361076164,0.0312748732682691
1.0,89,2Hz,Episodic proxy,3,4.0,6.0,0.0594016031304348,0.0025638496308007,0.0466455828739645,0.1141783673137578,1.2914769619150523,0.0572252093758856,0.0259503361076164,0.0312748732682691
1.0,89,2Hz,Episodic proxy,4,6.0,8.0,0.0813098591024403,0.0039522345071643,0.0466455828739645,0.1141783673137578,1.2914769619150523,0.0572252093758856,0.0259503361076164,0.0312748732682691
1.0,89,2Hz,Episodic proxy,5,8.0,10.0,0.1515549116708282,0.0038509265137242,0.0466455828739645,0.1141783673137578,1.2914769619150523,0.0572252093758856,0.0259503361076164,0.0312748732682691
1.0,89,5Hz,Semantic proxy,1,0.0,2.0,0.0800931592586487,0.0073856042275686,0.1206404989237706,0.2512997930701731,1.058695183072856,0.0120627241513495,0.0173889725682488,0.0053262484168992
1.0,89,5Hz,Semantic proxy,2,2.0,4.0,0.1270488309014582,0.0128747337184599,0.1206404989237706,0.2512997930701731,1.058695183072856,0.0120627241513495,0.0173889725682488,0.0053262484168992
1.0,89,5Hz,Semantic proxy,3,4.0,6.0,0.179741316299394,0.0166002697220953,0.1206404989237706,0.2512997930701731,1.058695183072856,0.0120627241513495,0.0173889725682488,0.0053262484168992
1.0,89,5Hz,Semantic proxy,4,6.0,8.0,0.2243750102713266,0.0216479405844743,0.1206404989237706,0.2512997930701731,1.058695183072856,0.0120627241513495,0.0173889725682488,0.0053262484168992
1.0,89,5Hz,Semantic proxy,5,8.0,10.0,0.2979646704792011,0.0274940167807272,0.1206404989237706,0.2512997930701731,1.058695183072856,0.0120627241513495,0.0173889725682488,0.0053262484168992
1.0,89,5Hz,Episodic proxy,1,0.0,2.0,0.0230965895051488,0.0014852761672924,0.0333578372542485,0.0880070634567109,1.3995935641634405,0.0777505471305088,0.0177676493070931,0.0599828978234157
1.0,89,5Hz,Episodic proxy,2,2.0,4.0,0.0384874719577179,0.0016404715742617,0.0333578372542485,0.0880070634567109,1.3995935641634405,0.0777505471305088,0.0177676493070931,0.0599828978234157
1.0,89,5Hz,Episodic proxy,3,4.0,6.0,0.0469948705490699,0.0021298974207636,0.0333578372542485,0.0880070634567109,1.3995935641634405,0.0777505471305088,0.0177676493070931,0.0599828978234157
1.0,89,5Hz,Episodic proxy,4,6.0,8.0,0.0607976688101649,0.0033856472007276,0.0333578372542485,0.0880070634567109,1.3995935641634405,0.0777505471305088,0.0177676493070931,0.0599828978234157
1.0,89,5Hz,Episodic proxy,5,8.0,10.0,0.1153130210853015,0.0036822261795414,0.0333578372542485,0.0880070634567109,1.3995935641634405,0.0777505471305088,0.0177676493070931,0.0599828978234157
1.0,107,2Hz,Semantic proxy,1,0.0,2.0,0.1177291466175309,0.0053607243313217,0.1654730717375122,0.41268093163743,1.3184303194846398,0.0190393292859195,0.01348739892904,0.0055519303568795
1.0,107,2Hz,Semantic proxy,2,2.0,4.0,0.1738325152420491,0.0073080435939869,0.1654730717375122,0.41268093163743,1.3184303194846398,0.0190393292859195,0.01348739892904,0.0055519303568795
1.0,107,2Hz,Semantic proxy,3,4.0,6.0,0.2529570779494887,0.0171332411163942,0.1654730717375122,0.41268093163743,1.3184303194846398,0.0190393292859195,0.01348739892904,0.0055519303568795
1.0,107,2Hz,Semantic proxy,4,6.0,8.0,0.3551580646163601,0.0197585236594027,0.1654730717375122,0.41268093163743,1.3184303194846398,0.0190393292859195,0.01348739892904,0.0055519303568795
1.0,107,2Hz,Semantic proxy,5,8.0,10.0,0.513286153387137,0.0266197750876931,0.1654730717375122,0.41268093163743,1.3184303194846398,0.0190393292859195,0.01348739892904,0.0055519303568795
1.0,107,2Hz,Episodic proxy,1,0.0,2.0,0.0431950378927553,0.0014687732348264,0.0545555041899399,0.1665633319118467,1.6102741687695603,0.0457127564298606,0.0321533743019375,0.013559382127923
1.0,107,2Hz,Episodic proxy,2,2.0,4.0,0.0576254488316831,0.0018155645946947,0.0545555041899399,0.1665633319118467,1.6102741687695603,0.0457127564298606,0.0321533743019375,0.013559382127923
1.0,107,2Hz,Episodic proxy,3,4.0,6.0,0.0662184531057267,0.0025686049202619,0.0545555041899399,0.1665633319118467,1.6102741687695603,0.0457127564298606,0.0321533743019375,0.013559382127923
1.0,107,2Hz,Episodic proxy,4,6.0,8.0,0.0920145438020128,0.0035004007914618,0.0545555041899399,0.1665633319118467,1.6102741687695603,0.0457127564298606,0.0321533743019375,0.013559382127923
1.0,107,2Hz,Episodic proxy,5,8.0,10.0,0.2389075722072444,0.0045358970239755,0.0545555041899399,0.1665633319118467,1.6102741687695603,0.0457127564298606,0.0321533743019375,0.013559382127923
1.0,107,5Hz,Semantic proxy,1,0.0,2.0,0.0806102453005743,0.006861161234485,0.1190234600567405,0.3565787196888078,1.5829746435215903,0.0372313636840237,0.0324354130711679,0.0047959506128557
1.0,107,5Hz,Semantic proxy,2,2.0,4.0,0.1223951395011474,0.0124929443553797,0.1190234600567405,0.3565787196888078,1.5829746435215903,0.0372313636840237,0.0324354130711679,0.0047959506128557
1.0,107,5Hz,Semantic proxy,3,4.0,6.0,0.1884947971018258,0.0175182414807879,0.1190234600567405,0.3565787196888078,1.5829746435215903,0.0372313636840237,0.0324354130711679,0.0047959506128557
1.0,107,5Hz,Semantic proxy,4,6.0,8.0,0.2941800440504954,0.0235038112751511,0.1190234600567405,0.3565787196888078,1.5829746435215903,0.0372313636840237,0.0324354130711679,0.0047959506128557
1.0,107,5Hz,Semantic proxy,5,8.0,10.0,0.4450712368771777,0.0312989821296498,0.1190234600567405,0.3565787196888078,1.5829746435215903,0.0372313636840237,0.0324354130711679,0.0047959506128557
1.0,107,5Hz,Episodic proxy,1,0.0,2.0,0.0286817072574666,0.0012636437034173,0.0509423776294179,0.1352765630749396,1.408973710186383,0.0693051701775038,0.0349961715760786,0.0343089986014251
1.0,107,5Hz,Episodic proxy,2,2.0,4.0,0.0552369905707279,0.0019981978371662,0.0509423776294179,0.1352765630749396,1.408973710186383,0.0693051701775038,0.0349961715760786,0.0343089986014251
1.0,107,5Hz,Episodic proxy,3,4.0,6.0,0.0719232947515621,0.0027783564741629,0.0509423776294179,0.1352765630749396,1.408973710186383,0.0693051701775038,0.0349961715760786,0.0343089986014251
1.0,107,5Hz,Episodic proxy,4,6.0,8.0,0.0803227725255162,0.0033646446531156,0.0509423776294179,0.1352765630749396,1.408973710186383,0.0693051701775038,0.0349961715760786,0.0343089986014251
1.0,107,5Hz,Episodic proxy,5,8.0,10.0,0.185975146675656,0.0053024942147078,0.0509423776294179,0.1352765630749396,1.408973710186383,0.0693051701775038,0.0349961715760786,0.0343089986014251
1.0,127,2Hz,Semantic proxy,1,0.0,2.0,0.1233191436453393,0.0055776206460252,0.1802246601575507,0.4313138401601281,1.2589415817952276,0.0213449230530593,0.028020739613648,0.0066758165605886
1.0,127,2Hz,Semantic proxy,2,2.0,4.0,0.191781680167745,0.0076227071873587,0.1802246601575507,0.4313138401601281,1.2589415817952276,0.0213449230530593,0.028020739613648,0.0066758165605886
1.0,127,2Hz,Semantic proxy,3,4.0,6.0,0.2685570102319362,0.0182965995224395,0.1802246601575507,0.4313138401601281,1.2589415817952276,0.0213449230530593,0.028020739613648,0.0066758165605886
1.0,127,2Hz,Semantic proxy,4,6.0,8.0,0.3853372680501121,0.020791357131536,0.1802246601575507,0.4313138401601281,1.2589415817952276,0.0213449230530593,0.028020739613648,0.0066758165605886
1.0,127,2Hz,Semantic proxy,5,8.0,10.0,0.5236114896344948,0.0220915758542131,0.1802246601575507,0.4313138401601281,1.2589415817952276,0.0213449230530593,0.028020739613648,0.0066758165605886
1.0,127,2Hz,Episodic proxy,1,0.0,2.0,0.0302726716123259,0.0015558531335636,0.0507517137796844,0.2425578543973297,2.256800451938931,0.0536378645680022,0.0702115716926708,0.0165737071246685
1.0,127,2Hz,Episodic proxy,2,2.0,4.0,0.0576323492790997,0.002023669951986,0.0507517137796844,0.2425578543973297,2.256800451938931,0.0536378645680022,0.0702115716926708,0.0165737071246685
1.0,127,2Hz,Episodic proxy,3,4.0,6.0,0.1015878567163346,0.0031773659234009,0.0507517137796844,0.2425578543973297,2.256800451938931,0.0536378645680022,0.0702115716926708,0.0165737071246685
1.0,127,2Hz,Episodic proxy,4,6.0,8.0,0.1918319638826221,0.0045377547055814,0.0507517137796844,0.2425578543973297,2.256800451938931,0.0536378645680022,0.0702115716926708,0.0165737071246685
1.0,127,2Hz,Episodic proxy,5,8.0,10.0,0.3190397951180194,0.0053537788833649,0.0507517137796844,0.2425578543973297,2.256800451938931,0.0536378645680022,0.0702115716926708,0.0165737071246685
1.0,127,5Hz,Semantic proxy,1,0.0,2.0,0.0885590558019663,0.0077203693945554,0.1300038097350298,0.2591911204411031,0.9954623924116428,0.0020857481928507,-0.0028759220215889,0.0049616702144396
1.0,127,5Hz,Semantic proxy,2,2.0,4.0,0.1346642672696616,0.0122453409948356,0.1300038097350298,0.2591911204411031,0.9954623924116428,0.0020857481928507,-0.0028759220215889,0.0049616702144396
1.0,127,5Hz,Semantic proxy,3,4.0,6.0,0.1948466282077984,0.0179790203199555,0.1300038097350298,0.2591911204411031,0.9954623924116428,0.0020857481928507,-0.0028759220215889,0.0049616702144396
1.0,127,5Hz,Semantic proxy,4,6.0,8.0,0.2340316534815131,0.025640549788844,0.1300038097350298,0.2591911204411031,0.9954623924116428,0.0020857481928507,-0.0028759220215889,0.0049616702144396
1.0,127,5Hz,Semantic proxy,5,8.0,10.0,0.3004331735667175,0.022556901998127,0.1300038097350298,0.2591911204411031,0.9954623924116428,0.0020857481928507,-0.0028759220215889,0.0049616702144396
1.0,127,5Hz,Episodic proxy,1,0.0,2.0,0.0238576229019925,0.0015426468350927,0.0425121610401384,0.1565888145965411,1.8810336590353256,0.0651457093195286,0.0428788214531231,0.0222668878664054
1.0,127,5Hz,Episodic proxy,2,2.0,4.0,0.0488539271603051,0.001882692078079,0.0425121610401384,0.1565888145965411,1.8810336590353256,0.0651457093195286,0.0428788214531231,0.0222668878664054
1.0,127,5Hz,Episodic proxy,3,4.0,6.0,0.0825062996789614,0.003151389861551,0.0425121610401384,0.1565888145965411,1.8810336590353256,0.0651457093195286,0.0428788214531231,0.0222668878664054
1.0,127,5Hz,Episodic proxy,4,6.0,8.0,0.119639494450348,0.0050026479334064,0.0425121610401384,0.1565888145965411,1.8810336590353256,0.0651457093195286,0.0428788214531231,0.0222668878664054
1.0,127,5Hz,Episodic proxy,5,8.0,10.0,0.1919100404984921,0.0061302390720834,0.0425121610401384,0.1565888145965411,1.8810336590353256,0.0651457093195286,0.0428788214531231,0.0222668878664054
1.0,149,2Hz,Semantic proxy,1,0.0,2.0,0.1177071169560214,0.0054867954316649,0.1952448579794969,0.3610896247744178,0.8870724141087628,0.0153293499841837,0.0119896394918397,0.0033397104923439
1.0,149,2Hz,Semantic proxy,2,2.0,4.0,0.1927492399499048,0.008342637094927,0.1952448579794969,0.3610896247744178,0.8870724141087628,0.0153293499841837,0.0119896394918397,0.0033397104923439
1.0,149,2Hz,Semantic proxy,3,4.0,6.0,0.3031211106027902,0.0186516039145089,0.1952448579794969,0.3610896247744178,0.8870724141087628,0.0153293499841837,0.0119896394918397,0.0033397104923439
1.0,149,2Hz,Semantic proxy,4,6.0,8.0,0.3318160414304092,0.0215653582503569,0.1952448579794969,0.3610896247744178,0.8870724141087628,0.0153293499841837,0.0119896394918397,0.0033397104923439
1.0,149,2Hz,Semantic proxy,5,8.0,10.0,0.4212820191889015,0.0231124681367551,0.1952448579794969,0.3610896247744178,0.8870724141087628,0.0153293499841837,0.0119896394918397,0.0033397104923439
1.0,149,2Hz,Episodic proxy,1,0.0,2.0,0.0288957235261674,0.0015784948158867,0.063293392647079,0.1837178355004751,1.5373648852979866,0.0338436610601264,0.0351533178172671,0.0013096567571407
1.0,149,2Hz,Episodic proxy,2,2.0,4.0,0.0663627594872317,0.0021529163526536,0.063293392647079,0.1837178355004751,1.5373648852979866,0.0338436610601264,0.0351533178172671,0.0013096567571407
1.0,149,2Hz,Episodic proxy,3,4.0,6.0,0.10657982851697,0.0032301357391637,0.063293392647079,0.1837178355004751,1.5373648852979866,0.0338436610601264,0.0351533178172671,0.0013096567571407
1.0,149,2Hz,Episodic proxy,4,6.0,8.0,0.1603817304293985,0.0030183664783462,0.063293392647079,0.1837178355004751,1.5373648852979866,0.0338436610601264,0.0351533178172671,0.0013096567571407
1.0,149,2Hz,Episodic proxy,5,8.0,10.0,0.2280544854717438,0.0032153435202409,0.063293392647079,0.1837178355004751,1.5373648852979866,0.0338436610601264,0.0351533178172671,0.0013096567571407
1.0,149,5Hz,Semantic proxy,1,0.0,2.0,0.0828147548237613,0.0078185910740724,0.1670789497531307,0.3541019743986086,1.083634907957975,-0.0051602266657662,0.0371192269699474,0.0422794536357136
1.0,149,5Hz,Semantic proxy,2,2.0,4.0,0.1429898735800306,0.0165796319859721,0.1670789497531307,0.3541019743986086,1.083634907957975,-0.0051602266657662,0.0371192269699474,0.0422794536357136
1.0,149,5Hz,Semantic proxy,3,4.0,6.0,0.2977638661498092,0.0356894066082294,0.1670789497531307,0.3541019743986086,1.083634907957975,-0.0051602266657662,0.0371192269699474,0.0422794536357136
1.0,149,5Hz,Semantic proxy,4,6.0,8.0,0.3154414417703317,0.0257625794390789,0.1670789497531307,0.3541019743986086,1.083634907957975,-0.0051602266657662,0.0371192269699474,0.0422794536357136
1.0,149,5Hz,Semantic proxy,5,8.0,10.0,0.396862798223689,0.0294032700563405,0.1670789497531307,0.3541019743986086,1.083634907957975,-0.0051602266657662,0.0371192269699474,0.0422794536357136
1.0,149,5Hz,Episodic proxy,1,0.0,2.0,0.0191848920968086,0.0013148331043041,0.0592656178473058,0.1528251319245603,1.3666145200909707,-0.013055929044643,0.043802420646365,0.056858349691008
1.0,149,5Hz,Episodic proxy,2,2.0,4.0,0.0587617279345544,0.0020541678326705,0.0592656178473058,0.1528251319245603,1.3666145200909707,-0.013055929044643,0.043802420646365,0.056858349691008
1.0,149,5Hz,Episodic proxy,3,4.0,6.0,0.111723601979228,0.0063441481585308,0.0592656178473058,0.1528251319245603,1.3666145200909707,-0.013055929044643,0.043802420646365,0.056858349691008
1.0,149,5Hz,Episodic proxy,4,6.0,8.0,0.1385266872464015,0.0033518429778687,0.0592656178473058,0.1528251319245603,1.3666145200909707,-0.013055929044643,0.043802420646365,0.056858349691008
1.0,149,5Hz,Episodic proxy,5,8.0,10.0,0.1716641434867173,0.0039078134880396,0.0592656178473058,0.1528251319245603,1.3666145200909707,-0.013055929044643,0.043802420646365,0.056858349691008
1.0,173,2Hz,Semantic proxy,1,0.0,2.0,0.120287505339001,0.0057552881383833,0.1757075422462047,0.3894737735596559,1.1483500627941905,0.0214443305913585,0.0153913373737886,0.0060529932175699
1.0,173,2Hz,Semantic proxy,2,2.0,4.0,0.1919321224107165,0.0076798287873045,0.1757075422462047,0.3894737735596559,1.1483500627941905,0.0214443305913585,0.0153913373737886,0.0060529932175699
1.0,173,2Hz,Semantic proxy,3,4.0,6.0,0.2555017137692827,0.0165489715260347,0.1757075422462047,0.3894737735596559,1.1483500627941905,0.0214443305913585,0.0153913373737886,0.0060529932175699
1.0,173,2Hz,Semantic proxy,4,6.0,8.0,0.3831476620536315,0.0176777545658349,0.1757075422462047,0.3894737735596559,1.1483500627941905,0.0214443305913585,0.0153913373737886,0.0060529932175699
1.0,173,2Hz,Semantic proxy,5,8.0,10.0,0.4196455459130065,0.0230186830246051,0.1757075422462047,0.3894737735596559,1.1483500627941905,0.0214443305913585,0.0153913373737886,0.0060529932175699
1.0,173,2Hz,Episodic proxy,1,0.0,2.0,0.0297924151637127,0.0015892609264672,0.0643239962047239,0.1672888491511254,1.3789123403686048,0.0469275236373178,0.0249134312315247,0.022014092405793
1.0,173,2Hz,Episodic proxy,2,2.0,4.0,0.0683241308266728,0.0019921638100459,0.0643239962047239,0.1672888491511254,1.3789123403686048,0.0469275236373178,0.0249134312315247,0.022014092405793
1.0,173,2Hz,Episodic proxy,3,4.0,6.0,0.1187116329259847,0.0029760291358596,0.0643239962047239,0.1672888491511254,1.3789123403686048,0.0469275236373178,0.0249134312315247,0.022014092405793
1.0,173,2Hz,Episodic proxy,4,6.0,8.0,0.164703048336858,0.0036796333029196,0.0643239962047239,0.1672888491511254,1.3789123403686048,0.0469275236373178,0.0249134312315247,0.022014092405793
1.0,173,2Hz,Episodic proxy,5,8.0,10.0,0.1643302242750903,0.0047387589842597,0.0643239962047239,0.1672888491511254,1.3789123403686048,0.0469275236373178,0.0249134312315247,0.022014092405793
1.0,173,5Hz,Semantic proxy,1,0.0,2.0,0.0827722938321858,0.0076849879745064,0.1207736577604854,0.245596442076718,1.0239838415153064,0.0199573155724847,-0.0009561127560113,0.020913428328496
1.0,173,5Hz,Semantic proxy,2,2.0,4.0,0.1285177494142976,0.0125403907926255,0.1207736577604854,0.245596442076718,1.0239838415153064,0.0199573155724847,-0.0009561127560113,0.020913428328496
1.0,173,5Hz,Semantic proxy,3,4.0,6.0,0.1776161532807042,0.0161526514517077,0.1207736577604854,0.245596442076718,1.0239838415153064,0.0199573155724847,-0.0009561127560113,0.020913428328496
1.0,173,5Hz,Semantic proxy,4,6.0,8.0,0.2215735399353528,0.0216142507775378,0.1207736577604854,0.245596442076718,1.0239838415153064,0.0199573155724847,-0.0009561127560113,0.020913428328496
1.0,173,5Hz,Semantic proxy,5,8.0,10.0,0.2852971369086412,0.0284857992740607,0.1207736577604854,0.245596442076718,1.0239838415153064,0.0199573155724847,-0.0009561127560113,0.020913428328496
1.0,173,5Hz,Episodic proxy,1,0.0,2.0,0.0204883332131062,0.0015675689707545,0.0494978775897734,0.0679152029724951,0.4563678957169457,0.0799063654580485,-0.0021892520876063,0.0820956175456549
1.0,173,5Hz,Episodic proxy,2,2.0,4.0,0.0543601033995627,0.0017497647246785,0.0494978775897734,0.0679152029724951,0.4563678957169457,0.0799063654580485,-0.0021892520876063,0.0820956175456549
1.0,173,5Hz,Episodic proxy,3,4.0,6.0,0.0664288384349888,0.0028785058371177,0.0494978775897734,0.0679152029724951,0.4563678957169457,0.0799063654580485,-0.0021892520876063,0.0820956175456549
1.0,173,5Hz,Episodic proxy,4,6.0,8.0,0.0700200119036949,0.0018714899182639,0.0494978775897734,0.0679152029724951,0.4563678957169457,0.0799063654580485,-0.0021892520876063,0.0820956175456549
1.0,173,5Hz,Episodic proxy,5,8.0,10.0,0.0563188933257926,0.0030718038025626,0.0494978775897734,0.0679152029724951,0.4563678957169457,0.0799063654580485,-0.0021892520876063,0.0820956175456549
1.0,197,2Hz,Semantic proxy,1,0.0,2.0,0.1246859266518837,0.0055195330499504,0.1811447957194724,0.3289467001605306,0.8607104825298937,0.0191558664298783,0.0158856106397317,0.0032702557901466
1.0,197,2Hz,Semantic proxy,2,2.0,4.0,0.2005017180489209,0.0079459380416606,0.1811447957194724,0.3289467001605306,0.8607104825298937,0.0191558664298783,0.0158856106397317,0.0032702557901466
1.0,197,2Hz,Semantic proxy,3,4.0,6.0,0.2500858276101435,0.0185572124776502,0.1811447957194724,0.3289467001605306,0.8607104825298937,0.0191558664298783,0.0158856106397317,0.0032702557901466
1.0,197,2Hz,Semantic proxy,4,6.0,8.0,0.2990209778266099,0.0204176819974984,0.1811447957194724,0.3289467001605306,0.8607104825298937,0.0191558664298783,0.0158856106397317,0.0032702557901466
1.0,197,2Hz,Semantic proxy,5,8.0,10.0,0.3885842065921477,0.0208251517438348,0.1811447957194724,0.3289467001605306,0.8607104825298937,0.0191558664298783,0.0158856106397317,0.0032702557901466
1.0,197,2Hz,Episodic proxy,1,0.0,2.0,0.0240299074193443,0.0016589181883612,0.0471303989982847,0.1237058280948647,1.3921836707937063,0.0524910676404897,0.0327853970047838,0.0197056706357058
1.0,197,2Hz,Episodic proxy,2,2.0,4.0,0.0591315463999222,0.0021550180426358,0.0471303989982847,0.1237058280948647,1.3921836707937063,0.0524910676404897,0.0327853970047838,0.0197056706357058
1.0,197,2Hz,Episodic proxy,3,4.0,6.0,0.0530780187459428,0.0027217953826943,0.0471303989982847,0.1237058280948647,1.3921836707937063,0.0524910676404897,0.0327853970047838,0.0197056706357058
1.0,197,2Hz,Episodic proxy,4,6.0,8.0,0.0881017302123264,0.0036509411203824,0.0471303989982847,0.1237058280948647,1.3921836707937063,0.0524910676404897,0.0327853970047838,0.0197056706357058
1.0,197,2Hz,Episodic proxy,5,8.0,10.0,0.1677864808723375,0.0040181189226006,0.0471303989982847,0.1237058280948647,1.3921836707937063,0.0524910676404897,0.0327853970047838,0.0197056706357058
1.0,197,5Hz,Semantic proxy,1,0.0,2.0,0.0905369228191275,0.007950240924596,0.1340395846056354,0.2539584576130679,0.9219334003352622,-0.0207280189575784,0.0103081117399619,0.0310361306975403
1.0,197,5Hz,Semantic proxy,2,2.0,4.0,0.1465889636522642,0.0119393609376465,0.1340395846056354,0.2539584576130679,0.9219334003352622,-0.0207280189575784,0.0103081117399619,0.0310361306975403
1.0,197,5Hz,Semantic proxy,3,4.0,6.0,0.1813645760552917,0.0180024156941331,0.1340395846056354,0.2539584576130679,0.9219334003352622,-0.0207280189575784,0.0103081117399619,0.0310361306975403
1.0,197,5Hz,Semantic proxy,4,6.0,8.0,0.2230767746623185,0.0211561553811593,0.1340395846056354,0.2539584576130679,0.9219334003352622,-0.0207280189575784,0.0103081117399619,0.0310361306975403
1.0,197,5Hz,Semantic proxy,5,8.0,10.0,0.3000230336843063,0.0212604067520301,0.1340395846056354,0.2539584576130679,0.9219334003352622,-0.0207280189575784,0.0103081117399619,0.0310361306975403
1.0,197,5Hz,Episodic proxy,1,0.0,2.0,0.0179529298041539,0.0013868597068471,0.0426577969435699,0.1079452734998804,1.339418709870961,0.0382290819602803,0.0408381612285704,0.0026090792682901
1.0,197,5Hz,Episodic proxy,2,2.0,4.0,0.0539148214089854,0.0023288113966216,0.0426577969435699,0.1079452734998804,1.339418709870961,0.0382290819602803,0.0408381612285704,0.0026090792682901
1.0,197,5Hz,Episodic proxy,3,4.0,6.0,0.0499377654315247,0.0032473345926263,0.0426577969435699,0.1079452734998804,1.339418709870961,0.0382290819602803,0.0408381612285704,0.0026090792682901
1.0,197,5Hz,Episodic proxy,4,6.0,8.0,0.0730742289850341,0.0034267502104593,0.0426577969435699,0.1079452734998804,1.339418709870961,0.0382290819602803,0.0408381612285704,0.0026090792682901
1.0,197,5Hz,Episodic proxy,5,8.0,10.0,0.1458079496686286,0.0041482521125392,0.0426577969435699,0.1079452734998804,1.339418709870961,0.0382290819602803,0.0408381612285704,0.0026090792682901
1.0,223,2Hz,Semantic proxy,1,0.0,2.0,0.1213261088931131,0.0057117788623164,0.1773155625155018,0.4804816379677201,1.438162134879282,0.0196829790483486,0.0426076933272,0.0229247142788514
1.0,223,2Hz,Semantic proxy,2,2.0,4.0,0.1925122027319854,0.0076913366752143,0.1773155625155018,0.4804816379677201,1.438162134879282,0.0196829790483486,0.0426076933272,0.0229247142788514
1.0,223,2Hz,Semantic proxy,3,4.0,6.0,0.2707307225630498,0.0182750947443689,0.1773155625155018,0.4804816379677201,1.438162134879282,0.0196829790483486,0.0426076933272,0.0229247142788514
1.0,223,2Hz,Semantic proxy,4,6.0,8.0,0.3882400834774256,0.0205223111928891,0.1773155625155018,0.4804816379677201,1.438162134879282,0.0196829790483486,0.0426076933272,0.0229247142788514
1.0,223,2Hz,Semantic proxy,5,8.0,10.0,0.6114614490578772,0.0326240421850914,0.1773155625155018,0.4804816379677201,1.438162134879282,0.0196829790483486,0.0426076933272,0.0229247142788514
1.0,223,2Hz,Episodic proxy,1,0.0,2.0,0.0327627979168166,0.0015615787590712,0.0600076664805047,0.362602798530627,2.5951713257471805,0.0497671904806971,0.1059615569487266,0.0561943664680295
1.0,223,2Hz,Episodic proxy,2,2.0,4.0,0.0611077194474242,0.001955289185065,0.0600076664805047,0.362602798530627,2.5951713257471805,0.0497671904806971,0.1059615569487266,0.0561943664680295
1.0,223,2Hz,Episodic proxy,3,4.0,6.0,0.1046327449387842,0.0027185707614878,0.0600076664805047,0.362602798530627,2.5951713257471805,0.0497671904806971,0.1059615569487266,0.0561943664680295
1.0,223,2Hz,Episodic proxy,4,6.0,8.0,0.2068977430036087,0.0089892635205629,0.0600076664805047,0.362602798530627,2.5951713257471805,0.0497671904806971,0.1059615569487266,0.0561943664680295
1.0,223,2Hz,Episodic proxy,5,8.0,10.0,0.5165159991713071,0.018083721861947,0.0600076664805047,0.362602798530627,2.5951713257471805,0.0497671904806971,0.1059615569487266,0.0561943664680295
1.0,223,5Hz,Semantic proxy,1,0.0,2.0,0.0877023479410017,0.008035288839183,0.1304741952508181,0.4654719256855383,1.8349296525770091,-0.0235442761190112,0.0381409475104041,0.0616852236294153
1.0,223,5Hz,Semantic proxy,2,2.0,4.0,0.1380902411631795,0.0122014477948458,0.1304741952508181,0.4654719256855383,1.8349296525770091,-0.0235442761190112,0.0381409475104041,0.0616852236294153
1.0,223,5Hz,Semantic proxy,3,4.0,6.0,0.2081969438043091,0.019418072270038,0.1304741952508181,0.4654719256855383,1.8349296525770091,-0.0235442761190112,0.0381409475104041,0.0616852236294153
1.0,223,5Hz,Semantic proxy,4,6.0,8.0,0.3651148180345183,0.0278523202454152,0.1304741952508181,0.4654719256855383,1.8349296525770091,-0.0235442761190112,0.0381409475104041,0.0616852236294153
1.0,223,5Hz,Semantic proxy,5,8.0,10.0,0.5993482001981814,0.0531006931223078,0.1304741952508181,0.4654719256855383,1.8349296525770091,-0.0235442761190112,0.0381409475104041,0.0616852236294153
1.0,223,5Hz,Episodic proxy,1,0.0,2.0,0.024017175583068,0.0014185786806156,0.0529630961138532,0.48698429900493,3.2008158920159575,0.0497550544911427,0.1478899441091625,0.0981348896180198
1.0,223,5Hz,Episodic proxy,2,2.0,4.0,0.051165131742491,0.0022698706345479,0.0529630961138532,0.48698429900493,3.2008158920159575,0.0497550544911427,0.1478899441091625,0.0981348896180198
1.0,223,5Hz,Episodic proxy,3,4.0,6.0,0.1083274834312208,0.0039370867548187,0.0529630961138532,0.48698429900493,3.2008158920159575,0.0497550544911427,0.1478899441091625,0.0981348896180198
1.0,223,5Hz,Episodic proxy,4,6.0,8.0,0.3008101441835514,0.0165112824376145,0.0529630961138532,0.48698429900493,3.2008158920159575,0.0497550544911427,0.1478899441091625,0.0981348896180198
1.0,223,5Hz,Episodic proxy,5,8.0,10.0,0.6651000123213052,0.0326748562858038,0.0529630961138532,0.48698429900493,3.2008158920159575,0.0497550544911427,0.1478899441091625,0.0981348896180198
1.0,251,2Hz,Semantic proxy,1,0.0,2.0,0.1183488826466157,0.0055032291775953,0.1696490837770579,0.3273155321472213,0.9481284258913965,0.0264323941879551,0.0134354593258414,0.0129969348621137
1.0,251,2Hz,Semantic proxy,2,2.0,4.0,0.184047431104143,0.0073501586730458,0.1696490837770579,0.3273155321472213,0.9481284258913965,0.0264323941879551,0.0134354593258414,0.0129969348621137
1.0,251,2Hz,Semantic proxy,3,4.0,6.0,0.244837945174205,0.0170666816749157,0.1696490837770579,0.3273155321472213,0.9481284258913965,0.0264323941879551,0.0134354593258414,0.0129969348621137
1.0,251,2Hz,Semantic proxy,4,6.0,8.0,0.2989161451553449,0.0190661192645264,0.1696490837770579,0.3273155321472213,0.9481284258913965,0.0264323941879551,0.0134354593258414,0.0129969348621137
1.0,251,2Hz,Semantic proxy,5,8.0,10.0,0.3874581639109755,0.0223475529923821,0.1696490837770579,0.3273155321472213,0.9481284258913965,0.0264323941879551,0.0134354593258414,0.0129969348621137
1.0,251,2Hz,Episodic proxy,1,0.0,2.0,0.0285304997628417,0.0015997020053258,0.0369507042882472,0.113218659757783,1.6154379829435093,0.060923117595732,0.031334598101311,0.029588519494421
1.0,251,2Hz,Episodic proxy,2,2.0,4.0,0.0380604011582103,0.0018475421653205,0.0369507042882472,0.113218659757783,1.6154379829435093,0.060923117595732,0.031334598101311,0.029588519494421
1.0,251,2Hz,Episodic proxy,3,4.0,6.0,0.0480191945429312,0.0025004441612302,0.0369507042882472,0.113218659757783,1.6154379829435093,0.060923117595732,0.031334598101311,0.029588519494421
1.0,251,2Hz,Episodic proxy,4,6.0,8.0,0.0636085176737891,0.0024877040768327,0.0369507042882472,0.113218659757783,1.6154379829435093,0.060923117595732,0.031334598101311,0.029588519494421
1.0,251,2Hz,Episodic proxy,5,8.0,10.0,0.160181657779624,0.0031567443804112,0.0369507042882472,0.113218659757783,1.6154379829435093,0.060923117595732,0.031334598101311,0.029588519494421
1.0,251,5Hz,Semantic proxy,1,0.0,2.0,0.0814788868705813,0.0073463717945792,0.1183585949563161,0.2414589963923895,1.028613741713578,-0.0067607977311975,0.0116701708186395,0.0184309685498371
1.0,251,5Hz,Semantic proxy,2,2.0,4.0,0.1261598179790038,0.0128148508421931,0.1183585949563161,0.2414589963923895,1.028613741713578,-0.0067607977311975,0.0116701708186395,0.0184309685498371
1.0,251,5Hz,Semantic proxy,3,4.0,6.0,0.1715495896032215,0.0152832963062953,0.1183585949563161,0.2414589963923895,1.028613741713578,-0.0067607977311975,0.0116701708186395,0.0184309685498371
1.0,251,5Hz,Semantic proxy,4,6.0,8.0,0.2138334476372953,0.0210448896853164,0.1183585949563161,0.2414589963923895,1.028613741713578,-0.0067607977311975,0.0116701708186395,0.0184309685498371
1.0,251,5Hz,Semantic proxy,5,8.0,10.0,0.284916600713972,0.0228428262251259,0.1183585949563161,0.2414589963923895,1.028613741713578,-0.0067607977311975,0.0116701708186395,0.0184309685498371
1.0,251,5Hz,Episodic proxy,1,0.0,2.0,0.0163397730045165,0.0013414766957307,0.0253668984185329,0.1105213491097211,2.123306039394836,0.0632007209562514,0.0381983017441762,0.0250024192120752
1.0,251,5Hz,Episodic proxy,2,2.0,4.0,0.0279204150515319,0.0015690221390594,0.0253668984185329,0.1105213491097211,2.123306039394836,0.0632007209562514,0.0381983017441762,0.0250024192120752
1.0,251,5Hz,Episodic proxy,3,4.0,6.0,0.0384327570857417,0.0022564623033043,0.0253668984185329,0.1105213491097211,2.123306039394836,0.0632007209562514,0.0381983017441762,0.0250024192120752
1.0,251,5Hz,Episodic proxy,4,6.0,8.0,0.0586175556825554,0.0017761014102792,0.0253668984185329,0.1105213491097211,2.123306039394836,0.0632007209562514,0.0381983017441762,0.0250024192120752
1.0,251,5Hz,Episodic proxy,5,8.0,10.0,0.1579047931396003,0.0025903765781942,0.0253668984185329,0.1105213491097211,2.123306039394836,0.0632007209562514,0.0381983017441762,0.0250024192120752
1.0,281,2Hz,Semantic proxy,1,0.0,2.0,0.1207907589527028,0.0054363267847506,0.1761417561812797,0.3809729341258447,1.1129515512722443,0.0199494403304716,0.0156344414600579,0.0043149988704137
1.0,281,2Hz,Semantic proxy,2,2.0,4.0,0.1920052124565369,0.0071348470546667,0.1761417561812797,0.3809729341258447,1.1129515512722443,0.0199494403304716,0.0156344414600579,0.0043149988704137
1.0,281,2Hz,Semantic proxy,3,4.0,6.0,0.2621629239040778,0.0176045411697255,0.1761417561812797,0.3809729341258447,1.1129515512722443,0.0199494403304716,0.0156344414600579,0.0043149988704137
1.0,281,2Hz,Semantic proxy,4,6.0,8.0,0.3536834248580714,0.0212785094296851,0.1761417561812797,0.3809729341258447,1.1129515512722443,0.0199494403304716,0.0156344414600579,0.0043149988704137
1.0,281,2Hz,Semantic proxy,5,8.0,10.0,0.4542357655604035,0.0244480613872955,0.1761417561812797,0.3809729341258447,1.1129515512722443,0.0199494403304716,0.0156344414600579,0.0043149988704137
1.0,281,2Hz,Episodic proxy,1,0.0,2.0,0.0318311410150427,0.001569616845299,0.0432209653585911,0.1215949354705819,1.4922799397181985,0.0494430458721917,0.0262198091297401,0.0232232367424516
1.0,281,2Hz,Episodic proxy,2,2.0,4.0,0.0496538988409227,0.0017632791282006,0.0432209653585911,0.1215949354705819,1.4922799397181985,0.0494430458721917,0.0262198091297401,0.0232232367424516
1.0,281,2Hz,Episodic proxy,3,4.0,6.0,0.0525898358329155,0.0027430305864154,0.0432209653585911,0.1215949354705819,1.4922799397181985,0.0494430458721917,0.0262198091297401,0.0232232367424516
1.0,281,2Hz,Episodic proxy,4,6.0,8.0,0.0908961977327445,0.0045160386359804,0.0432209653585911,0.1215949354705819,1.4922799397181985,0.0494430458721917,0.0262198091297401,0.0232232367424516
1.0,281,2Hz,Episodic proxy,5,8.0,10.0,0.1626105685370839,0.0046231621770149,0.0432209653585911,0.1215949354705819,1.4922799397181985,0.0494430458721917,0.0262198091297401,0.0232232367424516
1.0,281,5Hz,Semantic proxy,1,0.0,2.0,0.0840252337840789,0.0073260859764872,0.1257041264273143,0.2848835881250305,1.1803405025805356,0.0079759383493851,0.0136618435780659,0.0056859052286808
1.0,281,5Hz,Semantic proxy,2,2.0,4.0,0.1349897981104273,0.0129178288995932,0.1257041264273143,0.2848835881250305,1.1803405025805356,0.0079759383493851,0.0136618435780659,0.0056859052286808
1.0,281,5Hz,Semantic proxy,3,4.0,6.0,0.1898318693965476,0.0179147236740198,0.1257041264273143,0.2848835881250305,1.1803405025805356,0.0079759383493851,0.0136618435780659,0.0056859052286808
1.0,281,5Hz,Semantic proxy,4,6.0,8.0,0.2561855608587255,0.0235593390940195,0.1257041264273143,0.2848835881250305,1.1803405025805356,0.0079759383493851,0.0136618435780659,0.0056859052286808
1.0,281,5Hz,Semantic proxy,5,8.0,10.0,0.3381468979068465,0.0255681645531377,0.1257041264273143,0.2848835881250305,1.1803405025805356,0.0079759383493851,0.0136618435780659,0.0056859052286808
1.0,281,5Hz,Episodic proxy,1,0.0,2.0,0.0217365334130673,0.0013672228882222,0.0331725083527114,0.1042902482407465,1.6525442522512623,0.0582375113584723,0.0365365841293628,0.0217009272291095
1.0,281,5Hz,Episodic proxy,2,2.0,4.0,0.0358820317597346,0.0015748652313092,0.0331725083527114,0.1042902482407465,1.6525442522512623,0.0582375113584723,0.0365365841293628,0.0217009272291095
1.0,281,5Hz,Episodic proxy,3,4.0,6.0,0.0438328997530692,0.0024058095421762,0.0331725083527114,0.1042902482407465,1.6525442522512623,0.0582375113584723,0.0365365841293628,0.0217009272291095
1.0,281,5Hz,Episodic proxy,4,6.0,8.0,0.0750594141759237,0.0044080933475863,0.0331725083527114,0.1042902482407465,1.6525442522512623,0.0582375113584723,0.0365365841293628,0.0217009272291095
1.0,281,5Hz,Episodic proxy,5,8.0,10.0,0.1391044382680236,0.004100182198073,0.0331725083527114,0.1042902482407465,1.6525442522512623,0.0582375113584723,0.0365365841293628,0.0217009272291095
1.0,313,2Hz,Semantic proxy,1,0.0,2.0,0.1213640313617839,0.0052915851455853,0.1750961572728055,0.3286970596048402,0.9086111285090588,0.0190197960851636,0.0190610558303885,4.1259745224817707e-05
1.0,313,2Hz,Semantic proxy,2,2.0,4.0,0.190784602814202,0.0076559307660207,0.1750961572728055,0.3286970596048402,0.9086111285090588,0.0190197960851636,0.0190610558303885,4.1259745224817707e-05
1.0,313,2Hz,Semantic proxy,3,4.0,6.0,0.2493411589631024,0.0175553162259402,0.1750961572728055,0.3286970596048402,0.9086111285090588,0.0190197960851636,0.0190610558303885,4.1259745224817707e-05
1.0,313,2Hz,Semantic proxy,4,6.0,8.0,0.3046169942361916,0.0179449970408418,0.1750961572728055,0.3286970596048402,0.9086111285090588,0.0190197960851636,0.0190610558303885,4.1259745224817707e-05
1.0,313,2Hz,Semantic proxy,5,8.0,10.0,0.384742726550645,0.0217803640547822,0.1750961572728055,0.3286970596048402,0.9086111285090588,0.0190197960851636,0.0190610558303885,4.1259745224817707e-05
1.0,313,2Hz,Episodic proxy,1,0.0,2.0,0.034777456441646,0.0016527673628863,0.08313491442203,0.1526634809259004,0.8768285897571464,0.0393224169383666,0.0343881891769352,0.0049342277614313
1.0,313,2Hz,Episodic proxy,2,2.0,4.0,0.0906674229636597,0.0025907895548125,0.08313491442203,0.1526634809259004,0.8768285897571464,0.0393224169383666,0.0343881891769352,0.0049342277614313
1.0,313,2Hz,Episodic proxy,3,4.0,6.0,0.1168639590077475,0.003064331781609,0.08313491442203,0.1526634809259004,0.8768285897571464,0.0393224169383666,0.0343881891769352,0.0049342277614313
1.0,313,2Hz,Episodic proxy,4,6.0,8.0,0.1068396318236535,0.0037197666089232,0.08313491442203,0.1526634809259004,0.8768285897571464,0.0393224169383666,0.0343881891769352,0.0049342277614313
1.0,313,2Hz,Episodic proxy,5,8.0,10.0,0.1945846078041509,0.007091193637778,0.08313491442203,0.1526634809259004,0.8768285897571464,0.0393224169383666,0.0343881891769352,0.0049342277614313
1.0,313,5Hz,Semantic proxy,1,0.0,2.0,0.0834078930542374,0.0070106054742686,0.1217224819896006,0.2868912183299291,1.236908151614661,3.116180635632723e-05,0.0252617565502675,0.0252305947439111
1.0,313,5Hz,Semantic proxy,2,2.0,4.0,0.1312507897753253,0.012098774865681,0.1217224819896006,0.2868912183299291,1.236908151614661,3.116180635632723e-05,0.0252617565502675,0.0252305947439111
1.0,313,5Hz,Semantic proxy,3,4.0,6.0,0.1750716299267629,0.0172697136677039,0.1217224819896006,0.2868912183299291,1.236908151614661,3.116180635632723e-05,0.0252617565502675,0.0252305947439111
1.0,313,5Hz,Semantic proxy,4,6.0,8.0,0.2462587992865349,0.0219726240383957,0.1217224819896006,0.2868912183299291,1.236908151614661,3.116180635632723e-05,0.0252617565502675,0.0252305947439111
1.0,313,5Hz,Semantic proxy,5,8.0,10.0,0.3459327248363264,0.0272307681653779,0.1217224819896006,0.2868912183299291,1.236908151614661,3.116180635632723e-05,0.0252617565502675,0.0252305947439111
1.0,313,5Hz,Episodic proxy,1,0.0,2.0,0.0233465588193036,0.0015736406549058,0.0530279904149738,0.1051765422736128,0.98798699219067,0.0610098399902438,0.0386359597249354,0.0223738802653084
1.0,313,5Hz,Episodic proxy,2,2.0,4.0,0.0602703936271263,0.002511264782511,0.0530279904149738,0.1051765422736128,0.98798699219067,0.0610098399902438,0.0386359597249354,0.0223738802653084
1.0,313,5Hz,Episodic proxy,3,4.0,6.0,0.0707576798495528,0.0031854999820337,0.0530279904149738,0.1051765422736128,0.98798699219067,0.0610098399902438,0.0386359597249354,0.0223738802653084
1.0,313,5Hz,Episodic proxy,4,6.0,8.0,0.073851624693343,0.0034806371229592,0.0530279904149738,0.1051765422736128,0.98798699219067,0.0610098399902438,0.0386359597249354,0.0223738802653084
1.0,313,5Hz,Episodic proxy,5,8.0,10.0,0.134022846948608,0.0044803356824268,0.0530279904149738,0.1051765422736128,0.98798699219067,0.0610098399902438,0.0386359597249354,0.0223738802653084
1.0,347,2Hz,Semantic proxy,1,0.0,2.0,0.1153953379404461,0.0055689862562535,0.1716799248432031,0.3413533479004415,0.991544551872012,0.0207347924328546,0.0118292791157707,0.0089055133170838
1.0,347,2Hz,Semantic proxy,2,2.0,4.0,0.1872018766233588,0.0076068308810454,0.1716799248432031,0.3413533479004415,0.991544551872012,0.0207347924328546,0.0118292791157707,0.0089055133170838
1.0,347,2Hz,Semantic proxy,3,4.0,6.0,0.2453305191692432,0.0174490933636284,0.1716799248432031,0.3413533479004415,0.991544551872012,0.0207347924328546,0.0118292791157707,0.0089055133170838
1.0,347,2Hz,Semantic proxy,4,6.0,8.0,0.3032932027562367,0.0211153765104779,0.1716799248432031,0.3413533479004415,0.991544551872012,0.0207347924328546,0.0118292791157707,0.0089055133170838
1.0,347,2Hz,Semantic proxy,5,8.0,10.0,0.4089139290592416,0.0235396212607935,0.1716799248432031,0.3413533479004415,0.991544551872012,0.0207347924328546,0.0118292791157707,0.0089055133170838
1.0,347,2Hz,Episodic proxy,1,0.0,2.0,0.0263011465136917,0.0015161825402694,0.0433973261773282,0.1063537988279284,1.293193503216432,0.0448077657086618,0.0224242154176156,0.0223835502910462
1.0,347,2Hz,Episodic proxy,2,2.0,4.0,0.0440680540607038,0.00181537791656,0.0433973261773282,0.1063537988279284,1.293193503216432,0.0448077657086618,0.0224242154176156,0.0223835502910462
1.0,347,2Hz,Episodic proxy,3,4.0,6.0,0.0661530385215955,0.0023720609201436,0.0433973261773282,0.1063537988279284,1.293193503216432,0.0448077657086618,0.0224242154176156,0.0223835502910462
1.0,347,2Hz,Episodic proxy,4,6.0,8.0,0.0824410479483048,0.0036472833631314,0.0433973261773282,0.1063537988279284,1.293193503216432,0.0448077657086618,0.0224242154176156,0.0223835502910462
1.0,347,2Hz,Episodic proxy,5,8.0,10.0,0.136397690472595,0.0036801218396495,0.0433973261773282,0.1063537988279284,1.293193503216432,0.0448077657086618,0.0224242154176156,0.0223835502910462
1.0,347,5Hz,Semantic proxy,1,0.0,2.0,0.0794422543755123,0.007458080799401,0.1216768604669492,0.2848802242997195,1.2273006427950357,-0.0264187408563263,0.0517782914323841,0.0781970322887104
1.0,347,5Hz,Semantic proxy,2,2.0,4.0,0.1274101560051933,0.0127245658791659,0.1216768604669492,0.2848802242997195,1.2273006427950357,-0.0264187408563263,0.0517782914323841,0.0781970322887104
1.0,347,5Hz,Semantic proxy,3,4.0,6.0,0.1963634306346109,0.0162975442297535,0.1216768604669492,0.2848802242997195,1.2273006427950357,-0.0264187408563263,0.0517782914323841,0.0781970322887104
1.0,347,5Hz,Semantic proxy,4,6.0,8.0,0.263231650171838,0.0261766818524606,0.1216768604669492,0.2848802242997195,1.2273006427950357,-0.0264187408563263,0.0517782914323841,0.0781970322887104
1.0,347,5Hz,Semantic proxy,5,8.0,10.0,0.3255132869294309,0.0552320931225456,0.1216768604669492,0.2848802242997195,1.2273006427950357,-0.0264187408563263,0.0517782914323841,0.0781970322887104
1.0,347,5Hz,Episodic proxy,1,0.0,2.0,0.0191214085455237,0.0012699235109882,0.0325268601397486,0.1195643443226354,1.8780837538501431,0.0139870278474299,0.0637264968852296,0.0497394690377996
1.0,347,5Hz,Episodic proxy,2,2.0,4.0,0.032886857108184,0.001541004366058,0.0325268601397486,0.1195643443226354,1.8780837538501431,0.0139870278474299,0.0637264968852296,0.0497394690377996
1.0,347,5Hz,Episodic proxy,3,4.0,6.0,0.0501244081251062,0.0032666920533893,0.0325268601397486,0.1195643443226354,1.8780837538501431,0.0139870278474299,0.0637264968852296,0.0497394690377996
1.0,347,5Hz,Episodic proxy,4,6.0,8.0,0.0830029918756385,0.0044047428725134,0.0325268601397486,0.1195643443226354,1.8780837538501431,0.0139870278474299,0.0637264968852296,0.0497394690377996
1.0,347,5Hz,Episodic proxy,5,8.0,10.0,0.1560161690323672,0.0096210703546627,0.0325268601397486,0.1195643443226354,1.8780837538501431,0.0139870278474299,0.0637264968852296,0.0497394690377996
1.0,383,2Hz,Semantic proxy,1,0.0,2.0,0.1184343525844068,0.0055244937799086,0.1792353813714655,0.4007625107474379,1.1608921022308685,0.0194640337897642,0.019746155247097,0.0002821214573328
1.0,383,2Hz,Semantic proxy,2,2.0,4.0,0.1957925857006164,0.0079793954952381,0.1792353813714655,0.4007625107474379,1.1608921022308685,0.0194640337897642,0.019746155247097,0.0002821214573328
1.0,383,2Hz,Semantic proxy,3,4.0,6.0,0.2541341231454918,0.0183311370906212,0.1792353813714655,0.4007625107474379,1.1608921022308685,0.0194640337897642,0.019746155247097,0.0002821214573328
1.0,383,2Hz,Semantic proxy,4,6.0,8.0,0.3217767786901388,0.0191275548054877,0.1792353813714655,0.4007625107474379,1.1608921022308685,0.0194640337897642,0.019746155247097,0.0002821214573328
1.0,383,2Hz,Semantic proxy,5,8.0,10.0,0.4929052301057278,0.0256017017939525,0.1792353813714655,0.4007625107474379,1.1608921022308685,0.0194640337897642,0.019746155247097,0.0002821214573328
1.0,383,2Hz,Episodic proxy,1,0.0,2.0,0.0341300874721573,0.0014810926433233,0.0610663104677401,0.1940838576248537,1.668231543449035,0.0491048094920546,0.0360944714892751,0.0130103380027795
1.0,383,2Hz,Episodic proxy,2,2.0,4.0,0.0682703330552348,0.0019273029743137,0.0610663104677401,0.1940838576248537,1.668231543449035,0.0491048094920546,0.0360944714892751,0.0130103380027795
1.0,383,2Hz,Episodic proxy,3,4.0,6.0,0.0956516359033213,0.0027729990254122,0.0610663104677401,0.1940838576248537,1.668231543449035,0.0491048094920546,0.0360944714892751,0.0130103380027795
1.0,383,2Hz,Episodic proxy,4,6.0,8.0,0.1521280702580056,0.0065036945168865,0.0610663104677401,0.1940838576248537,1.668231543449035,0.0491048094920546,0.0360944714892751,0.0130103380027795
1.0,383,2Hz,Episodic proxy,5,8.0,10.0,0.2567948402192786,0.0050559452603241,0.0610663104677401,0.1940838576248537,1.668231543449035,0.0491048094920546,0.0360944714892751,0.0130103380027795
1.0,383,5Hz,Semantic proxy,1,0.0,2.0,0.0852182835038118,0.0075328076851881,0.132511038174788,0.3142325911395697,1.2457202785971526,-0.002635613853003,0.0342862266538132,0.0369218405068163
1.0,383,5Hz,Semantic proxy,2,2.0,4.0,0.1425442704147441,0.011873288825283,0.132511038174788,0.3142325911395697,1.2457202785971526,-0.002635613853003,0.0342862266538132,0.0369218405068163
1.0,383,5Hz,Semantic proxy,3,4.0,6.0,0.1866531649470543,0.0182779582841113,0.132511038174788,0.3142325911395697,1.2457202785971526,-0.002635613853003,0.0342862266538132,0.0369218405068163
1.0,383,5Hz,Semantic proxy,4,6.0,8.0,0.2392365131866589,0.0246702082457212,0.132511038174788,0.3142325911395697,1.2457202785971526,-0.002635613853003,0.0342862266538132,0.0369218405068163
1.0,383,5Hz,Semantic proxy,5,8.0,10.0,0.3826041828689918,0.027555659297755,0.132511038174788,0.3142325911395697,1.2457202785971526,-0.002635613853003,0.0342862266538132,0.0369218405068163
1.0,383,5Hz,Episodic proxy,1,0.0,2.0,0.0309639498465278,0.0012834577012674,0.0554036777315058,0.1877948844818462,1.761104113041575,0.0431911696308401,0.0566072449844167,0.0134160753535766
1.0,383,5Hz,Episodic proxy,2,2.0,4.0,0.0597542330174961,0.0019885727173525,0.0554036777315058,0.1877948844818462,1.761104113041575,0.0431911696308401,0.0566072449844167,0.0134160753535766
1.0,383,5Hz,Episodic proxy,3,4.0,6.0,0.0869382887669685,0.0034668934704593,0.0554036777315058,0.1877948844818462,1.761104113041575,0.0431911696308401,0.0566072449844167,0.0134160753535766
1.0,383,5Hz,Episodic proxy,4,6.0,8.0,0.1408586472999934,0.0074750319936756,0.0554036777315058,0.1877948844818462,1.761104113041575,0.0431911696308401,0.0566072449844167,0.0134160753535766
1.0,383,5Hz,Episodic proxy,5,8.0,10.0,0.2478477931396071,0.0038840555944794,0.0554036777315058,0.1877948844818462,1.761104113041575,0.0431911696308401,0.0566072449844167,0.0134160753535766
1.0,421,2Hz,Semantic proxy,1,0.0,2.0,0.1166395151049975,0.0053815693435506,0.1804558210350596,0.3880138363395047,1.104462417392737,0.0154716811216984,0.0213905134345526,0.0059188323128542
1.0,421,2Hz,Semantic proxy,2,2.0,4.0,0.1865723750903345,0.0071494877816574,0.1804558210350596,0.3880138363395047,1.104462417392737,0.0154716811216984,0.0213905134345526,0.0059188323128542
1.0,421,2Hz,Semantic proxy,3,4.0,6.0,0.2906351539206514,0.0193640411005888,0.1804558210350596,0.3880138363395047,1.104462417392737,0.0154716811216984,0.0213905134345526,0.0059188323128542
1.0,421,2Hz,Semantic proxy,4,6.0,8.0,0.3688885631440128,0.0230961580472254,0.1804558210350596,0.3880138363395047,1.104462417392737,0.0154716811216984,0.0213905134345526,0.0059188323128542
1.0,421,2Hz,Semantic proxy,5,8.0,10.0,0.4469512218569029,0.0247277217621948,0.1804558210350596,0.3880138363395047,1.104462417392737,0.0154716811216984,0.0213905134345526,0.0059188323128542
1.0,421,2Hz,Episodic proxy,1,0.0,2.0,0.0247939473896721,0.0015094822416052,0.0473383476952838,0.2447886379911457,2.370455340022216,0.038900128180157,0.0619815222857362,0.0230813941055791
1.0,421,2Hz,Episodic proxy,2,2.0,4.0,0.0448013220589553,0.001703616106292,0.0473383476952838,0.2447886379911457,2.370455340022216,0.038900128180157,0.0619815222857362,0.0230813941055791
1.0,421,2Hz,Episodic proxy,3,4.0,6.0,0.1342694613674172,0.003607229334513,0.0473383476952838,0.2447886379911457,2.370455340022216,0.038900128180157,0.0619815222857362,0.0230813941055791
1.0,421,2Hz,Episodic proxy,4,6.0,8.0,0.243912122637788,0.0040331339190629,0.0473383476952838,0.2447886379911457,2.370455340022216,0.038900128180157,0.0619815222857362,0.0230813941055791
1.0,421,2Hz,Episodic proxy,5,8.0,10.0,0.2729409437811383,0.007972867250397,0.0473383476952838,0.2447886379911457,2.370455340022216,0.038900128180157,0.0619815222857362,0.0230813941055791
1.0,421,5Hz,Semantic proxy,1,0.0,2.0,0.0811799238314538,0.0071422955636532,0.1220446224875273,0.2824757634423571,1.210718360203331,0.0038860906882156,0.0309324852851972,0.0270463945969815
1.0,421,5Hz,Semantic proxy,2,2.0,4.0,0.1276594939882245,0.0122435783144749,0.1220446224875273,0.2824757634423571,1.210718360203331,0.0038860906882156,0.0309324852851972,0.0270463945969815
1.0,421,5Hz,Semantic proxy,3,4.0,6.0,0.1895411177127283,0.0166245506123658,0.1220446224875273,0.2824757634423571,1.210718360203331,0.0038860906882156,0.0309324852851972,0.0270463945969815
1.0,421,5Hz,Semantic proxy,4,6.0,8.0,0.2532488904491091,0.0234260121328876,0.1220446224875273,0.2824757634423571,1.210718360203331,0.0038860906882156,0.0309324852851972,0.0270463945969815
1.0,421,5Hz,Semantic proxy,5,8.0,10.0,0.3360300537622873,0.0248966741670426,0.1220446224875273,0.2824757634423571,1.210718360203331,0.0038860906882156,0.0309324852851972,0.0270463945969815
1.0,421,5Hz,Episodic proxy,1,0.0,2.0,0.0187156076058536,0.0013751306004465,0.0418262774502459,0.2625688243385658,2.6502141218968003,0.0575034260446811,0.056042580346759,0.001460845697922
1.0,421,5Hz,Episodic proxy,2,2.0,4.0,0.0425307800689287,0.0017977340955427,0.0418262774502459,0.2625688243385658,2.6502141218968003,0.0575034260446811,0.056042580346759,0.001460845697922
1.0,421,5Hz,Episodic proxy,3,4.0,6.0,0.120692279995051,0.0045977462488351,0.0418262774502459,0.2625688243385658,2.6502141218968003,0.0575034260446811,0.056042580346759,0.001460845697922
1.0,421,5Hz,Episodic proxy,4,6.0,8.0,0.2506265641416904,0.0058969341191026,0.0418262774502459,0.2625688243385658,2.6502141218968003,0.0575034260446811,0.056042580346759,0.001460845697922
1.0,421,5Hz,Episodic proxy,5,8.0,10.0,0.2756293682324472,0.0084197372440326,0.0418262774502459,0.2625688243385658,2.6502141218968003,0.0575034260446811,0.056042580346759,0.001460845697922
1.0,461,2Hz,Semantic proxy,1,0.0,2.0,0.1195411026443429,0.0054846892810441,0.1753113732112941,0.3213226411537989,0.8741030470622967,0.0204338340487944,0.0146072464354996,0.0058265876132948
1.0,461,2Hz,Semantic proxy,2,2.0,4.0,0.1890353169841545,0.0074709796525539,0.1753113732112941,0.3213226411537989,0.8741030470622967,0.0204338340487944,0.0146072464354996,0.0058265876132948
1.0,461,2Hz,Semantic proxy,3,4.0,6.0,0.2544375065207512,0.0162654397675523,0.1753113732112941,0.3213226411537989,0.8741030470622967,0.0204338340487944,0.0146072464354996,0.0058265876132948
1.0,461,2Hz,Semantic proxy,4,6.0,8.0,0.3256380390254692,0.018442135971687,0.1753113732112941,0.3213226411537989,0.8741030470622967,0.0204338340487944,0.0146072464354996,0.0058265876132948
1.0,461,2Hz,Semantic proxy,5,8.0,10.0,0.3446400881800858,0.0235968120574951,0.1753113732112941,0.3213226411537989,0.8741030470622967,0.0204338340487944,0.0146072464354996,0.0058265876132948
1.0,461,2Hz,Episodic proxy,1,0.0,2.0,0.0270566041814766,0.0016134513828105,0.0569160373962104,0.145008819235348,1.349233518345775,0.0373590951400239,0.0206642648093422,0.0166948303306816
1.0,461,2Hz,Episodic proxy,2,2.0,4.0,0.0605664761481953,0.0018338214075199,0.0569160373962104,0.145008819235348,1.349233518345775,0.0373590951400239,0.0206642648093422,0.0166948303306816
1.0,461,2Hz,Episodic proxy,3,4.0,6.0,0.089538939077336,0.002887350675825,0.0569160373962104,0.145008819235348,1.349233518345775,0.0373590951400239,0.0206642648093422,0.0166948303306816
1.0,461,2Hz,Episodic proxy,4,6.0,8.0,0.1252057569594996,0.0030334889300729,0.0569160373962104,0.145008819235348,1.349233518345775,0.0373590951400239,0.0206642648093422,0.0166948303306816
1.0,461,2Hz,Episodic proxy,5,8.0,10.0,0.1822955732861933,0.0039593248735531,0.0569160373962104,0.145008819235348,1.349233518345775,0.0373590951400239,0.0206642648093422,0.0166948303306816
1.0,461,5Hz,Semantic proxy,1,0.0,2.0,0.0815702224907728,0.0069793454106799,0.1223133101951582,0.2282827527001948,0.9002404574717551,-0.0089971544470743,0.0510420029349739,0.0600391573820483
1.0,461,5Hz,Semantic proxy,2,2.0,4.0,0.1306316153948282,0.0126542443276598,0.1223133101951582,0.2282827527001948,0.9002404574717551,-0.0089971544470743,0.0510420029349739,0.0600391573820483
1.0,461,5Hz,Semantic proxy,3,4.0,6.0,0.1769179123635559,0.0145449047967514,0.1223133101951582,0.2282827527001948,0.9002404574717551,-0.0089971544470743,0.0510420029349739,0.0600391573820483
1.0,461,5Hz,Semantic proxy,4,6.0,8.0,0.2275174621456382,0.0211876186795415,0.1223133101951582,0.2282827527001948,0.9002404574717551,-0.0089971544470743,0.0510420029349739,0.0600391573820483
1.0,461,5Hz,Semantic proxy,5,8.0,10.0,0.2411229691661562,0.0315124566620175,0.1223133101951582,0.2282827527001948,0.9002404574717551,-0.0089971544470743,0.0510420029349739,0.0600391573820483
1.0,461,5Hz,Episodic proxy,1,0.0,2.0,0.0141689265825427,0.0012617467172617,0.0324106432917512,0.1005240910821517,1.6330017307500335,0.0361343112525435,0.0801302171168402,0.0439959058642966
1.0,461,5Hz,Episodic proxy,2,2.0,4.0,0.033373626549283,0.001541524249414,0.0324106432917512,0.1005240910821517,1.6330017307500335,0.0361343112525435,0.0801302171168402,0.0439959058642966
1.0,461,5Hz,Episodic proxy,3,4.0,6.0,0.0573035442596678,0.0021979970299203,0.0324106432917512,0.1005240910821517,1.6330017307500335,0.0361343112525435,0.0801302171168402,0.0439959058642966
1.0,461,5Hz,Episodic proxy,4,6.0,8.0,0.0883113778857587,0.0034766068947332,0.0324106432917512,0.1005240910821517,1.6330017307500335,0.0361343112525435,0.0801302171168402,0.0439959058642966
1.0,461,5Hz,Episodic proxy,5,8.0,10.0,0.1234279909783826,0.0062161034357349,0.0324106432917512,0.1005240910821517,1.6330017307500335,0.0361343112525435,0.0801302171168402,0.0439959058642966
1.0,503,2Hz,Semantic proxy,1,0.0,2.0,0.1258911760263215,0.0057455386911186,0.1784140279891087,0.3275155775206642,0.8763344736128341,0.022917125921685,0.0102431794260129,0.0126739464956721
1.0,503,2Hz,Semantic proxy,2,2.0,4.0,0.1952765250283364,0.0078378927612818,0.1784140279891087,0.3275155775206642,0.8763344736128341,0.022917125921685,0.0102431794260129,0.0126739464956721
1.0,503,2Hz,Semantic proxy,3,4.0,6.0,0.2480112289481092,0.0174940441164998,0.1784140279891087,0.3275155775206642,0.8763344736128341,0.022917125921685,0.0102431794260129,0.0126739464956721
1.0,503,2Hz,Semantic proxy,4,6.0,8.0,0.3041694545943925,0.0189428771891098,0.1784140279891087,0.3275155775206642,0.8763344736128341,0.022917125921685,0.0102431794260129,0.0126739464956721
1.0,503,2Hz,Semantic proxy,5,8.0,10.0,0.3844501410209952,0.0224960974677093,0.1784140279891087,0.3275155775206642,0.8763344736128341,0.022917125921685,0.0102431794260129,0.0126739464956721
1.0,503,2Hz,Episodic proxy,1,0.0,2.0,0.024855047579232,0.0015187333117901,0.0371474659568773,0.085685261941485,1.2057832793095329,0.0570184547837427,0.023696698289445,0.0333217564942977
1.0,503,2Hz,Episodic proxy,2,2.0,4.0,0.0408675152873909,0.0017623863524611,0.0371474659568773,0.085685261941485,1.2057832793095329,0.0570184547837427,0.023696698289445,0.0333217564942977
1.0,503,2Hz,Episodic proxy,3,4.0,6.0,0.0480322568882309,0.0022973857022631,0.0371474659568773,0.085685261941485,1.2057832793095329,0.0570184547837427,0.023696698289445,0.0333217564942977
1.0,503,2Hz,Episodic proxy,4,6.0,8.0,0.0635570435376629,0.0029196622380447,0.0371474659568773,0.085685261941485,1.2057832793095329,0.0570184547837427,0.023696698289445,0.0333217564942977
1.0,503,2Hz,Episodic proxy,5,8.0,10.0,0.1108184577532939,0.0033245234485432,0.0371474659568773,0.085685261941485,1.2057832793095329,0.0570184547837427,0.023696698289445,0.0333217564942977
1.0,503,5Hz,Semantic proxy,1,0.0,2.0,0.0891623577316071,0.0083539177769889,0.1283437487712871,0.2414625853209006,0.9117866320816576,0.0079403083792147,0.0146458278988205,0.0067055195196058
1.0,503,5Hz,Semantic proxy,2,2.0,4.0,0.1382073194249853,0.0131655530169456,0.1283437487712871,0.2414625853209006,0.9117866320816576,0.0079403083792147,0.0146458278988205,0.0067055195196058
1.0,503,5Hz,Semantic proxy,3,4.0,6.0,0.1784393976540463,0.0166694550548395,0.1283437487712871,0.2414625853209006,0.9117866320816576,0.0079403083792147,0.0146458278988205,0.0067055195196058
1.0,503,5Hz,Semantic proxy,4,6.0,8.0,0.2261958833430552,0.0216349801664084,0.1283437487712871,0.2414625853209006,0.9117866320816576,0.0079403083792147,0.0146458278988205,0.0067055195196058
1.0,503,5Hz,Semantic proxy,5,8.0,10.0,0.2754176975332876,0.0211236881082675,0.1283437487712871,0.2414625853209006,0.9117866320816576,0.0079403083792147,0.0146458278988205,0.0067055195196058
1.0,503,5Hz,Episodic proxy,1,0.0,2.0,0.0168895076864244,0.0013719002334241,0.0317497098129279,0.081077940843009,1.352566042826759,0.0773885415056067,0.0383428318006573,0.0390457097049494
1.0,503,5Hz,Episodic proxy,2,2.0,4.0,0.0342950651107659,0.0017354326333588,0.0317497098129279,0.081077940843009,1.352566042826759,0.0773885415056067,0.0383428318006573,0.0390457097049494
1.0,503,5Hz,Episodic proxy,3,4.0,6.0,0.0436165522106475,0.0024290056072943,0.0317497098129279,0.081077940843009,1.352566042826759,0.0773885415056067,0.0383428318006573,0.0390457097049494
1.0,503,5Hz,Episodic proxy,4,6.0,8.0,0.0604557597043782,0.002468271483343,0.0317497098129279,0.081077940843009,1.352566042826759,0.0773885415056067,0.0383428318006573,0.0390457097049494
1.0,503,5Hz,Episodic proxy,5,8.0,10.0,0.1046434127509355,0.0038423488615533,0.0317497098129279,0.081077940843009,1.352566042826759,0.0773885415056067,0.0383428318006573,0.0390457097049494
